week_start	sub-Azalea/sub-Azalea_ses-20190129_behavior.nwb	sub-Azalea/sub-Azalea_ses-20190309_behavior.nwb	sub-Barbara/sub-Barbara_ses-20190429_behavior.nwb	sub-Barbara/sub-Barbara_ses-20190430_behavior.nwb	sub-Barbara/sub-Barbara_ses-20190502_behavior.nwb	sub-Barbara/sub-Barbara_ses-20190504_behavior.nwb	sub-Barbara/sub-Barbara_ses-20190505_behavior.nwb	sub-Barbara/sub-Barbara_ses-20190506_behavior.nwb	sub-Barbara/sub-Barbara_ses-20190508_behavior.nwb	sub-Barbara/sub-Barbara_ses-20190509_behavior.nwb	sub-Barbara/sub-Barbara_ses-20190511_behavior.nwb	sub-Barbara/sub-Barbara_ses-20190521_behavior.nwb	sub-Barbara/sub-Barbara_ses-20190522_behavior.nwb	sub-Barbara/sub-Barbara_ses-20190526_behavior.nwb	sub-Barbara/sub-Barbara_ses-20190602_behavior.nwb	sub-Barbara/sub-Barbara_ses-20190603_behavior.nwb	sub-Barbara/sub-Barbara_ses-20190605_behavior.nwb	sub-Barbara/sub-Barbara_ses-20190610_behavior.nwb	sub-Barbara/sub-Barbara_ses-20190611_behavior.nwb	sub-Barbara/sub-Barbara_ses-20190616_behavior.nwb	sub-Barbara/sub-Barbara_ses-20190617_behavior.nwb	sub-Barbara/sub-Barbara_ses-20190618_behavior.nwb	sub-Barbara/sub-Barbara_ses-20190622_behavior.nwb	sub-Camelia/sub-Camelia_ses-20190116_behavior.nwb	sub-Camelia/sub-Camelia_ses-20190212_behavior.nwb	sub-Carnation/sub-Carnation_ses-20190513_behavior.nwb	sub-Carnation/sub-Carnation_ses-20190522_behavior.nwb	sub-Carnation/sub-Carnation_ses-20190523_behavior.nwb	sub-Case/sub-Case_ses-20191109_obj-1aomdb1_behavior.nwb	sub-Case/sub-Case_ses-20191109_obj-1dpu7bd_behavior.nwb	sub-Case/sub-Case_ses-20191109_obj-1dv1ats_behavior.nwb	sub-Case/sub-Case_ses-20191109_obj-1i1uw8w_behavior.nwb	sub-Case/sub-Case_ses-20191109_obj-1kyfp8i_behavior.nwb	sub-Case/sub-Case_ses-20191109_obj-1q111zj_behavior.nwb	sub-Case/sub-Case_ses-20191109_obj-36x5vd_behavior.nwb	sub-Case/sub-Case_ses-20191109_obj-era7g6_behavior.nwb	sub-Case/sub-Case_ses-20191109_obj-f2uuz3_behavior.nwb	sub-Case/sub-Case_ses-20191109_obj-hjz9ec_behavior.nwb	sub-Case/sub-Case_ses-20191110_behavior.nwb	sub-Crocus/sub-Crocus_ses-20190129_behavior.nwb	sub-Crocus/sub-Crocus_ses-20190208_behavior.nwb	sub-Daisy/sub-Daisy_ses-20190425_behavior.nwb	sub-Daisy/sub-Daisy_ses-20190426_behavior.nwb	sub-Daisy/sub-Daisy_ses-20190430_behavior.nwb	sub-Daisy/sub-Daisy_ses-20190501_behavior.nwb	sub-Daisy/sub-Daisy_ses-20190502_behavior.nwb	sub-Daisy/sub-Daisy_ses-20190506_behavior.nwb	sub-Daisy/sub-Daisy_ses-20190508_behavior.nwb	sub-Daisy/sub-Daisy_ses-20190509_behavior.nwb	sub-Daisy/sub-Daisy_ses-20190510_behavior.nwb	sub-Daisy/sub-Daisy_ses-20190513_behavior.nwb	sub-Daisy/sub-Daisy_ses-20190520_behavior.nwb	sub-Daisy/sub-Daisy_ses-20190521_behavior.nwb	sub-Daisy/sub-Daisy_ses-20190523_behavior.nwb	sub-Daisy/sub-Daisy_ses-20190607_behavior.nwb	sub-Dorian/sub-Dorian_ses-20191109_obj-12dm2u_behavior.nwb	sub-Dorian/sub-Dorian_ses-20191109_obj-16rr0l0_behavior.nwb	sub-Dorian/sub-Dorian_ses-20191109_obj-17yzwwn_behavior.nwb	sub-Dorian/sub-Dorian_ses-20191109_obj-1ntvct9_behavior.nwb	sub-Dorian/sub-Dorian_ses-20191109_obj-1xk9h3b_behavior.nwb	sub-Dorian/sub-Dorian_ses-20191109_obj-f59zci_behavior.nwb	sub-Dorian/sub-Dorian_ses-20191109_obj-hka0xx_behavior.nwb	sub-Dorian/sub-Dorian_ses-20191109_obj-uf981b_behavior.nwb	sub-Dorian/sub-Dorian_ses-20191109_obj-w7epam_behavior.nwb	sub-Dorian/sub-Dorian_ses-20191109_obj-y2g78n_behavior.nwb	sub-Dorian/sub-Dorian_ses-20191110_obj-12jluf8_behavior.nwb	sub-Dorian/sub-Dorian_ses-20191110_obj-15kpiha_behavior.nwb	sub-Dorian/sub-Dorian_ses-20191110_obj-1881hs0_behavior.nwb	sub-Dorian/sub-Dorian_ses-20191110_obj-1dyh51t_behavior.nwb	sub-Dorian/sub-Dorian_ses-20191110_obj-1movwlw_behavior.nwb	sub-Dorian/sub-Dorian_ses-20191110_obj-1tlodz7_behavior.nwb	sub-Dorian/sub-Dorian_ses-20191110_obj-1uu082k_behavior.nwb	sub-Dorian/sub-Dorian_ses-20191110_obj-1x4pq7u_behavior.nwb	sub-Dorian/sub-Dorian_ses-20191110_obj-6dlz2s_behavior.nwb	sub-Dorian/sub-Dorian_ses-20191110_obj-b2zojj_behavior.nwb	sub-Dorian/sub-Dorian_ses-20191110_obj-dultb0_behavior.nwb	sub-Dorian/sub-Dorian_ses-20191110_obj-eu13rc_behavior.nwb	sub-Dorian/sub-Dorian_ses-20191110_obj-h79p31_behavior.nwb	sub-Dorian/sub-Dorian_ses-20191110_obj-mf6bio_behavior.nwb	sub-Dorian/sub-Dorian_ses-20191110_obj-milwb3_behavior.nwb	sub-Dorian/sub-Dorian_ses-20191110_obj-uldp4f_behavior.nwb	sub-Dorian/sub-Dorian_ses-20191110_obj-vacba1_behavior.nwb	sub-Dorian/sub-Dorian_ses-20191111_obj-1e7otef_behavior.nwb	sub-Dorian/sub-Dorian_ses-20191111_obj-1ezfuhs_behavior.nwb	sub-Dorian/sub-Dorian_ses-20191111_obj-1uxws40_behavior.nwb	sub-Dorian/sub-Dorian_ses-20191111_obj-jvrr1t_behavior.nwb	sub-Dorian/sub-Dorian_ses-20191111_obj-tpxaw8_behavior.nwb	sub-Dorian/sub-Dorian_ses-20191111_obj-ybom15_behavior.nwb	sub-Ella/sub-Ella_ses-20190102_behavior.nwb	sub-Ella/sub-Ella_ses-20190108_behavior.nwb	sub-Ella/sub-Ella_ses-20190113_behavior.nwb	sub-Ella/sub-Ella_ses-20190115_behavior.nwb	sub-Ella/sub-Ella_ses-20190127_behavior.nwb	sub-Ella/sub-Ella_ses-20190131_behavior.nwb	sub-Ella/sub-Ella_ses-20190402_behavior.nwb	sub-Ella/sub-Ella_ses-20190406_behavior.nwb	sub-Ella/sub-Ella_ses-20190408_behavior.nwb	sub-Ella/sub-Ella_ses-20190409_behavior.nwb	sub-Ella/sub-Ella_ses-20190413_behavior.nwb	sub-Ella/sub-Ella_ses-20190414_behavior.nwb	sub-Ella/sub-Ella_ses-20190416_behavior.nwb	sub-Ella/sub-Ella_ses-20191029_behavior.nwb	sub-Ella/sub-Ella_ses-20191030_behavior.nwb	sub-Ella/sub-Ella_ses-20191103_behavior.nwb	sub-Ella/sub-Ella_ses-20191104_behavior.nwb	sub-Ella/sub-Ella_ses-20191105_behavior.nwb	sub-Ella/sub-Ella_ses-20191110_behavior.nwb	sub-Ella/sub-Ella_ses-20191111_behavior.nwb	sub-Ella/sub-Ella_ses-20191204_behavior.nwb	sub-Ella/sub-Ella_ses-20191216_behavior.nwb	sub-Ella/sub-Ella_ses-20191218_behavior.nwb	sub-Flip/sub-Flip_ses-20190729_behavior.nwb	sub-Flip/sub-Flip_ses-20190731_behavior.nwb	sub-Flip/sub-Flip_ses-20190802_behavior.nwb	sub-Flip/sub-Flip_ses-20190805_behavior.nwb	sub-Flip/sub-Flip_ses-20190807_behavior.nwb	sub-Flip/sub-Flip_ses-20190808_behavior.nwb	sub-Flip/sub-Flip_ses-20190812_behavior.nwb	sub-Flip/sub-Flip_ses-20190816_behavior.nwb	sub-Flip/sub-Flip_ses-20191001_behavior.nwb	sub-Flip/sub-Flip_ses-20191114_behavior.nwb	sub-Flip/sub-Flip_ses-20191119_behavior.nwb	sub-Flip/sub-Flip_ses-20191121_behavior.nwb	sub-Flip/sub-Flip_ses-20191210_behavior.nwb	sub-Ford Prefect/sub-Ford Prefect_ses-20191109_obj-19xv3kg_behavior.nwb	sub-Ford Prefect/sub-Ford Prefect_ses-20191109_obj-1rmqzh5_behavior.nwb	sub-Ford Prefect/sub-Ford Prefect_ses-20191109_obj-1vza59r_behavior.nwb	sub-Ford Prefect/sub-Ford Prefect_ses-20191110_obj-13r0o84_behavior.nwb	sub-Ford Prefect/sub-Ford Prefect_ses-20191110_obj-15gsah4_behavior.nwb	sub-Ford Prefect/sub-Ford Prefect_ses-20191110_obj-16hvwd0_behavior.nwb	sub-Ford Prefect/sub-Ford Prefect_ses-20191110_obj-1cmult0_behavior.nwb	sub-Ford Prefect/sub-Ford Prefect_ses-20191110_obj-1fbh4v5_behavior.nwb	sub-Ford Prefect/sub-Ford Prefect_ses-20191110_obj-1flyl8s_behavior.nwb	sub-Ford Prefect/sub-Ford Prefect_ses-20191110_obj-1ifr11m_behavior.nwb	sub-Ford Prefect/sub-Ford Prefect_ses-20191110_obj-1k8u0ds_behavior.nwb	sub-Ford Prefect/sub-Ford Prefect_ses-20191110_obj-1si63m5_behavior.nwb	sub-Ford Prefect/sub-Ford Prefect_ses-20191110_obj-2w6gp1_behavior.nwb	sub-Ford Prefect/sub-Ford Prefect_ses-20191110_obj-81sba0_behavior.nwb	sub-Ford Prefect/sub-Ford Prefect_ses-20191110_obj-ba40cy_behavior.nwb	sub-Ford Prefect/sub-Ford Prefect_ses-20191110_obj-dvgse4_behavior.nwb	sub-Ford Prefect/sub-Ford Prefect_ses-20191110_obj-frelsg_behavior.nwb	sub-Ford Prefect/sub-Ford Prefect_ses-20191110_obj-ha3lm_behavior.nwb	sub-Ford Prefect/sub-Ford Prefect_ses-20191111_obj-1ctc47_behavior.nwb	sub-Ford Prefect/sub-Ford Prefect_ses-20191111_obj-1e3goyb_behavior.nwb	sub-Ford Prefect/sub-Ford Prefect_ses-20191111_obj-1or8t74_behavior.nwb	sub-Ford Prefect/sub-Ford Prefect_ses-20191111_obj-1uw0l66_behavior.nwb	sub-Ford Prefect/sub-Ford Prefect_ses-20191111_obj-2uhsu2_behavior.nwb	sub-Ford Prefect/sub-Ford Prefect_ses-20191111_obj-52mlk3_behavior.nwb	sub-Ford Prefect/sub-Ford Prefect_ses-20191111_obj-a6wdqr_behavior.nwb	sub-Ford Prefect/sub-Ford Prefect_ses-20191111_obj-b0u587_behavior.nwb	sub-Ford Prefect/sub-Ford Prefect_ses-20191111_obj-dhzouj_behavior.nwb	sub-Ford Prefect/sub-Ford Prefect_ses-20191111_obj-gyem6r_behavior.nwb	sub-Ford Prefect/sub-Ford Prefect_ses-20191111_obj-mr03fe_behavior.nwb	sub-Fuschia/sub-Fuschia_ses-20190426_behavior.nwb	sub-Fuschia/sub-Fuschia_ses-20190430_behavior.nwb	sub-Fuschia/sub-Fuschia_ses-20190520_behavior.nwb	sub-Fuschia/sub-Fuschia_ses-20190523_behavior.nwb	sub-James/sub-James_ses-20191108_obj-110a7rm_behavior.nwb	sub-James/sub-James_ses-20191108_obj-11bx9ei_behavior.nwb	sub-James/sub-James_ses-20191108_obj-1979bv1_behavior.nwb	sub-James/sub-James_ses-20191108_obj-1bmphfb_behavior.nwb	sub-James/sub-James_ses-20191108_obj-1e7amix_behavior.nwb	sub-James/sub-James_ses-20191108_obj-1er4sb0_behavior.nwb	sub-James/sub-James_ses-20191108_obj-1oyr2x3_behavior.nwb	sub-James/sub-James_ses-20191108_obj-3hb5ph_behavior.nwb	sub-James/sub-James_ses-20191108_obj-cn48m9_behavior.nwb	sub-James/sub-James_ses-20191108_obj-d6v96a_behavior.nwb	sub-James/sub-James_ses-20191108_obj-hlgdvi_behavior.nwb	sub-James/sub-James_ses-20191108_obj-ob0ern_behavior.nwb	sub-James/sub-James_ses-20191108_obj-xgb5n6_behavior.nwb	sub-Japie/sub-Japie_ses-20191105_obj-14w5des_behavior.nwb	sub-Japie/sub-Japie_ses-20191105_obj-1hn5a0m_behavior.nwb	sub-Japie/sub-Japie_ses-20191105_obj-1u8zdtu_behavior.nwb	sub-Japie/sub-Japie_ses-20191105_obj-hti04r_behavior.nwb	sub-Japie/sub-Japie_ses-20191105_obj-mfmqki_behavior.nwb	sub-Japie/sub-Japie_ses-20191105_obj-po5cf2_behavior.nwb	sub-Japie/sub-Japie_ses-20191105_obj-xsysy4_behavior.nwb	sub-Japie/sub-Japie_ses-20191106_obj-10q3av5_behavior.nwb	sub-Japie/sub-Japie_ses-20191106_obj-1h2cuhd_behavior.nwb	sub-Japie/sub-Japie_ses-20191106_obj-1l7l8h1_behavior.nwb	sub-Japie/sub-Japie_ses-20191106_obj-8i433p_behavior.nwb	sub-Japie/sub-Japie_ses-20191106_obj-b9nhq6_behavior.nwb	sub-Japie/sub-Japie_ses-20191106_obj-nw4jzh_behavior.nwb	sub-Japie/sub-Japie_ses-20191106_obj-vsm8dg_behavior.nwb	sub-Jasmine/sub-Jasmine_ses-20190501_behavior.nwb	sub-Jasmine/sub-Jasmine_ses-20190502_behavior.nwb	sub-Jasmine/sub-Jasmine_ses-20190503_behavior.nwb	sub-Jasmine/sub-Jasmine_ses-20190509_behavior.nwb	sub-Jasmine/sub-Jasmine_ses-20190512_behavior.nwb	sub-Lukas/sub-Lukas_ses-20191108_obj-137muql_behavior.nwb	sub-Lukas/sub-Lukas_ses-20191108_obj-15j7dsr_behavior.nwb	sub-Lukas/sub-Lukas_ses-20191108_obj-17es8m7_behavior.nwb	sub-Lukas/sub-Lukas_ses-20191108_obj-1x9g7b7_behavior.nwb	sub-Lukas/sub-Lukas_ses-20191108_obj-8zg1mc_behavior.nwb	sub-Lukas/sub-Lukas_ses-20191108_obj-e5ccjb_behavior.nwb	sub-Lukas/sub-Lukas_ses-20191108_obj-k9oaaj_behavior.nwb	sub-Lukas/sub-Lukas_ses-20191108_obj-rbko59_behavior.nwb	sub-Lukas/sub-Lukas_ses-20191109_obj-1b6fd8_behavior.nwb	sub-Lukas/sub-Lukas_ses-20191109_obj-1r2ait2_behavior.nwb	sub-Lukas/sub-Lukas_ses-20191109_obj-1s5f4jj_behavior.nwb	sub-Lukas/sub-Lukas_ses-20191109_obj-mursqf_behavior.nwb	sub-Lukas/sub-Lukas_ses-20191109_obj-tnt4dg_behavior.nwb	sub-Lukas/sub-Lukas_ses-20191109_obj-tv693m_behavior.nwb	sub-Lupine/sub-Lupine_ses-20190125_behavior.nwb	sub-Magnolia/sub-Magnolia_ses-20190119_behavior.nwb	sub-Magnolia/sub-Magnolia_ses-20190201_behavior.nwb	sub-Magnolia/sub-Magnolia_ses-20190202_behavior.nwb	sub-Magnolia/sub-Magnolia_ses-20190212_behavior.nwb	sub-Orchid/sub-Orchid_ses-20190424_behavior.nwb	sub-Orchid/sub-Orchid_ses-20190425_behavior.nwb	sub-Orchid/sub-Orchid_ses-20190430_behavior.nwb	sub-Orchid/sub-Orchid_ses-20190501_behavior.nwb	sub-Orchid/sub-Orchid_ses-20190502_behavior.nwb	sub-Orchid/sub-Orchid_ses-20190503_behavior.nwb	sub-Orchid/sub-Orchid_ses-20190506_behavior.nwb	sub-Orchid/sub-Orchid_ses-20190508_behavior.nwb	sub-Orchid/sub-Orchid_ses-20190509_behavior.nwb	sub-Orchid/sub-Orchid_ses-20190512_behavior.nwb	sub-Orchid/sub-Orchid_ses-20190513_behavior.nwb	sub-Orchid/sub-Orchid_ses-20190520_behavior.nwb	sub-Orchid/sub-Orchid_ses-20190521_behavior.nwb	sub-Pinky/sub-Pinky_ses-20191105_obj-179zicd_behavior.nwb	sub-Pinky/sub-Pinky_ses-20191105_obj-188dil4_behavior.nwb	sub-Pinky/sub-Pinky_ses-20191105_obj-1jopius_behavior.nwb	sub-Pinky/sub-Pinky_ses-20191105_obj-1t01o0s_behavior.nwb	sub-Pinky/sub-Pinky_ses-20191105_obj-8wln54_behavior.nwb	sub-Pinky/sub-Pinky_ses-20191105_obj-zy8lxj_behavior.nwb	sub-Pinky/sub-Pinky_ses-20191106_obj-12n9rrr_behavior.nwb	sub-Pinky/sub-Pinky_ses-20191106_obj-197rrax_behavior.nwb	sub-Pinky/sub-Pinky_ses-20191106_obj-1oc12ov_behavior.nwb	sub-Pinky/sub-Pinky_ses-20191106_obj-1qmd5w7_behavior.nwb	sub-Pinky/sub-Pinky_ses-20191106_obj-87nvnm_behavior.nwb	sub-Pinky/sub-Pinky_ses-20191106_obj-98sunb_behavior.nwb	sub-Pinky/sub-Pinky_ses-20191106_obj-luu3aw_behavior.nwb	sub-Pinky/sub-Pinky_ses-20191106_obj-xjieli_behavior.nwb	sub-Rascal/sub-Rascal_ses-20190531_behavior.nwb	sub-Rascal/sub-Rascal_ses-20190604_behavior.nwb	sub-Rascal/sub-Rascal_ses-20190605_behavior.nwb	sub-Rascal/sub-Rascal_ses-20190611_behavior.nwb	sub-Rascal/sub-Rascal_ses-20190612_behavior.nwb	sub-Rascal/sub-Rascal_ses-20190613_behavior.nwb	sub-Rascal/sub-Rascal_ses-20190614_behavior.nwb	sub-Rascal/sub-Rascal_ses-20190617_behavior.nwb	sub-Rascal/sub-Rascal_ses-20190618_behavior.nwb	sub-Rascal/sub-Rascal_ses-20190619_behavior.nwb	sub-Rascal/sub-Rascal_ses-20190624_behavior.nwb	sub-Rascal/sub-Rascal_ses-20190625_behavior.nwb	sub-Rascal/sub-Rascal_ses-20190626_behavior.nwb	sub-Rascal/sub-Rascal_ses-20190628_behavior.nwb	sub-Rascal/sub-Rascal_ses-20190701_behavior.nwb	sub-Rascal/sub-Rascal_ses-20190708_behavior.nwb	sub-Rascal/sub-Rascal_ses-20190710_behavior.nwb	sub-Rascal/sub-Rascal_ses-20190711_behavior.nwb	sub-Rascal/sub-Rascal_ses-20190712_behavior.nwb	sub-Rascal/sub-Rascal_ses-20190716_behavior.nwb	sub-Rascal/sub-Rascal_ses-20190802_behavior.nwb	sub-Rascal/sub-Rascal_ses-20190805_behavior.nwb	sub-Reeves/sub-Reeves_ses-20190715_behavior.nwb	sub-Reeves/sub-Reeves_ses-20190716_behavior.nwb	sub-Reeves/sub-Reeves_ses-20190717_behavior.nwb	sub-Reeves/sub-Reeves_ses-20190718_behavior.nwb	sub-Reeves/sub-Reeves_ses-20190721_behavior.nwb	sub-Reeves/sub-Reeves_ses-20190722_behavior.nwb	sub-Reeves/sub-Reeves_ses-20190723_behavior.nwb	sub-Reeves/sub-Reeves_ses-20190724_behavior.nwb	sub-Reeves/sub-Reeves_ses-20190725_behavior.nwb	sub-Reeves/sub-Reeves_ses-20190729_behavior.nwb	sub-Reeves/sub-Reeves_ses-20190730_behavior.nwb	sub-Reeves/sub-Reeves_ses-20190804_behavior.nwb	sub-Reeves/sub-Reeves_ses-20190805_behavior.nwb	sub-Reeves/sub-Reeves_ses-20190806_behavior.nwb	sub-Reeves/sub-Reeves_ses-20190807_behavior.nwb	sub-Reeves/sub-Reeves_ses-20190811_behavior.nwb	sub-Reeves/sub-Reeves_ses-20190813_behavior.nwb	sub-Reeves/sub-Reeves_ses-20190819_behavior.nwb	sub-Reeves/sub-Reeves_ses-20190820_behavior.nwb	sub-Reeves/sub-Reeves_ses-20190828_behavior.nwb	sub-Reeves/sub-Reeves_ses-20190925_behavior.nwb	sub-Reeves/sub-Reeves_ses-20190930_behavior.nwb	sub-Ringo/sub-Ringo_ses-20190729_behavior.nwb	sub-Ringo/sub-Ringo_ses-20190731_behavior.nwb	sub-Ringo/sub-Ringo_ses-20190803_behavior.nwb	sub-Ringo/sub-Ringo_ses-20190804_behavior.nwb	sub-Ringo/sub-Ringo_ses-20190806_behavior.nwb	sub-Ringo/sub-Ringo_ses-20190807_behavior.nwb	sub-Ringo/sub-Ringo_ses-20190810_behavior.nwb	sub-Ringo/sub-Ringo_ses-20190811_behavior.nwb	sub-Ringo/sub-Ringo_ses-20190812_behavior.nwb	sub-Ringo/sub-Ringo_ses-20190813_behavior.nwb	sub-Ringo/sub-Ringo_ses-20190814_behavior.nwb	sub-Rose/sub-Rose_ses-20190424_behavior.nwb	sub-Rose/sub-Rose_ses-20190425_behavior.nwb	sub-Rose/sub-Rose_ses-20190426_behavior.nwb	sub-Rose/sub-Rose_ses-20190430_behavior.nwb	sub-Rose/sub-Rose_ses-20190501_behavior.nwb	sub-Rose/sub-Rose_ses-20190502_behavior.nwb	sub-Snoopy/sub-Snoopy_ses-20190307_behavior.nwb	sub-Snoopy/sub-Snoopy_ses-20190308_behavior.nwb	sub-Snoopy/sub-Snoopy_ses-20190312_behavior.nwb	sub-Snoopy/sub-Snoopy_ses-20190313_behavior.nwb	sub-Snoopy/sub-Snoopy_ses-20190321_behavior.nwb	sub-Snoopy/sub-Snoopy_ses-20190327_behavior.nwb	sub-Snoopy/sub-Snoopy_ses-20190408_behavior.nwb	sub-Snoopy/sub-Snoopy_ses-20190411_behavior.nwb	sub-Snoopy/sub-Snoopy_ses-20190412_behavior.nwb	sub-Snoopy/sub-Snoopy_ses-20190416_behavior.nwb	sub-Snoopy/sub-Snoopy_ses-20190506_behavior.nwb	sub-Snoopy/sub-Snoopy_ses-20190507_behavior.nwb	sub-Snoopy/sub-Snoopy_ses-20190509_behavior.nwb	sub-Snoopy/sub-Snoopy_ses-20190510_behavior.nwb	sub-Snoopy/sub-Snoopy_ses-20190528_behavior.nwb	sub-Snoopy/sub-Snoopy_ses-20190529_behavior.nwb	sub-Snoopy/sub-Snoopy_ses-20190531_behavior.nwb	sub-Snoopy/sub-Snoopy_ses-20190619_behavior.nwb	sub-Snoopy/sub-Snoopy_ses-20190620_behavior.nwb	sub-Snoopy/sub-Snoopy_ses-20190624_behavior.nwb	sub-Snoopy/sub-Snoopy_ses-20190625_behavior.nwb	sub-Snoopy/sub-Snoopy_ses-20190627_behavior.nwb	sub-Snoopy/sub-Snoopy_ses-20190702_behavior.nwb	sub-Snoopy/sub-Snoopy_ses-20190703_behavior.nwb	sub-Snoopy/sub-Snoopy_ses-20190709_behavior.nwb	sub-Snoopy/sub-Snoopy_ses-20190711_behavior.nwb	sub-Snoopy/sub-Snoopy_ses-20190719_behavior.nwb	sub-Snoopy/sub-Snoopy_ses-20190723_behavior.nwb	sub-Snoopy/sub-Snoopy_ses-20190724_behavior.nwb	sub-Snoopy/sub-Snoopy_ses-20190726_behavior.nwb	sub-Snoopy/sub-Snoopy_ses-20190801_behavior.nwb	sub-Snoopy/sub-Snoopy_ses-20190814_behavior.nwb	sub-Snoopy/sub-Snoopy_ses-20190816_behavior.nwb	sub-npI1/sub-npI1_ses-20190413_behavior+ecephys.nwb	sub-npI1/sub-npI1_ses-20190414_behavior+ecephys.nwb	sub-npI1/sub-npI1_ses-20190415_behavior+ecephys.nwb	sub-npI1/sub-npI1_ses-20190415_behavior.nwb	sub-npI1/sub-npI1_ses-20190416_behavior+ecephys.nwb	sub-npI1/sub-npI1_ses-20190416_behavior.nwb	sub-npI3/sub-npI3_ses-20190420_behavior+ecephys.nwb	sub-npI3/sub-npI3_ses-20190420_behavior.nwb	sub-npI3/sub-npI3_ses-20190421_behavior+ecephys.nwb	sub-npI4/sub-npI4_ses-20190421_behavior.nwb	sub-npI4/sub-npI4_ses-20190421_obj-1h2xem6_behavior+ecephys.nwb	sub-npI4/sub-npI4_ses-20190421_obj-1yyd867_behavior+ecephys.nwb	sub-npI4/sub-npI4_ses-20190423_behavior+ecephys.nwb	sub-npI4/sub-npI4_ses-20190423_behavior.nwb	sub-npI5/sub-npI5_ses-20190414_behavior+ecephys.nwb	sub-npJ1/sub-npJ1_ses-20190521_behavior+ecephys.nwb	sub-npJ1/sub-npJ1_ses-20190523_behavior+ecephys.nwb	sub-npJ1/sub-npJ1_ses-20190523_behavior.nwb	sub-npJ2/sub-npJ2_ses-20190511_behavior+ecephys.nwb	sub-npJ2/sub-npJ2_ses-20190511_behavior.nwb	sub-npJ2/sub-npJ2_ses-20190512_behavior+ecephys.nwb	sub-npJ3/sub-npJ3_ses-20190504_behavior+ecephys.nwb	sub-npJ3/sub-npJ3_ses-20190504_behavior.nwb	sub-npJ3/sub-npJ3_ses-20190506_behavior+ecephys.nwb	sub-npJ4/sub-npJ4_ses-20190511_behavior+ecephys.nwb	sub-npJ4/sub-npJ4_ses-20190511_behavior.nwb	sub-npJ4/sub-npJ4_ses-20190512_behavior+ecephys.nwb	sub-npJ5/sub-npJ5_ses-20190505_behavior.nwb	sub-npJ5/sub-npJ5_ses-20190505_obj-10plzqh_behavior+ecephys.nwb	sub-npJ5/sub-npJ5_ses-20190505_obj-1ti12l8_behavior+ecephys.nwb
2021-04-19	0	0	0	0	0	0	0	0	0	0	0	0	0	0	0	0	0	0	0	0	0	0	0	0	0	0	0	0	0	0	0	0	0	0	0	0	0	0	0	0	0	0	0	0	0	0	0	0	0	0	0	0	0	0	0	0	0	0	0	0	0	0	0	0	0	0	0	0	0	0	0	0	0	0	0	0	0	0	0	0	0	0	0	0	0	0	0	0	0	0	0	0	0	0	0	0	0	0	0	0	0	0	0	0	0	0	0	0	0	0	0	0	0	0	0	0	0	0	0	0	0	0	0	0	0	0	0	0	0	0	0	0	0	0	0	0	0	0	0	0	0	0	0	0	0	0	0	0	0	0	0	0	0	0	0	0	0	0	0	0	0	0	0	0	0	0	0	0	0	0	0	0	0	0	0	0	0	0	0	0	0	0	0	0	0	0	0	0	0	0	0	0	0	0	0	0	0	0	0	0	0	0	0	0	0	0	0	0	0	0	0	0	0	0	0	0	0	0	0	0	0	0	0	0	0	0	0	0	0	0	0	0	0	0	0	0	0	0	0	0	0	0	0	0	0	0	0	0	0	0	0	0	0	0	0	0	0	0	0	0	0	0	0	0	0	0	0	0	0	0	0	0	0	0	0	0	0	0	0	0	0	0	0	0	0	0	0	0	0	0	0	0	0	0	0	0	0	0	0	0	0	0	0	0	0	0	0	0	0	0	0	0	0	0	0	0	0	0	0	0	0	0	0	0	0	0	0	0	0	0	0	0	0	75778332703	0	0	0	0	0	0	0	0	0	0	0	0	0	0	0	0	0	0	0	0	0	0	0	0	0
2021-08-16	6560320	8388608	0	5308968	16087640	0	0	4036328	0	6052832	7685720	8388608	6035616	6561672	17046344	0	0	6027088	6103472	2480176	0	5964840	5995656	17026696	0	15709816	11732600	2647528	5984288	0	0	6013848	0	0	5995320	0	4446388	0	0	6982152	0	0	0	14060024	7960824	0	7655205	0	0	0	0	9086696	19530336	8388608	8844328	0	0	0	6229176	0	0	6135440	0	0	0	6101656	0	6716856	6734784	0	0	0	5682144	0	6710200	0	6850784	0	17329732	0	6504296	0	0	6448800	0	0	4813104	0	0	469448	4518568	4520272	4547632	0	0	0	4959496	0	3349672	1996792	4678144	11936348	0	0	0	0	5973880	6068160	2449288	5963120	0	0	5958536	6021184	6250600	6059192	0	6001232	6182512	7431144	5958896	4535768	6009640	5982480	6018704	5984808	6155176	5983448	6181560	6218528	6156104	6083912	6927552	6202608	5957256	6090672	5982576	6252464	5960520	7155376	5995720	6121840	3418624	6619296	6150904	6245368	5989160	10640284	6419496	6528488	6023352	6257624	6026896	7921920	9800456	25165824	10391096	10587364	0	0	6155464	6020336	5993376	5996056	6109272	6223520	6024288	7034576	5867944	10869756	12654544	6960216	6166528	6449824	6225768	6765720	6261256	6113176	5993136	0	7170008	5998856	6050952	6085400	8196112	11868928	7949664	10213920	18508649	6040240	6046328	5996560	6076960	6036592	0	11937552	6232136	0	6531952	0	0	0	6117168	7367392	12367344	12381992	5842656	16777216	0	0	8388608	0	0	0	8388608	0	0	12555792	7008488	5346368	16948768	6380368	5999656	6111872	12138864	6431504	6067752	5957552	5948504	6136496	5996928	6309832	5949896	5979752	6271152	6009344	4594176	4615536	6009224	4514912	5963400	5960280	5990312	6157576	4522360	6003536	4548488	5953088	4514552	5962296	3064512	5972792	3086744	5957856	6363944	6025584	5943000	7392400	7394064	8858600	10278952	0	6073000	14079080	0	7403984	8835320	7537960	8877712	7760584	5984176	0	6024760	7382696	5956544	5943688	0	0	0	453080	8388608	0	8388608	7792184	6766496	6048368	8388608	8388608	8388608	8388608	7962832	8388608	7934088	7949184	6605904	8388608	4822096	6803184	5962640	6045560	5999504	7995368	4550608	6054592	5236392	6127712	6032328	6086904	5981600	6348808	11029036	5970984	6406056	6169848	6023224	6057816	6010016	6171656	5969960	6022400	6184984	6017160	6020320	4532832	6052432	6052992	5951352	6083192	6202712	23840423936	72964112384	32244487841	14307168	0	27595688	88415928320	33554432	70657245184	11718136	48452599808	51626406579	44711280640	27086740	71904958063	69150614780	65875738624	27557568	65503423642	15630048	126497876382	64205341211	33506960	57801386802	49575474309	52743968	52129245890	120297088	49123251325	45847381493
2021-08-30	19680960	0	22670544	0	0	0	0	0	0	0	0	0	0	0	0	0	0	0	0	0	0	0	0	0	0	0	0	0	0	0	0	0	0	0	0	0	0	0	0	0	0	0	0	0	0	0	0	0	0	0	0	0	0	0	0	0	0	0	0	0	0	0	0	0	0	0	0	0	0	0	0	0	0	0	0	0	0	0	0	0	0	0	0	0	0	0	0	0	0	0	0	0	0	0	0	0	0	0	0	0	0	0	0	0	0	0	0	0	0	0	0	0	0	0	0	0	0	0	0	0	0	0	0	0	0	0	0	0	0	0	0	0	0	0	0	0	0	0	0	0	0	0	0	0	0	0	0	0	0	0	0	0	0	0	0	0	0	0	0	0	0	0	0	0	0	0	0	0	0	0	0	0	0	0	0	0	0	0	0	0	0	0	0	0	0	0	0	0	0	0	0	0	0	0	0	0	0	0	0	0	0	0	0	0	0	0	0	0	0	0	0	0	0	0	0	0	0	0	0	0	0	0	0	0	0	0	0	0	0	0	0	0	0	0	0	0	0	0	0	0	0	0	0	0	0	0	0	0	0	0	0	0	0	0	0	0	0	0	0	0	0	0	0	0	0	0	0	0	0	0	0	0	0	0	0	0	0	0	0	0	0	0	0	0	0	0	0	0	0	0	0	0	0	0	0	0	0	0	0	0	0	0	0	0	0	0	0	0	0	0	0	0	0	0	0	0	0	0	0	0	0	0	0	0	0	0	0	0	0	0	0	0	0	0	35984296	0	0	0	0	0	0	0	0	0	0	0	0	0	0	0	0	0	0	0	0	0	0	0	0
2021-09-06	0	0	0	0	0	0	0	0	0	0	0	18290320	0	0	0	0	0	0	0	0	0	0	0	0	0	0	0	0	0	0	0	0	0	0	0	0	0	0	0	0	0	0	0	0	0	0	0	0	0	0	0	0	0	0	0	0	0	0	0	0	0	0	0	0	0	0	0	0	0	0	0	0	0	0	0	0	0	0	0	0	0	0	0	0	0	0	0	0	0	0	0	0	0	0	0	0	0	0	0	0	0	0	0	0	0	0	0	0	0	0	0	0	0	0	0	0	0	0	0	0	0	0	0	0	0	0	0	0	0	0	0	0	0	0	0	0	0	0	0	0	0	0	0	0	0	0	0	0	0	0	0	0	0	0	0	0	0	0	0	0	0	0	0	0	0	0	0	0	0	0	0	0	0	0	0	0	0	0	0	0	0	0	0	0	0	0	0	0	0	0	0	0	0	0	0	0	0	0	0	0	0	0	0	0	0	0	0	0	0	0	0	0	0	0	0	0	0	0	0	0	0	0	0	0	0	0	0	0	0	0	0	0	0	0	0	0	0	0	0	0	0	0	0	0	0	0	0	0	0	0	0	0	0	0	0	0	0	0	0	0	0	0	0	0	0	0	0	0	0	0	0	0	0	0	0	0	0	0	0	0	0	0	0	0	0	0	0	0	0	0	0	0	0	0	0	0	0	0	0	0	0	0	0	0	0	0	0	0	0	0	0	0	0	0	0	0	0	0	0	0	0	0	0	0	0	0	0	0	0	0	0	0	0	0	0	0	0	0	0	0	0	0	0	0	0	0	0	0	0	0	0	0	0	0	0	0	0	0	0
2021-09-27	0	0	0	0	0	0	0	0	0	0	0	0	0	0	0	0	0	0	0	0	0	0	0	0	0	0	0	0	0	0	0	0	0	0	0	0	0	0	0	0	0	0	0	0	0	0	0	0	0	0	0	0	0	0	0	0	0	0	0	0	0	0	0	0	0	0	0	0	0	0	0	0	0	0	0	0	0	0	0	0	0	0	0	0	0	0	0	0	0	0	0	0	0	0	0	0	0	0	0	0	0	0	0	0	0	0	0	0	0	0	0	0	0	0	0	0	0	0	0	0	0	0	0	0	0	0	0	0	0	0	0	0	0	0	0	0	0	0	0	0	0	0	0	0	0	0	0	0	0	0	0	0	0	0	0	0	0	0	0	0	0	0	0	0	0	0	0	0	0	0	0	0	0	0	0	0	0	0	0	0	0	0	0	0	0	0	0	0	0	0	0	0	0	0	0	0	0	0	0	0	0	0	0	0	0	0	0	0	0	0	0	0	0	0	0	0	0	0	0	0	0	0	0	0	0	0	0	0	0	0	0	0	0	0	0	0	0	0	0	0	0	0	0	0	0	0	0	0	0	0	0	0	0	0	0	0	0	0	0	0	0	0	0	0	0	0	0	0	0	0	0	0	0	0	0	0	0	0	0	0	0	0	0	0	0	0	0	0	0	0	0	0	0	0	0	0	0	0	0	0	0	0	0	0	0	0	0	0	0	0	0	0	0	0	0	0	0	0	0	0	0	0	0	0	0	0	0	0	0	0	0	0	0	0	0	4313660	0	0	0	0	0	0	0	0	0	0	0	0	0	0	0	0	0	0	0	0	0	0	0
2021-10-11	0	0	0	0	0	0	0	0	0	0	0	0	0	0	0	0	0	0	0	0	0	0	0	0	0	0	0	0	0	0	0	0	0	0	0	0	0	0	0	0	0	0	0	0	0	0	0	0	0	0	0	0	0	0	0	0	0	0	0	0	0	0	0	0	0	0	0	0	5441848	0	0	0	0	0	0	0	0	0	0	0	0	0	0	0	0	0	0	0	0	0	0	0	0	0	0	0	0	0	0	0	0	0	5959944	0	0	0	0	0	0	0	0	0	0	0	6250600	0	0	0	0	0	0	0	0	0	0	0	0	0	0	0	0	0	0	0	0	0	0	0	0	0	0	0	0	0	0	0	0	0	0	0	0	0	0	0	0	0	0	0	4446388	0	0	0	0	0	0	0	0	0	0	0	0	0	0	0	0	0	0	0	0	0	0	0	0	0	0	0	0	0	0	0	0	0	0	0	0	0	0	0	0	0	0	0	0	0	0	0	0	0	0	0	0	0	0	0	0	0	0	0	0	0	0	0	0	0	0	0	0	0	0	0	0	0	0	0	0	0	0	0	0	0	0	0	0	0	0	0	0	0	0	0	0	0	0	0	0	0	0	0	0	0	0	0	0	0	0	0	0	0	0	0	0	0	0	0	0	0	0	0	0	0	0	0	0	0	0	0	0	0	0	0	0	0	0	0	0	0	0	0	0	0	0	0	0	0	0	0	0	0	0	0	0	0	0	0	0	0	0	0	0	0	0	0	0	0	0	0	4446388	0	0	210550305	0	57016839665	0	0	0	0	0	0	0	0	0	0	10982773	0	0	0	0	0	0	0	0	0	0	0	0	0	0	63609425	0
2021-10-18	0	0	0	0	0	0	0	0	0	0	0	0	0	0	0	0	0	0	0	0	0	0	0	0	0	0	0	0	0	0	0	0	0	0	0	0	0	0	0	0	0	0	0	0	0	0	0	0	0	0	0	0	0	0	0	0	0	0	0	0	0	0	0	0	0	0	0	0	0	0	0	0	0	0	0	0	0	0	0	0	0	0	0	0	0	0	0	0	0	0	0	0	0	0	0	0	0	0	0	0	0	0	0	0	0	0	0	0	0	0	0	0	0	0	0	0	0	0	0	0	0	0	0	0	0	0	0	0	0	0	0	0	0	0	0	0	0	0	0	0	0	0	0	0	0	0	0	0	0	0	0	0	0	0	0	0	0	0	0	0	0	0	0	0	0	0	0	0	0	0	0	0	0	0	0	0	0	0	0	0	0	0	0	0	0	0	0	0	0	0	0	0	0	0	0	0	0	0	0	0	0	0	0	0	0	0	0	0	0	0	0	0	0	0	0	0	0	0	0	0	0	0	0	0	0	0	0	0	0	0	0	0	0	0	0	0	0	0	0	0	0	0	0	0	0	0	0	0	0	0	0	0	0	0	0	0	0	0	0	0	0	0	0	0	0	0	0	0	0	0	0	0	0	0	0	0	0	0	0	0	0	0	0	0	0	0	0	0	0	0	0	0	0	0	0	0	0	0	0	0	0	0	0	0	0	0	0	0	0	0	0	0	0	0	0	0	0	0	0	0	0	0	0	0	0	0	0	0	0	0	0	10656252	0	0	0	0	0	0	0	0	0	0	0	0	0	0	0	0	0	0	0	0	0	0	0	0	0	0	0
2021-10-25	6560320	0	0	0	0	0	0	0	0	0	0	0	0	0	0	0	0	0	0	0	0	0	0	0	0	0	0	0	0	0	0	0	0	0	0	0	0	0	0	0	0	0	0	0	0	0	0	0	0	0	0	0	0	0	0	0	0	0	0	0	0	0	0	0	0	0	0	0	0	0	0	0	0	0	0	0	0	0	0	0	0	0	0	0	0	0	0	0	0	0	0	0	0	0	0	0	0	0	0	0	0	0	0	0	0	0	0	0	0	0	0	0	0	0	0	0	0	0	0	0	0	0	0	0	0	0	0	0	0	0	0	0	0	0	0	0	0	0	0	0	0	0	0	0	0	0	0	0	0	0	0	0	0	0	0	0	0	0	0	0	0	0	0	0	0	0	0	0	0	0	0	0	0	0	0	0	0	0	0	0	0	0	0	0	0	0	0	0	0	0	0	0	0	0	0	0	0	0	0	0	0	0	0	0	0	0	0	0	0	0	0	0	0	0	0	0	0	0	0	0	0	0	0	0	0	0	0	0	0	0	0	0	0	0	0	0	0	0	0	0	0	0	0	0	0	0	0	0	0	0	0	0	0	0	0	0	0	0	0	0	0	0	0	0	0	0	0	0	0	0	0	0	0	0	0	0	0	0	0	0	0	0	0	0	0	0	0	0	0	0	0	0	0	0	0	0	0	0	0	0	0	0	0	0	0	0	0	0	0	0	0	0	0	0	0	0	0	0	0	0	0	0	0	0	0	0	0	0	0	0	0	31650603	0	0	0	0	0	0	0	0	0	0	0	0	0	0	0	0	0	0	0	0	0	0	0	0	0	0	0
2021-11-01	0	0	0	0	0	0	0	0	0	0	0	0	0	0	0	0	0	0	0	0	0	0	0	0	0	0	0	0	0	0	0	0	0	0	0	0	0	0	0	0	0	0	0	0	0	0	0	0	0	0	0	0	0	0	0	0	0	0	0	0	0	0	0	0	0	0	0	0	0	0	0	0	0	0	0	0	0	0	0	0	0	0	0	0	0	0	0	0	0	0	0	0	0	0	0	0	0	0	0	0	0	0	0	0	0	0	0	0	0	0	0	0	0	0	0	0	0	0	0	0	0	0	0	0	0	0	0	0	0	0	0	0	0	0	0	0	0	0	0	0	0	0	0	0	0	0	0	0	0	0	0	0	0	0	0	0	0	0	0	0	0	0	0	0	0	0	0	0	0	0	0	0	0	0	0	0	0	0	0	0	0	0	0	0	0	0	0	0	0	0	0	0	0	0	0	0	0	0	0	0	0	0	0	0	0	0	0	0	0	0	0	0	0	0	0	0	0	0	0	0	0	0	0	0	0	0	0	0	0	0	0	0	0	0	0	0	0	0	0	0	0	0	0	0	0	0	0	0	0	0	0	0	0	0	0	0	0	0	0	0	0	0	0	0	0	0	0	0	0	0	0	0	0	0	0	0	0	0	0	0	0	0	0	0	0	0	0	0	0	0	0	0	0	0	0	0	4822096	0	0	0	0	0	0	0	0	0	0	0	0	0	0	0	0	0	0	0	0	0	0	0	0	0	0	0	0	0	0	0	0	0	0	110796796	0	0	0	0	0	0	0	0	0	0	0	0	0	0	0	0	0	0	0	0	0	0	0	0	0	0	0
2021-11-08	0	0	0	0	0	0	0	0	0	0	0	0	0	0	0	0	0	0	0	0	0	0	0	0	0	0	0	0	0	0	0	0	0	0	0	0	0	0	0	0	0	0	0	0	0	0	0	0	0	0	0	0	0	0	0	0	0	0	0	0	0	0	0	0	0	0	0	0	0	0	0	0	0	0	0	0	0	0	0	0	0	0	0	0	0	0	0	0	0	0	0	0	0	0	0	0	0	0	0	0	0	0	0	0	0	0	0	0	0	0	0	0	0	0	0	0	0	0	0	0	0	0	0	0	0	0	0	0	0	0	0	0	0	0	0	0	0	0	0	0	0	0	0	0	0	0	0	0	0	0	0	0	0	0	0	0	0	0	0	0	0	0	0	0	0	0	0	0	0	0	0	0	0	0	0	0	0	0	0	0	0	0	0	0	0	0	0	0	0	0	0	0	0	0	0	0	0	0	0	0	0	0	0	0	0	0	0	0	0	0	0	0	0	0	0	0	0	0	0	0	0	0	0	0	0	0	0	0	0	0	0	0	0	0	0	0	0	0	0	0	0	0	0	0	0	0	0	0	0	0	0	0	0	0	0	0	0	0	0	0	0	0	0	0	0	0	0	0	0	0	0	0	0	0	0	0	0	0	0	0	0	0	0	0	0	0	0	0	0	0	0	0	0	0	0	0	0	0	0	0	0	0	0	0	0	0	0	0	0	0	0	0	0	0	0	0	0	0	0	0	0	0	0	0	0	0	0	0	0	0	0	28908895	0	0	0	0	0	0	0	0	0	0	0	0	0	0	0	0	0	0	0	0	0	0	0	0	0	0	0
2021-12-06	0	0	0	0	0	0	0	0	0	0	0	0	0	0	0	0	0	0	0	0	0	0	0	0	0	0	0	0	0	0	0	0	0	0	0	0	0	0	0	0	0	0	0	0	0	0	0	0	0	0	0	0	0	0	0	0	0	0	0	0	0	0	0	0	0	0	0	0	0	0	0	0	0	0	0	0	0	0	0	0	0	0	0	0	0	0	0	0	0	0	0	0	0	0	0	0	0	0	0	0	0	0	0	0	0	0	0	0	0	0	0	0	0	0	0	0	0	0	0	0	0	0	0	0	0	0	0	0	0	0	0	0	0	0	0	0	0	0	0	0	0	0	0	0	0	0	0	0	0	0	0	0	0	0	0	0	0	0	0	0	0	0	0	0	0	0	0	0	0	0	0	0	0	0	0	0	0	0	0	0	0	0	0	0	0	0	0	0	0	0	0	0	0	0	0	0	0	0	0	0	0	0	0	0	0	0	0	0	0	0	0	0	0	0	0	0	0	0	0	0	0	0	0	0	0	0	0	0	0	0	0	0	0	0	0	0	0	0	0	0	0	0	0	0	0	0	0	0	0	0	0	0	0	0	0	0	0	0	0	0	0	0	0	0	0	0	0	0	0	0	0	0	0	0	0	0	0	0	0	0	0	0	0	0	0	0	0	0	0	0	0	0	0	0	0	0	0	0	0	0	0	0	0	0	0	0	0	0	0	0	0	0	0	0	0	0	0	0	0	0	0	0	0	0	0	0	0	0	0	0	0	19032231	0	0	0	0	0	0	0	0	0	0	0	0	0	0	0	0	0	0	0	0	0	0	0	0	0	0	0
2021-12-13	0	0	0	0	0	0	0	0	0	0	0	0	0	0	0	0	0	0	0	0	0	0	0	0	0	0	0	0	0	0	0	0	0	0	0	0	0	0	0	6982152	0	0	0	0	0	0	0	0	0	0	0	0	0	0	0	0	0	0	0	0	0	0	0	0	0	0	0	0	0	0	0	0	0	0	0	0	0	0	0	0	0	0	0	0	0	0	0	0	0	0	0	0	0	0	0	0	0	0	0	0	0	0	0	0	0	0	0	0	0	0	0	0	0	0	0	0	0	0	0	0	0	0	0	0	0	0	0	0	0	0	0	0	0	0	0	0	0	0	0	0	0	0	0	0	0	0	0	0	0	0	0	0	0	0	0	0	0	0	0	0	0	0	0	0	0	0	0	0	0	0	0	0	0	0	0	0	0	0	0	0	0	0	0	0	0	0	0	0	0	0	0	0	0	0	0	0	0	0	0	0	0	0	0	0	0	0	0	0	0	0	0	0	0	0	0	0	0	0	0	0	0	0	0	0	0	0	0	0	0	0	0	0	0	0	0	0	0	0	0	0	0	0	0	0	0	0	0	0	0	0	0	0	0	0	0	0	0	0	0	0	0	0	0	0	0	0	0	0	0	0	0	0	0	0	0	0	0	0	0	0	0	0	0	0	0	0	0	0	0	0	0	0	0	0	0	0	0	0	0	0	0	0	0	0	0	0	0	0	0	0	0	0	0	0	0	0	0	0	0	0	0	0	0	0	0	0	0	0	0	0	0	0	0	0	0	0	0	0	0	0	0	0	0	0	0	0	0	0	0	0	0	0	0	0	0	0	0	0	0
2022-01-03	0	0	0	0	0	0	0	0	0	0	0	18290320	0	0	0	0	0	0	0	0	0	0	0	0	0	0	0	0	0	0	0	0	0	0	0	0	0	0	0	0	0	0	0	0	0	0	0	0	0	0	0	0	0	0	0	0	0	0	0	0	0	0	0	0	0	0	0	0	0	0	0	0	0	0	0	0	0	0	0	0	0	0	0	0	0	0	0	0	0	0	0	0	0	0	0	0	0	0	0	0	0	0	0	0	0	0	0	0	0	0	0	0	0	0	0	0	0	0	0	0	0	0	0	0	0	0	0	0	0	0	0	0	0	0	0	0	0	0	0	0	0	0	0	0	0	0	0	0	0	0	0	0	0	0	0	0	0	0	0	0	0	0	0	0	0	0	0	0	0	0	0	0	0	0	0	0	0	0	0	0	0	0	0	0	0	0	0	0	0	0	0	0	0	0	0	0	0	0	0	0	0	0	0	0	0	0	0	0	0	0	0	0	0	0	0	0	0	0	0	0	0	0	0	0	0	0	0	0	0	0	0	0	0	0	0	0	0	0	0	0	0	0	0	0	0	0	0	0	0	0	0	0	0	0	0	0	0	0	0	0	0	0	0	0	0	0	0	0	0	0	0	0	0	0	0	0	0	0	0	0	0	0	0	0	0	0	0	0	0	0	0	0	0	0	0	0	0	0	0	0	0	0	0	0	0	0	0	0	0	0	0	0	0	0	0	0	0	0	0	0	0	0	0	0	0	0	0	0	0	0	0	0	0	0	0	0	0	0	0	0	0	0	0	0	0	0	0	0	0	0	0	0	0	0	0	0	0	0	0
2022-01-31	0	12883840	11335272	5308968	16087640	0	8160576	4036328	0	6052832	7685720	18290320	6035616	14950280	17046344	0	5806344	0	6103472	2480176	0	5964840	0	0	0	0	11732600	19424744	5984288	6254648	5453016	0	6078240	6466168	5995320	0	6035048	6692672	5968472	0	0	0	0	0	0	0	19820592	0	2972088	0	0	0	0	0	0	12269776	0	0	0	0	0	0	0	0	0	0	0	0	0	0	0	0	0	0	0	0	0	0	0	0	0	0	0	0	0	0	0	0	0	0	0	0	0	0	0	0	0	0	0	0	0	0	0	0	0	0	0	0	0	0	0	0	0	0	0	0	0	0	0	0	0	0	0	0	0	0	0	0	0	0	0	0	0	0	0	0	0	0	0	0	0	0	0	0	0	0	0	0	0	0	0	0	0	0	0	0	0	0	0	0	0	0	0	0	0	0	0	0	0	0	0	0	0	0	0	0	0	0	0	0	0	0	0	0	0	0	0	0	0	0	0	0	0	0	0	0	0	0	0	0	0	0	0	0	0	0	0	0	0	0	0	0	0	0	0	0	0	0	0	0	0	0	0	0	0	0	0	0	0	0	0	0	0	0	0	0	0	0	0	0	0	0	0	0	0	0	0	0	0	0	0	0	0	0	0	0	0	0	0	0	0	0	0	0	0	0	0	0	0	0	0	0	0	0	0	0	0	0	0	0	0	0	0	0	0	0	0	0	0	0	0	0	0	0	0	0	0	0	0	0	0	0	0	0	0	0	0	0	0	0	0	0	0	0	0	0	0	0	0	0	0	0	0	0	0	0	0	0	0	0	0	0	0	1613599116	0	0	0	0	0	0	0	0	0	0	0	0	0	0	0	0	0	0	0	0	0	0	0	0	0
2022-02-14	0	0	0	0	0	0	0	0	0	0	0	0	0	0	0	0	0	0	0	0	0	0	0	0	0	0	0	0	0	0	0	0	0	0	0	0	0	0	0	0	0	0	0	0	0	0	0	0	0	0	0	0	0	0	0	0	0	0	0	0	0	0	0	0	0	0	0	0	0	0	0	0	0	0	0	0	0	0	0	0	0	0	0	0	0	0	0	0	0	0	0	0	0	0	0	0	0	0	0	0	0	0	0	0	0	0	0	0	0	0	0	0	0	0	0	0	0	0	0	0	0	0	0	0	0	0	0	0	0	0	0	0	0	0	0	0	0	0	0	0	0	0	0	0	0	0	0	0	0	0	0	0	0	0	0	0	0	0	0	0	0	0	0	0	0	0	0	0	0	0	0	0	0	0	0	0	0	0	0	0	0	0	0	0	0	0	0	0	0	0	0	0	0	0	0	0	0	0	0	0	0	0	0	0	0	0	0	0	0	0	0	0	0	0	0	0	0	0	0	0	0	0	0	0	0	0	0	0	0	0	0	0	0	0	0	0	0	0	0	0	0	0	0	0	0	0	0	0	0	0	0	0	0	0	0	0	0	0	0	0	0	0	0	0	0	0	0	0	0	0	0	0	0	0	0	0	0	0	0	0	0	0	0	0	0	0	0	0	0	0	0	0	0	0	0	0	0	0	0	0	0	0	0	0	0	0	0	0	0	0	0	0	0	0	0	0	0	0	0	0	0	0	0	0	0	0	0	0	0	0	0	0	0	86022560	0	0	0	0	0	0	0	0	0	0	0	0	0	0	0	0	0	0	0	0	0	0	0	0	0
2022-03-14	0	0	0	0	0	0	0	0	0	0	0	0	0	0	0	0	0	0	0	0	0	0	0	0	0	0	0	0	0	0	0	0	0	0	0	0	0	0	0	0	0	0	0	0	0	0	0	0	0	0	0	0	0	0	0	0	0	0	0	0	0	0	0	0	0	0	0	0	0	0	0	0	0	0	0	0	0	0	0	0	0	0	0	0	0	0	0	0	0	0	0	0	0	0	0	0	0	0	0	0	0	0	0	0	0	0	0	0	0	0	0	0	0	0	0	0	0	0	0	0	0	0	0	0	0	0	0	0	0	0	0	0	0	0	0	0	0	0	0	0	0	0	0	0	0	0	0	0	0	0	0	0	0	0	0	0	0	0	0	0	0	0	0	0	0	0	0	0	0	0	0	0	0	0	0	0	0	0	0	0	0	0	0	0	0	0	0	0	0	0	0	0	0	0	0	0	0	0	0	0	0	0	0	0	0	0	0	0	0	0	0	0	0	0	0	0	0	0	0	0	0	0	0	0	0	0	0	0	0	0	0	0	0	0	0	0	0	0	0	0	0	0	0	0	0	0	0	0	0	0	0	0	0	0	0	0	0	0	0	0	0	0	0	0	0	0	0	0	0	0	0	0	0	0	0	0	0	0	0	0	0	0	0	0	0	0	0	0	0	0	0	0	0	0	0	0	0	0	0	0	0	0	0	0	0	0	0	0	0	0	0	0	0	0	0	0	0	0	0	0	0	0	0	0	0	0	0	0	0	0	0	221344	0	0	0	0	0	0	0	0	0	0	0	0	0	0	0	0	0	0	0	0	0	0	0	0	0	0	0
2022-03-28	6560320	12883840	11335272	5308968	16087640	7351368	8160576	0	4006776	0	7685720	18290320	0	14950280	17046344	0	5806344	6027088	6103472	0	4550848	5964840	5995656	17026696	16268080	15709816	11732600	19424744	5984288	6254648	0	6013848	6078240	6466168	5995320	0	6035048	6692672	5968472	6982152	10054688	7975480	8130824	14060024	7960824	0	19820592	9337632	2972088	13594064	11782624	25863912	0	19419200	8844328	6134888	6308656	5243688	0	5368040	6070328	6135440	6144248	0	7718416	6101656	5472336	6716856	6734784	6978896	6094752	5434840	5682144	0	0	5971552	6850784	7240144	6441672	0	0	6111160	6298024	6448800	6542976	0	4813104	6726264	4521128	8858056	4518568	4520272	0	3110088	6761728	4528920	4959496	5970864	0	1996792	4678144	6029952	0	5975728	5995160	0	5973880	6068160	2449288	5963120	0	5988728	5958536	6021184	6250600	6059192	6015152	0	6182512	0	5958896	4535768	6009640	5982480	0	5984808	6155176	0	6181560	6218528	6156104	6083912	6927552	6202608	5957256	6090672	5982576	6252464	0	7155376	5995720	6121840	3418624	6619296	6150904	6245368	5989160	6193896	0	6528488	6023352	6257624	6026896	7921920	9800456	0	0	6140976	6224160	6106136	6155464	6020336	5993376	5996056	6109272	6223520	0	7034576	5867944	6423368	6327272	6960216	6166528	6449824	6225768	6765720	6261256	6113176	5993136	0	7170008	5998856	0	6085400	8196112	11868928	7949664	10213920	15661224	0	0	5996560	6076960	6036592	5973072	5968776	6232136	6233656	6531952	6465624	0	6706264	6117168	0	12367344	12381992	5842656	23328248	12204064	0	0	0	0	12091960	15563496	7878616	7991776	20944400	15397096	13734976	16948768	6380368	5999656	6111872	0	6431504	6067752	5957552	0	6136496	0	0	0	0	0	0	0	0	0	0	0	5960280	5990312	0	9044720	0	4548488	5953088	4514552	5962296	3064512	0	3086744	0	6363944	6025584	0	7392400	7394064	8858600	0	7500480	0	0	0	7403984	8835320	7537960	0	7760584	5984176	7449800	6024760	7382696	0	5943688	4505392	5946424	7513200	8841688	0	7481504	14819144	16180792	15155104	0	0	8915800	8836608	0	7962832	0	7934088	7949184	0	0	4822096	6803184	5962640	6045560	0	0	0	6054592	5236392	6127712	6032328	0	0	6348808	6582648	5970984	0	6169848	0	0	0	6171656	5969960	6022400	6184984	0	0	4532832	0	6052992	5951352	0	0	0	57357025658	46633433601	14307168	71718246431	35984296	105285401185	133263456	109652225316	0	0	71884894899	64133189538	52252564	73473627759	62042338727	66594383702	0	56619887770	24018656	59130131663	0	33506960	82824604466	0	26371984	151251473796	51283840	72393249917	0
2022-04-04	0	0	0	0	0	0	0	0	0	0	0	0	0	0	0	0	0	0	0	0	0	0	0	0	0	0	0	0	0	0	0	0	0	0	0	0	0	0	0	0	0	0	0	0	0	0	0	0	0	0	0	0	0	0	0	0	0	0	0	0	0	0	0	0	0	0	0	0	0	0	0	0	0	0	0	0	0	0	0	0	0	0	0	0	0	0	0	0	0	0	0	0	0	0	0	0	0	0	0	0	0	0	0	0	0	0	0	0	0	0	0	0	0	0	0	0	0	0	0	0	0	0	0	0	0	0	0	0	0	0	0	0	0	0	0	0	0	0	0	0	0	0	0	0	0	0	0	0	0	0	0	0	0	0	0	0	0	0	0	0	0	0	0	0	0	0	0	0	0	0	0	0	0	0	0	0	0	0	0	0	0	0	0	0	0	0	0	0	0	0	0	0	0	0	0	0	0	0	0	0	0	0	0	0	0	0	0	0	0	0	0	0	0	0	0	0	0	0	0	0	0	0	0	0	0	0	0	0	0	0	0	0	0	0	0	0	0	0	0	0	0	0	0	0	0	0	0	0	0	0	0	0	0	0	0	0	0	0	0	0	0	0	0	0	0	0	0	0	0	0	0	0	0	0	0	0	0	0	0	0	0	0	0	0	0	0	0	0	0	0	0	0	0	0	0	0	0	0	0	0	0	0	0	0	0	0	0	0	0	0	0	0	0	0	0	0	0	0	0	0	0	0	0	0	0	0	0	0	0	40257605991	0	0	0	0	0	0	0	0	0	0	0	0	0	0	0	0	0	0	0	0	0	0	0	0	0	0	0	0	0
2022-04-11	166696	69921920	93027024	43911344	45178696	80965336	67127720	21857224	11089528	66612088	21290808	101432624	16794512	80337848	134785592	30523872	16200736	228880	50153800	13332552	25121520	16589272	49577928	86917064	85695816	454328	82769432	91751312	16754704	34706024	30147952	33315960	25750736	36072088	16650432	17130192	16916840	37259368	16572160	73400824	376328	37301128	18974016	97927608	55634880	75146232	138708448	106181568	20161808	63660648	27940368	61382136	138019608	91605768	62279960	34020496	52054608	29255256	34533944	28983736	16984416	33490808	454328	36117592	43054024	33759800	15402504	55791896	18792624	77301744	33831560	44790336	180216	18342304	37264488	32756472	19246408	20335056	53071896	656088	52917944	33770176	35089656	71391080	18147384	457152	39808952	18846952	25093456	25008792	24890264	12696432	12605680	16795232	56487168	25097192	38853472	33252280	65915912	16016712	25517912	16756592	16740376	16872728	33206232	33980168	33199032	16939160	13051536	16857264	49469192	16807696	33140824	49991144	365632	16930240	33262888	33362888	50469240	41565040	33098576	255392	16782864	33232544	33213568	16638656	50317992	33045528	17352440	34317880	33665200	50388296	55313096	51058456	16684704	33638568	33057240	51082696	49502160	37257744	33398624	50215016	18801032	54724024	33530976	33746232	16797448	51623096	17738688	17996312	33423200	17468992	33352192	36990488	46113432	183063440	48585944	33626112	17064544	16778248	33494528	49797488	16690176	49648880	33638008	33705424	39417024	35491536	48694176	34164728	50863600	17799040	33755216	17178360	33919520	17480768	34033368	17072872	49720944	49962416	18054560	49738104	33524032	33560656	37745216	83277016	55786960	47953456	73803008	33591272	33560512	16724024	33495256	50069816	33191440	16540240	34541320	17615352	34977136	53617688	49510936	37468504	33578496	88261808	65255720	33001080	48029680	179942528	56429864	56383496	46348240	42247968	53887888	56055272	37089264	36890632	55910048	98746360	71491280	64817384	40271552	34076000	16742264	50144264	33593568	51259160	33547272	33169440	16859368	50328184	33038560	50920672	33192016	49631880	17265456	33248712	37745840	25412680	33326408	25074352	33297056	33193352	33199024	17049776	12716864	49759416	49824600	16881888	37526008	49691832	16725864	33094616	25322488	33064712	53188992	16887344	49607496	41313192	41352480	24959208	86375400	21087480	33549896	333392	28971264	61935008	49468336	41757024	49604824	42091968	33369888	62123296	16762776	41159296	16785024	33082104	24882576	16643256	82928376	24985232	73923736	41574880	82746400	209632	85161912	50152496	115475720	74562504	74085384	24949408	55876992	62807672	55581032	55914000	30784216	27983456	26614984	17621704	33083816	17099976	66313688	83950344	12700568	50200488	43312720	17054000	33439400	33540712	16848520	34104664	34583968	16681016	51072064	33717360	16844616	33395936	33405160	17193880	33232208	16886760	50341640	16797496	33326752	25052776	33579992	50058728	33129704	50006480	33766288	79124247	64452530	129442008	36510768	141995079	128801256	317584042	317239744	625083212	88914016	45021205	132860578	672104	117840904	105660498	103970886	85922142	85425024	31042931	92141240	58823461	122032313	121775944	59353370	99552385	99140392	166832287	180932176	181276207	252601719
2022-05-16	0	0	0	0	0	0	0	0	0	0	0	0	0	0	0	0	0	0	0	0	0	0	0	0	0	0	0	0	0	0	0	0	0	0	0	0	0	0	0	0	0	0	0	0	0	0	0	0	0	0	0	0	0	0	0	0	0	0	0	0	0	0	0	0	0	0	0	0	0	0	0	0	0	0	0	0	0	0	0	0	0	0	0	0	0	0	0	0	0	0	0	0	0	0	0	0	0	0	0	0	0	0	0	0	0	0	0	0	0	0	0	0	0	0	0	0	0	0	0	0	0	0	0	0	0	0	0	0	0	0	0	0	0	0	0	0	0	0	0	0	0	0	0	0	0	0	0	0	0	0	0	0	0	0	0	0	0	0	0	0	0	0	0	0	0	0	0	0	0	0	0	0	0	0	0	0	0	0	0	0	0	0	0	0	0	0	0	0	0	0	0	0	0	0	0	0	0	0	0	0	0	0	0	0	0	0	0	0	0	0	0	0	0	0	0	0	0	0	0	0	0	0	0	0	0	0	0	0	0	0	0	0	0	0	0	0	0	0	0	0	0	0	0	0	0	0	0	0	0	0	0	0	0	0	0	0	0	0	0	0	0	0	0	0	0	0	0	0	0	0	0	0	0	0	0	0	0	0	0	0	0	0	0	0	0	0	0	0	0	0	0	0	0	0	0	0	0	0	0	0	0	0	0	0	0	0	0	0	0	0	0	0	0	0	0	0	0	0	0	0	0	0	0	0	0	0	0	0	0	0	0	0	0	61880	0	0	0	0	0	0	0	0	0	0	0	0	0	0	0	0	0	0	0	0	0	0	0	0	0
2022-05-23	6560320	12883840	11335272	0	0	0	8160576	0	4006776	0	0	0	0	14950280	17046344	0	0	0	6103472	2480176	4550848	5964840	0	0	0	0	0	0	0	0	0	0	0	0	0	0	0	0	0	0	0	0	0	0	0	0	0	0	0	0	0	0	0	0	0	0	0	0	0	0	0	0	0	0	0	0	0	0	0	0	0	0	0	0	0	0	0	0	0	0	0	0	0	0	0	0	0	0	0	0	0	0	0	0	0	0	0	0	0	0	0	0	0	0	0	0	0	0	0	0	0	0	0	0	0	0	0	0	0	0	0	0	0	0	0	0	0	0	0	0	0	0	0	0	0	0	0	0	0	0	0	0	0	0	0	0	0	0	0	0	0	0	0	0	0	0	0	0	0	0	0	0	0	0	0	0	0	0	0	0	0	0	0	0	0	0	0	0	0	0	0	0	0	0	0	0	0	0	0	0	0	0	0	0	0	0	0	0	0	0	0	0	0	0	0	0	0	0	0	0	0	0	0	0	0	0	0	0	0	0	0	0	0	0	0	0	0	0	0	0	0	0	0	0	0	0	0	0	0	0	0	0	0	0	0	0	0	0	0	0	0	0	0	0	0	0	0	0	0	0	0	0	0	0	0	0	0	0	0	0	0	0	0	0	0	0	0	0	0	0	0	0	0	0	0	0	0	0	0	0	0	0	0	0	0	0	0	0	0	0	0	0	0	0	0	0	0	0	0	0	0	0	0	0	0	0	0	0	0	0	0	0	0	0	0	0	0	0	0	0	0	0	0	37694752	0	0	0	0	0	0	0	0	0	73508700664	0	1534994420	0	0	0	0	0	0	0	0	0	0	0	0	0
2022-05-30	6560320	0	0	0	0	0	0	0	0	0	0	0	0	0	0	0	0	0	0	0	0	0	0	0	0	0	0	0	0	0	0	0	0	0	0	0	0	0	0	0	0	7975480	0	0	0	0	0	0	0	0	0	0	0	0	0	0	0	0	0	0	0	0	0	0	0	0	0	0	0	0	0	0	0	0	0	0	0	0	0	0	0	0	0	0	0	0	0	0	0	0	0	0	0	0	0	0	0	0	0	0	0	0	0	0	0	0	0	0	0	0	0	0	0	0	0	0	0	0	0	0	0	0	0	0	0	0	0	0	0	0	0	0	0	0	0	0	0	0	0	0	0	0	0	0	0	0	0	0	0	0	0	0	0	0	0	0	0	0	0	0	0	0	0	0	0	0	0	0	0	0	0	0	0	0	0	0	0	0	0	0	0	0	0	0	0	0	0	0	0	0	0	0	0	0	0	0	0	0	0	0	0	0	0	0	0	0	0	0	0	0	0	0	0	0	0	0	0	0	0	0	0	0	0	0	0	0	0	0	0	0	0	0	0	0	0	0	0	0	0	0	0	0	0	0	0	0	0	0	0	0	0	0	0	0	0	0	0	0	0	0	0	0	0	0	0	0	0	0	0	0	0	0	0	0	0	0	0	0	0	0	0	0	0	0	0	0	0	0	0	0	0	0	0	0	0	0	0	0	0	0	0	0	0	0	0	0	0	0	0	0	0	0	0	0	0	0	0	0	0	0	0	0	0	0	0	0	0	0	0	6942733	0	90637391	0	0	0	0	0	21689904	0	0	0	0	0	9515226	0	0	0	1399605	0	17408	129215210275	33506960	0	0	0	0	0	0	0
2022-06-06	0	0	0	0	0	0	0	0	0	0	0	0	0	0	0	0	0	0	0	0	0	0	0	0	0	0	0	0	0	0	0	0	0	0	0	0	0	0	0	0	0	0	0	0	0	0	0	0	0	0	0	0	0	0	0	0	0	0	0	0	0	0	0	0	0	0	0	0	0	0	0	0	0	0	0	0	0	0	0	0	0	0	0	0	0	0	0	0	0	0	0	0	0	0	0	0	0	0	0	0	0	0	0	0	0	0	0	0	0	0	0	0	0	0	0	0	0	0	0	0	0	0	0	0	0	0	0	0	0	0	0	0	0	0	0	0	0	0	0	0	0	0	0	0	0	0	0	0	0	0	0	0	0	0	0	0	0	0	0	0	0	0	0	0	0	0	0	0	0	0	0	0	0	0	0	0	0	0	0	0	0	0	0	0	0	0	0	0	0	0	0	0	0	0	0	0	0	0	0	0	0	0	0	0	0	0	0	0	0	0	0	0	0	0	0	0	0	0	0	0	0	0	0	0	0	0	0	0	0	0	0	0	0	0	0	0	0	0	0	0	0	0	0	0	0	0	0	0	0	0	0	0	0	0	0	0	0	0	0	0	0	0	0	0	0	0	0	0	0	0	0	0	0	0	0	0	0	0	0	0	0	0	0	0	0	0	0	0	0	0	0	0	0	0	0	0	0	0	0	0	0	0	0	0	0	0	0	0	0	0	0	0	0	0	0	0	0	0	0	0	0	0	0	0	0	0	0	0	0	840618	302130	1095083089	0	0	0	40620600	0	16547067	0	0	0	0	0	0	0	0	0	2076421	0	606364	0	0	0	0	0	0	0	0	0
2022-06-13	6560320	0	0	0	0	0	0	0	0	0	0	0	0	0	0	0	0	0	0	0	0	0	0	0	0	0	0	0	0	0	0	0	0	0	0	0	0	0	0	0	0	0	0	0	0	0	0	0	0	0	0	0	0	0	0	0	0	0	0	0	0	0	0	0	0	0	0	0	0	0	0	0	0	0	0	0	0	0	0	0	0	0	0	0	0	0	0	0	0	0	0	0	0	0	0	0	0	0	0	0	0	0	0	0	0	0	0	0	0	0	0	0	0	0	0	0	0	0	0	0	0	0	0	0	0	0	0	0	0	0	0	0	0	0	0	0	0	0	0	0	0	0	0	0	0	0	0	0	0	0	0	0	0	0	0	0	0	0	0	0	0	0	0	0	0	0	0	0	0	0	0	0	0	0	0	0	0	0	0	0	0	0	0	0	0	0	0	0	0	0	0	0	0	0	0	0	0	0	0	0	0	0	0	0	0	0	0	0	0	0	0	0	0	0	0	0	0	0	0	0	0	0	0	0	0	0	0	0	0	0	0	0	0	0	0	0	0	0	0	0	0	0	0	0	0	0	0	0	0	0	0	0	0	0	0	0	0	0	0	0	0	0	0	0	0	0	0	0	0	0	0	0	0	0	0	0	0	0	0	0	0	0	0	0	0	0	0	0	0	0	0	0	0	0	0	0	0	0	0	0	0	0	0	0	0	0	0	0	0	0	0	0	0	0	0	0	0	0	0	0	0	0	0	0	0	0	0	0	0	40257605991	0	0	0	0	0	58456764193	0	109653098770	0	0	0	0	0	73473627759	0	0	0	0	0	0	0	0	0	0	0	0	0	0	0
2022-06-20	0	0	0	0	0	0	0	0	0	0	0	0	0	0	0	0	0	0	0	0	0	0	0	0	0	0	0	0	0	0	0	0	0	0	0	0	0	0	0	0	0	0	0	0	0	0	0	0	0	0	0	0	0	0	0	0	0	0	0	0	0	0	0	0	0	0	0	0	0	0	0	0	0	0	0	0	0	0	0	0	0	0	0	0	0	0	0	0	0	0	0	0	0	0	0	0	0	0	0	0	0	0	0	0	0	0	0	0	0	0	0	0	0	0	0	0	0	0	0	0	0	0	0	0	0	0	0	0	0	0	0	0	0	0	0	0	0	0	0	0	0	0	0	0	0	0	0	0	0	0	0	0	0	0	0	0	0	0	0	0	0	0	0	0	0	0	0	0	0	0	0	0	0	0	0	0	0	0	0	0	0	0	0	0	0	0	0	0	0	0	0	0	0	0	0	0	0	0	0	0	0	0	0	0	0	0	0	0	0	0	0	0	0	0	0	0	0	0	0	0	0	0	0	0	0	0	0	0	0	0	0	0	0	0	0	0	0	0	0	0	0	0	0	0	0	0	0	0	0	0	0	0	0	0	0	0	0	0	0	0	0	0	0	0	0	0	0	0	0	0	0	0	0	0	0	0	0	0	0	0	0	0	0	0	0	0	0	0	0	0	0	0	0	0	0	0	0	0	0	0	0	0	0	0	0	0	0	0	0	0	0	0	0	0	0	0	0	0	0	0	0	0	0	0	0	0	0	0	0	0	0	0	0	0	0	0	0	1164326	0	0	0	0	0	0	0	0	0	0	0	0	0	0	0	0	0	0	0	0	0
2022-06-27	0	0	0	0	0	0	0	0	0	0	0	0	0	0	0	0	0	0	0	0	0	0	0	0	0	0	0	0	0	0	0	0	0	0	0	0	0	0	0	0	0	0	0	0	0	0	0	0	0	0	0	0	0	0	0	0	0	0	0	0	0	0	0	0	0	0	0	0	0	0	0	0	0	0	0	0	0	0	0	0	0	0	0	0	0	0	0	0	0	0	0	0	0	0	0	0	0	0	0	0	0	0	0	0	0	0	0	0	0	0	0	0	0	0	0	0	0	0	0	0	0	0	0	0	0	0	0	5983448	0	0	0	0	0	0	0	0	0	0	0	0	0	0	0	0	0	0	0	0	0	0	0	0	0	0	0	0	0	0	0	0	0	0	0	0	0	0	0	0	0	0	0	0	0	0	0	0	0	0	0	0	0	0	0	0	0	0	0	0	0	0	0	0	0	0	0	0	0	0	0	0	0	0	0	0	0	0	0	0	0	0	0	0	0	0	0	0	0	0	0	0	0	0	0	0	0	0	0	0	0	0	0	0	0	0	0	0	0	0	0	0	0	0	0	0	0	0	0	0	0	0	0	0	0	0	0	0	0	0	0	0	0	0	0	0	0	0	0	0	0	0	0	0	0	0	0	0	0	0	0	0	0	0	0	0	0	0	0	0	0	0	0	0	0	0	0	0	0	0	0	0	0	0	0	0	0	0	0	0	0	0	0	0	0	0	0	0	0	0	0	0	0	0	0	0	0	0	0	0	0	0	0	0	0	0	0	9264	0	1163488	0	0	0	0	0	0	0	0	0	0	0	0	0	0	0	0	0	0	0	0	0
2022-07-04	0	0	0	0	0	0	0	0	0	0	0	0	0	0	0	0	0	0	0	0	0	0	0	0	0	0	0	0	0	0	0	0	0	0	0	0	0	0	0	0	0	0	0	0	0	0	0	0	0	0	0	0	0	0	0	0	0	0	0	0	0	0	0	0	0	0	0	0	0	0	0	0	0	0	0	0	0	0	0	0	0	0	0	0	0	0	0	0	0	0	0	0	0	0	0	0	0	0	0	0	0	0	0	0	0	0	0	0	0	0	0	0	0	0	0	0	0	0	0	0	0	0	0	0	0	0	0	0	0	0	0	0	0	0	0	0	0	0	0	0	0	0	0	0	0	0	0	0	0	0	0	0	0	0	0	0	0	0	0	0	0	0	0	0	0	0	0	0	0	0	0	0	0	0	0	0	0	0	0	0	0	0	0	0	0	0	0	0	0	0	0	0	0	0	0	0	0	0	0	0	0	0	0	0	0	0	0	0	0	0	0	0	0	0	0	0	0	0	0	0	0	0	0	0	0	0	0	0	0	0	0	0	0	0	0	0	0	0	0	0	0	0	0	0	0	0	0	0	0	0	0	0	0	0	0	0	0	0	0	0	0	0	0	0	0	0	0	0	0	0	0	0	0	0	0	0	0	0	0	0	0	0	0	0	0	0	0	0	0	0	0	0	0	0	0	0	0	0	0	0	0	0	0	0	0	0	0	0	0	0	0	0	0	0	0	0	0	0	0	0	0	0	0	0	0	0	0	0	0	0	0	0	0	0	0	0	0	581744	0	0	0	0	0	0	0	0	0	0	0	0	0	0	0	0	0	0	0	0	0
2022-07-11	13120640	12883840	11335272	5308968	16087640	7351368	8160576	0	4006776	6052832	15371440	18290320	6035616	14950280	17046344	0	0	6027088	6103472	0	4550848	11929680	0	17026696	0	15709816	0	19424744	0	0	5453016	6013848	6078240	6466168	0	0	0	6692672	0	6982152	0	0	8130824	0	7960824	8163192	19820592	0	0	0	0	0	19530336	19419200	8844328	6134888	0	0	0	5368040	6070328	6135440	6144248	0	0	6101656	0	6716856	6734784	6978896	6094752	0	5682144	6582352	0	5971552	6850784	7240144	6441672	0	0	6111160	0	0	6542976	5234080	4813104	6726264	0	8858056	0	4520272	0	3110088	0	0	0	5970864	0	0	0	6029952	0	0	0	0	5973880	6068160	0	5963120	0	0	11917072	6021184	6250600	0	6015152	6001232	0	7431144	11917792	0	6009640	5982480	6018704	5984808	6155176	0	6181560	6218528	6156104	6083912	0	0	5957256	6090672	0	0	5960520	7155376	5995720	12243680	3418624	6619296	6150904	0	5989160	0	0	6528488	0	6257624	0	7921920	9800456	25840096	0	0	6224160	0	6155464	6020336	0	5996056	0	6223520	0	0	5867944	6423368	0	0	0	0	6225768	6765720	0	6113176	5993136	6037640	7170008	5998856	0	6085400	0	11868928	7949664	10213920	15661224	6040240	6046328	5996560	0	6036592	5973072	5968776	0	12467312	0	6465624	0	6706264	6117168	15756000	0	12381992	5842656	0	0	8146856	0	6048120	11739232	12091960	15563496	0	7991776	0	15397096	13734976	16948768	6380368	0	12223744	6069432	6431504	0	0	5948504	18409488	0	6309832	0	5979752	0	0	4594176	0	0	4514912	5963400	5960280	5990312	6157576	4522360	6003536	4548488	5953088	0	5962296	3064512	0	0	5957856	6363944	0	5943000	7392400	7394064	8858600	10278952	0	0	0	10308672	7403984	0	7537960	0	7760584	5984176	0	0	7382696	5956544	5943688	0	5946424	7513200	8841688	0	7481504	14819144	0	15155104	6048368	13738392	8915800	8836608	8838088	7962832	9008576	0	7949184	0	0	4822096	0	5962640	0	0	7995368	4550608	6054592	5236392	6127712	6032328	6086904	0	6348808	6582648	5970984	6406056	6169848	0	0	0	6171656	5969960	6022400	6184984	6017160	6020320	4532832	6052432	6052992	5951352	6083192	6202712	27740226165	36247155144	65807007871	14307168	55521165153	50997072	72984244568	91320416	73555458435	36883960	55774814541	42674426069	41211634040	48137004	42928079899	47771486230	47044240269	0	42133162428	0	43382741148	49951599291	33506960	86222853961	42892126599	5400464	50476953843	37860193	59825980349	57609734996
2022-07-18	0	0	0	0	0	0	0	0	0	0	0	0	0	0	0	0	0	0	0	0	0	0	0	0	0	0	0	0	0	0	0	0	0	0	0	0	0	0	0	0	0	0	0	0	0	0	0	0	0	0	0	0	0	0	0	0	0	0	0	0	0	0	0	0	0	0	0	0	0	0	0	0	0	0	0	0	0	0	0	0	0	0	0	0	0	0	0	0	0	0	0	0	0	0	0	0	0	0	0	0	0	0	0	0	0	0	0	0	0	0	0	0	0	0	0	0	0	0	0	0	0	0	0	0	0	0	0	0	0	0	0	0	0	0	0	0	0	0	0	0	0	0	0	0	0	0	0	0	0	0	0	0	0	0	0	0	0	0	0	0	0	0	0	0	0	0	0	0	0	0	0	0	0	0	0	0	0	0	0	0	0	0	0	0	0	0	0	0	0	0	0	0	0	0	0	0	0	0	0	0	0	0	0	0	0	0	0	0	0	0	0	0	0	0	0	0	0	0	0	0	0	0	0	0	0	0	0	0	0	0	0	0	0	0	0	0	0	0	0	0	0	0	0	0	0	0	0	0	0	0	0	0	0	0	0	0	0	0	0	0	0	0	0	0	0	0	0	0	0	0	0	0	0	0	0	0	0	0	0	0	0	0	0	0	0	0	0	0	0	0	0	0	0	0	0	0	0	0	0	0	0	0	0	0	0	0	0	0	0	0	0	0	0	0	0	0	0	0	0	0	0	0	0	0	0	0	0	0	0	0	0	651668488	0	0	0	0	0	1164366	0	0	0	0	0	0	0	0	0	0	0	0	0	0	0	0	0	0	0	0	0
2022-07-25	0	0	0	0	16087640	0	0	0	0	0	0	0	0	0	0	0	0	0	0	0	0	0	0	0	0	0	0	0	0	0	0	0	0	0	0	0	0	0	0	0	0	0	0	0	0	0	0	0	0	0	0	0	0	0	0	0	0	0	0	0	0	0	0	0	0	0	0	0	0	0	0	0	0	0	0	0	0	0	0	0	0	0	0	0	0	0	0	0	0	0	0	0	0	0	0	0	0	0	0	0	0	0	0	0	0	0	0	0	0	0	0	0	0	0	0	0	0	0	0	0	0	0	0	0	0	0	0	5983448	0	0	0	0	0	0	0	0	0	0	0	0	0	0	0	0	0	0	0	0	0	0	0	0	0	0	0	0	0	0	0	0	0	0	0	0	0	0	0	0	0	0	0	0	0	0	0	0	0	0	0	0	0	0	0	0	0	0	0	0	0	0	0	0	0	6036592	0	0	0	0	0	0	0	0	0	0	0	0	0	0	0	0	0	0	0	0	0	0	0	0	0	0	0	0	0	0	0	0	0	0	0	0	0	0	0	0	0	0	0	0	0	0	0	0	0	0	0	0	0	0	0	0	0	0	0	0	0	6025584	0	0	0	0	0	0	0	0	0	0	0	0	0	0	0	0	0	0	0	0	0	0	0	0	0	0	0	0	0	0	0	0	0	0	0	0	0	0	0	0	0	0	0	0	0	0	0	0	0	0	0	0	0	6348808	0	0	0	0	0	0	6010016	0	0	0	0	0	0	0	0	0	0	0	0	40257605991	0	31194588	0	0	0	0	0	1745232	0	0	0	0	0	0	0	0	0	0	0	325622	0	0	60356034560	0	0	0	51283840	0	0
2022-08-01	13120640	0	0	0	0	0	0	0	0	6052832	0	0	0	0	0	0	0	0	0	0	0	5964840	0	0	0	0	0	16777216	0	0	5453016	0	0	0	0	0	0	0	0	0	8388608	0	0	0	0	0	19820592	0	0	0	0	0	0	0	0	0	0	0	0	0	0	0	0	0	0	0	0	0	0	0	0	0	0	0	0	5971552	0	7240144	0	0	0	6111160	0	0	0	0	0	0	0	0	0	0	0	0	0	0	0	0	0	39935840	0	0	0	0	0	0	0	0	46536472	0	0	0	0	0	0	0	0	0	0	0	0	4535768	0	0	0	0	0	0	0	0	6156104	0	0	6202608	0	0	0	0	5960520	0	0	0	0	0	6150904	6245368	0	0	0	0	0	0	0	0	0	0	0	0	0	0	0	0	0	0	0	0	0	0	0	0	0	0	0	0	0	0	0	0	0	6037640	7170008	0	0	0	0	0	0	0	0	0	0	0	0	0	0	0	0	0	0	6465624	0	0	0	0	8388608	0	0	0	0	8146856	0	0	0	0	0	7878616	0	0	0	0	0	0	0	0	0	0	0	5957552	0	0	0	0	5949896	0	0	0	0	4615536	6009224	0	0	0	5990312	0	4522360	6003536	0	0	0	0	0	0	0	0	6363944	0	0	0	0	0	0	0	0	0	10308672	7403984	0	0	0	7760584	0	0	0	0	0	5943688	0	0	0	0	0	0	0	0	15155104	0	0	0	0	0	7962832	0	0	0	0	0	0	0	0	0	5999504	0	0	0	0	0	0	0	0	0	6582648	0	0	0	0	0	0	0	0	0	6184984	0	0	0	0	0	0	0	6202712	0	0	0	0	0	0	0	0	0	36883960	0	0	0	0	0	0	0	0	0	0	0	0	0	0	0	17983376	0	0	0	0
2022-08-08	6560320	12883840	11335272	10617936	0	0	16321152	4036328	4006776	6052832	15371440	36580640	12071232	29900560	0	3749240	11612688	0	12206944	4960352	9101696	5964840	0	17026696	16268080	31419632	11732600	19424744	5984288	6254648	5453016	6013848	6078240	0	11990640	0	12070096	6692672	5968472	13964304	0	15950960	16261648	14060024	15921648	8163192	19820592	18675264	2972088	27188128	11782624	51727824	0	19419200	17688656	12269776	6308656	0	12458352	0	12140656	6135440	0	6489624	15436832	0	5472336	0	20204352	13957792	6094752	10869680	0	0	6710200	5971552	6850784	7240144	12883344	6006488	6504296	0	18894072	6448800	6542976	5234080	4813104	13452528	4521128	0	0	4520272	9095264	3110088	13523456	4528920	9918992	5970864	11738280	35942256	4678144	0	11919888	5975728	5995160	12414816	11947760	6068160	46536472	5963120	5964752	0	5958536	6021184	6250600	12118384	6015152	6001232	6182512	0	0	4535768	6009640	11964960	6018704	5984808	0	5983448	12363120	0	6156104	12167824	6927552	0	11914512	6090672	11965152	12504928	5960520	0	5995720	12243680	3418624	6619296	0	6245368	11978320	6193896	6419496	6528488	0	0	6026896	7921920	9800456	25840096	10391096	12281952	6224160	12212272	0	0	0	0	0	0	0	14069152	5867944	6423368	12654544	0	0	6449824	0	6765720	6261256	6113176	5993136	0	0	11997712	12101904	0	0	11868928	7949664	10213920	15661224	12080480	12092656	5996560	6076960	6036592	0	11937552	6232136	6233656	6531952	6465624	5970576	6706264	6117168	15756000	12367344	0	0	46656496	0	0	9848680	6048120	11739232	12091960	15563496	7878616	15983552	41888800	30794192	27469952	33897536	6380368	11999312	12223744	0	12863008	6067752	0	5948504	6136496	5996928	12619664	0	11959504	12542304	6009344	9188352	4615536	6009224	9029824	5963400	11920560	5990312	12315152	4522360	6003536	4548488	0	9029104	5962296	0	0	0	11915712	0	6025584	5943000	7392400	7394064	0	0	0	0	7442680	10308672	0	8835320	15075920	17755424	7760584	0	14899600	0	7382696	0	5943688	0	11892848	7513200	8841688	26357136	14963008	0	0	15155104	6048368	13738392	8915800	8836608	17676176	7962832	9008576	7934088	15898368	13211808	23484736	4822096	6803184	5962640	0	5999504	0	9101216	6054592	5236392	12255424	6032328	12173808	5981600	6348808	6582648	5970984	0	6169848	6023224	6057816	0	6171656	0	6022400	0	6017160	6020320	4532832	0	0	5951352	0	6202712	26306674688	97085473146	72865772546	14307168	47559055391	35984296	176747934914	133263456	69387197788	36883960	118485944150	116389373286	36507222016	52252564	132455744613	103683582798	51025127254	0	38117834752	24018656	44560285696	99889415222	33506960	0	37044092928	0	48245320386	102567680	63350767616	53095138805
2022-08-15	0	0	0	0	0	0	0	0	0	0	0	0	0	0	0	0	0	0	0	0	0	0	0	0	0	0	0	0	0	0	0	0	0	0	0	0	0	0	0	0	0	0	0	0	0	0	0	0	0	0	0	0	0	0	0	0	0	0	0	0	0	0	0	0	0	0	0	0	0	0	0	0	0	0	0	0	0	0	0	0	0	0	0	0	0	0	0	0	0	0	0	0	0	0	0	0	0	0	0	17971128	0	0	0	0	0	0	0	0	17145016	0	0	0	0	0	0	0	0	0	0	0	0	0	0	0	0	0	0	0	0	0	0	0	0	0	0	0	0	0	0	0	0	0	0	0	0	0	0	0	0	0	0	0	0	0	0	0	0	0	0	0	0	0	0	0	0	0	0	0	0	0	0	0	0	0	0	0	0	0	0	0	0	0	0	0	0	0	0	0	0	0	0	0	0	0	0	0	0	0	0	0	0	0	0	0	0	0	0	0	0	0	0	0	0	0	0	0	0	0	0	0	0	0	0	0	0	0	0	0	0	0	0	0	0	0	0	0	0	0	0	0	0	0	0	0	0	0	0	0	0	0	0	0	0	0	0	0	0	0	0	0	0	0	0	0	0	0	0	0	0	0	0	0	0	0	0	0	0	0	0	0	0	0	0	0	0	0	0	0	0	0	0	0	0	0	0	0	0	0	0	0	0	0	0	0	0	0	0	0	0	0	0	0	0	0	0	0	0	0	0	0	0	0	0	0	0	0	0	0	0	0	0	0	0	0	0	0	0	0	0	0	0	0	0	55990483	0	0	0	0	0	0	0	0	0	0	0	0	0	0	0
2022-08-22	0	0	0	5308968	241314600	22054104	0	0	0	12105664	0	18290320	0	0	17046344	0	5806344	0	6103472	2480176	0	0	5995656	17026696	16268080	15709816	0	19424744	5984288	0	5453016	6013848	6078240	6466168	5995320	0	0	0	0	6982152	10054688	7975480	8130824	0	7960824	8163192	0	0	2972088	13594064	0	0	19530336	0	8844328	6134888	0	5243688	0	5368040	0	6135440	6144248	0	7718416	6101656	5472336	6716856	0	0	0	0	0	0	0	0	6850784	7240144	6441672	0	0	6111160	12596048	6448800	6542976	0	0	6726264	4521128	8858056	4518568	4520272	9095264	3110088	6761728	4528920	4959496	0	11738280	7987168	0	6029952	5959944	0	0	0	5973880	6068160	9797152	5963120	0	11977456	0	0	0	0	6015152	0	0	7431144	0	4535768	0	0	0	5984808	12310352	71801376	0	18655584	6156104	6083912	6927552	0	0	0	5982576	6252464	0	0	0	6121840	0	6619296	6150904	0	11978320	0	0	0	6023352	6257624	0	0	0	25840096	0	0	0	0	6155464	6020336	0	0	6109272	6223520	6024288	7034576	5867944	6423368	6327272	0	6166528	0	6225768	0	6261256	6113176	0	6037640	7170008	5998856	6050952	6085400	0	0	7949664	10213920	15661224	0	0	0	0	6036592	0	0	0	0	0	0	5970576	6706264	6117168	15756000	0	12381992	0	23328248	12204064	8146856	9848680	6048120	11739232	12091960	0	7878616	0	20944400	0	0	0	0	0	6111872	6069432	0	0	0	5948504	12272992	0	6309832	0	5979752	6271152	6009344	0	4615536	6009224	4514912	0	0	5990312	0	4522360	0	4548488	5953088	4514552	5962296	0	5972792	3086744	5957856	0	6025584	5943000	7392400	7394064	0	0	0	0	7442680	10308672	0	0	7537960	8877712	7760584	0	0	0	7382696	5956544	0	0	0	0	8841688	13178568	7481504	14819144	16180792	15155104	0	13738392	8915800	0	8838088	0	9008576	0	0	0	11742368	0	122457312	0	0	5999504	7995368	4550608	6054592	5236392	0	0	6086904	0	25395232	6582648	5970984	6406056	6169848	0	0	12020032	0	0	0	6184984	6017160	0	0	0	0	5951352	6083192	6202712	40257605991	0	35471195739	0	71718246431	0	66624219123	133263456	85812646920	36883960	50398584632	37795572192	33158038539	0	18077541150	37795712204	75983798285	0	49328996327	24018656	21334419459	42164437157	33506960	56693568306	46993460767	26371984	48846858200	0	23272526017	67143589253
2022-08-29	0	12883840	0	0	0	0	8160576	0	0	0	0	0	0	14950280	0	3749240	0	0	0	24801760	0	0	0	0	0	0	0	0	0	6254648	0	0	0	0	0	0	0	0	0	0	0	0	0	0	0	0	0	0	0	0	11782624	51727824	0	0	0	0	0	0	74750112	0	30351640	0	0	0	0	0	0	0	0	0	0	0	0	6582352	0	0	0	0	0	6006488	0	0	0	0	0	0	0	0	0	0	0	0	0	0	0	0	0	5970864	0	0	4678144	0	0	0	5995160	0	0	0	19594304	0	0	0	0	0	0	0	0	0	0	0	11917792	0	0	0	0	0	0	0	0	0	0	0	0	0	0	6090672	0	0	0	0	0	0	0	0	0	0	0	0	0	0	0	0	0	0	9800456	0	10391096	0	0	6106136	0	0	0	0	0	0	0	0	0	0	0	0	0	0	0	0	0	0	0	0	0	0	0	0	0	11868928	0	0	0	90603600	0	0	0	0	0	5968776	6232136	0	0	0	0	0	0	0	0	0	0	0	0	0	0	0	0	0	0	0	0	0	0	0	0	0	0	0	0	0	0	0	0	0	0	0	0	0	0	0	0	0	0	0	0	35761680	0	0	0	0	0	0	0	0	0	0	0	0	0	0	0	0	0	0	10278952	0	0	0	0	0	0	0	0	0	0	7449800	0	0	0	0	0	0	0	0	0	0	0	0	0	0	0	0	8836608	0	0	0	7934088	0	0	0	0	0	0	0	0	0	0	0	0	0	0	0	0	0	0	0	0	0	12046448	0	0	0	0	0	0	0	0	0	0	0	0	0	0	0	20051655031	0	0	0	0	0	0	0	0	0	0	0	0	0	0	0	0	0	0	0	0	0	0	0	0	0	0	0	0
2022-09-05	0	0	0	0	0	0	0	0	0	0	0	0	0	0	0	0	0	0	0	22321584	0	0	0	0	0	0	0	0	0	0	0	0	0	0	0	0	0	0	0	0	0	0	0	0	0	0	0	0	0	0	0	0	0	0	0	0	0	0	0	0	0	0	0	0	0	0	0	0	0	0	0	0	0	0	0	0	0	0	0	0	0	0	0	0	0	0	0	0	0	0	0	0	0	0	0	0	0	0	0	0	0	0	0	0	0	0	0	0	31840744	0	0	0	0	0	0	0	0	0	0	0	0	0	0	0	0	0	0	0	0	0	0	0	0	0	0	0	0	0	0	0	0	0	0	0	0	0	0	0	0	0	0	0	0	0	0	0	0	0	0	0	0	0	0	0	0	0	0	0	0	0	0	0	0	0	0	0	0	0	0	0	0	0	0	0	0	0	0	0	0	0	0	0	0	0	0	0	0	0	0	0	0	0	0	0	0	0	0	0	0	0	0	0	0	0	0	0	0	0	0	0	0	0	0	0	0	0	0	0	0	0	0	0	0	0	0	0	0	0	0	0	0	0	0	0	0	0	0	0	0	0	0	0	0	0	0	0	0	0	0	0	0	0	0	0	0	0	0	0	0	0	0	0	0	0	0	0	0	0	0	0	0	0	0	0	0	0	0	0	0	0	0	0	0	0	0	0	0	0	0	0	0	0	0	0	0	0	0	0	0	0	0	0	0	0	0	0	0	0	0	0	0	0	0	0	0	0	0	0	0	0	0	0	0	0	0	0	0	0	0	0	0	0	0	0	0	0	0	0	0	0	0	0	0	0	0	0	0	0	0
2022-09-19	0	0	0	0	0	0	0	0	0	0	0	0	0	0	0	0	0	0	0	0	0	0	0	0	0	0	0	0	0	0	0	0	0	0	0	0	0	0	0	0	0	0	0	0	0	0	0	0	0	0	0	0	0	0	0	0	0	0	0	0	0	0	0	0	0	0	0	0	0	0	0	0	0	0	0	0	0	0	0	0	0	0	0	0	0	0	0	0	0	0	0	0	0	0	0	0	0	0	0	0	0	0	0	0	0	0	0	0	0	0	0	0	0	0	0	0	0	0	0	0	0	0	0	0	0	0	0	0	0	0	0	0	0	0	0	0	0	0	0	0	0	0	0	0	0	0	0	0	0	0	0	0	0	0	0	0	0	0	0	0	0	0	0	0	0	0	0	0	0	0	0	0	0	0	0	0	0	0	0	0	0	0	0	0	0	0	0	0	0	0	0	0	0	0	0	0	0	0	0	0	0	0	0	0	0	0	0	0	0	0	0	0	0	0	0	0	0	0	0	0	0	0	0	0	0	0	0	0	0	0	0	0	0	0	0	0	0	0	0	0	0	0	0	0	0	0	0	0	0	0	0	0	0	0	0	0	0	0	0	0	0	0	0	0	0	0	0	0	0	0	0	0	0	0	0	0	0	0	0	0	0	0	0	0	0	0	0	0	0	0	0	0	0	0	0	0	0	0	0	0	0	0	0	0	0	0	0	0	0	0	0	0	0	0	0	0	0	0	0	0	0	0	0	0	0	0	0	0	0	0	0	11098030	0	0	0	0	0	0	0	0	0	0	0	0	0	0	0	0	0	0	0	0	0	0	0	0	0	0	0
2022-09-26	0	0	0	0	0	0	0	0	0	0	0	0	0	0	0	0	0	0	0	0	0	0	0	0	0	0	0	0	0	0	0	0	0	0	0	0	0	0	0	0	0	0	0	0	0	0	0	0	0	0	0	0	0	0	0	0	0	0	0	0	0	0	0	0	0	0	0	0	0	0	0	0	0	0	0	0	0	0	0	0	0	0	0	0	0	0	0	0	0	0	0	0	0	0	0	0	0	0	0	0	0	0	0	0	0	0	0	0	0	0	0	0	0	0	0	0	0	0	0	0	0	0	0	0	0	0	0	0	0	0	0	0	0	0	0	0	0	0	0	0	0	0	0	0	0	0	0	0	0	0	0	0	0	0	0	0	0	0	0	0	0	0	0	0	0	0	0	0	0	0	0	0	0	0	0	0	0	0	0	0	0	0	0	0	0	0	0	0	0	0	0	0	0	0	0	0	0	0	0	0	0	0	0	0	0	0	0	0	0	0	0	0	0	0	0	0	0	0	0	0	0	0	0	0	0	0	0	0	0	0	0	0	0	0	0	0	0	0	0	0	0	0	0	0	0	0	0	0	0	0	0	0	0	0	0	0	0	0	0	0	0	0	0	0	0	0	0	0	0	0	0	0	0	0	0	0	0	0	0	0	0	0	0	0	0	0	0	0	0	0	0	0	0	0	0	0	0	0	0	0	0	0	0	0	0	0	0	0	0	0	0	0	0	0	0	0	0	0	0	0	0	0	0	0	0	0	0	0	0	0	0	56979081	0	0	0	0	0	0	0	0	0	0	0	0	0	0	0	0	0	0	0	0	0	0	0	0	0	0	0
2022-10-03	1750216	0	0	0	0	0	0	0	0	0	0	0	0	0	0	0	0	0	0	0	0	0	0	0	0	0	0	0	0	0	0	0	0	0	0	0	0	0	0	0	0	0	0	0	0	0	0	0	0	0	0	0	0	0	0	0	0	0	0	0	0	0	0	0	0	0	0	0	0	0	0	0	0	0	0	0	0	0	0	0	0	0	0	0	0	0	0	0	0	0	0	0	0	0	0	0	0	0	0	0	0	0	0	0	0	0	0	0	0	0	0	0	0	0	0	0	0	0	0	0	0	0	0	0	0	0	0	0	0	0	0	0	0	0	0	0	0	0	0	0	0	0	0	0	0	0	0	0	0	0	0	0	0	0	0	0	0	0	0	0	0	0	0	0	0	0	0	0	0	0	0	0	0	0	0	0	0	0	0	0	0	0	0	0	0	0	0	0	0	0	0	0	0	0	0	0	0	0	0	0	0	0	0	0	0	0	0	0	0	0	0	0	0	0	0	0	0	0	0	0	0	0	0	0	0	0	0	0	0	0	0	0	0	0	0	0	0	0	0	0	0	0	0	0	0	0	0	0	0	0	0	0	0	0	0	0	0	0	0	0	0	0	0	0	0	0	0	0	0	0	0	0	0	0	0	0	0	0	0	0	0	0	0	0	0	0	0	0	0	0	0	0	0	0	0	0	0	0	0	0	0	0	0	0	0	0	0	0	0	0	0	0	0	0	0	0	0	0	0	0	0	0	0	0	0	0	0	0	0	43504123273	0	20203272	0	0	0	0	0	0	0	0	0	0	0	0	0	0	0	0	0	0	0	0	0	0	0	0	0	0	0
2022-10-10	0	0	0	0	0	0	0	0	0	0	0	0	0	0	0	0	0	0	0	0	0	0	0	0	0	0	0	0	0	0	0	0	0	0	0	0	0	0	0	0	0	0	0	0	0	0	0	0	0	0	0	0	0	0	0	0	0	0	0	0	0	0	0	0	0	0	0	0	0	0	0	0	0	0	0	0	0	0	0	0	0	0	0	0	0	0	0	0	0	0	0	0	0	0	0	0	0	0	0	0	0	0	0	0	0	0	0	0	0	0	0	0	0	0	0	0	0	0	0	0	0	0	0	0	0	0	0	0	0	0	0	0	0	0	0	0	0	0	0	0	0	0	0	0	0	0	0	0	0	0	0	0	0	0	0	0	0	0	0	0	0	0	0	0	0	0	0	0	0	0	0	0	0	0	0	0	0	0	0	0	0	0	0	0	0	0	0	0	0	0	0	0	0	0	0	0	0	0	0	0	0	0	0	0	0	0	0	0	0	0	0	0	0	0	0	0	0	0	0	0	0	0	0	0	0	0	0	0	0	0	0	0	0	0	0	0	0	0	0	0	0	0	0	0	0	0	0	0	0	0	0	0	0	0	0	0	0	0	0	0	0	0	0	0	0	0	0	0	0	0	0	0	0	0	0	0	0	0	0	0	0	0	0	0	0	0	0	0	0	0	0	0	0	0	0	0	0	0	0	0	0	0	0	0	0	0	0	0	0	0	0	0	0	0	0	0	0	0	0	0	0	0	0	0	0	0	0	0	0	96582252326	0	0	0	0	0	0	0	0	0	0	0	0	0	0	0	0	0	0	0	0	0	0	0	0	0	0	0	0	0
2022-10-17	0	0	0	0	0	0	0	0	0	0	0	0	0	0	0	0	0	0	0	0	0	0	0	0	0	0	0	0	0	0	0	0	0	0	0	0	0	0	0	0	0	0	0	0	0	0	0	0	0	0	0	0	0	0	0	0	0	0	0	0	0	0	0	0	0	0	0	0	0	0	0	0	0	0	0	0	0	0	0	0	0	0	0	0	0	0	0	0	0	0	0	0	0	0	0	0	0	0	0	0	0	0	0	0	0	0	0	0	0	0	0	0	0	0	0	0	0	0	0	0	0	0	0	0	0	0	0	0	0	0	0	0	0	0	0	0	0	0	0	0	0	0	0	0	0	0	0	0	0	0	0	0	0	0	0	0	0	0	0	0	0	0	0	0	0	0	0	0	0	0	0	0	0	0	0	0	0	0	0	0	0	0	0	0	0	0	0	0	0	0	0	0	0	0	0	0	0	0	0	0	0	0	0	0	0	0	0	0	0	0	0	0	0	0	0	0	0	0	0	0	0	0	0	0	0	0	0	0	0	0	0	0	0	0	0	0	0	0	0	0	0	0	0	0	0	0	0	0	0	0	0	0	0	0	0	0	0	0	0	0	0	0	0	0	0	0	0	0	0	0	0	0	0	0	0	0	0	0	0	0	0	0	0	0	0	0	0	0	0	0	0	0	0	0	0	0	0	0	0	0	0	0	0	0	0	0	0	0	0	0	0	0	0	0	0	0	0	0	0	0	0	0	0	0	0	0	0	0	0	86291638921	0	0	14307168	11596843981	0	0	0	0	0	0	0	0	0	0	0	0	0	0	0	0	0	0	0	0	0	0	0	0	0
2022-10-24	0	0	0	0	0	0	0	0	0	0	0	0	0	0	0	0	0	0	0	0	0	0	0	0	0	0	0	0	0	0	0	0	0	0	0	0	0	0	0	0	0	0	0	0	0	0	0	0	0	0	0	0	0	0	0	0	0	0	0	0	0	0	0	0	0	0	0	0	0	0	0	0	0	0	0	0	0	0	0	0	0	0	0	0	0	0	0	0	0	0	0	0	0	0	0	0	0	0	0	0	0	0	0	0	0	0	0	0	0	0	0	0	0	0	0	0	0	0	0	0	0	0	0	0	0	0	0	0	0	0	0	0	0	0	0	0	0	0	0	0	0	0	0	0	0	0	0	0	0	0	0	0	0	0	0	0	0	0	0	0	0	0	0	0	0	0	0	0	0	0	0	0	0	0	0	0	0	0	0	0	0	0	0	0	0	0	0	0	0	0	0	0	0	0	0	0	0	0	0	0	0	0	0	0	0	0	0	0	0	0	0	0	0	0	0	0	0	0	0	0	0	0	0	0	0	0	0	0	0	0	0	0	0	0	0	0	0	0	0	0	0	0	0	0	0	0	0	0	0	0	0	0	0	0	0	0	0	0	0	0	0	0	0	0	0	0	0	0	0	0	0	0	0	0	0	0	0	0	0	0	0	0	0	0	0	0	0	0	0	0	0	0	0	0	0	0	0	0	0	0	0	0	0	0	0	0	0	0	0	0	0	0	0	0	0	0	0	0	0	0	0	0	0	0	0	0	0	0	0	68350156808	0	0	0	71718246431	0	0	0	0	0	0	0	0	0	0	0	0	0	0	0	0	0	0	0	0	0	0	0	0	0
2022-10-31	0	0	0	0	0	0	0	0	0	0	0	0	0	0	0	0	0	0	0	0	0	0	0	0	0	0	0	0	0	0	0	0	0	0	0	0	0	0	0	0	0	0	0	0	0	0	0	0	0	0	0	0	0	0	0	0	0	0	0	0	0	0	0	0	0	0	0	0	0	0	0	0	0	0	0	0	0	0	0	0	0	0	0	0	0	0	0	0	0	0	0	0	0	0	0	0	0	0	0	0	0	0	0	0	0	0	0	0	0	0	0	0	0	0	0	0	0	0	0	0	0	0	0	0	0	0	0	0	0	0	0	0	0	0	0	0	0	0	0	0	0	0	0	0	0	0	0	0	0	0	0	0	0	0	0	0	0	0	0	0	0	0	0	0	0	0	0	0	0	0	0	0	0	0	0	0	0	0	0	0	0	0	0	0	0	0	0	0	0	0	0	0	0	0	0	0	0	0	0	0	0	0	0	0	0	0	0	0	0	0	0	0	0	0	0	0	0	0	0	0	0	0	0	0	0	0	0	0	0	0	0	0	0	0	0	0	0	0	0	0	0	0	0	0	0	0	0	0	0	0	0	0	0	0	0	0	0	0	0	0	0	0	0	0	0	0	0	0	0	0	0	0	0	0	0	0	0	0	0	0	0	0	0	0	0	0	0	0	0	0	0	0	0	0	0	0	0	0	0	0	0	0	0	0	0	0	0	0	0	0	0	0	0	0	0	0	0	0	0	0	0	0	0	0	0	0	0	0	0	80515211982	0	0	0	0	0	0	0	0	0	0	0	0	0	0	0	0	0	0	0	0	0	0	0	0	0	0	0	0	0
2022-11-07	11006708	0	0	0	0	0	0	0	0	0	0	0	0	0	0	0	0	0	0	0	0	0	0	0	0	0	0	0	0	0	0	0	0	0	0	0	0	0	0	0	0	0	0	0	0	0	0	0	0	0	0	0	0	0	0	0	0	0	0	0	0	0	0	0	0	0	0	0	0	0	0	0	0	0	0	0	0	0	0	0	0	0	0	0	0	0	0	0	0	0	0	0	0	0	0	0	0	0	0	0	0	0	0	0	0	0	0	0	0	0	0	0	0	0	0	0	0	0	0	0	0	0	0	0	0	0	0	0	0	0	0	0	0	0	0	0	0	0	0	0	0	0	0	0	0	0	0	0	0	0	0	0	0	0	0	0	0	0	0	0	0	0	0	0	0	0	0	0	0	0	0	0	0	0	0	0	0	0	0	0	0	0	0	0	0	0	0	0	0	0	0	0	0	0	0	0	0	0	0	0	0	0	0	0	0	0	0	0	0	0	0	0	0	0	0	0	0	0	0	0	0	0	0	0	0	0	0	0	0	0	0	0	0	0	0	0	0	0	0	0	0	0	0	0	0	0	0	0	0	0	0	0	0	0	0	0	0	0	0	0	0	0	0	0	0	0	0	0	0	0	0	0	0	0	0	0	0	0	0	0	0	0	0	0	0	0	0	0	0	0	0	0	0	0	0	0	0	0	0	0	0	0	0	0	0	0	0	0	0	0	0	0	0	0	0	0	0	0	0	0	0	0	0	0	0	0	0	0	0	164625650233	0	0	0	0	0	0	0	0	0	0	0	0	0	0	0	0	0	0	0	0	0	0	0	0	0	0	0	0	0
2022-11-14	6560320	12883840	11335272	5308968	16087640	7351368	8160576	4036328	4006776	6052832	7685720	0	6035616	14950280	17046344	3749240	5806344	6027088	6103472	2480176	4550848	5964840	0	0	0	0	1246840	0	5984288	0	5453016	0	6078240	0	0	790392	0	1449792	0	0	0	7975480	5242880	0	0	0	0	0	0	0	0	0	0	0	0	0	0	0	0	0	0	0	0	0	0	0	0	0	0	0	0	0	0	0	0	0	0	0	0	0	0	0	0	0	0	0	0	0	0	0	0	0	0	3110088	0	0	0	0	5242880	1996792	4446388	0	0	0	0	0	0	0	0	0	0	0	0	0	0	5607289	0	0	0	0	0	0	0	0	0	0	0	0	0	6218528	0	0	0	0	0	4446388	4446388	0	0	0	0	0	0	0	0	0	0	0	0	0	0	0	0	0	0	0	0	0	0	0	0	0	0	0	0	0	0	0	0	0	0	0	0	0	0	0	0	0	0	0	5242880	5242880	0	0	0	0	0	0	0	5242880	0	0	0	0	0	0	0	0	0	0	0	0	0	0	0	0	0	0	0	0	0	0	0	0	0	0	0	0	0	0	0	0	0	0	0	0	0	0	0	0	0	0	0	0	0	0	0	0	0	0	0	0	0	0	0	0	4548488	5242880	0	0	0	0	0	0	0	0	0	0	0	0	0	0	0	0	0	0	8835320	0	0	0	0	0	0	0	0	0	0	0	0	0	0	0	0	0	0	0	0	0	0	6403657	0	8892776	0	0	0	0	0	0	0	0	0	0	0	0	0	0	0	0	0	0	0	0	0	0	5242880	0	0	0	0	0	6184984	0	0	0	0	0	0	0	0	244888099475	0	0	0	81476201	46037973	0	0	15761105	0	0	5242880	15628377	0	5242880	0	0	0	2026650	5242880	931023	11646537	5242880	0	0	0	0	0	0	0
2022-11-21	13120640	38651520	34005816	15926904	48262920	22054104	24481728	12108984	12020328	18158496	15371440	54870960	18106848	44850840	17046344	7498480	17419032	18081264	12206944	7440528	9101696	11929680	11991312	34053392	48804240	47129448	23465200	38849488	11968576	18763944	16359048	12027696	12156480	19398504	17985960	12066544	18105144	20078016	11936944	20946456	20109376	23926440	24392472	28120048	23882472	24489576	59461776	28012896	8916264	13594064	35347872	25863912	39060672	19419200	17688656	12269776	12617312	10487376	12458352	10736080	12140656	12270880	6144248	6489624	15436832	12203312	10944672	13433712	13469568	6978896	12189504	10869680	5682144	6582352	6710200	11943104	6850784	14480288	12883344	6006488	6504296	12222320	6298024	6448800	13085952	10468160	4813104	13452528	9042256	17716112	9037136	4520272	9095264	6220176	6761728	9057840	9918992	11941728	23476560	3993584	9356288	12059904	5959944	17927184	0	12414816	11947760	12136320	0	0	0	5988728	5958536	6021184	6250600	24236768	12030304	6001232	12365024	0	0	13607304	18028920	17947440	12037408	11969616	0	17950344	6181560	0	18468312	0	13855104	0	5957256	18272016	11965152	12504928	11921040	14310752	17987160	0	6837248	6619296	6150904	0	11978320	6193896	12838992	13056976	12046704	12515248	0	23765760	9800456	51680192	20782192	18422928	0	6106136	12310928	6020336	0	5996056	18327816	0	12048576	7034576	5867944	0	18981816	6960216	0	6449824	6225768	20297160	12522512	0	17979408	12075280	21510024	23995424	0	18256200	8196112	11868928	15899328	20427840	0	24160960	18138984	0	6076960	12073184	5973072	5968776	18696408	12467312	13063904	6465624	0	6706264	6117168	0	12367344	24763984	5842656	0	0	8146856	9848680	6048120	11739232	0	0	7878616	7991776	20944400	15397096	13734976	16948768	6380368	5999656	6111872	0	6431504	6067752	5957552	0	6136496	0	6309832	5949896	0	6271152	0	0	0	0	4514912	0	0	0	0	0	0	0	0	0	0	0	0	0	0	0	0	0	0	7394064	8858600	0	0	6073000	14885360	0	7403984	8835320	0	8877712	7760584	0	0	12049520	0	0	0	0	0	0	0	0	7481504	0	0	0	0	0	0	0	0	7962832	0	0	0	13211808	0	0	0	0	6045560	0	0	0	0	0	0	0	0	0	0	0	0	0	0	0	0	0	0	0	0	0	0	0	0	0	0	0	0	0	318130945404	0	46633433601	28614336	71871941524	35984296	35224772336	133263456	25284132221	25483776	0	0	0	46387498	38203459172	62042338727	0	0	0	48037312	0	41432946493	67013920	2751994336	26147416	52743968	0	51283840	0	22662837
2022-11-28	6560320	12883840	11335272	5308968	16087640	7351368	8160576	4036328	4006776	6052832	7685720	18290320	6035616	14950280	17046344	3749240	5806344	6027088	6103472	2480176	4550848	5964840	5995656	17026696	16268080	15709816	11732600	19424744	5984288	6254648	5453016	6013848	6078240	6466168	5995320	6033272	6035048	6692672	5968472	6982152	10054688	7975480	8130824	14060024	7960824	8163192	19820592	9337632	2972088	13594064	11782624	25863912	19530336	19419200	8844328	6134888	6308656	5243688	6229176	5368040	6070328	6135440	6144248	6489624	7718416	6101656	5472336	6716856	6734784	6978896	6094752	5434840	5682144	6582352	6710200	5971552	6850784	7240144	6441672	6006488	6504296	6111160	6298024	6448800	6542976	5234080	4813104	6726264	4521128	8858056	4518568	4520272	4547632	3110088	6761728	4528920	4959496	5970864	11738280	1996792	4678144	6029952	5959944	5975728	5995160	6207408	5973880	6068160	2449288	5963120	5964752	5988728	5958536	6021184	6250600	6059192	6015152	6001232	6182512	7431144	5958896	4535768	6009640	5982480	6018704	5984808	6155176	5983448	6181560	6218528	6156104	6083912	6927552	6202608	5957256	6090672	5982576	6252464	5960520	7155376	5995720	6121840	3418624	6619296	6150904	6245368	5989160	6193896	6419496	6528488	6023352	6257624	6026896	7921920	9800456	25840096	10391096	6140976	6224160	6106136	6155464	6020336	5993376	5996056	6109272	6223520	6024288	7034576	5867944	6423368	6327272	6960216	6166528	6449824	6225768	6765720	6261256	6113176	5993136	6037640	7170008	5998856	6050952	6085400	8196112	11868928	7949664	10213920	15661224	6040240	6046328	5996560	6076960	6036592	5973072	5968776	6232136	6233656	6531952	6465624	5970576	6706264	6117168	15756000	12367344	12381992	5842656	23328248	12204064	0	0	0	0	12091960	0	7878616	0	0	0	0	0	0	0	0	0	0	0	5957552	5948504	0	5996928	6309832	5949896	5979752	6271152	6009344	4594176	4615536	6009224	4514912	5963400	5960280	5990312	6157576	4522360	6003536	4548488	5953088	4514552	5962296	3064512	5972792	3086744	5957856	6363944	6025584	5943000	7392400	7394064	8858600	10278952	7500480	6073000	7442680	10308672	0	8835320	7537960	8877712	7760584	5984176	7449800	6024760	7382696	5956544	5943688	4505392	5946424	7513200	8841688	13178568	7481504	14819144	16180792	15155104	6048368	13738392	0	0	0	0	9008576	0	0	0	0	0	0	0	6045560	5999504	0	0	0	0	0	0	0	0	0	6582648	5970984	0	6169848	6023224	6057816	0	6171656	0	6022400	0	6017160	0	0	0	6052992	0	0	6202712	40373027847	57357025658	0	14307168	71718246431	35984296	0	133263456	109652225316	36883960	0	0	64133189538	0	0	62042338727	0	35946176	56619887770	24018656	0	64440222235	33506960	82824604466	65891316869	26371984	75625736898	51283840	144786499834	72422491637
2022-12-05	0	0	0	0	0	0	0	0	0	0	0	0	0	0	0	0	0	0	0	0	0	0	0	0	0	0	0	0	0	0	0	0	0	0	0	0	0	0	0	0	0	0	0	0	0	0	0	0	0	0	0	0	0	0	0	0	0	0	0	0	0	0	0	0	0	0	0	0	0	0	0	0	0	0	0	0	0	0	0	0	0	0	0	0	0	0	0	0	0	0	0	0	0	0	0	0	0	0	0	0	0	0	0	0	0	0	0	0	0	0	0	0	0	0	0	0	0	0	0	0	0	0	0	0	0	0	0	0	0	0	0	0	0	0	0	0	0	0	0	0	0	0	0	0	0	0	0	0	0	0	0	0	0	0	0	0	0	0	0	0	0	0	0	0	0	0	0	0	0	0	0	0	0	0	0	0	0	0	0	0	0	0	0	0	0	0	0	0	0	0	0	0	0	0	0	0	0	0	0	0	0	0	0	0	0	0	0	0	0	0	0	0	0	0	0	0	0	0	0	0	0	0	0	0	0	0	0	0	0	0	0	0	0	0	0	0	0	0	0	0	0	0	0	0	0	0	0	0	0	0	0	0	0	0	0	0	0	0	0	0	0	0	0	0	0	0	0	0	0	0	0	0	0	0	0	0	0	0	0	0	0	0	0	0	0	0	0	0	0	0	0	0	0	0	0	0	0	0	0	0	0	0	0	0	0	0	0	0	0	0	0	0	0	0	0	0	0	0	0	0	0	0	0	0	0	0	0	0	0	14002804	0	0	0	0	0	0	0	0	0	0	0	0	0	0	0	0	0	0	0	0	0	0	0	0	0	0	0	0	0
2022-12-12	0	0	0	0	14101881	0	0	0	0	0	0	0	0	0	0	0	0	0	0	0	0	0	0	0	0	0	6489720	0	0	0	0	0	0	0	0	0	0	0	0	0	0	0	0	0	0	0	80067697	0	0	0	0	110426882	65134859	0	8844328	0	0	0	0	0	0	0	0	0	0	0	0	0	0	0	0	0	0	0	0	0	0	0	0	0	0	0	0	0	0	0	0	0	0	0	0	0	0	0	0	0	0	0	0	0	0	0	0	0	0	0	0	6068160	0	0	0	0	0	0	0	0	0	0	0	0	0	0	0	0	0	0	0	0	0	0	0	0	0	0	0	0	0	0	0	0	0	0	0	5242880	6150904	0	0	0	0	0	0	0	0	7921920	0	81924951	0	0	0	0	0	0	0	0	0	0	0	0	0	0	0	0	0	0	0	0	0	0	0	0	0	0	0	0	0	0	0	0	0	0	0	0	0	0	0	0	0	0	0	0	0	0	0	0	0	1896232	0	0	0	0	0	0	0	0	0	0	0	151022991	0	3249216	0	0	0	0	0	0	0	0	0	0	0	0	0	0	0	0	0	0	0	0	0	0	0	0	0	0	0	0	0	0	0	5972792	0	0	0	0	0	0	0	0	0	0	0	7442680	0	0	8835320	7537960	0	0	0	0	0	7382696	0	0	0	0	0	0	0	0	0	5242880	0	0	0	0	0	3595208	0	0	0	0	0	0	0	0	0	0	0	0	0	0	0	0	0	0	0	0	0	0	0	0	0	0	0	0	0	0	0	0	5242880	0	0	0	0	0	0	40446349671	188743680	167772160	25184669	277937198	63674851	162529280	50733871	214958080	94699552	213696792	199229440	204472320	113546928	30684333447	35306144	31457280	56740282	26214400	112283308	141557760	157286400	51132993	178257920	220200960	145367114	73400320	77312184	73400320	0
2022-12-19	0	0	0	0	0	0	0	0	0	0	0	0	0	0	0	0	0	0	0	0	0	0	0	0	0	0	0	0	0	0	0	0	0	0	0	0	0	0	0	0	0	0	0	0	0	0	0	0	0	0	0	0	0	0	0	0	0	0	0	0	0	0	0	0	0	0	0	0	0	0	0	0	0	0	0	0	0	0	0	0	0	0	0	0	0	0	0	0	0	0	0	0	0	0	0	0	0	0	0	0	0	0	0	0	0	0	0	0	0	0	0	0	0	0	0	0	0	0	0	0	0	0	0	0	0	0	0	0	0	0	0	0	0	0	0	0	0	0	0	0	0	0	0	0	0	0	0	0	0	0	0	0	0	0	0	0	0	0	0	0	0	0	0	0	0	0	0	0	0	0	0	0	0	0	0	0	0	0	0	0	0	0	0	0	0	0	0	0	0	0	0	0	0	0	0	0	0	0	0	0	0	0	0	0	0	0	0	0	0	0	0	0	0	0	0	0	0	0	0	0	0	0	0	0	0	0	0	0	0	0	0	0	0	0	0	0	0	0	0	0	0	0	0	0	0	0	0	0	0	0	0	0	0	0	0	0	0	0	0	0	0	0	0	0	0	0	0	0	0	0	0	0	0	0	0	0	0	0	0	0	0	0	0	0	0	0	0	0	0	0	0	0	0	0	0	0	0	0	0	0	0	0	0	0	0	0	0	0	0	0	0	0	0	0	0	0	0	0	0	0	0	0	0	0	0	0	0	0	0	14446488420	0	0	0	0	0	0	0	0	0	0	0	0	0	0	0	0	0	0	0	0	0	0	0	0	0	0	0	0	0
2023-01-02	0	0	0	0	0	0	0	0	0	0	7685720	0	0	0	0	0	0	0	0	0	0	0	0	0	0	0	0	0	0	0	0	0	0	0	0	5242880	0	0	0	0	0	0	0	0	0	0	24886500	0	0	0	0	13902789	57921441	15396448	0	5242880	6308656	0	0	0	0	0	0	6489624	0	0	0	0	0	0	0	0	0	0	0	0	6850784	0	0	0	0	0	0	0	6542976	0	0	0	0	0	0	0	0	0	0	0	0	0	0	0	0	0	0	0	0	0	0	0	0	0	5964752	0	0	0	0	0	6015152	0	0	0	0	0	0	0	0	0	6155176	0	0	0	0	0	0	0	0	0	0	0	0	0	0	6121840	0	0	0	0	0	0	0	0	0	0	0	0	0	65467617	0	0	0	0	0	0	0	0	0	0	0	0	0	0	0	0	0	0	0	5242880	0	0	0	0	0	0	0	0	0	0	0	10213920	0	0	0	0	0	0	0	0	0	0	0	0	0	0	0	0	12367344	0	0	0	0	5242880	9848680	0	0	9987313	0	0	0	68891921	5242880	0	0	0	0	0	0	0	0	0	0	0	0	6309832	0	0	0	0	0	0	0	0	0	0	0	0	0	0	0	0	0	0	0	0	0	0	0	0	0	0	0	0	0	0	0	0	0	0	0	0	0	0	0	0	0	0	0	0	0	0	0	0	0	0	0	0	0	0	5242880	0	0	0	0	0	0	0	0	0	0	0	0	0	0	0	0	0	0	0	6032328	0	0	0	6582648	0	0	0	0	0	0	0	0	0	0	0	6020320	0	0	0	0	0	0	204472320	256901120	288358400	82181536	1918448253	32683801	275084732	137834276	94371840	135645202	110100480	73400320	78643200	27473813	94968124	104857600	115343360	117427870	115343360	54650285	94371840	73400320	95595935	78643200	57671680	164813587	59163905	85209500	15330208	136314880
2023-01-09	0	0	0	0	0	0	0	0	0	0	0	0	0	0	0	0	0	0	0	0	0	0	0	0	0	0	0	0	0	0	0	0	0	0	0	0	0	0	0	0	0	0	0	0	0	0	0	0	0	0	0	0	0	0	0	0	0	0	0	0	0	0	0	0	0	0	0	0	0	0	0	0	0	0	0	0	0	0	0	0	0	0	0	0	0	0	0	0	0	0	0	0	0	0	0	0	0	0	0	0	0	0	0	0	0	0	0	0	0	0	0	0	0	0	0	0	0	0	0	0	0	0	0	0	0	0	0	0	0	0	0	0	0	0	0	0	0	0	0	0	0	0	0	0	0	0	0	0	0	0	0	0	0	0	0	0	0	0	0	0	0	0	0	0	0	0	0	0	0	0	0	0	0	0	0	0	0	0	0	0	0	0	0	0	0	0	0	0	0	0	0	0	0	0	0	0	0	0	0	0	0	0	0	0	0	0	0	0	0	0	0	0	0	0	0	0	0	0	0	0	0	0	0	0	0	0	0	0	0	0	0	0	0	0	0	0	0	0	0	0	0	0	0	0	0	0	0	0	0	0	0	0	0	0	0	0	0	0	0	0	0	0	0	0	0	0	0	0	0	0	0	0	0	0	0	0	0	0	0	0	0	0	0	0	0	0	0	0	0	0	0	0	0	0	0	0	0	0	0	0	0	0	0	0	0	0	0	0	0	0	0	0	0	0	0	0	0	0	0	0	0	0	0	0	0	0	0	0	0	1380933856	0	0	0	0	0	0	0	0	0	0	0	0	0	0	0	0	0	0	0	0	0	0	0	0	0	0	0	0	0
2023-01-16	0	0	0	0	0	0	0	0	0	0	0	0	0	0	0	0	0	0	0	0	0	0	0	0	0	0	0	0	0	0	0	0	0	0	0	0	0	0	0	0	0	0	0	0	0	0	0	0	0	0	0	0	0	0	0	0	0	0	0	0	0	0	0	0	0	0	0	0	0	0	0	0	0	0	0	0	0	0	0	0	0	0	0	0	0	0	0	0	0	0	0	0	0	0	0	0	0	0	0	0	0	0	0	0	0	0	0	0	0	0	0	0	0	0	0	0	0	0	0	0	0	0	0	0	0	0	0	0	0	0	0	0	0	0	0	0	0	0	0	0	0	0	0	0	0	0	0	0	0	0	0	0	0	0	0	0	0	0	0	0	0	0	0	0	0	0	0	0	0	0	0	0	0	0	0	0	0	0	0	0	0	0	0	0	0	0	0	0	0	0	0	0	0	0	0	0	0	0	0	0	0	0	0	0	0	0	0	0	0	0	0	0	0	0	0	0	0	0	0	0	0	0	0	0	0	0	0	0	0	0	0	0	0	0	0	0	0	0	0	0	0	0	0	0	0	0	0	0	0	0	0	0	0	0	0	0	0	0	0	0	0	0	0	0	0	0	0	0	0	0	0	0	0	0	0	0	0	0	0	0	0	0	0	0	0	0	0	0	0	0	0	0	0	0	0	0	0	0	0	0	0	0	0	0	0	0	0	0	0	0	0	0	0	0	0	0	0	0	0	0	0	0	0	0	0	0	0	0	0	40257605991	0	0	0	0	0	0	0	0	0	0	0	0	0	0	0	0	0	0	0	0	986638820	0	0	0	0	0	0	0	0
2023-01-23	0	0	0	0	0	0	0	0	0	0	0	0	0	0	0	0	0	0	0	0	0	0	0	0	0	0	0	0	0	0	0	0	0	0	0	0	0	0	0	0	0	0	0	0	0	0	0	0	0	0	0	0	0	0	0	0	0	0	0	0	0	0	0	0	0	0	0	0	0	0	0	0	0	0	0	0	0	0	0	0	0	0	0	0	0	0	0	0	0	0	0	0	0	0	0	0	0	0	0	0	0	0	0	0	0	0	0	0	0	0	0	0	0	0	0	0	0	0	0	0	0	0	0	0	0	0	0	0	0	0	0	0	0	0	0	0	0	0	0	0	0	0	0	0	0	0	0	0	0	0	0	0	0	0	0	0	0	0	0	0	0	0	0	0	0	0	0	0	0	0	0	0	0	0	0	0	0	0	0	0	0	0	0	0	0	0	0	0	0	0	0	0	0	0	0	0	0	0	0	0	0	0	0	0	0	0	0	0	0	0	0	0	0	0	0	0	0	0	0	0	0	0	0	0	0	0	0	0	0	0	0	0	0	0	0	0	0	0	0	0	0	0	0	0	0	0	0	0	0	0	0	0	0	0	0	0	0	0	0	0	0	0	0	0	0	0	0	0	0	0	0	0	0	0	0	0	0	0	0	0	0	0	0	0	0	0	0	0	0	0	0	0	0	0	0	0	0	0	0	0	0	0	0	0	0	0	0	0	0	0	0	0	0	0	0	0	0	0	0	0	0	0	0	0	0	0	0	0	0	80515211982	0	0	0	0	0	0	0	0	0	0	0	0	0	0	0	0	0	0	0	0	0	0	0	0	0	0	0	0	0
2023-01-30	0	12883840	0	5308968	0	0	0	4036328	0	6052832	0	0	6035616	14950280	0	3749240	0	0	6103472	2480176	4550848	5964840	0	0	16268080	15709816	11732600	0	0	0	5453016	0	0	0	0	0	6035048	6692672	5968472	0	10054688	7975480	8130824	0	0	8163192	0	0	0	13594064	11782624	0	0	0	0	6134888	0	5243688	6229176	5368040	0	6135440	6144248	6489624	0	6101656	5472336	0	6734784	0	0	5434840	0	6582352	6710200	5971552	6850784	7240144	6441672	6006488	6504296	6111160	6298024	6448800	0	0	4813104	6726264	4521128	8858056	0	4520272	4547632	0	6761728	0	4959496	0	0	1996792	4678144	6029952	5959944	5975728	5995160	6207408	5973880	0	2449288	5963120	5964752	5988728	0	6021184	6250600	6059192	6015152	6001232	6182512	7431144	0	4535768	0	5982480	6018704	5984808	6155176	0	6181560	6218528	6156104	6083912	6927552	6202608	5957256	6090672	0	6252464	0	7155376	5995720	6121840	0	6619296	6150904	6245368	5989160	0	6419496	0	6023352	6257624	6026896	7921920	9800456	25840096	0	6140976	6224160	6106136	0	6020336	5993376	5996056	0	6223520	6024288	7034576	5867944	0	6327272	6960216	0	0	6225768	6765720	0	6113176	0	6037640	0	5998856	6050952	6085400	0	11868928	7949664	10213920	15661224	6040240	6046328	0	6076960	6036592	5973072	0	6232136	6233656	6531952	0	0	6706264	0	15756000	12367344	12381992	5842656	0	12204064	8146856	9848680	6048120	11739232	0	0	7878616	0	0	0	0	0	0	0	0	6069432	0	6067752	5957552	5948504	6136496	0	0	0	0	0	0	0	0	0	0	0	0	0	0	0	0	0	0	0	0	0	0	0	0	0	0	0	0	0	0	0	0	0	0	0	0	0	0	0	0	0	0	0	0	0	0	0	0	0	0	0	0	0	0	0	0	0	0	0	0	0	0	0	0	0	0	0	0	0	0	0	0	0	0	0	0	0	0	0	0	0	0	0	0	0	0	0	0	0	0	0	0	0	0	0	0	0	0	0	42819887435	57357025658	46633433601	28614336	71718246431	35984296	12548679068	133263456	109652225316	0	71859438507	0	0	0	73473627759	0	0	35946176	0	24018656	0	64526339147	33506960	82824604466	65891316869	26371984	0	51283840	72393249917	0
2023-02-06	13120640	25767680	22670544	10617936	32175280	14702736	22957552	8072656	8013552	12105664	21676020	36580640	12071232	29900560	34092688	7498480	11612688	12054176	12206944	4960352	9101696	11929680	11991312	34053392	32536160	31419632	23465200	108895159	11968576	12509296	10906032	12027696	12156480	12932336	11990640	12066544	12070096	13385344	11936944	13964304	20109376	15950960	16261648	28120048	15921648	16326384	85363980	18675264	5944176	27188128	23565248	83646908	114181782	51381072	17688656	12269776	12617312	10486568	12458352	10736080	12140656	12270880	12288496	12979248	15436832	12203312	10944672	13433712	13469568	13957792	12189504	10869680	11364288	13164704	13420400	11943104	13701568	14480288	12883344	12012976	13008592	12222320	12596048	12897600	13085952	10468160	9626208	13452528	9042256	24087056	9037136	9040544	9095264	6220176	13523456	9057840	9918992	11941728	23476560	3993584	9356288	12059904	11919888	11951456	11990320	16861204	11947760	12136320	4898576	11926240	5964752	5988728	11917072	12042368	12501200	12118384	12030304	12002464	12365024	14862288	11917792	9071536	12019280	17947440	12037408	11969616	12310352	11966896	12363120	12437056	12312208	12167824	13855104	12405216	11914512	12181344	11965152	15292216	11921040	14310752	17987160	12243680	6837248	13238592	18452712	18736104	17967480	18581688	19258488	19585464	18070056	18772872	18080688	23765760	29401368	118531171	31173288	18422928	18672480	18318408	18466392	18061008	17980128	17988168	18327816	18670560	18072864	21103728	17603832	19270104	18981816	20880648	18499584	12899648	12451536	20297160	12522512	12226352	11986272	17318160	14340016	17996568	6050952	12170800	16392224	23737856	15899328	10213920	31322448	6040240	6046328	11993120	6076960	6036592	5973072	5968776	6232136	6233656	6531952	12931248	5970576	13412528	12234336	15756000	24734688	12381992	5842656	23328248	24408128	8146856	19697360	12096240	11739232	12091960	15563496	7878616	7991776	100984466	15397096	13734976	16948768	6380368	5999656	6111872	12138864	6431504	12135504	11915104	11897008	6136496	11993856	6309832	5949896	5979752	12542304	6009344	9188352	9231072	6009224	9029824	11926800	11920560	11980624	6157576	9044720	6003536	9096976	11906176	4514552	5962296	6129024	5972792	8363500	11915712	12727888	12051168	11886000	7392400	14788128	8858600	10278952	7500480	6073000	7442680	10308672	7403984	8835320	7537960	8877712	7760584	11968352	22349400	6024760	7382696	5956544	5943688	4505392	5946424	15026400	17683376	26357136	14963008	36041945	16180792	30310208	12096736	13738392	8915800	8836608	8838088	7962832	18017152	15868176	7949184	6605904	23484736	9644192	6803184	5962640	6045560	5999504	23986104	4550608	6054592	10472784	4446388	5242880	6086904	0	0	6582648	5970984	6406056	6169848	6023224	6057816	0	0	0	0	0	0	6020320	4532832	6052432	6052992	0	0	6202712	146180531154	94446345183	32796803897	88180690	149852391246	186940001	585087585	40281072	0	59446782	217539723	216681824	243428360	59958467	1293981200	186840487	1535485782	108479214	618659840	25848309	83886080	777153358	73090741	1552225382	1392262875	61801813	269822658	104571388	697495658	191200281
2023-02-13	0	0	0	0	23786672	7351368	0	0	0	0	0	0	0	0	0	0	0	0	0	0	0	0	0	0	0	0	0	0	0	0	0	0	0	0	0	0	0	0	0	0	0	0	0	0	0	0	0	0	0	0	0	0	0	0	0	0	0	0	0	0	0	0	0	0	0	0	0	0	0	0	0	0	0	0	0	0	0	0	0	0	0	0	0	0	0	0	0	0	0	0	0	0	0	0	0	0	0	0	0	0	0	0	0	0	0	0	0	0	0	0	0	0	0	0	0	0	0	0	0	0	0	0	0	0	0	0	0	11966896	0	0	0	0	0	0	0	0	0	0	0	0	0	0	0	0	0	0	0	0	0	0	0	0	0	0	0	0	0	0	0	0	0	0	0	0	0	0	0	0	0	0	0	0	0	0	0	0	0	0	0	0	0	0	0	0	0	0	0	0	0	0	0	0	0	0	0	0	0	0	0	0	0	0	0	0	0	0	0	0	0	0	0	0	0	0	0	0	0	0	0	0	0	0	0	0	0	0	0	0	0	0	0	0	0	0	0	0	0	0	0	0	0	0	0	0	0	0	0	0	0	0	0	0	0	0	0	0	0	0	0	0	0	0	0	0	0	0	0	0	0	0	0	0	0	0	0	0	0	0	0	0	0	0	0	0	0	0	0	0	0	0	0	0	0	0	0	0	0	13606368	0	0	0	0	0	0	0	0	0	0	0	6348808	0	0	0	0	0	0	0	0	0	0	0	0	0	0	0	0	0	0	0	128843239355	0	293664	28614336	0	0	0	0	0	0	0	0	0	0	0	0	0	0	0	0	0	0	0	0	0	0	0	0	0	0
2023-02-20	0	0	0	0	0	0	0	0	0	0	0	0	0	0	0	0	0	0	0	0	0	0	0	0	0	0	0	0	0	0	0	0	0	0	0	0	0	0	0	0	0	0	0	0	0	0	0	0	0	0	0	0	0	0	0	0	0	0	0	0	0	0	0	0	0	0	0	0	0	0	0	0	0	0	0	0	0	0	0	0	0	0	0	0	0	0	0	0	0	0	0	0	0	0	0	0	0	0	0	0	0	0	0	0	0	0	0	0	0	0	0	5988728	0	0	0	0	0	0	0	0	0	0	0	0	0	0	0	0	0	6218528	0	0	0	0	0	0	0	0	0	0	0	0	0	0	0	0	0	0	0	0	0	0	0	0	0	0	0	6140976	0	0	0	0	0	0	0	0	0	0	0	0	0	0	0	0	0	0	0	0	0	0	0	0	0	0	0	0	0	0	0	0	0	0	0	6036592	0	0	0	0	0	0	0	0	0	0	0	0	0	0	0	0	0	0	0	0	0	0	0	0	0	0	0	0	0	0	0	0	0	0	0	0	0	0	0	0	0	0	0	0	0	0	0	0	0	0	0	0	0	0	0	0	0	0	0	0	0	6025584	0	0	0	0	0	0	0	0	0	0	0	0	0	0	0	0	0	0	0	0	0	0	0	0	0	0	0	0	0	0	0	0	0	0	0	0	0	0	0	0	0	0	0	0	0	0	0	0	0	0	0	0	0	12697616	0	0	0	0	0	0	0	0	0	0	0	0	0	0	0	0	0	0	0	16535956133	10554076292	0	0	0	0	315477	0	290872	0	0	0	0	0	0	0	0	0	0	0	0	0	0	56559872818	0	0	0	0	0	0
2023-02-27	0	0	0	0	0	0	0	0	0	0	0	0	0	0	0	0	0	0	0	0	0	0	0	0	0	0	0	0	0	0	0	0	0	0	0	0	0	0	0	0	0	0	0	0	0	0	0	0	0	0	0	0	0	0	0	0	0	0	0	0	0	0	0	0	0	0	0	0	0	0	0	0	0	0	0	0	0	0	0	0	0	0	0	0	0	0	0	0	0	0	0	0	0	0	0	0	0	0	0	0	0	0	0	0	0	0	0	0	0	0	0	0	0	0	0	0	0	0	0	0	0	0	0	0	0	0	0	0	0	0	0	0	0	0	0	0	0	0	0	0	0	0	0	0	0	0	0	0	0	0	0	0	0	0	0	0	0	0	0	0	0	0	0	0	0	0	0	0	0	0	0	0	0	0	0	0	0	0	0	0	0	0	0	0	0	0	0	0	0	0	0	0	0	0	0	0	0	0	0	0	0	0	0	0	0	0	0	0	0	0	0	0	0	0	0	0	0	0	0	0	0	0	0	0	0	0	0	0	0	0	0	0	0	0	0	0	0	0	0	0	0	0	0	0	0	0	0	0	0	0	0	0	0	0	0	0	0	0	0	0	0	0	0	0	0	0	0	0	0	0	0	0	0	0	0	0	0	0	0	0	0	0	0	0	0	0	0	0	0	0	0	0	0	0	0	0	0	0	0	0	0	0	0	0	0	0	0	0	0	0	0	0	0	0	0	0	0	0	0	0	0	0	0	0	0	0	0	0	0	133338644472	0	0	0	0	0	0	0	1158536	0	0	0	0	0	0	0	0	0	0	0	0	0	0	0	0	0	0	0	0	0
2023-03-06	0	0	0	0	0	0	0	0	0	0	0	0	0	0	0	0	0	0	0	0	0	0	0	0	0	0	0	0	0	0	0	0	0	0	0	0	0	0	0	0	0	0	0	0	0	0	0	0	0	0	0	0	0	0	0	0	0	0	0	0	0	0	0	0	0	0	0	0	0	0	0	0	0	0	0	0	0	0	0	0	0	0	0	0	0	0	0	0	0	0	0	0	0	0	0	0	0	0	0	0	0	0	0	0	0	0	0	0	0	0	0	0	0	0	0	0	0	0	0	0	0	0	0	0	0	0	0	0	0	0	0	0	0	0	0	0	0	0	0	0	0	0	0	0	0	0	0	0	0	0	0	0	0	0	0	0	0	0	0	0	0	0	0	0	0	0	0	0	0	0	0	0	0	0	0	0	0	0	0	0	0	0	0	0	0	0	0	0	0	0	0	0	0	0	0	0	0	0	0	0	0	0	0	0	0	0	0	0	0	0	0	0	0	0	0	0	0	0	0	0	0	0	0	0	0	0	0	0	0	0	0	0	0	0	0	0	0	0	0	0	0	0	0	0	0	0	0	0	0	0	0	0	0	0	0	0	0	0	0	0	0	0	0	0	0	0	0	0	0	0	0	0	0	0	0	0	0	0	0	0	0	0	0	0	0	0	0	0	0	0	0	0	0	0	0	0	0	0	0	0	0	0	0	0	0	0	0	0	0	0	0	0	0	0	0	0	0	0	0	0	0	0	0	0	0	0	0	0	0	40768828803	0	0	0	0	0	0	0	0	0	0	0	0	0	0	0	0	0	0	0	0	0	0	0	0	0	0	0	0	0
2023-03-13	6560320	12883840	22670544	5308968	16087640	14702736	16321152	4036328	8013552	6052832	15371440	18290320	6035616	29900560	34092688	3749240	0	12054176	6103472	2480176	4550848	5964840	5995656	0	16268080	0	0	0	0	6254648	5453016	6013848	6078240	0	5995320	0	6035048	6692672	0	6982152	10054688	7975480	8130824	14060024	0	8163192	0	0	2972088	0	11782624	25863912	0	0	8844328	6134888	6308656	5243688	6229176	0	6070328	0	6144248	6489624	7718416	0	0	6716856	6734784	0	0	0	5682144	6582352	6710200	5971552	6850784	0	6441672	0	6504296	0	0	0	6542976	5234080	0	0	4521128	0	0	4520272	4547632	3110088	6761728	0	4959496	0	0	0	4678144	0	5959944	5975728	0	6207408	5973880	6068160	2449288	0	0	5988728	0	0	0	0	6015152	0	6182512	7431144	5958896	0	6009640	0	6018704	5984808	0	0	6181560	0	0	6083912	6927552	0	0	6090672	5982576	6252464	0	0	5995720	6121840	3418624	0	0	6245368	5989160	0	6419496	6528488	0	0	6026896	7921920	0	0	0	6140976	6224160	6106136	0	6020336	5993376	5996056	6109272	6223520	0	7034576	5867944	0	6327272	6960216	6166528	0	6225768	6765720	0	6113176	5993136	6037640	7170008	5998856	0	6085400	0	11868928	7949664	0	15661224	6040240	6046328	5996560	6076960	0	5973072	0	6232136	6233656	0	0	0	6706264	6117168	15756000	0	12381992	5842656	23328248	0	0	0	0	0	0	0	0	0	0	0	0	0	0	0	0	0	0	0	0	0	0	0	0	0	0	0	0	0	0	0	0	0	0	0	0	0	0	0	0	0	0	0	0	0	0	0	0	0	0	0	0	0	0	0	0	0	0	0	0	0	0	0	0	0	0	0	0	0	0	0	0	0	0	0	0	0	0	0	0	0	0	0	0	0	0	0	0	0	0	0	0	0	0	0	0	0	0	0	0	0	0	0	0	0	0	0	0	0	0	0	0	0	0	0	0	0	0	0	0	0	38973448287	0	504171313	0	780304993	35984296	0	0	0	0	0	0	0	0	4659114500	0	0	35946176	630060828	0	0	0	33506960	0	0	26371984	0	0	0	0
2023-03-20	0	0	0	0	0	0	0	0	0	0	0	0	0	0	0	0	0	0	0	0	0	0	0	0	0	0	0	0	0	0	0	0	0	0	0	0	0	0	0	0	0	0	0	0	0	0	0	0	0	0	0	0	0	0	0	0	0	0	0	0	0	0	0	0	0	0	0	0	0	0	0	0	0	0	0	0	0	0	0	0	0	0	0	0	0	0	0	0	0	0	0	0	0	0	0	0	0	0	0	0	0	0	0	0	0	0	0	0	0	0	0	0	0	0	0	0	0	0	0	0	0	0	0	0	0	0	0	0	0	0	0	0	0	0	0	0	0	0	0	0	0	0	0	0	0	0	0	0	0	0	0	0	0	0	0	0	0	0	0	0	0	0	0	0	0	0	0	0	0	0	0	0	0	0	0	0	0	0	0	0	0	0	0	0	0	0	0	0	0	0	0	0	0	0	0	0	0	0	0	0	0	0	0	0	0	0	0	0	0	0	0	0	0	0	0	0	0	0	0	0	0	0	0	0	0	0	0	0	0	0	0	0	0	0	0	0	0	0	0	0	0	0	0	0	0	0	0	0	0	0	0	0	0	0	0	0	0	0	0	0	0	0	0	0	0	0	0	0	0	0	0	0	0	0	0	0	0	0	0	0	0	0	0	0	0	0	0	0	0	0	0	0	0	0	0	0	0	0	0	0	0	0	0	0	0	0	0	0	0	0	0	0	0	0	0	0	0	0	0	0	0	0	0	0	0	0	0	0	0	12025744596	0	0	14307168	0	35984296	0	0	0	0	0	0	0	0	0	0	0	0	0	0	0	0	0	0	0	0	0	0	0	0
2023-03-27	0	0	0	0	0	0	0	0	0	0	0	0	0	0	0	0	0	0	0	0	0	0	0	0	0	0	0	0	0	0	0	0	0	0	0	0	0	0	0	0	0	0	0	0	0	0	0	0	0	0	0	0	0	0	0	0	0	0	0	0	0	0	0	0	0	0	0	0	0	0	0	0	0	0	0	0	0	0	0	0	0	0	0	0	0	0	0	0	0	0	0	0	0	0	0	0	0	0	0	0	0	0	0	0	0	0	0	0	0	0	0	0	0	0	0	0	0	0	0	0	0	0	0	0	0	0	0	0	0	0	0	0	0	0	0	0	0	0	0	0	0	0	0	0	0	0	0	0	0	0	0	0	0	0	0	0	0	0	0	0	0	0	0	0	0	0	0	0	0	0	0	0	0	0	0	0	0	0	0	0	0	0	0	0	0	0	0	0	0	0	0	0	0	0	0	0	0	0	0	0	0	0	0	0	0	0	0	0	0	0	0	0	0	0	0	0	0	0	0	0	0	0	0	0	0	0	0	0	0	0	0	0	0	0	0	0	0	0	0	0	0	0	0	0	0	0	0	0	0	0	0	0	0	0	0	0	0	0	0	0	0	0	0	0	0	0	0	0	0	0	0	0	0	0	0	0	0	0	0	0	0	0	0	0	0	0	0	0	0	0	0	0	0	0	0	0	0	0	0	0	0	0	0	0	0	0	0	0	0	0	0	0	0	0	0	0	0	0	0	0	0	0	0	0	0	0	0	0	0	95585224968	0	0	0	0	0	0	0	0	0	0	0	0	0	136222319	0	0	0	0	0	0	0	0	0	0	0	0	0	0	0
2023-04-03	0	0	0	0	0	0	0	0	0	0	0	0	0	0	0	0	0	0	0	0	0	0	0	0	0	0	0	0	0	0	0	0	0	0	0	0	0	0	0	0	0	0	0	0	0	0	0	0	0	0	0	0	0	0	0	0	0	0	0	0	0	0	0	0	0	0	0	0	0	0	0	0	0	0	0	0	0	0	0	0	0	0	0	0	0	0	0	0	0	8858056	0	0	0	0	0	0	0	0	0	0	0	0	0	0	0	0	0	0	0	0	0	0	0	0	0	0	0	0	0	0	0	0	0	0	0	0	0	0	0	0	0	0	0	0	0	0	0	0	0	0	0	0	0	0	0	0	0	0	0	0	0	0	0	0	0	0	0	0	0	0	0	0	0	0	0	0	0	0	0	0	0	0	0	0	0	0	0	0	0	0	0	0	0	0	0	0	0	0	0	0	0	0	0	0	0	0	0	0	0	0	0	0	0	0	0	0	0	0	0	0	0	0	0	0	0	0	0	0	0	0	0	0	0	0	0	0	0	0	0	0	0	0	0	0	0	0	0	0	0	0	0	0	0	0	0	0	0	0	0	0	0	0	0	0	0	0	0	0	0	0	0	0	0	0	0	0	0	0	0	0	0	0	0	0	0	0	0	0	0	0	0	0	0	0	0	0	0	0	0	0	0	0	0	0	0	0	0	0	0	0	0	0	0	0	0	0	0	0	0	0	0	0	0	0	0	0	0	0	0	0	0	0	0	0	0	0	0	0	0	159953329614	0	0	0	226334751	0	0	0	0	0	0	0	0	0	0	0	0	0	0	0	0	0	0	0	0	0	0	0	0	0
2023-04-10	0	0	0	0	16087640	7351368	0	0	0	6052832	0	0	0	0	0	0	0	0	0	0	0	0	0	0	0	0	0	91214973	0	0	0	0	0	0	0	0	0	0	0	0	0	0	0	0	0	0	0	0	0	0	0	0	0	0	0	0	0	0	0	0	0	0	0	0	0	0	0	0	0	0	0	0	0	0	0	0	0	7240144	0	0	0	0	0	0	0	0	0	0	4521128	0	0	0	0	0	0	4528920	0	0	0	0	0	0	0	0	0	0	0	0	0	0	0	5988728	5958536	0	0	0	0	0	0	0	0	0	0	0	0	0	6155176	5983448	0	6218528	0	0	0	0	0	0	0	0	0	0	0	0	0	0	12301808	6245368	0	0	0	0	0	0	0	0	0	0	0	0	0	0	0	0	0	0	0	0	0	0	0	0	0	0	0	0	0	0	0	0	0	6037640	0	0	0	0	0	0	0	0	0	0	0	0	0	6036592	0	0	0	0	0	0	0	0	0	0	0	0	0	0	0	0	0	0	0	0	0	0	0	0	0	0	0	0	0	0	6069432	0	0	5957552	0	6136496	0	0	0	0	0	0	0	0	6009224	0	0	0	0	0	0	0	0	0	0	0	0	0	0	0	0	0	0	0	0	0	0	0	0	0	10308672	7403984	0	0	0	0	0	0	0	7382696	0	5943688	0	0	0	0	0	0	0	0	0	0	0	0	0	0	0	0	0	0	0	0	0	0	0	0	0	7995368	0	0	0	0	0	0	0	6348808	6582648	0	0	0	0	0	6010016	0	0	0	0	0	0	0	0	0	0	0	6202712	40257605991	0	0	0	0	0	0	0	1164366	0	0	0	0	0	0	0	91377601494	0	0	0	0	0	0	65301137899	0	0	0	0	0	0
2023-04-17	0	0	0	0	0	0	0	0	0	0	0	0	0	0	0	0	0	0	0	0	0	0	0	0	0	0	0	0	0	0	0	0	0	0	0	0	0	0	0	0	0	0	0	0	0	0	0	0	0	0	0	0	0	0	0	0	0	0	0	0	0	0	0	0	0	0	0	0	0	0	0	0	0	0	0	0	0	0	0	0	0	0	0	0	0	0	0	0	0	0	0	0	0	0	0	0	0	0	0	0	0	0	0	0	0	0	0	0	0	0	0	0	0	0	0	0	0	0	0	0	0	0	0	0	0	0	0	0	0	0	0	0	0	0	0	0	0	0	0	0	0	0	0	0	0	0	0	0	0	0	0	0	0	0	0	0	0	0	0	0	0	0	0	0	0	0	0	0	0	0	0	0	0	0	0	0	0	0	0	0	0	0	0	0	0	0	0	0	0	0	0	0	0	0	0	0	0	0	0	0	0	0	0	0	0	0	0	0	0	0	0	0	0	0	0	0	0	0	0	0	0	0	0	0	0	0	0	0	0	0	0	0	0	0	0	0	0	0	0	0	0	0	0	0	0	0	0	0	0	0	0	0	0	0	0	0	0	0	0	0	0	0	0	0	0	0	0	0	0	0	0	0	0	0	0	0	0	0	0	0	0	0	0	0	0	0	0	0	0	0	0	0	0	0	0	0	0	0	0	0	0	0	0	0	0	0	0	0	0	0	0	0	0	0	0	0	0	0	0	0	0	0	0	0	0	0	0	0	0	0	0	0	0	0	0	0	0	0	0	0	0	0	0	0	0	108283724047	0	0	0	0	0	0	0	0	0	0	0	0	0
2023-04-24	0	0	0	0	0	0	0	0	0	0	0	0	0	0	0	0	0	0	0	0	0	0	0	0	0	0	0	0	0	0	0	0	0	0	0	0	0	0	0	0	0	0	0	0	0	0	0	0	0	0	0	0	0	0	0	0	0	0	0	0	0	0	0	0	0	0	0	0	0	0	0	0	0	0	0	0	0	0	0	0	0	0	0	0	0	0	0	0	0	0	0	0	0	0	0	0	0	0	0	0	0	0	0	0	0	0	0	0	0	0	0	0	0	0	0	0	0	0	0	0	0	0	0	0	0	0	0	0	0	0	0	0	0	0	0	0	0	0	0	0	0	0	0	0	0	0	0	0	0	0	0	0	0	0	0	0	0	0	0	0	0	0	0	0	0	0	0	0	0	0	0	0	0	0	0	0	0	0	0	0	0	0	0	0	0	0	0	0	0	0	0	0	0	0	0	0	0	0	0	0	0	0	0	0	0	0	0	0	0	0	0	0	0	0	0	0	0	0	0	0	0	0	0	0	0	0	0	0	0	0	0	0	0	0	0	0	0	0	0	0	0	0	0	0	0	0	0	0	0	0	0	0	0	0	0	0	0	0	0	0	0	0	0	0	0	0	0	0	0	0	0	0	0	0	0	0	0	0	0	0	0	0	0	0	0	0	0	0	0	0	0	0	0	0	0	0	0	0	0	0	0	0	0	0	0	0	0	0	0	0	0	0	0	0	0	0	0	0	0	0	0	0	0	0	0	0	0	0	0	22437256156	0	0	0	0	0	0	0	0	0	0	0	0	0	0	0	0	0	0	0	0	0	0	0	0	0	0	0	0	0
2023-05-01	0	0	0	0	0	0	0	0	0	0	0	0	0	0	0	0	0	0	0	0	0	0	0	0	0	0	0	0	0	0	0	0	0	0	0	0	6035048	0	0	0	0	0	0	0	7960824	0	0	0	0	0	0	0	0	0	0	0	0	0	0	0	0	0	0	0	0	0	0	0	0	0	0	0	0	0	0	0	0	0	0	0	0	0	0	0	0	0	0	0	0	0	0	0	0	0	0	0	0	0	0	0	0	0	0	0	0	0	0	0	2449288	0	0	0	0	0	0	0	0	0	0	0	0	0	0	0	0	0	0	0	0	0	0	0	0	0	0	0	0	0	0	0	0	0	0	0	0	0	0	0	0	0	0	4446388	0	0	0	0	0	0	0	0	0	0	0	0	0	0	0	0	0	0	0	0	0	0	0	0	0	0	0	0	0	0	0	0	0	0	0	0	0	0	0	0	0	0	0	0	0	0	0	0	0	0	0	0	0	0	0	0	0	0	0	0	0	0	0	0	0	0	0	0	0	0	0	0	0	0	0	0	0	0	0	0	0	0	0	0	0	0	0	0	0	0	0	0	0	0	0	0	0	0	0	0	0	0	0	0	0	0	0	0	0	0	0	0	0	0	0	0	0	0	0	0	0	0	0	0	0	0	0	0	0	0	0	0	0	0	0	0	0	0	0	0	0	0	0	0	0	0	0	0	0	0	0	0	0	0	0	0	0	0	0	0	0	0	0	0	0	0	0	0	0	0	0	0	0	0	0	0	0	313063894	0	0	14307168	0	0	791977	0	0	0	0	0	0	0	0	0	0	0	0	0	0	0	0	0	0	0	0	0	0	0
2023-05-08	6560320	12883840	11335272	5308968	24476248	14702736	8160576	4036328	4006776	6052832	7685720	18290320	6035616	14950280	17046344	3749240	5806344	6027088	6103472	4960352	4550848	5964840	5995656	17026696	16268080	15709816	11732600	19424744	5984288	6254648	5453016	6013848	6078240	6466168	5995320	6033272	6035048	6692672	5968472	6982152	10054688	7975480	8130824	14060024	7960824	8163192	19820592	9337632	2972088	13594064	11782624	25863912	59380511	19419200	8844328	6134888	6308656	5243688	6229176	5368040	6070328	6135440	6144248	6489624	7718416	6101656	5472336	6716856	6734784	6978896	6094752	5434840	5682144	6582352	6710200	5971552	6850784	7240144	6441672	6006488	6504296	6111160	6298024	6448800	6542976	5234080	4813104	6726264	4521128	8858056	4518568	4520272	4547632	3110088	6761728	4528920	4959496	5970864	11738280	1996792	4678144	6029952	5959944	5975728	5995160	6207408	5973880	6068160	4898576	5963120	5964752	5988728	5958536	6021184	6250600	6059192	6015152	6001232	6182512	7431144	5958896	4535768	6009640	5982480	6018704	5984808	6155176	11966896	6181560	6218528	6156104	6083912	6927552	0	5957256	6090672	5982576	0	5960520	7155376	5995720	6121840	3418624	6619296	0	6245368	5989160	6193896	0	0	6023352	0	6026896	0	9800456	0	10391096	0	0	6106136	6155464	6020336	5993376	5996056	0	6223520	0	7034576	0	0	6327272	0	6166528	0	6225768	6765720	6261256	6113176	5993136	6037640	7170008	0	6050952	6085400	8196112	0	0	10213920	0	0	6046328	0	0	6036592	5973072	5968776	6232136	6233656	0	6465624	0	0	6117168	15756000	0	12381992	0	0	0	0	0	0	0	0	0	0	0	0	0	0	0	0	0	0	0	0	0	0	0	0	0	0	0	0	0	0	0	0	0	0	0	0	0	0	0	0	0	0	0	0	0	0	0	0	0	0	0	0	0	0	0	0	0	0	0	0	0	0	0	0	0	0	0	0	0	0	0	0	0	0	0	0	0	0	0	0	0	0	0	0	0	0	0	0	0	0	0	6803184	0	0	0	0	0	0	0	0	0	0	0	6348808	0	0	0	0	0	0	0	0	0	0	0	0	0	0	0	0	0	0	0	42557026555	1917306569	2007411028	14307168	2409101465	35984296	0	0	0	0	0	0	0	0	0	0	0	35946176	1834071253	24018656	0	0	33506960	0	0	34700197	0	0	0	0
2023-05-15	0	0	0	0	0	0	0	0	0	0	0	0	0	0	0	0	0	0	0	0	0	0	0	0	0	0	0	0	0	0	0	0	0	0	0	0	0	0	0	0	0	0	0	0	0	0	0	0	0	0	0	0	0	0	0	0	0	0	0	0	0	0	0	0	0	0	0	0	0	0	0	0	0	0	0	0	0	0	0	0	0	0	0	0	0	0	0	0	0	0	0	0	0	0	0	0	0	0	0	0	0	0	0	0	0	0	0	0	0	0	0	0	0	0	0	0	0	0	0	0	0	0	0	0	0	0	0	0	0	0	0	0	0	0	0	0	0	0	0	0	0	0	0	0	0	0	0	0	0	0	0	0	0	0	0	0	0	0	0	0	0	0	0	0	0	0	0	0	0	0	0	0	0	0	0	0	0	0	0	0	0	0	0	0	0	0	0	0	0	0	0	0	0	0	0	0	0	0	0	0	0	0	0	0	0	0	0	0	0	0	0	0	0	0	0	0	0	0	0	0	0	0	0	0	0	0	0	0	0	0	0	0	0	0	0	0	4446388	0	0	0	0	0	0	0	0	0	0	0	0	0	0	0	0	0	0	0	0	0	0	0	0	0	0	0	0	0	0	0	0	0	0	0	0	0	0	0	0	0	0	0	0	0	0	0	0	0	0	0	0	0	0	0	0	0	0	0	0	0	0	0	0	0	0	0	0	0	0	0	0	0	0	0	0	0	0	0	0	0	0	0	0	0	0	0	0	0	0	0	0	116914577	0	0	0	0	0	0	0	0	0	0	0	0	0	0	0	524288000	0	0	0	0	0	0	0	0	0	0	0	0	0
2023-05-22	0	0	0	0	0	0	0	0	0	0	0	0	0	0	0	0	0	0	0	0	0	0	0	0	0	0	0	0	0	0	0	0	0	0	0	0	0	0	0	0	0	0	0	0	0	0	0	0	0	0	0	91382290	0	0	0	0	0	0	0	0	0	0	0	0	0	0	0	0	0	0	0	0	0	0	0	0	0	0	0	0	0	0	0	0	0	0	0	0	0	0	0	0	0	0	0	0	0	0	0	0	0	0	0	0	0	0	0	0	0	0	0	0	0	0	0	0	0	0	0	0	0	0	0	0	0	0	0	0	0	0	0	0	0	0	0	0	0	0	0	0	0	0	0	0	0	0	0	0	0	0	0	0	0	0	0	0	0	0	0	0	0	0	0	0	0	0	0	0	0	0	0	0	0	0	0	0	0	0	0	0	0	0	0	0	0	0	0	0	0	0	0	0	0	0	0	0	0	0	0	0	0	0	0	0	0	0	0	0	0	0	0	0	0	0	0	0	0	0	0	0	0	0	0	0	0	0	0	0	0	0	0	0	0	0	0	0	0	0	0	0	0	0	0	0	0	0	0	0	0	0	0	0	0	0	0	0	0	0	0	0	0	0	0	0	0	0	0	0	0	0	0	0	0	0	0	0	0	0	0	0	0	0	0	0	0	0	0	0	0	0	0	0	0	0	0	0	0	0	0	0	0	0	0	0	0	0	0	0	0	0	0	0	0	0	0	0	0	0	0	0	0	0	0	0	0	0	0	0	0	193092404894	0	0	0	1026525	0	0	0	74528384	0	0	0	143669783	0	0	0	0	0	0	0	0	0	0	0	0	0	0	0	0	0
2023-05-29	0	0	0	0	0	0	0	0	0	0	0	0	0	0	0	0	0	0	0	0	0	0	0	0	0	0	0	0	0	0	0	0	0	0	0	0	0	0	0	0	0	0	0	0	0	0	0	0	0	0	0	0	0	0	0	0	0	0	0	0	0	0	0	0	0	0	0	0	0	0	0	0	0	0	0	0	0	0	0	0	0	0	0	0	0	0	0	0	0	0	0	0	0	0	0	0	0	0	0	0	0	0	0	0	0	0	0	0	0	0	0	0	0	0	0	0	0	0	0	0	0	0	0	0	0	0	0	0	0	0	0	0	0	0	0	0	0	0	0	0	0	0	0	0	0	0	0	0	0	0	0	0	0	0	0	0	0	0	0	0	0	0	0	0	0	0	0	0	0	0	0	0	0	0	0	0	0	0	0	0	0	0	0	0	0	0	0	0	0	0	0	0	0	0	0	0	0	0	0	0	0	0	0	0	0	0	0	0	0	0	0	0	0	0	0	0	0	0	0	0	0	0	0	0	0	0	0	0	0	0	0	0	0	0	0	0	0	0	0	0	0	0	0	0	0	0	0	0	0	0	0	0	0	0	0	0	0	0	0	0	0	0	0	0	0	0	0	0	0	0	0	0	0	0	0	0	0	0	0	0	0	0	0	0	0	0	0	0	0	0	0	0	0	0	0	0	0	0	0	0	0	0	0	0	0	0	0	0	0	0	0	0	0	0	0	0	0	0	0	0	0	0	0	0	0	0	0	0	0	195751208281	0	0	0	875688	0	0	0	0	0	0	0	243317619	0	0	0	0	0	0	0	0	0	0	0	0	0	0	0	0	0
2023-06-05	13120640	12883840	22670544	5308968	16087640	7351368	16321152	4036328	4006776	0	15371440	18290320	6035616	0	17046344	3749240	11612688	6027088	12206944	4960352	0	11929680	5995656	0	16268080	15709816	11732600	19424744	5984288	6254648	5453016	6013848	0	0	0	6033272	6035048	6692672	0	6982152	10054688	0	8130824	14060024	7960824	8163192	19820592	9337632	2972088	13594064	0	25863912	19530336	19419200	0	6134888	6308656	5243688	0	5368040	0	6135440	6144248	0	7718416	6101656	5472336	6716856	0	6978896	6094752	5434840	5682144	0	6710200	5971552	0	7240144	6441672	6006488	6504296	6111160	6298024	0	6542976	5234080	4813104	0	4521128	8858056	4518568	4520272	4547632	3110088	6761728	4528920	4959496	5970864	11738280	1996792	4678144	0	5959944	5975728	5995160	6207408	5973880	6068160	2449288	0	0	5988728	5958536	6021184	6250600	6059192	6015152	6001232	6182512	0	5958896	4535768	6009640	5982480	6018704	0	6155176	5983448	6181560	6218528	0	6083912	0	6202608	5957256	6090672	5982576	6252464	0	7155376	0	6121840	3418624	6619296	6150904	6245368	5989160	0	6419496	6528488	6023352	6257624	6026896	7921920	0	0	10391096	6140976	6224160	6106136	6155464	6020336	5993376	5996056	6109272	6223520	6024288	7034576	5867944	6423368	6327272	0	6166528	6449824	6225768	6765720	6261256	6113176	0	6037640	7170008	5998856	6050952	6085400	8196112	0	7949664	10213920	15661224	6040240	6046328	5996560	6076960	6036592	5973072	5968776	6232136	6233656	6531952	6465624	5970576	0	6117168	15756000	12367344	12381992	0	23328248	0	0	0	0	0	0	0	0	0	39452929	0	0	0	0	0	0	0	0	0	0	0	0	0	0	0	0	0	0	0	0	0	0	0	0	0	0	0	0	0	0	0	0	0	0	0	0	0	0	0	0	0	0	0	0	0	0	0	0	0	0	0	0	0	0	0	0	0	0	0	0	0	0	0	0	0	5695032	0	0	0	0	0	0	0	0	0	0	0	0	0	0	0	0	0	0	0	0	0	0	0	0	0	0	0	0	0	0	0	0	0	0	0	0	0	0	0	0	0	0	0	0	0	22430235413	299460157	313164792	14307168	2511777674	0	0	133263456	0	0	0	0	0	0	0	0	0	35946176	298000149	24018656	237760428	0	0	0	0	0	0	0	0	0
2023-06-12	6560320	0	11335272	5308968	16087640	7351368	0	0	0	0	0	18290320	0	0	17046344	3749240	0	0	6103472	2480176	4550848	0	5995656	0	0	0	11732600	19424744	0	0	5453016	6013848	6078240	6466168	5995320	6033272	6035048	0	0	0	0	7975480	8130824	14060024	0	0	19820592	0	2972088	0	11782624	25863912	0	0	8844328	0	6308656	0	0	5368040	6070328	0	0	0	7718416	6101656	0	0	0	0	6094752	0	0	6582352	0	5971552	6850784	0	0	0	6504296	6111160	0	6448800	0	0	4813104	0	0	8858056	0	4520272	0	0	0	0	4959496	0	0	1996792	4678144	6029952	5959944	0	5995160	0	0	6068160	2449288	5963120	5964752	0	5958536	6021184	0	0	0	0	6182512	7431144	5958896	4535768	0	0	6018704	0	6155176	0	6181560	6218528	0	6083912	0	0	5957256	6090672	0	0	5960520	0	5995720	0	3418624	6619296	0	6245368	5989160	6193896	0	0	0	6257624	6026896	0	9800456	25840096	10391096	0	0	6106136	0	6020336	0	0	6109272	0	0	0	0	6423368	0	0	6166528	0	6225768	0	0	6113176	5993136	6037640	0	0	6050952	0	0	11868928	7949664	0	15661224	0	0	5996560	0	0	5973072	0	6232136	0	0	6465624	5970576	0	6117168	0	0	12381992	5842656	23328248	12204064	8146856	9848680	6048120	11739232	12091960	15563496	0	0	0	0	0	0	0	0	0	6069432	0	6067752	5957552	5948504	0	0	0	0	0	0	0	0	0	0	0	0	5960280	0	0	0	6003536	4548488	0	0	0	3064512	5972792	3086744	0	0	0	0	0	0	8858600	0	0	0	0	0	0	8835320	7537960	0	7760584	0	7449800	0	7382696	0	0	0	0	0	8841688	0	0	0	16180792	15155104	0	0	0	0	0	0	0	0	7949184	0	0	0	0	5962640	0	0	7995368	0	6054592	0	10574100	0	0	0	6348808	0	0	6406056	0	6023224	0	0	6171656	5969960	0	0	6017160	6020320	0	0	6052992	5951352	6083192	0	161468566090	57357025658	46633433601	14307168	71889586191	0	105285401185	0	109652225316	0	71859438507	71884894899	64133189538	52252564	0	0	66594383702	35946176	0	24018656	59130131663	64440222235	33506960	0	0	26371984	12777561580	0	0	72422491637
2023-06-19	0	0	0	0	0	0	0	0	0	0	0	0	0	0	0	0	0	0	0	0	0	0	0	0	0	0	0	0	0	0	0	0	0	0	0	0	0	0	0	0	0	0	0	0	0	0	0	0	0	0	0	0	0	0	0	0	0	0	0	0	0	0	0	0	0	0	0	0	0	0	0	0	0	0	0	0	0	0	0	0	0	0	0	0	0	0	0	0	0	0	0	0	0	0	0	0	0	0	0	0	0	0	0	0	0	0	0	0	0	0	0	0	0	0	0	0	0	0	0	0	0	0	0	0	0	0	0	0	0	0	0	0	0	0	0	0	0	0	0	0	0	0	0	0	0	0	0	0	0	0	0	0	0	0	0	0	0	0	0	0	0	0	0	0	0	0	0	0	0	0	0	0	0	0	0	0	0	0	0	0	0	0	0	0	0	0	0	0	0	0	0	0	0	0	0	0	0	0	0	0	0	0	0	0	0	0	0	0	0	0	0	0	0	0	0	0	0	0	0	0	0	0	0	0	0	0	0	0	0	0	0	0	0	0	0	0	0	0	0	0	0	0	0	0	0	0	0	0	0	0	0	0	0	0	0	0	0	0	0	0	0	0	0	0	0	0	0	0	0	0	0	0	0	0	0	0	0	0	0	0	0	0	0	0	0	0	0	0	0	0	0	0	0	0	0	0	0	0	0	0	0	0	0	0	0	0	0	0	0	0	0	0	0	0	0	0	0	0	0	0	0	0	0	0	0	0	0	0	0	7831007631	0	117238271	0	927821310	0	0	0	0	0	0	0	0	0	0	0	0	0	0	0	0	0	0	0	0	0	0	0	0	0
2023-06-26	0	0	0	0	0	0	0	0	0	0	0	0	0	0	0	0	0	0	0	0	0	0	0	0	0	0	0	0	0	0	0	0	0	0	0	0	0	0	0	0	0	0	0	0	0	0	0	0	0	0	0	0	0	0	0	0	0	0	0	0	0	0	0	0	0	0	0	0	0	0	0	0	0	0	0	0	0	0	0	0	0	0	0	0	0	0	0	0	0	0	0	0	0	0	0	0	0	0	0	0	0	0	0	0	0	0	0	0	0	0	0	0	0	0	0	0	0	0	0	0	0	0	0	0	0	0	0	0	0	0	0	0	0	0	0	0	0	0	0	0	0	0	0	0	0	0	0	0	0	0	0	0	0	0	0	0	0	0	0	0	0	0	0	4446388	0	0	0	0	0	0	0	0	0	0	0	0	0	0	0	0	0	0	0	0	0	0	0	0	0	0	0	0	0	0	0	0	0	0	0	0	0	0	0	0	0	0	0	0	0	0	0	0	0	0	0	0	0	0	0	0	5242880	0	0	0	0	0	0	0	0	0	0	0	0	0	0	0	0	0	0	0	0	0	0	0	0	0	0	0	0	0	0	0	0	0	0	0	0	0	0	0	0	0	0	0	0	0	0	0	0	0	0	0	0	0	0	0	0	0	0	0	0	0	0	0	0	0	0	0	0	0	0	0	0	0	0	0	0	0	0	0	0	0	0	0	0	0	0	0	0	0	0	0	0	0	0	0	0	0	0	0	0	0	0	0	0	0	0	0	0	36005988572	0	0	0	1185574029	0	0	0	0	0	0	0	0	0	0	0	0	0	0	0	0	0	0	0	0	0	0	0	0	0
2023-07-03	0	0	0	0	0	0	0	0	0	0	0	0	0	0	0	0	0	0	0	0	4550848	0	0	0	0	0	0	0	0	0	0	0	0	0	0	0	0	0	0	0	0	0	0	0	0	0	0	0	0	0	0	0	0	0	0	0	0	0	0	0	0	0	0	0	0	0	0	0	0	0	0	0	0	0	0	0	0	0	0	0	0	0	0	0	0	0	0	0	0	0	0	0	0	0	6761728	0	0	0	0	0	0	0	0	0	0	0	0	0	0	0	0	0	0	0	0	0	0	0	0	0	0	0	0	0	0	0	0	0	0	0	0	0	0	0	0	0	0	0	0	0	0	0	0	0	0	0	0	0	0	0	0	0	0	0	0	0	0	0	0	0	0	0	0	0	0	0	0	0	0	0	0	0	0	0	0	0	0	0	0	0	0	0	0	0	0	0	0	0	0	0	0	0	0	0	0	0	0	0	0	0	0	0	0	0	0	0	0	0	0	0	0	0	0	0	0	0	0	0	0	0	0	0	0	0	0	0	0	0	0	0	0	0	0	0	0	0	0	0	0	0	0	0	0	0	0	0	0	4446388	0	0	0	0	0	0	0	0	0	0	0	0	0	0	0	0	0	0	0	0	0	0	0	0	0	0	0	0	0	0	0	0	0	0	0	0	0	0	0	0	0	0	0	0	0	0	0	0	0	0	0	0	0	0	0	0	0	0	0	0	0	0	0	0	0	0	0	0	0	0	0	0	0	0	0	0	0	0	0	0	0	75476755240	0	0	0	1264208	0	27195769	0	0	0	0	0	0	0	0	6370944	0	0	0	0	0	0	0	0	0	0	0	0	0	0
2023-07-10	0	0	0	0	0	0	0	0	0	0	0	0	0	0	0	0	0	0	0	0	0	0	0	0	0	0	0	0	0	0	0	0	0	0	0	0	0	0	0	0	0	0	0	0	0	0	0	0	0	0	0	0	0	0	0	0	0	0	0	0	0	0	0	0	0	0	0	0	0	0	0	0	0	0	0	0	0	0	0	0	0	0	0	0	0	0	0	0	0	0	0	0	0	0	0	0	0	0	0	0	0	0	0	0	0	0	0	0	0	0	0	0	0	0	0	0	0	0	0	0	0	0	0	0	0	0	0	0	0	0	0	0	0	0	0	0	0	0	0	0	0	0	0	0	0	0	0	0	0	0	0	0	0	0	0	0	0	0	0	0	0	0	0	0	0	0	0	0	0	0	0	0	0	0	0	0	0	0	0	0	0	0	0	0	0	0	0	0	0	0	0	0	0	0	0	0	0	0	0	0	0	0	0	0	0	0	0	0	0	0	0	0	0	0	0	0	0	0	0	0	0	0	0	0	0	0	0	0	0	0	0	0	0	0	0	0	0	0	0	0	0	0	0	0	0	0	0	0	0	0	0	0	0	0	0	0	0	0	0	0	0	0	0	0	0	0	0	0	0	0	0	0	0	0	0	0	0	0	0	0	0	0	0	0	0	0	0	0	0	0	0	0	0	0	0	0	0	0	0	0	0	0	0	0	0	0	0	0	0	0	0	0	0	0	0	0	0	0	0	0	0	0	0	0	0	0	0	0	0	83391670898	3562216	3815395	0	3358504	0	2721472	0	3562216	0	3562216	3562216	1613936	0	2753687	3107067	0	0	2218120	0	905216	3371728	0	3562216	3562216	0	2564872	0	0	0
2023-07-17	0	0	0	0	0	0	0	0	0	0	0	0	0	0	0	0	0	0	0	0	0	0	0	0	0	0	0	0	0	0	0	0	0	0	0	0	0	0	0	0	0	0	0	0	0	0	0	0	0	0	0	0	0	0	0	0	0	0	0	0	0	0	0	0	0	0	0	0	0	0	0	0	0	0	0	0	0	0	0	0	0	0	0	0	0	0	0	0	0	0	0	0	0	0	0	0	0	0	0	0	0	0	0	0	0	0	0	0	0	0	0	0	0	0	0	0	0	0	0	0	0	0	0	0	4446388	0	0	0	0	0	0	0	0	0	0	0	0	0	0	0	0	0	0	0	0	0	0	0	0	0	0	0	0	0	0	0	0	0	0	0	0	0	0	0	0	0	0	0	0	0	0	0	0	0	0	0	0	0	0	0	0	0	0	0	0	0	0	0	0	0	0	0	0	0	0	0	0	0	0	0	0	0	0	0	0	0	0	0	0	0	0	0	0	0	0	0	0	97089594	0	0	0	0	0	0	0	0	0	0	0	0	0	0	0	0	0	0	0	0	0	0	0	0	0	0	0	0	0	0	0	0	0	0	0	0	0	0	0	0	0	0	0	0	0	0	0	0	0	0	0	0	0	0	0	0	0	0	0	0	0	0	0	0	0	0	0	0	0	0	0	0	0	0	0	0	0	0	0	0	0	0	0	0	0	0	0	0	0	0	0	0	0	0	0	0	0	0	0	0	0	0	0	0	0	0	0	0	0	0	0	121016601727	0	0	0	1343816	0	0	0	0	0	0	0	0	0	5953223	0	0	0	0	0	0	0	36665641	0	0	0	0	0	0	0
2023-07-24	0	0	0	0	0	0	0	0	0	0	0	0	0	0	0	0	0	0	0	2480176	0	0	0	0	0	0	0	0	0	0	0	0	0	0	0	0	0	0	0	0	0	0	0	0	0	0	0	0	0	0	0	0	0	0	0	0	0	0	0	0	0	0	0	0	0	0	0	0	0	0	0	0	0	0	0	0	0	0	0	0	0	0	0	0	0	0	0	0	0	0	0	0	0	0	0	0	0	4446388	0	0	0	0	0	0	0	0	0	0	2449288	0	0	0	0	0	0	0	0	0	0	0	0	0	0	0	0	0	0	0	0	0	0	0	0	0	0	0	0	0	0	0	0	0	0	0	0	0	0	0	0	0	0	0	0	0	0	0	0	0	0	0	0	0	0	0	0	0	0	0	0	0	0	0	0	0	0	0	0	0	0	0	0	0	0	0	0	0	0	0	0	0	0	0	0	0	0	0	0	0	0	0	0	0	0	0	0	0	0	0	0	0	0	0	0	0	0	0	0	87897711	0	0	0	0	0	0	0	0	0	0	0	0	0	0	0	0	0	0	0	0	0	0	0	0	0	0	0	0	0	0	0	0	0	0	0	0	0	0	0	0	0	0	0	0	0	0	0	0	0	0	0	0	0	0	0	0	0	0	0	0	0	0	0	0	0	0	0	0	0	0	0	0	0	0	0	0	0	0	0	0	0	0	0	0	0	0	0	0	0	0	0	0	0	0	0	0	0	0	0	0	0	0	0	0	0	0	0	0	0	0	0	41076422724	0	2917529357	0	234154855	0	0	0	0	0	0	0	0	0	122608	0	447198591	0	0	0	0	0	0	0	0	0	0	0	0	0
2023-07-31	6560320	0	0	0	0	0	0	0	0	0	0	0	0	0	0	0	0	0	0	2480176	0	0	0	0	0	0	0	0	0	0	0	0	0	0	0	0	0	0	0	0	0	0	0	0	0	0	0	6470021	0	13594064	0	0	0	0	0	0	0	0	0	0	0	0	0	0	0	0	0	0	0	0	0	0	0	0	0	0	0	0	0	0	0	0	0	6448800	0	0	0	0	0	0	0	0	0	0	0	0	0	0	0	0	0	0	0	0	0	0	0	0	0	0	0	0	0	0	0	0	0	4446388	0	132728	4446388	0	0	0	0	0	0	0	0	0	0	0	0	0	0	0	0	6252464	0	0	0	0	0	0	0	0	4446388	0	0	0	0	0	0	0	0	6370944	0	0	0	0	0	0	0	0	0	0	0	0	5867944	0	0	0	0	0	0	0	0	0	0	0	0	0	0	0	0	0	0	0	6702764	0	6046328	0	0	0	0	0	4446388	0	0	0	0	0	0	0	0	0	0	0	0	0	0	0	0	0	0	0	0	0	0	13734976	0	0	0	0	0	0	0	0	0	0	0	0	0	0	0	0	0	0	6009224	4514912	0	0	0	0	0	0	0	0	0	0	0	0	0	0	0	0	0	0	0	0	0	0	0	0	0	0	0	0	0	0	0	0	0	0	0	0	0	0	0	0	0	0	0	0	0	0	0	0	0	0	0	0	0	0	0	0	0	0	0	0	0	0	0	0	5236392	0	0	0	0	0	0	0	0	0	0	0	0	0	0	0	0	0	0	0	0	0	0	0	0	0	0	0	0	1224296	0	0	0	0	0	0	0	0	0	0	0	0	0	0	0	10053677	0	0	0	0	0	0	0	0	0
2023-08-07	0	0	0	0	0	0	0	0	0	0	0	0	0	0	17046344	0	0	0	0	0	0	0	0	0	0	0	0	0	0	0	0	0	0	6370944	0	0	0	6692672	0	0	0	0	0	0	0	0	0	0	0	0	0	0	0	0	0	0	0	0	0	0	0	0	0	0	0	0	0	0	0	0	0	0	0	0	0	0	0	0	0	0	0	0	0	0	0	0	0	0	0	0	0	0	0	0	0	0	0	0	0	0	0	0	0	0	0	0	0	0	0	0	0	0	0	0	0	0	0	0	0	0	0	0	0	0	0	0	0	5983448	0	0	0	0	0	0	0	0	0	0	0	0	0	0	0	0	0	0	0	0	0	0	0	0	0	0	0	0	0	0	0	0	0	0	0	0	0	0	0	0	0	0	0	0	0	0	0	0	0	0	0	0	0	0	0	0	0	0	0	0	0	0	0	0	0	0	0	0	0	0	0	0	0	0	0	0	0	0	0	0	0	6636400	0	0	0	0	0	0	0	0	0	0	0	0	0	0	0	0	0	0	0	0	0	0	0	0	0	0	0	0	0	0	0	0	0	0	4522360	0	0	0	0	0	0	0	0	0	0	0	0	0	0	0	0	0	0	0	0	0	0	0	0	0	0	0	0	0	0	0	0	0	0	0	0	0	0	0	0	0	0	0	0	0	0	0	0	0	0	0	0	0	0	0	0	0	4550608	0	0	0	0	0	0	0	0	0	0	0	0	0	0	0	0	0	0	0	0	0	0	0	0	0	0	82068184732	0	0	0	1098848	0	0	0	0	0	0	0	0	0	0	0	0	0	0	0	0	0	0	0	0	0	0	0	0	0
2023-08-14	6560320	0	0	5308968	16087640	7351368	8160576	4036328	4006776	0	7685720	18290320	0	14950280	17046344	3749240	5806344	6027088	0	2480176	0	5964840	5995656	17026696	16268080	15709816	11732600	19424744	5984288	6254648	0	6013848	0	6466168	5995320	6033272	6035048	6692672	5968472	6982152	10054688	7975480	8130824	14060024	7960824	0	19820592	9337632	2972088	13594064	0	25863912	19530336	19419200	8844328	6134888	0	5243688	0	0	6070328	0	6144248	0	7718416	0	5472336	6716856	0	6978896	6094752	5434840	5682144	6582352	0	0	6850784	7240144	6441672	6006488	6504296	6111160	6298024	6448800	0	5234080	0	6726264	4521128	0	4518568	4520272	4547632	3110088	6761728	4528920	4959496	5970864	11738280	1996792	4678144	6029952	0	0	5995160	0	5973880	6068160	2449288	5963120	5964752	5988728	5958536	6021184	0	0	6015152	0	6182512	7431144	5958896	4535768	6009640	5982480	6018704	5984808	6155176	5983448	6181560	6218528	6156104	6083912	6927552	6202608	5957256	6090672	5982576	0	5960520	7155376	0	6121840	3418624	6619296	0	0	0	6193896	6419496	6528488	6023352	6257624	0	7921920	9800456	25840096	10391096	6140976	6224160	6106136	6155464	0	5993376	0	0	6223520	6024288	7034576	5867944	6423368	0	0	0	0	0	0	0	0	0	0	0	0	0	0	0	0	0	0	0	0	0	0	0	0	0	0	0	0	0	0	0	0	0	0	0	0	0	0	0	0	0	0	0	0	0	0	0	0	0	0	0	1137488	0	0	0	0	0	0	0	0	0	0	0	0	0	0	0	0	0	0	0	0	0	0	0	0	0	0	0	0	0	0	0	0	0	0	0	0	0	0	0	0	0	0	0	0	0	0	0	0	0	0	0	0	0	0	0	0	0	0	0	0	0	0	0	0	0	0	0	0	0	0	0	0	0	0	0	0	0	0	0	0	0	0	0	0	0	0	0	0	0	0	0	0	0	0	0	0	0	0	0	0	0	0	0	0	0	0	0	101424987935	0	0	39420216	802059632	0	0	0	0	0	0	0	0	0	0	0	0	0	0	0	0	0	0	0	0	0	0	0	0	0
2023-08-21	0	0	0	0	0	0	0	0	0	0	0	0	0	0	0	0	0	0	0	0	0	0	0	0	0	0	0	0	0	0	0	0	0	0	0	0	0	0	0	0	0	0	0	0	0	0	0	0	0	0	0	0	0	0	0	0	0	0	0	0	0	0	0	0	0	0	0	0	0	0	0	0	0	0	0	0	0	0	0	0	0	0	0	0	0	0	0	0	0	0	0	0	0	0	0	0	0	0	0	0	0	0	0	0	0	0	0	0	0	0	0	0	0	0	0	0	0	0	0	0	0	0	0	0	0	0	0	0	0	0	0	0	0	0	0	0	0	0	0	0	0	0	0	0	0	0	0	0	0	0	0	0	0	0	0	0	0	0	0	0	0	0	0	0	0	0	0	0	0	0	0	0	0	0	0	0	0	0	0	0	0	0	0	0	0	0	0	0	0	0	0	0	0	0	0	0	0	0	0	0	0	0	0	0	0	0	0	0	0	0	0	0	0	0	0	0	0	0	0	0	0	0	0	0	0	0	0	0	0	0	0	0	0	0	0	0	0	0	0	0	0	0	0	0	0	0	0	0	0	0	0	0	0	0	0	0	0	0	0	0	0	0	0	0	0	0	0	0	0	0	0	0	0	0	0	0	0	0	0	0	0	0	0	0	0	0	0	0	0	0	0	0	0	0	0	0	0	0	0	0	0	0	0	0	0	0	0	0	0	0	0	0	0	0	0	0	0	0	0	0	0	0	0	0	0	0	0	0	0	172391	0	0	0	1235208	0	0	62580424	0	0	0	0	0	0	0	0	0	0	54352116	0	0	0	0	0	0	0	0	0	0	0
2023-08-28	0	0	0	0	0	0	0	0	0	0	0	0	0	0	0	0	0	0	0	2480176	0	0	0	0	0	0	0	0	0	0	0	0	0	0	0	0	0	0	0	0	0	0	0	0	0	0	0	0	0	0	0	0	0	0	0	0	0	0	0	0	0	0	0	0	0	0	0	0	0	0	0	0	0	0	0	0	0	0	0	0	0	0	0	0	0	0	0	0	0	0	0	4446388	0	0	0	0	4959496	0	0	0	0	0	0	0	0	0	0	0	2449288	0	0	0	0	0	0	0	0	0	0	0	0	0	0	0	0	0	0	0	0	0	0	0	0	0	0	0	0	0	0	0	0	0	0	0	0	0	0	0	0	0	0	0	0	0	0	0	0	0	0	0	0	0	0	0	0	0	0	0	0	0	0	0	0	0	0	0	0	0	0	0	0	0	0	0	0	0	0	0	0	0	0	0	0	0	0	0	0	0	0	0	0	0	0	0	0	0	0	0	0	0	0	0	0	0	0	0	0	0	0	0	0	0	0	0	0	0	0	0	0	0	0	0	0	0	0	0	0	0	0	0	0	0	0	0	0	0	0	0	0	0	0	0	0	0	0	0	0	0	0	0	0	0	0	0	0	0	0	0	0	0	0	0	0	0	0	0	0	0	0	0	0	0	0	0	0	0	0	0	0	0	0	0	0	0	0	0	0	0	0	0	0	0	0	0	0	0	0	0	0	0	0	0	0	0	0	0	0	0	0	0	0	0	0	0	0	0	0	0	0	125427960	0	0	0	1723768	0	0	0	0	0	0	0	0	0	0	0	0	0	0	0	0	0	0	0	0	0	0	0	0	0
2023-09-04	0	0	0	0	0	0	0	0	0	0	0	0	0	0	0	0	0	0	0	0	0	0	0	0	0	0	0	0	0	0	0	0	0	0	0	0	0	0	0	0	0	0	0	0	0	0	0	0	0	0	0	0	0	0	0	0	0	0	0	0	0	0	0	0	0	0	0	0	0	0	0	0	0	0	0	0	0	0	0	0	0	0	0	0	0	0	0	0	0	0	0	0	0	0	0	0	0	0	0	0	0	0	0	0	0	0	0	0	0	0	0	0	0	0	0	0	0	0	0	0	0	0	0	0	0	0	0	0	0	0	0	0	0	0	0	0	0	0	0	0	0	0	0	0	0	0	0	0	0	0	0	0	0	0	0	0	0	0	0	0	0	0	0	0	0	0	0	0	0	0	0	0	0	0	0	0	0	0	0	0	0	0	0	0	0	0	0	0	0	0	0	0	0	0	0	0	0	0	0	0	0	0	0	0	0	0	0	0	0	0	0	0	0	0	0	0	0	0	0	0	0	0	0	0	0	0	0	0	0	0	0	0	0	0	0	0	0	0	0	0	0	0	0	0	0	0	0	0	0	0	0	0	0	0	0	0	0	0	0	0	0	0	0	0	0	0	0	0	0	0	0	0	0	0	0	0	0	0	0	0	0	0	0	0	0	0	0	0	0	0	0	0	0	0	0	0	0	0	0	0	0	0	0	0	0	0	0	0	0	0	0	0	0	0	0	0	0	0	0	0	6184984	0	0	0	0	0	0	0	0	49382653050	0	0	0	1407144	0	0	0	0	0	0	0	0	0	0	0	0	0	0	0	0	0	0	0	0	0	0	0	0	0
2023-09-11	0	0	0	0	0	0	0	0	0	0	0	0	0	0	0	0	0	0	0	0	0	0	0	0	0	0	0	0	0	0	0	0	0	0	0	0	0	0	0	0	0	0	0	0	0	0	0	0	0	0	0	0	51033916	0	0	0	0	0	0	0	0	0	0	0	0	0	0	0	0	0	0	0	0	0	0	0	0	0	0	0	0	0	0	0	0	0	0	0	0	0	0	0	0	0	0	0	0	0	0	0	0	0	0	0	0	0	0	0	0	0	0	0	0	0	0	0	0	0	0	0	0	0	0	0	0	0	0	5983448	0	0	0	0	0	0	0	0	0	0	0	0	0	0	0	0	0	0	0	0	0	0	0	0	0	0	0	0	0	0	0	0	0	0	0	0	0	0	0	0	0	0	0	0	0	0	0	0	0	0	0	0	0	0	0	0	0	0	0	0	0	0	0	0	0	0	0	0	0	0	0	0	0	0	0	0	0	0	0	0	0	0	0	0	0	0	0	0	0	0	0	0	0	0	0	0	0	0	0	0	0	0	0	0	0	0	0	0	0	0	0	0	0	0	0	0	0	0	0	0	0	0	0	0	0	0	0	0	0	0	0	0	0	0	0	0	0	0	0	0	0	0	0	0	0	0	0	0	0	0	0	0	0	0	0	0	0	0	0	0	0	0	0	0	0	0	0	0	0	6803184	0	0	0	0	0	0	0	0	0	0	0	0	0	0	0	0	0	0	0	0	0	0	0	0	0	0	0	0	0	0	0	5234624120	0	0	0	1223456	0	0	0	0	0	0	0	0	0	11052043040	0	0	0	0	76185044	0	57736680	0	0	0	0	0	0	0	0
2023-09-18	0	0	0	0	0	0	0	0	0	0	0	0	0	0	0	0	0	0	0	0	0	0	0	0	0	0	0	0	0	0	0	0	0	0	0	0	0	0	0	0	0	0	0	0	0	0	0	0	0	0	0	0	0	0	0	0	0	0	0	0	0	0	0	0	0	0	0	0	0	0	0	0	0	0	0	0	0	0	0	0	0	0	0	0	0	0	0	0	0	0	0	0	0	0	0	0	0	0	0	0	0	0	0	0	0	0	0	0	0	0	0	0	0	0	0	0	0	0	0	0	0	0	0	0	0	0	0	0	0	0	0	0	0	0	0	0	0	0	0	0	0	0	0	0	0	0	0	0	0	0	0	0	0	0	0	0	0	0	0	0	0	0	0	0	0	0	0	0	0	0	0	0	0	0	0	0	0	0	0	0	0	0	0	0	0	0	0	0	0	0	0	0	0	0	0	0	0	0	0	0	0	0	0	0	0	0	0	0	0	0	0	0	0	0	0	0	0	0	0	0	0	0	0	0	0	0	0	0	0	0	0	0	0	0	0	0	0	0	0	0	0	0	0	0	0	0	0	0	0	0	0	0	0	0	0	0	0	0	0	0	0	0	0	0	0	0	0	0	0	0	0	0	0	0	0	0	0	0	0	0	0	0	0	0	0	0	0	0	0	0	0	0	0	0	0	0	0	0	0	0	0	0	0	0	0	0	0	0	0	0	0	0	0	0	0	0	0	0	0	0	0	0	0	0	0	0	0	0	0	13456481172	0	0	0	1357488	0	0	0	0	23094672	0	0	0	0	0	0	0	0	0	0	0	0	0	0	0	0	0	0	0	0
2023-09-25	6560320	12883840	11335272	5308968	16087640	14702736	8160576	8072656	4006776	6052832	7685720	36580640	12071232	14950280	17046344	3749240	5806344	12054176	6103472	4960352	4550848	5964840	5995656	17026696	16268080	15709816	11732600	19424744	5984288	6254648	5453016	6013848	6078240	12932336	5995320	6033272	12070096	6692672	5968472	6982152	20109376	7975480	8130824	14060024	7960824	16326384	19820592	18675264	5944176	13594064	11782624	25863912	19530336	38838400	8844328	6134888	12617312	5243688	6229176	5368040	6070328	6135440	6144248	6489624	7718416	12203312	5472336	6716856	6734784	6978896	6094752	10869680	5682144	6582352	6710200	5971552	6850784	7240144	12883344	12012976	6504296	6111160	6298024	12897600	6542976	5234080	4813104	13452528	4521128	8858056	4518568	4520272	4547632	3110088	6761728	4528920	4959496	11941728	11738280	1996792	4678144	6029952	5959944	0	0	0	5973880	12136320	0	0	5964752	0	5958536	0	0	0	0	6001232	0	0	0	4535768	6009640	0	6018704	5984808	0	5983448	0	0	0	0	0	6202608	0	6090672	0	0	0	0	5995720	0	0	6619296	0	0	5989160	0	6419496	0	0	0	0	7921920	0	58068500	0	0	0	0	12310928	6020336	0	0	0	0	0	7034576	0	0	6327272	0	0	0	0	0	0	6113176	5993136	0	0	5998856	6050952	0	0	0	0	0	15661224	0	0	5996560	6076960	0	0	0	0	0	6531952	0	0	0	6117168	0	12367344	12381992	0	0	12204064	0	0	0	0	0	15563496	0	0	20944400	0	13734976	16948768	6380368	5999656	0	6069432	6431504	0	0	5948504	6136496	5996928	0	0	5979752	6271152	0	0	4615536	6009224	0	5963400	5960280	5990312	6157576	0	6003536	0	5953088	4514552	5962296	0	5972792	3086744	0	6363944	6025584	0	7392400	7394064	8858600	10278952	0	0	7442680	10308672	0	0	7537960	8877712	7760584	5984176	7449800	6024760	7382696	5956544	0	0	5946424	7513200	8841688	13178568	0	0	0	15155104	6048368	0	8915800	8836608	0	0	0	0	0	6605904	0	0	0	0	6045560	0	0	0	0	0	0	0	0	0	0	0	0	0	0	0	6057816	0	0	5969960	0	0	0	6020320	0	6052432	6052992	0	6083192	6202712	122195460920	39015932852	46633433601	0	48462234068	35984296	0	133263456	0	0	0	0	0	23625584	23559220	0	6887842544	35946176	51497517916	0	49451055136	0	0	0	0	0	24289224	51283840	0	0
2023-10-02	6560320	0	0	0	0	0	0	0	0	0	0	0	0	0	0	0	0	0	0	0	0	0	0	0	0	0	0	0	0	0	0	0	0	0	0	0	0	0	0	0	0	0	0	0	0	0	0	0	0	0	0	0	0	0	0	0	0	0	0	0	0	0	0	0	0	0	0	0	0	0	0	0	0	0	0	0	0	0	0	0	0	0	0	0	0	0	0	0	0	0	0	0	0	0	0	0	0	0	0	0	0	0	0	0	0	0	0	0	0	720240	0	0	0	0	0	0	0	0	0	0	0	0	0	0	0	0	0	0	0	0	0	0	0	0	0	0	0	0	0	0	0	0	0	0	0	0	0	0	0	0	0	0	0	0	0	0	0	0	0	0	0	0	0	0	0	0	0	0	0	0	0	0	0	0	0	0	0	0	0	0	0	0	0	0	0	0	0	0	0	0	0	0	0	0	0	0	0	0	0	0	0	0	0	0	0	0	0	0	0	0	0	0	0	0	0	0	0	0	0	0	0	0	0	0	0	0	0	0	0	0	0	0	0	0	0	0	0	0	0	0	0	0	0	0	0	0	0	0	0	0	0	0	0	0	0	0	0	0	0	0	0	0	0	0	0	0	0	0	0	0	0	0	0	0	0	0	0	0	0	0	0	0	0	0	0	0	0	0	0	0	0	0	0	0	0	0	0	0	0	0	0	0	0	0	0	0	0	0	0	0	0	0	0	0	0	0	0	0	0	0	0	0	0	0	0	0	0	0	0	132559658265	0	0	14307168	428968	0	0	0	0	0	0	0	0	0	0	0	0	0	0	0	0	472267752	0	0	0	0	0	0	0	0
2023-10-09	0	0	0	0	0	0	0	0	0	0	0	0	0	0	0	0	0	0	0	0	0	0	0	0	0	0	0	0	0	0	0	0	0	0	0	0	0	0	0	0	0	0	0	0	0	0	0	0	0	0	0	0	0	0	0	0	0	0	0	0	0	0	0	0	0	0	0	0	0	0	0	0	0	0	0	0	0	0	0	0	0	0	0	0	0	0	0	0	0	0	0	0	0	0	0	0	0	0	0	0	0	0	0	0	0	0	0	0	0	0	0	0	0	0	0	0	0	0	0	0	0	0	0	0	0	0	0	0	0	0	0	0	0	0	0	0	0	0	0	0	0	0	0	0	0	0	0	0	0	0	0	0	0	0	0	0	0	0	0	0	0	0	0	0	0	0	0	0	0	0	0	0	0	0	0	0	0	0	0	0	0	0	0	0	0	0	0	0	0	0	0	0	0	0	0	0	0	0	0	0	0	0	0	0	0	0	0	0	0	0	0	0	0	0	0	0	0	0	0	0	0	0	0	0	0	0	0	0	0	0	0	0	0	0	0	0	0	0	0	0	0	0	0	0	0	0	0	0	0	0	0	0	0	0	0	0	0	0	0	0	0	0	0	0	0	0	0	0	0	0	0	0	0	0	0	0	0	0	0	0	0	0	0	0	0	0	0	0	0	0	0	0	0	0	0	0	0	0	0	0	0	0	0	0	0	0	0	0	0	0	0	0	0	0	0	0	0	0	0	0	0	0	0	0	0	0	0	0	0	84086449126	0	45990252	0	191264	0	0	0	0	0	0	0	0	0	0	0	0	0	0	0	0	0	0	0	0	0	0	0	0	0
2023-10-16	0	0	0	0	7699032	0	0	0	0	6052832	0	0	0	0	0	0	0	0	0	0	0	0	0	0	0	0	0	0	5984288	0	0	0	0	0	0	0	0	0	0	0	0	0	0	0	0	0	0	0	0	0	0	0	0	0	0	0	0	0	0	0	0	0	0	0	0	0	0	0	0	0	0	0	0	0	0	0	0	0	0	0	0	0	0	0	0	0	0	0	0	0	0	0	0	0	0	0	0	0	0	0	0	0	0	0	0	0	0	0	0	0	0	0	0	0	0	0	0	0	0	0	0	0	0	0	0	0	0	5983448	0	6218528	0	0	0	0	0	0	0	0	0	0	0	0	0	0	0	0	0	0	0	0	0	0	0	0	0	0	0	0	0	0	0	0	0	0	0	0	0	0	0	0	0	0	0	0	0	0	0	0	0	6037640	0	0	0	0	0	0	0	0	0	0	0	0	0	0	0	0	0	0	0	0	0	0	0	0	0	0	0	0	0	0	0	0	0	0	0	0	0	0	0	0	0	0	0	0	0	0	0	0	0	0	0	0	0	0	0	0	0	0	0	0	0	0	0	0	0	0	0	0	0	0	3064512	0	0	0	0	0	0	0	0	0	0	0	0	0	0	0	0	0	0	0	0	0	0	0	0	0	0	0	0	0	0	0	0	0	0	0	0	0	0	0	0	0	0	0	0	0	0	0	0	0	0	0	0	0	0	0	0	0	0	6348808	0	0	0	0	0	0	0	0	0	0	0	0	0	0	0	0	0	0	0	40257605991	0	0	0	0	0	0	0	0	0	0	0	0	0	0	0	0	0	0	0	0	0	0	55486130994	0	0	0	0	0	0
2023-10-23	26241280	38651520	34005816	5308968	16087640	14702736	8160576	8072656	4006776	18158496	30742880	54870960	18106848	29900560	34092688	3749240	11612688	18081264	6103472	9920704	4550848	11929680	11991312	34053392	32536160	15709816	11732600	38849488	11968576	6254648	5453016	12027696	12156480	12932336	5995320	12066544	12070096	13385344	11936944	6982152	20109376	15950960	16261648	28120048	15921648	16326384	19820592	28012896	5944176	13594064	11782624	77591736	19530336	38838400	17688656	12269776	18925968	5243688	6229176	10736080	12140656	12270880	6144248	12979248	15436832	12203312	10944672	6716856	6734784	20936688	12189504	10869680	11364288	13164704	6710200	11943104	6850784	14480288	12883344	6006488	6504296	12222320	12596048	12897600	6542976	10468160	4813104	13452528	4521128	17716112	13555704	4520272	9095264	9330264	13523456	18115680	4959496	11941728	23476560	1996792	9356288	12059904	5959944	5975728	5995160	12414816	0	6068160	9797152	0	5964752	5988728	5958536	0	6250600	0	0	0	6182512	14862288	11917792	4535768	6009640	5982480	6018704	0	18465528	5983448	6181560	12437056	6156104	12167824	13855104	6202608	5957256	12181344	11965152	6252464	5960520	7155376	5995720	12243680	3418624	13238592	12301808	18736104	11978320	0	6419496	13056976	6023352	6257624	6026896	7921920	19600912	25840096	10391096	6140976	12448320	12212272	6155464	12040672	11986752	5996056	6109272	6223520	6024288	7034576	5867944	6423368	12654544	6960216	18499584	12899648	6225768	6765720	6261256	12226352	0	12075280	14340016	5998856	6050952	6085400	8196112	23737856	15899328	10213920	15661224	12080480	6046328	5996560	6076960	6036592	5973072	11937552	6232136	0	6531952	6465624	5970576	0	6117168	15756000	24734688	12381992	0	23328248	12204064	8146856	9848680	0	11739232	12091960	15563496	15757232	0	20944400	0	13734976	16948768	6380368	5999656	6111872	6069432	6431504	6067752	5957552	5948504	6136496	5996928	6309832	0	0	6271152	6009344	4594176	0	6009224	4514912	5963400	5960280	5990312	0	0	6003536	4548488	5953088	4514552	5962296	0	5972792	3086744	0	0	0	0	0	0	8858600	10278952	0	0	7442680	10308672	7403984	8835320	0	0	15521168	0	0	0	0	0	0	4505392	5946424	7513200	0	0	7481504	0	0	0	0	13738392	8915800	8836608	8838088	7962832	9008576	7934088	7949184	6605904	0	0	0	0	0	11999008	7995368	0	0	0	0	0	0	5981600	0	0	0	0	6169848	0	0	6010016	0	0	0	0	0	6020320	4532832	6052432	6052992	5951352	6083192	0	70316042763	0	46633433601	0	1228041224	35984296	105285401185	133263456	109652225316	0	0	0	0	52252564	0	0	66594383702	35946176	0	24018656	59130131663	64440222235	33506960	0	65891316869	0	75625736898	51283840	72393249917	72422491637
2023-10-30	0	0	11335272	0	16087640	0	0	0	0	0	0	0	0	0	0	0	0	0	0	0	0	0	0	0	0	24098424	0	0	0	0	10906032	0	0	0	0	0	0	0	0	0	0	0	0	0	0	0	0	0	0	0	0	0	11141728	0	0	0	0	0	0	0	0	0	0	0	0	0	0	0	0	0	0	0	0	0	0	11943104	0	0	0	0	0	0	0	0	0	0	0	0	0	0	0	0	0	0	0	0	0	0	0	0	0	6029952	0	0	0	0	0	0	2449288	0	0	0	0	0	0	0	0	0	6182512	0	0	0	0	0	6018704	0	0	0	0	0	6156104	0	0	0	0	0	0	0	0	0	0	0	0	6619296	0	0	0	0	0	0	0	0	0	0	0	0	0	0	0	0	0	6020336	0	0	0	0	0	0	0	0	0	0	0	0	0	0	0	0	0	0	0	0	0	0	0	0	0	0	0	0	0	0	0	0	0	0	0	0	0	6465624	0	0	0	15756000	0	0	0	0	0	0	0	0	0	0	0	0	0	0	0	0	0	0	0	0	0	0	0	0	0	0	0	0	0	0	0	0	4594176	0	0	0	0	0	0	0	0	0	0	0	0	0	0	0	0	0	0	0	0	0	0	0	0	0	0	0	0	0	0	0	0	0	0	0	0	0	0	0	0	0	0	0	0	0	0	0	0	0	0	527192	0	0	0	0	0	0	0	0	0	0	0	0	0	0	0	0	0	0	0	0	0	0	0	0	0	0	0	0	0	0	0	0	0	0	0	0	0	0	0	0	0	51517600080	0	0	0	0	0	0	0	0	0	0	0	0	0	2872615	0	0	0	0	0	0	0	0	0	0	0	0	0	0	47152365568
2023-11-06	0	0	0	0	16087640	0	0	0	0	0	7685720	0	0	0	0	0	0	0	0	0	0	0	0	0	0	0	0	49905728	0	0	0	0	0	0	0	0	0	0	0	0	0	0	0	0	0	0	0	0	0	0	0	0	0	0	0	0	0	0	0	0	0	0	0	0	0	0	0	0	0	0	0	5434840	0	0	0	0	0	0	0	0	0	0	0	0	0	0	0	0	0	0	0	0	0	0	0	0	0	0	0	0	0	0	0	0	0	0	0	0	0	0	0	0	0	0	0	0	0	0	0	0	0	0	0	0	0	0	0	5983448	0	0	0	0	0	0	0	0	0	0	0	0	0	0	0	0	0	0	0	0	0	0	0	0	0	0	0	0	0	0	0	0	0	0	0	0	0	0	0	0	0	0	0	0	0	0	0	0	0	0	0	0	0	0	0	0	0	0	0	0	0	0	0	0	0	0	0	0	0	0	0	0	0	0	0	0	0	0	0	0	0	0	0	0	0	0	0	0	0	0	0	0	0	0	0	0	0	0	0	0	0	0	0	0	0	0	0	0	0	0	0	0	0	0	0	0	0	0	0	0	0	0	0	0	0	0	0	0	0	0	0	0	0	0	0	0	0	0	0	0	0	0	0	0	0	0	0	0	0	0	0	0	0	0	0	0	0	0	0	0	0	0	0	0	0	0	0	0	0	6803184	0	0	0	0	0	0	0	0	0	0	0	0	0	0	0	0	0	0	0	0	0	0	0	0	0	0	0	0	0	0	0	0	0	0	0	223768	0	0	0	0	0	0	0	0	0	2826607	0	0	0	0	0	0	0	0	0	0	0	0	0	0	0
2023-11-13	26241280	25767680	20758960	10617936	0	14702736	8160576	4036328	8013552	12105664	0	18290320	6035616	14950280	51139032	7498480	0	12054176	6103472	7440528	9101696	0	5995656	0	0	31419632	23465200	0	5984288	0	10906032	6013848	16602868	12932336	0	6033272	0	0	0	0	20109376	7975480	16261648	0	7960824	16326384	0	9337632	2972088	13594064	23565248	51727824	19530336	0	17688656	0	6308656	5243688	6229176	10736080	6070328	12270880	6144248	6489624	23155248	12203312	10944672	6716856	13469568	20936688	6094752	10869680	17046432	6582352	13420400	17914656	0	0	19325016	12012976	13008592	6111160	12596048	6448800	6542976	10468160	9626208	6726264	9042256	17716112	9037136	9040544	4547632	3110088	6761728	9057840	4959496	11941728	23476560	3993584	4678144	12059904	5959944	11951456	11990320	12414816	5973880	6068160	2449288	5963120	11929504	5988728	11917072	12042368	12501200	12118384	12030304	12002464	12365024	7431144	11917792	9071536	12019280	11964960	6018704	16416004	12310352	11966896	12363120	12437056	12312208	12167824	13855104	12405216	11914512	6090672	5982576	12504928	5960520	14310752	11991440	6121840	3418624	6619296	12301808	12490736	11978320	12387792	12838992	13056976	12046704	12515248	12053792	15843840	9800456	51680192	20782192	12281952	12448320	12212272	6155464	0	5993376	11992112	6109272	12447040	6024288	0	0	0	0	0	6166528	0	0	0	0	6113176	0	0	0	0	0	0	0	0	0	10213920	0	0	0	0	0	0	5973072	0	0	0	0	0	0	6706264	0	15756000	0	12381992	0	0	0	0	0	0	0	0	0	7878616	7991776	20944400	15397096	13734976	16948768	6380368	5999656	6111872	6069432	6431504	6067752	5957552	0	6136496	5996928	6309832	5949896	5979752	6271152	6009344	4594176	4615536	6009224	0	5963400	5960280	5990312	6157576	4522360	6003536	4548488	5953088	4514552	5962296	3064512	5972792	3086744	5957856	6363944	6025584	5943000	7392400	7394064	8858600	10278952	7500480	6073000	7442680	10308672	7403984	8835320	7537960	8877712	7760584	5984176	7449800	6024760	7382696	5956544	11887376	4505392	5946424	7513200	0	0	0	0	0	0	0	0	0	0	0	0	0	0	0	0	0	0	0	0	0	0	0	0	0	0	0	0	6086904	0	0	0	0	0	6169848	6023224	6057816	6010016	6171656	5969960	6022400	6184984	6017160	6020320	4532832	6052432	0	0	0	6202712	0	0	0	0	18247307617	35984296	14442474928	0	21759265660	0	18696878960	71884894899	64133189538	52252564	3542088488	24629417636	90063944600	0	0	24018656	0	64440222235	33506960	82824604466	53229871948	0	72754901352	0	9490052	38623566088
2023-11-20	0	0	0	0	0	0	0	0	0	0	0	0	0	0	0	0	0	0	0	0	0	0	0	0	0	0	0	0	0	0	0	0	0	0	0	0	0	0	0	0	0	0	0	0	0	0	0	0	0	0	0	0	0	0	0	0	0	0	0	0	0	0	0	0	0	0	0	0	0	0	0	0	0	0	0	0	0	0	0	0	0	0	0	0	0	0	0	0	0	0	0	0	0	0	0	0	0	0	0	0	0	0	0	0	0	0	0	0	0	0	0	0	0	0	0	0	0	0	0	0	0	0	0	0	0	0	0	0	0	0	0	0	0	0	0	0	0	0	0	0	0	0	0	0	0	0	0	0	0	0	0	0	0	0	0	0	0	0	0	0	0	0	0	0	0	0	0	0	0	0	0	0	0	0	0	0	0	0	0	0	0	0	0	0	0	0	0	0	0	0	0	0	0	0	0	0	0	0	0	0	0	0	0	0	0	0	0	0	0	0	0	0	0	0	0	0	0	0	0	0	0	0	0	0	0	0	0	0	0	0	0	0	0	0	0	0	0	0	0	0	0	0	0	0	0	0	0	0	0	0	0	0	0	0	0	0	0	0	0	0	0	0	0	0	0	0	0	0	0	0	0	0	0	0	0	0	0	0	0	0	0	0	0	0	0	0	0	0	0	0	0	0	0	0	0	0	0	0	0	0	0	0	0	0	0	0	0	0	0	0	0	0	0	0	0	0	0	0	0	0	0	0	0	0	0	0	0	0	0	0	0	6420837	0	207738343	0	0	0	0	0	0	0	0	0	0	0	0	0	0	0	0	0	0	0	0	0	0	0	0	0
2023-11-27	6560320	12883840	11335272	5308968	0	7351368	8160576	0	4006776	6052832	0	0	6035616	0	17046344	3749240	5806344	6027088	0	0	0	0	0	0	0	0	0	0	0	0	0	0	0	0	0	0	0	0	0	0	0	0	0	0	0	0	0	0	0	0	0	0	0	0	0	0	0	0	0	0	0	0	0	0	0	0	0	0	0	0	0	0	0	0	0	0	0	0	0	0	0	0	0	0	0	0	0	0	0	0	0	0	0	0	0	0	0	0	0	0	0	0	0	0	0	0	0	0	0	0	0	0	0	0	0	0	0	0	0	0	0	0	0	0	0	0	0	0	0	0	0	0	0	0	0	0	0	0	0	0	0	0	0	0	0	0	0	0	0	0	0	0	0	0	0	0	0	0	0	0	0	0	0	0	0	0	0	0	0	0	0	0	0	0	0	0	0	0	0	0	0	0	0	0	0	0	0	0	0	0	0	0	0	0	0	0	0	0	0	0	0	0	0	0	0	0	0	0	0	0	0	0	0	0	0	0	0	0	0	0	0	0	0	0	0	0	0	0	0	0	0	0	0	0	0	0	0	0	0	0	0	0	0	0	0	0	0	0	0	0	0	0	0	0	0	0	0	0	0	0	0	0	0	0	0	0	0	0	0	0	0	0	0	0	0	0	0	0	0	0	0	0	0	0	0	0	0	0	0	0	0	0	0	0	0	0	0	0	0	0	0	0	0	0	0	0	0	0	0	0	0	0	0	0	0	0	0	0	0	0	0	0	0	0	0	0	0	0	0	0	0	0	0	452931956	0	0	0	100331971729	0	0	0	0	0	5591158	0	0	0	0	0	0	0	0	0	0	0	0	0	0	0
2023-12-04	0	0	0	0	0	0	0	0	0	0	0	18290320	0	0	0	0	0	0	0	0	0	0	5995656	17026696	16268080	15709816	11732600	14181864	5984288	6254648	5453016	6013848	6078240	6466168	5995320	6033272	6035048	6692672	5968472	6982152	10054688	7975480	8130824	14060024	7960824	8163192	14577712	9337632	2972088	13594064	11782624	20621032	14287456	14176320	8844328	6134888	6308656	5242880	6229176	5368040	6070328	6135440	6144248	6489624	7718416	6101656	5472336	6716856	6734784	6978896	6094752	5434840	5682144	6582352	6710200	5971552	6850784	7240144	6441672	6006488	6504296	6111160	6298024	6448800	6542976	5234080	4813104	6726264	4521128	8858056	4518568	4520272	4547632	3110088	6761728	4528920	4959496	5970864	11738280	1996792	4678144	6029952	5959944	5975728	5995160	6207408	5973880	6068160	2449288	5963120	5964752	5988728	5958536	6021184	6250600	6059192	6015152	6001232	6182512	7431144	5958896	4535768	6009640	5982480	6018704	5984808	6155176	5983448	6181560	6218528	6156104	6083912	6927552	6202608	5957256	6090672	5982576	6252464	5960520	7155376	5995720	6121840	3418624	6619296	6150904	6245368	5989160	6193896	6419496	6528488	6023352	6257624	6026896	7921920	9800456	20597216	10391096	6140976	6224160	6106136	6155464	6020336	5993376	5996056	6109272	6223520	6024288	7034576	5867944	6423368	6327272	6960216	6166528	6449824	6225768	6765720	6261256	6113176	0	6037640	7170008	5998856	6050952	6085400	0	11868928	7949664	10213920	0	0	0	0	0	0	0	0	0	0	0	0	0	0	0	0	0	0	0	0	12204064	8146856	9848680	6048120	11739232	24183920	31126992	0	0	0	0	0	0	0	0	0	0	0	0	0	0	0	5996928	6309832	5949896	5979752	6271152	6009344	4594176	4615536	6009224	4514912	5963400	5960280	5990312	6157576	4522360	6003536	4548488	5953088	4514552	5962296	3064512	5972792	3086744	5957856	6363944	0	5943000	0	0	0	0	0	0	0	0	0	0	0	0	0	0	0	0	0	0	0	0	0	0	0	13178568	0	0	0	0	0	0	8915800	0	0	7962832	9008576	7934088	7949184	6605904	11742368	4822096	6803184	5962640	6045560	5999504	7995368	4550608	6054592	5236392	6127712	6032328	6086904	5981600	6348808	6582648	5970984	6406056	6169848	6023224	6057816	6010016	6171656	5969960	6022400	6184984	6017160	6020320	4532832	6052432	6052992	5951352	6083192	6202712	0	15728640	0	0	153095895	0	362771650	0	194009672	5426680	168297387	172782259	180539298	10309524	178165359	181597607	172336982	0	4031172562	0	3959251563	356484150	0	0	0	10643344	0	14583680	156849277	0
2023-12-11	0	0	0	0	0	0	0	0	0	0	0	0	0	0	0	0	0	0	0	0	0	0	0	0	0	0	0	0	0	0	0	0	0	0	0	0	0	0	0	0	0	0	0	0	0	0	0	0	0	0	0	0	0	0	0	0	0	0	0	0	0	0	0	0	0	0	0	0	0	0	0	0	0	0	0	0	0	0	0	0	0	0	0	0	0	0	0	0	0	0	0	0	0	0	0	0	0	0	0	0	0	0	0	0	0	0	0	0	2449288	0	0	0	0	0	0	0	0	0	0	0	0	0	0	0	0	0	0	0	0	0	0	0	0	0	0	0	0	0	0	0	0	0	0	0	0	0	0	0	0	0	0	0	0	0	0	0	0	0	0	0	0	0	0	0	0	0	0	0	0	0	0	0	0	0	0	0	0	0	0	0	0	0	0	0	0	0	0	0	0	0	0	0	0	0	0	0	0	0	0	0	0	0	0	0	0	0	0	0	0	0	0	0	0	0	0	0	0	0	0	0	0	0	0	0	0	0	0	0	0	0	0	0	0	0	0	0	0	0	0	0	0	0	0	0	0	0	0	0	0	0	0	0	0	0	0	0	0	0	0	0	0	0	0	0	0	0	0	0	0	0	0	0	0	0	0	0	0	0	0	0	0	0	0	0	0	0	0	0	0	0	0	0	0	0	0	0	0	0	0	0	0	0	0	0	0	0	0	0	0	0	0	0	0	0	0	0	0	0	0	0	0	0	0	0	0	0	0	0	0	0	0	0	0	107880	0	0	0	0	0	0	0	0	0	0	0	0	0	0	0	0	0	0	0	0	0	0	0	0	0
2023-12-18	0	0	0	0	0	0	0	0	0	0	0	0	0	0	0	0	0	0	0	0	0	0	0	0	0	0	0	0	0	0	0	0	0	0	0	0	0	0	0	0	0	36413030	0	0	0	0	0	0	0	0	0	0	0	0	0	0	0	0	0	0	0	0	0	0	0	0	0	0	0	0	0	0	0	0	0	0	0	0	0	0	0	0	0	0	0	0	0	0	0	0	0	0	0	0	0	0	0	0	0	0	0	0	0	0	0	0	0	0	0	0	0	0	0	0	0	0	0	0	0	0	0	0	0	0	0	0	0	0	0	0	0	0	0	0	0	0	0	0	0	0	0	0	0	0	0	0	0	0	0	0	0	0	0	0	0	0	0	0	0	0	0	0	0	0	0	0	0	0	0	0	0	0	0	0	0	0	0	0	0	0	0	0	0	0	0	0	0	0	0	0	0	0	0	0	0	0	0	0	0	0	0	0	0	0	0	0	0	0	0	0	0	0	0	0	0	0	0	0	0	0	0	0	0	0	0	0	0	0	0	0	0	0	0	0	0	0	0	0	0	0	0	0	0	0	0	0	0	0	0	0	0	0	0	0	0	0	0	0	0	0	0	0	0	0	0	0	0	0	0	0	0	0	0	0	0	0	0	0	0	0	0	0	0	0	0	0	0	0	0	0	0	0	0	0	0	0	0	0	0	0	0	0	0	0	0	0	0	0	0	0	0	0	0	0	0	0	0	0	0	0	0	0	0	0	0	0	0	0	0	37640359620	30129256	0	0	0	0	0	0	0	0	0	0	0	0	0	0	0	0	0	0	0	0	0	0	0	0	0	0	0	0
2024-01-01	0	0	0	0	0	0	0	0	0	0	0	0	0	0	0	0	0	0	0	4960352	0	0	0	0	0	0	0	0	0	0	0	0	0	0	0	0	0	0	0	0	0	0	0	0	0	0	0	0	0	0	0	0	0	0	0	0	0	0	0	0	0	0	0	0	0	0	0	0	0	0	0	0	0	0	0	0	0	0	0	0	0	0	0	0	0	0	0	0	0	0	0	0	0	0	0	0	0	0	0	0	0	0	0	0	0	0	0	0	2449288	0	0	0	0	0	0	0	0	0	0	0	0	0	0	0	0	0	0	0	0	0	0	0	0	0	0	0	0	0	0	0	0	0	0	0	0	0	0	0	0	0	0	0	0	0	0	0	0	0	0	0	0	0	0	0	0	0	0	0	0	0	0	0	0	0	0	0	0	0	0	0	0	0	0	0	0	0	0	0	0	0	0	0	0	0	0	0	0	0	0	0	0	0	0	0	0	0	0	0	0	0	0	0	0	0	0	0	0	0	0	0	0	0	0	0	0	0	0	0	0	0	0	0	0	0	0	0	0	0	0	0	0	0	0	0	0	0	0	0	0	0	0	0	0	0	0	0	0	0	0	0	0	0	0	0	0	0	0	0	0	0	0	0	0	0	0	0	0	0	0	0	0	0	0	0	0	0	0	0	0	0	0	0	0	0	0	0	0	0	0	0	0	0	0	0	0	0	0	0	0	0	0	0	0	0	0	0	0	0	0	0	0	0	0	0	0	0	0	0	0	0	0	0	0	0	0	0	0	0	0	0	0	0	0	0	0	0	0	0	0	0	0	0	0	0	0	0	0	0	0
2024-01-08	0	0	0	0	0	0	0	0	2190012	0	6370944	0	0	0	0	0	0	0	0	0	0	0	0	0	0	0	0	83949632	0	0	0	0	0	0	0	0	0	0	0	0	0	0	0	0	0	8163192	53621284	0	0	0	0	27541060	84347816	45459340	0	0	0	0	0	0	0	0	0	0	0	0	0	6716856	6636400	6978896	0	0	0	0	0	0	0	0	0	0	6504296	0	0	0	0	0	0	0	0	0	0	0	0	0	0	0	0	0	0	0	0	0	0	0	0	0	0	0	0	0	0	0	0	0	0	0	0	0	0	0	0	0	0	0	0	0	0	0	0	0	0	0	0	0	0	0	0	6252464	0	0	0	6121840	0	0	0	0	0	0	0	0	0	0	0	0	0	48777540	0	0	0	0	0	0	0	0	0	0	0	0	0	0	4446388	0	0	0	0	0	0	4446388	0	0	0	0	0	0	0	6370944	0	0	0	0	0	0	0	0	5973072	0	0	0	0	0	0	0	0	0	0	0	0	0	0	0	0	0	0	0	0	0	0	60922152	0	0	0	0	0	0	0	0	0	0	0	0	0	0	0	0	0	0	0	0	0	0	0	0	0	0	0	0	0	0	0	0	0	0	0	0	0	0	0	0	0	0	0	0	0	0	0	0	0	0	0	7760584	0	6636400	0	0	0	0	0	0	0	8841688	0	0	0	0	0	4446388	0	0	0	0	0	0	0	0	0	0	0	0	0	0	0	0	0	0	0	0	0	0	5981600	0	0	0	0	0	0	0	0	0	0	0	0	0	0	0	0	0	0	0	0	40407057719	118990652	105717852	41610228	319815680	68819468	524288000	47782080	0	26147416	112021604	65302176	57670316	17254640	62116704	167900920	65501268	72734944	90055948	31323808	383124744	110827880	67756816	0	666107744	54816664	524288000	107177032	8560128	524288000
2024-01-15	0	0	0	0	0	0	0	0	0	0	0	0	0	0	0	0	0	0	0	0	0	0	0	0	0	0	0	0	0	0	0	0	0	0	0	0	0	0	0	0	0	0	0	0	0	0	0	0	0	0	0	0	0	0	0	0	0	0	0	0	0	0	0	0	0	0	0	0	0	0	0	0	0	0	0	0	0	0	0	0	0	0	0	0	0	0	0	0	0	0	0	0	0	0	0	0	0	0	0	0	0	0	0	0	0	0	0	0	0	0	0	0	0	0	0	0	0	0	0	0	0	0	0	0	0	0	0	0	0	0	0	0	0	0	0	0	0	0	0	0	0	0	0	0	0	0	0	0	0	0	0	0	0	0	0	0	0	0	0	0	0	0	0	0	0	0	0	0	0	0	0	0	0	0	0	0	0	0	0	0	0	0	0	0	0	0	0	0	0	0	0	0	0	0	0	0	0	0	0	0	0	0	0	0	0	0	0	0	0	0	0	0	0	0	0	0	0	0	0	0	0	0	0	0	0	0	0	0	0	0	0	0	0	0	0	0	0	0	0	0	0	0	0	0	0	0	0	0	0	0	0	0	0	0	0	0	0	0	0	0	0	0	0	0	0	0	0	0	0	0	0	0	0	0	0	0	0	0	0	0	0	0	0	0	0	0	0	0	0	0	0	0	0	0	0	0	0	0	0	0	0	0	0	0	0	0	0	0	0	0	0	0	0	0	0	0	0	0	0	0	0	0	0	0	0	0	0	0	0	67771676	0	0	0	0	0	0	0	110487778808	0	0	0	0	0	0	0	0	0	0	0	0	0	0	0	0	0	0	0	0	0
2024-01-22	9017920	0	8287204	3795456	15851712	7035984	6304580	2543056	4647612	6903988	7190144	882320	6892020	4469100	8442760	4380024	6710348	5660676	5225060	6486468	10018688	9635216	3295088	14376224	6370944	8040544	14316320	8041736	9654664	5675188	4591728	2402096	4849096	1038968	9665696	2440944	8892776	8143344	5192460	11920940	7342360	8340556	8224520	1700848	4048204	12392140	9739696	13423292	6837624	11808184	1235424	7091908	6171852	7430216	9207680	6885764	9671832	7631860	7565496	6171268	5703916	6272468	6494884	5956836	6365828	11000232	761936	9010912	12165876	1039696	7379936	9435248	7004276	7839904	4155564	14598136	11837024	8768032	1619344	784088	0	3387380	1536848	2452800	8892776	10964136	4446388	13608844	11038196	1536912	4861224	9931448	3119108	1153072	12641028	6570036	4446388	9659700	10681132	4761576	3242412	4446388	737544	6991544	5660088	1560416	11835388	132728	5155720	3594372	5931092	5212716	2196144	1208384	3009212	12963180	10095128	1188432	5436828	1184744	5182884	5326084	5643228	4446388	0	5971204	4446388	761048	1266360	791328	132728	5205500	5097212	4099316	2787288	1277872	3547464	4446388	738120	6570036	773320	4911608	0	5228884	5265588	5264556	4748600	5213084	5233884	5240476	5656940	5675188	5262300	1507840	2720924	3141200	1277496	5262564	3849704	0	4446388	5653924	4288268	4423676	5230860	5242708	4330596	7092756	747944	791368	4446388	7187160	841728	817824	931296	819200	2080116	0	5217124	4446388	7455600	4446388	5675188	1272600	6636400	809728	6370944	1202720	8481120	5673828	4446388	0	0	1428592	4446388	4446388	1112136	4446388	5243940	1038424	5194564	0	0	805600	0	0	4016088	800248	8137704	7145000	1247080	0	884832	1655920	7460004	7388760	7666108	8005276	856296	7233676	0	5297156	5633244	5233460	5703020	5245892	5701340	9627928	0	0	0	0	0	0	0	0	0	0	0	0	0	0	0	0	0	0	0	0	0	0	0	0	0	0	0	0	0	0	0	0	0	0	0	0	0	0	0	0	0	0	0	0	0	0	0	0	0	0	0	0	0	0	0	0	0	0	0	0	0	0	0	0	0	0	0	0	0	0	0	0	0	0	0	0	0	0	0	0	0	0	0	0	0	0	0	0	0	0	0	0	0	0	0	0	0	0	0	0	0	0	2376058	0	7824952	14851153	7232040	8904929	6370944	9472628	0	0	0	0	0	8427215	0	2230102	0	8714642	6901856	6370944	8726144	841360	1536000	6901856	9025504	0	800640	0	0
2024-01-29	0	0	0	0	0	0	0	0	0	0	0	0	0	0	0	0	0	0	0	0	0	0	0	0	0	0	0	0	0	0	0	0	0	0	0	0	0	0	0	0	0	0	0	0	0	0	0	0	0	0	0	0	0	0	0	0	0	0	0	0	0	0	0	0	0	0	0	0	0	0	0	0	0	0	0	0	0	0	0	0	0	0	0	0	0	0	0	0	0	0	0	0	0	0	0	0	0	0	0	0	0	0	0	0	0	0	0	0	0	0	0	0	0	0	0	0	0	0	0	0	0	0	7206480	5982480	4446388	0	0	6744496	7447920	7009856	4512752	759112	783552	5426596	5488444	7002132	760176	9711976	5184508	7846868	4446388	5243428	2946236	4697972	3938308	5264556	6755920	0	7025712	794088	0	0	4446388	0	6640704	6260308	0	816176	5243348	0	819200	5653924	5217364	5220044	4446388	3583608	5657876	0	4928876	791368	797672	6523520	5288116	817824	5244956	7322872	819200	5234764	5217124	5671228	7455600	2372112	4446388	5718988	7389236	2999740	6699476	5715472	1831248	4446388	1228800	4446388	4645480	0	0	6715152	1244864	5662444	7168496	0	0	7180776	792368	3858344	3517292	4991724	5675188	800248	8071340	6614088	7883480	6048120	0	7233676	6901856	7654216	7666108	0	856296	1242176	0	5297156	5633244	0	5703020	4446388	5701340	735152	726104	5258084	0	780232	5173884	757352	5290340	5642932	4446388	4446388	4446388	5039772	741000	4446388	7167824	4446388	5179948	4446388	759688	0	725752	5186284	3206524	5196780	0	4446388	5178332	4446388	5474188	5840032	6370944	1178600	0	7558660	4446388	1196280	0	5990740	5972760	597276	5176392	5442864	4446388	7176160	4446388	6430692	9626920	1161216	1023792	4446388	7571380	752088	7568712	0	0	951928	1228704	4022856	6304580	1235800	6636400	3583656	6304580	9709352	1175688	7827184	1178704	8827028	5172484	1273584	6702880	7274360	7186208	0	5617796	5688180	6479184	6127712	0	0	5205588	819200	7430896	4446388	4446388	845048	4446388	5691404	1329944	846856	4397580	1209600	3182924	6978028	1207520	876760	8892776	4446388	728952	5716780	0	4247296	8132602	0	5634940	0	0	2329185	1065056	938193736	8012180	1467307	132728	6613166	847764	7499132	7928871	6238216	4048204	0	5087516	7676315	1740800	4159560	6304580	6370944	7673840	7466458	2260648	2184317	6437308
2024-02-05	0	0	0	0	0	0	0	0	0	0	0	0	0	0	0	0	0	0	0	0	0	0	0	0	0	0	0	0	0	0	0	0	0	0	0	0	0	0	0	0	0	0	0	0	0	0	0	0	0	0	0	0	0	0	0	0	0	0	0	0	0	0	0	0	0	0	0	0	0	0	0	0	0	0	0	0	0	0	0	0	0	0	0	0	0	0	0	0	0	0	0	0	0	0	0	0	0	0	0	0	0	0	0	0	0	0	0	0	0	0	0	0	0	0	0	0	0	0	0	0	0	0	0	0	0	0	0	0	0	0	0	0	0	0	0	0	0	0	0	0	0	0	0	0	0	0	0	0	0	0	0	0	0	0	0	0	0	0	0	0	0	0	0	0	0	0	0	0	0	0	0	0	0	0	0	0	0	0	0	0	0	0	0	0	0	0	0	0	0	0	0	0	0	0	0	0	0	0	0	0	0	0	0	0	0	0	0	0	0	0	0	0	0	0	0	0	0	0	0	0	0	0	0	0	0	0	0	0	0	0	0	0	0	0	0	0	0	0	0	0	0	0	0	0	0	0	0	0	0	0	0	0	0	0	0	0	0	0	0	0	0	0	0	0	0	0	0	0	0	0	0	0	0	0	0	0	0	0	0	0	0	0	0	0	0	0	0	0	0	0	0	0	0	0	0	0	0	0	0	0	0	0	0	0	0	0	0	0	0	0	0	0	0	0	0	0	0	0	0	0	0	0	0	0	0	0	0	0	0	0	0	0	0	0	0	0	0	1164326	0	0	0	0	0	0	0	0	0	0	0	0	0	0	0	0	0	0	0	0	0
2024-02-12	6560320	12883840	11335272	5308968	0	7351368	8160576	4036328	0	6052832	0	0	6035616	0	0	3749240	5806344	6027088	6103472	2480176	0	5964840	0	0	0	0	0	0	0	0	0	0	0	0	0	0	0	0	0	0	0	0	0	0	0	0	0	0	0	0	0	0	0	0	0	0	0	0	0	0	0	0	0	0	0	0	0	0	0	0	0	0	0	0	0	0	0	0	0	0	0	0	0	0	0	0	0	0	0	0	0	0	0	0	0	0	0	0	0	0	0	0	0	0	0	0	0	0	0	0	0	0	0	0	0	0	0	0	0	0	0	0	0	0	0	0	0	0	0	0	0	0	0	0	0	0	0	0	0	0	0	0	0	0	0	0	0	0	0	0	0	0	0	0	0	0	0	0	0	0	0	0	0	0	0	0	0	0	0	0	0	0	0	0	0	0	0	0	0	0	0	0	0	0	0	0	0	0	0	0	0	0	0	0	0	0	0	0	0	0	0	0	0	0	0	0	0	0	0	0	0	0	0	0	0	0	0	0	0	0	0	0	0	0	0	0	0	0	0	0	0	0	0	0	0	0	0	0	0	0	0	0	0	0	0	0	0	0	0	0	0	0	0	0	0	0	0	0	0	0	0	0	0	0	0	0	0	0	0	0	0	0	0	0	0	0	0	0	0	0	0	0	0	0	0	0	0	0	0	0	0	0	0	0	0	0	0	0	0	0	0	0	0	0	0	0	0	0	0	0	0	0	0	0	0	0	0	0	0	0	0	0	0	0	0	0	0	0	0	120845420189	0	0	0	294848328	0	0	0	290872	0	0	0	0	0	0	0	0	0	0	0	0	0	0	0	0	0	0	0	0	0
2024-02-19	0	0	0	0	0	0	0	0	0	0	0	0	0	0	0	0	0	0	0	0	0	0	0	0	0	0	0	0	0	0	0	0	0	0	0	0	0	0	5968472	0	0	0	0	0	0	8163192	0	0	0	0	0	0	0	0	0	0	0	0	0	0	0	0	0	0	0	0	0	0	0	0	0	0	0	0	0	0	0	0	0	0	0	0	0	0	0	0	0	0	0	0	0	0	0	0	0	0	0	0	0	0	0	0	0	0	0	0	0	0	0	0	0	0	0	0	0	0	0	0	0	0	0	0	0	0	0	0	0	0	0	0	0	0	0	0	0	0	0	0	0	0	0	0	0	0	0	0	0	0	0	0	0	0	0	0	0	0	0	0	0	0	0	0	0	0	0	0	0	0	0	0	0	0	0	0	0	0	0	0	0	0	0	0	0	0	0	0	0	0	0	0	0	0	0	0	0	0	0	0	0	0	0	0	0	0	0	0	0	0	0	0	0	0	0	0	0	0	0	0	0	0	0	0	0	0	0	0	0	0	0	0	0	0	0	0	0	0	0	0	0	0	0	0	0	0	0	0	0	0	0	0	0	0	0	0	0	0	0	0	0	0	0	0	0	0	7764588	0	0	0	0	0	0	0	0	0	0	0	0	0	0	0	0	0	0	0	0	0	0	0	0	0	0	0	0	0	0	11742368	0	0	5962640	0	0	0	0	0	0	0	0	0	0	0	0	0	0	0	0	0	0	0	0	0	0	0	0	0	0	0	0	0	0	0	0	0	0	0	0	0	0	0	0	0	0	0	0	0	0	0	0	0	0	0	0	0	0	0	0	0	0	7764588	0
2024-03-04	6560320	12883840	11335272	5308968	0	7351368	8160576	0	4006776	0	7685720	18290320	6035616	14950280	17046344	3749240	5806344	0	6103472	0	4550848	5964840	5995656	17026696	16268080	15709816	0	19424744	5984288	6254648	5453016	0	0	6466168	5995320	6033272	6035048	6692672	5968472	6982152	0	7975480	0	14060024	7960824	8163192	19820592	0	2972088	13594064	11782624	25863912	19530336	19419200	0	6134888	0	5243688	0	5368040	6070328	6135440	6144248	6489624	0	6101656	0	6716856	0	6978896	6094752	0	5682144	6582352	6710200	5971552	6850784	0	6441672	0	6504296	6111160	6298024	6448800	6542976	0	0	6726264	4521128	8858056	4518568	4520272	0	3110088	6761728	4528920	0	5970864	11738280	1996792	4678144	6029952	0	5975728	5995160	0	5973880	6068160	2449288	0	5964752	5988728	5958536	6021184	6250600	6059192	6015152	6001232	0	0	0	4535768	6009640	5982480	6018704	5984808	0	0	0	6218528	0	6083912	6927552	6202608	5957256	6090672	0	6252464	0	0	5995720	6121840	3418624	6619296	6150904	0	0	6193896	6419496	0	0	6257624	6026896	0	9800456	0	10391096	6140976	0	6106136	6155464	6020336	5993376	5996056	0	6223520	0	7034576	5867944	6423368	6327272	6960216	6166528	0	6225768	0	6261256	0	0	6037640	7170008	0	6050952	0	16027064	11868928	7949664	0	15661224	6040240	6046328	0	0	0	5973072	0	6232136	0	6531952	6465624	5970576	6706264	0	15756000	12367344	0	5842656	0	12204064	8146856	9848680	0	0	0	0	0	0	0	0	0	0	0	0	0	0	0	0	0	0	0	0	0	0	0	0	0	0	0	0	0	0	11920560	0	0	4522360	0	0	0	0	0	0	0	0	0	0	0	0	0	0	0	0	0	0	0	0	0	0	0	0	0	0	0	0	0	0	0	0	0	0	0	7935688	0	0	0	0	0	0	0	0	0	0	0	0	0	0	0	0	0	0	0	0	0	0	0	0	0	0	0	0	0	0	0	0	0	0	0	0	0	0	0	0	0	0	0	0	0	0	0	0	40257605991	21074107852	0	0	20861968109	35984296	0	133263456	0	0	0	0	0	0	0	22829216	23824676	35946176	22276078956	0	21037061880	0	33506960	0	0	26371984	0	20108292	0	0
2024-03-11	3870888	10440240	4659692	8042600	5337660	3428388	12562112	7497868	1512464	4048204	2787288	8627320	1222816	9954600	1888456	3379252	5644732	0	1091456	2656864	14515092	0	6889420	16358956	8200084	6096604	14049844	2388068	13075416	7518284	7643028	6244208	11448428	9533560	772920	5312648	11561136	3076212	5575708	6045420	8320032	5113364	6660044	6819052	9080548	6694720	14558628	7108252	2972088	10060616	11608944	8087368	6639032	8023464	9667692	9556416	280368	4631388	7641640	5726180	11044240	10203368	7328828	3650020	3047628	5847812	3716384	7345420	12818884	9463440	10541140	11220068	1278944	3912112	2961012	13936920	3633692	2439468	3979404	7068200	7792600	5642348	768424	3616124	0	6636400	6009424	6306692	7675928	189768	8826412	8030044	7594324	961488	13486108	920752	9573512	11350692	2380004	1996792	8295936	7247104	1309784	13514656	4446388	5226596	9080768	1540032	3669776	2920016	181264	5212716	7547584	10300252	6648784	5503936	5878004	5037544	8372524	6436064	911904	5475016	7432632	5638440	6448660	8241012	7963680	5906396	3733800	298240	6261048	4686812	4677852	2491532	1042056	5724260	0	11903028	10583940	1144104	2963332	5123092	756224	8242688	5630604	1280048	11059760	7159800	12799380	1215088	9745916	1482136	6036620	13711040	7503436	6171852	5441848	6140976	7021120	7740384	7825176	1431400	4264088	4636244	8896560	9689048	2629904	2039264	4739948	3618860	7712400	9310808	6549568	666336	10672156	7455600	10788656	6636400	5559500	5925380	5000132	5632444	7501140	3517292	622152	9689724	7628572	7245984	19731316	6196036	3418812	8948348	6573280	9338256	3462088	185288	6028856	7658920	1399616	9765272	4434384	7566024	3784608	8413352	10684380	1287304	5964756	7967560	9148768	0	11334408	5305096	7255776	9665532	1022696	10723804	13132164	5640940	8687248	7878208	4961916	7828016	5849412	11673716	6355376	7079520	13390456	6129216	6111120	11747588	5996928	4887832	6677392	6737104	12542304	5642932	6052640	6119120	12234584	4514912	12104312	6874952	1377136	12315152	9952352	7194272	9856664	6683776	4685616	13578392	6432060	11358876	731544	10925336	11542276	1454880	12045512	7561312	8300304	7744656	7302160	14146016	1260200	14032816	7771200	7584480	917552	8631992	9174124	8557968	13139728	15754148	7477992	15492088	6690688	5943688	9172688	6109360	15706112	15212632	20907876	16453728	12473904	6754612	18767172	1235568	7889040	18010656	9009728	16511820	15264288	12951048	15480720	23702592	1396320	10279808	5738800	7578164	11925280	12350792	1395520	8045428	5888880	7562688	9357042	12599648	13530624	8936128	6936512	7730936	14409584	5375268	14171224	7014896	7698720	7567560	6010016	6557424	5378020	7463712	13629248	12265592	1207520	4722176	4710532	6052992	896816	12166384	4446388	212594381	18615599	7565719	8953140	17275060	5241120	26073566	13577524	23426865	6370944	29892760	28729072	55818391	14054200	20273184	0	32610845	9920552	16464926	11348792	15529569	5243107	10995052	20962111	14269207	8338076	29424395	7171584	5574849	27455266
2024-03-18	0	0	0	0	0	0	0	0	0	0	0	0	0	0	7830952	0	0	0	0	0	0	0	0	0	0	0	0	0	0	0	0	0	0	0	0	0	0	0	0	0	0	0	0	0	0	0	0	0	0	0	0	0	0	0	0	0	0	0	0	0	0	0	0	0	0	0	0	0	0	0	0	0	0	0	0	0	0	0	0	0	0	0	0	0	0	0	0	0	0	0	0	0	0	0	0	0	0	0	0	0	0	0	0	0	0	0	0	0	0	0	0	0	0	0	0	0	0	0	0	0	0	0	0	0	0	0	0	0	0	0	0	0	0	0	0	0	0	0	0	0	0	0	0	0	0	0	0	0	0	0	0	0	0	0	0	0	0	0	0	0	0	0	0	0	0	0	0	0	0	0	0	0	0	0	0	0	0	0	0	0	0	0	0	0	0	0	0	0	0	0	0	0	0	0	0	0	0	0	0	0	0	0	0	0	0	0	0	0	0	0	0	0	0	0	0	0	0	0	0	0	0	0	0	0	0	0	0	0	0	0	0	0	0	0	0	0	0	0	0	0	0	0	0	0	0	0	0	0	0	0	0	0	0	0	0	0	0	0	0	0	0	0	0	52098760	0	0	0	0	0	0	0	0	0	0	0	0	0	0	0	0	0	0	0	0	0	0	0	0	0	0	0	0	0	14320128	0	0	0	0	0	0	0	0	0	0	0	0	0	0	0	0	0	0	0	0	0	0	0	0	0	0	0	0	0	0	0	0	0	0	0	0	0	0	0	0	0	0	0	0	0	0	0	0	0	0	0	0	0	0	0	0	0	0	0	0	0	0	0	0	0
2024-03-25	5675188	1601280	12468136	11174416	7461308	63804680	20829704	3461540	5622000	13334464	13318464	7272852	10482004	7920028	5655472	9876960	5644732	11321352	9671448	5221800	9654824	5188828	11215300	13513492	12328396	1404144	8020892	14077868	5672824	5675188	9635392	10093824	13055508	9931744	8892776	10113248	6035048	7811524	5192460	14484556	13803712	7521660	6636400	16566384	16349160	18171784	7034584	838432	1228800	14728200	15702776	10325664	8158016	16600468	10626048	0	1558112	1608904	7440752	862440	8585384	11494868	10941272	69860492	13267684	12920956	4446388	14917308	6370944	8715792	12081044	7124068	7004276	6370944	13089336	11679092	8808512	7834944	5256060	5230476	10504640	7307120	7834872	11212848	10509928	9928456	0	13938552	10007044	13377616	6520324	9931448	1517664	2944900	13105576	4390140	6173380	9641240	13667512	2764784	6807220	6880692	9630320	5199716	9665536	10453192	11171748	7323520	2582016	1481440	8892776	5212716	9628912	5204056	10696988	0	10004792	6823252	8892776	0	5182884	746968	1196840	6726628	4446388	0	819200	5207436	0	7009856	5265588	2882760	3318200	4446388	5488444	0	6742752	5265588	4446388	1144104	3915476	5243428	2946236	5228884	819200	6245368	5213148	4446388	4769336	5240476	5656940	4446388	5660484	0	1198856	1681192	1277496	5262564	0	1562672	5265588	7227872	903704	4446388	4446388	796320	5657876	6304580	5194332	791368	70397664	6370944	5288116	817824	2787288	0	5280444	4446388	1541472	1224840	819200	5632444	4446388	1272600	7190144	0	6636400	0	1048352	5673828	1228800	5630148	4446388	0	5947732	746376	5558524	0	4446388	1038424	5194564	5176392	792368	123289456	6437308	0	4446388	800248	0	79601272	7618024	1235320	6304580	5606168	6370944	1017816	1233376	7872548	856296	7679484	7550112	1128188	1186856	0	5703020	932232	0	4446388	3513392	944424	0	5226620	9620272	9650128	843952	8402432	5661364	1236336	0	5241024	741000	737880	1177512	832776	5179948	5637124	0	730688	4446388	5186284	3206524	5196780	3653100	4446388	4446388	5441848	5474188	0	6968220	6636400	7126696	1254080	4446388	530912	1195072	7118928	6370944	779560	1197712	7168328	4446388	4313660	4446388	0	5180532	1028488	5470180	5946424	1266800	0	7966896	6370944	1097544	5375484	5043664	5748320	7550172	1235800	3915476	6986704	1204432	3318200	5622076	4579116	0	7566112	4446388	7644528	872968	132728	1186704	7198312	0	1241792	6479184	802912	5665916	7361008	5981600	9711984	5294636	0	906784	845048	4446388	0	10089992	5293244	747560	5655988	3050196	7221520	0	744032	4446388	4446388	728952	6083192	5155536	14201191	18488206	0	5966760	0	6370944	7233676	7538400	0	7517304	13802071	7395627	9797538	0	7566959	11183527	6835492	7995996	0	0	14941007	132728	0	6437308	12672577	771984	13098458	800640	10990717	5621237
2024-04-01	0	7171584	788072	5308968	1024000	13722312	7158720	9344184	1241976	1228800	7190144	7186900	0	7787300	6370944	4938480	5806344	0	6103472	841776	4550848	742440	0	949896	21900120	8571456	7631860	8503292	5208276	6254648	5453016	12027696	7343680	0	5219308	7253744	1222248	7877888	0	8044056	10893376	1217080	0	850424	1202424	6370944	11373520	7209376	1228800	7231372	6437308	1185512	7264480	6370944	132728	6134888	7087712	5184476	7440752	862440	1257528	0	1024248	755224	2787288	7288112	0	7624564	7576128	8018592	6864704	5434840	6961088	7628496	7341036	7232704	7855184	1198544	0	6006488	132728	5642348	6298024	1226400	7351552	4446388	1024304	7501244	5560656	0	5483356	5485060	5205220	2944900	7398272	4446388	863496	2739384	1191080	767992	5233332	2190012	737544	5199716	772760	0	5197868	5701748	1353216	740720	742352	4446388	736136	5654772	5464680	5692780	4719644	3179352	5171372	7290232	4446388	4064340	4446388	4446388	1205904	762408	4668312	2287420	0	5237716	819200	759112	0	4446388	1042056	0	760176	5265588	738120	7647776	4446388	797040	888952	6423436	5265588	818168	766760	5213084	787496	6503672	4446388	0	1214096	5840032	15135296	7123040	7980260	5262564	7021120	3502260	8892776	1207536	770976	10442444	784472	0	4446388	7159120	4446388	5237756	7124944	7187160	0	817824	7024336	4645480	834056	788376	903464	5671228	132728	5499716	1892440	0	0	5840032	5239468	1202720	7286568	4446388	0	7180320	1264160	0	1613404	5192764	1112136	0	797552	1038424	0	5043664	3185472	0	7100724	7115372	8892776	7171192	6370944	3583656	929096	132728	7255776	0	0	1017816	6370944	5242756	856296	7281300	7550112	850768	1186856	0	0	7170448	1254952	0	5172492	5258084	0	780232	727496	0	6285800	5642932	64318464	5851872	5642812	0	741000	6698160	5441848	5279164	4446388	0	4548488	730688	725752	0	132728	5196780	3818288	4446388	5178332	7238368	5474188	7107344	738064	7483180	67377740	0	1260200	0	8163292	6370944	7382120	779560	6370944	7101964	7155552	7574344	3999248	7097640	5180532	6972176	1023792	12616872	8780000	7123032	0	7539684	0	7191736	7533284	0	6370944	1235800	747008	0	7840832	7187520	1175688	1190784	5625092	13007344	726096	7644528	740240	0	7186208	3614656	5722016	7296384	4446388	802912	4446388	7361008	759200	4977300	848248	748584	4247296	845048	5656812	5425948	6010016	846856	747560	1209600	4510204	0	5653908	744032	1239632	1240192	929096	5716780	0	14201191	14904550	0	6370944	0	0	11545185	0	117319944	4331832	5242756	7395627	3119108	4844572	13805175	15829007	16224310	7398720	17797914	6304580	4512752	13419035	7212304	0	6235269	771984	14251396	6835492	16432565	9470349
2024-04-08	96874228	0	0	0	0	0	0	24217968	0	0	0	0	0	0	0	0	0	0	0	2480176	0	0	0	0	0	0	0	0	0	0	0	0	0	0	0	0	0	0	0	0	0	0	0	13803712	0	0	0	0	0	0	0	0	0	0	0	0	0	0	0	0	0	0	0	0	0	0	0	0	0	0	0	0	0	0	0	0	0	0	0	0	0	0	0	0	0	0	0	0	0	0	0	0	0	0	0	0	0	0	130347960	0	0	0	0	0	0	0	0	0	0	0	0	0	0	0	0	0	0	0	0	0	0	0	0	0	0	0	0	0	0	0	0	0	0	0	0	0	0	0	0	0	0	0	34186240	0	0	0	0	0	0	45226784	0	0	0	0	0	0	78462768	0	0	0	0	6020336	0	0	0	0	0	0	0	0	0	38881800	0	0	0	0	0	0	0	0	0	0	0	0	0	0	0	0	0	0	0	0	0	0	0	0	0	0	0	0	0	0	0	0	0	0	0	0	0	0	0	0	0	0	0	0	0	0	0	0	0	0	0	0	0	0	0	0	0	0	0	0	0	0	0	0	0	0	0	0	0	0	0	0	0	0	0	0	0	0	0	0	0	0	0	0	0	0	0	0	0	0	0	0	0	0	0	0	0	0	0	0	0	0	0	0	0	0	0	0	0	0	0	0	0	0	0	0	0	0	0	0	0	0	0	0	0	0	0	0	0	0	0	0	0	0	0	0	0	0	0	0	0	0	0	0	0	0	0	0	0	0	0	0	0	0	0	0	0	77246315105	57407926846	0	0	0	0	0	0	0	0	0	0	0	0	0	7465261860	0	0	0	0	0	0	0	0	0	0	610272896	0	0	0
2024-04-15	0	0	0	0	0	0	0	0	0	0	0	0	0	0	0	0	0	0	0	0	0	0	0	0	0	0	0	90793388	0	0	0	0	0	0	0	0	0	0	0	0	0	0	0	0	0	0	0	0	0	0	0	0	0	0	0	0	0	0	0	0	0	0	0	0	0	0	0	0	0	0	0	0	0	0	0	0	0	0	0	0	0	0	0	0	0	0	0	0	0	0	0	0	0	0	0	0	0	0	0	0	0	0	0	0	0	0	0	0	0	0	0	0	0	0	0	0	0	0	0	0	0	0	0	0	0	0	0	0	30907800	0	0	0	0	0	0	0	0	0	0	0	0	0	0	0	0	0	0	0	0	0	0	0	0	73787060	0	0	0	0	0	0	0	0	0	0	0	0	0	0	0	0	0	0	0	0	0	0	0	0	0	0	0	0	0	0	105686092	0	94627632	0	0	0	0	0	0	0	0	0	0	0	0	0	0	0	0	0	0	0	0	0	0	0	7830952	0	0	0	0	0	0	0	0	0	0	0	0	0	0	0	0	0	0	0	0	0	0	0	0	0	0	0	0	0	0	0	0	0	0	0	0	0	0	0	0	0	0	0	25455776	0	0	0	0	0	0	0	0	0	0	0	0	0	0	0	0	0	0	0	0	0	0	0	0	0	0	0	0	0	0	0	0	0	0	0	0	0	0	0	0	0	0	0	0	0	0	0	0	0	0	0	0	0	0	0	0	0	0	0	0	0	77379456	0	0	0	0	0	0	0	0	0	0	0	0	0	88679366834	0	0	0	0	0	0	141566676	0	0	0	0	0	0	0	0	0	0	0	0	322543616	0	0	0	0	0	0	0	0
2024-04-22	1361528	1928828	788072	5454556	132728	797768	2787288	3461540	0	4446388	5995592	5906396	7258432	6304580	0	0	4446388	4446388	778672	2480176	0	5188828	773256	6437308	8081100	0	13936440	14675144	4446388	4016088	4446388	5647436	4119092	9931744	3185472	4472308	5668636	753472	746072	0	6346900	5198920	6370944	850424	1202424	790392	8519868	1833892	2190012	5505908	0	1318240	1026264	8298656	7391128	5441848	6619088	870816	132728	862440	1257528	913040	3915476	755224	6304580	5632844	4446388	0	1337912	1039696	5216340	5785228	5725332	1257552	6636400	4446388	6636400	1198544	5256060	5230476	4446388	0	768424	5672788	5254964	6269760	132728	94895676	4446388	6343032	4048204	1038672	0	0	8691056	9632896	0	0	6901856	767992	4446388	0	5183932	5199716	5219148	47898244	5197868	0	3410500	4446388	4446388	0	736136	4446388	0	4446388	4446388	1188432	0	1184744	0	0	5643228	5206468	4446388	5208796	0	5207436	4446388	791328	3606488	48605760	6889040	10648996	4446388	5724260	5206564	819200	5184508	72046160	4380024	0	2946236	782496	819200	0	0	766696	5233884	0	0	5675188	0	6636400	0	27076512	0	0	0	5227724	36932784	0	0	0	0	0	0	0	0	0	0	0	0	0	0	0	0	0	0	0	0	0	0	0	0	0	0	0	0	0	0	5996560	0	0	0	0	0	0	0	6465624	0	6706264	6117168	0	0	0	0	0	0	0	0	0	0	0	0	0	0	73193484	0	0	0	0	0	0	0	0	0	59575520	0	0	0	0	0	0	0	0	0	0	0	0	0	0	0	0	0	0	0	59530880	0	0	0	0	0	0	0	0	0	0	0	0	0	0	0	0	0	0	0	0	0	0	0	0	0	0	0	0	0	0	0	0	0	0	0	0	0	0	0	0	0	0	0	0	0	0	0	0	0	0	0	0	0	0	0	0	0	0	0	0	0	0	0	0	0	0	0	0	0	0	0	6022400	0	0	0	0	0	0	0	0	0	0	606150	0	0	0	0	0	0	0	0	0	0	0	0	11719611	42916731	30939598	0	0	0	0	0	0	0	0	0	0	0	0	0
2024-04-29	6560320	0	21356244	0	0	0	0	0	0	0	0	0	0	0	0	0	0	0	0	0	0	0	0	0	0	0	0	0	0	75055776	0	66152328	24312960	0	60689256	0	0	0	0	0	0	0	0	0	0	0	0	0	0	0	0	0	0	0	0	6134888	0	0	0	0	0	0	0	0	0	0	0	0	0	0	0	0	0	0	0	0	0	0	0	0	0	0	0	0	0	0	0	0	0	78730120	0	0	0	0	0	0	0	0	0	0	0	0	48380232	0	0	0	0	0	0	0	0	0	0	0	0	0	0	0	0	0	0	0	0	0	0	0	0	0	0	12437056	0	0	0	0	0	0	0	0	0	0	0	0	0	0	0	0	4615872	0	0	4446388	1210552	0	1346824	0	0	752096	1277496	4446388	4446388	0	5265588	1207536	4446388	0	917200	4446388	1211488	7358212	6615888	5237756	797672	6636400	5288116	6449824	5244956	7190144	4446388	5234764	9663512	5671228	7190144	1186056	7279752	5718988	819200	7180672	1191264	8436396	8348392	6669288	5675188	0	1264160	4446388	750672	4446388	1112136	4446388	4446388	5484812	6190024	6304580	5238756	0	4379576	7579920	5675188	132728	0	1039512	8281664	4446388	6702764	7928908	1022696	6370944	6437308	771600	0	4825832	0	0	5633244	4446388	5703020	4446388	0	7376700	6674608	4446388	2368256	5226620	860224	757352	843952	5642932	0	4446388	1196424	726112	741000	5184268	5623900	1665552	5913508	5637124	4446388	9623464	725752	4446388	2190012	4446388	5111568	6826040	5178332	4446388	5474188	0	7374464	7549544	7657608	14526880	5706588	1196280	398184	7384384	7050300	7415960	1330440	7433784	7155552	7574344	1211960	726696	5180532	5474876	5470180	724024	7903200	752088	8766480	0	6437308	6835492	7798740	0	1245592	1313624	7383408	748488	1204432	0	6636400	9475840	5625092	7765204	6105248	1273584	5186628	8961640	4446388	827368	5720196	5913460	1304232	5986580	5760124	4446388	5981600	974856	4446388	1252392	0	6028716	133815560	6057816	7301440	6030524	5697756	6022400	0	6017160	7322048	5702420	7517344	1465472	1232760	5942060	5406220	179589479	138149888	95645880	7705296	173119519	6437308	153969608	1011808	146538496	7631860	111807011	72743056	0	1134484	1982927721	72169088	0	949952	0	7453656	0	124275187	0	117964800	0	0	0	0	0	0
2024-05-06	6560320	0	0	5308968	16087640	58810944	8160576	4036328	0	0	0	18290320	6035616	0	0	3749240	5806344	6027088	6103472	2480176	4550848	0	5995656	17026696	0	15709816	11732600	0	0	0	0	0	6078240	58195512	5995320	0	6035048	6692672	5968472	6982152	0	7975480	0	0	0	8163192	19820592	0	0	13594064	0	0	19530336	19419200	8844328	0	0	0	0	0	6070328	6135440	6144248	0	0	6101656	0	0	6734784	6978896	0	5434840	0	0	6710200	0	0	7240144	0	6006488	6504296	6111160	0	6448800	0	47106720	4813104	0	0	8858056	4518568	0	4547632	0	0	0	4959496	5970864	11738280	0	4678144	6029952	0	5975728	0	6207408	0	0	2449288	5963120	5964752	0	0	6021184	0	6059192	6015152	0	0	7431144	5958896	4535768	0	5982480	6018704	42619200	0	5983448	6181560	0	0	0	6927552	0	0	6090672	0	0	5960520	0	5995720	0	0	46335072	6150904	0	0	6193896	0	0	6023352	6257624	0	7921920	0	0	10391096	6140976	6224160	0	0	0	0	5996056	6109272	0	6024288	7034576	0	70604624	0	6960216	49332224	0	0	6765720	0	6113176	5993136	6037640	7170008	0	0	0	8196112	0	86729488	10213920	0	0	0	0	6076960	6036592	5973072	5968776	6232136	0	0	6465624	5970576	6706264	6117168	15756000	12367344	0	5842656	23328248	12204064	8146856	9848680	6048120	11739232	12091960	0	0	0	0	0	0	0	0	0	0	0	0	0	0	0	0	0	0	0	0	0	0	0	0	0	0	0	0	0	0	0	0	0	0	0	0	0	0	0	0	0	0	0	0	0	70438428	0	0	0	0	0	0	0	0	0	0	0	0	0	0	0	0	0	0	0	0	0	0	0	0	0	0	0	0	0	0	0	0	0	0	0	0	0	0	0	0	0	0	0	0	0	0	0	0	0	0	0	0	0	0	0	0	0	0	0	0	0	0	0	0	0	0	0	0	0	40257605991	57401224082	46633433601	0	71718246431	0	0	133263456	290872	0	0	0	59264292	0	12849315239	55422284024	25084132890	35946176	13823130	24018656	48230220968	0	41277192	0	23263221	26371984	6171852	59536072	11490429	191333877
2024-05-13	6560320	12883840	0	0	0	0	8160576	4036328	0	6052832	7685720	0	84498624	0	17046344	0	0	6027088	0	2480176	0	5964840	0	0	0	0	0	0	0	0	0	0	0	0	0	0	60350480	0	0	0	0	0	0	0	0	0	0	0	0	0	0	0	0	0	0	0	0	0	0	0	0	0	0	0	0	0	0	0	0	0	0	0	0	0	0	0	0	0	0	0	0	0	0	0	0	0	0	0	0	0	0	0	0	0	0	0	0	0	0	0	0	0	0	0	0	0	0	0	0	0	0	0	0	0	0	0	0	0	0	0	0	0	0	0	0	0	0	0	0	0	0	0	0	0	29786280	0	0	0	0	0	0	0	0	0	0	0	0	0	0	0	0	0	0	0	0	0	0	0	0	0	0	0	0	0	0	0	0	0	0	0	0	0	0	0	0	0	0	0	0	0	0	0	0	0	0	0	0	0	0	0	0	0	0	0	0	0	0	0	0	0	0	0	0	0	0	0	0	0	0	0	0	0	0	0	0	0	0	0	0	0	0	0	0	0	0	0	0	0	0	0	0	0	0	0	0	0	0	0	0	0	0	0	65893432	0	0	0	0	0	0	0	0	0	0	0	0	0	0	0	0	0	0	0	0	0	0	0	0	0	0	0	0	0	0	0	0	0	0	0	0	58113500	0	0	0	0	0	0	0	0	0	0	0	0	0	0	0	0	0	0	0	0	0	0	0	0	0	0	0	0	0	0	0	0	0	0	0	0	0	0	0	0	0	0	0	0	0	0	0	6083192	0	40257605991	57357025658	0	0	0	0	0	0	0	0	0	0	0	0	123959156	0	0	0	5276006856	0	0	0	0	280489984	0	0	0	0	0	0
2024-05-20	0	0	0	0	0	0	0	0	0	0	7685720	0	0	0	0	0	0	0	0	0	0	0	0	130519732	0	0	0	0	0	0	0	0	0	0	0	0	0	0	0	0	0	0	0	0	0	0	0	0	0	0	0	0	0	0	0	0	0	0	0	0	0	0	0	0	0	0	0	0	0	0	0	0	0	0	0	0	0	0	0	0	0	0	0	0	0	0	0	0	0	60450624	0	0	0	0	0	40760280	0	0	0	0	0	0	71519328	0	0	0	0	0	0	0	0	47909824	0	0	0	0	0	0	0	0	0	0	0	0	0	0	0	0	0	0	0	42587384	0	0	0	0	0	0	0	0	0	0	0	0	0	0	0	0	0	0	0	0	0	0	0	0	0	0	0	0	0	0	0	0	0	0	0	0	0	0	0	0	0	0	0	0	0	0	0	0	0	0	0	0	0	0	0	0	0	0	0	0	0	0	0	0	0	0	0	0	0	0	0	0	0	0	0	0	0	0	106280644	0	0	0	0	0	0	0	0	0	0	0	0	0	0	0	0	0	0	0	0	0	0	0	0	0	0	0	0	0	0	0	0	0	0	0	0	0	0	0	0	0	0	0	0	0	0	0	0	0	0	0	0	0	103373252	0	0	0	0	0	0	0	0	0	0	0	0	0	0	0	0	0	0	0	0	0	0	0	0	0	0	0	0	0	0	0	0	0	0	0	0	0	0	0	0	0	0	0	0	0	0	0	0	0	0	0	0	0	0	0	0	0	0	0	0	0	0	0	0	70805075	0	0	0	0	0	0	0	0	0	0	0	0	0	109795569	0	0	0	0	0	0	0	0	0	0	0	0	0	0	0
2024-05-27	52482560	0	0	0	0	0	0	0	0	0	0	0	0	0	0	0	0	0	0	0	0	0	0	0	0	0	0	0	0	0	0	0	0	0	0	0	0	0	5968472	0	0	7830952	108650208	0	0	0	0	0	0	0	0	0	0	0	0	0	0	0	0	0	0	0	0	0	0	0	0	0	0	0	0	0	0	0	0	0	0	0	0	0	0	0	0	0	0	0	0	0	0	0	0	0	4547632	0	0	0	0	0	0	0	0	0	5959944	0	5995160	0	0	6068160	0	0	0	0	0	0	0	0	0	0	0	0	0	0	0	0	0	0	6155176	0	0	0	0	0	0	0	0	0	0	0	0	0	5995720	0	0	0	0	62453680	0	0	0	0	0	0	0	0	0	0	0	0	0	0	12310928	0	0	0	0	31117600	0	0	0	0	0	0	0	0	0	73633368	0	0	0	0	0	47990848	0	0	0	0	0	0	0	0	0	0	0	6036592	0	0	0	0	0	0	0	0	0	0	0	0	0	0	0	0	0	0	0	0	61641296	0	0	0	0	0	0	6380368	0	0	0	0	6067752	0	0	0	0	0	0	0	0	0	0	0	0	0	0	5960280	0	0	0	0	0	47624704	0	0	3064512	0	0	0	0	0	0	0	0	0	7830952	0	0	0	0	0	8835320	0	0	0	0	0	0	0	0	0	0	0	0	0	0	0	0	0	0	0	0	8915800	0	0	0	0	0	0	0	0	0	0	0	0	0	0	0	0	5236392	6127712	0	0	0	0	0	5970984	0	0	0	0	0	0	0	0	6184984	6017160	0	4532832	0	0	0	0	0	0	114749091632	0	0	0	0	0	0	21505328	179789392	0	0	0	0	20622777389	0	0	0	0	0	0	0	0	0	0	0	0	0	0	0
2024-06-03	0	0	0	0	0	0	0	0	0	0	0	0	0	0	0	0	0	0	0	0	0	0	0	0	0	0	0	0	0	0	0	0	0	0	0	0	0	0	0	0	0	0	0	0	0	0	0	0	0	0	7830952	0	0	0	0	0	0	0	0	0	0	0	0	0	0	0	0	0	0	0	0	0	0	0	0	0	0	0	0	0	0	0	0	0	0	57574880	0	0	0	0	0	0	0	0	0	0	0	0	0	0	0	0	0	0	0	0	0	0	0	0	0	0	0	0	43754200	0	0	0	0	7431144	0	0	0	0	0	0	0	0	0	0	6156104	0	0	0	0	0	0	0	0	0	0	0	0	0	0	6245368	0	0	0	0	0	0	6026896	0	0	0	0	0	0	0	0	0	0	0	0	0	0	0	0	0	0	0	0	0	0	81188640	0	0	0	0	0	0	0	0	0	0	0	0	0	0	0	0	0	0	0	0	0	0	84820732	0	0	0	0	0	0	0	0	0	0	0	0	0	0	0	0	7878616	0	0	13936440	0	0	0	0	6111872	0	0	0	0	0	0	0	0	0	0	0	0	0	0	0	0	0	0	0	0	0	0	0	0	0	0	0	0	0	0	0	0	0	0	0	0	0	0	0	44646168	0	0	0	0	0	0	0	0	0	0	0	0	0	0	0	0	0	82296544	0	0	11812792	0	0	0	0	0	0	0	0	0	0	0	0	0	0	0	0	0	0	0	0	0	0	0	95705600	0	0	0	0	0	0	12115632	0	0	0	0	0	0	0	0	0	0	0	0	0	0	917745791620	0	0	0	0	0	0	0	0	0	0	0	0	3939288312	0	0	0	0	0	0	0	0	0	0	0	0	0	0	0
2024-06-10	0	0	0	0	0	0	0	0	0	0	0	0	0	0	0	0	0	0	0	0	0	0	0	0	0	0	0	0	0	0	0	0	0	0	0	6033272	0	0	0	0	10054688	0	0	0	0	0	0	0	14860440	0	0	0	0	0	0	0	0	0	0	0	0	0	0	0	7718416	0	0	0	0	0	0	0	0	0	6710200	0	0	0	0	0	0	0	0	0	0	0	0	0	4521128	0	0	0	0	0	0	0	0	0	0	0	0	0	0	0	0	0	0	0	0	0	0	0	0	0	0	0	0	0	0	0	0	0	0	0	0	0	0	5983448	6181560	0	0	6083912	6927552	0	0	6090672	0	0	0	0	5995720	6121840	0	0	0	0	0	0	0	0	0	0	6026896	0	0	0	0	0	0	0	0	0	0	0	0	0	6024288	0	0	0	0	0	0	0	0	0	0	0	0	0	7170008	0	0	0	0	0	0	0	0	0	0	0	0	0	0	0	0	0	0	0	0	0	0	0	0	0	0	0	0	0	0	0	0	0	0	7764588	0	0	0	0	66314144	0	0	0	0	0	6067752	5957552	0	0	0	0	0	0	0	0	4594176	0	0	0	0	0	0	0	0	0	0	0	0	11924592	0	11945584	0	0	0	0	0	0	0	0	0	0	0	0	0	0	0	0	0	0	5984176	0	6024760	0	5956544	0	0	0	7513200	0	112601596	0	0	0	0	0	0	0	0	0	7962832	0	0	0	0	0	4822096	0	0	0	0	0	0	0	0	0	0	0	0	0	0	0	0	0	0	0	0	0	0	0	0	0	0	0	0	0	0	0	0	121647939269	13272800	0	0	0	0	0	0	0	0	0	0	7764588	0	0	0	0	0	7830952	0	0	64440222235	0	0	0	0	0	0	0	0
2024-06-17	0	0	32027866	0	0	0	0	4036328	0	0	0	0	0	0	0	0	0	0	0	0	0	0	0	0	0	0	0	0	0	0	0	0	0	0	0	0	0	0	0	10371528	0	0	0	0	0	0	0	0	0	0	0	0	0	0	0	0	0	0	0	0	0	0	0	0	0	0	0	0	0	0	0	0	0	0	0	0	0	0	0	0	0	0	0	0	0	0	0	0	0	0	0	0	4547632	0	0	0	0	0	0	0	0	0	0	0	0	0	0	0	0	0	0	0	0	0	0	0	0	0	0	0	0	0	0	0	0	0	0	0	0	0	0	0	0	0	0	0	0	0	0	0	0	0	0	0	0	0	0	0	0	0	0	0	0	0	0	0	0	0	0	0	0	0	0	0	0	0	0	0	0	0	0	0	0	0	0	0	0	0	5993136	0	0	0	0	0	0	0	0	0	0	0	0	0	0	0	0	0	0	0	0	0	0	0	0	0	0	0	0	0	0	0	0	0	0	0	0	0	0	0	0	0	0	0	0	0	0	0	0	0	0	0	0	0	0	0	0	0	0	0	0	4514912	0	0	0	0	0	0	0	0	0	0	0	0	0	0	0	0	0	0	0	0	0	0	0	0	0	0	0	0	0	0	0	0	0	0	0	0	0	0	0	0	0	0	0	0	0	0	0	0	0	0	0	0	0	0	0	0	0	0	0	0	0	0	0	0	0	0	0	0	0	0	0	0	0	0	0	0	0	0	0	0	0	0	0	0	0	0	0	0	0	0	0	0	0	0	0	315477	0	2316234	0	0	0	0	0	0	0	0	0	0	0	0	0	0	0	23335992	0	0	0	0	0
2024-06-24	0	0	0	0	0	0	0	12108984	0	6052832	0	0	0	29900560	0	0	0	0	6103472	2480176	4550848	5964840	11991312	0	16268080	15709816	23465200	38849488	11968576	6254648	0	12027696	6078240	6466168	0	12066544	6035048	6692672	5968472	0	30164064	31901920	0	28120048	15921648	8163192	0	28012896	2972088	0	0	0	0	38838400	0	6134888	6308656	0	6229176	0	0	6135440	6144248	0	0	0	0	6716856	6734784	0	0	0	0	6582352	6710200	0	0	14480288	6441672	0	0	0	6298024	6448800	0	0	0	0	0	0	0	4520272	0	3110088	6761728	0	0	0	0	0	0	0	0	0	0	0	0	0	0	0	0	0	0	0	0	0	0	0	0	0	0	0	0	0	0	0	0	0	0	0	0	0	0	0	0	0	0	0	0	0	0	0	0	0	0	0	0	0	0	0	0	0	0	0	0	0	0	0	0	0	0	0	0	0	0	0	0	0	0	0	0	0	0	0	0	0	0	0	0	0	0	0	0	0	0	0	0	0	0	0	0	0	0	0	0	0	0	0	0	0	0	0	0	0	0	0	0	0	0	0	0	0	0	0	0	0	0	0	0	0	0	0	0	0	0	0	0	0	0	0	0	0	0	0	0	0	0	0	0	0	0	0	0	0	0	0	0	0	0	0	0	0	0	0	0	0	0	0	0	0	0	0	0	0	0	0	0	0	0	0	0	0	0	0	0	0	0	0	0	0	0	0	0	0	0	0	0	0	0	0	0	0	0	0	0	0	0	0	0	0	0	0	0	0	0	0	0	0	0	0	0	0	0	0	0	0	0	0	0	0	0	0	0	0	0	0	0	0	0	0	0	0	0	0	0	0	0	0	0	0	0	0	0	0	0	0	0	0	0	0	0	0	0	0	0	0	0	0	0
2024-07-01	0	0	0	0	0	0	0	0	0	0	0	0	0	0	0	0	0	0	0	0	0	0	0	0	0	0	0	0	0	0	0	0	0	0	0	0	0	0	0	0	0	0	0	0	0	0	0	0	0	0	0	0	0	0	0	0	0	0	0	0	0	0	0	0	0	0	0	0	0	0	0	0	0	0	0	0	0	0	0	0	0	0	0	0	0	0	0	0	0	0	0	0	0	0	0	0	0	0	0	0	0	0	0	0	0	0	0	0	0	0	0	0	0	0	0	0	0	0	0	0	0	0	0	0	0	0	0	0	0	0	0	0	0	0	0	0	0	0	0	0	0	0	0	0	0	0	0	0	0	0	0	0	0	0	0	0	0	0	0	0	0	0	0	0	0	0	0	0	0	0	0	0	0	0	0	0	0	0	0	0	0	0	0	0	0	0	0	0	0	0	0	0	0	0	0	0	0	0	0	0	0	0	0	0	0	0	0	0	0	0	0	0	0	0	0	0	0	0	0	0	0	0	0	0	0	0	0	0	0	0	0	0	0	0	0	0	0	0	0	0	0	0	0	0	0	0	0	0	0	0	0	0	0	0	0	0	0	0	0	0	0	0	0	0	0	0	0	0	0	0	0	0	0	0	0	0	0	0	0	0	0	0	0	0	0	0	0	0	0	0	0	0	0	0	0	0	0	0	0	0	0	0	0	0	0	0	0	0	0	0	0	0	0	0	0	0	0	0	0	0	0	0	0	0	0	0	0	0	0	0	0	0	0	0	0	0	0	0	0	0	0	0	0	73529638975	0	0	0	0	0	0	0	0	0	0	0	0	0	0	0
2024-07-08	28484192	9524316	9233576	10653440	27493800	138490	16656272	5887816	4869098	1131312	571284	9723396	7430576	10052392	3438120	272256	7574864	6235288	6246860	3512384	4657510	5983930	1357802	5903756	4413960	1554040	13037978	943592	6078482	7871672	113176	7309104	1490720	7790012	8548776	1835008	1316456	1580864	0	7934992	7381664	8189352	1048576	8053772	8572880	0	6370944	7451040	4502384	11363936	6503672	10178204	0	938048	0	7682256	1590064	6555216	7739760	6410704	0	0	0	1508888	6901856	7877936	5472336	7844920	7862848	1473872	7601984	6937520	0	2125904	7579432	7748800	1476832	8573924	5574576	7032240	7503568	1261496	7615312	6448800	0	5234080	1274160	8209648	5765456	8091372	5760336	5763744	0	1275080	13228952	5781040	0	7223136	6370944	3469296	1532416	1311360	7201296	0	1276568	4446388	5701676	6068160	0	0	0	5988728	0	6021184	0	0	0	0	0	0	0	0	0	0	0	0	0	0	0	0	0	0	0	0	0	0	0	0	0	0	0	0	0	0	0	0	0	0	0	0	0	0	0	0	0	0	0	0	0	0	0	0	0	0	0	0	0	0	0	0	0	0	0	0	0	0	0	0	0	0	0	0	0	0	0	0	0	0	0	0	0	0	0	0	0	0	0	0	0	0	0	0	0	0	0	0	0	0	0	0	0	0	0	0	0	0	0	0	0	0	0	0	0	0	0	0	0	0	0	0	0	0	0	0	0	0	0	0	0	4514912	0	0	0	0	0	0	0	0	0	0	0	0	0	0	0	0	0	0	0	0	0	0	0	0	0	0	0	0	0	0	0	0	0	0	0	0	0	0	0	0	0	0	0	0	0	0	0	0	0	0	0	0	0	0	0	0	0	0	0	0	0	0	0	0	0	0	0	0	0	0	0	0	0	0	0	0	0	0	0	0	0	0	0	0	0	0	0	0	0	23293764	0	0	0	0	0	0	0	101782840	0	0	0	0	0	28154700	0	12874616	0	0	0	64373080	0	0	0	0	0	0	0	388619902	12078248
2024-07-15	0	0	0	0	0	0	0	0	0	0	0	0	0	9888236	0	0	0	0	0	0	0	0	0	0	0	0	0	0	0	0	0	0	0	0	0	0	0	0	0	0	0	0	0	0	0	0	0	0	0	0	0	0	0	0	0	0	0	0	0	0	0	0	0	0	0	0	0	0	0	0	0	0	0	0	0	0	13701568	0	0	0	0	0	0	0	0	0	0	0	0	0	0	0	0	0	0	0	0	0	0	0	0	0	0	5975728	0	0	0	0	3981072	0	5964752	0	0	0	5055924	1471672	6015152	6001232	6182512	1270760	1240304	0	6009640	2527776	1300112	1266216	1567656	5711244	8299888	1499936	1568584	7580304	8219008	7948768	7195920	7593824	7246560	5455972	7202448	0	5995720	5972760	3418624	7944796	7714288	6245368	5989160	4262592	0	0	7328112	1539032	7335200	0	6835492	936416	9977760	1553456	6224160	1518616	7723408	6345408	0	0	1521752	6223520	0	7376208	5867944	7471944	7280592	6636400	7739392	6370944	7208656	7634952	1018376	1525656	5993136	7356688	1009624	7279120	939144	0	7424460	7233676	9476800	7671968	1505448	7361888	1327736	7274528	7566400	1318000	5973072	0	6232136	7748720	1026928	7950512	1251984	7376404	7646816	0	10220056	978728	7359936	7499132	6636400	7439912	0	7508720	1253472	11369988	7034584	7833656	7034584	6968220	7350120	0	1744416	7386784	1281064	7636224	4446388	7489056	6067752	0	1229912	0	1278336	7376784	5949896	5707548	0	7300096	5518336	6085344	7299856	0	7208208	0	5990312	0	0	5465876	5820176	7187584	5752304	0	4294016	0	3086744	7197120	7616080	1306992	0	0	1233680	1256424	7937748	1471168	1485480	8724976	5242756	1243600	7670452	1508648	1275536	7315784	1265584	0	1306168	1222312	1237952	0	5733984	0	4271176	1239512	2445568	8409408	7951816	9195640	23490100	10884536	3406888	4446388	8136288	4155928	8574888	6448408	3023120	0	13140072	1256608	5729540	14210144	0	1458040	5999504	0	5824416	6054592	1304232	7667904	0	6086904	8299684	7258832	7317496	4446388	1032104	6169848	0	1470296	6010016	6171656	5697756	6022400	7127088	13332888	1301728	5788864	7517344	0	1232760	1495672	7162544	6370944	19728422	26964994	1068896	18729827	988072	11909729	8179120	13670984	7233676	21758891	50877982	0	8368160	5640940	23672283	5043664	7167312	18866794	0	10630351	19765967	1194552	11348786	21139573	7713144	21293462	7455864	0	17011305
2024-07-22	0	8494592	10020964	5308968	10950060	0	16321152	4036328	4006776	6052832	7685720	10020964	6035616	8826412	12144612	3749240	5806344	6027088	4446388	0	4550848	4910936	5995656	9954600	12609160	0	9954600	0	4446388	4446388	4446388	6013848	0	0	5995320	6033272	4446388	0	4446388	0	0	7975480	0	10020964	7960824	132728	0	9337632	2972088	20041928	6570036	10883696	10750968	0	8844328	0	0	0	0	4446388	6070328	0	4446388	4446388	4910936	10548044	0	6636400	6636400	6636400	4446388	4446388	4446388	4446388	0	0	0	6370944	6441672	0	0	0	0	4446388	4446388	4446388	0	6636400	4521128	8858056	4518568	0	4547632	0	4910936	4528920	0	5970864	9158232	0	0	6029952	0	5975728	0	0	0	6068160	2449288	4446388	5964752	0	5958536	6021184	6250600	4446388	0	4446388	6182512	7431144	0	4446388	6009640	4446388	6018704	0	0	4446388	3251836	4446388	0	6083912	6636400	4446388	10403644	4446388	4446388	4446388	0	6503672	5995720	4446388	2190012	0	6150904	4446388	0	4446388	4446388	6370944	4446388	4446388	0	0	9800456	11613700	10020964	6140976	6224160	6106136	6155464	4446388	0	4446388	0	6223520	6024288	6636400	0	6423368	4446388	6960216	6166528	6449824	6225768	6765720	0	0	0	6037640	0	0	6050952	0	6636400	7432768	7949664	10213920	0	6040240	6046328	5996560	6076960	6036592	0	5968776	6232136	6039124	6531952	0	5970576	0	6117168	0	9158232	0	0	13007344	9689144	0	8892776	6048120	0	10750968	14201896	0	0	8096408	11945520	0	11879156	6380368	0	0	0	6431504	0	0	0	0	0	6309832	4446388	5979752	0	6009344	0	4446388	4446388	0	0	4446388	0	0	0	6003536	4548488	0	4446388	5962296	3064512	4446388	0	5957856	4446388	4446388	4446388	6636400	7394064	0	8892776	0	0	6636400	0	0	8835320	6636400	8877712	13272800	5984176	0	4446388	0	5956544	4446388	4446388	0	6636400	8841688	0	0	0	0	0	0	9888236	8915800	0	6835492	7962832	0	0	7949184	6605904	0	4822096	0	5962640	6045560	4446388	0	4550608	0	4446388	6127712	0	0	5981600	4446388	6582648	5970984	6406056	0	6023224	0	0	6171656	5969960	4446388	2190012	6017160	4446388	4446388	6052432	4446388	0	4446388	6202712	0	11082788	0	0	10087328	9954600	0	0	12904964	0	13007344	0	14135532	11547336	0	12609160	0	10750968	10327246	9556416	12078248	12144612	10020964	13803712	7963680	10020964	13670984	9423688	6835492	0
2024-07-29	13120640	38651520	0	0	0	0	0	0	0	0	0	43512132	0	0	0	0	0	0	0	0	0	0	0	0	0	0	0	0	0	0	0	0	0	0	0	0	0	0	0	0	0	0	0	0	0	0	0	0	0	0	0	0	0	0	0	0	0	0	0	0	0	0	0	0	0	0	0	0	0	0	0	0	0	0	0	0	0	0	0	0	0	0	6298024	0	0	0	0	0	0	0	0	0	0	0	0	0	0	0	0	0	0	0	0	0	0	0	0	0	0	0	0	0	0	0	0	0	0	0	0	0	0	0	0	0	0	0	0	0	0	0	0	0	0	0	0	0	0	0	0	0	0	0	0	0	0	0	0	0	0	0	0	0	0	0	0	0	0	0	0	0	0	0	0	0	0	0	0	0	0	0	0	0	0	0	0	0	0	0	0	0	0	0	0	0	0	0	0	0	0	0	0	0	0	0	0	0	0	0	0	0	0	0	0	0	0	0	0	0	0	0	0	0	0	0	0	0	0	0	0	0	0	0	0	0	0	0	0	0	0	0	0	0	0	0	0	0	0	0	0	0	0	0	0	0	0	0	0	0	0	0	0	0	0	0	0	0	0	0	0	0	0	0	0	0	0	0	0	0	0	0	0	0	0	0	0	0	0	0	0	0	0	0	0	0	0	0	0	0	0	0	0	0	0	0	0	0	0	0	0	0	0	0	0	0	0	0	0	0	0	0	0	0	0	0	0	0	0	0	0	0	0	0	0	0	0	0	0	0	0	892208183	0	150572460	0	4941858008	0	103144516	0	290872	0	0	0	0	0	0	0	0	0	0	0	0	0	0	0	0	7830952	0	0	0	0
2024-08-05	0	0	0	0	0	0	0	0	0	0	0	0	0	0	0	0	0	0	0	0	0	0	0	0	0	0	0	0	5984288	0	0	0	0	0	0	0	0	0	0	0	0	0	0	0	0	0	0	0	0	0	0	0	0	0	0	0	0	0	0	0	0	0	0	0	0	0	0	0	0	0	0	0	0	0	0	0	0	0	0	6006488	0	0	0	0	0	0	0	0	0	0	0	0	0	0	0	0	0	0	0	0	0	0	0	0	0	0	0	0	0	0	0	0	0	0	0	0	0	0	0	0	0	0	0	0	0	0	0	0	0	0	0	0	0	0	0	0	0	0	0	0	0	0	0	0	0	0	0	0	0	0	0	0	0	0	0	0	0	0	0	0	0	0	0	0	0	0	0	0	0	0	0	0	0	0	0	0	0	0	0	0	0	0	0	6085400	0	0	0	0	0	0	0	0	0	0	0	0	0	0	0	0	0	0	0	0	0	0	0	0	0	0	0	0	0	0	0	0	0	0	0	0	0	0	0	0	0	0	0	0	0	0	0	0	0	0	0	0	0	0	0	0	0	0	0	0	0	0	0	0	0	0	0	0	0	0	0	0	0	0	0	0	0	0	0	0	0	0	0	0	0	0	0	0	0	0	0	0	0	0	0	0	0	0	0	0	0	0	0	0	0	0	0	0	0	0	0	0	0	0	0	0	0	0	0	0	0	0	0	0	0	0	0	0	0	0	0	0	0	0	0	0	0	0	0	0	0	0	0	0	0	0	0	0	0	0	0	0	0	0	0	0	0	0	0	0	0	0	0	0	0	0	0	0	0	0	0	0	0	0	0
2024-08-12	0	0	0	0	0	0	0	0	0	0	0	0	0	0	0	0	0	0	0	0	0	0	0	0	0	0	0	0	5984288	0	0	0	0	0	0	0	0	0	0	0	0	0	0	0	0	0	0	0	0	0	0	0	0	0	0	0	0	0	0	0	0	0	0	0	0	0	0	0	0	0	0	0	5682144	0	0	0	0	0	0	0	0	0	0	0	0	0	0	0	0	0	0	0	0	0	0	0	0	0	0	0	0	0	0	0	0	0	0	0	0	0	0	0	0	0	0	0	0	0	0	0	0	0	0	0	0	0	0	0	0	0	0	0	0	0	0	0	0	0	0	0	0	0	0	0	0	0	0	0	0	0	0	0	0	0	0	0	0	0	0	0	0	0	0	0	0	0	0	0	0	0	0	6960216	0	0	0	0	0	0	0	0	0	0	0	0	0	0	0	0	0	0	0	0	0	0	0	0	0	0	0	0	0	0	0	0	0	0	0	0	0	0	0	0	0	0	0	0	0	0	0	0	0	0	0	0	0	0	0	0	0	0	0	0	0	0	0	0	0	0	0	0	0	0	0	0	0	0	0	0	0	0	0	0	0	0	0	0	0	0	0	0	0	0	0	0	0	0	0	0	0	0	0	0	0	0	0	0	0	0	0	0	0	0	0	0	0	0	0	0	0	0	0	0	0	0	0	0	0	0	0	0	0	0	0	0	0	0	0	0	0	0	0	0	0	0	0	0	0	0	0	0	0	0	0	0	0	0	0	0	0	0	0	0	0	0	0	0	0	0	0	0	0	0	0	0	0	0	0	0	0	0	0	0	0	0	0	0	0	0	0
2024-08-19	0	0	0	0	0	0	0	0	0	0	0	0	0	0	0	0	0	0	0	0	0	0	0	0	0	0	0	0	0	0	0	0	0	0	0	0	0	0	0	0	0	0	0	0	7830952	0	0	0	0	0	0	0	0	0	0	0	0	0	0	0	0	0	0	0	0	0	0	0	0	0	0	0	0	0	0	0	0	0	0	0	0	0	0	0	0	0	0	0	0	0	0	0	0	0	0	0	0	0	0	0	0	0	0	0	5995160	0	0	0	0	0	0	0	0	0	0	0	0	0	0	0	0	0	0	0	0	0	0	0	0	0	0	0	0	0	0	0	0	0	0	0	0	0	0	0	0	0	0	0	0	0	0	0	0	0	0	0	0	0	0	0	0	0	0	0	0	0	0	0	0	0	0	0	0	0	0	0	0	0	0	0	0	0	0	0	0	0	0	0	0	0	0	0	0	0	0	0	0	0	0	0	0	0	0	0	0	0	0	0	0	0	0	0	0	0	0	0	0	0	0	0	0	0	0	0	0	0	0	0	0	0	0	0	0	0	0	0	0	0	0	0	0	0	0	0	0	0	0	0	0	0	0	0	0	0	0	0	0	0	0	0	0	0	0	0	0	0	0	0	0	0	0	0	0	0	0	0	0	0	0	0	0	0	0	0	0	0	0	0	0	0	0	0	0	0	0	0	0	0	0	0	0	0	0	0	0	0	0	0	0	0	0	0	0	0	0	0	0	0	0	0	0	0	0	4532832	0	0	0	0	0	0	0	0	0	0	0	0	0	1441379	0	0	0	0	0	0	0	0	0	0	0	0	0	0	0	0	0	0	0	0	0
2024-08-26	6560320	0	0	0	16087640	0	0	0	4006776	0	0	0	0	0	0	0	5806344	6027088	0	0	0	0	0	0	0	0	0	13272800	0	0	0	0	0	0	0	0	0	0	0	0	0	0	0	0	0	0	0	0	0	0	0	0	0	0	0	0	0	0	0	0	0	0	0	0	0	0	0	0	0	0	0	0	5682144	6582352	0	0	0	0	0	0	0	0	0	0	0	0	0	0	0	0	0	0	0	0	6761728	4528920	0	0	0	0	0	0	0	0	0	0	0	0	2449288	0	0	5988728	0	0	0	6059192	0	0	0	0	0	0	0	0	0	0	12310352	0	0	0	0	0	0	0	0	0	0	0	0	0	0	0	0	0	0	6245368	0	0	0	0	0	0	6026896	0	0	0	7897316	0	0	0	6155464	0	0	0	0	0	0	0	0	6423368	0	0	0	0	0	6765720	0	0	5993136	6037640	0	0	0	0	0	0	0	0	0	0	0	0	0	0	0	0	0	0	0	0	5970576	0	0	14467352	12367344	0	0	0	6901856	8146856	0	0	0	0	0	0	7991776	0	0	0	10020964	0	5999656	0	6069432	0	0	5957552	0	6136496	0	0	0	0	0	6009344	0	0	0	0	0	0	0	0	0	0	4548488	0	0	0	3064512	0	0	0	0	0	0	0	0	0	0	0	0	0	10308672	14807968	0	7537960	0	7760584	5984176	0	6024760	0	0	5943688	0	0	0	0	0	0	7830952	0	0	0	26412872	0	0	8838088	0	9008576	7934088	0	0	0	0	0	0	0	0	15990736	0	0	0	0	6032328	6086904	0	0	6582648	0	0	0	0	0	6010016	6171656	0	0	6184984	0	0	0	0	0	5951352	0	0	13206436	0	0	0	268277791	0	0	0	31323808	0	0	0	0	0	79495052	0	0	0	0	0	0	0	0	46007327425	0	0	0	0	0	0
2024-09-02	0	0	0	0	0	0	0	0	0	30264160	7685720	0	0	0	0	0	0	0	0	0	4550848	5964840	0	0	0	15709816	0	19424744	0	0	0	0	0	0	0	0	0	0	0	0	20109376	0	0	0	0	0	0	0	0	0	0	0	19530336	0	0	0	0	0	0	0	0	0	0	0	0	0	5472336	0	0	0	0	0	0	0	6710200	0	0	0	0	0	0	0	0	0	0	0	0	0	4521128	0	0	0	4547632	0	0	4528920	0	0	0	3993584	0	0	0	0	0	0	0	0	0	0	0	17966184	5958536	0	0	6059192	0	0	0	7431144	0	4535768	0	0	0	0	30775880	0	0	18655584	0	0	0	6202608	0	0	0	0	0	7155376	0	0	0	6619296	0	18736104	0	0	0	0	0	0	0	0	0	0	0	0	0	0	0	12040672	0	0	0	0	6024288	0	0	0	0	0	6166528	0	0	0	6261256	0	0	6037640	0	0	0	0	0	0	0	0	0	0	0	0	0	12073184	0	0	0	0	0	12931248	0	0	6117168	0	0	0	0	0	0	8146856	0	0	0	0	0	0	0	0	0	0	0	0	0	0	12138864	0	0	0	5948504	6136496	0	0	5949896	0	0	6009344	0	0	0	0	0	0	5990312	0	0	0	0	0	0	0	0	5972792	0	0	6363944	0	0	0	0	0	0	0	0	0	10308672	14807968	0	0	0	0	0	0	0	7382696	0	17831064	4505392	0	0	0	0	0	0	0	0	0	0	0	0	0	7962832	0	0	0	0	0	4822096	6803184	0	0	0	15990736	0	0	0	0	0	0	0	0	26330592	0	6406056	0	0	0	0	0	0	0	6184984	6017160	0	0	0	6052992	0	0	0	0	0	0	0	0	0	0	13007344	0	0	0	0	0	0	0	0	0	0	0	0	0	0	0	80059030890	0	31772448	0	0	0	55497309724
2024-09-09	0	12883840	0	0	0	0	0	4036328	0	0	0	0	0	14950280	0	0	0	0	0	0	0	0	0	0	0	0	0	40998816	0	0	0	0	0	6466168	0	0	0	0	0	0	0	7975480	0	0	7960824	0	0	0	0	0	0	0	0	0	8844328	0	0	5243688	0	0	0	0	0	0	0	0	0	0	0	0	0	0	0	0	0	0	0	0	0	0	0	0	0	0	0	0	0	0	0	0	0	0	0	0	6761728	0	0	5970864	0	0	0	0	0	11951456	0	0	5973880	12136320	0	0	5964752	0	0	0	6250600	0	6015152	6001232	0	0	0	0	6009640	5982480	0	5984808	0	0	0	0	0	0	6927552	0	0	0	0	6252464	0	0	0	0	3418624	0	0	0	0	0	0	0	0	0	0	0	0	0	10391096	6140976	0	6106136	6155464	0	5993376	0	0	6223520	0	0	5867944	0	0	0	0	0	12451536	0	0	0	0	0	0	5998856	6050952	6085400	8196112	0	0	0	7830952	0	6046328	0	0	0	5973072	0	0	0	0	0	0	0	0	0	0	0	0	25684976	0	0	0	0	0	0	0	0	0	41888800	0	16459904	0	6380368	0	0	0	6431504	0	0	0	0	0	6309832	0	0	0	0	0	0	0	0	0	5960280	0	0	0	0	0	0	0	5962296	0	0	0	0	0	0	5943000	0	0	0	0	0	0	0	0	0	0	0	17755424	0	5984176	0	0	0	0	0	0	0	0	0	0	0	0	16180792	0	0	0	0	0	0	0	0	0	0	0	0	4822096	0	0	6045560	0	0	0	0	0	0	0	6086904	0	0	0	0	0	0	6023224	6057816	0	0	0	0	0	0	0	0	0	6052992	0	0	0	33712919167	27944806364	44859439132	14307168	53219243819	0	77959647139	0	82090553700	0	67572059288	66473370319	30733363906	0	56977415831	45956905964	61248975064	0	44149863550	0	53405861074	58564354198	0	0	36620727092	0	58117218902	0	65775230569	0
2024-09-16	32260532	46443300	41704040	10617936	68648944	22054104	40686588	14298996	12020328	22604884	30694608	74150096	19423872	66902068	76202172	11247720	30512688	13362672	25929840	9920704	19372980	13175928	23710420	85133480	89173256	55319888	56008192	42545592	19218560	31273240	23332920	31364496	37960160	31796492	29704396	24447576	37526744	34987952	25123768	34910760	40218752	30894660	24392472	56240096	25420768	32080208	71526256	37350528	18580748	33691800	31299420	80934324	42862368	42231792	25055060	19952032	14207376	15730256	19543512	10736080	22516240	13294512	13583080	6489624	23103664	13979592	15275448	14907688	21696256	15431664	12189504	5434840	12852128	21872960	14363432	26807432	34039536	17267576	27358696	12012976	19383348	28891028	30955772	31185364	17532340	20936320	19252416	20178792	14807712	41102848	23834608	23844832	19461360	13715432	20159856	22212656	20865320	19164864	54576584	11456464	18712576	17817652	18012560	23630708	17985480	29276020	23895520	25753280	7088588	17889360	25105168	11977456	19115552	13344960	25002400	24095636	30075760	17731492	18547536	30200592	23563380	14866272	24038560	17675236	24074816	25205448	18324396	23933792	20586936	26374048	20036896	25832040	15146560	24810432	29514076	19775168	25194288	18757392	30724948	28832064	31255728	22811908	8158720	27984672	12301808	32229328	23956640	18581688	18593068	14080440	7328112	26569528	12053792	25265152	27033680	47373728	10391096	18281796	18672480	18318408	18466392	18061008	7268160	16770320	24295956	12447040	13354272	14543512	17462700	13895312	25309088	28844480	24518836	15051392	12451536	14529992	19802144	16672740	19253952	13394328	26819144	23995424	19092000	18256200	23028624	43491968	39630372	26798784	48489120	19442368	29494060	26542176	31874240	31500960	19173696	25125288	24394196	18700968	25069172	19396872	29852880	20118792	19881152	47268000	31769272	37145976	30730560	71030752	20235228	9215824	16684172	13556840	21221840	19480108	38774584	23856344	25544576	32424496	30794192	27469952	42477444	26527888	11999312	12223744	12138864	20352064	7547984	13154064	17845512	26094960	19269120	18929496	19080992	17939256	13570576	19318784	10112512	13846608	19318304	9029824	7208208	11920560	11980624	13885208	5767920	13292016	10368664	11906176	4514552	7206000	4294016	13199784	4338480	13154976	7616080	12051168	7167408	7392400	13698644	15229544	10278952	7500480	13631480	7442680	20466152	8647584	10068464	7537960	16310480	7760584	13233936	7449800	6024760	7382696	13151040	5943688	14744768	5946424	15026400	26525064	26357136	14963008	29638288	32361584	30310208	12096736	27476784	17831600	17673216	17676176	15925664	18017152	15868176	15898368	13211808	23484736	9644192	13606368	11925280	12091120	11999008	15990736	9101216	12109184	10472784	12255424	12064656	12173808	11963200	12697616	13165296	11941968	12812112	12339696	12046448	12115632	12020032	12343312	11939920	12044800	12369968	12034320	12040640	9065664	12104864	12105984	21968624	12166384	12405424	40609991149	296120190	1184683973	46742912	342569022	19539792	286243425	190075168	378107624	10853360	184026027	188510899	271949636	20619048	183408239	136314880	188065622	91355904	219771150	75103104	705558863	193970715	79549360	215373412	192787589	63387312	238365378	0	355641594	340724714
2024-09-23	59042880	92584960	102017448	47780712	96525840	66162312	73445184	36326952	36060984	54475488	61485760	103795304	36213696	99409080	102278064	22495440	34838064	36162528	36620832	14881056	31855936	35789040	29978280	85133480	81340400	62839264	58663000	70909320	29921440	31273240	27265080	18041544	24312960	19398504	17985960	18099816	18105144	20078016	17905416	13964304	20109376	15950960	24392472	28120048	15921648	16326384	34398304	18675264	8916264	54376256	23565248	82484128	39060672	56705280	35377312	24539552	25234624	20971520	24916704	21472160	24281312	24541760	24576992	25958496	30873664	24406624	21889344	26867424	26939136	27915584	24379008	21739360	22728576	26329408	26840800	23886208	27403136	28960576	25766688	24025952	26017184	30555800	31490120	25795200	26171904	20936320	14439312	20178792	18084512	26574168	13555704	13560816	13642896	9330264	20285184	13586760	14878488	23883456	35214840	5990376	14034432	18089856	17879832	17927184	17985480	18622224	17921640	18204480	7347864	17889360	17894256	17966184	17875608	18063552	18751800	18177576	18045456	6001232	6182512	22293432	11917792	9071536	12019280	11964960	12037408	11969616	12310352	11966896	12363120	12437056	12312208	12167824	13855104	12405216	11914512	12181344	11965152	12504928	11921040	14310752	11991440	12243680	6837248	13238592	12301808	12490736	11978320	12387792	12838992	13056976	12046704	12515248	18080688	23765760	19600912	82388864	31173288	12281952	24896640	24424544	24621856	24081344	23973504	23984224	24437088	24894080	24097152	28138304	23471776	25693472	25309088	27840864	24666112	25799296	24903072	27062880	25045024	24452704	29965680	24150560	35850040	29994280	24203808	36512400	40980560	47475712	37212224	40855680	78306120	24160960	24185312	23986240	24307840	24146368	23892288	23875104	24928544	24934624	26127808	25862496	23882304	26825056	24468672	63024000	49469376	49527968	23370624	93312992	36612192	24440568	29546040	18144360	35217696	36275880	41447608	15757232	23975328	31403040	43270624	27469952	22191648	12760736	11999312	6111872	6069432	6431504	6067752	5957552	5948504	6136496	11993856	12619664	17849688	11959504	12542304	12018688	9188352	9231072	12018448	9029824	5963400	5960280	11980624	12315152	4522360	6003536	4548488	5953088	9029104	5962296	3064512	5972792	3086744	5957856	6363944	6025584	5943000	8624416	7394064	8858600	10278952	7500480	6073000	16167656	10308672	7403984	12949888	7537960	8877712	15142732	5984176	16189016	13355688	15905048	5956544	13112472	4505392	13120680	8997088	8841688	27608152	15890912	16400016	40495400	28826088	6048368	22896624	24136180	34038640	10074000	23770548	25317192	23802264	25374208	19817712	24741344	10927344	13606368	13169328	12091120	19279424	15990736	14925632	13576256	17013408	19923328	19410720	19760096	11963200	26370088	20694496	19165344	26656328	24538260	25397528	25701560	19321472	18514968	25131208	15960276	19497056	19350048	18060960	13598496	18157296	18615120	11902704	18249576	12405424	435426336	795813042	467293802	53578404	1752237848	92496456	702867844	71279312	713411256	16200304	552078081	593116543	412777268	27328108	603073528	578664045	590411266	96884972	603889410	31578544	410552969	618203244	30916556	202390536	214192618	74974672	175450818	68256624	355641594	335481834
2024-09-30	0	0	0	0	0	0	0	0	0	0	0	26121272	0	9707400	0	0	0	0	0	0	4550848	0	5995656	89808312	28345568	15709816	11732600	14181864	5984288	6254648	5453016	6013848	6078240	6466168	5995320	6033272	6035048	6692672	5968472	6982152	10054688	7975480	8130824	14060024	7960824	8163192	14577712	9337632	2972088	0	5242880	0	0	0	0	0	6308656	0	0	0	0	0	0	0	0	0	0	0	0	0	0	0	0	0	0	0	0	4114568	0	0	0	6111160	6298024	6448800	6542976	5234080	4813104	6726264	4521128	8858056	4518568	9040544	4547632	3110088	6761728	4528920	4959496	5970864	11738280	1996792	4678144	6029952	5959944	5975728	5995160	6207408	5973880	6068160	2449288	5963120	5964752	5988728	11917072	6021184	6250600	6059192	6015152	0	0	7431144	0	0	0	0	0	0	0	0	0	0	0	0	0	0	0	0	0	0	0	0	0	0	0	0	0	0	0	0	0	6528488	0	0	6026896	7921920	9800456	20597216	10391096	0	6224160	6106136	6155464	6020336	5993376	5996056	6109272	6223520	6024288	7034576	5867944	6423368	6327272	6960216	6166528	6449824	6225768	6765720	6261256	6113176	5993136	6037640	14340016	5998856	6050952	6085400	8196112	11868928	7949664	10213920	15661224	6040240	6046328	5996560	6076960	6036592	5973072	5968776	6232136	6233656	6531952	6465624	5970576	6706264	6117168	15756000	12367344	12381992	5842656	23328248	12204064	8146856	9848680	6048120	11739232	12091960	15563496	7878616	7991776	15701520	15397096	13734976	16948768	6380368	5999656	6111872	6069432	6431504	6067752	5957552	5948504	6136496	5996928	6309832	5949896	5979752	6271152	6009344	4594176	4615536	6009224	4514912	5963400	5960280	5990312	6157576	4522360	6003536	4548488	5953088	4514552	5962296	3064512	5972792	3086744	5957856	6363944	6025584	5943000	7392400	7394064	8858600	10278952	7500480	6073000	7442680	10308672	7403984	8835320	7537960	8877712	7760584	5984176	7449800	6024760	7382696	5956544	5943688	4505392	5946424	7513200	8841688	13178568	7481504	14819144	16180792	15155104	6048368	13738392	17831600	8836608	8838088	7962832	9008576	7934088	7949184	6605904	11742368	4822096	6803184	5962640	6045560	5999504	7995368	4550608	6054592	5236392	6127712	6032328	6086904	5981600	6348808	6582648	5970984	6406056	6169848	6023224	6057816	6010016	6171656	5969960	6022400	6184984	6017160	6020320	4532832	6052432	6052992	5951352	6083192	6202712	0	408781556	178257920	15720920	0	35984296	296729185	5242880	317205796	36883960	0	15495859	238210978	52252564	220108399	228783527	214280022	35946176	371054900	0	221131983	214942235	0	207301426	203273349	52743968	217393858	51283840	214520957	243762677
2024-10-07	0	0	0	0	0	0	0	0	0	0	0	7830952	6035616	0	0	0	0	0	0	0	0	0	0	0	0	0	0	0	0	0	0	0	0	0	0	0	0	0	0	0	0	0	0	0	0	0	0	0	0	0	0	0	0	0	0	0	0	0	0	0	0	0	0	0	0	0	5472336	0	0	0	0	0	0	0	0	0	0	0	0	0	0	0	0	0	0	0	0	0	0	0	0	0	0	0	0	0	0	0	0	0	0	0	0	0	0	0	0	0	0	0	0	0	0	0	0	0	0	0	0	0	0	0	0	0	0	4114568	0	0	0	0	0	0	0	0	0	0	0	0	0	0	0	0	0	0	0	0	0	0	0	0	0	0	0	0	0	0	0	0	0	0	0	0	0	0	0	0	0	0	0	0	0	0	0	0	0	0	0	0	0	0	0	0	0	0	0	0	0	0	14135532	0	0	0	0	0	0	0	0	0	0	0	0	0	0	0	0	0	0	0	0	0	0	0	0	0	0	0	0	0	0	0	0	0	0	0	0	0	0	0	0	0	0	0	0	0	0	0	0	0	0	0	0	0	0	0	0	0	0	0	0	0	0	0	0	0	0	0	0	0	0	0	0	0	0	0	0	7403984	0	0	0	0	0	0	6024760	7382696	0	0	0	0	0	0	0	0	0	0	0	0	0	0	0	0	0	0	0	0	0	0	0	0	0	0	0	0	0	0	0	0	0	0	0	0	0	0	0	0	0	0	0	0	0	0	0	0	0	0	0	0	0	0	6202712	49001262995	0	0	0	0	0	0	0	0	0	0	0	0	0	7558922517	0	0	0	0	0	0	0	0	0	0	0	0	0	0	0
2024-10-14	0	0	7830952	0	0	0	0	0	0	0	0	0	0	0	0	0	0	0	0	0	0	0	0	0	0	0	0	0	0	0	0	0	0	0	0	0	0	0	0	0	0	0	0	0	0	0	0	0	0	0	0	0	0	0	0	0	0	0	0	0	0	0	0	0	0	0	0	0	0	0	0	0	0	0	0	0	0	0	0	0	0	0	0	0	0	0	0	0	0	0	0	0	0	0	0	0	0	0	0	0	0	0	0	0	4114568	0	0	0	0	5963120	0	0	0	0	0	0	0	0	0	0	0	0	0	5982480	0	0	0	0	0	0	0	6083912	0	0	0	0	0	0	0	0	0	0	0	0	0	0	0	0	0	0	0	0	0	0	0	0	0	0	0	0	0	0	4114568	0	0	0	0	0	0	0	0	0	6166528	0	0	0	0	0	0	0	0	0	0	0	0	0	0	0	0	6040240	0	0	0	0	0	0	0	0	0	0	0	0	0	0	0	0	0	0	12204064	0	0	0	0	0	0	0	0	0	0	0	0	0	0	0	0	0	0	0	0	0	0	0	0	0	0	0	0	0	0	0	0	0	0	0	0	0	0	0	0	0	0	0	0	0	0	6025584	0	0	0	0	0	0	0	0	0	0	0	0	0	0	0	0	0	0	0	0	0	0	0	0	0	0	0	0	0	6048368	0	0	0	0	0	0	0	0	0	0	0	0	0	0	0	0	0	0	0	0	0	0	0	0	0	0	0	0	0	0	0	0	0	0	0	0	0	0	0	0	0	0	0	0	0	0	0	0	0	0	0	0	0	0	0	0	0	0	0	0	0	0	0	7830952	0	0	13737348	0	0	0	0	7830952	0
2024-10-21	6560320	12883840	11335272	5308968	16087640	7351368	8160576	4036328	4006776	6052832	7685720	0	6035616	5242880	17046344	3749240	5806344	6027088	6103472	2480176	0	5964840	0	0	0	0	0	0	0	0	0	0	0	0	0	0	0	0	0	0	0	0	0	0	0	0	0	0	0	13594064	6539744	20621032	14287456	14176320	8844328	6134888	6308656	5242880	6229176	5368040	6070328	10250008	6144248	6489624	7718416	6101656	5472336	6716856	6734784	6978896	6094752	5434840	5682144	6582352	6710200	5971552	6850784	7240144	6441672	6006488	6504296	6111160	12596048	6448800	6542976	5234080	4813104	6726264	4521128	8858056	4518568	4520272	4547632	3110088	6761728	4528920	4959496	5970864	11738280	1996792	4678144	6029952	5959944	5975728	5995160	6207408	5973880	6068160	2449288	5963120	5964752	5988728	5958536	6021184	6250600	6059192	6015152	0	0	7431144	0	0	0	0	0	0	0	0	0	0	0	0	0	0	0	0	0	0	0	0	0	0	0	0	0	0	0	0	0	6528488	0	0	6026896	7921920	9800456	20597216	10391096	0	6224160	6106136	6155464	6020336	5993376	5996056	6109272	6223520	6024288	7034576	5867944	6423368	6327272	6960216	6166528	6449824	6225768	6765720	6261256	6113176	5993136	6037640	7170008	5998856	6050952	6085400	8196112	20098064	7949664	10213920	15661224	6040240	6046328	5996560	6076960	6036592	5973072	5968776	6232136	6233656	6531952	6465624	5970576	6706264	6117168	23586952	12367344	12381992	5842656	23328248	12204064	8146856	9848680	6048120	11739232	0	15563496	7878616	7991776	15701520	15397096	13734976	16948768	6380368	5999656	6111872	6069432	6431504	6067752	5957552	5948504	6136496	0	0	0	0	0	0	0	0	0	0	0	0	0	0	0	0	0	0	0	0	0	0	0	0	0	0	0	0	0	0	0	0	6073000	0	0	0	0	0	0	0	0	0	0	0	0	0	0	0	0	0	0	0	0	0	0	0	0	0	0	0	0	0	0	0	0	0	0	0	0	0	0	0	0	0	0	0	0	0	0	0	0	0	0	0	0	0	0	0	0	6022400	6184984	6017160	6020320	4532832	6052432	6052992	5951352	6083192	6202712	0	0	0	14307168	194877471	35984296	54021288	5242880	317205796	36883960	215483307	240939699	238210978	52252564	199136879	10485760	214280022	35946176	0	0	0	0	0	207301426	203273349	0	217393858	0	15291517	243762677
2024-10-28	80108988	5840032	19232588	9755356	6636400	14702736	8160576	4036328	4006776	6052832	14322120	0	4446388	9025504	10220056	3749240	0	6027088	0	4380024	0	4446388	0	4910936	8361864	6702764	8428228	9357324	5984288	0	5453016	6013848	0	6466168	0	0	0	6636400	0	6982152	7897316	7975480	6636400	11215516	0	0	0	8096408	2190012	8361864	10220056	20440112	0	7897316	5176392	0	4446388	4380024	6229176	0	6070328	4446388	0	4446388	6437308	6101656	4446388	6716856	6636400	6636400	4446388	4446388	0	6582352	2787288	5508212	6850784	132728	6441672	6006488	0	0	0	0	4446388	5234080	4446388	6726264	4521128	7100948	4518568	4446388	4547632	3110088	0	0	4446388	5970864	0	1996792	4678144	4446388	5959944	0	8892776	6207408	5973880	0	2449288	5963120	5964752	5988728	5958536	6021184	0	6059192	6015152	6001232	6182512	5640940	5958896	4535768	6009640	5982480	4114568	4380024	6155176	0	6181560	6218528	0	11414608	6927552	6202608	0	6090672	5982576	6252464	0	7155376	5995720	6121840	3418624	6619296	0	4446388	0	6193896	6419496	0	6023352	0	6026896	13272800	7897316	7100948	7565496	4446388	4446388	6106136	6155464	6020336	5993376	0	6109272	0	6024288	6636400	0	6423368	6327272	6636400	6166528	0	6225768	6503672	2787288	4446388	5993136	4446388	7170008	0	0	6085400	13272800	8229136	0	6636400	8428228	0	0	0	6076960	0	5973072	5968776	0	4844572	0	6465624	5970576	5972760	0	6901856	12476432	6171852	4446388	7897316	7963680	6636400	5840032	4446388	0	0	4180932	7878616	0	7897316	0	0	10020964	0	5999656	6111872	0	4446388	4446388	5957552	5948504	0	0	6309832	0	5979752	6271152	4446388	4446388	4615536	0	0	4446388	0	0	4446388	0	12007072	4548488	4446388	4446388	0	2190012	4446388	0	0	0	0	0	6636400	6636400	0	0	0	4446388	0	10308672	6636400	0	6636400	6570036	7760584	5984176	6636400	4446388	6636400	0	5943688	4446388	0	13272800	0	16060088	6636400	7896488	7897316	9954600	0	10020964	8915800	0	0	7300040	6570036	0	7949184	0	0	0	6803184	4446388	0	4446388	5375484	0	4446388	4446388	0	0	0	0	6348808	0	5970984	6406056	4446388	0	6057816	0	6171656	0	0	0	0	6020320	0	4446388	4446388	0	4446388	0	80515211982	0	0	8229136	202774787	7897316	185582636	6636400	323842196	9888236	7366404	0	7897316	10020964	10153692	7897316	8494592	4579116	0	7897316	7896488	0	7897316	7764588	0	10153692	6437308	10153692	0	7300040
2024-11-04	0	0	4114568	0	0	0	0	0	0	0	0	0	0	0	0	0	0	0	0	0	0	0	0	0	0	0	0	0	0	0	0	0	0	0	0	0	0	0	0	0	0	0	0	0	0	0	0	0	0	0	0	0	0	0	0	0	0	0	0	0	4114568	0	0	0	0	0	0	0	0	0	0	0	0	0	0	0	0	0	0	0	0	0	0	0	0	0	0	0	0	0	0	0	0	0	0	0	0	0	6503672	0	0	0	0	0	0	0	0	0	0	0	0	0	0	0	0	0	0	0	0	0	0	0	0	0	0	0	0	0	0	0	0	0	0	0	0	0	0	0	0	0	0	0	0	0	0	0	0	0	0	0	0	0	0	0	0	0	0	0	0	0	0	0	0	0	0	0	0	0	0	0	0	0	0	0	0	0	0	0	0	0	0	0	0	0	0	0	0	0	0	0	0	0	0	0	0	0	0	0	0	0	0	0	0	0	0	0	0	0	0	0	0	0	0	0	0	0	0	0	0	0	0	5906396	0	0	0	0	0	0	0	0	0	0	0	0	0	0	0	0	0	0	0	0	0	0	0	0	0	0	0	0	0	0	0	0	0	0	0	0	0	0	0	0	0	0	0	0	0	0	0	0	0	0	0	0	0	0	0	0	0	0	0	0	0	0	0	0	0	0	0	0	0	0	0	0	0	0	0	0	0	0	0	0	0	0	0	0	0	0	0	0	0	0	0	0	0	0	0	0	0	0	0	0	0	0	0	0	0	0	0	0	0	0	0	0	0	0	0	3758169800	0	0	0	0	0	0	0	0	0	0	0	0	0	0	0	0	0	0	0	0	0
2024-11-11	0	0	0	0	0	0	6304580	0	0	6052832	0	0	0	0	0	0	0	0	0	0	0	0	0	0	0	0	0	0	0	0	0	0	0	0	0	0	0	0	0	0	0	0	0	0	0	0	0	0	0	0	0	0	0	0	0	0	0	0	0	0	0	0	0	0	0	0	0	0	0	0	0	0	0	0	0	0	0	0	0	0	0	0	0	0	0	0	0	0	0	0	4518568	0	0	0	0	0	0	0	0	0	0	0	0	0	0	0	0	0	0	0	0	0	0	0	0	0	0	0	0	0	0	0	0	0	0	0	0	0	0	0	0	4114568	0	0	0	0	0	0	0	0	0	0	0	0	0	0	0	0	0	0	0	0	0	0	0	0	0	12281952	6224160	0	0	0	0	0	0	0	0	0	0	0	0	0	0	0	0	0	0	0	0	0	0	0	0	0	0	0	0	0	0	0	0	0	0	0	0	0	0	6233656	0	0	0	0	0	0	0	0	0	0	0	0	0	0	0	0	0	0	0	0	0	0	0	0	0	0	0	0	0	0	0	0	0	0	0	0	0	0	0	0	0	0	0	0	0	0	0	0	0	0	0	0	3064512	0	0	0	0	0	0	0	0	0	0	0	0	0	0	0	0	0	0	0	0	0	0	0	0	0	0	0	0	0	0	7481504	0	0	0	0	0	0	0	0	0	0	0	0	4114568	0	0	0	0	0	0	0	0	0	0	6127712	0	0	0	0	0	0	0	0	0	0	0	0	0	0	0	0	0	0	0	0	0	0	0	16325544	0	0	0	0	0	0	0	14927470244	0	6570036	0	0	0	0	0	0	4114568	0	0	0	0	0	4180932	4645480	9821872	0	0	4114568	4114568
2024-11-18	18694776	12078248	16484948	11915008	16138728	34439464	18065248	18034968	2190012	16164016	16001588	15107768	9479796	6611560	21501936	14996960	5806344	20283312	14332608	4670188	0	10079408	16105880	8229136	12169272	4114568	14135532	4645480	4048204	14483784	4114568	12675524	8229136	14069168	10109888	0	6035048	4446388	5968472	6982152	14666444	12090048	0	13936440	15921648	8163192	4048204	16856456	3104816	44243676	16922820	27341968	54683936	20705568	20856212	16384344	4114568	5243688	12458352	0	25148000	12270880	4114568	0	17805744	18304968	13635108	0	4048204	12343704	4114568	16304520	5682144	10696920	4114568	0	24666920	11354712	29881256	4114568	13008592	12222320	8361864	4048204	23743496	5234080	4114568	4114568	8569332	4114568	8162772	4114568	13209832	6220176	4579116	0	8229136	10085432	10618240	9983960	18215364	4114568	0	4114568	5995160	0	10088448	10116364	4898576	5963120	11929504	16025660	16723728	5840032	4114568	22225780	14244288	5242756	12609160	18976856	4446388	0	8560956	8162772	4114568	0	16424920	5983448	26024396	6218528	0	10132116	0	22722392	14053664	24362688	4114568	4048204	18304224	17707252	12210976	22811908	3418624	30542492	10265472	8229136	17967480	5773668	0	10643056	12046704	20744384	16168360	0	4114568	9556416	4048204	8229136	4048204	10220704	0	16155240	20547708	4446388	10157476	8560956	15846160	0	0	16961304	12654544	6960216	0	6449824	4579116	0	4114568	12226352	0	18447708	0	5998856	0	12170800	20274360	21103752	0	17520096	0	12080480	4114568	16107688	4114568	4114568	0	12210976	10346704	8229136	19311924	8560956	4048204	18117372	15009944	18117372	7698224	25218320	15799880	21369208	14069168	7698224	27926496	8229136	29863800	8229136	4114568	25730532	29095528	0	6702764	9423688	13670984	16202240	14228792	20048312	8229136	0	5375484	0	4048204	0	4446388	6309832	5949896	14208888	4446388	16066892	8708744	13176492	25755796	8627320	18307104	4114568	11980624	16363356	4114568	4114568	4446388	10399476	8629120	4446388	12258048	4114568	6173488	17873568	4114568	14002804	5943000	10750968	6437308	27806516	9888236	6039124	8229136	11490884	31921084	0	30620528	15075920	17755424	4114568	10098744	4048204	20212292	18879960	0	4114568	8619960	10060992	7513200	14135532	25616504	4114568	8229136	0	19112832	10096572	39022032	4778208	12741888	0	22628428	13803712	7934088	34133972	4380024	9025504	12808252	17720936	12343704	12091120	0	15990736	4114568	14069168	13465528	8295500	8229136	6086904	4048204	6348808	5308292	4114568	8162772	23553208	0	21937504	4446388	4114568	5969960	10136968	4048204	0	0	4532832	6052432	4446388	8693684	6083192	14498212	13471892	4114568	4114568	13670984	19444652	28271064	0	4114568	123510053941	27607424	17453732	12542796	10286420	20506476	19378288	0	0	7300040	4048204	0	9821872	0	0	0	0	10020964	0	0	0	0
2024-11-25	6560320	12883840	11335272	5308968	16087640	7351368	8160576	4036328	4006776	6052832	7685720	18290320	6035616	14950280	21160912	3749240	5806344	6027088	6103472	2480176	4550848	5964840	5995656	17026696	16268080	15709816	11732600	19424744	11968576	6254648	5453016	6013848	6078240	6466168	5995320	6033272	6035048	6692672	5968472	6982152	10054688	7975480	8130824	14060024	7960824	8163192	19820592	9337632	2972088	13594064	11782624	25863912	37249524	19419200	8844328	6134888	6308656	5243688	12458352	5368040	6070328	6135440	6144248	6489624	7718416	6101656	5472336	6716856	6734784	6978896	6094752	5434840	5682144	6582352	6710200	5971552	13701568	7240144	6441672	6006488	6504296	6111160	6298024	6448800	6542976	5234080	4813104	6726264	4521128	8858056	4518568	4520272	4547632	3110088	6761728	4528920	4959496	5970864	11738280	1996792	9356288	12059904	5959944	5975728	5995160	6207408	5973880	6068160	2449288	5963120	5964752	11977456	5958536	6021184	6250600	6059192	6015152	6001232	6182512	7431144	5958896	4535768	6009640	5982480	6018704	5984808	6155176	5983448	12363120	6218528	6156104	6083912	6927552	6202608	5957256	6090672	5982576	6252464	5960520	7155376	5995720	6121840	6837248	6619296	6150904	6245368	5989160	6193896	6419496	6528488	6023352	6257624	6026896	7921920	9800456	25840096	10391096	6140976	6224160	6106136	6155464	6020336	5993376	5996056	6109272	6223520	12048576	7034576	5867944	6423368	6327272	6960216	6166528	6449824	6225768	6765720	6261256	6113176	5993136	6037640	7170008	5998856	6050952	6085400	8196112	11868928	7949664	10213920	15661224	6040240	6046328	5996560	6076960	6036592	5973072	5968776	6232136	6233656	6531952	6465624	5970576	6706264	6117168	15756000	12367344	12381992	5842656	23328248	0	0	0	0	0	0	0	0	0	0	0	0	0	0	5999656	0	0	0	0	0	0	0	0	0	0	0	0	0	0	0	0	0	5963400	0	0	0	0	0	0	0	0	0	0	0	3086744	0	0	0	0	0	0	0	0	0	0	6238216	0	0	0	0	0	0	0	0	0	0	0	0	0	0	0	0	0	0	0	0	0	0	0	0	0	6570036	0	0	0	0	0	0	0	0	0	0	0	0	0	0	0	0	0	0	0	0	0	0	0	0	0	0	0	0	0	0	0	0	0	0	0	0	0	0	0	57101930855	14227079168	13006031048	14307168	17182575248	43748884	0	133263456	0	0	0	0	0	0	0	0	0	35946176	12409218584	24018656	16762667424	0	33506960	0	0	26371984	0	0	0	0
2024-12-02	0	0	0	0	8388608	7351368	0	0	0	0	0	0	0	0	0	0	0	0	0	0	4550848	0	0	0	0	0	0	0	0	0	0	0	0	0	0	0	0	0	0	0	0	0	0	0	0	0	16777216	0	0	0	0	0	0	0	0	0	0	0	0	0	0	0	0	0	0	0	0	0	0	0	0	0	0	0	0	0	0	7240144	0	0	0	0	0	0	0	0	0	0	4521128	0	0	0	0	0	0	4528920	0	0	0	1996792	0	0	0	0	0	0	0	0	0	0	0	0	0	0	0	0	0	0	0	0	0	0	0	0	0	0	0	5983448	0	0	0	0	0	6202608	0	0	0	0	0	0	0	0	0	0	6150904	6245368	0	0	0	0	0	0	0	0	0	0	0	0	0	0	0	0	0	0	0	0	0	0	0	0	0	0	0	0	0	0	0	0	0	6037640	0	0	0	0	0	0	0	0	0	0	0	0	0	6036592	0	0	6232136	0	0	0	10085144	0	0	0	20755952	0	0	0	0	0	0	0	0	4114568	0	7878616	0	0	0	0	0	0	0	0	0	0	0	0	0	6136496	0	0	0	0	0	6009344	0	4615536	6009224	0	0	0	5990312	0	0	0	0	0	0	0	3064512	0	0	0	0	6025584	0	0	0	0	0	0	0	0	0	7403984	0	0	0	7760584	0	0	0	7382696	0	0	0	0	0	0	0	0	0	0	0	0	0	0	0	0	0	0	0	0	0	0	0	6803184	0	0	0	7995368	0	0	0	0	0	0	0	6348808	0	0	6406056	0	0	0	6010016	0	0	0	0	0	0	0	0	0	0	0	0	0	0	0	0	0	0	0	0	0	0	0	0	0	0	0	0	0	0	0	0	0	0	0	0	0	0	0	0	0	0
2024-12-09	0	0	0	0	0	0	0	0	0	0	0	0	0	0	0	0	0	0	0	0	0	0	0	0	0	0	0	0	0	0	0	0	0	0	0	0	0	0	0	0	0	0	0	0	0	0	0	0	0	0	0	0	0	0	0	0	0	0	0	0	0	0	0	0	0	0	0	0	0	0	0	0	0	0	0	0	0	0	0	0	0	0	0	0	0	0	0	0	0	0	0	0	0	0	0	0	0	0	0	0	0	0	0	0	0	0	0	0	0	0	0	0	0	0	0	0	0	0	0	0	0	0	0	0	0	0	0	0	0	0	0	0	0	0	0	0	0	0	0	0	0	0	0	0	0	0	0	0	0	0	0	0	0	0	0	0	0	0	0	0	0	0	0	0	0	0	0	0	0	0	0	0	0	0	0	0	0	0	0	0	0	0	0	0	0	0	0	0	0	0	0	0	0	0	0	0	0	0	0	0	0	0	0	0	0	0	0	0	0	0	0	0	0	0	0	0	0	0	0	0	0	0	0	0	0	0	0	0	0	0	0	0	0	0	0	0	0	0	0	0	0	0	0	0	0	0	0	0	0	0	0	0	0	0	0	0	0	0	0	0	0	0	0	0	0	0	0	0	0	0	0	0	0	0	0	0	0	0	0	0	0	0	0	0	0	0	0	0	0	0	0	0	0	0	0	0	0	0	0	0	0	0	0	0	0	0	0	0	0	0	0	0	0	0	0	0	0	0	0	0	0	0	0	0	0	0	0	0	0	0	0	0	0	0	0	0	0	581744	0	0	0	0	0	0	0	0	0	0	0	0	0	0	0	0	0	0	0	0	0
2024-12-16	0	0	0	0	0	0	0	0	0	0	0	0	0	0	0	0	0	0	0	0	0	0	0	0	0	0	0	0	0	0	0	0	0	0	0	0	0	0	0	0	0	0	0	0	0	0	0	0	0	0	0	0	0	0	0	0	0	0	0	0	0	0	0	0	0	0	0	0	0	0	0	0	0	0	0	0	0	0	0	0	0	0	0	0	0	0	0	0	0	0	0	0	0	0	0	0	0	0	0	0	0	0	0	0	0	0	0	0	0	0	0	0	0	0	0	0	0	0	0	0	0	0	0	0	0	0	0	0	0	0	0	0	0	0	0	0	0	0	0	0	0	0	0	0	0	0	0	0	0	0	0	0	0	0	0	0	0	0	0	0	0	0	0	0	0	0	0	0	0	0	0	0	0	0	0	0	0	0	0	0	0	0	0	0	0	0	0	0	0	0	0	0	0	0	0	0	0	0	0	0	0	0	0	0	0	0	0	0	0	0	0	0	0	0	0	0	0	0	0	0	0	0	0	0	0	0	0	0	0	0	0	0	0	0	0	0	0	0	0	0	0	0	0	0	0	0	0	0	0	0	0	0	0	0	0	0	0	0	0	0	0	0	0	0	0	0	0	0	0	0	0	0	0	0	0	0	0	0	0	0	0	0	0	0	0	0	0	0	0	0	0	0	0	0	0	0	0	0	0	0	0	0	0	0	0	0	0	0	0	0	0	0	0	0	0	0	0	0	0	0	0	0	0	0	0	0	0	0	0	124906892577	57629248834	15070916	0	0	0	0	0	1688273352	0	0	0	0	0	62580424	57006676	0	0	0	0	0	0	0	0	0	0	0	0	0	0
2025-01-20	6560320	0	0	0	0	0	0	0	0	0	0	0	0	0	0	0	0	0	0	0	0	0	0	0	0	0	0	0	0	0	0	0	0	0	0	0	0	0	0	0	0	0	0	0	0	0	0	0	0	0	0	0	0	0	0	0	0	0	0	0	0	0	0	0	0	0	0	0	0	0	0	0	0	0	0	0	0	0	0	0	0	0	0	0	0	0	0	0	0	0	0	0	0	0	0	0	0	0	0	0	0	0	0	0	0	0	0	0	0	0	0	0	0	0	0	0	0	0	0	0	0	0	0	0	0	0	0	0	0	0	0	0	0	0	0	0	0	0	0	0	0	0	0	0	0	0	0	0	0	0	0	0	0	0	0	0	0	0	0	0	0	0	0	0	0	0	0	0	0	0	0	0	0	0	0	0	0	0	0	0	0	0	0	0	0	0	0	0	0	0	0	0	0	0	0	0	0	0	0	0	0	0	0	0	0	0	0	0	0	0	0	0	0	0	0	0	0	0	0	0	0	0	0	0	0	0	0	0	0	0	0	0	0	0	0	0	0	0	0	0	0	0	0	0	0	0	0	0	0	0	0	0	0	0	0	0	0	0	0	0	0	0	0	0	0	0	0	0	0	0	0	0	0	0	0	0	0	0	0	0	0	0	0	0	0	0	0	0	0	0	0	0	0	0	0	0	0	0	0	0	0	0	0	0	0	0	0	0	0	0	0	0	0	0	0	0	0	0	0	0	0	0	0	0	0	0	0	0	0	377191	0	61519428	0	31363600	0	0	0	0	0	0	0	0	0	0	0	0	0	0	0	0	0	0	0	0	0	0	0	0	0
2025-01-27	0	0	0	0	0	0	0	0	0	0	0	0	0	0	0	0	0	0	0	0	0	0	0	0	0	0	0	0	0	0	0	0	0	0	0	0	0	0	0	0	0	0	0	0	0	0	0	0	0	0	0	0	0	0	0	0	0	0	0	0	0	0	0	0	0	0	0	0	0	0	0	0	0	0	0	0	0	0	0	0	0	0	0	0	0	0	0	0	0	0	0	0	0	0	0	0	0	0	0	0	0	0	0	0	0	0	0	0	0	0	0	0	0	0	0	0	0	0	0	0	0	0	0	0	0	0	0	0	0	0	0	0	0	0	0	0	0	0	0	0	0	0	0	0	0	0	0	0	0	0	0	0	0	0	0	0	0	0	0	0	0	0	0	0	0	0	0	0	0	0	0	0	0	0	0	0	0	0	0	0	0	0	0	0	0	0	0	0	0	0	0	0	0	0	0	0	0	0	0	0	0	0	0	0	0	0	0	0	0	0	0	0	0	0	0	0	0	0	0	0	0	0	0	0	0	0	0	0	0	0	0	0	0	0	0	0	0	0	0	0	0	0	0	0	0	0	0	0	0	0	0	0	0	0	0	0	0	0	0	0	0	0	0	0	0	0	0	0	0	0	0	0	0	0	0	0	0	0	0	0	0	0	0	0	0	0	0	0	0	0	0	0	0	0	0	0	0	0	0	0	0	0	0	0	0	0	0	0	0	0	0	0	0	0	0	0	0	0	0	0	0	0	0	0	0	0	0	0	0	0	0	0	0	0	0	0	0	0	0	0	0	0	0	31055035	0	0	0	0	0	0	0	0	0	0	0	0	0	0	0
2025-02-03	0	0	0	0	0	0	0	0	0	0	0	0	0	0	0	0	0	0	0	0	0	0	0	0	0	0	0	0	0	0	0	0	0	0	0	0	0	0	0	0	0	0	0	0	0	0	0	0	0	0	0	0	0	0	0	0	0	0	0	0	0	0	0	0	0	0	0	0	0	0	0	0	0	0	0	0	0	0	0	0	0	0	0	0	0	0	0	0	0	0	0	0	0	0	0	0	0	0	0	0	0	0	0	0	0	0	0	0	0	0	0	0	0	0	0	0	0	0	0	0	0	0	0	0	0	0	0	0	0	0	0	0	0	0	0	0	0	0	0	0	0	0	0	0	0	0	0	0	0	0	0	0	0	0	0	0	0	0	0	0	0	0	0	0	0	0	0	0	0	0	0	0	0	0	0	0	0	0	0	0	0	0	0	0	0	0	0	0	0	0	0	0	0	0	0	0	0	0	0	0	0	0	0	0	0	0	0	0	0	0	0	0	0	0	0	0	0	0	0	0	0	0	0	0	0	0	0	0	0	0	0	0	0	0	0	0	0	0	0	0	0	0	0	0	0	0	0	0	0	0	0	0	0	0	0	0	0	0	0	0	0	0	0	0	0	0	0	0	0	0	0	0	0	0	0	0	0	0	0	0	0	0	0	0	0	0	0	0	0	0	0	0	0	0	0	0	0	0	0	0	0	0	0	0	0	0	0	0	0	0	0	0	0	0	0	0	0	0	0	0	0	0	0	0	0	0	0	0	0	0	0	0	0	0	0	0	0	0	0	0	0	0	0	43446902	0	0	0	0	0	0	0	0	0	0	0	0	0	0	0
2025-02-10	25603644	26249428	23847240	16007228	41987068	33154084	33740296	21727040	25285976	33146308	11674700	32263104	36971484	32129684	22938652	16572676	23688116	25741592	32790812	13538176	31964328	10122596	25124364	33710980	31674280	27341352	28456512	38408184	23604076	26671176	23450520	39429864	37343204	19922356	14799728	18342832	33373740	28184120	23777244	22916744	29579372	32750876	25538028	35707760	32243056	30133892	28998296	32921104	15853800	34818680	21539276	15908568	28989292	38811808	16652072	28925112	35927168	24501740	35356320	23852632	33198056	30467136	14151116	33509312	29232264	29602584	10156900	31826336	45398120	24674184	18751012	35755780	33988016	33589560	27583732	35749968	35893532	17896568	28328100	18393380	18445552	27513816	19643400	19723044	27118052	25582556	24369744	20535624	15640144	27300852	17849656	24743528	14969488	21071776	28119876	26874332	25242000	28078112	30248200	15308728	12156296	21635636	16733144	23820788	24531308	24404004	28913856	32908060	20555328	27723760	30887440	33875044	17102484	28908084	29333232	31477924	34603188	26342316	18854460	40768396	30170780	23892692	29385572	27628560	44497744	20123860	16765816	38428664	27796176	31005408	37387896	31173564	36242348	33064684	29735488	32874472	31105180	29803488	23658048	24426168	33795192	37469768	15061744	34307860	25049900	27933604	29201252	16459108	14951568	28082256	26920924	28289028	40025148	20143624	37640664	23606584	38154092	31417480	28300788	27131764	31021264	19920176	24802056	24232504	39014884	18339248	36025428	33273724	29247300	30958784	40046844	23942152	29207696	34062404	17651928	25152432	20338056	24949436	18602728	19503016	21887260	13235896	29062824	10199356	19826056	30899652	38915816	26194292	15704976	33279304	25846268	23990508	33067176	23163792	22652548	24916704	21175120	16220424	29891368	18141852	9277756	26932628	38248176	26336380	27370284	28084608	33878444	16963000	29032184	27018684	23950144	18621876	22036704	39281256	38905952	28551380	25730664	27013772	25354572	31965476	40383636	27503928	31273512	27856408	20520740	31065972	33204320	33368124	20982520	14342456	33174256	24579332	34236268	29540164	37033508	26316512	30723224	29426468	31190636	28052800	14470432	39992912	25584204	38104052	32546152	30242664	28617776	21912904	27448736	25365996	12683372	26956676	15654956	26664612	19676164	23491328	24300968	24626340	25472924	27978664	43018672	27769888	35675992	34153176	10961424	28903368	15460720	33224376	27886548	38094196	27725640	33310736	27207652	24709332	28173588	25981956	19842900	36101200	22499880	25774488	27785856	23599520	18355472	26346852	34308264	18358156	34381952	21665636	37884320	27601792	40165372	26929252	34461972	35409948	36408688	28881936	23259884	29638660	16878224	31958192	25567284	32464084	20446016	40273292	24184036	33465300	35091580	33930868	31800952	26278700	25315944	33818912	22030488	31636156	32109088	22998956	33954396	28956112	26802636	38385892	20112064	15926636	36152836	17073836	32572244	23999444	30082568	10385092	18472088	4032747458	30779952	21356180	23551432	26512226	18068932	20101926	17069164	31732664	27238396	45940586	32894714	29763664	27865776	100404708	23699527	29612486	19740780	29903412	34227340	32222583	28163300	18371872	20563556	34243461	22858228	23602652	19848156	21294394	39102595
2025-02-17	0	0	0	0	0	0	0	0	0	0	0	0	0	0	0	0	0	0	0	0	0	0	0	0	0	0	0	0	0	0	0	0	0	0	0	0	0	0	0	0	0	0	0	0	0	0	0	0	0	0	0	0	0	0	0	0	0	0	0	0	0	0	0	0	0	0	0	0	0	0	0	0	0	0	0	0	0	0	0	0	0	0	0	0	0	0	0	0	0	0	0	0	0	0	0	0	0	0	0	0	0	0	0	0	0	0	0	0	0	0	0	0	0	0	0	0	0	0	0	0	0	0	0	0	0	0	0	0	0	0	0	0	0	0	0	0	0	0	0	0	0	0	0	0	0	0	0	0	0	0	0	0	0	0	0	0	0	0	0	0	0	0	0	0	0	0	0	0	0	0	0	0	0	0	0	0	0	0	0	0	0	0	0	0	0	0	0	0	0	0	0	0	0	0	0	0	0	0	0	0	0	0	0	0	0	0	0	0	0	0	0	0	0	0	0	0	0	0	0	0	0	0	0	0	0	0	0	0	0	0	0	0	0	0	0	0	0	0	0	0	0	0	0	0	0	0	0	0	0	0	0	0	0	0	0	0	0	0	0	0	0	0	0	0	0	0	0	0	0	0	0	0	0	0	0	0	0	0	0	0	0	0	0	0	0	0	0	0	0	0	0	0	0	0	0	0	0	0	0	0	0	0	0	0	0	0	0	0	0	0	0	0	0	0	0	0	0	0	0	0	0	0	0	0	0	0	0	0	0	0	0	0	0	0	0	0	0	0	0	0	0	0	0	221577189	0	0	0	0	0	0	0	0	0	0	0	0	0	0	0
2025-02-24	0	0	9622780	5308968	4114568	0	0	4036328	0	6052832	4180932	6503672	0	4114568	0	3749240	0	6027088	6103472	0	4550848	4114568	0	14600080	4114568	4114568	0	0	4114568	0	5453016	6013848	4114568	0	5995320	0	6035048	6692672	5968472	4114568	5707304	4114568	0	0	8229136	4512752	0	9337632	2972088	7167312	6702764	4114568	4180932	4114568	4114568	6134888	4114568	0	4048204	0	6070328	6135440	4114568	4114568	4114568	4114568	5472336	6238216	6734784	4114568	6094752	0	4114568	6582352	0	5906396	4114568	13670984	6441672	6006488	6504296	4048204	6298024	6448800	0	4048204	0	0	4114568	0	4114568	4520272	4114568	0	0	0	0	4048204	9954600	1996792	4678144	0	5959944	0	0	0	4114568	6068160	0	0	5964752	0	0	6021184	6250600	0	4114568	0	6182512	6039124	5958896	0	0	4313660	6018704	0	0	5840032	6181560	6218528	4114568	6083912	6927552	0	4114568	4313660	5982576	6252464	5960520	0	4114568	6121840	0	4114568	4114568	0	8096408	5707304	6171852	4180932	0	0	0	4114568	0	0	0	4114568	0	4114568	4114568	0	5993376	4114568	0	0	6024288	4114568	0	4114568	4114568	0	0	6449824	6225768	0	0	4180932	5993136	6037640	0	0	12101904	4114568	0	0	0	0	0	4180932	0	4114568	4114568	0	0	5968776	4114568	4114568	6531952	0	0	6706264	4180932	0	8892776	5707304	5842656	4114568	4247296	0	0	6048120	5707304	9755508	0	0	15983552	4114568	10020964	0	5971932	6380368	0	6111872	0	0	4114568	0	4114568	0	4114568	4114568	4114568	0	6271152	0	4114568	4615536	0	4114568	4048204	4114568	4114568	6157576	0	6003536	0	0	0	5962296	3064512	5972792	3086744	0	6363944	0	0	5707304	6238216	4114568	6105488	0	6073000	7442680	4114568	0	7300040	0	8877712	0	4180932	7449800	6024760	7382696	0	0	4505392	5946424	5906396	0	4114568	6105488	4114568	4114568	5773668	0	0	4114568	6238216	7764588	6437308	4180932	0	4114568	4114568	11414608	4114568	6803184	4180932	5707304	4114568	4114568	4048204	0	5236392	6127712	4114568	6086904	5773668	0	4180932	5970984	6039124	0	4114568	6057816	4114568	4114568	0	6022400	6184984	0	4114568	4532832	6052432	0	5951352	0	6202712	0	7963680	4114568	6238216	9887408	0	0	0	9888236	4180932	0	9888236	13538256	6238216	15603551776	7499132	4048204	8959140	6636400	9954600	0	9689144	0	9490052	4180932	5773668	0	0	9887408	6304580
2025-03-10	11460272	4180932	9150736	12958104	13331668	8669064	5343368	7455140	8832752	10577000	18001768	8843536	8898208	12709772	5162384	4489320	4872856	8889680	13024468	5284588	12476432	0	13899220	13049088	6653524	12753304	9460464	8673844	36606520	13760180	12681232	8810076	9048336	9048336	726640	10362048	9438280	8843536	8638736	15322588	1228800	5308208	4421768	14260764	5013744	9349828	15996168	5036168	7761712	13845456	4319368	8229136	4488132	17775764	8904192	4846876	14844992	4656896	17182468	8602700	8705100	6749840	8976264	10623948	12958104	1101768	8500300	11487080	5272520	8705100	4806740	8638736	5066496	10707436	15684280	17144744	14201896	9433532	13464396	8669064	9220892	9802540	11130240	614400	8976264	4524168	9114700	9361528	4728968	12968016	9042628	8638736	4728968	3314888	4319368	13090832	4728968	4524168	4858328	2713576	4728968	4578884	614400	204800	8592296	8602700	14883780	11117036	7631888	4795332	4524168	4828024	4590532	12732888	12958104	17410200	8745016	9033964	8976264	8594680	4524168	13595704	8984416	8705100	8428228	12753304	12717268	12886032	13162904	9283464	5036168	4319368	13265304	5343368	8500300	819200	4319368	5036168	9108992	18068132	9022940	5036168	4789624	17205400	4728968	8976264	8162772	4471664	9042628	8536336	17440068	13970688	13199860	9838996	13862328	12614868	9457936	9108992	8843536	8976264	8843536	12997496	11029788	5273100	8536336	5102532	9080076	614400	4452096	14194400	13638868	8602700	921600	4728968	4421768	921600	8843536	13090832	12970296	4925848	12958104	9329704	12753304	12819668	8843536	8469972	9345328	1150560	9181064	5339288	9247428	8593696	12886032	13152888	4590532	14074876	8295500	8692356	13398032	14617204	4319368	17796120	9217100	9042628	9108992	4554496	5265588	5102532	747128	13265304	9048336	13229268	307200	4421768	4728968	4728968	13638868	614400	13683792	819200	12703672	11109336	9398468	16831836	5343368	5036168	5819332	8229136	12819668	5367988	17519948	0	4319368	8924640	921600	8606480	9020688	9549304	9360808	12958104	8433936	614400	9012124	8909900	8705100	10489640	4114568	12548504	8433936	4855988	4380024	614400	2599612	8433936	4524168	9082668	18696304	12819668	8771464	9307336	8641652	15021096	4524168	6636400	8980880	4524168	9501468	4728968	19139852	13265304	4466744	13562668	785520	4319368	12886032	8638736	13348928	4933768	4656896	4656148	1135704	13693816	8229136	8843536	17089508	9380156	5409732	16259180	8771464	9108992	17680332	8909900	712976	0	4805892	10131476	4319368	13318836	8638736	9457936	8928460	9042628	4466776	1228800	17476564	17338128	12744032	9181064	13241996	13398032	4728968	13013052	8735428	13447272	8686724	9181064	5514072	8868156	10903728	9400336	4114568	8999456	8617456	4319368	9048336	9524300	4253004	4524168	8843536	16328929	4704320	9101903	4421768	9129957	8909900	12757617	16563216	514632	13090832	13019810	13242801	8910540	8428228	16321386	8295500	8580002	4554496	9423602	12410068	4456595	4421768	4114568	5168896	8525205	4795332	12807694	12891740	4592002	13365743
2025-03-17	19680960	38651520	34005816	5308968	16087640	14702736	8160576	4036328	8013552	12105664	15371440	18290320	12071232	29900560	34092688	11247720	11612688	12054176	6103472	4960352	13652544	11929680	5995656	17026696	32536160	0	23465200	38849488	5984288	18763944	10906032	6013848	18234720	12932336	11990640	18099816	12070096	6692672	11936944	6982152	20109376	7975480	16261648	28120048	7960824	16326384	59461776	18675264	2972088	27188128	0	51727824	39060672	58257600	17688656	12269776	12617312	0	0	10736080	18210984	12270880	12288496	12979248	7718416	6101656	10944672	6716856	6734784	6978896	6094752	0	0	6582352	0	5971552	6850784	0	0	0	6504296	6111160	0	0	6542976	0	4813104	6726264	4521128	8858056	4518568	0	4547632	0	0	4528920	4959496	5970864	0	1996792	4678144	6029952	0	5975728	5995160	0	5973880	6068160	2449288	5963120	0	0	5958536	6021184	0	0	0	0	6182512	7431144	5958896	0	0	5982480	6018704	0	0	5983448	6181560	0	6156104	6083912	6927552	6202608	0	6090672	5982576	0	5960520	0	5995720	6121840	0	6619296	6150904	6245368	5989160	6193896	0	6528488	6023352	0	6026896	7921920	9800456	0	0	6140976	6224160	6106136	0	0	5993376	5996056	6109272	6223520	6024288	7034576	5867944	6423368	6327272	0	0	0	6225768	0	6261256	0	5993136	6037640	0	0	6050952	6085400	8196112	11868928	7949664	10213920	0	6040240	6046328	5996560	0	6036592	5973072	5968776	6232136	6233656	0	0	0	6706264	6117168	15756000	0	0	5842656	23328248	0	8146856	9848680	6048120	11739232	12091960	15563496	0	0	0	0	0	0	0	0	0	6069432	0	6067752	0	5948504	0	0	0	0	0	0	0	0	0	0	0	0	0	0	0	0	0	0	0	0	0	0	0	0	0	0	0	0	0	0	0	0	0	0	0	0	0	0	0	0	0	0	0	0	0	0	0	0	0	0	0	13178568	0	0	0	0	0	0	0	8836608	0	7962832	9008576	7934088	7949184	6605904	11742368	4822096	6803184	5962640	6045560	5999504	7995368	4550608	6054592	5236392	6127712	6032328	0	0	0	6582648	5970984	6406056	6169848	6023224	6057816	6010016	6171656	0	6022400	0	0	6020320	4532832	6052432	6052992	5951352	6083192	0	40257605991	57357025658	46633433601	14307168	0	0	0	0	0	36883960	71859438507	0	64133189538	0	0	0	66594383702	35946176	56619887770	24018656	0	0	33506960	82824604466	65891316869	26371984	75625736898	0	0	52199465816
2025-03-24	0	0	16	0	0	0	0	0	0	0	0	0	0	0	0	0	0	0	0	0	0	0	0	0	0	0	0	0	0	0	0	0	0	0	0	0	0	0	0	0	0	0	0	0	0	0	0	0	0	0	0	0	0	0	0	0	0	0	0	0	0	0	0	0	0	0	0	0	0	0	0	0	0	0	0	0	0	0	0	0	0	0	0	0	0	0	0	0	0	0	0	0	0	0	0	0	0	0	0	0	0	0	0	0	0	0	0	0	0	0	0	0	0	0	0	0	0	0	0	0	0	0	0	0	0	0	0	0	0	0	0	0	0	0	0	0	0	0	0	0	0	0	0	0	0	0	0	0	0	0	0	0	0	0	0	0	0	0	0	0	0	0	0	0	0	0	0	0	0	0	0	0	0	0	0	0	0	0	0	0	0	0	0	0	0	0	0	0	0	0	0	0	0	0	0	0	0	0	0	0	0	0	0	0	0	0	0	0	0	0	0	0	0	0	0	0	0	0	0	0	0	0	0	0	0	0	0	0	0	0	0	0	0	0	0	0	0	0	0	0	0	0	0	0	0	0	0	0	0	0	0	0	0	0	0	0	0	0	0	0	0	0	0	0	0	0	0	0	0	0	0	0	0	0	0	0	0	0	0	0	0	0	0	0	0	0	0	0	0	0	0	0	0	0	0	0	0	0	0	0	0	0	0	0	0	0	0	0	0	0	0	0	0	0	0	0	0	0	0	0	0	0	0	0	0	0	0	0	0	0	0	0	0	0	0	0	0	0	0	0	0	0	0	15263720	0	0	0	0	0	0	0	0	0	0	0	0	0	0	0
2025-03-31	0	0	0	0	0	0	0	0	0	0	0	0	0	0	0	0	0	0	0	0	0	0	0	0	0	0	0	0	0	0	0	0	0	0	0	0	0	0	0	0	0	0	0	0	0	0	0	0	0	0	0	0	0	0	0	0	0	0	0	0	0	0	0	0	0	0	0	0	0	0	0	0	0	0	0	0	0	0	0	0	0	0	0	0	0	0	0	0	0	0	0	0	0	0	0	0	0	0	0	0	0	0	0	0	0	0	0	0	0	0	0	0	0	0	0	0	0	0	0	0	0	0	0	0	0	0	0	0	0	0	0	0	0	0	0	0	0	0	0	0	0	0	0	0	0	0	0	0	0	0	0	0	0	0	0	0	0	0	0	0	0	0	0	0	0	0	0	0	0	0	0	0	0	0	0	0	0	0	0	0	0	0	0	0	0	0	0	0	0	0	0	0	0	0	0	0	0	0	0	0	0	0	0	0	0	0	0	0	0	0	0	0	0	0	0	0	0	0	0	0	0	0	0	0	0	0	0	0	0	0	0	0	0	0	0	0	0	0	0	0	0	0	0	0	0	0	0	0	0	0	0	0	0	0	0	0	0	0	0	0	0	0	0	0	0	0	0	0	0	0	0	0	0	0	0	0	0	0	0	0	0	0	0	0	0	0	0	0	0	0	0	0	0	0	0	0	0	0	0	0	0	0	0	0	0	0	0	0	0	0	0	0	0	0	0	0	0	0	0	0	0	0	0	0	0	0	0	0	0	0	0	0	0	0	0	0	0	0	0	0	0	0	0	8627320	0	0	0	0	0	0	0	0	0	0	0	0	0	0	0
2025-04-07	0	23056320	17293896	5242888	21947120	7351368	8160576	0	0	6052832	7685720	22646880	0	23742800	0	3749240	5806344	6027088	6103472	2480176	4550848	5964840	5995656	26494496	0	21943088	21675056	21693328	5984288	6254648	5242888	6013848	6078240	6466168	5995320	6033272	0	6692672	0	6982152	10054688	0	0	593144	5242888	8163192	22491040	9337632	2972088	22041352	21685888	5642360	21904512	0	0	0	0	0	6229176	5242888	6070328	6135440	6144248	0	5242888	0	5472336	0	0	0	1703728	10869680	11364288	13164704	0	0	0	0	12883344	10485776	13008592	12222320	12596048	6448800	13085952	5234080	4813104	6726264	4521128	8858056	4518568	4520272	4547632	3110088	0	0	4959496	0	0	0	0	0	0	5975728	0	0	0	6068160	0	5963120	0	0	0	6021184	6250600	816304	0	6001232	5242888	7431144	0	0	0	0	0	0	0	5983448	6181560	6218528	0	841024	6927552	6202608	5957256	6090672	5982576	0	5242888	7155376	5995720	6121840	0	0	0	0	0	951008	6419496	6528488	0	0	6026896	7921920	4557568	16481144	5242888	0	6224160	6106136	6155464	0	5242888	0	0	0	0	0	0	0	6327272	6960216	0	6449824	6225768	0	6261256	6113176	5993136	6037640	7170008	5998856	6050952	6085400	8196112	21935296	7949664	10213920	21897488	6040240	6046328	5996560	5242888	6036592	0	0	0	6233656	0	6465624	5970576	6706264	6117168	21912640	23981728	23871824	5842656	0	0	0	0	0	0	22356720	21619792	7878616	7991776	16259680	11093392	5657904	0	0	0	0	0	0	0	5957552	5948504	6136496	5996928	6309832	5949896	5979752	6271152	0	4594176	0	0	4514912	5963400	5960280	0	0	0	6003536	4548488	0	4514552	0	3064512	5972792	0	0	0	6025584	5943000	0	5242888	0	10278952	0	830112	7442680	5065784	7403984	8835320	7537960	8877712	7760584	5984176	0	6024760	5242888	5956544	5943688	4505392	0	7513200	8841688	21653136	7481504	22063888	0	21775808	6048368	21817584	3672912	0	8838088	7962832	9008576	7934088	0	6605904	21657536	4822096	0	5962640	0	0	0	0	6054592	0	0	0	6086904	5981600	6348808	0	5970984	6406056	6169848	6023224	6057816	6010016	6171656	5969960	6022400	6184984	6017160	6020320	4532832	6052432	6052992	5951352	6083192	6202712	32747328	41928428	52560548	59975964	0	0	160374932	0	193879124	85451092	89788996	79323688	63646960	58514856	91036800	80867252	47306884	74216440	75068268	0	102437900	84173836	86838668	76443624	30119172	79696044	103236936	149936160	50639124	26301672
2025-04-14	0	0	11335272	0	0	0	0	0	0	0	0	0	0	0	0	0	0	0	0	0	0	0	0	17026696	16268080	0	0	0	0	0	0	0	0	0	0	0	0	0	0	6982152	10054688	7975480	8130824	14060024	7960824	8163192	19820592	9337632	2972088	13594064	11782624	25863912	19530336	19419200	8844328	0	0	0	0	0	0	0	0	0	0	0	0	0	0	0	0	0	0	0	0	0	0	0	0	0	0	0	0	0	0	0	0	0	0	0	0	0	0	0	0	0	0	0	0	0	0	0	0	0	0	0	0	0	0	0	0	5988728	5958536	6021184	6250600	6059192	6015152	6001232	6182512	7431144	5958896	4535768	6009640	5982480	0	5984808	0	0	0	0	0	0	0	0	0	0	5982576	0	5960520	0	0	0	0	0	0	0	0	0	0	0	0	6257624	0	0	0	0	0	6140976	6224160	6106136	6155464	6020336	5993376	5996056	6109272	6223520	6024288	7034576	5867944	6423368	6327272	6960216	6166528	6449824	6225768	6765720	6261256	6113176	5993136	6037640	7170008	5998856	6050952	6085400	8196112	11868928	7949664	10213920	15661224	0	0	0	0	0	0	0	0	0	0	0	0	0	0	0	12367344	12381992	5842656	23328248	0	0	0	0	0	0	0	0	0	0	0	0	0	6380368	5999656	6111872	6069432	6431504	6067752	5957552	5948504	6136496	5996928	6309832	5949896	5979752	6271152	0	0	0	0	0	0	0	0	0	0	0	0	0	0	0	0	0	0	0	0	0	0	7392400	7394064	8858600	10278952	7500480	6073000	7442680	10308672	7403984	8835320	7537960	8877712	7760584	5984176	7449800	6024760	7382696	5956544	5943688	4505392	5946424	7513200	8841688	13178568	7481504	14819144	16180792	15155104	6048368	13738392	8915800	8836608	8838088	7962832	9008576	7934088	7949184	6605904	11742368	0	0	0	0	0	0	0	0	0	0	0	0	0	0	0	0	0	0	0	0	0	0	0	0	0	0	0	0	0	0	0	0	0	40257810791	57357025658	46633433601	14307168	0	35984296	0	133263456	109652225316	36883960	0	0	64133189538	52252564	0	0	66594383702	35946176	56619887770	0	59130131663	64440222235	33506960	82824604466	0	0	75625736898	0	72393249917	72422491637
2025-04-21	0	0	0	0	0	0	0	0	0	0	0	0	0	0	0	0	0	0	0	0	0	0	0	1793584	0	0	0	0	0	0	0	0	0	0	0	0	0	0	0	0	0	0	0	0	0	0	0	0	0	0	0	0	0	0	0	0	0	0	0	0	0	0	0	0	0	0	0	0	0	0	0	0	0	0	0	0	0	0	0	0	0	0	0	0	0	0	0	0	0	0	0	0	0	0	0	0	0	0	0	0	0	0	0	0	0	0	0	0	0	0	0	0	0	0	0	0	0	0	0	0	0	0	0	0	0	0	0	0	0	0	0	0	0	0	0	0	0	0	0	0	0	0	0	0	0	0	0	0	0	0	0	0	0	0	0	0	0	0	0	0	0	0	0	0	0	0	0	0	0	0	0	0	0	0	0	0	0	0	0	0	0	0	0	0	0	0	0	0	0	0	0	0	0	0	0	0	0	0	0	0	0	0	0	0	0	0	0	0	0	0	0	0	0	0	0	0	0	0	0	0	0	0	0	0	0	0	0	0	0	0	0	0	0	0	0	0	0	0	0	0	0	0	0	0	0	0	0	0	0	0	0	0	0	0	0	0	0	0	0	0	0	0	0	0	0	0	0	0	0	0	0	0	0	0	0	0	0	0	0	0	0	0	0	0	0	0	0	0	0	0	0	0	0	0	0	0	0	0	0	0	0	0	0	0	0	0	0	0	0	0	0	0	0	0	0	0	0	0	0	0	0	0	0	0	0	0	0	0	0	0	0	0	0	0	0	0	0	0	0	0	0	0	0	4313660	0	0	0	0	0	0	0	0	0	0	0	0	0	0	0
2025-04-28	0	0	0	0	0	0	0	0	0	0	0	0	0	0	0	0	0	0	0	0	0	0	0	0	0	0	0	0	0	0	0	0	0	0	0	0	0	0	0	0	0	0	0	0	0	0	0	0	0	0	0	0	0	0	0	0	0	0	0	0	0	0	0	0	0	0	0	0	0	0	0	0	0	0	0	0	0	0	0	0	0	0	0	0	0	0	0	0	0	0	0	0	0	0	0	0	0	0	0	0	0	0	0	0	0	0	0	0	0	0	0	0	0	0	0	0	0	0	0	0	0	0	0	0	0	0	0	0	0	0	0	0	0	0	0	0	0	0	0	0	0	0	0	0	0	0	0	0	0	0	0	0	0	0	0	0	0	0	0	0	0	0	0	0	0	0	0	0	0	0	0	0	0	0	0	0	0	0	0	0	0	0	0	0	0	0	0	0	0	0	0	0	0	0	0	0	0	0	0	0	0	0	0	0	0	0	0	0	0	0	0	0	0	0	0	0	0	0	0	0	0	0	0	0	0	0	0	0	0	0	0	0	0	0	0	0	0	0	0	0	0	0	0	0	0	0	0	0	0	0	0	0	0	0	0	0	0	0	0	0	0	0	0	0	0	0	0	0	0	0	0	0	0	0	0	0	0	0	0	0	0	0	0	0	0	0	0	0	0	0	0	0	0	0	0	0	0	0	0	0	0	0	0	0	0	0	0	0	0	0	0	0	0	0	0	0	0	0	0	0	0	0	0	0	0	0	0	0	0	0	0	0	0	0	0	0	0	290872	0	0	0	0	0	0	0	0	0	0	0	0	0	0	0	0	0	0	0	0	0
2025-05-12	0	0	0	0	0	0	0	0	0	0	0	0	0	0	0	0	0	0	0	0	0	0	0	0	0	0	0	0	0	0	0	0	0	0	0	0	0	0	0	0	0	0	0	0	0	0	0	0	0	0	0	0	0	0	0	0	0	0	0	0	0	0	0	0	0	0	0	0	0	0	0	0	0	0	0	0	0	0	0	0	0	0	0	0	0	0	0	0	0	0	0	0	0	0	0	0	0	0	0	0	0	0	0	0	0	0	0	0	0	0	0	0	0	0	0	0	0	0	0	0	0	0	0	0	0	0	0	0	0	0	0	0	0	0	0	0	0	0	0	0	0	0	0	0	0	0	0	0	0	0	0	0	0	0	0	0	0	0	0	0	0	0	0	0	0	0	0	0	0	0	0	0	0	0	0	0	0	0	0	0	0	0	0	0	0	0	0	0	0	0	0	0	0	0	0	0	0	0	0	0	0	0	0	0	0	0	0	0	0	0	0	0	0	0	0	0	0	0	0	0	0	0	0	0	0	0	0	0	0	0	0	0	0	0	0	0	0	0	0	0	0	0	0	0	0	0	0	0	0	0	0	0	0	0	0	0	0	0	0	0	0	0	0	0	0	0	0	0	0	0	0	0	0	0	0	0	0	0	0	0	0	0	0	0	0	0	0	0	0	0	0	0	0	0	0	0	0	0	0	0	0	0	0	0	0	0	0	0	0	0	0	0	0	0	0	0	0	0	0	0	0	0	0	0	0	0	0	0	0	10485760	10485760	10485760	0	10485760	0	0	0	10485760	0	10485760	10485760	10485760	0	0	10485760	10153692	0	10485760	0	20971520	0	0	10485760	0	0	0	0	0	10485760
2025-05-19	0	0	0	0	0	0	0	0	0	0	0	0	0	0	0	0	0	0	0	0	0	0	0	0	0	0	0	0	0	0	0	0	0	0	0	0	0	0	0	0	0	0	0	0	0	0	0	0	0	0	0	0	0	0	0	0	0	0	0	0	0	0	0	0	0	0	0	0	0	0	0	0	0	0	0	0	0	0	0	0	0	0	0	0	0	0	0	0	0	0	0	0	0	0	0	0	0	0	0	0	0	0	0	0	0	0	0	0	0	0	0	0	0	0	0	0	0	0	0	0	0	0	0	0	0	0	0	0	0	0	0	0	0	0	0	0	0	0	0	0	0	0	0	0	0	0	0	0	0	0	0	0	0	0	0	0	0	0	0	0	0	0	0	0	0	0	0	0	0	0	0	0	0	0	0	0	0	0	0	0	0	0	0	0	0	0	0	0	0	0	0	0	0	0	0	0	0	0	0	0	0	0	0	0	0	0	0	0	0	0	0	0	0	0	0	0	0	0	0	0	0	0	0	0	0	0	0	0	0	0	0	0	0	0	0	0	0	0	0	0	0	0	0	0	0	0	0	0	0	0	0	0	0	0	0	0	0	0	0	0	0	0	0	0	0	0	0	0	0	0	0	0	0	0	0	0	0	0	0	0	0	0	0	0	0	0	0	0	0	0	0	0	0	0	0	0	0	0	0	0	0	0	0	0	0	0	0	0	0	0	0	0	0	0	0	0	0	0	0	0	0	0	0	0	0	0	0	0	0	0	0	0	0	0	0	0	0	0	0	0	0	0	0	4114568	0	0	0	0	0	0	0	0	0	0	0	0	0	0	0
2025-05-26	0	0	0	0	0	0	0	0	0	0	0	0	0	0	0	0	0	0	0	0	0	0	0	0	0	0	0	0	0	0	0	0	0	0	0	0	0	0	0	0	0	0	0	0	0	0	0	0	0	0	0	0	0	0	0	0	0	0	0	0	0	0	0	0	0	0	0	0	0	0	0	0	0	0	0	0	0	0	0	0	0	0	0	0	0	0	0	0	0	0	0	0	0	0	0	0	0	0	0	0	0	0	0	0	0	0	0	0	0	0	0	0	0	0	0	0	0	0	0	0	0	0	0	0	0	0	0	0	0	0	0	0	0	0	0	0	0	0	0	0	0	0	0	0	0	0	0	0	0	0	0	0	0	0	0	0	0	0	0	0	0	0	0	0	0	0	0	0	0	0	0	0	0	0	0	0	0	0	0	0	0	0	0	0	0	0	0	0	0	0	0	0	0	0	0	0	0	0	0	0	0	0	0	0	0	0	0	0	0	0	0	0	0	0	0	0	0	0	0	0	0	0	0	0	0	0	0	0	0	0	0	0	0	0	0	0	0	0	0	0	0	0	0	0	0	0	0	0	0	0	0	0	0	0	0	0	0	0	0	0	0	0	0	0	0	0	0	0	0	0	0	0	0	0	0	0	0	0	0	0	0	0	0	0	0	0	0	0	0	0	0	0	0	0	0	0	0	0	0	0	0	0	0	0	0	0	0	0	0	0	0	0	0	0	0	0	0	0	0	0	0	0	0	0	0	0	0	0	0	0	0	0	0	0	0	0	0	17810125232	0	0	0	0	0	0	0	0	0	0	0	0	0	0	0	0	0	0	0	0	0
2025-06-02	0	0	0	0	0	0	0	0	0	0	0	0	0	0	0	0	0	0	0	0	0	0	0	0	0	0	0	0	0	0	0	0	0	0	0	0	0	0	0	0	0	0	0	0	0	0	0	0	0	0	0	0	0	0	0	0	0	0	0	0	0	0	0	0	0	0	0	0	0	0	0	0	0	0	0	0	0	0	0	0	0	0	0	0	0	0	0	0	0	0	0	0	0	0	0	0	0	0	0	0	0	0	0	0	0	0	0	0	0	0	0	0	0	0	0	0	0	0	0	0	0	0	0	0	0	0	0	0	0	0	0	0	0	0	0	0	0	0	0	0	0	0	0	0	0	0	0	0	0	0	0	0	0	0	0	0	0	0	0	0	0	0	0	0	0	0	0	0	0	0	0	0	0	0	0	0	0	0	0	0	0	0	0	0	0	0	0	0	0	0	0	0	0	0	0	0	0	0	0	0	0	0	0	0	0	0	0	0	0	0	0	0	0	0	0	0	0	0	0	0	0	0	0	0	0	0	0	0	0	0	0	0	0	0	0	0	0	0	0	0	0	0	0	0	0	0	0	0	0	0	0	0	0	0	0	0	0	0	0	0	0	0	0	0	0	0	0	0	0	0	0	0	0	0	0	0	0	0	0	0	0	0	0	0	0	0	0	0	0	0	0	0	0	0	0	0	0	0	0	0	0	0	0	0	0	0	0	0	0	0	0	0	0	0	0	0	0	0	0	0	0	0	0	0	0	0	0	0	0	40257605991	0	0	0	0	0	0	0	0	0	0	0	0	0	512920	0	0	0	0	0	0	0	0	0	0	0	0	0	0	0
2025-06-16	0	0	0	0	0	0	0	0	0	0	0	0	0	0	0	0	0	0	0	0	0	0	0	0	0	0	0	0	0	0	0	0	0	0	0	0	0	0	0	0	0	0	0	0	0	0	0	0	0	0	0	0	0	0	0	0	0	0	0	0	0	0	0	0	0	0	0	0	0	0	0	0	0	0	0	0	0	0	0	0	0	0	0	0	0	0	0	0	0	0	0	0	0	0	0	0	0	0	0	0	0	0	0	0	0	0	0	0	0	0	0	0	0	0	0	0	0	0	0	0	0	0	0	0	0	0	0	0	0	0	0	0	0	0	0	0	0	0	0	0	0	0	0	0	0	0	0	0	0	0	0	0	0	0	0	0	0	0	0	0	0	0	0	0	0	0	0	0	0	0	0	0	0	0	0	0	0	0	0	0	0	0	0	0	0	0	0	0	0	0	0	0	0	0	0	0	0	0	0	0	0	0	0	0	0	0	0	0	0	0	0	0	0	0	0	0	0	0	0	0	0	0	0	0	0	0	0	0	0	0	0	0	0	0	0	0	0	0	0	0	0	0	0	0	0	0	0	0	0	0	0	0	0	0	0	0	0	0	0	0	0	0	0	0	0	0	0	0	0	0	0	0	0	0	0	0	0	0	0	0	0	0	0	0	0	0	0	0	0	0	0	0	0	0	0	0	0	0	0	0	0	0	0	0	0	0	0	0	0	0	0	0	0	0	0	0	0	0	0	0	0	0	0	0	0	0	0	0	0	0	0	0	0	0	0	0	0	0	0	0	0	0	0	0	0	0	0	61453064	0	0	0	0	0	0	0	0	0	0	0
2025-06-23	24998400	11980800	35640000	6809600	13116000	8190000	8993600	16213600	14232400	7686400	13213200	23456000	7686400	13704000	20179200	4043200	9196000	6725600	3844800	3040000	5042800	8643600	7683200	24004000	16800168	9602120	15840264	19203200	9600000	7974400	9574400	8640000	5760000	8320000	5760000	8611200	8640000	5387680	7680000	10260000	11894400	5762400	7683200	8402120	7683200	4802000	19200192	7562800	3042000	11547200	14456000	22402800	19203200	21603600	7562800	8787600	5004000	6713600	10008000	4927200	5779200	5714400	10868000	6252096	12456000	4886000	11429600	11809600	9730800	13521600	8766000	8668000	4504000	8352000	8624000	11232000	8803200	10450800	4059200	7401600	7075600	8830800	9144000	7263200	7207200	8364000	6156800	11950400	4320000	12967200	5763200	5760000	7200000	4800000	8742400	0	5763200	9604000	0	1498000	5042800	0	0	0	0	0	0	0	0	0	0	0	0	0	0	0	0	0	0	0	0	0	0	0	0	0	0	0	0	0	0	0	0	0	0	0	0	0	0	0	0	0	0	0	0	0	0	0	0	0	0	0	0	0	0	0	0	0	0	0	0	0	0	0	0	0	0	0	0	0	0	0	0	0	0	0	0	0	0	0	0	0	0	0	0	0	0	0	0	0	0	0	0	0	0	0	0	0	0	0	0	0	0	0	0	0	0	0	0	0	0	0	0	0	0	0	0	0	0	0	0	0	0	0	0	0	0	0	0	0	0	0	0	0	0	0	0	0	0	0	0	0	0	0	0	0	0	0	0	0	0	0	0	0	0	0	0	0	0	0	0	0	0	0	0	0	0	0	0	0	0	0	0	0	0	0	0	0	0	0	0	0	0	0	0	0	0	0	0	0	0	0	0	0	0	0	0	0	0	0	0	0	0	0	0	0	0	0	0	0	0	0	0	0	0	0	0	0	0	0	0	0	0	0	0	0	0	0	0	0	0	0	0	14534160	0	0	0	9951592	0	0	0	0	0	12741888	0	0	0	0	0	0	0	0	0	0	0	0	0	0	0
2025-06-30	0	0	0	0	0	0	0	0	0	0	0	0	0	0	0	0	0	0	0	0	0	0	0	0	0	0	0	0	0	0	0	0	0	0	0	0	0	0	0	0	0	0	0	0	0	0	0	0	0	0	0	0	0	0	0	0	0	0	0	0	0	0	0	0	0	0	0	0	0	0	0	0	0	0	0	0	0	0	0	0	0	0	0	0	0	0	0	0	0	0	0	0	0	0	0	0	0	0	0	0	0	0	0	0	0	0	0	0	0	0	0	0	0	0	0	0	0	0	0	0	0	0	0	0	0	0	0	0	0	0	0	0	0	0	0	0	0	0	0	0	0	0	0	0	0	0	0	0	0	0	0	0	0	0	0	0	0	0	0	0	0	0	0	0	0	0	0	0	0	0	0	0	0	0	0	0	0	0	0	0	0	0	0	0	0	0	0	0	0	0	0	0	0	0	0	0	0	0	0	0	0	0	0	0	0	0	0	0	0	0	0	0	0	0	0	0	0	0	0	0	0	0	0	0	0	0	0	0	0	0	0	0	0	0	0	0	0	0	0	0	0	0	0	0	0	0	0	0	0	0	0	0	0	0	0	0	0	0	0	0	0	0	0	0	0	0	0	0	0	0	0	0	0	0	0	0	0	0	0	0	0	0	0	0	0	0	0	0	0	0	0	0	0	0	0	0	0	0	0	0	0	0	0	0	0	0	0	0	0	0	0	0	0	0	0	0	0	0	0	0	0	0	0	0	0	0	0	0	0	0	0	0	0	0	0	0	0	0	0	0	0	0	0	4247296	0	0	0	0	0	0	0	0	0	0	0	0	0	0	0
2025-07-07	0	0	0	0	0	0	0	0	0	0	0	0	0	0	0	0	0	0	0	0	0	0	0	0	0	0	0	0	0	0	0	0	0	0	0	0	0	0	0	0	0	0	0	0	0	0	0	0	0	0	0	0	0	0	0	0	0	0	0	0	0	0	0	0	0	0	0	0	0	0	0	0	0	0	0	0	0	0	0	0	0	0	0	0	0	0	0	0	0	0	0	0	0	0	0	0	0	0	0	0	0	0	0	0	0	0	0	0	0	0	0	0	0	0	0	0	0	0	0	0	0	0	0	0	0	0	0	0	0	0	0	0	0	0	0	0	0	0	0	0	0	0	0	0	0	0	0	0	0	0	0	0	0	0	0	0	0	0	0	0	0	0	0	0	0	0	0	0	0	0	0	0	0	0	0	0	0	0	0	0	0	0	0	0	0	0	0	0	0	0	0	0	0	0	0	0	0	0	0	0	0	0	0	0	0	0	0	0	0	0	0	0	0	0	0	0	0	0	0	0	0	0	0	0	0	0	0	0	0	0	0	0	0	0	0	0	0	0	0	0	0	0	0	0	0	0	0	0	0	0	0	0	0	0	0	0	0	0	0	0	0	0	0	0	0	0	0	0	0	0	0	0	0	0	0	0	0	0	0	0	0	0	0	0	0	0	0	0	0	0	0	0	0	0	0	0	0	0	0	0	0	0	0	0	0	0	0	0	0	0	0	0	0	0	0	0	0	0	0	0	0	0	0	0	0	0	0	0	0	0	0	0	0	0	0	0	0	0	0	0	0	0	0	4114568	0	0	0	0	0	0	0	0	0	0	0	0	0	0	0
2025-07-14	9374400	9984000	8910000	6809600	20985600	7020000	10278400	5612400	3712800	12490400	9609600	20524000	5764800	15988000	22701600	2888000	5517600	8647200	7689600	1900000	7204000	6722800	8643600	14402400	16800168	11522544	8640144	12002000	6720000	8971200	10444800	9600000	10560000	13520000	8640000	9568000	7680000	11852896	4800000	10260000	11894400	8643600	7683200	13443392	8643600	9604000	16800168	10804000	1690000	14846400	10119200	25603200	14402400	16802800	9723600	6834800	5004000	6713600	5004000	4106000	9632000	8571600	7904000	6252096	7473600	6840400	8792000	6441600	7568400	10141200	8766000	6934400	8107200	7308000	8624000	6552000	4401600	10450800	8118400	10177200	8086400	6868400	6096000	10376000	9266400	6691200	4617600	11950400	5040000	11526400	4322400	5760000	4320000	3840000	7649600	0	5763200	7683200	0	2396800	3602000	0	0	0	0	0	0	0	0	0	0	0	0	0	0	0	0	0	0	0	0	0	0	0	0	0	0	0	0	0	0	0	0	0	0	0	0	0	0	0	0	0	0	0	0	0	0	0	0	0	0	0	0	0	0	0	0	0	0	0	0	0	0	0	0	0	0	0	0	0	0	0	0	0	0	0	0	0	0	0	0	0	0	0	0	0	0	0	0	0	0	0	0	0	0	0	0	0	0	0	0	0	0	0	0	0	0	0	0	0	0	0	0	0	0	0	0	0	0	0	0	0	0	0	0	0	0	0	0	0	0	0	0	0	0	0	0	0	0	0	0	0	0	0	0	0	0	0	0	0	0	0	0	0	0	0	0	0	0	0	0	0	0	0	0	0	0	0	0	0	0	0	0	0	0	0	0	0	0	0	0	0	0	0	0	0	0	0	0	0	0	0	0	0	0	0	0	0	0	0	0	0	0	0	0	0	0	0	0	0	0	0	0	0	0	0	0	0	0	0	0	0	0	0	0	0	0	0	0	0	0	0	0	18231363	0	0	0	9951592	0	0	0	0	0	0	0	0	0	0	0	0	0	0	0	0	0	0	0	0	0
2025-07-21	5277004	0	0	0	16087640	7351368	0	0	0	12105664	0	0	0	0	0	0	0	0	0	0	0	0	0	0	0	0	0	0	0	0	0	0	0	0	0	0	0	0	0	0	0	0	0	0	0	0	0	0	0	0	0	0	0	0	0	0	0	0	0	0	0	0	0	0	0	0	0	0	0	0	0	0	0	0	0	0	0	0	0	0	0	0	0	0	0	0	0	0	0	0	0	0	0	0	0	0	0	0	0	0	0	0	0	0	0	0	0	0	0	0	0	0	5958536	0	0	0	0	0	0	0	0	0	0	0	0	0	0	5983448	0	6218528	0	0	0	0	0	0	0	0	0	0	0	0	0	0	0	0	0	0	0	0	0	0	0	0	0	0	0	0	0	0	0	0	0	0	0	0	0	0	0	0	0	0	0	0	0	0	0	0	0	0	0	0	0	0	0	0	0	0	0	0	0	0	0	6036592	0	0	0	0	0	0	0	0	0	0	0	0	0	0	0	0	0	0	0	0	0	0	0	0	0	0	0	0	0	0	0	0	0	0	0	6136496	0	0	0	0	0	0	0	0	0	0	0	0	0	0	0	0	0	0	0	0	0	0	0	0	0	0	0	0	0	0	0	0	0	0	0	0	0	0	0	0	0	0	0	0	0	0	0	0	0	0	0	0	0	0	0	0	0	0	0	0	0	0	0	0	0	0	0	0	0	0	0	0	0	0	0	0	0	0	0	6348808	0	0	0	0	0	0	0	0	0	0	0	0	0	0	0	0	0	0	0	0	0	0	0	0	0	0	0	0	0	0	0	0	0	75294158	0	0	0	0	0	0	0	0	46767596232	0	0	0	0	0	0
2025-07-28	0	0	11335272	0	0	0	0	0	0	0	0	0	0	0	0	0	0	0	6103472	0	0	0	0	0	0	15709816	0	0	5984288	6254648	0	0	0	6466168	0	0	0	0	0	0	0	0	0	0	7960824	0	0	0	0	0	0	0	0	0	0	6134888	0	0	0	5368040	0	0	6144248	6489624	0	0	0	0	6734784	0	6094752	0	0	0	0	0	0	0	6441672	0	0	6111160	0	6448800	0	0	0	6726264	4521128	0	0	0	0	0	0	9057840	4959496	0	0	0	0	0	5959944	11951456	0	0	0	0	0	5963120	0	0	0	0	0	0	0	0	0	0	0	0	0	5982480	6018704	0	6155176	0	0	0	0	6083912	0	0	0	0	0	6252464	5960520	0	5995720	0	0	0	0	0	0	0	6419496	0	6023352	0	0	0	9800456	25840096	0	0	6224160	0	6155464	6020336	5993376	0	6109272	0	0	7034576	5867944	0	0	0	0	0	0	6765720	0	0	0	0	7170008	0	0	0	0	0	0	10213920	0	0	6046328	0	6076960	0	5973072	0	0	0	0	0	5970576	6706264	0	15756000	12367344	0	0	23328248	0	0	0	6048120	11739232	0	0	0	0	0	15397096	0	0	0	0	0	0	0	0	0	0	0	0	0	5949896	0	0	0	0	0	0	0	0	0	0	6157576	0	0	0	0	0	0	0	0	0	0	6363944	0	0	7392400	0	8858600	0	7500480	0	0	0	0	0	0	0	0	0	0	6024760	0	5956544	0	0	0	0	0	0	7481504	0	0	0	6048368	0	0	8836608	0	0	0	0	0	0	0	0	0	0	0	0	0	0	0	5236392	0	6032328	0	0	0	0	0	0	6169848	0	0	0	0	0	0	0	0	0	0	6052432	0	0	0	6202712	0	33711636858	30799936001	0	0	0	0	0	0	0	74518947408	0	0	0	4380024	68956037975	0	0	0	0	70457310195	0	0	72010091058	0	0	0	0	70477035838	0
2025-08-04	0	0	0	0	0	0	0	0	0	0	0	0	0	14950280	0	3749240	0	0	0	0	0	0	0	17026696	0	0	11732600	0	0	0	5453016	0	0	0	0	6033272	6035048	0	5968472	0	0	0	8130824	14060024	0	0	0	0	0	0	0	0	0	19419200	0	0	0	5243688	0	0	0	6135440	0	0	0	0	0	0	0	0	0	0	0	0	0	0	0	0	0	0	0	0	0	0	0	0	0	0	0	0	0	0	0	0	6761728	0	0	0	0	0	0	6029952	0	0	0	0	0	0	0	0	0	0	0	0	0	0	0	0	0	0	0	0	6009640	0	0	5984808	0	0	6181560	0	0	0	0	0	0	6090672	0	0	0	0	0	6121840	0	6619296	0	0	0	0	0	0	0	0	6026896	0	0	0	0	6140976	0	6106136	0	0	0	0	0	6223520	0	0	0	0	6327272	0	0	0	0	0	0	0	0	6037640	0	0	0	0	8196112	0	0	0	0	0	0	0	0	0	0	0	0	0	0	0	0	0	6117168	0	0	0	5842656	0	0	8146856	0	0	0	0	0	0	0	0	0	0	0	0	0	0	0	0	0	0	0	0	5996928	0	0	5979752	0	6009344	0	0	0	0	0	0	0	0	0	6003536	0	0	0	0	3064512	5972792	0	5957856	0	0	0	0	0	0	0	0	0	7442680	0	0	0	0	0	0	0	0	0	0	0	5943688	0	0	0	8841688	13178568	0	0	0	0	0	0	0	0	0	0	0	0	0	6605904	0	0	0	0	0	0	7995368	0	0	0	6127712	0	0	0	0	0	0	0	0	0	0	0	6171656	0	0	6184984	0	0	4532832	0	0	0	0	0	0	0	0	0	25021186	0	0	0	0	36883960	0	47086072499	0	0	0	0	0	0	0	0	0	0	0	0	0	0	0	0	0	0
2025-08-11	0	12883840	0	0	0	0	0	0	0	0	0	0	0	0	17046344	0	0	0	0	0	0	0	0	0	0	0	0	0	0	0	0	0	6078240	0	0	0	0	0	0	0	0	0	0	0	0	0	0	0	0	0	0	0	0	0	0	0	0	0	0	0	0	0	0	0	7718416	0	0	0	0	0	0	0	0	0	0	5971552	0	0	0	0	6504296	0	6298024	0	0	0	4813104	0	0	8858056	0	0	0	3110088	0	0	0	5970864	0	0	0	0	0	0	0	0	5973880	0	0	0	0	0	0	0	0	0	0	0	0	7431144	0	0	0	0	0	0	0	0	0	0	6156104	0	0	0	0	0	0	0	0	0	0	0	3418624	0	0	0	0	0	0	6528488	0	0	0	7921920	0	0	10391096	0	0	0	0	0	0	0	0	0	0	0	0	6423368	0	6960216	0	0	0	0	0	6113176	0	0	0	0	0	0	0	0	0	0	0	0	0	5996560	0	0	0	0	0	0	6531952	0	0	0	0	0	0	12381992	0	0	0	0	0	0	0	12091960	0	0	0	0	0	13734976	0	0	0	0	6069432	0	0	0	5948504	0	0	0	0	0	0	0	0	4615536	6009224	4514912	5963400	0	0	0	0	0	0	0	0	0	0	0	3086744	0	0	0	0	0	0	0	10278952	0	0	0	0	0	0	0	0	7760584	5984176	0	0	0	0	0	0	0	0	0	0	0	0	0	0	0	0	0	0	8838088	0	0	7934088	0	6605904	0	0	0	5962640	6045560	5999504	0	0	6054592	0	0	0	0	0	0	0	0	0	0	0	0	0	0	5969960	0	0	0	6020320	0	0	0	5951352	0	0	27622265191	0	0	0	48077209600	0	0	0	95786923332	0	0	0	0	0	47364085359	0	51390031702	0	0	0	0	43620761600	33506960	0	0	0	0	51283840	0	42590504437
2025-08-18	13120640	12883840	11335272	5308968	16087640	7351368	8160576	4036328	8013552	6052832	7685720	18290320	6035616	14950280	17046344	3749240	5806344	6027088	6103472	2480176	4550848	5964840	11991312	17026696	32536160	15709816	11732600	19424744	5984288	6254648	5453016	6013848	6078240	6466168	5995320	6033272	6035048	6692672	5968472	6982152	20109376	7975480	8130824	14060024	7960824	8163192	19820592	9337632	2972088	18799520	11782624	25863912	19530336	19419200	8844328	6134888	6308656	5243688	6229176	5368040	6070328	6135440	6144248	6489624	7718416	6101656	5472336	13433712	6734784	6978896	6094752	5434840	5682144	6582352	6710200	5971552	6850784	7240144	6441672	6006488	6504296	6111160	6298024	6448800	6542976	5234080	4813104	6726264	4521128	8858056	4518568	4520272	4547632	3110088	13523456	0	4959496	5970864	11738280	1996792	9356288	0	0	0	0	0	0	0	0	0	0	5988728	0	6021184	0	6059192	6015152	0	6182512	0	0	0	0	0	6018704	0	6155176	5983448	6181560	6218528	6156104	6083912	6927552	6202608	5957256	6090672	5982576	6252464	5960520	14310752	5995720	6121840	3418624	0	6150904	6245368	5989160	6193896	6419496	6528488	6023352	6257624	6026896	7921920	0	25840096	0	6140976	6224160	0	6155464	6020336	5993376	5996056	6109272	6223520	6024288	7034576	5867944	0	0	0	0	0	6225768	0	0	6113176	5993136	0	7170008	5998856	6050952	6085400	8196112	0	0	0	0	0	0	0	6076960	6036592	5973072	0	6232136	6233656	0	6465624	0	6706264	6117168	15756000	0	0	5842656	0	12204064	8146856	29546040	6048120	11739232	12091960	15563496	0	0	0	0	0	0	0	0	0	0	0	0	0	0	0	0	0	0	0	6271152	0	0	0	0	0	0	0	5990312	0	0	0	0	0	0	0	0	0	0	0	0	0	0	0	7394064	0	0	0	6073000	0	10308672	7403984	8835320	0	0	0	0	0	0	7382696	0	0	0	0	0	0	0	0	0	0	0	0	0	0	0	0	7962832	0	0	0	0	0	4822096	0	0	0	0	0	0	0	0	0	0	0	0	0	0	0	0	0	0	0	0	0	0	0	0	0	0	0	0	6052992	0	0	0	17372310916	1527294212	46666176805	14307168	986699974	71968592	69566862337	133263456	4221060576	0	0	0	0	0	6658891684	4566785332	24756529456	0	16353559096	0	37505817988	986987232	33506960	0	54001664000	0	51222937600	51283840	0	0
2025-08-25	0	12883840	0	0	0	0	0	4036328	0	0	0	0	0	0	0	0	0	6027088	0	0	0	0	0	17026696	0	0	11732600	0	0	0	0	0	0	0	0	0	0	0	0	0	0	0	0	0	0	0	0	0	0	0	11782624	0	0	0	0	12269776	0	0	0	0	0	0	0	0	7718416	6101656	0	0	0	0	0	0	0	6582352	0	0	0	0	0	6006488	0	0	0	0	0	0	0	0	0	0	0	4520272	0	0	6761728	0	4959496	5970864	0	0	0	0	5959944	0	0	0	0	0	0	0	0	0	0	0	0	0	0	0	0	0	0	0	12019280	0	0	0	0	0	0	0	0	0	0	0	0	6090672	0	0	0	0	5995720	0	3418624	0	0	0	0	0	0	0	0	0	0	0	0	0	0	0	0	0	0	0	0	0	0	0	0	0	0	0	0	0	0	0	0	6765720	0	0	0	0	0	0	0	0	0	0	0	0	0	0	0	0	0	0	0	0	0	0	0	0	0	0	0	0	0	0	0	0	0	0	0	0	0	12091960	15563496	0	0	0	0	13734976	0	0	0	0	0	0	0	0	0	0	5996928	0	0	0	0	0	0	0	0	0	5963400	0	0	0	0	0	0	0	0	5962296	0	0	0	0	0	0	0	0	0	0	0	0	0	7442680	0	0	0	0	0	0	0	0	0	0	0	0	0	0	0	0	0	0	0	0	0	0	0	0	0	0	0	0	7934088	0	0	0	0	0	0	0	0	0	0	0	5236392	0	0	0	0	0	0	0	0	0	0	0	0	6171656	0	0	0	0	6020320	4532832	6052432	0	0	0	0	0	0	0	0	48492288031	0	0	0	65926606116	0	0	50808517299	0	0	0	0	0	0	0	0	0	0	0	0	0	0	0	0	0	0
2025-09-01	0	0	0	5308968	0	0	0	0	0	0	0	0	0	0	0	0	0	0	0	0	0	0	0	0	0	0	0	0	0	0	0	0	0	6466168	0	0	0	0	0	0	0	0	0	0	7960824	0	0	9337632	5944176	0	0	0	0	0	0	0	0	0	0	5368040	0	0	0	0	0	0	5472336	0	6734784	0	0	0	0	0	0	0	0	0	0	0	0	0	6298024	0	0	0	0	0	0	0	0	0	0	0	0	0	0	0	0	0	0	0	0	0	0	0	0	0	0	0	5964752	0	0	0	6250600	0	0	0	0	0	0	0	0	0	0	0	0	0	0	0	0	0	0	0	0	0	0	0	0	0	0	6121840	0	0	0	0	0	0	0	0	0	0	0	7921920	0	0	10391096	0	0	0	6155464	0	5993376	5996056	0	0	0	0	0	6423368	6327272	0	0	0	0	0	0	0	5993136	0	0	0	6050952	6085400	0	0	0	0	0	0	0	0	0	0	5973072	0	0	6233656	0	0	0	6706264	0	0	0	0	0	0	0	0	0	0	0	0	0	0	0	0	0	0	0	0	0	0	0	0	0	0	0	0	0	0	0	0	0	0	0	0	0	0	0	0	0	0	0	0	0	0	0	0	0	0	0	0	0	0	5943000	0	0	0	0	0	0	0	0	0	0	0	8877712	0	0	0	0	0	0	0	0	0	0	8841688	0	0	0	0	0	0	0	0	0	0	0	0	0	0	0	11742368	0	0	0	0	0	0	0	0	0	0	6032328	0	0	0	0	0	0	0	0	0	0	0	0	0	0	0	0	0	0	0	0	0	0	24686252391	0	0	0	0	0	0	133263456	0	0	0	0	0	0	94867070767	0	0	0	39108668570	24018656	0	0	0	0	0	0	0	0	0	0
2025-09-08	0	0	0	0	0	0	0	0	0	0	0	0	0	14950280	0	3749240	0	0	0	0	0	0	0	0	0	0	0	0	0	6254648	0	0	0	0	0	0	0	0	0	0	0	0	0	14060024	0	0	0	0	0	0	0	25863912	0	0	0	0	6308656	0	6229176	0	6070328	0	0	6489624	0	0	0	0	0	0	0	0	5682144	0	0	0	6850784	0	0	0	0	0	0	0	0	0	0	0	0	0	0	0	0	0	0	0	0	0	0	0	0	0	0	0	0	0	0	0	0	0	0	0	0	0	0	0	0	0	0	0	0	0	0	0	0	5984808	0	0	0	0	0	0	0	0	0	0	0	0	0	0	0	0	0	0	0	0	0	6193896	0	0	0	0	0	0	0	25840096	0	0	0	0	0	0	0	0	0	6223520	0	0	5867944	0	0	0	0	0	0	0	6261256	0	0	0	0	0	0	0	0	0	7949664	0	0	6040240	0	0	0	0	0	0	0	0	0	0	0	0	0	0	0	0	0	0	0	0	0	0	0	0	0	0	0	0	0	0	0	0	5999656	0	0	0	0	0	0	0	0	0	0	0	6271152	0	0	0	0	0	0	5960280	0	0	0	0	0	0	0	0	0	0	0	0	0	0	0	0	0	0	0	0	0	0	0	0	0	7537960	0	0	0	7449800	0	0	0	0	0	0	0	0	0	0	0	0	0	0	0	0	0	0	0	0	0	0	0	0	4822096	0	0	0	0	0	0	0	0	0	0	0	0	0	0	0	0	0	0	6057816	0	0	0	0	0	0	0	0	0	6052992	0	0	0	0	0	0	0	0	35984296	0	0	0	0	0	0	42310041600	52252564	0	0	0	0	0	0	0	0	0	0	41995468800	0	45951036098	0	0	0
2025-09-15	0	0	0	0	0	0	0	0	0	0	0	0	0	0	0	0	0	0	0	0	0	0	0	0	0	0	0	0	0	0	0	0	0	0	0	0	0	0	0	0	0	0	0	0	0	0	0	0	0	0	0	0	0	0	0	0	0	0	0	0	0	0	0	0	0	0	0	0	0	0	0	0	0	0	0	0	0	0	0	0	0	0	0	0	0	0	0	0	0	0	0	0	0	0	0	0	0	0	0	0	0	0	0	0	0	0	0	0	0	0	0	0	0	0	0	0	0	0	0	0	0	0	0	0	0	0	0	0	0	0	0	0	0	0	0	0	0	0	0	0	0	0	0	0	0	0	0	0	0	0	0	0	0	0	0	0	0	0	0	0	0	0	0	0	0	0	0	0	0	0	0	0	0	0	0	0	0	0	0	0	0	0	0	0	0	0	0	0	0	0	0	0	0	0	0	0	0	0	0	0	0	0	0	0	0	0	0	0	0	0	0	0	0	0	0	0	0	0	0	0	0	0	0	0	0	0	0	0	0	0	0	0	0	0	0	0	0	0	0	0	0	0	0	0	0	0	0	0	0	0	0	0	0	0	0	0	0	0	0	0	0	0	0	0	0	0	0	0	0	0	0	0	0	0	0	0	0	0	0	0	0	0	0	0	0	0	0	0	0	0	0	0	0	0	0	0	0	0	0	0	0	0	0	0	0	0	0	0	0	0	0	0	0	0	0	0	0	0	0	0	0	0	0	0	0	0	0	0	0	0	0	0	0	0	0	0	0	0	0	0	0	0	0	2456002960	0	0	0	0	0	0	0	0	0	0	0	0	0	0	0
2025-09-22	0	0	0	0	0	0	0	0	0	0	0	0	0	0	0	0	0	0	0	0	0	0	0	0	0	0	0	0	0	0	0	0	0	0	0	0	0	0	0	0	0	0	0	0	0	0	0	0	0	0	0	0	0	0	0	0	0	0	0	0	0	0	0	0	0	0	0	0	0	0	0	0	0	0	0	0	0	0	0	0	0	0	0	0	0	0	0	0	0	0	0	0	0	0	0	0	0	0	0	0	0	0	0	0	0	0	0	0	0	0	0	0	0	0	0	0	0	0	0	0	0	0	0	0	0	0	0	0	0	0	0	0	0	0	0	0	0	0	0	0	0	0	0	0	0	0	0	0	0	0	0	0	0	0	0	0	0	0	0	0	0	0	0	0	0	0	0	0	0	0	0	0	0	0	0	0	0	0	0	0	0	0	0	0	0	0	0	0	0	0	0	0	0	0	0	0	0	0	0	0	0	0	0	0	0	0	0	0	0	0	0	0	0	0	0	0	0	0	0	0	0	0	0	0	0	0	0	0	0	0	0	0	0	0	0	0	0	0	0	0	0	0	0	0	0	0	0	0	0	0	0	0	0	0	0	0	0	0	0	0	0	0	0	0	0	0	0	0	0	0	0	0	0	0	0	0	0	0	0	0	0	0	0	0	0	0	0	0	0	0	0	0	0	0	0	0	0	0	0	0	0	0	0	0	0	0	0	0	0	0	0	0	0	0	0	0	0	0	0	0	0	0	0	0	0	0	0	0	0	0	0	0	0	0	0	0	0	0	0	0	0	0	0	8760048	0	0	0	0	0	0	0	0	0	0	0	0	0	0	0
2025-09-29	0	0	0	0	0	0	0	0	0	0	0	0	0	0	0	0	0	0	0	0	0	0	0	0	0	0	0	0	0	0	0	0	0	0	0	0	0	0	0	0	0	0	0	0	0	0	0	0	0	0	0	0	0	0	0	0	0	0	0	0	0	0	0	0	0	0	0	0	0	0	0	0	0	0	0	0	0	0	0	0	0	0	0	0	0	0	0	0	0	0	0	0	0	0	0	0	0	0	0	0	0	0	0	0	0	0	0	0	0	0	0	0	0	0	0	0	0	0	0	0	0	0	0	0	0	0	0	0	0	0	0	0	0	0	0	0	0	0	0	0	0	0	0	0	0	0	0	0	0	0	0	0	0	0	0	0	0	0	0	0	0	0	0	0	0	0	0	0	0	0	0	0	0	0	0	0	0	0	0	0	0	0	0	0	0	0	0	0	0	0	0	0	0	0	0	0	0	0	0	0	0	0	0	0	0	0	0	0	0	0	0	0	0	0	0	0	0	0	0	0	0	0	0	0	0	0	0	0	0	0	0	0	0	0	0	0	0	0	0	0	0	0	0	0	0	0	0	0	0	0	0	0	0	0	0	0	0	0	0	0	0	0	0	0	0	0	0	0	0	0	0	0	0	0	0	0	0	0	0	0	0	0	0	0	0	0	0	0	0	0	0	0	0	0	0	0	0	0	0	0	0	0	0	0	0	0	0	0	0	0	0	0	0	0	0	0	0	0	0	0	0	0	0	0	0	0	0	0	0	2534843392	0	0	0	12116963	0	0	0	0	0	0	0	0	0	216090468	0	0	0	0	0	0	0	0	0	0	0	0	0	0	0
2025-10-06	0	0	0	0	0	0	0	0	0	0	0	0	0	0	0	0	0	0	0	0	0	0	0	0	0	0	0	0	0	0	0	0	0	0	0	0	0	0	0	0	0	0	0	0	0	0	0	0	0	0	0	0	0	0	0	0	0	0	0	0	0	0	0	0	0	0	0	0	0	0	0	0	0	0	0	0	0	0	0	0	0	0	0	0	0	0	0	0	0	0	0	0	0	0	0	0	0	0	0	0	0	0	0	0	0	0	0	0	0	0	0	0	0	0	0	0	0	0	0	0	0	0	0	0	0	0	0	0	0	0	0	0	0	0	0	0	0	0	0	0	0	0	0	0	0	0	0	0	0	0	0	0	0	0	0	0	0	0	0	0	0	0	0	0	0	0	0	0	0	0	0	0	0	0	0	0	0	0	0	0	0	0	0	0	0	0	0	0	0	0	0	0	0	0	0	0	0	0	0	0	0	0	0	0	0	0	0	0	0	0	0	0	0	0	0	0	0	0	0	0	0	0	0	0	0	0	0	0	0	0	0	0	0	0	0	0	0	0	0	0	0	0	0	0	0	0	0	0	0	0	0	0	0	0	0	0	0	0	0	0	0	0	0	0	0	0	0	0	0	0	0	0	0	0	0	0	0	0	0	0	0	0	0	0	0	0	0	0	0	0	0	0	0	0	0	0	0	0	0	0	0	0	0	0	0	0	0	0	0	0	0	0	0	0	0	0	0	0	0	0	0	0	0	0	0	0	0	0	0	0	0	0	0	102286709	0	0	0	0	0	0	0	0	0	85352795	0	0	0	0	0	0	0	0	0	0	0	0	0	0	0
2025-10-13	0	0	11335272	0	0	0	0	0	0	0	0	0	0	0	0	0	0	0	0	0	0	0	0	0	0	0	0	0	0	0	0	0	0	0	0	0	0	0	0	0	0	0	0	0	0	0	0	0	0	0	0	0	0	0	0	0	0	0	0	0	0	0	0	0	0	0	0	0	0	0	0	0	0	0	0	0	0	0	0	0	0	0	0	0	0	0	0	0	0	0	0	0	0	0	0	0	0	0	0	0	0	0	0	0	0	0	0	0	0	0	0	0	0	0	0	0	0	0	0	0	0	0	0	0	0	0	0	0	0	0	0	0	0	0	0	0	0	0	0	0	0	0	0	0	0	0	0	0	0	0	0	0	0	0	0	0	0	0	0	0	0	0	0	0	0	0	0	0	0	0	0	0	0	0	0	0	0	0	0	0	0	0	0	0	0	0	0	0	0	0	0	0	0	0	0	0	0	0	0	0	0	0	0	0	0	0	0	0	0	0	0	0	0	0	0	0	0	0	0	0	0	0	0	0	0	0	0	0	0	0	0	0	0	0	0	0	0	0	0	0	0	0	0	0	0	0	0	0	0	0	0	0	0	0	0	0	0	0	0	0	0	0	0	0	0	0	0	0	0	0	0	0	0	0	0	0	0	0	0	0	0	0	0	0	0	0	0	0	0	0	0	0	0	0	0	0	0	0	0	0	0	0	0	0	0	0	0	0	0	0	0	0	0	0	0	0	0	0	0	0	0	0	0	0	0	0	0	0	0	28266967276	0	0	0	0	0	0	0	0	0	0	0	0	0	4247296	0	0	0	0	0	0	0	0	0	0	0	0	0	0	0
2025-10-20	0	0	0	0	0	0	0	0	0	0	0	0	0	0	0	0	0	0	0	0	0	0	0	0	0	0	0	0	0	0	0	0	0	0	0	0	0	0	0	0	0	0	0	0	0	0	0	0	0	0	0	0	0	0	0	0	0	0	0	0	0	0	0	0	0	0	0	0	0	0	0	0	0	0	0	0	0	0	0	0	0	0	0	0	0	0	0	0	0	0	0	0	0	0	0	0	0	0	0	0	0	0	0	0	0	0	0	0	0	0	0	0	0	0	0	0	0	0	0	0	0	0	0	0	0	0	0	0	0	0	0	0	0	0	0	0	0	0	0	0	0	0	0	0	0	0	0	0	0	0	0	0	0	0	0	0	0	0	0	0	0	0	0	0	0	0	0	0	0	0	0	0	0	0	0	0	0	0	0	0	0	0	0	0	0	0	0	0	0	0	0	0	0	0	0	0	0	0	0	0	0	0	0	0	0	0	0	0	0	0	0	0	0	0	0	0	0	0	0	0	0	0	0	0	0	0	0	0	0	0	0	0	0	0	0	0	0	0	0	0	0	0	0	0	0	0	0	0	0	0	0	0	0	0	0	0	0	0	0	0	0	0	0	0	0	0	0	0	0	0	0	0	0	0	0	0	0	0	0	0	0	0	0	0	0	0	0	0	0	0	0	0	0	0	0	0	0	0	0	0	0	0	0	0	0	0	0	0	0	0	0	0	0	0	0	0	0	0	0	0	0	0	0	0	0	0	0	0	0	0	0	0	0	0	0	0	0	0	0	0	0	0	0	4114568	0	0	0	0	0	0	0	0	0	0	0	0	0	0	0
2025-10-27	0	0	0	0	0	0	0	0	0	0	0	0	0	0	0	0	0	0	0	0	0	0	0	0	0	0	0	0	0	0	0	0	0	0	0	0	0	0	0	0	0	0	0	0	0	0	0	0	0	0	0	0	0	0	0	0	0	0	0	0	0	0	0	0	0	0	0	0	0	0	0	0	0	0	0	0	0	0	0	0	0	0	0	0	0	0	0	0	0	0	0	0	0	0	0	0	0	0	0	0	0	0	0	0	0	0	0	0	0	0	0	0	0	0	0	0	0	0	0	0	0	0	0	0	0	0	0	0	0	0	0	0	0	0	0	0	0	0	0	0	0	0	0	0	0	0	0	0	0	0	0	0	0	0	0	0	0	0	0	0	0	0	0	0	0	0	0	0	0	0	0	0	0	0	0	0	0	0	0	0	0	0	0	0	0	0	0	0	0	0	0	0	0	0	0	0	0	0	0	0	0	0	0	0	0	0	0	0	0	0	0	0	0	0	0	0	0	0	0	0	0	0	0	0	0	0	0	0	0	0	0	0	0	0	0	0	0	0	0	0	0	0	0	0	0	0	0	0	0	0	0	0	0	0	0	0	0	0	0	0	0	0	0	0	0	0	0	0	0	0	0	0	0	0	0	0	0	0	0	0	0	0	0	0	0	0	0	0	0	0	0	0	0	0	0	0	0	0	0	0	0	0	0	0	0	0	0	0	0	0	0	0	0	0	0	0	0	0	0	0	0	0	0	0	0	0	0	0	0	0	0	0	0	0	0	0	0	0	0	0	0	0	0	0	4797241087	0	0	0	0	0	0	0	0	0	0	0	0	0	0
2025-11-03	13120640	38651520	22670544	0	0	0	0	0	0	0	0	73161280	0	0	0	0	0	0	0	0	0	0	0	31626776	0	0	0	0	0	0	0	0	0	0	0	0	0	0	0	0	10054688	0	0	0	0	0	0	0	0	0	0	0	0	0	8844328	0	0	0	0	0	0	0	0	0	0	0	0	0	0	0	0	0	0	0	0	0	0	0	0	0	0	0	0	0	0	0	0	0	0	0	0	0	0	0	0	0	0	0	0	0	0	0	0	0	0	0	0	0	0	0	0	0	0	0	0	0	0	0	0	0	0	0	0	0	0	0	0	0	0	0	0	0	0	0	0	0	0	0	0	0	0	0	0	0	0	0	0	0	0	0	0	0	0	0	0	0	0	0	0	0	0	0	0	0	0	0	0	0	0	0	0	0	0	0	0	0	0	0	0	0	0	0	0	0	0	0	0	0	0	0	0	0	0	0	0	0	0	0	0	0	0	0	0	0	0	0	0	0	12204064	8146856	9848680	6048120	11739232	12091960	15563496	7878616	7991776	15701520	15397096	13734976	16948768	0	0	0	0	0	0	0	0	0	0	0	0	0	0	0	0	0	0	0	0	0	0	0	0	0	0	0	0	0	0	0	0	0	0	0	0	0	0	0	0	0	0	0	0	0	0	7366404	0	0	0	0	0	0	0	0	0	0	0	26525064	0	0	0	16180792	30310208	18145104	13738392	8915800	17673216	8838088	0	0	0	0	0	0	4822096	6803184	5962640	6045560	5999504	7995368	4550608	6054592	0	6127712	6032328	6086904	0	6348808	6582648	0	0	0	0	0	0	0	0	0	0	0	0	0	0	0	0	0	0	17520096	0	0	28614336	0	35984296	0	0	0	0	0	0	0	0	3377749493	4315180252	0	0	0	0	0	0	0	0	0	0	0	21833756	0	0
2025-11-17	0	0	0	0	0	0	0	0	0	0	0	0	0	0	0	0	0	0	0	0	0	0	0	0	0	0	0	0	0	0	0	0	0	0	0	0	0	0	0	0	0	0	0	0	0	0	0	0	0	0	0	0	0	0	0	0	0	0	0	0	0	0	0	0	0	0	0	0	0	0	0	0	0	0	0	0	0	0	0	0	0	0	0	0	0	0	0	0	0	0	0	0	0	0	0	0	0	0	0	0	0	0	0	0	0	0	0	0	0	0	0	0	0	0	0	0	0	0	0	0	0	0	0	0	0	0	0	0	0	0	0	0	0	0	0	0	0	0	0	0	0	0	0	0	0	0	0	0	0	0	0	0	0	0	0	0	0	0	0	0	0	0	0	0	0	0	0	0	0	0	0	0	0	0	0	0	0	0	0	0	0	0	0	0	0	0	0	0	0	0	0	0	0	0	0	0	0	0	0	0	0	0	0	0	0	0	0	0	0	0	0	0	0	0	0	0	0	0	0	0	0	0	0	0	0	0	0	0	0	0	0	0	0	0	0	0	0	0	0	0	0	0	0	0	0	0	0	0	0	0	0	0	0	0	0	0	0	0	0	0	0	0	0	0	0	0	0	0	0	0	0	0	0	0	0	0	0	0	0	0	0	0	0	0	0	0	0	0	0	0	0	0	0	0	0	0	0	0	0	0	0	0	0	0	0	0	0	0	0	0	0	0	0	0	0	0	0	0	0	0	0	0	0	0	0	0	0	0	0	0	0	0	0	0	0	0	0	0	0	0	0	0	0	4114568	0	0	0	0	0	0	0	0	0	0	0	0	0	0	0
2025-11-24	0	0	0	0	0	0	0	0	0	0	0	0	0	0	0	0	0	0	0	0	0	0	0	0	0	0	0	0	0	0	0	0	0	6466168	0	0	0	0	0	0	0	0	0	0	0	0	0	0	0	0	0	0	0	0	0	0	0	0	0	0	0	0	0	0	0	0	0	0	0	0	0	0	0	0	0	0	0	0	0	0	0	0	0	0	0	0	0	0	0	0	0	0	0	0	0	0	0	0	0	0	0	0	0	0	0	0	0	0	0	0	0	0	0	0	0	0	0	0	0	0	0	0	0	0	0	0	0	0	0	0	0	0	0	0	0	0	0	0	0	0	0	0	0	0	0	0	0	0	0	0	0	0	0	0	0	0	0	0	0	0	0	0	0	0	0	0	0	0	0	0	0	0	0	0	0	0	0	0	0	0	0	0	0	0	0	0	0	0	0	0	0	0	0	0	0	0	0	0	0	0	0	0	0	0	0	0	0	0	0	0	0	0	0	0	0	0	0	0	0	0	0	0	0	0	0	0	0	0	0	0	0	0	0	0	0	0	0	0	0	0	0	0	0	0	0	0	0	0	0	0	0	0	0	0	0	0	0	0	0	0	0	0	0	0	0	0	0	0	0	0	0	0	0	0	0	0	0	0	0	0	0	0	0	0	0	0	0	0	0	0	0	0	0	0	0	0	0	0	0	0	0	0	0	0	0	0	0	0	0	0	0	0	0	0	0	0	0	0	0	0	0	0	0	0	0	0	0	0	0	0	0	0	0	0	0	0	0	0	0	0	0	0	0	8428228	0	0	0	0	0	0	0	0	0	0	0	0	0	0	0
2025-12-01	6560320	0	0	0	0	0	0	0	0	0	0	0	0	0	0	0	0	0	0	0	0	0	0	0	0	0	0	0	0	0	0	0	0	0	0	0	0	0	0	0	0	0	0	0	0	0	0	0	0	0	0	25863912	0	0	0	0	0	0	0	0	0	0	0	0	0	0	0	0	0	0	0	0	0	0	0	0	0	0	0	0	0	0	0	0	0	0	0	0	0	0	0	0	0	0	0	0	0	0	0	0	0	0	0	0	0	0	0	0	0	0	0	0	0	0	0	0	0	0	0	0	0	0	0	0	0	0	0	0	0	0	0	0	6927552	0	0	0	0	0	0	0	0	0	0	0	0	0	0	0	0	0	0	0	0	0	0	0	0	0	0	0	0	0	0	0	0	0	0	0	0	0	0	0	0	0	0	0	0	0	0	0	0	0	0	0	0	0	0	0	0	0	0	0	0	0	0	0	0	0	0	0	0	0	0	0	0	0	0	0	0	0	0	0	0	0	0	0	0	0	0	0	0	0	0	0	0	0	0	0	0	0	0	0	0	0	0	0	0	0	0	0	0	0	0	0	0	0	0	0	0	0	0	0	0	0	0	0	0	0	0	0	0	0	0	0	0	0	0	0	0	0	0	0	0	0	0	0	0	0	0	0	0	0	0	0	0	0	0	0	0	0	0	0	0	0	0	0	0	0	0	0	0	0	0	0	0	0	0	0	0	0	0	0	0	0	0	0	0	0	0	0	0	0	0	0	0	0	0	0	0	0	0	0	0	2576151520	0	0	0	0	0	0	0	0	0	4114568	0	0	0	0	0	0	0	0	0	0	0	0	0	0	0
2025-12-08	15754336	0	13169280	0	15728640	7351368	0	0	0	0	0	0	0	0	0	0	0	0	0	0	0	0	0	0	0	0	0	0	0	0	0	0	0	0	0	0	0	0	0	0	0	0	0	0	0	0	0	0	0	0	0	0	0	0	0	0	0	0	0	0	0	0	0	0	0	0	0	0	0	0	0	0	0	0	0	0	0	0	0	0	0	0	0	0	0	0	0	0	0	0	0	0	0	0	0	0	0	0	0	0	0	0	0	0	0	0	0	0	0	0	0	0	0	0	0	0	0	0	0	0	0	0	0	0	0	0	0	5983448	0	6218528	0	0	0	0	0	0	0	0	0	0	0	0	0	0	0	0	0	0	0	0	0	0	0	0	0	0	0	0	0	0	0	0	0	0	0	0	0	0	0	0	0	0	0	0	0	0	0	0	0	0	0	0	0	0	0	0	0	0	0	0	0	0	0	0	0	0	0	0	0	0	0	0	0	0	0	0	0	0	0	0	0	0	0	0	0	0	0	0	0	0	0	0	0	0	0	0	0	0	0	0	0	0	0	0	0	0	0	0	0	0	0	0	0	0	0	0	0	0	0	0	0	0	0	0	0	0	0	0	0	0	0	0	0	0	0	0	0	0	0	0	0	0	0	0	0	0	0	0	0	0	0	0	0	0	0	0	0	0	0	0	0	0	0	0	0	0	0	6803184	0	0	0	0	0	0	0	0	0	0	0	6348808	0	0	0	0	0	0	0	0	0	0	0	0	0	0	0	0	0	0	0	0	0	0	0	0	0	0	0	0	0	0	0	0	0	4446388	0	0	0	0	0	0	0	0	0	0	0	0	0	0	0
2025-12-15	56208660	57100712	56676360	41277344	104954068	77857412	39145976	40363280	24040656	42369824	52617992	172602704	64275144	140905084	116953712	22495440	48873544	26310400	71319124	19841408	40454988	56279676	59956560	148652488	106823348	144345264	63587764	160992436	34036008	56291832	20473616	48110784	66688796	55843912	53957880	55041156	54315432	62235060	71621664	32043176	122845184	63803840	75731196	118983864	66874920	81631920	167147936	55182752	17832528	102800864	106671060	223170476	62705576	97254180	57180536	67056184	71780244	46064072	51833368	51173456	78617604	38972700	49341920	57823388	51400332	24406624	38306352	40301136	64727624	69579192	45129468	31288768	28410720	50191032	60318000	35829312	57976452	57921152	64416720	48382632	52034368	71398020	52315304	49256168	58582024	41872640	28180088	33076908	40690152	67416596	8633136	35682588	40928688	27990792	33808640	49818120	47905104	59511444	62805968	15974336	36497092	40294280	46232360	57896120	40749168	55565660	53631072	48545280	17145016	47704960	41753264	69841880	50403436	16555120	49594232	52853560	52965788	68013892	59945608	63498980	41712272	35864944	40106044	38084892	40226792	29924040	55396584	57899236	61066180	54194612	49248832	48671296	35872980	31013040	47658048	36544032	59825760	51517588	41723640	64398384	47965760	73462080	23930368	39201968	43056328	28425248	46105052	36676784	63549132	45276416	41913780	30804164	54242064	69812668	94463736	244970932	86475020	30704880	47498652	49312340	53358280	59710024	22094696	47968448	52988744	29008648	28145356	62780280	57191520	55501512	61060016	73716728	51394832	58048416	53920712	33828600	41682104	48905408	58052792	72187708	48525564	56684532	47443036	40626968	63146452	92450048	54400748	66598776	86734348	42281680	40525264	53969040	42301792	52739124	44067568	47750208	60734704	41582868	39191712	51724992	35759276	40237584	48937344	110728816	80773852	103663128	40898592	128653124	36612192	52148888	87920864	54433080	58696160	85479028	88966632	51983540	53657960	123104828	85214616	73054904	129458708	48843508	47997248	40785800	36416592	38589024	24271008	45817432	23794016	45446296	34099208	18857880	41649272	28033576	78041604	36056064	32159232	36423320	44284480	27089472	36197304	29801400	51754056	43103032	40293448	36021216	26423088	29765440	31601864	35773776	21451584	35836752	18520464	32126924	29570344	30127920	29715000	54508092	35150832	53053048	49809492	37301960	24292000	47964368	72912568	49003020	19254468	18554384	67799988	50678072	40019624	29649440	42173320	55793440	39853832	41369432	27032352	35678544	36409676	37990760	59378540	66090248	36805600	60023348	57012648	34422772	64177120	62497280	23635780	52540628	69476324	77726476	52449100	59986940	32728196	78355584	24110480	38130488	45853048	48158952	46111096	23986104	22753040	35980264	31418352	55149408	36193968	48695232	35889600	35858608	50193104	11941968	23730920	46907324	42162568	34403648	51958348	43201592	33964368	44429900	30924920	48026516	48162560	31311560	48419456	42370944	41659464	30172800	12405424	90227701907	106639972018	89412196465	108274040	146246410747	258378736	129170935797	670830032	40143584028	117487372	8356406600	104870409099	94059052822	223344880	25927719548	87580973895	93354501818	152611116	175442251764	136423108	37411447388	88754373215	179148500	153906345498	107431194557	110133416	47247980240	177543468	92902886357	89349292093
2025-12-22	6560320	0	0	0	0	0	0	0	0	0	0	0	0	0	0	0	0	0	0	0	0	5964840	0	0	0	0	0	0	0	0	0	0	0	0	0	0	0	0	0	0	10054688	0	0	0	0	0	5242880	0	0	0	0	0	0	0	0	0	0	0	0	0	0	0	0	0	0	0	0	0	0	0	0	0	0	0	0	0	0	0	0	0	0	0	0	0	0	0	0	0	0	0	0	0	0	0	0	0	0	0	0	1996792	0	0	0	0	0	0	0	0	0	0	0	0	0	0	0	0	0	0	0	0	0	0	0	0	0	0	0	0	0	0	0	0	0	0	0	0	0	0	0	0	0	0	0	0	6150904	0	0	0	0	0	0	0	0	0	0	0	0	0	0	0	0	0	0	0	0	0	0	0	0	0	0	0	0	0	0	0	0	0	0	0	0	0	0	0	0	0	0	0	0	0	0	0	0	0	0	0	0	0	0	0	5970576	0	0	0	0	0	0	0	0	0	0	0	0	0	0	7878616	0	0	0	0	0	0	0	0	6069432	0	0	5957552	0	0	0	0	0	0	0	6009344	0	0	0	0	0	0	0	0	0	0	0	0	0	0	0	0	0	0	0	0	0	0	0	0	0	0	0	0	0	0	0	0	0	0	0	0	0	0	0	0	0	0	0	0	0	0	0	0	10485760	0	0	0	0	0	15925664	0	0	0	0	0	0	0	0	0	5999504	0	0	0	0	0	0	0	0	0	0	0	0	0	0	0	0	0	0	0	0	0	0	0	0	0	0	0	6202712	0	0	0	0	0	0	0	0	0	0	0	0	0	0	0	0	0	0	0	0	0	0	0	0	0	0	0	0	0	0
2025-12-29	0	0	0	0	0	0	0	0	0	0	0	0	0	0	0	0	0	0	0	0	0	0	0	0	0	0	0	14181864	0	0	0	0	0	0	0	0	0	0	0	0	0	0	0	0	0	0	0	0	0	0	0	0	0	0	0	0	0	0	0	0	0	0	0	0	0	0	0	0	0	0	0	0	0	0	0	0	0	0	0	0	0	6111160	0	0	0	0	0	0	0	0	0	0	0	0	0	0	0	0	0	0	0	6029952	0	0	0	0	0	0	0	0	0	0	0	6021184	0	0	0	0	0	0	0	0	0	0	0	0	0	0	0	0	6156104	0	0	0	0	0	0	0	5960520	0	0	0	0	0	0	0	0	0	0	0	6023352	6257624	0	0	0	0	0	0	0	0	0	6020336	0	0	0	0	0	0	0	0	0	0	6166528	0	0	0	0	0	0	0	7170008	0	0	0	0	0	0	0	0	0	0	0	0	0	0	0	0	0	0	6465624	0	0	0	0	0	0	0	0	0	8146856	0	0	0	0	0	0	0	0	0	0	0	0	0	0	0	0	0	0	5948504	0	0	0	0	0	0	0	0	4615536	0	0	0	0	0	0	4522360	0	0	0	0	0	0	5972792	0	0	6363944	0	0	0	0	0	0	0	0	0	0	0	0	0	0	0	0	0	0	0	0	0	4505392	0	0	0	0	0	0	0	0	0	0	8915800	0	0	0	0	0	0	0	0	0	0	0	0	0	0	0	0	0	0	0	0	0	0	0	0	0	0	0	0	0	0	0	0	0	0	0	0	0	0	0	0	0	0	0	0	0	0	0	0	0	0	26398200	0	0	0	0	13765664124	0	0	0	0	0	0	0	0	0	0	10485760	0	0	0	0
2026-01-05	0	0	0	0	16087640	0	0	0	0	0	7685720	13047440	0	0	17046344	0	0	0	6103472	0	4550848	0	0	0	11025200	10466936	0	0	0	0	0	0	0	0	0	0	0	0	0	0	0	0	0	0	0	0	0	0	0	0	0	0	14287456	0	0	0	0	0	0	0	0	6135440	0	0	0	0	0	0	0	0	0	0	0	0	0	0	0	0	0	0	0	0	0	0	0	0	0	0	0	8858056	0	0	0	0	0	0	0	0	0	0	0	0	0	0	0	0	0	0	0	0	0	0	0	0	0	0	0	0	6182512	0	0	0	0	0	0	0	0	5983448	0	0	0	0	0	0	0	0	5982576	0	0	0	0	0	0	0	0	0	5989160	0	0	0	0	0	0	0	0	0	0	0	0	0	0	0	0	0	0	0	0	0	0	0	0	0	0	0	0	0	0	6113176	0	0	0	0	0	0	0	0	0	0	0	0	0	0	0	0	0	0	0	0	0	0	0	0	6117168	5242880	0	0	0	0	0	0	9848680	0	0	0	0	0	7991776	0	0	0	0	0	0	0	0	0	0	0	0	0	0	0	0	0	0	0	4594176	0	0	0	0	0	0	0	0	0	0	5953088	0	0	0	0	0	0	0	0	0	0	0	0	0	0	0	0	0	0	0	0	0	0	0	0	0	0	0	0	0	0	0	0	0	0	0	0	0	0	0	0	0	8838088	0	0	0	0	0	0	0	6803184	0	0	0	0	0	0	0	0	0	0	0	0	0	0	0	0	0	0	0	0	0	0	0	0	0	0	0	0	0	0	0	0	0	0	0	0	0	0	133263456	0	0	0	0	0	0	21226312138	0	0	30703296	0	0	0	0	0	0	0	0	0	0	0	43306188800
2026-01-12	13120640	0	21821032	0	32175280	22054104	0	0	12020328	36316992	0	33899440	0	0	0	0	0	0	0	0	9101696	0	0	0	0	0	0	0	5984288	18763944	5453016	0	0	0	0	6033272	0	0	0	13964304	10054688	0	0	0	0	0	40792112	0	0	24079824	0	62213584	0	0	0	0	0	15731064	0	0	0	0	0	19468872	0	0	0	13433712	0	0	0	0	0	6582352	13420400	0	0	14480288	0	0	0	0	0	0	0	15702240	0	0	4521128	0	0	0	9095264	0	0	9057840	0	0	0	5990376	0	12059904	17879832	0	0	0	0	18204480	0	0	11929504	5988728	11917072	0	18751800	0	0	0	0	22293432	0	4535768	0	0	0	0	6155176	11966896	0	12437056	18468312	0	0	12405216	0	0	0	0	0	0	0	0	0	0	6150904	12490736	0	6193896	0	0	0	0	0	0	0	0	0	0	0	0	0	0	0	0	18327816	0	0	0	0	0	0	0	0	0	18677304	0	18783768	0	0	12075280	0	0	0	12170800	0	0	0	0	36497912	12080480	0	0	0	0	0	17906328	0	18700968	19595856	0	11941152	0	0	0	10485760	0	0	0	3436608	0	0	0	0	0	0	7878616	0	0	0	0	27434528	0	0	0	12138864	0	0	5957552	11897008	18409488	0	6309832	0	0	0	0	0	0	6009224	0	0	0	0	0	0	18010608	0	0	0	0	6129024	0	0	0	0	12051168	0	0	0	0	0	0	0	0	30926016	22211952	17670640	0	0	23281752	11968352	0	12049520	14765392	0	11887376	0	0	0	17683376	0	0	0	0	34979552	18145104	0	0	0	0	23888496	0	0	0	19817712	0	0	20409552	0	6045560	11999008	0	0	0	0	0	0	18260712	0	6348808	6582648	0	12812112	0	0	0	18030048	12343312	0	0	6184984	6017160	0	0	0	0	0	0	18608136	0	0	0	0	15849636680	0	9178768516	0	0	0	12376552884	0	0	0	184891973	0	0	0	6801008712	0	0	10257885576	0	18721035208	0	0	0	0	0	0
2026-01-19	3829200	16	0	0	0	0	0	0	0	0	0	0	0	0	0	0	5806344	0	0	0	0	0	5995656	0	0	0	0	19424744	0	0	0	6013848	0	0	0	0	6035048	0	0	0	0	0	8130824	0	0	0	0	0	0	8351184	0	0	0	0	0	0	0	5243688	0	0	0	0	0	0	0	0	16417008	0	0	0	0	5434840	0	0	0	0	0	0	0	0	0	0	0	0	0	0	0	6726264	0	0	0	0	0	3110088	0	0	0	5970864	0	0	0	0	0	0	0	0	5973880	0	0	5963120	0	0	0	6021184	0	0	6015152	0	0	0	0	0	0	0	0	0	0	0	6181560	0	0	0	0	0	0	0	0	0	0	7155376	0	0	0	13238592	0	0	0	0	0	0	0	0	0	0	0	0	0	0	6224160	0	0	6020336	5993376	0	0	0	0	0	0	0	0	6960216	0	0	0	0	0	0	0	0	0	5998856	0	0	0	0	23848992	0	0	0	0	0	0	0	0	0	0	0	0	6465624	0	13412528	0	0	0	0	5842656	0	0	0	0	0	0	0	0	0	0	10458640	10154216	0	15728640	0	0	0	0	0	0	0	0	0	0	0	0	0	0	0	0	0	0	0	0	0	0	0	9044720	0	4548488	0	0	0	0	11945584	0	0	0	0	0	0	7394064	0	0	0	0	0	0	0	0	0	0	0	0	0	0	0	0	0	0	0	7513200	0	13178568	0	0	0	0	0	10485760	0	0	0	0	0	0	0	0	0	0	0	0	0	0	0	0	0	0	0	0	0	0	0	0	0	0	0	0	0	0	0	0	0	0	0	0	0	0	0	0	0	0	15582396520	0	0	0	0	0	0	256041152	0	0	0	0	0	0	199347625	0	49367328598	0	0	0	41989177344	0	0	0	0	0	0	35555200	45368737792	0
2026-01-26	0	0	6092392	0	0	0	0	0	4006776	0	0	0	0	0	6560584	0	0	0	0	0	0	0	0	0	0	0	0	0	0	6254648	0	0	0	6466168	5995320	0	0	0	5968472	0	0	0	0	5242880	0	8163192	0	9337632	2972088	0	1296864	20621032	0	5242880	0	6134888	0	0	0	5368040	0	0	0	0	0	0	5472336	0	6734784	0	0	0	0	0	0	0	0	0	6441672	6006488	6504296	0	6298024	6448800	0	0	0	0	0	0	4518568	4520272	0	0	6761728	0	0	0	11738280	0	0	0	0	5975728	0	6207408	0	0	2449288	0	0	0	0	0	0	0	0	6001232	0	0	0	0	0	5982480	0	5984808	0	0	0	0	0	0	0	0	5957256	6090672	0	6252464	0	0	0	6121840	0	0	0	0	0	0	6419496	0	0	0	0	7921920	9800456	20597216	10391096	6140976	0	0	0	0	0	5996056	0	0	0	7034576	0	0	6327272	0	0	6449824	6225768	0	0	0	0	0	0	0	0	6085400	0	0	7949664	0	5242880	6040240	6046328	5996560	6076960	0	0	0	0	6233656	0	0	0	6706264	0	0	0	0	0	10485760	12204064	0	0	6048120	11739232	10485760	5242880	0	0	0	0	5242880	0	6380368	5999656	6111872	0	6431504	0	0	0	0	5996928	0	0	5979752	0	0	0	0	0	4514912	5963400	0	0	0	0	0	0	0	0	0	0	0	3086744	0	0	0	0	0	0	0	0	7500480	0	0	0	0	0	0	8877712	0	0	0	0	0	0	0	0	0	0	8841688	0	0	0	0	0	0	0	0	8836608	0	0	0	0	7949184	6605904	6499488	0	0	0	0	0	0	0	0	0	6127712	0	0	5981600	0	0	5970984	0	0	6023224	0	0	6171656	0	0	0	0	0	0	0	0	0	0	0	0	33701151098	29174643201	0	40032534528	15728640	61131962977	107049056	0	0	50455905195	45743079424	0	20971520	2533472967	46653437351	0	0	42149538970	10485760	0	39410713115	36700160	0	0	0	0	0	0	0
2026-02-02	0	7640960	0	5308968	0	0	0	0	0	0	0	0	0	10485760	0	3749240	0	0	0	0	0	0	0	15728640	0	0	5242880	0	0	0	0	0	0	0	0	0	0	0	0	0	0	0	0	0	0	0	0	0	0	0	0	0	0	0	0	0	0	0	0	0	0	0	0	6489624	7718416	0	0	0	0	0	0	0	5682144	0	0	0	0	0	0	0	0	0	0	0	0	0	0	0	0	0	0	0	0	0	0	0	0	5970864	0	0	4678144	0	5959944	0	0	0	0	6068160	0	0	0	0	0	0	0	0	0	0	0	0	0	0	0	0	0	0	0	0	0	0	0	0	6927552	0	0	0	0	0	0	0	0	0	3418624	0	0	0	0	6193896	0	0	0	0	0	0	0	0	0	0	0	6106136	6155464	0	0	0	0	0	0	0	0	6423368	0	0	0	0	0	6765720	6261256	0	5993136	0	0	0	0	0	0	11868928	0	0	0	0	0	0	0	0	5973072	0	0	0	0	0	0	0	0	0	0	10485760	0	0	0	0	0	0	0	0	0	0	0	0	0	0	0	0	0	0	0	0	0	0	0	0	0	0	0	0	6271152	0	0	0	0	0	5963400	5960280	0	0	0	0	0	0	0	0	0	0	0	0	0	0	5943000	0	0	0	10278952	0	0	0	0	0	0	0	0	0	0	7449800	0	0	0	0	0	5946424	0	0	0	0	10485760	15728640	0	0	0	0	0	0	0	0	7934088	0	0	0	4822096	0	0	6045560	0	0	0	0	0	0	0	0	0	0	0	0	0	0	0	6057816	0	0	0	0	0	0	0	0	0	6052992	0	0	0	22995271680	0	0	0	0	0	0	0	65441115428	0	0	0	32053919744	0	38545653760	0	0	0	0	0	0	0	0	0	41361080320	0	40603298498	0	0	0
2026-02-09	6560320	10020964	0	5043664	4778208	0	5707304	4036328	4006776	6052832	4114568	0	0	0	0	3749240	5806344	0	0	0	4114568	0	5707304	0	0	0	8428228	0	5043664	0	5453016	4977300	0	6466168	0	0	0	0	0	0	0	0	0	0	0	0	0	0	0	0	0	0	0	0	0	0	0	0	0	0	0	0	0	0	0	0	0	0	0	0	0	0	0	0	0	0	0	0	0	0	0	0	0	0	0	0	0	0	0	0	0	0	0	0	0	0	0	0	0	0	0	0	0	0	0	0	0	0	0	0	0	0	0	0	0	0	0	0	0	0	0	0	0	0	0	0	0	0	0	0	0	0	0	0	0	0	0	0	0	0	0	0	0	0	0	0	0	0	0	0	0	0	0	0	0	0	0	0	0	0	0	0	0	0	0	0	0	0	0	0	0	0	0	0	0	0	0	0	0	0	0	0	0	0	0	0	0	0	0	0	0	0	0	0	0	0	0	0	0	0	0	0	0	0	0	0	0	0	0	0	0	0	0	0	0	0	0	0	0	0	0	0	0	0	0	0	0	0	0	0	0	0	0	0	0	0	0	0	0	0	0	0	0	0	0	0	0	0	0	0	0	0	0	0	0	0	0	0	0	0	0	0	0	0	0	0	0	0	0	0	0	0	0	0	0	0	0	0	0	0	0	0	0	0	0	0	0	0	0	0	0	0	0	0	0	0	0	0	0	0	0	0	0	0	0	0	0	0	0	0	0	0	0	0	0	0	0	0	0	0	0	0	0	0	0	0	0	0	0	22085991	5707304	0	0	82589343	0	139595869	0	147303716	0	0	80174587	59650658	0	51786291	59004327	41961302	0	5309120	0	61390995	40317431	0	0	7698224	0	50133698	0	52872317	84795005
2026-02-16	12036416	0	15286552	5923368	0	7322872	11890572	8687056	9242352	4180932	8095320	0	0	0	0	0	0	0	0	2480176	0	0	0	0	0	0	0	0	0	0	0	0	0	0	0	0	0	0	0	0	0	0	0	0	0	0	0	0	2972088	0	0	0	0	0	0	0	0	0	0	0	0	0	0	0	0	0	0	0	0	0	0	0	0	0	0	0	0	0	0	0	0	0	0	0	0	0	0	0	0	0	0	0	0	0	0	0	0	0	0	0	0	0	0	0	0	0	0	0	2449288	0	0	0	0	0	0	0	0	0	0	0	0	0	0	0	0	0	0	0	0	0	0	0	0	0	0	0	0	0	0	0	0	0	0	0	0	0	0	0	0	0	0	0	0	0	0	0	0	0	0	0	0	0	0	0	0	0	0	0	0	0	0	0	0	0	0	0	0	0	0	0	0	0	0	0	0	0	0	0	0	0	0	0	0	0	0	0	0	0	0	0	0	0	0	0	0	0	0	0	0	0	0	0	0	0	0	0	0	0	0	0	0	0	0	0	0	0	0	0	0	0	0	0	0	0	0	0	0	0	0	0	0	0	0	0	0	0	0	0	0	0	0	0	0	0	0	0	0	0	0	0	0	0	0	0	0	0	0	0	0	0	0	0	0	0	0	0	0	0	0	0	0	0	0	0	0	0	0	0	0	0	0	0	0	0	0	0	0	0	0	0	0	0	0	0	0	0	0	0	0	0	0	0	0	0	0	0	0	0	0	0	0	0	0	0	0	0	0	0	0	0	0	0	0	4180932	0	0	0	0	0	0	0	0	0	0	0	0	0	0	0	0	0	0	0	0	0	0	0	0	0
2026-02-23	4994424	4922352	8693684	4753588	9103284	0	0	0	0	0	4114568	0	6001024	4114568	0	4938480	4848364	0	0	0	4550848	0	5297424	4380024	0	0	0	1402344	0	0	4180932	0	0	4645480	1182520	5401404	0	0	0	0	0	4180932	4645480	0	0	0	4977300	0	4200888	0	0	5300080	0	19419200	0	0	0	0	0	862440	0	0	4380024	4869792	0	0	0	0	1205184	0	0	0	0	5504848	4114568	0	0	4247296	0	0	6504296	1195960	0	0	0	0	5205236	0	0	0	5555536	0	0	0	0	0	0	0	0	0	0	1217152	0	0	0	0	0	0	0	0	0	0	5049796	0	0	0	0	0	0	4048204	5050156	5282736	4247296	0	0	0	819200	761048	6713652	791328	0	0	0	0	0	0	0	5663772	0	1011376	0	5441848	0	0	0	0	0	5423592	5640940	0	5325120	0	0	0	0	0	1277496	6140976	0	0	4512752	0	0	0	0	0	0	0	0	0	797672	0	0	0	0	4114568	4645480	4645480	4512752	0	0	0	0	6085400	4933768	4180932	0	5317288	5494740	0	1228800	0	0	1428592	0	0	1112136	1216056	4845756	0	0	0	0	4313660	0	810792	5741552	1264796	4247296	0	5110028	0	0	0	0	1017816	0	0	0	0	0	5098064	0	5233460	0	4914072	1254952	0	4247296	4926264	5630516	780232	5704796	0	0	6173844	4247296	0	0	0	0	0	0	0	0	0	0	0	0	0	0	0	731544	0	0	0	0	0	0	0	5279920	0	0	1196280	0	0	0	4380024	0	0	1171376	1203400	0	4114568	4981440	0	5138360	0	5447732	0	0	4114568	0	0	5608728	1235568	5758344	1235800	0	0	1204432	0	1175688	5305352	0	0	0	4247296	0	0	5434000	0	0	0	0	0	1219528	6185040	0	4180932	0	0	0	4114568	1210424	0	0	0	0	0	0	0	4844572	4114568	5818748	0	0	0	6202712	0	0	3955201	3782748	4247296	0	11696481	104857600	0	0	0	0	0	0	0	26161971200	4579116	0	0	0	0	0	0	0	0	0	0	7963680	0	0
2026-03-02	0	800640	0	5321828	0	4114568	5035072	1271528	0	5675188	0	0	0	0	0	0	0	0	778672	2480176	0	4180932	0	0	5492904	5850532	0	0	761888	1228800	0	0	5380008	0	0	0	0	0	4645480	4952720	0	0	0	0	5383356	790392	0	4953000	0	4974996	0	0	0	4180932	0	0	779056	4852656	0	0	6102100	5027608	0	755224	0	0	761936	1187256	0	0	4114568	0	1278944	0	0	1261152	4579116	0	4180932	4114568	1281896	0	1178024	5473696	0	1035680	0	0	0	0	0	5153240	4114568	0	5141896	0	0	0	0	0	786944	0	4446388	4114568	0	780208	751480	5569020	3669776	4988016	0	0	0	4114568	5398316	5360960	1202352	1188432	857712	0	4778208	0	0	760080	5386836	4876976	0	0	0	0	819200	759112	0	8163024	0	4512752	4579116	0	0	0	0	0	0	4512752	0	0	1176360	0	0	5041384	0	5940644	5395028	753920	0	5530304	0	4645480	7021120	0	0	5587560	1180576	5297824	0	0	0	788176	5127968	791368	0	4930784	0	4380024	4114568	0	0	0	0	0	5132860	0	1228800	1272600	0	0	4048204	0	0	4579116	0	0	0	0	4931604	0	0	0	0	0	5260928	0	0	0	4380024	0	0	0	0	774056	0	4579116	4114568	0	0	0	0	0	0	1242176	0	0	0	0	0	6431504	0	4114568	0	0	0	0	0	1166952	0	0	0	0	5841904	4514912	0	4985176	4247296	4947344	4522360	0	0	4645480	4114568	0	3064512	0	0	0	5244696	0	1027800	0	0	5558624	0	1254080	5640224	0	5309120	747984	0	0	5445008	0	0	0	0	0	0	0	0	5502232	0	5674440	1197768	0	1097544	0	5343272	0	0	0	4844572	0	0	4997508	0	0	0	0	4907028	0	0	5280964	0	0	0	1241792	5423724	802912	0	0	0	0	4977300	748584	774056	0	0	4579116	0	0	0	5324168	0	0	0	0	0	0	0	0	0	2130706432	7496058	0	0	0	0	0	0	0	0	0	524386995	0	0	3982959	8799443	0	5142344	531046146	0	4064463	4114568	4247296	469762048	0	0	2113929216	4778208	0	8097405
2026-03-09	0	0	0	0	0	0	0	0	1241976	0	0	0	0	0	0	0	0	0	0	0	0	0	0	0	0	0	0	0	0	0	0	0	0	0	0	0	4180932	0	0	0	0	0	0	0	0	0	0	0	0	0	5043664	0	0	0	5068388	5334256	0	0	1211576	0	0	0	0	0	4574000	4512752	0	0	0	0	0	5652500	0	0	0	0	0	0	0	0	0	0	0	0	0	0	0	0	0	0	0	0	0	3110088	0	0	4778208	0	0	0	0	0	0	0	0	0	0	0	0	0	0	1175928	0	0	0	0	0	0	0	0	0	0	0	0	0	0	0	0	0	0	0	0	0	0	0	0	0	0	4852688	0	0	0	3418624	0	0	818168	0	0	0	0	0	0	0	0	0	0	0	0	0	0	0	0	0	0	0	0	5525148	0	0	0	0	0	0	0	0	0	0	0	0	0	0	1186056	0	0	0	0	0	0	0	0	0	0	0	0	0	0	0	0	0	1038424	0	5496032	0	0	0	0	0	0	1656000	0	0	0	0	4380024	0	0	0	5748900	0	0	0	0	0	0	0	0	0	0	0	0	0	0	0	0	0	0	0	1236336	0	0	5585572	0	0	0	0	5305304	0	0	0	0	0	0	0	0	0	5990992	0	0	738064	0	0	0	0	0	0	0	0	0	0	0	0	0	0	0	0	0	0	0	0	0	0	0	0	3475352	0	0	0	0	0	0	0	0	0	0	0	4114568	0	0	0	0	0	0	0	0	0	0	0	0	0	0	0	0	0	0	0	0	5510876	846856	0	0	9498920	0	0	0	0	0	0	0	0	8573157376	0	0	0	8573157376	0	4048204	1269856	0	0	8244275	16777216	8229136	847764	0	0	0	0	0	4512752	0	0	0	0	8573157376	0	8556380160	0	7713917	8556380160
2026-03-16	16853648	0	0	0	8229136	14702736	0	0	0	12105664	15371440	0	0	0	0	0	0	0	6103472	0	9101696	4114568	0	0	13007344	16458272	0	20572840	5984288	0	6448476	0	0	0	0	0	0	0	0	13964304	10684604	0	0	0	0	0	11215516	0	0	10153692	0	0	16790092	0	0	0	0	0	0	0	0	12270880	0	0	0	0	0	0	0	0	0	4114568	0	0	0	5971552	0	0	0	0	0	1393644	0	0	0	0	0	0	4521128	8858056	0	4520272	4547632	0	0	4528920	0	0	0	3993584	0	12059904	0	0	0	0	0	0	0	0	0	0	11917072	6021184	0	0	0	0	0	5906396	0	0	0	0	0	0	7084272	0	0	12437056	0	0	0	0	0	0	5982576	0	0	0	0	0	0	6619296	10265472	12490736	10103728	0	0	0	0	12515248	6026896	0	0	0	0	0	0	0	0	0	0	0	0	0	0	0	0	0	0	0	6166528	0	0	0	0	6113176	0	0	0	0	0	0	0	0	0	0	0	0	0	0	0	0	0	0	0	0	13063904	6465624	11941152	0	6117168	0	8030044	0	0	0	0	5773668	9423688	0	0	0	0	0	7499132	5309120	0	0	4114568	0	0	0	6069432	0	0	0	0	12272992	0	0	0	0	0	6009344	9188352	4615536	6009224	0	0	0	0	0	9044720	0	0	5953088	0	0	3064512	4114568	0	0	12727888	5906396	0	11440604	0	0	0	0	0	0	0	0	8835320	0	0	7760584	0	0	0	7382696	0	0	4505392	0	7513200	0	0	0	0	0	9954600	0	0	8915800	0	17676176	0	0	0	0	0	0	0	6803184	0	0	11999008	7995368	0	0	0	0	0	0	0	6348808	6304580	0	6406056	0	0	0	6010016	0	0	0	12091380	6017160	0	0	0	0	4114568	0	4910936	46189344	0	0	0	8295500	0	0	0	0	10750968	0	0	0	0	6667137664	0	0	3650020	0	0	0	0	0	15263720	0	20307384	0	0	0	16856456
2026-03-23	9590664	800640	0	0	1024000	0	0	5717456	0	0	819200	663640	0	819080	5283204	3749240	4247296	1214288	4893240	2455468	762048	4857008	0	597276	1112880	1271416	0	0	0	1826076	2322740	0	5380008	0	530912	4114568	1222248	0	4860640	1435428	4446388	0	0	0	0	0	4114568	4247296	4200888	0	5247592	0	5008104	0	0	1219688	779056	738088	0	4180932	530912	0	2381856	0	857616	4247296	1327280	4247296	1205184	0	5149976	4114568	4247296	1257552	771000	0	1218784	597276	0	1580456	872296	0	768424	1124000	4989508	0	5036472	0	937128	8858056	2726396	4520272	0	3864976	7686656	0	4114568	4114568	4114568	597276	786944	4313660	0	0	772760	4114568	751480	1255360	8568352	0	0	0	736136	1938388	0	4114568	5316920	597276	857712	7431144	0	663640	1196840	10362504	1205904	4247296	0	761048	0	4905896	0	0	0	0	5186952	4114568	4114568	0	0	995460	0	797040	3418624	782496	0	0	4947692	4114568	1384772	0	4114568	6257624	0	753920	1198856	0	5325700	0	530912	730004	819200	5388468	0	4114568	7491020	796320	1211488	0	5867944	0	11239512	4180932	597276	0	0	819200	819200	788376	770736	1224840	819200	4711844	1228800	1272600	819200	2986380	8612476	4114568	0	4114568	1228800	597276	0	0	0	4993672	5190668	1393644	0	936024	4862744	869464	0	805600	1459784	0	1228800	800248	12318636	4114568	7830952	10162688	5132128	12091960	15563496	7878616	1228800	8892776	15994372	2304000	597276	0	5301424	0	0	0	2383140	0	1323380	811696	5996928	780232	0	4114568	843952	1196544	8708744	1725464	597276	4514912	741000	597276	5292080	4180932	733560	1190736	759688	4512752	725752	5053556	0	750392	3086744	1393644	0	1212784	925400	0	3658080	0	0	0	1857476	4313660	730004	11518552	745720	1327280	0	0	1171376	2198860	6024760	1128188	0	0	2986380	0	1266800	12956256	0	2097836	14819144	0	5874184	4180932	0	0	5259760	748488	0	1413852	4114568	4114568	0	1195168	1323372	1273584	0	1228800	597276	0	0	0	1260916	802912	0	0	759200	0	4114568	0	0	0	1210424	0	5245420	5293244	4114568	1209600	0	5318928	0	862732	5885112	0	0	6083192	4890080	0	0	1497601	790368	9821872	861096	9325287	2964992	12340972	0	0	1630899	0	2002728	52228468	1725464	1061824	0	2825370	4114568	0	0	841360	63443984	1524869	771984	0	0	0	1525237
2026-03-30	1228800	39452160	12123344	0	28156604	10936424	787776	0	6196788	8510432	8504920	1811416	5337384	597276	24018976	4938480	1198344	1811564	778672	3219552	0	6604880	6666512	0	0	19447200	15572560	0	659488	0	2697500	1924556	10259172	7402736	0	5932316	662812	651072	4008268	6982152	2588196	9180760	12438088	14060024	7241548	0	0	0	1228800	15983168	12215812	30044844	0	17849364	8844328	3102188	0	5243688	6229176	2750960	7327856	0	5773668	20121696	4869784	4571020	8388248	14606876	1802460	937296	4848484	7268212	18325376	3178744	7378800	1261152	6702764	1198544	809672	8130136	769896	13418280	6964048	0	808576	6167360	0	2123648	0	8858056	3058216	9976816	5204064	3762576	924928	637720	761096	5970864	17110292	1858192	8792712	6029952	8548140	4765496	11990320	4114568	9424808	4839016	1220488	5963120	1900868	0	0	19271936	4114568	4114568	1202352	7189664	0	5906396	5958896	5133044	6009640	0	12037408	11969616	6974376	4114568	1266360	791328	6975304	6083912	7711104	6202608	939656	0	0	6252464	635720	7155376	670920	0	2389104	782496	0	0	664360	0	7206992	0	8014272	6257624	6324124	651520	3322504	0	1277496	816176	1260916	6106136	7638304	2402088	5993376	5996056	0	4114568	1211488	4371832	0	0	797672	7776432	6905856	597276	7024336	819200	6261256	6113176	9382396	7262480	7170008	8188868	1228800	7358000	6526504	9490052	1191264	0	15661224	0	12092656	11993120	7341120	7260384	0	12581528	1009736	7449712	797552	12931248	6616352	6706264	6117168	16561600	20463752	8030044	11186024	1397524	8560956	0	0	0	12867420	12091960	24381108	0	1335776	771600	10708496	23158664	0	0	0	787072	0	6431504	0	5957552	623704	4114568	1184128	780232	5949896	0	0	1196544	5809152	1236336	6009224	4514912	0	0	7167824	0	4522360	5707304	0	2818300	4514552	4180932	3064512	5972792	0	0	6363944	0	925400	8026400	0	8858600	10876228	8754560	0	1196280	16281432	2322740	0	779560	0	11875152	10364200	0	6024760	14311572	5956544	926088	2912312	0	22539600	649688	597276	1235104	10255776	1025592	9391476	6048368	14983984	10151600	11339408	3650020	3593536	0	1175688	7949184	0	0	0	0	637840	0	4180932	1990920	1171408	1241792	0	0	0	6086904	6638400	7372816	0	0	4888624	742648	1128188	6057816	7207232	744456	0	0	6942768	597276	6020320	0	5354200	4114568	1223828	0	0	30084524955	8748308816	9108407816	14307168	60789424	0	281185	4114568	4371884	10860124	0	0	3583656	307200	0	3605927	7541354	35946176	17906120052	0	22581491195	7239384	33506960	0	0	0	0	0	0	0
2026-04-06	21524160	30731776	11335272	0	716800	7351368	0	10622224	4006776	6052832	7685720	36580640	8121164	0	38472712	4479244	0	13268464	1061824	716800	9101696	5964840	17986968	17026696	0	1228800	15979896	86392660	5984288	1228800	0	0	6078240	614400	5043664	0	10680528	614400	4247296	4964096	0	6370944	8130824	716800	0	0	39641184	9337632	2972088	4114568	0	27779428	4114568	0	8844328	4579116	6308656	0	0	21001852	0	12240928	614400	6489624	4831368	0	1410768	13433712	13469568	614400	0	5434840	12027928	10763284	6710200	1228800	1218784	14480288	12883344	6006488	6504296	12222320	663640	10696096	0	0	4114568	7922928	0	17716112	4114568	0	4547632	614400	6702764	4528920	0	5970864	23476560	4607984	9356288	6029952	614400	11951456	614400	4831368	614400	16250888	2449288	5963120	5964752	10784060	4114568	7229568	6967400	6059192	23362376	7189664	0	11678440	10206192	4535768	24038560	6596880	7224608	0	0	1344404	4114568	11116260	7018836	730004	11042120	0	1477132	7319472	5982576	7765632	16035608	0	11991440	0	3418624	6619296	862732	716800	0	12387792	716800	7245288	0	1228800	6026896	7921920	0	614400	1228800	16661976	0	6106136	6155464	6020336	5993376	6610456	0	10537180	1211488	4247296	5176392	6423368	0	11207512	0	716800	0	5773668	716800	6113176	614400	6037640	11483668	7184912	862732	0	8196112	12532568	7949664	663640	0	6040240	18138984	13176880	0	2224960	5973072	614400	614400	1216056	7195592	614400	10085144	10953560	0	0	0	716800	4313660	1446804	22092300	8146856	1228800	0	0	4114568	22150656	0	4114568	20944400	1380440	0	0	0	0	0	0	716800	1228800	614400	0	0	5996928	0	0	614400	0	0	4594176	4615536	1196424	0	10077968	0	0	0	614400	1190736	4728968	5953088	9029104	7306700	6129024	4180932	7036220	0	6978344	1212784	10123932	0	11641360	0	4180932	0	2025168	7442680	0	0	4114568	0	0	0	0	7449800	12049520	0	5956544	1278040	0	10874484	4247296	0	4247296	7481504	0	663640	0	5043664	5343368	1228800	0	663640	12077400	0	0	2053516	0	1195168	0	0	663640	0	0	0	1171408	7283392	730004	0	4114568	4579116	663640	716800	796368	0	716800	0	1210424	0	1197216	0	0	4114568	0	6017160	0	4532832	0	1228800	0	4446388	0	2240432212	20929420	13963474416	0	103752715	0	6968220	7100948	16478672	716800	0	730004	991138	716800	1061824	943527	59462144	5343368	22727748228	4114568	15559354344	0	41868824	0	1012869	0	0	0	0	4114568
2026-04-13	0	2482080	0	0	0	0	0	0	0	0	0	0	0	0	0	0	0	0	0	0	0	0	0	0	0	15709816	11732600	0	0	0	0	0	0	0	0	0	0	0	0	0	10054688	0	0	0	0	0	0	0	0	0	0	0	0	0	0	0	0	0	6229176	0	0	0	0	0	0	6101656	0	0	6734784	0	0	0	5682144	0	0	0	6850784	7240144	0	0	0	0	0	0	0	0	0	0	0	0	0	0	0	0	0	0	0	0	0	0	0	0	0	0	0	6207408	0	0	0	0	0	5988728	0	0	0	0	6015152	12002464	0	0	0	0	0	0	0	0	0	0	0	0	0	0	0	0	0	6090672	0	0	0	0	0	0	0	0	0	0	0	0	0	0	0	0	0	0	0	0	0	0	0	0	0	0	0	0	0	0	0	0	0	0	0	0	0	0	0	0	0	0	0	0	0	0	0	0	0	0	0	160000	0	0	0	0	0	0	0	0	0	0	0	0	0	0	0	0	0	0	0	0	0	0	0	0	11739232	0	0	0	0	0	15397096	0	0	0	0	0	0	0	0	0	0	0	0	0	0	0	0	0	0	0	6009224	4514912	0	5960280	0	12315152	0	0	0	0	0	5962296	0	5972792	0	0	0	0	0	0	14788128	0	0	7500480	0	0	0	7403984	0	0	0	0	0	0	0	0	0	5943688	0	5946424	0	0	0	0	0	0	0	0	0	0	0	0	0	0	0	0	0	0	0	0	0	0	0	0	0	0	0	0	0	0	0	0	0	0	0	0	0	0	0	0	0	0	0	0	0	0	0	0	0	0	0	0	0	0	0	0	0	0	0	0	0	0	0	0	0	0	0	0	0	0	0	0	0	0	0	0	0	0	0	0	0
2026-04-20	0	0	0	0	13272800	0	0	0	0	0	7685720	0	0	0	0	0	0	0	0	0	0	0	0	0	0	0	0	0	0	0	0	0	0	0	0	0	0	0	0	6982152	0	0	0	0	0	0	0	0	0	0	0	0	0	0	0	0	0	0	0	0	0	6135440	0	0	0	0	0	0	0	0	5110028	0	0	0	0	0	0	0	0	6006488	0	0	0	0	0	5234080	0	0	0	0	0	0	0	0	0	0	0	0	0	0	0	0	0	0	0	0	0	0	0	0	0	0	0	0	0	0	0	0	0	0	5958896	0	0	0	0	0	0	0	0	0	6156104	0	0	0	0	0	0	0	0	0	0	0	0	0	5773668	0	0	0	0	0	6023352	0	0	0	0	0	0	0	0	0	0	6020336	0	0	0	0	0	0	0	0	0	0	0	0	0	0	0	0	0	0	0	0	0	0	0	0	0	0	0	0	0	0	0	0	0	0	0	0	0	0	0	0	0	0	0	0	0	0	0	0	0	0	0	0	0	0	0	0	0	0	0	0	0	0	0	0	0	0	0	0	0	0	0	0	0	0	0	0	0	0	0	0	0	0	0	0	0	0	0	0	0	0	0	0	0	6025584	0	7392400	0	0	0	0	0	0	0	0	0	0	0	0	0	0	0	0	0	0	0	0	0	0	0	0	0	0	13140072	0	0	0	0	4380024	0	0	0	0	0	0	0	0	0	0	0	0	0	0	0	0	0	0	0	0	0	0	0	0	0	0	0	0	0	0	0	6017160	0	0	0	0	5951352	0	0	0	0	0	0	0	0	0	0	0	0	0	0	0	0	0	0	0	0	0	0	0	0	0	0	0	0	0	0	0	10220056
