week_start	sub-mouse-INETJ/sub-mouse-INETJ_ses-20200407-sample-10_slice-20200407-slice-1_cell-20200407-sample-10_icephys.nwb	sub-mouse-INETJ/sub-mouse-INETJ_ses-20200407-sample-11_slice-20200407-slice-4_cell-20200407-sample-11_icephys.nwb	sub-mouse-INETJ/sub-mouse-INETJ_ses-20200407-sample-12_slice-20200407-slice-4_cell-20200407-sample-12_icephys.nwb	sub-mouse-INETJ/sub-mouse-INETJ_ses-20200407-sample-13_slice-20200407-slice-5_cell-20200407-sample-13_icephys.nwb	sub-mouse-INETJ/sub-mouse-INETJ_ses-20200407-sample-14_slice-20200407-slice-5_cell-20200407-sample-14_icephys.nwb	sub-mouse-INETJ/sub-mouse-INETJ_ses-20200407-sample-15_slice-20200407-slice-5_cell-20200407-sample-15_icephys.nwb	sub-mouse-INETJ/sub-mouse-INETJ_ses-20200407-sample-16_slice-20200407-slice-5_cell-20200407-sample-16_icephys.nwb	sub-mouse-INETJ/sub-mouse-INETJ_ses-20200407-sample-18_slice-20200407-slice-5_cell-20200407-sample-18_icephys.nwb	sub-mouse-INETJ/sub-mouse-INETJ_ses-20200407-sample-19_slice-20200407-slice-5_cell-20200407-sample-19_icephys.nwb	sub-mouse-INETJ/sub-mouse-INETJ_ses-20200407-sample-1_slice-20200407-slice-1_cell-20200407-sample-1_icephys.nwb	sub-mouse-INETJ/sub-mouse-INETJ_ses-20200407-sample-20_slice-20200407-slice-5_cell-20200407-sample-20_icephys.nwb	sub-mouse-INETJ/sub-mouse-INETJ_ses-20200407-sample-21_slice-20200407-slice-5_cell-20200407-sample-21_icephys.nwb	sub-mouse-INETJ/sub-mouse-INETJ_ses-20200407-sample-22_slice-20200407-slice-5_cell-20200407-sample-22_icephys.nwb	sub-mouse-INETJ/sub-mouse-INETJ_ses-20200407-sample-23_slice-20200407-slice-5_cell-20200407-sample-23_icephys.nwb	sub-mouse-INETJ/sub-mouse-INETJ_ses-20200407-sample-24_slice-20200407-slice-5_cell-20200407-sample-24_icephys.nwb	sub-mouse-INETJ/sub-mouse-INETJ_ses-20200407-sample-25_slice-20200407-slice-5_cell-20200407-sample-25_icephys.nwb	sub-mouse-INETJ/sub-mouse-INETJ_ses-20200407-sample-26_slice-20200407-slice-5_cell-20200407-sample-26_icephys.nwb	sub-mouse-INETJ/sub-mouse-INETJ_ses-20200407-sample-2_slice-20200407-slice-1_cell-20200407-sample-2_icephys.nwb	sub-mouse-INETJ/sub-mouse-INETJ_ses-20200407-sample-3_slice-20200407-slice-1_cell-20200407-sample-3_icephys.nwb	sub-mouse-INETJ/sub-mouse-INETJ_ses-20200407-sample-4_slice-20200407-slice-1_cell-20200407-sample-4_icephys.nwb	sub-mouse-INETJ/sub-mouse-INETJ_ses-20200407-sample-5_slice-20200407-slice-1_cell-20200407-sample-5_icephys.nwb	sub-mouse-INETJ/sub-mouse-INETJ_ses-20200407-sample-6_slice-20200407-slice-1_cell-20200407-sample-6_icephys.nwb	sub-mouse-INETJ/sub-mouse-INETJ_ses-20200407-sample-7_slice-20200407-slice-1_cell-20200407-sample-7_icephys.nwb	sub-mouse-INETJ/sub-mouse-INETJ_ses-20200407-sample-8_slice-20200407-slice-1_cell-20200407-sample-8_icephys.nwb	sub-mouse-INETJ/sub-mouse-INETJ_ses-20200407-sample-9_slice-20200407-slice-1_cell-20200407-sample-9_icephys.nwb	sub-mouse-KIYRP/sub-mouse-KIYRP_ses-20200403-sample-10_slice-20200403-slice-3_cell-20200403-sample-10_icephys.nwb	sub-mouse-KIYRP/sub-mouse-KIYRP_ses-20200403-sample-11_slice-20200403-slice-3_cell-20200403-sample-11_icephys.nwb	sub-mouse-KIYRP/sub-mouse-KIYRP_ses-20200403-sample-12_slice-20200403-slice-4_cell-20200403-sample-12_icephys.nwb	sub-mouse-KIYRP/sub-mouse-KIYRP_ses-20200403-sample-13_slice-20200403-slice-4_cell-20200403-sample-13_icephys.nwb	sub-mouse-KIYRP/sub-mouse-KIYRP_ses-20200403-sample-14_slice-20200403-slice-4_cell-20200403-sample-14_icephys.nwb	sub-mouse-KIYRP/sub-mouse-KIYRP_ses-20200403-sample-16_slice-20200403-slice-4_cell-20200403-sample-16_icephys.nwb	sub-mouse-KIYRP/sub-mouse-KIYRP_ses-20200403-sample-1_slice-20200403-slice-1_cell-20200403-sample-1_icephys.nwb	sub-mouse-KIYRP/sub-mouse-KIYRP_ses-20200403-sample-2_slice-20200403-slice-1_cell-20200403-sample-2_icephys.nwb	sub-mouse-KIYRP/sub-mouse-KIYRP_ses-20200403-sample-3_slice-20200403-slice-1_cell-20200403-sample-3_icephys.nwb	sub-mouse-KIYRP/sub-mouse-KIYRP_ses-20200403-sample-4_slice-20200403-slice-1_cell-20200403-sample-4_icephys.nwb	sub-mouse-KIYRP/sub-mouse-KIYRP_ses-20200403-sample-5_slice-20200403-slice-2_cell-20200403-sample-5_icephys.nwb	sub-mouse-KIYRP/sub-mouse-KIYRP_ses-20200403-sample-6_slice-20200403-slice-2_cell-20200403-sample-6_icephys.nwb	sub-mouse-KIYRP/sub-mouse-KIYRP_ses-20200403-sample-7_slice-20200403-slice-2_cell-20200403-sample-7_icephys.nwb	sub-mouse-KIYRP/sub-mouse-KIYRP_ses-20200403-sample-8_slice-20200403-slice-2_cell-20200403-sample-8_icephys.nwb	sub-mouse-KIYRP/sub-mouse-KIYRP_ses-20200403-sample-9_slice-20200403-slice-2_cell-20200403-sample-9_icephys.nwb	sub-mouse-MITSU/sub-mouse-MITSU_ses-20200410-sample-10_slice-20200410-slice-1_cell-20200410-sample-10_icephys.nwb	sub-mouse-MITSU/sub-mouse-MITSU_ses-20200410-sample-11_slice-20200410-slice-1_cell-20200410-sample-11_icephys.nwb	sub-mouse-MITSU/sub-mouse-MITSU_ses-20200410-sample-13_slice-20200410-slice-1_cell-20200410-sample-13_icephys.nwb	sub-mouse-MITSU/sub-mouse-MITSU_ses-20200410-sample-14_slice-20200410-slice-1_cell-20200410-sample-14_icephys.nwb	sub-mouse-MITSU/sub-mouse-MITSU_ses-20200410-sample-15_slice-20200410-slice-1_cell-20200410-sample-15_icephys.nwb	sub-mouse-MITSU/sub-mouse-MITSU_ses-20200410-sample-17_slice-20200410-slice-2_cell-20200410-sample-17_icephys.nwb	sub-mouse-MITSU/sub-mouse-MITSU_ses-20200410-sample-18_slice-20200410-slice-2_cell-20200410-sample-18_icephys.nwb	sub-mouse-MITSU/sub-mouse-MITSU_ses-20200410-sample-1_slice-20200410-slice-1_cell-20200410-sample-1_icephys.nwb	sub-mouse-MITSU/sub-mouse-MITSU_ses-20200410-sample-20_slice-20200410-slice-2_cell-20200410-sample-20_icephys.nwb	sub-mouse-MITSU/sub-mouse-MITSU_ses-20200410-sample-21_slice-20200410-slice-2_cell-20200410-sample-21_icephys.nwb	sub-mouse-MITSU/sub-mouse-MITSU_ses-20200410-sample-22_slice-20200410-slice-2_cell-20200410-sample-22_icephys.nwb	sub-mouse-MITSU/sub-mouse-MITSU_ses-20200410-sample-23_slice-20200410-slice-2_cell-20200410-sample-23_icephys.nwb	sub-mouse-MITSU/sub-mouse-MITSU_ses-20200410-sample-24_slice-20200410-slice-3_cell-20200410-sample-24_icephys.nwb	sub-mouse-MITSU/sub-mouse-MITSU_ses-20200410-sample-26_slice-20200410-slice-3_cell-20200410-sample-26_icephys.nwb	sub-mouse-MITSU/sub-mouse-MITSU_ses-20200410-sample-27_slice-20200410-slice-3_cell-20200410-sample-27_icephys.nwb	sub-mouse-MITSU/sub-mouse-MITSU_ses-20200410-sample-28_slice-20200410-slice-3_cell-20200410-sample-28_icephys.nwb	sub-mouse-MITSU/sub-mouse-MITSU_ses-20200410-sample-29_slice-20200410-slice-3_cell-20200410-sample-29_icephys.nwb	sub-mouse-MITSU/sub-mouse-MITSU_ses-20200410-sample-2_slice-20200410-slice-1_cell-20200410-sample-2_icephys.nwb	sub-mouse-MITSU/sub-mouse-MITSU_ses-20200410-sample-30_slice-20200410-slice-3_cell-20200410-sample-30_icephys.nwb	sub-mouse-MITSU/sub-mouse-MITSU_ses-20200410-sample-4_slice-20200410-slice-1_cell-20200410-sample-4_icephys.nwb	sub-mouse-MITSU/sub-mouse-MITSU_ses-20200410-sample-5_slice-20200410-slice-1_cell-20200410-sample-5_icephys.nwb	sub-mouse-MITSU/sub-mouse-MITSU_ses-20200410-sample-6_slice-20200410-slice-1_cell-20200410-sample-6_icephys.nwb	sub-mouse-MITSU/sub-mouse-MITSU_ses-20200410-sample-7_slice-20200410-slice-1_cell-20200410-sample-7_icephys.nwb	sub-mouse-MITSU/sub-mouse-MITSU_ses-20200410-sample-8_slice-20200410-slice-1_cell-20200410-sample-8_icephys.nwb	sub-mouse-NDKCQ/sub-mouse-NDKCQ_ses-20200409-sample-10_slice-20200409-slice-2_cell-20200409-sample-10_icephys.nwb	sub-mouse-NDKCQ/sub-mouse-NDKCQ_ses-20200409-sample-11_slice-20200409-slice-2_cell-20200409-sample-11_icephys.nwb	sub-mouse-NDKCQ/sub-mouse-NDKCQ_ses-20200409-sample-12_slice-20200409-slice-2_cell-20200409-sample-12_icephys.nwb	sub-mouse-NDKCQ/sub-mouse-NDKCQ_ses-20200409-sample-13_slice-20200409-slice-2_cell-20200409-sample-13_icephys.nwb	sub-mouse-NDKCQ/sub-mouse-NDKCQ_ses-20200409-sample-14_slice-20200409-slice-2_cell-20200409-sample-14_icephys.nwb	sub-mouse-NDKCQ/sub-mouse-NDKCQ_ses-20200409-sample-15_slice-20200409-slice-3_cell-20200409-sample-15_icephys.nwb	sub-mouse-NDKCQ/sub-mouse-NDKCQ_ses-20200409-sample-17_slice-20200409-slice-3_cell-20200409-sample-17_icephys.nwb	sub-mouse-NDKCQ/sub-mouse-NDKCQ_ses-20200409-sample-18_slice-20200409-slice-4_cell-20200409-sample-18_icephys.nwb	sub-mouse-NDKCQ/sub-mouse-NDKCQ_ses-20200409-sample-19_slice-20200409-slice-4_cell-20200409-sample-19_icephys.nwb	sub-mouse-NDKCQ/sub-mouse-NDKCQ_ses-20200409-sample-1_slice-20200409-slice-1_cell-20200409-sample-1_icephys.nwb	sub-mouse-NDKCQ/sub-mouse-NDKCQ_ses-20200409-sample-20_slice-20200409-slice-4_cell-20200409-sample-20_icephys.nwb	sub-mouse-NDKCQ/sub-mouse-NDKCQ_ses-20200409-sample-2_slice-20200409-slice-1_cell-20200409-sample-2_icephys.nwb	sub-mouse-NDKCQ/sub-mouse-NDKCQ_ses-20200409-sample-3_slice-20200409-slice-1_cell-20200409-sample-3_icephys.nwb	sub-mouse-NDKCQ/sub-mouse-NDKCQ_ses-20200409-sample-4_slice-20200409-slice-1_cell-20200409-sample-4_icephys.nwb	sub-mouse-NDKCQ/sub-mouse-NDKCQ_ses-20200409-sample-5_slice-20200409-slice-1_cell-20200409-sample-5_icephys.nwb	sub-mouse-NDKCQ/sub-mouse-NDKCQ_ses-20200409-sample-6_slice-20200409-slice-1_cell-20200409-sample-6_icephys.nwb	sub-mouse-NDKCQ/sub-mouse-NDKCQ_ses-20200409-sample-7_slice-20200409-slice-1_cell-20200409-sample-7_icephys.nwb	sub-mouse-NDKCQ/sub-mouse-NDKCQ_ses-20200409-sample-8_slice-20200409-slice-1_cell-20200409-sample-8_icephys.nwb	sub-mouse-NDKCQ/sub-mouse-NDKCQ_ses-20200409-sample-9_slice-20200409-slice-1_cell-20200409-sample-9_icephys.nwb	sub-mouse-SCEAC/sub-mouse-SCEAC_ses-20200414-sample-10_slice-20200414-slice-2_cell-20200414-sample-10_icephys.nwb	sub-mouse-SCEAC/sub-mouse-SCEAC_ses-20200414-sample-11_slice-20200414-slice-2_cell-20200414-sample-11_icephys.nwb	sub-mouse-SCEAC/sub-mouse-SCEAC_ses-20200414-sample-12_slice-20200414-slice-3_cell-20200414-sample-12_icephys.nwb	sub-mouse-SCEAC/sub-mouse-SCEAC_ses-20200414-sample-13_slice-20200414-slice-3_cell-20200414-sample-13_icephys.nwb	sub-mouse-SCEAC/sub-mouse-SCEAC_ses-20200414-sample-14_slice-20200414-slice-3_cell-20200414-sample-14_icephys.nwb	sub-mouse-SCEAC/sub-mouse-SCEAC_ses-20200414-sample-15_slice-20200414-slice-3_cell-20200414-sample-15_icephys.nwb	sub-mouse-SCEAC/sub-mouse-SCEAC_ses-20200414-sample-16_slice-20200414-slice-3_cell-20200414-sample-16_icephys.nwb	sub-mouse-SCEAC/sub-mouse-SCEAC_ses-20200414-sample-17_slice-20200414-slice-3_cell-20200414-sample-17_icephys.nwb	sub-mouse-SCEAC/sub-mouse-SCEAC_ses-20200414-sample-18_slice-20200414-slice-3_cell-20200414-sample-18_icephys.nwb	sub-mouse-SCEAC/sub-mouse-SCEAC_ses-20200414-sample-19_slice-20200414-slice-3_cell-20200414-sample-19_icephys.nwb	sub-mouse-SCEAC/sub-mouse-SCEAC_ses-20200414-sample-1_slice-20200414-slice-1_cell-20200414-sample-1_icephys.nwb	sub-mouse-SCEAC/sub-mouse-SCEAC_ses-20200414-sample-21_slice-20200414-slice-3_cell-20200414-sample-21_icephys.nwb	sub-mouse-SCEAC/sub-mouse-SCEAC_ses-20200414-sample-22_slice-20200414-slice-3_cell-20200414-sample-22_icephys.nwb	sub-mouse-SCEAC/sub-mouse-SCEAC_ses-20200414-sample-23_slice-20200414-slice-3_cell-20200414-sample-23_icephys.nwb	sub-mouse-SCEAC/sub-mouse-SCEAC_ses-20200414-sample-24_slice-20200414-slice-3_cell-20200414-sample-24_icephys.nwb	sub-mouse-SCEAC/sub-mouse-SCEAC_ses-20200414-sample-25_slice-20200414-slice-3_cell-20200414-sample-25_icephys.nwb	sub-mouse-SCEAC/sub-mouse-SCEAC_ses-20200414-sample-26_slice-20200414-slice-3_cell-20200414-sample-26_icephys.nwb	sub-mouse-SCEAC/sub-mouse-SCEAC_ses-20200414-sample-27_slice-20200414-slice-3_cell-20200414-sample-27_icephys.nwb	sub-mouse-SCEAC/sub-mouse-SCEAC_ses-20200414-sample-2_slice-20200414-slice-1_cell-20200414-sample-2_icephys.nwb	sub-mouse-SCEAC/sub-mouse-SCEAC_ses-20200414-sample-3_slice-20200414-slice-1_cell-20200414-sample-3_icephys.nwb	sub-mouse-SCEAC/sub-mouse-SCEAC_ses-20200414-sample-4_slice-20200414-slice-1_cell-20200414-sample-4_icephys.nwb	sub-mouse-SCEAC/sub-mouse-SCEAC_ses-20200414-sample-5_slice-20200414-slice-2_cell-20200414-sample-5_icephys.nwb	sub-mouse-SCEAC/sub-mouse-SCEAC_ses-20200414-sample-6_slice-20200414-slice-2_cell-20200414-sample-6_icephys.nwb	sub-mouse-SCEAC/sub-mouse-SCEAC_ses-20200414-sample-7_slice-20200414-slice-2_cell-20200414-sample-7_icephys.nwb	sub-mouse-SCEAC/sub-mouse-SCEAC_ses-20200414-sample-8_slice-20200414-slice-2_cell-20200414-sample-8_icephys.nwb	sub-mouse-SCEAC/sub-mouse-SCEAC_ses-20200414-sample-9_slice-20200414-slice-2_cell-20200414-sample-9_icephys.nwb	sub-mouse-UEQOU/sub-mouse-UEQOU_ses-20200413-sample-10_slice-20200413-slice-2_cell-20200413-sample-10_icephys.nwb	sub-mouse-UEQOU/sub-mouse-UEQOU_ses-20200413-sample-11_slice-20200413-slice-2_cell-20200413-sample-11_icephys.nwb	sub-mouse-UEQOU/sub-mouse-UEQOU_ses-20200413-sample-12_slice-20200413-slice-2_cell-20200413-sample-12_icephys.nwb	sub-mouse-UEQOU/sub-mouse-UEQOU_ses-20200413-sample-13_slice-20200413-slice-2_cell-20200413-sample-13_icephys.nwb	sub-mouse-UEQOU/sub-mouse-UEQOU_ses-20200413-sample-14_slice-20200413-slice-2_cell-20200413-sample-14_icephys.nwb	sub-mouse-UEQOU/sub-mouse-UEQOU_ses-20200413-sample-15_slice-20200413-slice-2_cell-20200413-sample-15_icephys.nwb	sub-mouse-UEQOU/sub-mouse-UEQOU_ses-20200413-sample-16_slice-20200413-slice-2_cell-20200413-sample-16_icephys.nwb	sub-mouse-UEQOU/sub-mouse-UEQOU_ses-20200413-sample-17_slice-20200413-slice-2_cell-20200413-sample-17_icephys.nwb	sub-mouse-UEQOU/sub-mouse-UEQOU_ses-20200413-sample-18_slice-20200413-slice-2_cell-20200413-sample-18_icephys.nwb	sub-mouse-UEQOU/sub-mouse-UEQOU_ses-20200413-sample-19_slice-20200413-slice-2_cell-20200413-sample-19_icephys.nwb	sub-mouse-UEQOU/sub-mouse-UEQOU_ses-20200413-sample-1_slice-20200413-slice-1_cell-20200413-sample-1_icephys.nwb	sub-mouse-UEQOU/sub-mouse-UEQOU_ses-20200413-sample-20_slice-20200413-slice-3_cell-20200413-sample-20_icephys.nwb	sub-mouse-UEQOU/sub-mouse-UEQOU_ses-20200413-sample-21_slice-20200413-slice-3_cell-20200413-sample-21_icephys.nwb	sub-mouse-UEQOU/sub-mouse-UEQOU_ses-20200413-sample-22_slice-20200413-slice-3_cell-20200413-sample-22_icephys.nwb	sub-mouse-UEQOU/sub-mouse-UEQOU_ses-20200413-sample-23_slice-20200413-slice-3_cell-20200413-sample-23_icephys.nwb	sub-mouse-UEQOU/sub-mouse-UEQOU_ses-20200413-sample-2_slice-20200413-slice-1_cell-20200413-sample-2_icephys.nwb	sub-mouse-UEQOU/sub-mouse-UEQOU_ses-20200413-sample-3_slice-20200413-slice-1_cell-20200413-sample-3_icephys.nwb	sub-mouse-UEQOU/sub-mouse-UEQOU_ses-20200413-sample-4_slice-20200413-slice-1_cell-20200413-sample-4_icephys.nwb	sub-mouse-UEQOU/sub-mouse-UEQOU_ses-20200413-sample-5_slice-20200413-slice-1_cell-20200413-sample-5_icephys.nwb	sub-mouse-UEQOU/sub-mouse-UEQOU_ses-20200413-sample-6_slice-20200413-slice-1_cell-20200413-sample-6_icephys.nwb	sub-mouse-UEQOU/sub-mouse-UEQOU_ses-20200413-sample-7_slice-20200413-slice-2_cell-20200413-sample-7_icephys.nwb	sub-mouse-UEQOU/sub-mouse-UEQOU_ses-20200413-sample-8_slice-20200413-slice-2_cell-20200413-sample-8_icephys.nwb	sub-mouse-UEQOU/sub-mouse-UEQOU_ses-20200413-sample-9_slice-20200413-slice-2_cell-20200413-sample-9_icephys.nwb	sub-mouse-WPOGH/sub-mouse-WPOGH_ses-20200406-sample-10_slice-20200406-slice-3_cell-20200406-sample-10_icephys.nwb	sub-mouse-WPOGH/sub-mouse-WPOGH_ses-20200406-sample-11_slice-20200406-slice-3_cell-20200406-sample-11_icephys.nwb	sub-mouse-WPOGH/sub-mouse-WPOGH_ses-20200406-sample-12_slice-20200406-slice-4_cell-20200406-sample-12_icephys.nwb	sub-mouse-WPOGH/sub-mouse-WPOGH_ses-20200406-sample-13_slice-20200406-slice-4_cell-20200406-sample-13_icephys.nwb	sub-mouse-WPOGH/sub-mouse-WPOGH_ses-20200406-sample-15_slice-20200406-slice-4_cell-20200406-sample-15_icephys.nwb	sub-mouse-WPOGH/sub-mouse-WPOGH_ses-20200406-sample-16_slice-20200406-slice-4_cell-20200406-sample-16_icephys.nwb	sub-mouse-WPOGH/sub-mouse-WPOGH_ses-20200406-sample-17_slice-20200406-slice-4_cell-20200406-sample-17_icephys.nwb	sub-mouse-WPOGH/sub-mouse-WPOGH_ses-20200406-sample-19_slice-20200406-slice-4_cell-20200406-sample-19_icephys.nwb	sub-mouse-WPOGH/sub-mouse-WPOGH_ses-20200406-sample-1_slice-20200406-slice-1_cell-20200406-sample-1_icephys.nwb	sub-mouse-WPOGH/sub-mouse-WPOGH_ses-20200406-sample-20_slice-20200406-slice-4_cell-20200406-sample-20_icephys.nwb	sub-mouse-WPOGH/sub-mouse-WPOGH_ses-20200406-sample-21_slice-20200406-slice-4_cell-20200406-sample-21_icephys.nwb	sub-mouse-WPOGH/sub-mouse-WPOGH_ses-20200406-sample-22_slice-20200406-slice-4_cell-20200406-sample-22_icephys.nwb	sub-mouse-WPOGH/sub-mouse-WPOGH_ses-20200406-sample-23_slice-20200406-slice-4_cell-20200406-sample-23_icephys.nwb	sub-mouse-WPOGH/sub-mouse-WPOGH_ses-20200406-sample-24_slice-20200406-slice-4_cell-20200406-sample-24_icephys.nwb	sub-mouse-WPOGH/sub-mouse-WPOGH_ses-20200406-sample-25_slice-20200406-slice-5_cell-20200406-sample-25_icephys.nwb	sub-mouse-WPOGH/sub-mouse-WPOGH_ses-20200406-sample-27_slice-20200406-slice-5_cell-20200406-sample-27_icephys.nwb	sub-mouse-WPOGH/sub-mouse-WPOGH_ses-20200406-sample-28_slice-20200406-slice-6_cell-20200406-sample-28_icephys.nwb	sub-mouse-WPOGH/sub-mouse-WPOGH_ses-20200406-sample-29_slice-20200406-slice-6_cell-20200406-sample-29_icephys.nwb	sub-mouse-WPOGH/sub-mouse-WPOGH_ses-20200406-sample-2_slice-20200406-slice-1_cell-20200406-sample-2_icephys.nwb	sub-mouse-WPOGH/sub-mouse-WPOGH_ses-20200406-sample-30_slice-20200406-slice-6_cell-20200406-sample-30_icephys.nwb	sub-mouse-WPOGH/sub-mouse-WPOGH_ses-20200406-sample-31_slice-20200406-slice-6_cell-20200406-sample-31_icephys.nwb	sub-mouse-WPOGH/sub-mouse-WPOGH_ses-20200406-sample-32_slice-20200406-slice-6_cell-20200406-sample-32_icephys.nwb	sub-mouse-WPOGH/sub-mouse-WPOGH_ses-20200406-sample-3_slice-20200406-slice-1_cell-20200406-sample-3_icephys.nwb	sub-mouse-WPOGH/sub-mouse-WPOGH_ses-20200406-sample-4_slice-20200406-slice-2_cell-20200406-sample-4_icephys.nwb	sub-mouse-WPOGH/sub-mouse-WPOGH_ses-20200406-sample-5_slice-20200406-slice-2_cell-20200406-sample-5_icephys.nwb	sub-mouse-WPOGH/sub-mouse-WPOGH_ses-20200406-sample-6_slice-20200406-slice-2_cell-20200406-sample-6_icephys.nwb	sub-mouse-WPOGH/sub-mouse-WPOGH_ses-20200406-sample-7_slice-20200406-slice-2_cell-20200406-sample-7_icephys.nwb	sub-mouse-ZUDOB/sub-mouse-ZUDOB_ses-20200408-sample-11_slice-20200408-slice-3_cell-20200408-sample-11_icephys.nwb	sub-mouse-ZUDOB/sub-mouse-ZUDOB_ses-20200408-sample-12_slice-20200408-slice-3_cell-20200408-sample-12_icephys.nwb	sub-mouse-ZUDOB/sub-mouse-ZUDOB_ses-20200408-sample-13_slice-20200408-slice-3_cell-20200408-sample-13_icephys.nwb	sub-mouse-ZUDOB/sub-mouse-ZUDOB_ses-20200408-sample-14_slice-20200408-slice-3_cell-20200408-sample-14_icephys.nwb	sub-mouse-ZUDOB/sub-mouse-ZUDOB_ses-20200408-sample-15_slice-20200408-slice-3_cell-20200408-sample-15_icephys.nwb	sub-mouse-ZUDOB/sub-mouse-ZUDOB_ses-20200408-sample-16_slice-20200408-slice-3_cell-20200408-sample-16_icephys.nwb	sub-mouse-ZUDOB/sub-mouse-ZUDOB_ses-20200408-sample-17_slice-20200408-slice-3_cell-20200408-sample-17_icephys.nwb	sub-mouse-ZUDOB/sub-mouse-ZUDOB_ses-20200408-sample-18_slice-20200408-slice-4_cell-20200408-sample-18_icephys.nwb	sub-mouse-ZUDOB/sub-mouse-ZUDOB_ses-20200408-sample-19_slice-20200408-slice-4_cell-20200408-sample-19_icephys.nwb	sub-mouse-ZUDOB/sub-mouse-ZUDOB_ses-20200408-sample-1_slice-20200408-slice-1_cell-20200408-sample-1_icephys.nwb	sub-mouse-ZUDOB/sub-mouse-ZUDOB_ses-20200408-sample-20_slice-20200408-slice-4_cell-20200408-sample-20_icephys.nwb	sub-mouse-ZUDOB/sub-mouse-ZUDOB_ses-20200408-sample-21_slice-20200408-slice-4_cell-20200408-sample-21_icephys.nwb	sub-mouse-ZUDOB/sub-mouse-ZUDOB_ses-20200408-sample-23_slice-20200408-slice-4_cell-20200408-sample-23_icephys.nwb	sub-mouse-ZUDOB/sub-mouse-ZUDOB_ses-20200408-sample-24_slice-20200408-slice-4_cell-20200408-sample-24_icephys.nwb	sub-mouse-ZUDOB/sub-mouse-ZUDOB_ses-20200408-sample-25_slice-20200408-slice-4_cell-20200408-sample-25_icephys.nwb	sub-mouse-ZUDOB/sub-mouse-ZUDOB_ses-20200408-sample-26_slice-20200408-slice-4_cell-20200408-sample-26_icephys.nwb	sub-mouse-ZUDOB/sub-mouse-ZUDOB_ses-20200408-sample-27_slice-20200408-slice-4_cell-20200408-sample-27_icephys.nwb	sub-mouse-ZUDOB/sub-mouse-ZUDOB_ses-20200408-sample-28_slice-20200408-slice-4_cell-20200408-sample-28_icephys.nwb	sub-mouse-ZUDOB/sub-mouse-ZUDOB_ses-20200408-sample-2_slice-20200408-slice-1_cell-20200408-sample-2_icephys.nwb	sub-mouse-ZUDOB/sub-mouse-ZUDOB_ses-20200408-sample-3_slice-20200408-slice-1_cell-20200408-sample-3_icephys.nwb	sub-mouse-ZUDOB/sub-mouse-ZUDOB_ses-20200408-sample-4_slice-20200408-slice-2_cell-20200408-sample-4_icephys.nwb	sub-mouse-ZUDOB/sub-mouse-ZUDOB_ses-20200408-sample-5_slice-20200408-slice-2_cell-20200408-sample-5_icephys.nwb	sub-mouse-ZUDOB/sub-mouse-ZUDOB_ses-20200408-sample-6_slice-20200408-slice-2_cell-20200408-sample-6_icephys.nwb	sub-mouse-ZUDOB/sub-mouse-ZUDOB_ses-20200408-sample-7_slice-20200408-slice-2_cell-20200408-sample-7_icephys.nwb	sub-mouse-ZUDOB/sub-mouse-ZUDOB_ses-20200408-sample-8_slice-20200408-slice-3_cell-20200408-sample-8_icephys.nwb	sub-mouse-ZUDOB/sub-mouse-ZUDOB_ses-20200408-sample-9_slice-20200408-slice-3_cell-20200408-sample-9_icephys.nwb
2021-10-11	18531954	8388608	8484586	6241248	1210904	1110161	9378125	6846509	16777216	5842136	0	8388608	9151518	924694	8388608	1101420	887268	6187799	278803	18868028	8388608	8388608	990358	7794555	8609767	9328163	949531	8388608	0	9114097	8388608	9310063	8388608	744069	0	973814	1009545	8388608	1178349	0	9194087	838108	8388608	779271	8388608	0	698235	8388608	617510	8388608	8388608	9184579	682413	8388608	400695	989258	5693296	9196487	8388608	610472	8388608	0	952799	851789	9483498	0	9749509	9389362	6399325	9475993	6814468	9504552	9445318	9542964	9517446	6406297	9365893	9555927	9520997	9643648	0	9371575	7052536	0	8388608	0	8388608	742741	8388608	8388608	0	9007305	8388608	800243	8388608	8388608	8916677	838804	9088120	6473339	1000474	8388608	0	932807	0	0	8388608	951960	8388608	8388608	1822637	8388608	0	1868805	8388608	213852	1643154	8388608	8388608	8388608	6778951	16777216	8388608	9234402	526705	8388608	479316	993812	8388608	8388608	10325543	0	0	8388608	4629814	0	9529609	9294759	0	9534734	9284519	0	0	9255857	0	9307366	992055	1079687	8388608	9292615	0	0	0	8388608	9318761	766901	0	9383530	0	9180926	1125664	9572705	9178339	9760941	1062386	8388608	9463804	8388608	8388608	799571	958540	9326662	1056295	9636262	9270437	0	9150244	9207780	8388608	9371660	962134	8388608	9389238	9554661	7752435
2021-10-18	0	0	0	0	0	0	0	0	0	0	0	0	0	0	0	0	0	6187799	0	0	0	0	0	0	0	0	0	0	0	0	0	0	0	0	0	0	0	0	0	0	0	0	0	0	0	0	0	0	0	0	0	0	0	0	0	0	0	7000933	0	0	0	6263797	0	0	0	0	0	0	0	0	0	0	0	7366404	0	0	0	0	0	0	0	0	0	0	0	0	0	6702764	0	0	0	0	0	0	0	0	0	0	0	0	0	0	6968220	0	0	0	0	0	0	0	0	0	6636400	0	0	0	0	0	0	0	0	0	0	0	0	0	0	0	0	0	0	0	0	0	0	0	0	6769128	0	0	0	0	0	0	0	0	0	0	0	0	0	0	0	0	0	0	0	0	0	0	0	0	0	0	0	0	0	0	0	0	0	0	0	0	0	0	0	0	0	0	0	0	0	0	0
2021-11-01	37063908	0	0	0	0	0	0	0	0	0	0	0	0	0	0	0	0	0	0	0	0	0	0	0	0	0	0	0	0	0	0	0	0	0	0	0	0	0	0	0	0	0	0	0	0	0	0	0	0	0	0	0	0	0	0	0	0	0	0	0	0	0	0	0	0	0	0	0	0	0	0	0	0	0	9517446	0	0	0	0	0	0	0	0	0	0	0	0	0	0	0	0	0	0	0	0	0	0	0	0	0	0	0	0	0	0	0	0	0	0	0	0	0	0	0	0	0	0	0	0	0	0	0	0	0	0	0	0	0	0	0	0	0	0	0	0	0	0	0	0	0	0	0	0	0	0	0	0	0	0	0	0	0	0	0	0	0	0	0	0	0	0	0	0	0	0	0	0	0	0	0	0	0	0	0	0	0	0	0	0	0	0	0	0	0	0
2021-12-13	9265977	0	8484586	0	0	0	0	0	0	0	0	0	0	0	0	0	0	0	0	0	0	0	0	0	0	0	0	0	0	0	0	0	0	0	0	0	0	0	0	0	0	0	0	0	0	0	0	0	0	0	0	0	0	0	0	0	0	0	0	0	0	0	0	0	0	0	0	0	0	0	0	0	0	0	0	0	0	0	0	0	0	0	0	0	0	0	0	0	0	0	0	0	0	0	0	0	0	0	0	0	0	0	0	0	0	0	0	0	0	0	0	0	0	0	0	0	0	0	0	0	0	0	0	0	0	0	0	0	0	0	0	0	0	0	0	0	0	0	0	0	0	0	0	0	0	0	0	0	0	0	0	0	0	0	0	0	0	0	0	0	0	0	0	0	0	0	0	0	0	0	0	0	0	0	0	0	0	0	0	0	0	0	0	0	0
2022-01-10	9265977	9477616	8484586	0	9599512	9498769	0	6846509	8435000	0	7658452	9439140	9151518	9313302	9637808	9490028	9275876	6187799	0	9434014	8683141	9301389	9378966	7794555	8609767	9328163	0	9445459	0	9114097	8974810	9310063	9293301	0	0	0	9398153	9121187	0	9304021	0	0	0	0	8833646	0	9086843	0	9006118	0	9191650	0	9071021	0	8789303	0	0	9196487	0	0	9184711	0	0	9240397	9483498	9570530	9749509	9389362	6399325	9475993	6814468	9504552	9445318	0	0	6406297	0	9555927	9520997	9643648	9381606	0	7052536	9369386	9224811	9232021	9265471	0	0	0	0	9007305	0	9188851	0	0	8916677	9227412	9088120	6473339	9389082	9289036	9103933	9321415	9221903	9123083	9282451	9340568	0	0	10211245	9287987	8304443	0	9085859	0	10031762	10575697	9390411	8830282	6778951	9217002	9182271	9234402	8915313	9067399	8867924	9382420	9237423	9102821	10325543	8209944	0	9332408	0	0	0	0	0	0	0	9414815	5050184	9255857	0	0	9380663	9468295	9338967	0	9458837	7757219	0	9604676	0	9155509	9278841	9383530	9303933	0	9514272	0	9178339	9760941	9450994	9471396	9463804	9259997	0	9188179	9347148	9326662	9444903	9636262	9270437	0	9150244	0	0	9371660	9350742	9352193	9389238	9554661	7752435
2022-01-24	9265977	9477616	8484586	6241248	9599512	9498769	9378125	6846509	8435000	5842136	7658452	9439140	9151518	9313302	9637808	9490028	9275876	6187799	8667411	9434014	8683141	9301389	9378966	7794555	8609767	9328163	9338139	9445459	9185058	9114097	8974810	9310063	9293301	9132677	9315451	9362422	9398153	9121187	9566957	9304021	9194087	9226716	8967457	9167879	8833646	7222550	9086843	9051273	9006118	9018497	9191650	9184579	9071021	9068270	8789303	9377866	5693296	9196487	9233747	8999080	9184711	6263797	9341407	9240397	9483498	9570530	9749509	9389362	6399325	9475993	6814468	9504552	9445318	9542964	9517446	6406297	9365893	9555927	9520997	9643648	9381606	9371575	7052536	9369386	9224811	9232021	9265471	9131349	9264106	9241224	9303971	9007305	9167846	9188851	9136034	9446944	8916677	9227412	9088120	6473339	9389082	9289036	9103933	9321415	9221903	9123083	9282451	9340568	9531288	9597961	0	9287987	8304443	0	9085859	8602460	10031762	0	9390411	8830282	6778951	0	0	9234402	8915313	9067399	0	9382420	9237423	9102821	10325543	0	9348832	9332408	4629814	6108548	9529609	9294759	8282033	9534734	9284519	9414815	5050184	9255857	8983363	9307366	9380663	9468295	9338967	9292615	9458837	7757219	9276423	9604676	9318761	9155509	9278841	9383530	9303933	9180926	9514272	9572705	9178339	9760941	9450994	9471396	9463804	9259997	9234158	9188179	9347148	9326662	9444903	9636262	9270437	2859741	9150244	9207780	9432445	9371660	9350742	9352193	9389238	9554661	7752435
2022-02-07	0	0	8484586	0	9599512	0	0	0	0	0	7658452	0	0	9313302	0	0	0	6187799	0	0	0	18602778	28136898	0	0	0	9338139	0	0	0	0	0	0	0	0	0	0	0	0	0	0	0	0	0	0	0	0	0	0	0	0	9184579	9071021	0	0	0	0	0	0	0	0	0	9341407	0	9483498	0	0	0	12798650	0	0	0	0	9542964	9517446	0	9365893	0	0	0	9381606	0	0	0	0	0	0	0	0	0	0	0	0	9188851	18272068	0	0	0	0	0	0	0	0	0	0	0	9282451	0	0	0	0	0	33217772	0	0	8602460	0	0	0	17660564	0	0	0	0	8915313	0	0	0	9237423	0	0	0	0	0	4629814	6108548	9529609	0	16564066	0	0	0	0	0	0	0	0	0	0	0	0	0	0	0	0	0	27836523	0	0	0	0	0	0	19521882	0	0	0	0	0	0	0	0	0	0	0	0	18300488	0	0	0	0	18704386	0	9554661	0
2022-02-14	0	0	0	0	0	0	0	0	0	0	0	0	0	0	0	0	0	0	0	0	0	0	0	0	0	0	0	0	0	0	0	0	0	0	0	0	0	0	0	0	0	0	0	0	0	0	0	0	0	0	0	0	0	0	0	0	0	0	0	0	0	0	0	0	0	0	0	0	0	0	0	0	0	0	0	0	0	0	0	0	0	0	0	0	0	0	0	0	0	0	0	0	0	0	0	0	0	0	0	0	0	0	0	0	0	0	0	0	0	0	0	0	0	0	0	0	0	0	0	0	0	0	0	0	0	0	0	0	0	0	0	0	0	0	0	0	0	0	0	0	0	0	0	0	0	0	0	0	0	0	0	0	0	0	0	0	2103280	0	0	0	0	0	0	0	0	0	0	0	0	0	0	0	0	0	0	0	0	0	0	0	0	0	0	0	0
2022-03-07	0	0	0	0	0	0	0	0	0	0	0	0	0	0	0	0	0	0	0	0	0	0	0	0	0	9328163	0	0	0	0	0	0	0	0	0	0	0	0	0	0	0	0	0	0	0	0	0	0	0	0	0	0	0	0	0	0	0	0	0	0	0	0	0	0	0	0	0	0	0	0	0	0	0	0	0	0	0	0	0	0	0	0	0	0	0	0	0	0	0	0	0	0	0	0	0	0	0	0	0	0	0	0	0	0	0	0	0	0	0	0	0	0	0	0	0	0	0	0	0	0	0	0	0	0	0	0	0	0	0	0	0	0	0	0	0	0	0	0	0	0	0	0	0	0	0	0	0	0	0	0	0	0	0	0	0	0	0	0	0	0	0	0	0	0	0	0	0	0	0	0	0	0	0	0	0	0	0	0	0	0	0	0	0	0	0
2022-03-21	0	0	16969172	0	0	9498769	9378125	0	0	5842136	0	18878280	0	0	0	0	18551752	0	0	0	0	18602778	18757932	7794555	0	9328163	18676278	0	18370116	0	8974810	0	0	0	0	0	0	9121187	0	0	18388174	0	0	18335758	0	14445100	0	0	0	9018497	0	0	0	18136540	8789303	0	0	0	0	0	0	0	9341407	0	0	0	0	0	6399325	9475993	0	0	0	0	0	0	0	19111854	0	19287296	9381606	0	14105072	0	0	0	0	0	9264106	0	0	0	0	0	9136034	9446944	0	18454824	0	6473339	0	0	0	9321415	18443806	0	0	18681136	0	0	0	9287987	0	10257413	9085859	0	10031762	0	0	8830282	0	9217002	9182271	0	8915313	9067399	8867924	0	18474846	0	20651086	8209944	0	9332408	0	12217096	0	0	0	0	0	0	0	0	8983363	0	0	18936590	9338967	0	0	0	0	19209352	0	0	9278841	18767060	0	0	0	0	0	9760941	18901988	0	9463804	0	0	0	0	0	9444903	0	9270437	0	0	0	18864890	0	0	9352193	18778476	0	15504870
2022-04-11	770240	1182224	586640	753120	513664	885848	1185136	856016	1720136	446624	792552	1856520	809552	579760	1368568	978128	1052824	777104	712784	914880	1570624	831168	537440	442896	748440	1601408	1652200	1791400	1610264	1842152	1589976	1623592	1568184	1567024	1599416	1628864	1982440	1828896	1916424	1610072	1277536	1326488	905688	1000208	1300096	939472	945280	1204520	1682944	1383520	1429296	1183336	1370736	1340248	1530968	1262992	841552	1254792	1322016	1269632	1296784	1229032	1105640	1320736	1542840	642384	657520	1345160	1037040	797640	1391296	778720	1465496	1765576	808608	1373792	1098536	732576	554824	1221856	1078112	756960	1562848	838664	1254568	1388912	927992	971080	903208	1150480	808272	775952	1383816	1009816	1124040	1215120	836960	1265432	961416	482288	1331648	1135392	1084920	1019952	917360	868312	920864	1026904	760328	883136	809808	1100208	750408	855208	640832	770128	849704	875496	495920	1116320	657096	650632	905928	564472	630640	634768	687264	743968	970464	494512	962768	559624	1606632	1498208	856768	1803280	1814088	1657648	1630136	1276688	1447552	1972784	1624840	1685776	1908968	2218160	1409808	1658088	1429240	1623768	1591760	2021880	1690056	1767360	1961144	1810776	2400904	1670792	1653504	1381352	1987832	1796784	2100376	1946224	1446664	1790464	1880056	1614544	1843544	1766960	1609424	1862336	1956328	1757184	1512376	663536	1897712	1842472	1549272	1577896	1703696	1526128	2001760	1738088	1252424
2022-04-25	9265977	9477616	0	6241248	9599512	9498769	9378125	6846509	0	5842136	7658452	9439140	9151518	9313302	0	0	9275876	6187799	8667411	9434014	8683141	9301389	9378966	0	8609767	9328163	0	9445459	0	9114097	8974810	9310063	0	9132677	9315451	9362422	9398153	9121187	9566957	9304021	9194087	9226716	8967457	9167879	8833646	7222550	9086843	9051273	9006118	0	9191650	9184579	9071021	9068270	0	9377866	5693296	9196487	9233747	8999080	9184711	0	9341407	0	9483498	9570530	9749509	0	6399325	9475993	0	0	9445318	0	9517446	0	9365893	9555927	0	9643648	9381606	9371575	7052536	9369386	0	0	9265471	9131349	9264106	9241224	0	9007305	9167846	9188851	9136034	9446944	8916677	9227412	9088120	6473339	9389082	9289036	9103933	9321415	9221903	9123083	9282451	0	9531288	0	10211245	0	8304443	10257413	9085859	8602460	10031762	10575697	9390411	8830282	0	9217002	9182271	0	8915313	9067399	8867924	9382420	9237423	0	10325543	8209944	9348832	0	0	6108548	9529609	9294759	0	9534734	9284519	9414815	5050184	9255857	8983363	9307366	9380663	0	9338967	9292615	9458837	0	9276423	9604676	9318761	9155509	9676185	0	9303933	9180926	9514272	9572705	9178339	9760941	9450994	9471396	9463804	9259997	9234158	0	9347148	9326662	9444903	9636262	9270437	2859741	9150244	0	9432445	9371660	9350742	9352193	9389238	9554661	0
2022-05-02	0	9477616	8484586	6241248	9599512	9498769	9378125	6846509	8435000	5842136	7658452	9439140	9151518	0	0	9490028	9275876	6187799	8667411	0	0	9301389	9378966	7794555	8609767	0	9338139	0	0	9114097	0	0	0	9132677	0	0	0	0	9566957	9304021	9194087	0	0	9167879	0	0	0	9051273	0	0	0	0	0	0	8789303	0	5693296	0	9233747	0	0	0	9341407	0	9483498	0	0	9389362	0	0	6814468	9504552	9445318	9542964	9517446	6406297	9365893	9555927	9520997	9643648	9381606	9371575	7052536	0	9224811	0	0	0	9264106	0	9303971	9007305	0	0	0	0	8916677	0	9088120	6473339	0	0	0	9321415	9221903	9123083	9282451	9340568	9531288	9597961	10211245	9287987	8304443	0	9085859	8602460	10031762	10575697	9390411	8830282	6778951	9217002	9182271	9234402	8915313	0	8867924	0	9237423	0	10325543	8209944	9348832	0	0	0	9529609	9294759	0	0	0	0	5050184	0	0	0	0	0	0	0	0	7757219	9276423	0	0	0	0	9383530	9303933	9180926	9514272	9572705	9178339	0	9450994	9471396	9463804	9259997	9234158	9188179	9347148	9326662	9444903	0	9270437	2859741	9150244	9207780	9432445	0	9350742	9352193	9389238	9554661	7752435
2022-05-16	0	18955232	8484586	0	19199024	18997538	0	0	0	5842136	0	0	9151518	0	9637808	0	0	6187799	8667411	0	8683141	9301389	9378966	7794555	0	0	9338139	0	0	0	0	9310063	9293301	9132677	0	9362422	0	0	0	9304021	9194087	0	0	0	0	0	9086843	9051273	9006118	0	9191650	0	0	0	0	0	0	0	0	0	0	0	9341407	9240397	0	0	0	9389362	0	9475993	13628936	0	0	19085928	0	0	0	0	0	9643648	9381606	9371575	0	9369386	0	0	0	18262698	0	0	0	0	9167846	9188851	0	9446944	8916677	0	9088120	6473339	0	9289036	0	0	0	9123083	0	0	0	0	0	0	0	0	0	0	0	0	0	8830282	6778951	9217002	0	9234402	8915313	0	0	9382420	0	0	0	8209944	0	0	4629814	6108548	0	0	8282033	9534734	9284519	0	0	0	0	0	0	9468295	0	0	0	0	9276423	0	9318761	0	799960	9383530	0	0	0	0	0	19521882	0	0	0	0	0	0	0	0	18889806	0	18540874	0	0	0	9432445	0	0	18704386	0	0	0
2022-05-30	9265977	0	0	6241248	9599512	0	9378125	6846509	8435000	0	7658452	0	9151518	9313302	0	9490028	9275876	6187799	0	9434014	0	9301389	9378966	0	8609767	9328163	9338139	0	9185058	9114097	0	9310063	9293301	0	9315451	0	9398153	9121187	9566957	0	9194087	9226716	8967457	9167879	8833646	7222550	9086843	9051273	9006118	9018497	9191650	9184579	9071021	9068270	8789303	9377866	5693296	9196487	9233747	8999080	9184711	6263797	9341407	9240397	9483498	9570530	9749509	0	6399325	9475993	6814468	9504552	9445318	9542964	9517446	0	9365893	9555927	9520997	9643648	9381606	9371575	7052536	9369386	9224811	9232021	9265471	9131349	9264106	9241224	9303971	9007305	9167846	9188851	9136034	9446944	8916677	9227412	9088120	6473339	9389082	9289036	9103933	9321415	9221903	9123083	9282451	9340568	9531288	9597961	10211245	9287987	8304443	0	9085859	0	0	10575697	9390411	8830282	6778951	9217002	9182271	9234402	0	9067399	8867924	9382420	9237423	9102821	10325543	8209944	9348832	9332408	4629814	0	0	9294759	8282033	9534734	0	9414815	5050184	0	8983363	9307366	9380663	9468295	9338967	0	9458837	7757219	0	9604676	0	9155509	9278841	0	0	0	9514272	0	9178339	9760941	9450994	9471396	9463804	9259997	9234158	9188179	9347148	9326662	0	9636262	9270437	2859741	0	9207780	9432445	9371660	0	9352193	0	9554661	7752435
2022-06-06	9265977	9477616	8484586	6241248	9599512	9498769	0	6846509	0	5842136	7658452	9439140	0	9313302	0	9490028	9275876	6187799	8667411	9434014	8683141	9301389	9378966	7794555	0	0	0	0	9185058	0	8974810	0	9293301	9132677	0	0	9398153	0	0	0	9194087	9226716	8967457	9167879	8833646	7222550	9086843	9051273	9006118	9018497	9191650	9184579	9071021	9068270	8789303	9377866	5693296	9196487	9233747	8999080	9184711	6263797	9341407	9240397	0	9570530	9749509	0	0	9475993	6814468	0	0	9542964	0	6406297	9365893	0	0	0	0	0	0	0	9224811	0	0	9131349	0	9241224	0	0	9167846	0	0	0	0	9227412	0	0	0	0	0	9321415	0	0	0	0	9531288	0	0	0	0	10257413	9085859	0	0	0	0	0	0	9217002	0	9234402	0	9067399	0	0	0	0	0	0	9348832	9332408	0	0	9529609	0	0	9534734	9284519	9414815	0	0	0	9307366	9380663	9468295	9338967	0	9458837	0	9276423	9604676	9318761	0	9278841	0	9303933	0	0	9572705	0	0	9450994	0	0	9259997	0	0	9347148	9326662	9444903	9636262	9270437	0	0	9207780	9432445	9371660	9350742	0	0	0	0
2022-06-13	9265977	0	0	0	0	0	0	0	0	0	0	0	0	0	0	0	0	0	0	0	0	0	0	0	0	0	0	0	0	0	0	0	0	0	0	0	0	0	0	0	0	0	0	0	0	0	0	0	0	0	0	0	0	0	0	0	0	0	0	0	0	0	0	0	0	0	0	0	0	0	0	0	0	0	0	0	0	0	0	0	0	0	0	0	0	0	0	0	0	0	0	0	0	0	0	0	0	0	0	0	0	0	0	0	0	0	0	0	0	0	0	0	0	0	0	0	0	0	0	0	0	0	0	0	0	0	0	0	0	0	0	0	0	0	0	0	0	0	0	0	0	0	0	0	0	0	0	0	0	0	0	0	0	0	0	0	0	0	0	0	0	0	0	0	0	0	0	0	0	0	0	0	0	0	0	0	0	0	0	0	0	0	0	0	0
2022-06-27	0	0	0	0	0	0	0	0	0	0	0	0	0	0	0	0	0	0	0	0	0	0	0	0	0	0	0	0	0	0	0	0	0	0	0	0	0	0	0	0	0	0	0	0	0	0	0	0	0	0	0	0	0	0	0	0	5693296	0	0	0	0	0	0	0	0	0	0	0	0	0	0	0	0	0	0	0	0	0	0	0	0	0	0	0	0	0	0	0	0	0	0	0	0	0	0	0	0	0	0	0	0	0	0	0	0	0	0	0	0	0	0	0	0	0	0	0	0	0	0	0	0	0	0	0	0	0	0	0	0	0	0	0	0	0	0	0	0	0	0	0	0	0	0	0	0	0	0	0	0	0	0	0	0	0	0	0	0	0	0	0	0	0	0	0	0	0	0	0	0	0	0	0	0	0	0	0	0	0	0	0	0	0	0	0	0
2022-07-04	0	0	0	0	0	0	0	0	0	0	0	0	0	0	0	0	0	0	0	0	0	0	0	0	0	0	0	0	0	0	0	0	0	0	0	0	0	0	0	0	0	0	0	0	0	0	0	0	0	0	0	0	0	0	0	0	0	0	0	0	0	0	0	0	0	0	0	0	0	0	0	0	0	0	0	0	0	0	0	0	0	0	0	0	0	0	0	0	0	0	0	0	0	0	0	0	0	0	0	0	0	0	0	0	0	0	0	0	0	0	0	0	0	0	0	0	0	0	0	0	0	0	0	0	0	0	0	0	0	0	0	0	0	0	0	0	0	0	0	778032	0	0	0	0	0	1354152	0	0	0	0	0	0	0	0	0	0	0	0	0	0	0	0	0	0	0	0	0	0	0	0	0	0	0	0	0	0	0	0	0	0	0	0	0	0	0
2022-07-11	9265977	9477616	8484586	12482496	9599512	9498769	9378125	13693018	16870000	5842136	15316904	18878280	9151518	18626604	19275616	18980056	18551752	12375598	17334822	9434014	8683141	18602778	9378966	7794555	17219534	9328163	18676278	9445459	18370116	9114097	8974810	0	18586602	9132677	18630902	0	18796306	18242374	19133914	18608042	18388174	18453432	8967457	18335758	17667292	14445100	9086843	9051273	18012236	9018497	9191650	9184579	18142042	18136540	17578606	9377866	5693296	18392974	18467494	17998160	18369422	12527594	18682814	18480794	18966996	19141060	19499018	18778724	12798650	9475993	13628936	9504552	18890636	19085928	19034892	6406297	18731786	9555927	19041994	19287296	9381606	18743150	7052536	9369386	9224811	9232021	18530942	18262698	9264106	9241224	18607942	18014610	18335692	18377702	18272068	18893888	8916677	18454824	9088120	12946678	9389082	18578072	9103933	18642830	9221903	9123083	18564902	18681136	9531288	9597961	20422490	9287987	8304443	10257413	18171718	17204920	10031762	21151394	18780822	17660564	6778951	9217002	18364542	18468804	17830626	9067399	17735848	9382420	18474846	9102821	20651086	8209944	9348832	18664816	4629814	12217096	19059218	18589518	16564066	9534734	18569038	9414815	10100368	18511714	8983363	9307366	18761326	18936590	18677934	9292615	18917674	7757219	9276423	19209352	18637522	18311018	18557682	18767060	9303933	9180926	19028544	19145410	9178339	19521882	18901988	18942792	18927608	9259997	18468316	9188179	9347148	9326662	9444903	9636262	9270437	5719482	9150244	9207780	18864890	18743320	18701484	18704386	18778476	9554661	15504870
2022-07-25	877369	0	0	0	0	0	0	0	0	0	0	0	0	0	0	0	0	0	0	0	0	0	0	0	0	0	0	0	0	0	0	0	0	0	0	0	0	0	0	0	0	0	0	0	0	0	0	0	0	0	0	0	0	0	0	0	5693296	0	0	0	0	0	0	0	0	0	0	0	0	0	0	0	0	0	0	0	0	0	0	0	0	0	0	0	0	0	0	0	0	0	0	0	0	0	0	0	0	0	0	0	0	0	0	0	0	0	0	0	0	0	0	0	0	0	0	0	0	0	0	0	0	0	0	0	0	0	0	0	0	0	0	0	0	8388608	4629814	0	0	0	0	0	0	0	0	0	0	0	0	0	0	0	0	0	0	0	0	0	0	0	0	0	0	0	0	0	0	0	0	0	0	9188179	0	0	0	0	0	2859741	0	0	0	0	0	0	9389238	0	0
2022-08-01	0	0	0	0	0	0	0	0	0	0	7658452	0	0	0	0	0	0	0	0	0	0	0	9378966	0	0	0	0	0	0	0	0	0	0	0	0	0	0	0	0	0	0	0	0	0	0	0	0	0	0	9018497	0	0	9071021	0	0	0	0	0	0	0	0	6263797	0	0	0	0	0	0	0	0	0	0	9445318	0	0	0	0	0	0	8388608	9381606	0	0	0	0	0	0	0	0	0	0	0	0	0	0	0	0	0	0	0	0	0	0	0	9221903	0	0	0	0	0	0	0	0	0	0	213852	0	0	0	0	0	0	0	0	0	0	0	0	0	0	0	0	0	0	55557768	0	0	0	0	0	9284519	0	5050184	0	594755	0	0	0	0	0	9458837	0	0	0	0	0	0	9383530	0	0	0	0	9178339	0	0	0	0	0	0	0	0	0	0	0	0	48615597	0	0	0	0	0	0	0	0	0
2022-08-08	0	0	0	6241248	9599512	9498769	0	6846509	8435000	0	0	9439140	9151518	0	9637808	0	9275876	6187799	8667411	0	0	0	0	7794555	8609767	9328163	0	0	9185058	9114097	0	9310063	9293301	0	9315451	0	9398153	9121187	0	0	0	0	8967457	9167879	0	7222550	0	0	0	0	9191650	9184579	0	0	0	0	0	9196487	0	8999080	0	0	9341407	0	9483498	9570530	0	0	6399325	0	6814468	9504552	0	0	9517446	0	0	9555927	9520997	0	0	9371575	0	0	9224811	0	9265471	9131349	0	0	0	0	9167846	9188851	9136034	0	0	0	0	6473339	0	9289036	0	9321415	0	9123083	9282451	0	9531288	0	10211245	9287987	8304443	0	0	0	10031762	0	0	0	6778951	0	9182271	9234402	8915313	9067399	0	9382420	9237423	0	0	8209944	9348832	0	60187582	0	9529609	0	8282033	9534734	0	0	0	9255857	0	9307366	0	0	0	9292615	0	0	9276423	9604676	0	9155509	0	0	0	0	9514272	19145410	0	9760941	0	9471396	0	0	18468316	0	0	0	9444903	9636262	9270437	60054561	9150244	9207780	9432445	0	9350742	0	0	9554661	7752435
2022-08-15	0	0	0	0	0	0	0	0	0	0	0	0	0	0	0	0	0	0	0	0	0	0	0	0	0	0	0	0	0	0	0	0	0	0	0	0	0	0	0	0	0	0	0	0	0	0	0	0	0	0	0	0	0	0	0	0	0	0	0	0	0	0	0	0	0	0	0	0	0	0	0	0	0	0	0	0	0	0	0	0	0	0	0	0	0	0	0	0	0	0	0	0	0	0	0	0	0	0	0	0	0	0	0	0	0	0	0	0	0	0	0	0	0	0	0	0	0	0	0	0	0	0	0	0	0	0	0	0	0	0	0	0	0	0	27778884	0	0	0	0	0	0	0	0	0	0	0	0	0	0	0	0	0	0	0	0	0	0	0	0	0	0	0	0	0	0	0	0	0	0	0	0	0	0	0	0	28597410	0	0	0	0	0	0	0	0	0
2022-08-22	9265977	0	8484586	0	0	9498769	9378125	6846509	8435000	5842136	0	9439140	9151518	9313302	9637808	28470084	0	0	8667411	9434014	8683141	9301389	0	7794555	8609767	9328163	0	18890918	9185058	9114097	8974810	0	0	0	0	9362422	0	0	0	9304021	9194087	9226716	0	9167879	0	7222550	9086843	0	18012236	0	9191650	9184579	0	0	17578606	9377866	51239664	9196487	0	0	9184711	6263797	9341407	9240397	9483498	0	9749509	0	6399325	0	0	9504552	9445318	0	9517446	6406297	0	0	9520997	9643648	18763212	9371575	7052536	9369386	18449622	0	0	9131349	9264106	9241224	0	0	9167846	0	0	0	26750031	0	0	0	9389082	9289036	9103933	0	9221903	9123083	9282451	0	0	0	0	0	8304443	10257413	0	8602460	0	0	9390411	0	0	0	9182271	0	0	9067399	0	0	0	9102821	0	8209944	0	18664816	13889442	6108548	9529609	9294759	0	0	0	18829630	5050184	0	17966726	9307366	9380663	9468295	9338967	0	0	0	0	9604676	0	0	0	18767060	9303933	0	9514272	0	0	0	0	9471396	9463804	0	9234158	18376358	0	0	0	0	0	14298705	0	9207780	0	9371660	9350742	9352193	0	9554661	0
2022-08-29	0	0	0	0	9599512	0	0	0	0	0	0	0	0	0	0	0	0	0	0	0	0	0	0	0	0	0	0	0	0	0	0	0	0	0	0	0	0	0	0	0	0	0	0	0	0	0	0	0	0	0	0	0	0	0	0	0	34159776	0	0	44995400	0	0	0	0	0	0	0	0	0	113711916	6814468	0	0	9542964	0	0	0	0	0	0	0	0	0	0	0	0	0	0	0	0	0	0	0	0	0	28340832	0	0	0	6473339	0	0	0	0	0	0	0	0	0	9597961	0	0	0	0	0	0	0	0	0	8830282	0	0	0	9234402	0	0	0	37529680	0	0	0	0	0	0	41668326	0	0	0	0	0	0	0	0	9255857	0	9307366	0	0	0	0	0	0	0	0	9318761	0	0	0	0	9180926	0	0	0	0	0	0	0	0	0	0	0	0	0	0	0	0	0	0	0	0	0	0	0	0	0
2022-09-05	0	0	0	0	0	0	0	0	0	0	0	0	0	0	0	0	0	0	0	0	0	0	0	0	0	0	0	0	0	0	0	0	0	0	0	0	0	0	0	0	0	0	0	0	0	0	0	0	0	0	0	0	0	0	0	0	56932960	0	0	0	0	0	0	0	0	0	0	0	0	0	0	0	0	0	0	0	0	0	0	0	0	0	0	0	0	0	0	0	0	0	0	0	0	0	0	0	0	0	0	0	0	0	0	0	0	0	0	0	0	0	0	0	0	0	0	0	0	0	0	0	0	0	0	0	0	0	0	0	0	0	0	0	0	0	46298140	0	0	0	0	0	0	0	0	0	0	0	0	0	0	0	0	0	0	0	0	0	0	0	0	0	0	0	0	0	0	0	0	0	0	0	0	0	0	0	0	0	0	0	0	0	0	0	0	0	0
2022-10-17	0	0	0	0	0	0	0	0	0	0	0	0	0	0	0	0	0	0	0	0	0	0	0	0	0	0	0	0	0	9114097	0	9310063	0	9132677	9315451	9362422	0	0	0	0	0	0	0	0	0	0	0	0	0	0	0	0	0	9068270	0	0	5693296	0	0	0	0	0	0	0	0	0	0	0	0	0	0	0	0	0	0	0	0	0	0	0	0	0	0	0	0	0	0	0	0	0	0	0	0	0	0	0	0	0	0	0	0	0	0	0	0	0	0	0	0	0	0	0	0	0	0	0	0	0	0	0	0	0	0	0	0	0	0	0	0	0	0	0	9348832	9332408	0	6108548	0	0	0	0	9284519	0	0	9255857	8983363	0	9380663	0	0	0	0	0	9276423	0	0	0	9278841	9383530	0	0	0	0	0	0	0	0	0	0	0	0	0	0	0	0	0	0	0	0	0	0	0	0	0	0	0
2022-10-24	0	9477616	8484586	0	0	9498769	0	0	0	0	0	0	9151518	0	0	9490028	9275876	0	0	0	0	0	9378966	7794555	0	9328163	9338139	0	9185058	0	0	0	9293301	0	0	0	0	9121187	0	9304021	0	9226716	0	0	0	7222550	0	9051273	0	0	9191650	9184579	0	0	0	0	0	0	0	8999080	0	6263797	0	0	0	0	9749509	9389362	0	0	0	0	9445318	0	0	0	0	0	0	0	9381606	9371575	0	0	9224811	9232021	0	0	0	0	0	0	0	9188851	9136034	0	0	0	0	6473339	0	0	0	0	9221903	0	0	0	0	0	0	9287987	0	10257413	0	8602460	0	10575697	0	0	0	9217002	9182271	9234402	8915313	0	8867924	0	0	9102821	0	0	0	0	0	6108548	9529609	9294759	0	9534734	9284519	9414815	0	0	8983363	0	9380663	0	0	0	0	0	9276423	0	0	0	0	0	0	0	0	0	0	0	0	9471396	0	9259997	0	9188179	0	0	0	0	0	0	9150244	9207780	0	0	0	9352193	0	0	7752435
2022-11-14	0	0	0	0	0	0	0	0	0	0	0	0	0	9313302	0	0	0	4446388	0	0	0	0	0	0	0	0	0	12829899	5242880	0	0	0	17785552	0	0	0	0	5242880	4324077	0	0	0	0	0	0	0	0	0	0	0	0	0	0	0	0	0	0	0	0	0	0	0	0	0	0	0	0	0	0	0	0	0	8892776	0	0	0	9365893	0	0	0	0	0	0	9369386	9224811	0	5242880	0	6370944	0	0	0	0	8892776	0	0	0	0	0	4446388	0	0	6403657	0	0	0	4446388	0	0	0	0	0	0	7598209	6370944	0	10031762	8892776	5242880	0	0	0	9182271	0	0	0	8726397	0	0	0	0	8209944	0	0	4629814	0	0	0	0	6403657	0	9414815	0	0	0	0	0	0	0	0	0	0	0	0	0	0	0	0	0	0	6370944	0	0	0	0	6403657	0	0	0	8892776	8229136	0	0	0	0	0	0	0	6337293	0	0	0	0	0	0
2022-12-12	9265977	9477616	8484586	0	19199024	9498769	0	0	0	0	0	0	0	9313302	0	9490028	9275876	0	8667411	9434014	17366282	18602778	0	0	17219534	0	9338139	9445459	9185058	9114097	8974810	9310063	9293301	18265354	0	0	9398153	0	9566957	0	0	0	8967457	0	8833646	0	9086843	9051273	9006118	18036994	18383300	9184579	9071021	0	8789303	9377866	5693296	0	9233747	8999080	9184711	6263797	9341407	0	9483498	9570530	9749509	9389362	0	18951986	6814468	0	0	9542964	9517446	6406297	9365893	0	9520997	19287296	18763212	0	0	18738772	9224811	0	0	18262698	9264106	0	9303971	0	9167846	0	18272068	0	8916677	0	18176240	12946678	9389082	18578072	0	18642830	0	18246166	9282451	9340568	0	9597961	0	9287987	8304443	0	0	8602460	0	21151394	9390411	0	0	18434004	9182271	9234402	0	0	8867924	9382420	27712269	0	0	16419888	9348832	0	4629814	6108548	9529609	9294759	8282033	9534734	9284519	9414815	0	9255857	8983363	9307366	9380663	9468295	9338967	9292615	0	7757219	9276423	0	9318761	0	0	0	0	0	0	9572705	0	0	0	9471396	18927608	18519994	18468316	9188179	9347148	18653324	9444903	9636262	9270437	2859741	9150244	9207780	18864890	0	18701484	9352193	0	0	15504870
2023-01-02	4023097	4234736	5242880	0	0	0	0	0	0	0	0	0	9151518	0	0	0	0	0	0	0	0	0	0	0	0	0	0	0	9185058	0	8974810	9310063	0	0	0	0	0	0	0	0	0	0	0	0	0	0	0	0	0	0	0	0	0	0	0	0	0	0	0	0	0	0	0	0	0	0	9749509	0	0	0	0	9504552	0	0	0	0	0	0	0	0	9381606	4128695	5242880	0	0	0	4022591	0	0	0	9303971	0	0	0	9136034	0	0	9227412	0	0	0	0	0	0	0	0	0	9340568	0	0	0	0	0	0	0	0	0	0	0	0	0	0	0	0	0	0	0	0	0	0	0	0	0	0	0	0	0	0	0	0	0	0	0	0	0	9307366	0	0	0	9292615	0	0	0	0	0	0	9278841	0	0	0	9514272	0	0	0	0	0	0	0	0	0	0	0	0	0	0	0	0	0	0	0	9350742	0	0	0	0
2023-01-09	0	9477616	0	0	0	0	0	0	0	0	0	0	0	0	0	0	0	0	0	0	0	0	0	0	0	0	0	0	0	0	0	0	0	0	0	0	0	0	0	0	0	0	0	0	0	0	0	0	0	0	0	0	0	0	0	0	0	0	0	0	0	0	0	0	0	0	0	0	0	0	0	0	0	0	0	0	0	0	0	0	0	0	0	0	0	0	0	0	0	0	0	0	0	0	0	0	0	0	0	0	0	0	0	0	0	0	0	0	0	0	0	0	0	0	0	0	0	0	0	0	0	0	0	0	0	0	0	0	0	0	0	0	0	0	0	0	0	0	0	0	0	0	0	0	0	0	0	0	0	0	0	0	0	0	0	0	0	0	0	0	0	0	0	0	0	0	0	0	0	0	0	0	0	0	0	0	0	0	0	0	0	0	0	0	0
2023-02-06	9265977	0	8484586	6241248	9599512	0	9378125	0	8435000	5842136	0	0	0	0	9637808	9490028	9275876	6187799	0	9434014	0	9301389	0	0	0	9328163	0	0	0	0	0	0	0	0	9315451	0	0	0	0	0	15531380	0	0	9167879	0	0	0	9051273	0	0	9191650	9184579	0	0	8789303	9377866	5693296	0	0	8999080	9184711	7284714	15745064	9240397	0	9570530	0	9389362	0	0	0	0	9445318	0	9517446	6406297	18731786	0	0	0	9381606	0	0	0	0	9232021	0	9131349	0	0	0	9007305	9167846	9188851	6304580	9446944	8916677	9227412	9088120	0	0	0	0	0	9221903	0	9282451	0	9531288	0	10211245	0	8304443	0	0	8602460	5242880	8892776	0	0	13557902	0	9182271	0	0	9067399	0	0	9237423	9102821	0	0	9348832	9332408	4629814	6108548	0	0	8282033	0	0	9414815	5050184	0	0	9307366	9380663	9468295	0	0	0	0	9276423	0	0	0	0	9383530	0	0	0	9572705	9178339	9760941	0	0	9463804	0	0	0	9347148	0	9444903	0	9270437	0	0	9207780	9432445	0	0	9352193	9389238	0	0
2023-02-13	37063908	0	0	0	0	0	0	0	0	0	0	0	0	0	0	9490028	0	0	0	0	0	0	0	0	0	0	0	0	0	0	0	0	0	0	0	0	0	0	0	0	0	0	0	0	0	0	0	0	0	0	0	0	0	0	0	0	0	0	0	0	0	0	0	0	0	0	0	0	0	0	0	0	0	0	0	0	0	0	0	0	0	0	0	0	0	0	0	0	0	0	0	0	0	0	0	0	0	0	0	0	0	0	0	0	0	0	0	0	0	0	0	0	0	0	0	0	0	0	0	0	0	0	0	0	0	0	0	0	0	0	0	0	0	9332408	0	0	0	0	0	0	0	0	0	0	0	0	0	0	0	0	0	0	9276423	0	0	0	0	9383530	0	0	0	0	0	0	0	0	0	0	0	9188179	0	0	0	0	0	0	0	0	0	0	0	0	8388608	0	0
2023-02-20	0	0	0	0	0	0	0	0	0	0	0	0	0	0	0	34655852	0	0	0	0	0	0	0	0	0	0	0	9445459	0	0	0	0	0	0	0	0	0	0	0	0	0	0	0	0	0	0	0	0	0	0	0	0	0	0	0	0	0	0	0	0	0	0	0	0	0	0	0	0	0	0	0	0	0	0	0	0	0	0	0	0	9381606	0	0	0	0	0	0	0	0	0	0	0	0	0	0	0	8916677	0	0	0	0	0	0	0	0	0	0	0	0	0	0	0	0	0	0	0	0	0	0	0	0	0	0	0	0	0	0	0	0	0	0	0	0	8388608	0	0	0	0	0	0	0	0	0	0	8388608	0	0	0	0	0	0	0	0	0	0	0	0	0	0	0	0	0	0	0	0	0	0	0	0	9188179	0	0	0	0	0	0	0	0	0	0	0	0	1000630	0	0
2023-02-27	18531954	9477616	8484586	6241248	9599512	9498769	0	6846509	8435000	5842136	7658452	9439140	9151518	9313302	9637808	9490028	9275876	6187799	0	9434014	8683141	9301389	9378966	0	0	9328163	9338139	9445459	9185058	0	8974810	9310063	9293301	0	9315451	9362422	9398153	9121187	9566957	9304021	9194087	0	8967457	9167879	8833646	7222550	9086843	9051273	9006118	9018497	0	9184579	9071021	9068270	8789303	9377866	5693296	9196487	9233747	8999080	0	6263797	9341407	0	9483498	0	9749509	9389362	0	0	6814468	9504552	9445318	9542964	9517446	6406297	9365893	9555927	0	0	9381606	9371575	0	0	9224811	9232021	9265471	9131349	9264106	9241224	9303971	9007305	9167846	9188851	9136034	9446944	8916677	9227412	9088120	6473339	9389082	9289036	9103933	9321415	9221903	9123083	0	0	0	9597961	10211245	0	8304443	10257413	9085859	0	10031762	0	9390411	8830282	6778951	9217002	9182271	9234402	0	9067399	0	9382420	0	9102821	0	8209944	9348832	9332408	4629814	6108548	9529609	9294759	8282033	0	9284519	9414815	5050184	9255857	8983363	9307366	0	9468295	0	0	9458837	7757219	9276423	9604676	9318761	9155509	9278841	9383530	0	0	9514272	9572705	9178339	9760941	0	0	9463804	9259997	9234158	9188179	9347148	9326662	9444903	9636262	9270437	2859741	9150244	9207780	9432445	9371660	9350742	0	9389238	0	7752435
2023-03-06	9265977	9477616	8484586	6241248	9599512	0	9378125	6846509	0	5842136	7658452	9439140	9151518	9313302	0	9490028	9275876	6187799	0	9434014	8683141	0	0	0	8609767	9328163	0	0	9185058	0	8974810	9310063	9293301	9132677	9315451	9362422	9398153	9121187	0	0	0	9226716	8967457	9167879	8833646	7222550	9086843	9051273	0	9018497	9191650	9184579	9071021	0	8789303	9377866	5693296	9196487	0	8999080	0	6263797	9341407	0	0	9570530	0	9389362	0	9475993	0	0	9445318	9542964	0	0	9365893	9555927	9520997	9643648	9381606	9371575	7052536	9369386	9224811	0	9265471	0	9264106	0	9303971	9007305	9167846	9188851	0	9446944	0	9227412	9088120	6473339	0	0	9103933	0	9221903	9123083	9282451	9340568	9531288	9597961	10211245	9287987	8304443	10257413	9085859	8602460	10031762	0	9390411	8830282	6778951	0	9182271	0	8915313	0	8867924	9382420	9237423	0	10325543	8209944	9348832	9332408	0	0	9529609	9294759	8282033	9534734	9284519	9414815	5050184	0	8983363	0	9380663	0	0	9292615	9458837	7757219	9276423	9604676	9318761	9155509	9278841	9383530	0	9180926	9514272	9572705	0	9760941	0	9471396	9463804	9259997	9234158	0	0	9326662	9444903	9636262	0	2859741	9150244	0	9432445	9371660	9350742	9352193	9389238	9554661	0
2023-03-27	0	9477616	8484586	6241248	0	9498769	9378125	0	0	5842136	0	9439140	9151518	0	0	0	9275876	0	8667411	0	0	0	9378966	7794555	0	9328163	9338139	0	0	0	0	9310063	9293301	0	9315451	0	9398153	0	0	0	0	0	0	9167879	0	7222550	9086843	0	9006118	9018497	9191650	0	9071021	0	0	0	5693296	9196487	0	0	9184711	6263797	0	9240397	9483498	9570530	9749509	9389362	6399325	9475993	0	9504552	9445318	9542964	9517446	6406297	9365893	0	9520997	0	9381606	9371575	0	0	0	0	9265471	0	0	0	9303971	9007305	0	9188851	0	9446944	0	9227412	0	0	0	0	9103933	0	9221903	9123083	0	9340568	9531288	9597961	0	9287987	8304443	10257413	9085859	8602460	10031762	0	9390411	8830282	6778951	9217002	9182271	0	8915313	9067399	8867924	0	9237423	0	10325543	8209944	9348832	9332408	0	6108548	9529609	9294759	0	9534734	9284519	9414815	0	9255857	0	0	0	0	9338967	9292615	0	7757219	0	9604676	9318761	9155509	18557682	0	9303933	9180926	0	9572705	0	9760941	9450994	0	0	0	0	9188179	0	0	9444903	9636262	0	2859741	0	9207780	9432445	9371660	0	9352193	0	9554661	7752435
2023-04-10	9265977	0	0	0	0	0	0	0	0	0	0	0	0	0	0	0	0	0	0	0	0	0	0	0	0	0	0	0	0	0	0	0	0	0	0	0	0	0	0	0	0	0	0	0	0	0	0	0	0	0	0	0	0	0	8789303	0	5693296	0	0	0	0	0	0	0	0	0	0	0	0	0	0	0	0	0	0	0	0	0	0	9643648	0	0	0	0	0	0	0	0	0	0	0	0	0	0	0	0	8916677	0	0	0	0	0	0	0	0	0	0	0	0	0	0	0	0	10257413	9085859	8602460	0	0	0	0	0	0	0	0	0	0	0	0	0	0	0	0	0	0	0	0	0	0	0	0	0	9414815	0	0	8983363	0	0	0	0	0	0	0	0	0	0	0	0	0	0	0	0	0	0	0	0	0	0	0	0	9188179	0	0	0	0	0	0	0	0	0	0	0	0	0	0	0
2023-04-17	0	0	0	0	0	0	0	0	0	0	0	0	0	0	0	0	0	0	0	0	0	0	0	0	0	0	0	0	0	0	0	0	0	0	0	0	0	0	0	0	0	0	0	0	0	0	0	0	0	0	0	0	0	0	0	0	0	0	0	0	0	0	0	0	0	0	0	0	0	0	0	0	0	0	0	0	0	0	0	0	0	0	0	0	0	0	0	0	0	0	0	0	0	0	0	0	0	0	0	0	0	0	0	0	0	0	0	0	0	0	0	0	0	0	0	0	0	0	0	0	0	0	0	0	0	0	0	0	0	0	0	0	0	0	0	0	0	0	0	0	0	0	0	0	0	0	0	0	0	0	0	0	0	0	0	0	9278841	0	0	0	0	0	0	0	0	0	0	0	0	0	0	0	0	0	0	0	0	0	0	0	0	0	0	0	0
2023-05-01	0	0	0	0	0	0	0	6846509	0	0	0	0	0	0	0	0	0	0	0	0	0	0	0	0	0	0	0	0	0	0	8974810	0	0	0	0	0	0	0	0	0	0	0	0	0	0	0	0	0	0	0	0	0	0	0	0	0	0	0	0	0	0	0	0	0	0	0	0	0	0	0	0	0	0	0	0	0	0	0	0	0	0	0	0	0	0	0	0	0	0	0	0	0	0	0	0	0	0	0	0	0	0	0	0	0	0	0	0	0	0	0	0	0	0	0	0	0	0	0	0	0	0	0	0	0	0	0	0	0	0	0	0	0	0	0	0	0	0	0	0	0	0	0	0	0	0	0	0	0	0	0	0	0	0	0	0	0	0	0	0	0	0	0	0	0	0	0	0	0	0	0	0	0	0	0	0	0	0	0	0	0	0	0	0	0	0
2023-05-08	0	0	0	0	0	0	0	0	0	0	0	0	0	0	0	8388608	0	0	0	0	0	0	0	0	0	0	0	0	0	0	0	0	0	0	0	0	0	0	0	0	0	0	0	0	0	0	0	0	0	0	0	0	0	0	0	0	5693296	0	0	0	0	0	0	0	0	0	0	0	0	0	0	0	0	0	0	0	0	0	0	0	0	0	0	0	0	0	0	0	0	0	0	0	0	0	0	0	0	0	0	0	0	0	0	0	0	0	0	0	0	0	0	0	0	0	0	0	0	0	0	0	0	0	0	0	0	0	0	0	0	0	0	0	0	9332408	4629814	0	0	0	0	0	0	0	0	0	0	0	0	0	0	0	0	0	0	0	0	0	0	0	0	0	0	0	0	0	0	0	0	0	0	799571	0	0	0	0	0	0	0	0	0	0	0	0	9389238	0	0
2023-05-22	0	0	0	0	0	0	0	0	0	0	0	0	0	0	0	0	0	0	0	0	0	0	0	0	0	0	0	0	0	0	0	0	0	0	0	0	0	0	0	0	0	0	0	0	0	0	0	0	0	9018497	0	0	0	0	0	0	0	0	0	0	0	0	0	0	0	0	0	0	0	0	0	0	0	0	0	0	0	0	0	0	0	0	0	0	0	0	0	0	0	0	0	0	0	0	0	0	0	0	0	0	0	0	0	0	0	0	0	0	0	0	0	0	0	0	0	0	0	0	0	0	0	0	0	0	0	0	0	0	0	0	0	0	0	0	0	0	0	0	0	0	0	0	0	0	0	0	0	0	0	0	0	0	0	0	0	0	5279352	0	0	0	0	0	0	0	0	0	0	0	0	0	0	0	0	0	0	0	0	0	0	0	0	0	0	0	0
2023-05-29	18531954	18955232	16969172	12482496	19199024	18997538	18756250	13693018	16870000	11684272	15316904	9439140	18303036	18626604	19275616	18980056	18551752	12375598	17334822	18868028	17366282	9301389	9378966	15589110	17219534	18656326	18676278	18890918	18370116	18228194	17949620	18620126	18586602	18265354	9315451	9362422	18796306	18242374	9566957	18608042	18388174	18453432	17934914	18335758	17667292	14445100	18173686	9051273	18012236	18036994	18383300	18369158	18142042	18136540	17578606	9377866	11386592	18392974	0	8999080	18369422	12527594	18682814	18480794	18966996	9570530	19499018	9389362	6399325	18368769	6814468	9504552	9445318	0	19034892	0	9365893	9555927	9520997	9643648	0	9371575	14105072	18738772	9224811	18464042	18530942	9131349	18528212	18482448	18607942	18014610	18335692	18377702	18272068	18893888	17833354	18454824	18176240	12946678	9389082	18578072	9103933	18642830	18443806	18246166	18564902	18681136	19062576	9597961	20422490	18575974	8304443	10257413	18171718	8602460	10031762	10575697	9390411	17660564	13557902	18434004	18364542	0	17830626	18134798	8867924	0	0	9102821	0	16419888	18697664	18664816	9259628	6108548	19059218	18589518	16564066	19069468	9284519	18829630	5050184	18511714	17966726	18614732	18761326	18936590	9338967	9292615	18917674	15514438	18552846	0	9318761	18311018	23925482	9383530	18607866	9180926	9514272	19145410	18356678	19521882	18901988	18942792	9463804	18519994	18468316	9188179	18694296	18653324	9444903	0	18540874	5719482	18300488	18415560	18864890	18743320	18701484	18704386	0	9554661	15504870
2023-06-05	0	0	0	0	0	0	0	0	0	0	0	0	0	0	0	0	0	0	0	0	0	0	0	0	0	0	0	0	0	0	0	0	0	0	0	0	0	0	0	0	0	0	0	0	0	0	0	0	0	0	0	0	0	0	0	0	0	0	0	0	0	0	0	0	0	0	0	0	0	0	0	0	0	0	0	0	0	0	0	0	0	0	0	0	0	0	0	0	0	0	0	0	0	0	0	0	0	0	0	0	0	0	0	0	0	0	0	0	0	0	0	0	0	0	0	0	0	0	0	0	0	0	0	0	0	0	0	0	0	0	0	0	0	0	0	0	0	0	0	0	0	0	0	0	0	0	0	0	0	0	0	0	0	0	0	0	5779232	0	0	0	0	0	0	0	0	0	0	0	0	0	0	0	0	0	0	0	0	0	0	0	0	0	0	0	0
2023-06-12	46329885	9477616	16969172	0	19199024	9498769	18756250	0	0	5842136	15316904	0	9151518	9313302	9637808	0	9275876	6187799	17334822	9434014	0	18602778	0	7794555	8609767	0	18676278	9445459	9185058	9114097	8974810	9310063	9293301	0	18630902	0	9398153	9121187	19133914	0	0	0	8967457	0	8833646	7222550	9086843	9051273	18012236	0	9191650	0	9071021	9068270	8789303	18755732	5693296	9196487	9233747	17998160	18369422	0	0	0	0	9570530	9749509	9389362	6399325	9475993	6814468	9504552	9445318	9542964	0	6406297	0	0	0	9643648	9381606	9371575	7052536	0	9224811	9232021	0	0	9264106	18482448	18607942	0	9167846	9188851	0	9446944	0	9227412	9088120	6473339	0	18578072	9103933	9321415	9221903	18246166	9282451	18681136	0	9597961	10211245	9287987	8304443	10257413	9085859	8602460	0	10575697	0	8830282	6778951	9217002	9182271	9234402	0	9067399	8867924	9382420	9237423	9102821	10325543	8209944	0	0	4629814	18325644	19059218	0	8282033	9534734	18569038	9414815	0	18511714	0	9307366	0	9468295	0	9292615	9458837	0	0	0	9318761	0	14728281	9383530	0	9180926	9514272	9572705	9178339	9760941	9450994	18942792	9463804	0	9234158	9188179	0	9326662	9444903	0	9270437	2859741	9150244	9207780	9432445	9371660	9350742	18704386	9389238	9554661	7752435
2023-06-19	0	0	0	0	0	0	0	0	0	0	0	0	0	0	0	0	0	0	0	0	0	0	0	0	0	0	0	0	0	0	0	0	0	0	0	0	0	0	0	0	0	0	0	0	0	0	0	0	0	0	0	0	0	0	0	0	0	0	0	0	0	0	0	0	0	0	0	0	0	0	0	0	0	0	0	0	0	0	0	0	0	0	0	0	0	0	0	0	0	0	0	0	0	0	0	0	0	0	0	0	0	0	0	0	0	0	0	0	0	0	0	0	0	0	0	0	0	0	0	0	0	0	0	0	0	0	0	0	0	0	0	0	0	0	0	0	0	0	0	0	0	0	0	0	0	0	0	0	0	0	0	0	0	0	0	0	44277948	0	0	0	0	0	0	0	0	0	0	0	0	0	0	0	0	0	0	0	0	0	0	0	0	0	0	0	0
2023-06-26	9265977	0	8484586	6241248	19199024	18997538	9378125	6846509	8435000	11684272	15316904	18878280	18303036	0	28913424	18980056	9275876	0	0	9434014	26049423	9301389	18757932	7794555	25829301	18656326	18676278	9445459	18370116	9114097	17949620	18620126	18586602	18265354	18630902	18724844	9398153	18242374	19133914	18608042	9194087	18453432	8967457	9167879	17667292	14445100	9086843	18102546	9006118	9018497	18383300	18369158	18142042	18136540	0	0	5693296	18392974	9233747	8999080	18369422	6263797	9341407	9240397	9483498	19141060	9749509	0	12798650	18951986	13628936	19009104	9445318	28628892	0	12812594	9365893	9555927	19041994	9643648	0	9371575	14105072	18738772	18449622	18464042	9265471	18262698	0	18482448	9303971	9007305	9167846	18377702	9136034	9446944	26750031	27682236	9088120	6473339	9389082	9289036	9103933	18642830	9221903	18246166	9282451	9340568	19062576	9597961	10211245	9287987	8304443	10257413	18171718	8602460	10031762	10575697	0	8830282	13557902	9217002	9182271	9234402	8915313	27202197	0	9382420	9237423	9102821	10325543	8209944	18697664	18664816	9259628	12217096	19059218	18589518	8282033	19069468	18569038	18829630	10100368	18511714	17966726	18614732	9380663	18936590	18677934	9292615	9458837	7757219	9276423	19209352	18637522	18311018	149530763	18767060	18607866	9180926	9514272	9572705	9178339	19521882	9450994	18942792	18927608	0	9234158	0	18694296	9326662	0	9636262	0	2859741	27450732	18415560	9432445	18743320	18701484	9352193	9389238	9554661	7752435
2023-07-03	0	0	0	0	0	0	0	0	0	0	0	0	0	0	0	0	0	0	0	0	0	0	0	0	0	0	0	0	0	0	0	0	0	0	0	0	0	0	0	0	0	0	0	0	0	0	0	0	0	0	0	0	0	0	0	0	0	0	0	0	0	0	0	0	0	0	0	0	0	0	0	0	0	0	0	0	0	0	0	0	0	0	0	0	0	0	0	0	0	0	0	0	0	0	0	0	0	0	0	0	0	0	0	0	0	0	0	0	0	0	0	0	0	0	0	0	0	0	0	0	0	0	0	0	0	0	0	0	0	0	0	0	0	0	0	0	0	0	0	0	0	0	0	0	0	0	0	0	0	0	0	0	0	0	0	0	5182096	0	0	0	0	0	0	0	0	0	0	0	0	0	0	0	0	0	0	0	0	0	0	0	0	0	0	0	0
2023-07-10	0	0	0	0	0	0	0	0	0	0	0	0	0	0	0	0	0	0	0	0	0	0	0	0	0	0	0	0	0	0	0	0	0	0	0	0	0	0	0	0	0	0	0	0	0	0	0	0	0	0	0	0	0	0	0	0	0	0	0	0	0	0	0	0	0	0	0	0	0	0	0	0	0	0	0	0	0	0	0	0	0	0	0	0	0	0	0	0	0	0	0	0	0	0	0	9446944	0	0	0	0	0	0	0	0	0	0	0	0	0	0	0	0	0	0	0	0	0	0	0	0	0	0	0	0	0	0	0	0	0	0	0	0	0	0	0	0	0	0	0	0	0	0	0	0	0	0	0	0	0	0	0	0	0	0	0	0	5303560	0	0	0	0	0	0	0	0	0	0	0	0	0	0	0	0	0	0	0	0	0	0	0	0	0	0	0	0
2023-07-17	0	0	0	0	0	0	0	0	0	0	0	0	0	0	0	0	0	0	0	0	0	0	0	0	0	0	0	0	0	0	0	0	0	0	0	0	0	0	0	0	0	0	0	0	0	0	0	0	0	0	0	0	0	0	0	0	0	0	0	0	0	0	0	0	0	0	0	0	0	0	0	0	0	0	0	0	0	0	0	0	0	0	0	0	0	0	0	0	0	0	0	0	0	0	0	0	0	0	0	0	0	0	0	0	0	0	0	0	0	0	0	0	0	0	0	0	0	0	0	0	0	0	0	0	0	0	0	0	0	0	0	0	0	0	0	0	0	0	0	0	0	0	0	0	0	0	0	0	0	0	0	0	0	0	0	0	4979112	0	0	0	0	0	0	0	0	0	0	0	0	0	0	0	0	0	0	0	0	0	0	0	0	0	0	0	0
2023-07-24	0	0	0	0	0	0	0	0	0	0	0	9439140	0	0	0	0	0	0	0	0	0	0	0	0	0	0	0	0	0	0	0	0	0	0	0	0	0	0	0	0	0	0	0	0	0	0	0	0	0	0	0	0	0	0	0	0	0	0	0	0	0	0	0	0	0	0	0	0	0	0	0	0	0	0	0	0	0	0	0	0	0	0	0	0	0	0	0	0	0	0	0	0	0	0	0	0	0	0	0	0	0	0	0	0	0	0	0	0	0	0	0	0	0	0	0	0	0	0	0	0	0	0	0	0	0	0	0	0	0	0	0	0	0	0	0	0	0	0	0	0	0	0	0	0	0	0	0	0	0	0	0	0	0	0	0	0	5424792	0	0	0	0	0	0	0	0	0	0	0	0	0	0	0	0	0	0	0	0	0	0	0	0	0	0	0	0
2023-07-31	0	0	0	0	0	0	0	0	0	0	0	0	0	0	0	0	0	0	0	0	0	0	0	0	0	0	0	0	0	0	0	0	0	0	0	0	0	0	0	0	0	0	0	0	0	0	0	0	0	0	0	0	0	0	0	0	0	0	0	0	0	0	0	0	0	0	0	0	0	0	0	0	0	0	0	0	0	0	0	0	0	0	0	0	0	0	0	0	0	0	0	0	0	0	0	0	0	0	0	0	0	0	0	0	0	0	0	9340568	0	0	0	0	0	0	6370944	0	0	0	0	0	0	0	0	0	0	0	6636400	0	0	0	0	0	6536385	0	0	0	0	0	0	0	0	0	0	0	8826412	0	8494592	0	0	0	0	0	0	0	0	0	5458592	0	0	0	0	0	0	0	0	0	0	0	0	0	0	0	18337679	0	0	0	0	0	0	0	0	0	0	0	0
2023-08-07	0	0	0	0	0	0	0	0	0	0	0	0	0	0	0	0	0	0	0	0	0	0	0	0	0	0	0	0	0	0	0	0	0	0	0	0	0	0	0	0	0	0	0	0	0	0	0	0	0	0	0	0	0	0	0	0	0	0	0	0	0	0	0	0	0	0	0	0	6399325	9475993	0	9504552	0	0	9517446	0	9365893	9555927	9520997	9643648	9381606	9371575	0	0	0	0	0	0	0	0	0	0	0	0	0	0	0	0	0	0	0	0	0	0	0	0	0	0	0	9597961	10211245	9287987	8304443	0	9085859	8602460	10031762	10575697	9390411	8830282	0	9217002	9182271	9234402	0	9067399	8867924	9382420	9237423	0	10325543	8209944	0	0	0	0	0	0	0	0	0	0	0	0	0	0	5242880	0	2190012	0	0	0	0	0	0	0	5270664	0	0	0	0	0	0	0	0	0	0	0	0	0	0	0	0	0	0	0	0	0	0	0	0	0	0	0	0
2023-08-14	0	0	0	0	0	0	0	0	0	0	0	0	0	0	0	0	0	0	0	0	0	0	0	0	0	0	0	0	0	0	0	0	0	0	0	0	0	0	0	0	0	0	0	0	0	0	0	0	0	0	0	0	0	0	0	0	0	0	0	0	0	0	0	0	0	0	0	0	0	0	0	0	0	0	0	0	0	0	0	0	0	0	0	0	0	0	0	0	0	0	0	0	0	0	0	0	0	0	0	0	0	0	0	0	0	0	0	0	0	0	0	0	0	0	0	0	0	0	0	0	0	0	0	0	0	0	0	0	0	0	0	0	0	0	0	0	0	0	0	0	0	0	0	0	0	0	0	0	0	0	0	0	0	0	0	0	5148120	0	0	0	0	0	0	0	0	0	0	0	0	0	0	0	0	0	0	0	0	0	0	0	0	0	0	0	0
2023-08-21	0	0	0	0	0	5441848	0	0	0	0	0	0	0	0	0	0	0	0	0	0	0	0	0	0	0	0	0	0	0	0	0	0	0	0	0	0	0	0	0	0	0	0	0	0	0	0	0	0	0	0	0	0	0	0	0	0	0	0	0	0	0	0	0	0	0	0	0	0	0	0	0	0	0	0	0	0	0	0	0	0	0	0	0	0	0	0	0	0	0	0	0	0	0	0	0	0	0	0	0	0	0	0	0	0	0	0	0	0	0	0	0	0	0	0	0	0	0	0	0	0	0	0	0	0	0	0	0	0	0	0	0	0	0	0	0	0	0	0	0	0	0	0	0	0	0	0	0	0	0	0	0	0	0	0	0	0	6204536	0	0	0	0	0	0	0	0	0	0	0	0	0	0	0	0	0	0	0	0	0	0	0	0	0	0	0	0
2023-08-28	0	0	0	0	0	0	0	0	0	0	0	0	0	0	0	0	0	0	0	0	0	0	0	0	0	0	0	0	0	0	0	0	0	0	0	0	0	0	0	0	0	0	0	0	0	0	0	0	0	0	0	0	0	0	0	0	5693296	0	0	0	0	0	0	0	0	0	0	0	0	0	0	0	0	0	0	0	0	0	0	0	0	0	0	0	0	0	0	0	0	0	0	0	0	0	0	0	0	0	0	0	0	0	0	0	0	0	0	0	0	0	0	0	0	0	0	0	0	0	0	0	0	0	0	0	0	0	0	0	0	0	0	0	0	0	9259628	0	0	0	0	0	0	0	0	0	0	0	0	0	0	0	0	0	0	0	0	0	8074936	0	0	0	0	0	0	0	0	0	0	0	0	0	0	0	0	0	0	0	0	0	0	0	0	0	0	0	0
2023-09-04	0	0	0	0	0	0	0	0	0	0	0	0	0	0	0	0	0	0	0	0	0	0	0	0	0	0	0	0	0	0	0	0	0	0	0	0	0	0	0	0	0	0	0	0	0	0	0	0	0	0	0	0	0	0	0	0	0	0	0	0	0	0	0	0	0	0	0	0	0	0	0	0	0	0	0	0	0	0	0	0	0	0	0	0	0	0	0	0	0	0	0	0	0	0	0	0	0	0	0	0	0	0	0	0	0	0	0	0	0	0	0	0	0	0	0	0	0	0	0	0	0	0	0	0	0	0	0	0	0	0	0	0	0	0	0	0	0	0	0	0	0	0	0	0	0	0	0	0	0	0	0	0	0	0	0	0	6756016	0	0	0	0	0	0	0	0	0	0	0	0	0	0	0	0	0	0	0	0	0	0	0	0	0	0	0	0
2023-09-11	0	0	0	0	0	0	0	0	0	0	0	0	0	0	0	0	0	0	0	0	0	0	0	0	0	0	0	0	0	0	0	0	0	0	0	5242880	0	0	0	0	0	0	0	0	0	0	0	0	0	0	0	0	0	0	0	0	0	0	0	0	0	0	0	0	0	0	0	0	0	0	0	0	0	0	0	0	0	0	0	0	0	0	0	0	0	0	0	0	0	0	0	0	0	0	0	0	0	0	0	0	0	0	0	0	0	0	0	0	0	0	0	0	0	0	0	0	0	0	0	0	0	0	0	0	0	0	0	0	0	0	0	0	0	0	0	0	0	0	0	0	0	0	0	0	0	0	0	0	0	0	0	0	0	0	0	0	5236184	0	0	0	0	0	0	0	0	0	0	0	0	0	0	0	0	0	0	0	0	0	0	0	0	0	0	0	0
2023-09-18	0	0	0	0	0	0	0	0	0	0	0	0	0	0	0	0	0	0	0	0	0	0	0	0	0	0	0	0	0	0	0	0	0	0	0	0	0	0	0	0	0	0	0	0	0	0	0	0	0	0	0	0	0	0	0	0	0	0	0	0	0	0	0	0	0	0	0	0	0	0	0	0	0	0	0	0	0	0	0	0	0	0	0	0	0	0	0	0	0	0	0	0	0	0	0	0	0	0	0	0	0	0	0	0	0	0	0	0	0	0	0	0	0	0	0	0	0	0	0	0	0	0	0	0	0	0	0	0	0	0	0	0	0	0	0	0	0	0	0	0	0	0	0	0	0	0	0	0	0	0	0	0	0	0	0	0	5834640	0	0	0	0	0	0	0	0	0	4446388	0	0	0	0	0	0	0	0	0	0	0	0	0	0	0	0	0	0
2023-09-25	0	0	0	0	0	0	0	0	0	0	0	0	0	0	0	0	0	0	0	0	0	0	0	0	0	0	0	0	0	0	0	0	0	0	0	0	0	0	0	0	0	0	0	0	0	0	0	0	0	0	0	0	0	0	0	0	5693296	0	0	0	0	0	0	0	0	0	0	0	0	0	0	0	0	0	0	0	0	0	0	0	0	0	0	0	0	0	0	0	0	0	0	0	0	0	0	0	0	0	0	0	0	0	0	0	0	0	0	0	0	0	0	0	0	0	0	0	0	0	0	0	0	0	0	0	0	0	0	0	0	0	0	0	0	0	0	0	0	0	0	0	0	0	0	0	0	0	0	0	0	0	0	0	0	0	0	0	7559464	0	0	0	0	0	0	0	0	0	0	0	0	0	0	0	0	0	0	0	0	0	0	0	0	0	0	0	0
2023-10-02	0	0	0	0	0	0	0	0	0	0	0	0	0	0	0	0	0	0	0	0	0	0	0	0	0	0	0	0	0	0	0	0	0	0	0	0	0	0	0	0	0	0	0	0	0	0	0	0	0	0	0	0	0	0	0	0	0	0	0	0	0	0	0	0	0	0	0	0	0	0	0	0	0	0	0	0	0	0	0	0	0	0	0	0	0	0	0	0	0	0	0	0	0	0	0	0	0	0	0	0	0	0	0	0	0	0	0	0	0	0	0	0	0	0	0	0	0	0	0	0	0	0	0	0	0	0	0	0	0	0	0	0	0	0	0	0	0	0	0	0	0	0	0	0	0	0	0	0	0	0	0	0	0	0	0	0	2037040	0	0	0	0	0	0	0	0	0	0	0	0	0	0	0	0	0	0	0	0	0	0	0	0	0	0	0	0
2023-10-09	0	0	0	0	0	0	0	0	0	0	0	0	0	0	0	0	0	0	0	0	0	0	0	0	0	0	0	0	0	0	0	0	0	0	0	0	0	0	0	0	0	0	0	0	0	0	0	0	0	0	0	0	0	0	0	0	0	0	0	0	0	0	0	0	0	0	0	0	0	0	0	0	0	0	0	0	0	0	0	0	0	0	0	0	0	0	0	0	0	0	0	0	0	0	0	0	0	0	0	0	0	0	0	0	0	0	0	0	0	0	0	0	0	0	0	0	0	0	0	0	0	0	0	0	0	0	0	0	0	0	0	0	0	0	0	0	0	0	0	0	0	0	0	0	0	0	0	0	0	0	0	0	0	0	0	0	955224	0	0	0	0	0	0	0	0	0	0	0	0	0	0	0	0	0	0	0	0	0	0	0	0	0	0	0	0
2023-10-16	18531954	0	8484586	0	0	0	0	0	8435000	5842136	0	0	0	0	0	9490028	0	132728	0	0	0	0	0	0	0	9328163	9338139	0	9185058	0	0	0	9293301	0	9315451	9362422	9398153	0	0	9304021	0	0	0	9167879	0	0	9086843	0	0	0	0	0	0	0	8388608	0	0	9196487	0	0	0	0	0	9240397	0	0	0	0	0	0	0	9504552	0	9542964	0	0	0	0	0	0	9381606	0	0	0	0	0	0	9131349	0	0	0	0	0	0	0	9446944	17833354	0	9088120	0	0	0	9103933	0	0	0	0	0	9531288	0	0	0	0	0	0	0	0	0	0	8830282	0	0	9182271	9234402	8915313	0	0	0	0	9102821	0	0	0	18664816	4629814	6108548	9529609	9294759	8282033	9534734	9284519	9414815	0	0	9578118	9307366	0	0	0	9292615	9458837	7757219	9276423	9604676	9318761	9155509	10089753	0	9303933	0	0	0	0	9760941	0	0	0	9259997	0	9188179	0	0	0	0	0	0	9150244	0	0	0	9350742	0	9389238	0	0
2023-10-23	9265977	9477616	8484586	6241248	0	0	9378125	6846509	8435000	0	0	9439140	0	0	9637808	9490028	9275876	0	0	0	8683141	9301389	0	0	0	0	9338139	9445459	9185058	0	8974810	9310063	9293301	9132677	9315451	18724844	0	0	0	0	0	9226716	8967457	9167879	0	7222550	9086843	0	9006118	9018497	0	0	9071021	9068270	0	0	11386592	9196487	9233747	8999080	9184711	6263797	9341407	0	9483498	9570530	9749509	0	0	9475993	6814468	9504552	0	19085928	9517446	6406297	0	9555927	9520997	9643648	0	9371575	7052536	0	0	9232021	0	0	0	9241224	9303971	9007305	9167846	9188851	9136034	0	0	9227412	0	6473339	9389082	9289036	9103933	9321415	0	9123083	9282451	9340568	9531288	9597961	10211245	9287987	8304443	12126218	34948934	8602460	10031762	10575697	9390411	0	6778951	9217002	0	9234402	0	0	8867924	9382420	9237423	9102821	20651086	0	9348832	0	13889442	0	0	9294759	0	0	0	0	10100368	0	8983363	9307366	0	0	0	9292615	18917674	7757219	9276423	9604676	0	9155509	0	9383530	9303933	9180926	9514272	9572705	9178339	9760941	9450994	0	9463804	9259997	9234158	0	0	9326662	9444903	9636262	9270437	2859741	9150244	0	0	9371660	0	0	9389238	0	0
2023-10-30	0	0	0	0	0	0	0	0	0	0	0	0	0	0	0	0	0	0	0	0	0	0	0	0	0	0	0	0	0	0	0	9310063	0	0	0	0	0	0	8388608	0	0	0	0	0	0	0	0	0	0	0	0	0	0	0	0	0	5693296	0	9233747	0	9184711	0	0	0	0	0	0	0	0	0	0	0	0	0	0	0	0	0	0	0	0	0	7052536	0	0	0	0	0	0	8388608	0	618697	779238	0	0	0	0	0	0	0	0	0	0	0	9221903	0	0	0	0	0	0	0	0	0	0	0	0	0	0	0	0	0	0	0	0	0	0	0	4446388	0	0	0	0	0	4629814	0	9529609	0	0	0	0	0	0	0	0	0	0	0	0	0	0	0	0	0	0	0	0	0	0	0	0	9572705	789731	0	0	0	1075196	0	9234158	0	0	0	0	0	0	0	0	0	0	0	0	0	0	0	0
2023-11-06	0	0	0	0	0	0	0	0	0	0	0	0	0	0	0	0	0	0	0	0	0	0	0	0	0	0	0	0	0	0	0	0	0	0	0	0	0	0	0	0	0	0	0	0	0	0	0	0	0	0	0	0	0	0	0	0	0	0	0	0	0	0	0	0	0	0	0	0	0	0	0	0	0	0	0	0	0	0	0	0	0	0	0	0	0	0	0	0	0	0	0	0	0	0	0	0	0	0	8388608	0	0	0	0	0	0	0	0	0	0	0	0	0	8304443	0	0	0	0	0	0	0	0	0	0	0	0	0	0	0	0	0	0	0	0	0	0	0	0	0	0	0	0	0	0	0	0	0	0	0	0	9292615	0	0	0	0	0	0	833744	0	0	0	0	0	0	0	0	0	0	0	0	0	0	0	0	0	0	0	0	0	0	0	0	0	0	0	0
2023-11-13	0	0	0	0	0	0	0	0	0	0	0	0	0	0	0	0	0	0	0	0	0	0	0	0	0	0	0	0	0	0	0	0	0	0	0	0	0	0	0	0	0	0	0	0	0	0	0	0	0	0	0	0	0	0	0	0	0	0	0	0	0	0	0	0	0	0	4506629	0	0	0	0	0	0	0	0	0	0	0	0	0	0	0	0	0	0	0	0	0	0	0	0	0	0	0	0	0	0	0	0	0	0	0	0	0	0	0	0	0	0	0	0	0	0	0	0	0	0	0	0	0	0	0	0	0	0	0	0	0	0	0	0	0	0	0	4629814	0	0	0	0	0	0	0	0	0	0	0	0	0	0	0	0	0	0	0	0	0	9901233	0	0	0	0	0	0	0	0	0	0	0	0	0	0	0	0	0	0	0	0	0	0	0	0	0	0	0	0
2023-11-20	11455989	9477616	8484586	0	9599512	9498769	0	6846509	8435000	0	7658452	0	9151518	0	0	9490028	9275876	6187799	0	9434014	8683141	9301389	9378966	7794555	0	9328163	0	9445459	9185058	0	8974810	0	9293301	9132677	9315451	9362422	9398153	9121187	0	0	9194087	9226716	8967457	0	0	0	9086843	9051273	9006118	0	9191650	9184579	9071021	9068270	8789303	0	0	9196487	0	0	9184711	6263797	9341407	9240397	0	0	9749509	0	6399325	0	6814468	9504552	0	0	0	0	0	0	0	0	0	0	7052536	9369386	0	9232021	9265471	0	9264106	0	9303971	0	9167846	9188851	0	9446944	8916677	0	0	6473339	0	9289036	9103933	0	0	9123083	9282451	9340568	9531288	9597961	10211245	0	0	0	0	8602460	0	10575697	9390411	0	0	9217002	0	0	0	0	8867924	0	0	0	10325543	0	0	0	4629814	6108548	9529609	9294759	8282033	0	9284519	0	5050184	9255857	0	9307366	9380663	0	9338967	9292615	9458837	7757219	9276423	0	0	9155509	30845571	0	9303933	0	9514272	9572705	9178339	9760941	0	9471396	9463804	9259997	9234158	0	9347148	0	0	9636262	9270437	2859741	9150244	0	9432445	9371660	0	9352193	0	0	7752435
2023-11-27	0	0	0	0	0	0	0	0	0	0	0	0	0	0	0	0	0	0	0	0	0	0	0	0	0	0	0	0	0	0	0	0	0	0	0	0	0	0	0	0	0	0	0	0	0	0	0	0	0	0	0	0	0	0	0	0	0	0	0	0	0	0	0	0	0	0	0	0	0	0	0	0	0	0	0	0	0	0	0	0	0	0	0	0	0	0	0	0	0	0	0	0	0	0	0	0	0	0	0	0	0	0	0	0	0	0	0	0	0	0	0	0	0	0	0	0	0	0	0	0	0	0	0	0	0	0	0	0	0	0	0	0	0	0	0	0	0	0	0	0	0	0	0	0	0	0	0	0	0	0	0	0	0	0	0	0	414784	0	0	0	0	0	0	0	0	0	0	0	0	0	0	0	0	0	0	0	0	0	0	0	0	0	0	0	0
2023-12-04	0	0	0	0	0	0	0	0	0	0	0	0	0	0	0	0	0	0	0	0	0	0	0	0	0	0	0	0	0	0	0	0	0	0	0	0	0	0	0	0	0	0	0	0	0	0	0	0	0	0	0	0	0	0	0	0	0	0	0	0	0	0	0	0	9483498	9570530	9749509	9389362	6399325	9475993	6814468	9504552	9445318	9542964	9517446	6406297	9365893	9555927	9520997	9643648	9381606	9371575	7052536	0	0	0	0	0	0	0	0	0	0	0	0	0	0	0	0	0	0	0	0	0	0	0	0	0	0	9597961	10211245	9287987	8304443	10257413	9085859	8602460	10031762	10575697	9390411	8830282	6778951	9217002	9182271	9234402	8915313	9067399	8867924	9382420	9237423	9102821	10325543	8209944	0	0	0	0	0	0	0	0	0	0	0	0	0	0	0	0	0	0	0	0	0	0	0	0	4715272	0	0	9180926	9514272	9572705	9178339	9760941	9450994	9471396	9463804	0	9234158	9188179	0	9326662	9444903	9636262	9270437	2859741	9150244	9207780	9432445	9371660	9350742	0	9389238	9554661	7752435
2023-12-11	0	0	0	0	0	0	0	0	0	0	0	0	0	0	0	0	0	0	0	0	0	0	0	0	0	0	0	0	0	0	0	0	0	0	0	0	0	0	0	0	0	0	0	0	0	0	0	0	0	0	0	0	0	0	0	0	0	0	0	0	0	0	0	0	0	0	0	0	0	0	0	0	0	0	0	0	0	0	0	0	0	0	0	0	0	0	0	0	0	0	0	0	0	0	0	0	0	0	0	0	0	0	0	0	0	0	0	0	0	0	0	0	0	0	0	0	0	0	0	0	0	0	0	0	0	0	0	0	0	0	0	0	0	0	4629814	0	0	0	0	0	0	0	0	0	0	0	0	0	0	0	0	0	0	0	0	0	1344864	0	0	0	0	0	0	0	0	0	0	0	0	0	0	0	0	0	0	0	0	0	0	0	0	0	0	0	0
2024-01-01	0	0	0	0	0	0	0	0	0	0	0	0	0	0	0	0	0	0	0	0	0	0	0	0	0	0	0	0	0	0	0	0	0	0	0	0	0	0	0	0	0	0	0	0	0	0	0	0	0	0	0	0	0	0	0	0	5693296	0	0	0	0	0	0	0	0	0	0	0	0	0	0	0	0	0	0	0	0	0	0	0	0	0	0	0	0	0	0	0	0	0	0	0	0	0	0	0	0	0	0	0	0	0	0	0	0	0	0	0	0	0	0	0	0	0	0	0	0	0	0	0	0	0	0	0	0	0	0	0	0	0	0	0	0	0	13889442	0	0	0	0	0	0	0	0	0	0	0	0	0	0	0	0	0	0	0	0	0	0	0	0	0	0	0	0	0	0	0	0	0	0	0	0	0	0	0	0	0	0	0	0	0	0	0	0	0	0
2024-01-08	0	0	0	0	8892776	0	0	0	0	0	0	6238216	0	8892776	0	0	0	0	0	0	0	0	0	0	0	0	0	0	0	0	0	0	4050421	0	0	0	0	0	9566957	0	0	0	0	0	0	0	0	0	0	0	0	0	0	0	0	0	0	0	0	0	0	0	0	0	0	9570530	0	0	0	0	0	0	0	0	0	0	0	0	0	0	0	0	7052536	0	0	0	0	0	0	0	0	0	0	0	0	0	0	0	0	0	0	0	8892776	0	6503672	0	0	0	0	0	0	0	0	0	0	0	10031762	0	0	0	0	0	0	0	0	0	0	0	0	0	0	0	0	0	0	0	0	0	0	0	0	0	0	0	0	0	0	0	0	0	0	0	0	0	0	0	0	0	0	0	0	0	0	0	0	8892776	0	5242756	0	0	0	0	0	0	0	0	0	0	0	0	0	0	0	0	0
2024-01-22	0	0	0	0	0	0	0	0	0	0	0	0	0	0	0	0	0	0	0	0	0	0	0	0	0	0	20109878	14946175	9697058	21782125	4446388	10593811	13889541	19831682	17205271	24671196	31818986	17041335	21076469	24397046	10115687	16724060	16605025	0	0	13695894	0	10145674	9927718	10042497	4446388	6503672	0	9273070	6636400	6370944	15766616	13007775	9848147	4446388	4446388	8229136	6370944	0	0	0	0	0	0	0	0	0	0	0	0	0	0	0	0	0	0	0	0	0	0	0	0	0	6370944	16877004	0	0	9475046	9496051	0	6769128	0	0	0	0	9624210	9493836	0	0	0	0	0	17194352	0	0	0	0	0	0	0	0	0	0	0	0	0	0	0	0	0	0	0	0	0	0	0	0	10372832	10561208	9485802	23693632	20991669	14560347	13378857	42368302	0	6370944	4446388	17221570	9935291	16635946	30120986	32708186	2190012	10039743	10111274	16773566	24072474	22297324	18928337	27338984	18557682	18767060	4380024	0	0	0	0	0	0	0	0	0	0	0	0	0	0	0	0	0	0	0	0	0	0	0	0	0	0
2024-01-29	12275189	6370944	6370944	3981840	6370944	4446388	9378125	7798437	6304580	6046936	16750504	0	0	6238216	10559408	2190012	6370944	6187799	0	16419358	9502341	0	9890966	8204155	9326567	0	0	0	0	0	0	0	16476909	0	0	0	0	0	0	0	17053579	10353116	14016829	14778491	2190012	13961350	5840032	11074770	16431390	2190012	12671118	9594179	0	14714918	9608503	13738978	0	1194552	6570036	13172516	265456	0	0	16532941	0	0	0	0	0	0	0	0	0	0	0	6815897	0	0	0	0	0	0	7359736	10290986	6304580	0	5574576	10257749	10083306	0	132728	0	9475046	0	14346674	15761152	10145477	0	10419320	7109878	0	11683848	0	6370944	15452623	10249483	15363319	10159768	12233300	0	0	0	0	0	0	0	0	0	0	0	0	0	0	0	0	0	0	0	0	0	0	0	0	0	0	0	0	0	0	0	0	0	0	0	0	0	0	0	0	0	0	0	0	0	0	0	0	0	0	14332698	0	0	15718047	16643885	0	10218524	0	10079197	15995790	0	0	10278590	0	0	9372837	0	7034584	13019068	10046845	16320968	16950486	0	2654560	12461473	0
2024-02-05	0	0	0	0	0	0	0	0	0	0	0	0	0	0	0	0	0	0	0	0	0	0	0	0	0	0	0	0	0	0	0	0	0	0	0	0	0	0	0	0	0	0	0	0	0	0	0	0	0	0	0	0	0	0	0	0	0	0	0	0	0	0	0	0	5242756	10184930	6304580	16025762	10948113	15913301	0	16556260	6769128	0	0	0	13268165	4844572	10442597	16731392	16264550	0	0	0	0	0	0	0	0	0	0	0	0	0	0	0	0	0	0	0	0	0	0	0	0	0	0	0	0	6370944	4180932	13408263	5441848	4380024	10314659	11611672	16600010	4977300	10516811	10161482	11737339	10036202	0	0	12726601	0	0	0	10394151	4048204	11247143	9161872	0	0	0	0	0	0	0	0	0	0	0	0	0	0	0	0	0	0	0	0	0	0	0	0	0	0	0	0	0	9675105	0	0	0	0	15188232	0	0	11685391	0	0	0	0	0	0	0	0	0	0	0	0	0	0	0
2024-02-19	0	0	0	0	0	0	0	0	0	0	0	0	0	0	0	0	0	0	0	0	0	0	0	0	0	0	0	0	0	0	0	0	0	0	0	0	0	0	0	0	0	0	0	0	0	0	7830952	0	0	0	0	0	0	0	0	0	0	0	0	0	0	0	0	0	0	0	0	0	0	0	0	0	0	0	0	0	0	0	7896488	0	0	0	0	7830952	0	0	0	0	0	0	0	0	0	0	0	0	0	0	0	0	7830952	0	0	0	7830952	0	9282451	0	0	7764588	0	0	0	0	7830952	0	0	0	0	0	0	0	0	0	0	0	0	0	0	0	0	0	0	0	0	0	0	0	0	0	0	0	0	0	0	0	0	0	0	0	0	0	0	0	0	0	0	0	0	0	0	0	0	0	0	0	0	0	0	0	0	0	0	0	0	0	0	0	0	0	0	0	0	0	0
2024-02-26	0	0	0	0	0	0	0	6846509	0	0	0	0	0	0	0	0	0	0	0	0	0	0	0	0	0	0	0	0	0	0	0	0	0	0	0	0	0	0	0	0	0	0	0	0	0	0	0	0	0	0	0	0	0	0	0	0	0	0	0	0	0	0	0	0	0	0	0	0	0	0	0	0	0	0	0	0	0	0	0	0	0	0	0	0	0	0	0	0	0	0	0	0	0	0	0	0	0	0	0	0	0	0	0	0	0	0	0	0	0	0	0	0	0	0	0	0	0	0	0	0	0	0	0	0	0	0	0	0	0	0	0	0	0	0	0	0	0	0	0	0	0	0	0	0	0	0	0	0	0	0	0	0	0	0	0	0	0	0	0	0	0	0	0	0	0	0	0	0	0	0	0	0	0	0	0	0	0	0	0	0	0	0	0	0	0
2024-03-04	10143346	9477616	0	6241248	9599512	9498769	0	6846509	8435000	5842136	7658452	9439140	762910	9313302	9637808	9490028	0	6187799	8667411	9434014	8683141	10214170	9378966	7794555	8609767	9328163	18676278	0	9185058	9114097	8974810	9310063	0	18265354	9315451	9362422	9398153	9121187	9566957	0	0	9226716	0	9167879	8833646	0	9086843	0	0	0	0	9184579	9071021	9068270	0	9377866	0	0	0	8999080	0	12527594	0	0	9483498	0	0	9389362	6399325	9475993	0	9504552	9445318	0	19034892	0	0	0	9520997	9643648	0	0	7052536	0	9224811	9232021	0	9131349	0	9241224	9303971	9007305	0	0	9136034	9446944	8916677	0	9088120	0	0	0	9103933	0	0	9123083	9282451	9340568	9531288	9597961	0	9287987	0	10257413	9085859	17204920	10031762	10575697	0	8830282	6778951	9217002	9182271	18468804	8915313	9067399	8867924	9382420	18474846	0	10325543	8209944	0	9332408	0	6108548	9529609	0	0	0	9284519	9414815	0	0	0	0	9380663	9468295	0	9292615	0	0	9276423	0	0	0	37115364	0	9303933	0	9514272	0	0	0	9450994	9471396	0	9259997	0	0	9347148	0	9444903	0	0	0	9150244	0	9432445	0	0	9352193	0	0	7752435
2024-03-11	44127758	33380072	29419196	21177067	26527604	43857630	52025415	32536020	57805924	8096408	40463336	62882568	37983916	44531396	50252612	65977112	60888316	10529587	47481202	58653484	67209524	38004885	67392022	32564729	35775046	62355677	66479129	98695775	61410442	96404791	57360886	81596368	39176566	88666773	78015223	82184466	66731243	67213412	56858463	42460972	69243861	77649328	27895222	97934689	52502242	77065046	64355112	53963665	75707752	43312394	59745670	83329237	91986559	70383410	71285152	44023134	6636400	53821238	45852861	56679400	65562824	19777319	90576978	92626801	32052966	30191732	20971024	12343704	10737739	31640741	45790552	39480512	57852942	54670332	49986282	6300630	33239094	35792050	54621555	57826036	50911928	17636747	33808512	62665880	71080968	83028434	58832277	47934640	93698514	36072828	82193703	17851916	57236728	90810821	76941050	84546544	67589924	71957680	54741188	10284579	51566860	22302088	62906728	53015806	61467655	97371355	68520989	59789360	34222108	42226362	41217254	27546530	28731351	30985346	38210070	15756568	46737448	17132529	28991594	40563984	30044714	12410068	28775613	22109018	42891647	35063326	11262736	27964340	28377967	10434021	38952558	24097412	74739692	95453176	13945228	4446388	65270940	57989034	59182776	62874778	66151615	112724162	9393698	69746979	70240030	89499888	70081475	85912507	69334032	87299501	77179537	86385977	120847697	45723816	83798994	74945493	81101749	78971462	99475887	48373578	55996812	50540462	61024217	66243720	44033244	44525648	50617484	49881335	27209240	34652662	54045608	78258954	19046468	48404810	53668651	9476097	50855984	51973564	41761731	55618216	69660136	47793439	53636700	30962070	24312370
2024-03-18	0	12077228	8484586	0	10111512	13471892	23202638	6846509	11879156	0	15373800	25780136	19136540	16503446	6370944	14237908	9275876	0	6636400	22790302	22244229	9301389	16792822	6503672	6636400	6769128	19279535	5906396	25425326	6370944	6835492	6968220	9907701	18675889	10339451	23882934	23556517	25830702	26053769	0	9194087	7100948	9172257	9270279	19203292	7222550	16276987	16085857	16232298	16479805	14493274	6901856	10817332	9273070	9506103	0	0	25721554	18873651	22662568	15760455	0	6370944	0	19171796	11016424	15661904	12609160	0	6370944	13833736	14998264	8627320	2190012	17335194	0	22758217	0	18413773	16731392	16264550	0	14412272	23894778	14002804	4446388	0	15396448	14467352	10572424	22715014	25838066	6304580	24989482	10364834	6835492	19062154	13673800	16621500	0	18716078	8560956	24836121	16818759	26134534	19372566	16491507	9340568	12233300	0	0	0	8304443	0	0	18676584	0	0	0	0	0	0	0	16460582	0	0	0	0	0	13221309	0	0	9348832	12119696	0	0	26499881	6370944	14440681	16502954	0	17268599	0	18084302	9802563	24135078	9585463	0	21891946	12741888	17544042	0	6570036	12741888	22777449	19011794	18557682	15754474	0	16124526	23075360	23080633	9280739	15728268	10270194	9471396	10078204	96555598	29545674	4446388	17001840	10248262	0	0	24085122	0	2190012	14400988	25941218	0	13737348	0	18323758	4446388	16016870
2024-03-25	9368377	12741888	28213228	13496192	10009112	25994676	20707457	14000218	172061804	10595724	18210512	17691108	18583672	19445804	12749420	26983692	22601836	11146187	20624347	6437308	19255902	25449686	29531732	22635110	15016747	29955330	13737348	13450131	27833760	22096821	23624808	16259371	10087402	19289354	22762723	6370944	26191250	9325987	10078957	22154017	10563111	12520296	15543201	0	132728	14207894	6835492	0	9415718	2190012	14125688	16169923	9890221	0	6636400	16459902	0	9606087	6370944	0	2190012	0	0	14887045	0	12374942	0	9491762	10948113	6370944	7428868	6769128	12352130	8361864	6437308	7020697	5110028	132728	0	16122700	0	9576375	13254716	11703542	242098452	15506273	16944783	124138474	0	142118848	6968220	5441848	14600080	0	15952614	9989272	0	4446388	3517292	6882939	4313660	9493836	4977300	4579116	0	31397654	2787288	6370944	9838488	6702764	0	9799987	0	10564613	5441848	11406872	4446388	11087697	16804206	0	0	0	0	14911378	9324913	6901856	6105488	0	13369115	0	0	15153544	10513056	15883532	0	6108548	90528660	0	0	9841934	0	15453939	9701372	0	17108311	19843532	16197243	17111571	9953367	464548	9732002	8064419	12473311	10505352	9830761	0	15455573	0	2190012	9795326	9923872	15575793	6636400	5972760	0	16354340	0	11962009	6304580	2190012	24629232	16179278	14928495	9636262	9884837	0	9596488	9514980	15283893	10088460	10520674	2853652	12917946	2190012	11998306
2024-04-01	9368377	6370944	8996586	4446388	16711876	16050082	16327433	7153709	6304580	4446388	6636400	7167312	6370944	9722902	0	2190012	9992676	4446388	6370944	16726558	0	15877133	9788566	14370299	6370944	6769128	8892776	16569239	7432768	17119521	15031058	0	16458346	16015621	0	19339854	7034584	11847819	0	9611221	0	0	0	16146687	11402930	7836950	16193499	9500946	25136016	2190012	9679300	132728	16261165	9477870	0	16725358	4446388	16640671	16050327	0	15229543	4446388	0	5640940	17060410	0	0	7432768	4446388	11912549	13739156	0	10162118	4711844	0	11467085	10554737	9760727	7233676	9950848	7034584	4711844	13321080	2190012	9634411	13780809	6503672	6769128	12741888	9548424	15879715	15619085	16050790	7897316	6370944	22465704	0	79559068	9472240	6370944	0	9493836	14925053	9731015	9938703	15698827	0	9954968	0	16555666	16870477	6370944	8714043	6370944	10082118	9216860	10543762	17724097	9769622	9342282	132728	15032414	4579116	13252278	4313660	5773668	13663256	0	0	0	2190012	0	9451232	4380024	9281002	6108548	23477465	6503672	9191266	0	9591719	0	4446388	15943530	10007363	19843532	9892663	4313660	9953367	0	0	14435363	0	0	0	16013998	0	9618658	9406333	11985338	16228452	14447605	9895139	6304580	14511782	201095452	4446388	2190012	16376850	11890191	16296456	0	9752103	14746290	10017565	2962141	16365616	0	5640940	4512752	0	16030337	16103418	10169061	8848870
2024-04-08	18531954	9477616	16969172	6241248	9599512	0	0	0	8435000	5842136	0	0	18303036	0	9637808	9490028	0	0	17334822	18868028	8683141	0	9378966	15589110	0	9328163	9338139	9445459	0	9114097	8974810	9310063	0	9132677	9315451	0	9398153	9121187	9566957	178065555	0	9226716	8967457	0	17667292	14445100	9086843	9051273	18012236	0	9191650	0	114157549	9068270	8789303	9377866	11386592	9196487	0	8999080	18369422	12527594	9341407	18480794	18966996	0	19499018	0	153460674	0	0	0	0	0	9517446	6406297	0	19111854	9520997	9643648	0	0	7052536	224067286	9224811	9232021	9265471	0	0	18482448	9303971	0	9167846	0	9136034	9446944	8916677	9227412	0	12946678	9389082	0	9103933	9321415	9221903	18246166	9282451	18681136	9531288	0	10211245	88513883	0	10257413	9085859	0	20063524	0	9390411	0	13557902	0	9182271	9234402	8915313	9067399	8867924	9382420	9237423	9102821	10325543	0	0	18664816	0	0	19059218	0	8282033	9534734	9284519	18829630	10100368	0	8983363	9307366	9380663	18936590	9338967	9292615	9458837	7757219	9276423	121434016	9318761	0	9278841	18767060	0	9180926	19028544	19145410	0	0	9450994	9471396	0	9259997	119445380	9188179	18694296	9326662	0	9636262	18540874	5719482	9150244	0	9432445	0	9350742	18704386	18778476	9554661	7752435
2024-04-15	0	0	0	0	0	108026530	0	0	0	0	0	0	0	0	0	244152748	0	0	0	0	0	0	0	0	0	9328163	0	0	0	0	0	9310063	0	0	0	0	0	0	0	0	0	0	0	0	0	0	0	0	0	0	0	107655085	0	0	0	0	0	0	0	0	0	0	0	0	0	0	0	0	0	0	0	0	0	0	0	0	0	0	0	0	0	0	55672332	0	0	0	0	0	0	0	0	0	0	0	0	0	0	0	0	0	0	0	0	0	0	0	0	86322148	0	0	0	0	0	0	0	0	0	0	0	0	0	0	0	0	67581508	0	0	0	0	0	0	0	0	0	0	0	0	0	0	0	0	0	0	0	0	0	0	0	180344039	0	0	0	0	0	0	0	0	0	0	0	0	0	0	0	0	0	0	0	0	0	0	0	101340148	0	0	0	0	0	0	0	0	0	0	0	0
2024-04-22	11558389	16855436	8996586	0	16711876	14125526	4446388	6636400	8370800	4446388	8375252	17226560	2190012	144630822	4380024	12396840	17027260	11248587	0	4446388	0	132728	9788566	0	0	9635363	0	10264659	17002806	0	9589210	6702764	14201970	15418345	0	6370944	9910153	9325987	10225114	7565496	0	5906396	16206841	176685982	9345646	7836950	9291643	19001892	0	0	0	9798979	7830952	9068270	7830952	0	0	9196487	0	0	0	0	0	9240397	0	0	0	0	0	0	0	0	0	0	0	0	0	0	0	0	0	0	0	0	0	0	0	0	0	0	0	128581541	0	0	0	0	0	0	0	0	0	0	0	0	0	0	0	0	0	0	0	0	0	0	0	0	0	0	0	0	0	0	0	0	0	0	0	0	0	0	0	0	0	0	0	0	0	0	0	0	0	0	0	72863830	0	0	0	0	0	0	0	0	0	0	0	0	0	0	0	0	0	0	113714875	0	0	0	0	0	0	0	0	0	0	108785124	0	0	0	0	0	0	137387188	0	0	0	87652492
2024-04-29	0	0	0	0	0	0	0	81605162	0	0	0	0	0	0	0	0	0	0	0	0	0	0	0	0	0	0	0	0	175489856	0	0	0	0	0	0	0	0	0	0	0	0	0	0	0	0	0	0	0	0	9632897	0	0	0	0	15715806	12146242	6205296	9606087	9745747	0	13835899	11119785	132728	2322740	132728	132728	17428821	9491762	10948113	9987993	6570036	16471248	5441848	173223336	4380024	7020697	130380913	12548015	2190012	0	0	6370944	6636400	11968998	19871294	4446388	10969407	17637357	10968042	16848464	17972815	17742513	11264998	19392347	10971042	0	0	4446388	0	188531326	8030044	10992972	18892910	0	6304580	28877778	4446388	17747268	131072	0	12308397	11254067	16379323	19724281	7100948	10389176	12391058	6769128	19321827	11238036	8315022	168799640	7432768	18296084	0	10771335	6370944	4446388	4446388	11520970	14088419	2654560	120183632	19929120	0	4446388	7100948	10998695	0	17546562	0	17494663	0	15668325	17326146	11142374	7565496	7830952	2190012	18031135	7963680	9199011	10980359	195459204	4446388	0	8892776	10956394	4446388	0	0	11276641	0	0	11154930	11306404	10643452	15672465	0	0	0	0	0	0	0	0	0	0	0	0	0	0	0	0	0
2024-05-06	0	0	0	0	0	0	0	0	0	0	0	0	0	0	0	0	0	0	0	0	0	0	0	0	0	0	0	0	0	0	0	0	0	0	0	0	0	0	136926896	0	0	0	0	0	0	0	0	0	0	0	0	0	0	0	0	0	0	0	0	0	0	100220752	0	0	0	0	0	185809220	0	0	0	0	0	0	0	0	0	0	0	0	0	0	0	0	0	0	0	0	0	115390516	0	0	0	0	0	0	0	0	0	0	0	0	0	0	0	0	0	0	0	0	0	0	0	0	0	0	0	0	0	0	0	0	0	204395870	0	0	0	0	0	0	0	0	0	0	0	0	0	0	0	0	0	0	0	0	0	0	0	0	0	0	0	0	0	0	0	0	0	140462986	0	0	0	0	212957084	0	0	154014324	0	0	17892444	0	17823524	11161670	11418702	17976598	17278953	2190012	20135496	24849812	198068068	11075596	11054678	7897316	6370944	20813258	8932083
2024-05-13	18531954	18955232	0	0	0	9498769	0	6846509	8435000	5842136	0	0	9151518	0	9637808	9490028	9275876	0	8667411	9434014	17366282	9301389	0	0	0	9328163	9338139	0	131044878	167242992	8974810	18620126	0	0	9315451	9362422	0	0	9566957	0	0	0	0	18335758	17667292	7222550	0	9051273	18012236	9018497	9191650	0	9071021	9068270	17578606	9377866	0	0	0	8999080	9184711	0	0	9240397	9483498	9570530	9749509	9389362	6399325	0	0	0	9445318	0	9517446	12812594	18731786	9555927	0	9643648	0	9371575	0	9369386	0	0	9265471	0	18528212	9241224	9303971	248546107	0	0	18272068	9446944	176821617	0	18176240	6473339	9389082	9289036	9103933	18642830	18443806	9123083	0	155108104	9531288	0	0	9287987	8304443	10257413	0	8602460	0	10575697	0	8830282	0	0	18364542	9234402	17830626	9067399	0	339981136	9237423	9102821	10325543	16419888	0	9332408	4629814	12217096	0	9294759	8282033	9534734	0	18829630	5050184	18511714	0	0	9380663	9468295	0	0	0	0	18552846	9604676	0	0	9278841	9383530	18607866	0	0	19145410	9178339	0	9450994	18942792	9463804	18519994	9234158	0	0	9326662	0	19272524	9270437	5719482	18300488	18415560	17263397	0	0	9352193	0	9554661	7752435
2024-05-20	0	0	0	0	0	0	0	0	0	0	0	0	0	0	0	0	0	0	0	0	0	0	0	0	0	0	0	0	0	0	0	0	0	0	0	0	0	0	0	0	0	0	0	0	0	0	133469093	0	0	0	0	0	0	0	0	0	0	0	0	0	0	0	0	0	0	0	0	0	140624041	0	0	0	0	0	0	0	0	0	0	0	0	0	0	0	0	0	0	0	0	7830952	0	0	0	202971594	0	0	0	0	0	0	0	0	0	0	0	0	0	178235628	200118848	0	0	0	0	0	0	0	0	0	0	0	0	0	0	0	0	0	0	0	0	0	0	0	0	0	0	0	0	0	0	0	0	0	0	233525789	0	0	0	0	0	0	0	0	0	0	0	0	0	0	0	0	0	0	0	138947798	0	0	0	0	0	0	0	109307846	0	0	0	0	0	0	0	0	0	0	0	0	0
2024-05-27	0	0	23406480	0	9599512	0	0	0	241567672	0	0	0	0	0	0	0	0	0	0	0	0	0	0	0	0	0	0	0	0	0	0	0	0	0	0	0	0	206552502	0	0	0	0	0	0	0	0	0	0	0	0	0	0	0	0	0	0	0	0	0	0	202992576	0	0	0	0	0	0	0	0	153164181	0	0	0	0	0	0	0	0	0	0	0	0	0	0	0	0	173833268	0	0	0	0	0	0	0	0	0	0	0	0	0	0	0	0	0	0	0	0	0	0	0	0	0	0	0	0	0	0	0	0	0	0	0	0	0	0	0	8867924	0	0	0	0	0	9348832	0	0	61085480	0	0	0	0	0	0	0	0	0	0	0	0	0	0	0	0	0	0	0	0	0	0	267971679	0	0	0	0	0	0	0	164479216	0	0	0	0	0	0	0	0	51475338	0	0	0	0	0	0	0	0	0
2024-06-03	0	9477616	0	0	0	0	0	0	0	0	0	9439140	9151518	0	0	0	0	6187799	0	9434014	0	0	0	0	0	0	0	0	0	0	0	0	0	0	247257999	0	200527552	0	0	157015106	9194087	0	0	9167879	0	0	0	0	0	0	9191650	0	9071021	0	0	0	5693296	0	0	0	0	6263797	0	0	9483498	9570530	9749509	136464004	6399325	9475993	0	9504552	0	0	9517446	0	9365893	9555927	0	9643648	9381606	9371575	7052536	0	9224811	9232021	7830952	0	0	0	9303971	0	0	9188851	0	0	8916677	0	0	0	0	0	9103933	9321415	0	0	0	0	9531288	0	10211245	9287987	129601366	10257413	9085859	8602460	103857256	10575697	9390411	8830282	6778951	0	9182271	0	8915313	9067399	8867924	9382420	9237423	9102821	10325543	8209944	0	0	0	0	0	0	8282033	0	0	148518012	5050184	0	0	9307366	0	0	0	0	0	0	0	9604676	9318761	0	0	0	0	0	0	0	9178339	9760941	0	9471396	0	9259997	0	0	0	0	0	9636262	9270437	0	0	0	0	0	9350742	0	9389238	0	0
2024-06-10	0	0	0	0	0	0	0	6846509	0	0	0	0	0	9313302	0	206126224	0	0	0	0	7830952	0	0	0	0	0	0	0	0	0	0	0	0	0	0	0	0	0	0	0	0	0	0	0	0	0	0	0	0	0	0	0	0	0	0	0	0	0	0	0	0	0	0	0	0	0	0	0	0	0	0	0	0	0	0	0	0	0	0	0	0	147472847	0	0	0	0	0	7764588	0	0	0	0	0	0	0	0	0	0	0	0	0	0	0	0	0	0	0	0	0	0	0	0	0	0	0	0	0	0	0	0	0	0	0	0	0	0	0	0	0	0	0	80260440	0	0	0	0	0	0	0	0	0	0	0	0	0	9307366	0	0	0	0	0	0	0	0	0	0	0	0	0	0	0	0	0	0	0	0	0	0	0	0	0	0	0	0	0	0	0	0	0	0	0	0	0	0	0
2024-06-17	0	9477616	25453758	0	0	28496307	0	0	0	0	15316904	0	0	0	0	0	18551752	0	0	0	0	9301389	0	0	0	18656326	17102727	9224596	0	0	0	0	0	0	0	0	0	0	7897316	0	9194087	0	0	0	0	0	0	0	0	0	0	0	0	0	0	9377866	5693296	0	0	8999080	9184711	0	0	9240397	9483498	0	0	0	0	0	0	0	0	0	0	0	9365893	0	0	0	0	0	0	0	0	0	0	9131349	9264106	0	9303971	0	0	0	0	0	17833354	0	18176240	0	0	0	0	0	0	0	9282451	0	0	9597961	0	0	0	0	0	0	0	0	0	0	0	0	0	0	0	0	0	0	0	0	0	0	0	0	0	0	0	0	0	0	0	0	0	0	0	0	0	0	0	0	0	0	0	0	0	0	0	0	0	0	0	0	0	0	0	0	0	0	0	0	0	0	0	0	0	0	0	0	0	0	0	0	0	0	0
2024-06-24	0	0	0	0	0	0	0	0	0	0	0	0	0	0	0	0	0	0	0	0	0	0	0	0	0	0	0	0	0	0	0	9310063	0	0	0	0	0	0	0	0	0	0	0	0	0	0	0	0	0	0	0	0	0	0	0	0	0	0	0	0	0	0	0	0	0	0	0	0	0	0	0	0	0	0	0	0	0	0	0	0	0	0	0	0	0	0	0	0	0	0	0	0	0	0	0	0	0	0	0	0	0	0	0	0	0	0	0	0	0	0	0	0	0	0	0	0	0	0	0	0	0	0	9182271	0	0	0	0	0	0	0	0	0	0	0	0	0	0	0	0	0	0	9414815	0	0	0	0	0	9468295	9338967	0	0	0	9276423	9604676	9318761	0	0	46917650	0	0	0	0	0	0	0	9471396	0	9259997	9234158	18376358	9347148	9326662	9444903	0	0	2859741	0	18415560	0	0	0	0	0	0	0
2024-07-01	0	0	0	0	0	9498769	0	0	8435000	5842136	0	9439140	9151518	9313302	9637808	0	0	6187799	8667411	9434014	8683141	9301389	0	0	8609767	0	9338139	9445459	0	0	8974810	0	0	9132677	9315451	0	0	9121187	0	0	0	0	0	0	8833646	0	0	9051273	9006118	0	9191650	0	9071021	0	8789303	18755732	5693296	9196487	9233747	0	9184711	6263797	9341407	0	0	9570530	0	9389362	6399325	0	6814468	0	0	9542964	9517446	6406297	9365893	9555927	9520997	0	0	0	0	0	0	0	0	9131349	9264106	0	0	9007305	0	9188851	9136034	9446944	8916677	9227412	0	6473339	9389082	9289036	0	0	0	9123083	0	0	9531288	9597961	10211245	0	0	10257413	0	0	0	0	9390411	8830282	6778951	9217002	0	0	8915313	0	0	0	0	9102821	10325543	0	0	9332408	4629814	0	9529609	0	0	0	0	0	5050184	0	8983363	0	0	9468295	9338967	9292615	9458837	7757219	0	0	9318761	0	9278841	9383530	9303933	9180926	0	9572705	0	9760941	0	9471396	9463804	9259997	0	0	0	9326662	0	9636262	9270437	2859741	0	9207780	0	0	9350742	9352193	9389238	0	0
2024-07-08	2190012	22625248	18506942	0	11041304	11526434	18053593	14741594	6437308	7021784	0	0	6370944	0	4446388	18150320	9158232	6187799	17138819	17578570	0	0	6370944	17092209	0	19130163	17413019	11157670	6370944	0	27264924	10882927	19757285	16879049	18459838	0	21942034	10956195	0	19768005	0	11244472	19769922	11002887	0	6370944	10790779	18102546	0	0	0	9091868	0	0	0	0	0	0	0	0	0	0	0	0	0	0	0	0	0	0	0	0	0	0	0	0	0	0	0	0	0	0	0	0	0	0	0	0	0	0	0	0	0	0	0	0	0	0	0	0	0	0	0	0	0	0	0	0	0	0	0	0	0	0	0	0	0	0	0	0	0	0	0	0	0	0	0	0	0	0	0	0	0	0	0	0	0	0	0	0	0	0	0	0	0	0	0	0	0	0	0	0	0	0	0	0	0	0	0	0	0	0	0	0	0	0	0	0	0	0	0	0	0	0	0	0	0	0	0	0	0	0	0	0	0
2024-07-15	18531954	18955232	0	6241248	9599512	9498769	9378125	6846509	8435000	5842136	22975356	9439140	18303036	9313302	28913424	9490028	0	12375598	17334822	18868028	17366282	18602778	18757932	15589110	17219534	9328163	9338139	18890918	9185058	18228194	8974810	9310063	18586602	27398031	9315451	18724844	9398153	0	9566957	18608042	0	9226716	17934914	18335758	0	7222550	27260529	18102546	15841610	18036994	38732680	9184579	24554510	36670022	34383904	9377866	24010032	15567431	27858685	15436388	33925077	16973982	18682814	37188059	9483498	30284454	35619471	9389362	13978298	15846937	21903288	6769128	37781272	36773448	9517446	12812594	26363646	16723239	27780514	28357636	20467148	45299036	13423480	46008914	0	9232021	29500349	9131349	27930372	6901856	22045859	0	27503538	19688422	20107076	36556544	26750031	26777856	18176240	21174764	30002254	24949016	26669563	36639713	11319055	18246166	26639782	29725640	30783876	40218551	22519642	29830041	13803712	18795185	27541125	34230496	39090982	42494743	18780822	15798502	21872924	15853402	16349583	18096992	25779402	9067399	25941800	43922020	15608367	11520970	20651086	32442568	29488288	33351180	24029132	18325644	20763154	28832882	12175981	36947850	18089403	34209518	5050184	0	34250129	29757106	29225310	16569243	45165292	18163863	26350442	23393538	35904149	9604676	38839979	18311018	16180697	37288950	23240373	20551864	37546792	51271397	30434926	11526490	25317768	3915476	9463804	18285501	29989816	19962361	29483236	18653324	12232191	20976460	34426183	5719482	36121232	9207780	18864890	20447256	20405420	18837114	26325756	16103169	27755153
2024-07-22	0	9477616	6702764	0	0	4446388	4446388	6636400	0	17526408	0	0	0	9313302	2190012	4446388	8892776	6187799	6636400	8892776	0	0	0	0	0	18656326	17785552	17121912	9185058	8892776	4446388	6968220	18186077	18025453	0	9362422	18290929	0	18459733	0	9194087	9226716	8892776	0	0	0	9086843	7366404	9006118	0	0	0	0	2190012	0	0	4446388	2853652	8892776	4446388	4446388	4446388	9341407	8892776	8892776	2190012	19499018	9389362	0	0	6636400	0	9445318	8892776	132728	4446388	0	8892776	8892776	9643648	8892776	9371575	0	9369386	9224811	7830952	0	18262698	18156882	9241224	17785552	9007305	18060622	18081627	9136034	9446944	8916677	0	18176240	6473339	18281858	2190012	27100642	18642830	18114679	9123083	4446388	18233344	9531288	9597961	20422490	8892776	6636400	20514826	26871411	4380024	18924538	9954600	18780822	17660564	13272800	9217002	0	0	17476269	9067399	17735848	13828808	17785552	11292833	0	8209944	6370944	9332408	4446388	4446388	0	0	10472045	0	0	0	0	18148633	8983363	8892776	9380663	0	0	8892776	17785552	7757219	9276423	0	0	5773668	9278841	18276306	2190012	0	8892776	0	0	0	9450994	5574576	0	0	8892776	0	9347148	0	9444903	8892776	9270437	0	0	8892776	0	8892776	9350742	0	8892776	0	0
2024-07-29	0	9477616	0	6241248	9599512	9498769	9378125	0	8435000	5842136	7658452	0	0	9313302	9637808	9490028	9275876	6187799	8667411	7830952	8683141	9301389	0	7794555	8609767	9328163	9338139	9445459	0	9114097	8974810	0	9293301	9132677	9315451	0	9398153	9121187	0	9304021	9194087	9226716	8967457	0	8833646	7222550	0	9051273	0	9018497	9191650	0	9071021	9068270	8789303	9377866	5693296	0	0	8999080	0	6263797	9341407	9240397	9483498	9570530	0	9389362	6399325	0	6814468	9504552	9445318	0	0	6406297	0	9555927	9520997	9643648	0	9371575	7052536	0	9224811	9232021	0	9131349	9264106	9241224	0	9007305	9167846	9188851	9136034	0	8916677	9227412	9088120	0	0	9289036	9103933	9321415	9221903	9123083	9282451	9340568	0	9597961	0	0	0	10257413	9085859	8602460	0	0	0	0	6778951	9217002	9182271	9234402	0	9067399	8867924	9382420	9237423	9102821	10325543	8209944	9348832	9332408	4629814	6108548	0	9294759	8282033	9534734	9284519	0	0	9255857	0	9307366	9380663	9468295	9338967	0	0	7757219	9276423	0	9318761	9155509	0	9383530	0	9180926	0	0	0	0	0	9471396	9463804	9259997	9234158	9188179	0	9326662	9444903	0	9270437	2859741	0	9207780	9432445	9371660	9350742	9352193	9389238	0	0
2024-08-05	9265977	0	0	0	0	0	0	0	0	0	0	0	7830952	0	0	0	0	0	0	0	0	0	0	0	0	0	0	0	0	0	0	0	0	0	0	0	0	9121187	0	0	0	0	0	0	0	0	0	0	0	0	0	0	0	0	0	0	0	0	0	0	0	0	0	0	0	0	0	0	0	0	0	0	0	0	0	0	0	0	0	0	0	0	0	0	0	0	0	0	0	0	0	0	0	0	0	0	0	0	0	0	0	0	0	0	0	0	0	0	0	0	0	0	0	0	0	0	0	0	0	0	0	0	0	0	0	0	0	0	0	0	0	0	0	0	0	0	0	0	0	0	0	0	0	0	0	0	0	0	0	0	0	0	0	0	0	0	0	0	0	0	0	0	0	0	0	0	0	0	0	0	0	0	0	0	0	0	0	0	0	0	0	0	0	0	0
2024-08-19	0	0	0	0	0	0	0	0	0	0	0	7830952	0	0	0	0	0	0	0	0	0	0	0	0	0	0	0	0	0	0	0	0	0	0	0	0	0	0	0	0	0	0	0	0	0	0	0	0	0	0	0	0	0	0	0	0	0	0	0	0	0	0	0	0	0	0	0	0	0	0	0	0	0	0	0	0	0	0	0	0	0	0	0	0	0	0	0	0	0	0	0	0	0	0	0	0	0	0	0	0	0	0	0	0	0	0	0	0	0	0	0	0	0	0	0	0	0	0	0	0	0	0	0	0	0	0	0	0	0	0	0	0	0	0	0	0	0	0	0	0	0	0	0	0	0	0	0	0	0	0	0	0	0	0	0	0	0	0	0	0	0	0	0	9760941	0	0	0	0	0	0	0	0	0	0	0	0	0	0	0	0	0	0	0	0	0
2024-08-26	0	0	0	0	0	0	0	0	0	0	0	0	0	0	2190012	0	0	0	0	0	0	0	8892776	0	0	0	0	0	0	0	0	0	0	0	0	0	0	0	0	0	0	0	0	0	0	0	0	0	0	0	0	0	0	0	0	0	5693296	0	0	0	0	0	0	0	0	0	0	0	6399325	0	0	0	0	0	0	6406297	0	0	0	0	9381606	0	0	0	0	0	0	0	9264106	0	0	8892776	8892776	6304580	0	0	8916677	0	0	0	0	0	0	0	0	0	0	0	0	0	12741888	0	0	0	0	0	0	0	0	0	0	0	0	0	0	0	0	0	4446388	0	0	0	0	0	0	0	0	0	0	132728	0	0	0	0	0	0	8892776	0	0	0	0	0	8892776	0	0	0	0	9383530	0	0	8892776	0	0	0	0	0	0	0	0	18376358	0	0	0	0	0	2190012	0	0	6370944	0	8361864	0	9389238	0	0
2024-09-02	0	0	0	0	0	0	0	0	0	0	15316904	0	0	0	0	0	0	0	0	9434014	0	0	9378966	0	0	0	0	9445459	0	0	0	0	0	9132677	0	0	0	0	9566957	0	9194087	0	0	0	0	0	0	0	9006118	0	0	0	0	0	17578606	7830952	17079888	0	0	0	0	6263797	0	0	0	0	0	0	0	0	0	0	0	0	0	0	0	0	0	19287296	9381606	0	0	0	0	0	0	0	18528212	0	0	0	9167846	0	0	0	0	0	0	0	0	0	0	0	0	0	0	18681136	0	0	0	0	0	10257413	0	0	0	0	0	0	0	0	0	0	0	0	0	0	0	0	0	0	0	0	0	0	0	0	0	0	0	9414815	0	0	0	0	0	0	0	0	0	0	0	0	0	0	0	18767060	0	0	0	0	9178339	0	0	0	9463804	0	0	0	0	0	0	0	0	0	0	0	0	0	0	9352193	18778476	0	0
2024-09-09	38505702	0	8484586	49929984	0	0	9378125	6846509	0	0	0	0	9151518	0	9637808	0	0	0	8667411	0	0	0	0	0	8609767	0	9338139	0	0	0	0	0	0	0	0	0	0	0	0	0	0	0	8967457	27503637	8833646	7222550	0	0	0	27055491	0	0	0	0	0	0	0	0	9233747	0	0	0	9341407	0	9483498	0	9749509	0	6399325	0	0	9504552	0	0	0	0	28097679	0	0	0	0	0	0	0	0	9232021	0	0	0	0	0	0	0	0	0	0	0	0	0	6473339	0	0	0	0	0	0	0	0	0	0	0	0	0	0	0	0	0	31727091	0	0	6778951	0	0	9234402	0	0	0	0	0	9102821	0	24629832	9348832	0	4629814	0	0	0	16564066	0	0	0	0	9255857	0	0	0	0	0	0	0	0	9276423	9604676	0	0	0	0	0	0	9514272	0	0	0	0	0	0	0	0	0	0	0	0	0	0	0	0	0	0	9371660	0	0	28167714	0	0
2024-09-16	13159925	11312624	6636400	7501760	20640816	28494716	10819917	14531485	0	4446388	0	0	10986526	0	2190012	2190012	6370944	0	16010631	17910390	16892405	18039909	0	6370944	17038534	18599251	6835492	4446388	0	11080177	10347444	0	0	10574469	6769128	11384812	18005601	10956195	18506225	6835492	17532767	11244472	6702764	7167312	18146620	15581444	10790779	15602118	18935878	13771865	15604118	10635910	11037101	4446388	6636400	0	2920016	19258975	18425846	0	15213634	7809002	0	17910897	0	6304580	9749509	19586234	21557271	10786713	0	0	0	10984756	0	0	11260682	9555927	0	11347584	18053762	0	8075760	9369386	18211366	6370944	0	18262698	0	11338376	20574022	13405528	17635942	6370944	0	11291712	10882757	20473276	11054200	14701425	11224090	10992972	14114702	0	17689999	11220235	10986387	17481812	0	0	0	7034584	0	18397001	0	0	0	0	0	0	0	0	0	0	0	0	0	0	0	0	0	0	0	0	0	0	0	0	0	0	0	0	0	0	0	0	0	0	7432768	0	0	0	9276423	0	0	0	0	0	0	0	0	0	0	0	0	0	0	0	0	0	0	0	0	0	0	2859741	0	0	0	0	0	0	0	0	0
2024-09-23	27797931	18955232	33938344	6241248	9599512	42109644	18756250	13693018	8435000	11684272	15316904	18878280	9151518	27939906	9637808	16060064	37103504	12375598	17334822	18868028	17366282	18602778	18757932	15589110	8609767	37312652	28014417	37781836	27555174	9114097	17949620	27930189	18586602	18265354	18630902	9362422	28194459	36484748	28700871	18608042	9194087	46133580	26902371	27503637	26500938	28890200	27260529	27153819	18012236	27055491	36766600	9184579	18142042	9068270	35157212	28133598	11386592	18392974	18467494	17998160	9184711	18791391	46707035	27721191	18966996	0	19499018	18778724	12798650	26782938	6814468	19009104	18890636	9542964	19034892	6406297	18731786	28667781	28562991	9643648	9381606	28114725	11167104	18738772	18449622	18464042	9265471	18262698	37056424	18482448	18607942	18014610	18335692	18377702	36544136	28340832	17833354	9227412	27264360	19420017	9389082	9289036	45242144	48048867	18443806	9123083	27847353	9340568	36735108	48251928	10211245	18575974	34921708	20514826	15330084	32443780	38825526	40130479	20615830	41489110	35022819	20006868	36159836	18468804	15883533	19838734	15836144	29720124	20241165	26700234	10325543	26071624	38837120	64600240	28476538	44149792	36287051	73735469	42530292	57208404	57411050	67214425	40401472	34138515	46822290	57679204	37522652	47341475	46694835	54936139	28376511	62113269	50563047	40122640	39636347	45777545	96396304	37534120	47812444	27542778	28542816	25295734	47202415	33835660	32114202	43460160	0	27779991	3185472	31148193	18694296	39274384	9444903	45558104	29515247	9234583	22481420	18548288	43901632	25114264	34998918	28056579	18778476	34814307	15504870
2024-09-30	9265977	0	0	0	0	0	0	0	8435000	5842136	0	9439140	9151518	18626604	0	9490028	9275876	6187799	8667411	9434014	8683141	9301389	0	0	0	9328163	9338139	0	9185058	0	8974810	9310063	9293301	0	0	0	18796306	9121187	9566957	0	0	9226716	8967457	0	8833646	7222550	0	9051273	9006118	9018497	9191650	0	0	0	8789303	0	5693296	9196487	0	0	9184711	6263797	0	9240397	9483498	9570530	9749509	9389362	6399325	9475993	6814468	0	9445318	0	0	6406297	9365893	0	9520997	9643648	0	9371575	7052536	0	9224811	9232021	9265471	0	0	0	0	0	9167846	9188851	0	9446944	8916677	9227412	0	0	0	9289036	0	0	9221903	9123083	0	0	0	0	10211245	9287987	8304443	0	9085859	8602460	10031762	10575697	9390411	0	6778951	0	9182271	9234402	0	9067399	8867924	9382420	9237423	9102821	10325543	8209944	0	0	0	6108548	0	9294759	8282033	9534734	9284519	0	10100368	0	8983363	9307366	0	9468295	9338967	0	9458837	7757219	9276423	0	9318761	9155509	0	0	9303933	0	9514272	9572705	9178339	9760941	0	0	18927608	0	9234158	0	9347148	0	0	9636262	0	0	9150244	9207780	0	9371660	9350742	9352193	0	9554661	0
2024-10-07	0	0	0	0	9599512	9498769	9378125	6846509	0	5842136	0	0	0	0	0	0	0	6187799	8667411	0	0	0	0	0	8609767	0	9338139	0	15423274	9114097	8974810	9310063	18586602	9132677	9315451	0	0	0	0	0	0	9226716	0	0	0	0	0	0	0	0	0	0	0	0	0	0	0	0	0	0	0	0	0	0	0	0	0	0	0	0	0	0	0	0	0	0	0	0	0	0	0	0	0	9369386	18449622	9232021	9265471	9131349	9264106	9241224	9303971	18014610	0	9188851	18272068	18893888	8916677	0	18176240	12946678	17220034	9289036	9103933	9321415	9221903	9123083	9282451	9340568	9531288	9597961	10211245	9287987	8304443	14371981	0	8602460	20063524	21151394	18780822	0	20336853	18434004	18364542	18468804	8915313	9067399	0	0	9237423	9102821	0	8209944	0	0	4629814	0	0	9294759	0	0	0	0	5050184	0	8983363	9307366	0	0	9338967	0	0	7757219	9276423	0	0	0	9278841	9383530	0	9180926	9514272	0	0	9760941	9450994	9471396	0	9259997	9234158	9188179	9347148	0	9444903	0	9270437	2859741	9150244	9207780	9432445	0	9350742	9352193	9389238	9554661	7752435
2024-10-14	0	0	0	0	0	0	0	0	0	0	0	0	0	0	0	0	0	0	0	0	0	0	0	0	0	0	0	0	0	0	0	0	0	0	0	0	0	0	0	0	0	0	0	0	8833646	0	0	0	0	0	0	0	0	0	0	0	0	0	0	0	0	0	0	0	0	0	0	0	0	0	0	5906396	0	0	0	0	0	0	0	0	6570036	0	0	0	0	0	0	9131349	0	0	0	0	0	0	0	0	0	0	0	0	0	0	0	0	0	0	0	0	0	0	0	0	0	0	0	0	0	0	0	0	0	0	0	0	0	0	0	0	0	0	0	0	0	0	0	0	0	0	0	0	0	0	0	0	0	0	0	0	9338967	0	0	0	0	9604676	0	0	0	0	0	0	0	0	8096408	0	0	0	0	0	0	0	0	0	0	0	0	0	0	7830952	0	0	0	0	9389238	0	0
2024-10-21	9265977	9477616	8484586	6241248	9599512	9498769	9378125	6846509	8435000	5842136	7658452	9439140	9151518	9313302	9637808	9490028	9275876	6187799	8667411	9434014	8683141	9301389	9378966	7794555	8609767	0	0	5773668	0	0	0	0	0	0	0	0	0	0	0	0	0	0	0	0	0	0	0	0	0	0	0	0	0	0	0	0	0	0	0	0	7830952	0	0	0	9483498	9570530	9749509	9389362	6399325	9475993	0	9504552	0	9542964	9517446	0	9365893	9555927	9520997	9643648	9381606	9371575	0	9369386	9224811	9232021	9265471	9131349	0	0	9303971	9007305	0	0	9136034	0	8916677	9227412	9088120	6473339	0	9289036	9103933	9321415	9221903	9123083	9282451	0	9531288	9597961	10211245	9287987	8304443	10257413	9085859	8602460	10031762	10575697	9390411	8830282	6778951	9217002	9182271	9234402	8915313	9067399	8867924	9382420	9237423	9102821	10325543	8209944	0	0	0	0	0	9294759	0	4114568	0	0	0	0	0	0	0	0	0	0	0	0	0	0	0	0	0	0	0	0	0	0	0	0	9450994	0	0	9259997	0	0	9347148	0	0	9636262	0	0	0	0	0	0	0	9352193	0	0	0
2024-10-28	2190012	5043664	7897316	6241248	8030044	0	0	6846509	7897316	5842136	7658452	0	0	6636400	9158232	7897316	9275876	6187799	8667411	0	0	9301389	0	7794555	6636400	15130992	8892776	4446388	15396448	12343704	8974810	7963680	9293301	16989184	6636400	5971932	0	0	6636400	16458272	5375484	4114568	0	0	0	6901856	0	7830952	9006118	7897316	0	8361864	7300040	6636400	0	9377866	0	0	0	8999080	0	0	0	0	7963680	0	0	8892776	6399325	0	0	7830952	8428228	0	8030044	6406297	7830952	0	9520997	8892776	9381606	0	0	7897316	27674433	11812792	8892776	0	0	0	13471892	6769128	14277874	6304580	17033350	5441848	7499132	16925636	16919072	10919727	8361864	7897316	15130992	18642830	8627320	9158232	0	18681136	0	0	7698224	0	8304443	8229136	6171852	11480972	16125624	6570036	8361864	8830282	13557902	8229136	0	6437308	0	0	17229788	8494592	9237423	8229136	24355588	0	0	0	9259628	18325644	0	6238216	6968220	9534734	6105488	0	10100368	9255857	0	9307366	0	0	2190012	11746428	0	15514438	27445622	9604676	7897316	6769128	21489817	0	0	6769128	0	0	0	0	0	6171852	0	6370944	0	7764588	0	9326662	0	0	15794632	0	0	4645480	0	8428228	8494592	9352193	7897316	9554661	7752435
2024-11-11	0	0	0	0	0	0	0	0	0	0	0	0	0	0	0	0	0	0	0	18868028	0	0	0	0	0	0	0	0	0	9114097	0	0	0	0	18630902	0	0	0	0	0	0	0	0	0	0	0	0	0	0	0	0	0	0	0	0	9377866	0	9196487	0	0	0	0	0	0	0	0	0	0	0	0	0	0	0	0	0	0	0	0	0	0	0	0	0	0	0	0	0	0	0	0	0	0	0	0	7897316	0	0	0	0	0	0	0	0	0	0	0	0	0	0	0	0	0	0	0	0	0	0	0	0	0	0	0	0	0	0	0	0	0	0	0	0	0	0	0	0	0	0	0	0	0	0	0	0	0	0	0	0	0	0	0	0	0	0	0	0	0	0	0	0	0	0	0	0	0	0	0	0	0	0	0	0	0	0	0	0	0	0	0	0	0	0	0	0	0	0
2024-11-18	0	0	0	0	0	0	0	0	0	0	0	0	0	0	0	0	0	0	0	0	0	0	0	0	0	0	0	0	9185058	0	0	0	0	0	0	0	0	0	0	5640940	0	0	0	0	0	0	0	0	0	9018497	0	0	0	0	6503672	0	0	0	0	0	0	0	0	0	8096408	0	0	0	0	0	6814468	0	0	0	0	0	0	0	0	0	0	0	0	9369386	0	0	0	0	9264106	0	0	0	0	0	0	0	0	0	0	0	0	0	0	0	0	0	0	0	0	0	0	0	0	0	0	8602460	0	0	0	0	0	0	0	9234402	0	0	0	0	0	0	0	0	0	0	0	0	0	0	0	0	0	0	0	0	0	0	0	0	0	0	0	0	0	0	0	0	0	0	0	0	0	0	0	0	9450994	0	0	0	0	0	0	0	0	0	0	0	0	0	0	0	0	0	0	0	0
2024-11-25	9265977	9477616	0	6241248	9599512	9498769	9378125	6846509	16870000	5842136	7658452	0	9151518	6503672	9637808	9490028	9275876	6187799	0	9434014	8683141	0	9378966	7794555	8609767	0	9338139	9445459	9185058	9114097	8974810	9310063	0	0	9315451	9362422	9398153	9121187	9566957	9304021	9194087	0	8967457	9167879	8833646	0	9086843	0	9006118	9018497	9191650	9184579	9071021	9068270	8789303	9377866	5693296	9196487	9233747	8999080	9184711	6263797	9341407	0	9483498	9570530	0	9389362	6171852	9475993	6814468	9504552	9445318	0	0	0	9365893	9555927	9520997	9643648	9381606	9371575	7052536	9369386	9224811	9232021	9265471	9131349	9264106	9241224	9303971	9007305	9167846	9188851	9136034	9446944	8916677	0	9088120	0	0	0	9103933	9321415	9221903	13171287	9282451	9340568	9531288	9597961	10211245	0	8304443	10257413	9085859	8602460	10031762	10575697	0	8830282	6778951	9217002	9182271	9234402	8915313	9067399	8867924	9382420	9237423	9102821	10325543	8209944	0	9332408	4629814	0	9529609	9294759	8282033	9534734	9284519	0	5050184	9255857	8983363	9307366	0	0	0	18585230	9458837	7757219	9276423	9604676	0	9155509	9278841	9383530	9303933	0	9514272	0	9178339	9760941	9450994	9471396	9463804	0	9234158	0	9347148	9326662	9444903	9636262	9270437	0	9150244	9207780	9432445	9371660	9350742	9352193	9389238	0	7752435
2024-12-02	10143346	8428228	0	6241248	9599512	0	9378125	6846509	8435000	0	15316904	0	0	9313302	0	18980056	0	0	0	9434014	8683141	9301389	9378966	7794555	8609767	0	0	0	9185058	0	0	9310063	0	9132677	9315451	9362422	9398153	9121187	0	0	9194087	0	0	9167879	0	0	9086843	0	0	9018497	0	9184579	9071021	9068270	0	9377866	0	0	9233747	8999080	0	0	0	0	0	0	9749509	0	6399325	0	0	9504552	0	9542964	9517446	6406297	9365893	9555927	0	18032256	17770214	0	0	0	0	9232021	9265471	9131349	0	9241224	0	0	0	9188851	0	0	8916677	0	9088120	0	9389082	9289036	9103933	9321415	0	9123083	0	0	0	0	0	9287987	8304443	18646021	9085859	8602460	10031762	10575697	0	0	6778951	9217002	9182271	0	8915313	9067399	0	9382420	9237423	9102821	10325543	8209944	9348832	18664816	0	12217096	9529609	9294759	0	0	9284519	9414815	5050184	0	8983363	9307366	0	0	9338967	0	10529066	0	0	9604676	0	0	0	17772138	0	9180926	9514272	9572705	0	0	0	9471396	9463804	0	9234158	9987750	9347148	0	0	9636262	0	0	9150244	9207780	9432445	9371660	9350742	9352193	10389868	0	15504870
2024-12-23	0	0	0	0	0	0	0	0	0	0	0	0	0	0	0	0	0	0	0	0	0	0	0	0	0	9328163	0	9445459	9185058	9114097	0	9310063	9293301	0	0	9362422	0	9121187	9566957	9304021	9194087	0	8967457	9167879	0	0	9086843	9051273	9006118	9018497	9191650	9184579	9071021	0	8789303	9377866	5693296	0	9233747	8999080	9184711	0	0	9240397	0	9570530	0	0	0	9475993	0	9504552	0	0	9517446	0	0	9555927	9520997	0	9381606	9371575	0	9369386	9224811	0	9265471	0	0	9241224	9303971	9007305	0	9188851	0	0	0	9227412	9088120	0	9389082	9289036	0	0	0	0	0	9340568	0	9597961	10211245	9287987	8304443	10257413	9085859	8602460	10031762	10575697	9390411	8830282	6778951	9217002	9182271	9234402	8915313	9067399	8867924	9382420	9237423	9102821	10325543	8209944	9348832	0	0	0	9529609	9294759	0	9534734	9284519	0	5050184	9255857	8983363	13421934	0	0	0	0	9458837	7757219	0	9604676	9318761	0	0	0	0	0	0	0	0	0	0	0	0	0	0	18376358	0	0	0	0	0	0	0	0	0	0	0	0	0	0	0
2025-01-06	18531954	9477616	8484586	6241248	19199024	18997538	0	20539527	8435000	5842136	7658452	18878280	18303036	9313302	0	9490028	18551752	6187799	17334822	18868028	8683141	18602778	18757932	15589110	8609767	9328163	10287670	9445459	0	9114097	8974810	0	9293301	0	9315451	0	9398153	0	9566957	18608042	9194087	9226716	0	0	0	7222550	9086843	0	9006118	0	9191650	9184579	9071021	0	8789303	28133598	0	0	0	8999080	9184711	6263797	9341407	0	9483498	9570530	0	0	12798650	18951986	13628936	19009104	0	9542964	19034892	12812594	18731786	9555927	19041994	9643648	9381606	9371575	7052536	18738772	9224811	9232021	0	18262698	0	18482448	9303971	18014610	9167846	9188851	18272068	9446944	17833354	18454824	9088120	6473339	9389082	9289036	18207866	18642830	9221903	9123083	18564902	0	9531288	19195922	20422490	9287987	16608886	20514826	18171718	17204920	20063524	21151394	9390411	17660564	6778951	9217002	18364542	9234402	8915313	18134798	17735848	18764840	18474846	18205642	20651086	16419888	18697664	18664816	4629814	18325644	19059218	18589518	8282033	28604202	9284519	9414815	5050184	9255857	8983363	27922098	0	9468295	9338967	37170460	9458837	23271657	18552846	9604676	9318761	9155509	27836523	9383530	9303933	0	0	0	9178339	9760941	9450994	9471396	9463804	18519994	9234158	799571	18694296	9326662	9444903	0	9270437	0	18300488	9207780	9432445	18743320	0	9352193	9389238	9554661	0
2025-01-13	0	0	0	0	0	0	0	0	8435000	0	0	0	0	0	0	0	0	0	0	9434014	0	0	9378966	0	0	0	0	9445459	9185058	0	0	0	9293301	0	0	0	0	0	0	0	9194087	0	0	0	0	0	0	0	9006118	0	9191650	9184579	0	9068270	8789303	0	0	9196487	0	0	9184711	0	0	0	0	0	0	0	0	0	0	0	0	0	0	0	0	0	9520997	0	0	0	0	0	0	0	0	9131349	0	9241224	0	0	0	0	0	0	0	0	0	6473339	0	0	0	0	0	0	9282451	0	0	9597961	10211245	0	0	10257413	9085859	8602460	0	0	0	0	0	0	0	9234402	8915313	9067399	0	0	9237423	0	0	0	0	9332408	0	6108548	0	9294759	0	0	0	0	0	0	0	0	0	0	0	0	0	0	9276423	0	0	9155509	0	9383530	9303933	0	0	0	9178339	0	0	0	0	0	0	9188179	0	0	9444903	9636262	0	0	0	0	9432445	0	0	0	0	0	0
2025-01-27	0	0	0	0	0	0	0	0	0	0	0	0	0	0	0	9490028	0	0	0	0	0	0	0	0	0	0	0	0	0	0	0	0	0	0	0	0	0	0	0	0	0	0	0	0	0	0	0	0	0	0	0	0	0	0	0	0	0	0	0	0	0	0	0	0	0	0	0	0	0	0	0	0	0	0	0	0	0	0	0	0	0	0	0	0	0	0	0	0	0	0	0	0	0	0	0	0	0	0	0	0	0	0	0	0	0	0	0	0	0	0	0	0	0	0	0	0	0	0	0	0	0	0	0	0	0	0	0	0	0	0	0	0	0	0	0	0	0	0	0	0	0	0	0	0	0	0	0	0	0	0	0	0	0	0	0	0	0	0	0	0	0	0	0	0	0	0	0	0	0	0	0	0	0	0	0	0	0	0	0	0	0	0	0	0	0
2025-02-10	0	9477616	0	0	0	0	0	6846509	0	5842136	0	0	0	9313302	0	0	0	0	0	0	0	9301389	0	0	0	9328163	9338139	9445459	9185058	9114097	8974810	9310063	9293301	9132677	9315451	9362422	9398153	9121187	9566957	9304021	0	0	0	0	8833646	0	0	0	0	9018497	0	0	0	9068270	0	0	5693296	0	0	0	0	6263797	0	0	0	9570530	0	9389362	0	9475993	6814468	9504552	0	9542964	0	6406297	9365893	0	9520997	9643648	0	9371575	7052536	0	0	0	0	0	0	0	9303971	9007305	0	0	0	0	0	0	0	6473339	0	0	0	0	0	0	0	9340568	0	9597961	10211245	9287987	8304443	10257413	0	0	10031762	10575697	9390411	8830282	6778951	9217002	9182271	0	8915313	9067399	8867924	9382420	9237423	9102821	10325543	8209944	9348832	24330672	4629814	6108548	9529609	0	8282033	9534734	9284519	9414815	5050184	9255857	0	26777504	9380663	9468295	9338967	4114568	9458837	5441848	9276423	9604676	0	9155509	18557682	0	9303933	0	0	9572705	9178339	9760941	9450994	0	9463804	0	9234158	9188179	0	9326662	0	0	0	2859741	0	9207780	9432445	0	0	0	9389238	9554661	0
2025-02-17	0	9477616	8484586	6241248	0	9498769	0	0	0	5842136	7658452	9439140	9151518	0	0	9490028	9275876	6187799	0	0	8683141	9301389	0	0	0	0	0	9445459	0	0	0	0	9293301	0	9315451	9362422	9398153	0	9566957	0	9194087	9226716	8967457	0	0	7222550	0	0	0	0	9191650	0	0	9068270	8789303	9377866	0	0	0	8999080	9184711	0	9341407	9240397	0	9570530	9749509	0	6399325	9475993	0	9504552	0	0	9517446	6406297	0	0	0	9643648	0	0	7052536	0	9224811	9232021	0	9131349	9264106	9241224	9303971	0	0	9188851	9136034	0	0	9227412	9088120	0	9389082	0	9103933	9321415	9221903	0	9282451	0	9531288	0	0	9287987	8304443	10257413	9085859	0	10031762	10575697	0	8830282	0	9217002	9182271	0	8915313	9067399	8867924	9382420	0	9102821	0	8209944	0	9332408	0	0	9529609	0	0	0	0	9414815	5050184	9255857	8983363	9307366	9380663	9468295	9338967	9292615	0	7757219	0	9604676	9318761	0	9278841	9383530	9303933	0	9514272	9572705	9178339	0	0	9471396	9463804	9259997	0	27564537	0	9326662	0	9636262	0	2859741	0	9207780	9432445	9371660	0	9352193	18778476	0	7752435
2025-02-24	0	0	0	0	0	0	0	0	0	0	0	0	0	0	0	0	0	0	0	0	0	0	0	0	0	0	0	0	0	0	0	0	0	4114568	4114568	4114568	0	4114568	0	0	0	0	0	0	0	0	0	0	0	0	0	0	0	0	0	0	0	0	0	0	0	0	0	0	0	0	0	0	0	0	0	0	0	0	0	0	0	0	0	0	0	0	0	0	0	0	0	0	0	0	0	0	0	0	0	0	0	0	0	0	0	0	0	0	0	0	0	0	0	0	0	0	0	0	0	0	0	0	0	0	0	0	0	0	0	0	0	0	0	0	0	0	0	0	0	0	0	0	0	0	0	0	0	0	0	0	0	0	0	0	0	0	0	0	0	0	0	0	0	0	0	0	0	0	0	0	0	0	0	0	0	0	0	0	0	0	0	0	0	0	0	0	0	0	0
2025-03-10	9265977	9477616	394986	6241248	9599512	9498769	9378125	4778208	0	0	0	0	0	0	14216924	13604596	0	0	8667411	9434014	8683141	0	9378966	7794555	0	9328163	0	9445459	583458	9114097	0	0	0	0	9315451	9362422	386953	9121187	9566957	9304021	0	9226716	570657	0	8833646	0	9086843	9051273	506918	0	0	9184579	0	9068270	8789303	9377866	0	9196487	0	0	0	0	9341407	0	0	9570530	9749509	9389362	10513893	9475993	6814468	14880036	9445318	9542964	9517446	6406297	9365893	14466863	0	0	0	0	7052536	9369386	9643222	9232021	9265471	9131349	14307770	9241224	9303971	9007305	9167846	9188851	9136034	9446944	8916677	9227412	9088120	6473339	9389082	13669060	9103933	0	0	9439766	9282451	9340568	417688	9597961	0	9287987	8304443	10257413	4048204	0	10031762	10575697	9390411	13741218	0	0	0	9234402	0	0	8867924	9382420	9237423	9102821	10325543	8209944	9348832	9332408	4629814	6108548	4114568	0	8679266	9534734	0	9920830	10100368	9255857	8983363	0	9380663	9468295	0	9292615	9906474	0	9276423	0	0	9155509	9278841	9383530	0	9180926	0	0	0	9760941	9450994	9471396	4048204	9259997	0	9188179	9347148	9326662	9444903	9636262	9270437	2859741	9150244	9207780	13746105	0	9350742	0	9389238	0	0
2025-06-16	18531954	18955232	16969172	6241248	19199024	9498769	9378125	13693018	16870000	11684272	15316904	28317420	18303036	18626604	19275616	9490028	27827628	6187799	17334822	18868028	8683141	9301389	18757932	15589110	17219534	9328163	18676278	18890918	9185058	18228194	17949620	27930189	18586602	18265354	18630902	18724844	0	9121187	19133914	9304021	27582261	9226716	26902371	18335758	17667292	14445100	18173686	18102546	18012236	18036994	18383300	27553737	18142042	27204810	17578606	18755732	11386592	9196487	18467494	26997240	18369422	12527594	18682814	18480794	9483498	9570530	0	9389362	12798650	9475993	13628936	19009104	18890636	28628892	9517446	6406297	28097679	19111854	19041994	9643648	9381606	18743150	21157608	18738772	18449622	27696063	9265471	18262698	9264106	9241224	9303971	9007305	18335692	18377702	27408102	28340832	26750031	18454824	18176240	12946678	18778164	18578072	18207866	18642830	18443806	18246166	18564902	18681136	0	28793883	10211245	18575974	8304443	10257413	9085859	17204920	20063524	21151394	9390411	0	0	18434004	27546813	18468804	17830626	9067399	8867924	18764840	18474846	18205642	20651086	8209944	9348832	27997224	9259628	6108548	19059218	18589518	16564066	19069468	9284519	18829630	15150552	9255857	26950089	9307366	18761326	18936590	9338967	27877845	18917674	23271657	9276423	28814028	18637522	18311018	18557682	18767060	18607866	18361852	19028544	9572705	9178339	19521882	9450994	18942792	9463804	18519994	9234158	9188179	18694296	9326662	9444903	9636262	9270437	2859741	18300488	18415560	9432445	9371660	18701484	18704386	18778476	19109322	7752435
2025-07-07	0	9477616	8484586	0	9599512	0	9378125	0	0	0	7658452	9439140	0	0	0	0	0	6187799	8667411	0	0	9301389	9378966	7794555	8609767	0	9338139	0	0	0	8974810	0	9293301	9132677	9315451	9362422	0	0	9566957	0	9194087	9226716	8967457	0	0	0	9086843	0	9006118	9018497	0	0	0	9068270	0	9377866	0	0	0	0	0	0	0	9240397	0	0	9749509	9389362	0	9475993	0	9504552	9445318	9542964	0	6406297	0	9555927	0	9643648	0	9371575	0	9369386	0	0	0	0	9264106	9241224	9303971	9007305	0	0	9136034	9446944	0	0	9088120	6473339	0	0	0	0	0	0	9282451	9340568	9531288	0	0	9287987	8304443	0	9085859	8602460	10031762	10575697	0	8830282	6778951	0	0	9234402	8915313	9067399	8867924	0	9237423	0	0	8209944	9348832	9332408	0	6108548	9529609	0	0	0	0	0	0	0	8983363	0	0	0	9338967	9292615	9458837	7757219	0	9604676	0	9155509	9278841	9383530	0	0	0	9572705	9178339	0	0	0	0	9259997	9234158	9188179	0	0	0	0	0	2859741	9150244	0	9432445	9371660	9350742	9352193	0	9554661	7752435
2025-07-21	0	0	0	0	0	0	0	0	0	0	0	0	0	0	0	9490028	0	0	0	0	0	0	0	0	0	0	0	9445459	0	0	0	0	0	0	0	0	0	0	0	0	0	0	0	0	0	0	0	0	0	0	0	0	0	0	8789303	0	5693296	0	0	0	0	0	0	0	0	0	0	0	0	0	0	0	0	0	0	0	0	0	0	0	0	0	0	0	0	0	0	0	0	0	0	0	0	0	0	0	8916677	0	0	0	0	0	0	0	0	0	0	0	0	0	0	0	0	0	0	0	0	0	0	0	0	0	0	0	0	0	0	0	0	0	0	0	0	9332408	0	0	0	0	0	0	0	0	0	0	0	0	0	0	0	0	0	0	0	0	0	0	0	0	0	0	0	0	0	0	0	0	0	0	0	9188179	0	0	0	0	0	0	0	0	0	0	0	0	0	0	0
2025-07-28	0	0	0	12482496	0	0	0	0	8435000	5842136	0	0	0	9313302	0	0	0	0	0	0	0	0	0	0	0	0	0	0	0	0	0	0	0	0	9315451	0	0	0	0	0	9194087	9226716	0	0	0	0	0	9051273	0	0	9191650	0	0	0	0	9377866	0	0	9233747	0	9184711	0	0	0	0	0	0	0	0	0	0	0	9445318	0	0	0	0	0	0	0	0	0	0	0	0	0	0	9131349	0	0	9303971	0	0	0	9136034	0	0	0	0	0	0	9289036	0	9321415	9221903	9123083	0	0	0	0	0	0	16608886	0	9085859	0	0	0	0	0	0	0	0	0	0	0	0	0	0	9102821	10325543	0	0	0	0	0	0	0	0	0	0	0	0	0	0	0	0	0	0	0	9458837	0	0	9604676	0	0	0	0	0	0	0	9572705	0	9760941	9450994	0	9463804	0	9234158	0	9347148	0	0	0	0	2859741	0	9207780	0	0	0	0	0	0	0
2025-08-04	9265977	9477616	16969172	6241248	9599512	9498769	9378125	13693018	8435000	5842136	7658452	18878280	9151518	9313302	9637808	9490028	18551752	6187799	8667411	9434014	8683141	9301389	9378966	7794555	8609767	9328163	9338139	9445459	9185058	9114097	8974810	9310063	9293301	9132677	9315451	9362422	9398153	9121187	9566957	9304021	9194087	9226716	8967457	9167879	8833646	14445100	9086843	9051273	9006118	9018497	9191650	9184579	9071021	9068270	8789303	9377866	5693296	9196487	9233747	8999080	9184711	12527594	9341407	9240397	9483498	9570530	9749509	9389362	12798650	9475993	6814468	9504552	9445318	9542964	19034892	12812594	9365893	19111854	9520997	9643648	9381606	9371575	7052536	9369386	9224811	9232021	9265471	9131349	9264106	9241224	9303971	9007305	18335692	9188851	9136034	9446944	8916677	9227412	9088120	12946678	18778164	9289036	9103933	9321415	9221903	9123083	9282451	9340568	9531288	9597961	10211245	9287987	8304443	10257413	9085859	17204920	10031762	10575697	18780822	8830282	6778951	9217002	9182271	9234402	17830626	9067399	8867924	9382420	9237423	9102821	10325543	8209944	0	9332408	4629814	6108548	0	18589518	8282033	9534734	9284519	9414815	0	9255857	8983363	9307366	0	9468295	18677934	9292615	9458837	7757219	9276423	9604676	9318761	18311018	9278841	9383530	9303933	9180926	9514272	9572705	9178339	9760941	9450994	9471396	9463804	9259997	9234158	9188179	9347148	9326662	18889806	9636262	9270437	2859741	18300488	9207780	18864890	18743320	9350742	9352193	9389238	19109322	7752435
2025-08-11	0	9477616	0	0	19199024	0	0	0	0	0	15316904	0	0	9313302	0	0	0	0	0	0	0	0	0	0	0	9328163	9338139	0	9185058	9114097	0	9310063	0	0	9315451	0	0	0	9566957	0	9194087	0	0	9167879	0	7222550	0	0	9006118	0	0	0	9071021	0	0	0	0	0	0	0	9184711	0	0	18480794	0	0	0	0	0	0	0	9504552	0	0	0	6406297	0	0	0	19287296	0	9371575	0	9369386	0	0	0	0	0	0	0	9007305	0	9188851	0	0	8916677	0	9088120	0	0	9289036	0	0	0	0	0	0	9531288	0	20422490	0	0	10257413	0	0	20063524	0	0	0	0	9217002	9182271	0	0	9067399	0	0	0	0	0	0	9348832	0	4629814	0	0	0	0	0	0	0	5050184	0	0	9307366	0	0	9338967	9292615	0	0	9276423	0	9318761	0	0	0	0	9180926	0	0	0	0	0	0	0	9259997	0	0	0	9326662	0	9636262	0	2859741	0	9207780	0	0	0	9352193	0	0	7752435
2025-08-18	0	9477616	0	0	0	0	9378125	0	0	0	0	0	0	0	0	0	0	0	0	0	8683141	0	0	0	0	0	0	0	0	0	0	0	0	0	0	0	0	0	0	9304021	0	0	0	0	0	0	0	0	0	9018497	0	0	0	0	0	0	0	0	0	8999080	0	0	0	0	0	0	0	0	0	0	0	0	0	0	0	0	0	0	0	0	0	0	0	0	0	0	0	0	9264106	0	0	0	0	0	0	0	0	0	0	0	0	0	0	0	0	0	0	0	0	0	0	0	0	0	0	0	0	0	0	0	0	0	0	0	0	0	0	0	0	0	0	0	0	0	0	0	0	0	0	0	0	0	0	0	0	0	0	0	0	0	0	0	0	0	0	0	0	0	0	0	0	0	0	0	0	0	0	0	0	0	0	0	0	0	0	0	0	0	0	0	0	0	0	0	0
2025-08-25	0	0	8484586	0	0	0	0	0	0	0	0	0	0	0	0	0	0	0	0	0	0	0	0	0	8609767	0	0	0	9185058	0	0	0	0	0	0	0	9398153	0	0	0	0	0	0	0	0	0	0	0	0	0	0	0	0	0	0	0	0	0	0	0	0	0	0	0	0	0	0	0	0	0	0	0	0	0	19034892	0	0	0	0	0	0	0	0	0	0	0	9265471	0	0	0	0	0	0	0	0	0	0	0	0	0	0	18578072	0	0	0	0	0	0	0	0	0	0	0	0	0	0	0	0	0	0	0	0	0	0	0	0	0	0	0	0	0	0	0	0	0	6108548	0	9294759	0	0	0	0	0	0	0	9307366	0	0	0	0	0	0	9276423	0	0	0	9278841	0	0	0	0	0	0	0	0	0	0	0	0	0	0	0	9444903	0	0	0	0	0	0	0	0	0	6370944	0	0
2025-09-01	9265977	0	0	0	19199024	9498769	9378125	6846509	8435000	0	7658452	9439140	9151518	9313302	9637808	0	9275876	6187799	0	9434014	0	0	9378966	0	8609767	0	9338139	9445459	9185058	0	8974810	0	0	9132677	0	9362422	18796306	0	0	9304021	9194087	9226716	17934914	9167879	0	0	0	9051273	0	0	9191650	9184579	9071021	9068270	8789303	9377866	5693296	9196487	0	8999080	9184711	6263797	9341407	9240397	9483498	9570530	0	9389362	6399325	9475993	6814468	0	9445318	0	9517446	0	9365893	9555927	19041994	0	9381606	0	0	9369386	9224811	0	9265471	9131349	0	9241224	0	0	9167846	9188851	0	0	8916677	9227412	9088120	6473339	9389082	0	18207866	9321415	0	9123083	9282451	9340568	0	9597961	0	9287987	8304443	10257413	0	8602460	10031762	10575697	9390411	0	6778951	9217002	0	0	17830626	9067399	0	9382420	9237423	9102821	0	8209944	0	9332408	0	0	9529609	0	8282033	0	0	9414815	5050184	9255857	8983363	9307366	9380663	9468295	0	9292615	9458837	7757219	9276423	9604676	9318761	0	9278841	9383530	9303933	0	0	0	9178339	0	9450994	9471396	0	9259997	9234158	9188179	0	0	0	0	0	2859741	18300488	9207780	0	9371660	9350742	9352193	9389238	0	7752435
2025-09-08	0	0	0	0	0	0	0	0	0	0	0	0	0	0	0	0	0	0	0	0	0	0	0	0	0	0	0	0	0	0	0	0	0	0	0	0	0	0	0	9304021	0	0	0	0	0	7222550	0	9051273	0	0	0	0	0	0	0	0	0	0	0	0	0	0	0	0	0	0	0	0	0	0	0	0	0	9542964	0	0	9365893	0	0	0	0	0	0	0	0	9232021	0	0	0	0	9303971	0	0	0	0	0	0	9227412	0	0	0	0	0	0	0	0	0	0	0	9597961	0	0	0	0	0	0	0	0	0	8830282	0	0	0	0	0	0	0	9382420	0	0	0	0	0	0	0	0	0	0	0	9534734	0	0	0	0	0	0	0	9468295	9338967	0	0	7757219	0	0	0	0	0	0	0	0	0	0	0	9760941	0	9471396	0	0	0	0	0	0	0	0	0	0	0	9207780	0	0	0	0	0	0	0
2025-09-15	0	9477616	0	6241248	0	9498769	9378125	6846509	0	0	7658452	9439140	0	9313302	9637808	0	0	6187799	8667411	0	8683141	0	9378966	7794555	8609767	9328163	9338139	17077319	9185058	0	17949620	9310063	9293301	27025402	18630902	9362422	0	0	9566957	9304021	9194087	0	0	0	0	0	0	9051273	9006118	9018497	0	9184579	9071021	9068270	0	0	0	0	9233747	8999080	9184711	0	0	0	9483498	9570530	0	0	6399325	0	0	0	0	9542964	0	6406297	9365893	9555927	0	0	9381606	0	0	9369386	0	0	9265471	0	9264106	9241224	0	0	0	0	0	9446944	0	9227412	9088120	0	0	0	0	9321415	0	9123083	0	0	0	0	10211245	9287987	0	0	0	0	0	10575697	0	8830282	6778951	0	0	9234402	0	9067399	0	9382420	9237423	9102821	10325543	8209944	0	23357748	0	6108548	13710541	9294759	0	27273984	9284519	0	0	9255857	8983363	27452560	43173220	13649227	9338967	0	9458837	0	0	9604676	8494592	9155509	9278841	9383530	18607866	9180926	0	9572705	0	9760941	0	9471396	9463804	0	0	9188179	0	0	9444903	0	9270437	2859741	0	9207780	0	9371660	0	0	0	9554661	0
2025-09-22	0	0	0	0	0	0	0	0	0	0	0	0	0	0	0	0	0	0	0	0	0	0	0	0	0	0	0	0	0	0	0	0	0	0	0	0	0	0	0	0	0	0	0	0	0	0	0	0	0	0	0	0	0	0	0	0	0	0	0	0	0	0	0	0	0	0	0	0	0	0	0	0	0	0	0	0	0	0	0	0	0	0	0	0	0	0	0	0	0	0	0	0	0	0	0	0	0	0	0	0	0	0	0	0	0	0	0	0	0	0	0	0	0	0	0	0	0	0	0	0	0	0	0	0	0	0	0	0	0	0	0	0	0	70162736	0	0	0	0	0	41935870	0	0	0	0	0	69224034	88091590	0	0	0	0	0	0	0	73973941	0	0	0	0	0	0	0	0	0	0	0	0	0	0	0	0	0	0	0	0	0	0	0	0	0	0	0	0	0	0
2025-09-29	0	0	0	0	0	0	0	0	0	0	0	0	0	0	0	0	0	0	0	0	0	0	0	0	0	0	0	0	0	0	0	0	0	0	0	0	0	0	0	0	0	0	0	0	0	0	0	0	0	0	0	0	0	0	0	0	0	0	0	0	0	0	0	0	0	0	0	0	0	0	0	0	0	0	0	0	0	0	0	0	0	0	0	0	0	0	0	0	0	0	0	0	0	0	0	0	0	0	0	0	0	0	0	0	0	0	0	0	0	0	0	0	0	0	0	0	0	0	0	0	0	0	0	0	0	0	0	0	0	0	0	0	0	0	0	0	0	0	0	0	0	0	0	0	0	0	0	0	0	0	0	0	0	0	0	0	23148214	0	0	0	0	0	0	0	0	0	0	0	0	0	0	0	0	0	0	0	0	0	0	0	0	0	0	0	0
2025-10-06	29692522	29661648	22035668	10898144	18135848	23316906	4114568	18217186	16561736	6046936	12622548	25228524	17416690	27674940	8428228	12396840	18686360	22430810	22202226	18717478	4180932	0	18150430	29349290	13296991	31813522	29243217	20529318	28165580	32577551	36755930	25013902	42971283	37362259	37495273	22218126	32689214	27489802	38424263	36405010	23509618	27496060	13751373	4114568	30769540	15673900	0	9460873	0	23850618	4180932	14510823	14535701	0	22428886	23960664	20772456	8428228	13860315	27765084	4114568	8863409	9648607	4380024	22834078	14329826	18955193	9491762	21829862	16027117	15995532	24877676	24969716	18881376	19444492	18819602	26756122	26688766	13701929	18179984	10098406	19066427	10962304	6171852	19473622	13448989	0	17902813	17933170	8428228	23391858	17742733	9679846	17893951	0	28207680	4910936	13715544	13509888	13765878	18329310	23234968	17977797	13911947	18994535	17888839	8892776	14467720	19676976	14755441	22060890	9799987	21542654	10564613	24123778	6304580	8229136	26561126	18258567	18500514	11134355	13638770	23707910	17565938	13904029	13857023	8229136	18527448	24880038	23543302	19476279	3915476	13565800	52234436	8949182	25916620	9939209	13885291	17227969	19995626	31858962	36672673	22986400	33110939	24051514	37512762	39570652	36137357	14532483	23518998	27617066	25243538	51618708	29004816	36318886	23244786	79513101	23219156	40786415	13909894	23962312	27640002	14009707	8229136	20130788	18381296	14560628	18001133	23197284	14279295	8826412	24798768	23618774	13750830	18113973	0	18253528	13629548	4114568	14534848	8959140	18823333	9798838	0	21667438
2025-10-13	16438997	26677308	26415692	8627320	28108924	37165371	32986686	20407198	38137872	26502672	21050776	42786904	30917904	38194210	52723144	30899168	53243504	21767170	35460169	39295978	30113878	32392299	28138088	12318723	30376730	50951520	51666480	4446388	52150228	36493027	45914162	19342443	13007344	9644677	27408074	13988990	33537827	31405278	52714480	27379506	49632233	19067832	42913219	17055548	39783366	28150332	12808252	41389963	40657222	37567755	37165614	19597958	14004789	22087030	30856041	38960558	20194092	14149167	33351809	26769624	4247296	13346794	23411782	27164385	43819688	32707856	18623373	46196184	23686107	34078547	22901004	18245688	42830058	35407648	37661330	4180932	18089905	33396749	27868406	62031580	58046448	0	10895940	8560956	45735069	50278664	22289939	36270174	36876690	34485304	22927310	36172651	41316878	50206596	46198742	22399340	9428677	23648340	36216004	18477722	39604328	27283172	9615933	36185758	36728154	27548542	23703470	33116372	43891324	43801775	37869543	29576459	21542654	29690182	38010677	38238252	14658330	63076852	23974338	18235058	26847826	41380858	55910412	18030486	36203875	28430997	23610128	13140072	34001857	37073599	24254487	21259032	21861300	13892612	18097456	15181504	36403054	37342213	27885902	28576644	41583409	18829630	23994088	46582831	59431963	47229728	38637129	35749514	28202234	28031750	35846202	16948038	51353252	43308132	48016728	13272800	36680059	55857878	29027014	14175350	39328032	42787283	14606983	22870685	31080848	38619252	38970040	33563287	13655926	25837666	42120240	44553872	32777006	16922820	51949416	11643764	41885968	47218152	52043704	23560352	23430452	46382671	22275270	22528134	16247027
2025-10-20	11660789	14134512	8894186	10898144	0	9601169	14137421	11298605	8229136	10692416	4114568	14372908	4114568	9722902	0	0	14107244	6802199	4114568	10355614	12900109	4247296	4313660	8204155	4247296	9635363	4313660	4711844	0	17650433	9486810	13834231	0	9644677	0	0	13922321	13711719	9976557	3981840	9398887	4114568	9172257	14289323	0	5375484	9291643	9460873	0	14181685	9601250	9798979	9890221	11667882	8891703	4114568	4180932	0	17576699	4114568	0	6673397	0	0	9893098	0	10261509	0	0	14168925	11880964	10016552	4512752	10054964	0	0	14307157	13875295	13635565	14065416	14212974	14155491	11426852	4446388	4114568	13780809	4180932	4645480	14216786	13795720	4114568	13760893	13794414	0	13895330	4114568	13675973	13649180	9395320	6882939	8229136	13674768	4247296	0	9836303	4114568	0	9954968	13953056	14755441	15277741	9799987	12828611	10564613	14152355	9012060	10543762	11190097	4446388	0	7086151	9524202	9796671	13584098	14501305	13591567	13663256	14213788	4579116	0	15361711	13958992	9451232	4114568	4834614	11465120	14186505	0	0	9841934	0	4180932	9834100	0	4114568	4579116	0	0	9953367	4114568	13675805	0	13800591	0	9830761	9565109	0	4180932	9303933	4645480	9923872	13820001	14142435	0	14179962	14200364	0	9771997	0	4446388	0	10043462	9752103	4380024	9884837	0	14205324	13629548	9842045	10088460	9657942	4114568	0	14283629	13421915
2025-10-27	41552403	65165368	39091216	41800748	32688040	39907906	53565193	52643913	80323948	48758048	50755648	39800524	57787604	71244634	54581336	53635564	61738096	49042330	57662395	38164960	58262329	55068888	31920836	58341779	74207370	55928820	63744728	57140485	50875690	32378459	37817754	26177935	34144871	43467747	42339845	61583086	50659739	50599580	46786127	46112923	26918983	60942380	49497280	70451155	64314690	29477612	26878786	54500856	45045216	51218528	42718660	46518849	61461004	91509228	38953522	64578692	29466664	51633003	51203725	76837228	37095486	48195524	59299996	50501167	52447008	46378012	58167948	64713450	36623193	42440411	66774840	48759892	53191268	76820420	77645400	42483776	53976792	86177005	45353083	48165256	52870056	47065548	37109720	51212458	75940962	56317788	65990355	59134820	64513894	49350840	73427410	59712597	47346704	83098811	66250068	27973916	58884824	78510516	42586948	21995014	70264496	27681356	74757993	35878431	37391794	44840105	22469975	62384000	48113172	61211776	41254107	77979118	39149473	59911276	42457065	75587740	27201126	46312179	66481166	63435138	60383619	52564160	42131901	57123680	32089307	70479667	49351632	70791592	32047350	56311200	80556566	47075920	50214996	75236728	18031092	47917764	28056581	32548790	66429737	62482470	46361617	50268420	51957788	42003715	61356519	44851344	66651591	67639575	63440285	50343125	46540448	67899662	56662372	79183496	61563873	74114382	32372810	55397452	26837002	32398904	67838732	60190940	66796699	23401597	58710768	58261464	77873716	81145867	84641422	94446853	65584008	53181192	71188142	16458272	76434333	26044869	58476968	56575476	56490092	48715704	64115544	55915044	37515956	63388101	26711102
2025-11-03	93504679	91309724	98163636	100287756	78704308	120211408	99360131	117681705	100639168	73453268	116574268	111797792	87643684	97924114	130546944	137506656	97859688	74658834	82069490	135208938	139139404	133106387	105717108	140391908	129760247	86269751	88217506	91208059	134058772	91828648	115377818	101321850	99669051	134982357	78043419	97538560	98119887	80677578	130492102	95828271	136262738	96203028	134261894	133249387	104695332	85911004	108643332	137251603	138015814	99756554	83024912	108962743	93120602	78833704	97081120	114422946	73632692	134788906	139996794	111524884	124256807	84947073	145049808	95693214	100646720	144094628	106778652	99959574	81483310	157816124	99693192	159817932	122110804	134228552	102100454	82194151	104198303	102635277	96842599	93620844	100021730	101563864	108121156	142467672	95717434	132675159	70378744	115017804	74136674	128732604	92522925	100198908	101803654	92009293	126186158	84888496	131317882	106627048	96531768	76072370	97167608	106880096	114954036	107181008	124576810	115813149	83614263	108107508	83237172	98819066	123283752	125783792	95951770	145596430	99978758	100181896	102151876	151520278	161042771	119666684	123193112	115381698	88909282	125156376	112227692	84097340	109844688	127205980	135084794	99423923	149900726	97758048	99711264	147598512	73287588	76773208	129684856	74204663	110176635	117538350	129457829	106367999	56868724	132424766	127557610	93939264	137948662	83301479	114003488	69747555	116114025	80309730	119092170	131684916	97276594	135668582	101950180	99915330	83842179	130192892	109719324	159551721	105367989	109127243	127531360	121629892	101924396	121926341	91808734	119432822	109636992	127731592	121481839	124951194	114779129	31866751	130973880	108107288	126319348	116344016	123121060	124747025	142031042	113738120	88976105
2025-11-10	67348724	101329668	101347698	95893284	92622272	82072188	136396910	102716355	109502680	83880228	98657644	105283916	104389014	70880208	91354524	139948896	84738116	81062849	97981993	78785388	93154415	131998098	94070102	87466996	84053433	108062309	121184876	96871841	85704914	101714493	100581888	80085370	76518878	59284276	73066119	90423798	100442627	78155746	110538988	87267315	80441891	81359992	76336386	68792055	96146054	84263072	62318528	102925403	97292228	108787789	97006186	79300350	94449867	72474942	48109608	93184836	60957168	120374283	91722846	103096656	58364153	87195819	102075356	78040390	88625112	141899818	85418641	81171722	49895993	111161388	70688508	92887540	139515024	130678896	87235078	45032554	119407089	104166868	73783346	91497196	105131758	69317447	89888444	94321658	88929609	106905369	100350177	116794165	68613572	70032432	48725589	77057146	103055272	69892375	88349280	64511768	101377740	91385132	115587864	73199801	77669438	72952956	56713832	78983423	77239056	72520547	66652500	57339968	61518700	100146346	99431034	70966419	77589301	65871299	90571893	85117268	92927280	139881159	89252485	54159220	68067046	89663572	80281962	85930454	87572695	95817662	74222676	89928208	69470184	94645715	99732652	98133680	115256708	93443000	57610568	74798140	122252088	103368889	88608335	92054574	129829194	96705474	68108696	55385556	125386907	83918300	132436023	99218498	114468036	103964228	58547511	66393863	71926092	130853492	98280943	95284498	91736535	90296672	72480962	109487324	100561092	135014538	103981248	70378988	72580844	58724480	106663152	59660828	88372864	115760732	121582512	106870798	97929429	97450362	118561877	26249669	130306812	119015084	88763169	104531224	79613518	128107546	78327078	115397220	103459844
2025-11-17	40888763	52158024	57078680	65322500	50956616	57915692	39753925	53556284	50356684	41641476	55281788	28773896	57654876	55615336	57434988	60670148	32727240	69581877	61791820	54097980	28520314	71109077	50403086	33132038	34292206	56061548	54387404	64330639	67773012	62175895	39612824	65919319	46233982	46874208	33779018	48058644	44222431	56041428	91138743	50824767	55820847	50811188	54953153	54768188	44682624	31939078	67628331	39664499	55514788	65732033	51545072	56384192	61726460	49470998	70472130	75996560	24687932	42314773	61072439	29975812	54945412	35556997	60428184	50920860	70635606	73303432	29614886	87214266	45383241	58368193	38763808	39274252	67600682	32785452	27043250	53500200	49159687	44540682	55966849	96264148	42838014	46667364	46847840	60356990	56135520	31742550	65990355	68609405	55008952	55050152	78984669	36172651	42900316	61131499	69410286	42178792	40961555	49309404	31864348	64392306	50607906	60207284	42518783	40233962	55936212	50783424	37612489	77249904	40847092	65326344	74397785	56587316	63147595	63893116	68455858	40189696	52735038	72674213	58832372	58074696	47722892	83624448	52990396	48185062	68425910	78828478	55316664	20982916	46677381	28387874	53416800	72229168	41427404	59087740	18950230	40418632	40517622	51559324	53621485	43329514	67633400	44702717	38804660	43729179	52084868	65507650	47198085	66179567	54148092	70689722	36576206	59778036	62300191	42144888	81548326	70057485	41060083	51809674	77458262	52679742	43774420	56225389	56097461	23907614	64218980	22829216	48061908	47383488	45215074	46355177	70266764	51897778	52148484	46428882	33042474	25579940	72423692	41087736	60936480	77453580	40419636	71486541	41939310	43049979	38673009
2025-11-24	46244972	41077276	55882718	30717960	23511332	22143965	56549684	62880694	25093428	19187008	50941352	63729848	39279768	37596934	73635336	51312824	43649012	24587529	57809980	62393480	61207838	74453843	41974858	53563571	62038567	83217007	52853263	68179751	74263062	55468349	72522884	75240798	63466896	55966076	59992540	47209726	51574716	31670734	48069000	72080016	57479947	35857924	35466426	32295030	56495416	47812070	36435885	60311709	36675382	56129464	27962548	75783058	42346187	36144016	56139652	42345122	62317368	84045905	65319735	49491044	45853544	37407559	47859561	59481816	70303786	61765692	38242206	49048126	33242523	67260969	38962900	57719032	37313420	61655428	69250434	47447189	52622045	56231184	32810287	42262612	77303086	41935561	42044316	23220550	36396442	62443834	61286876	35540170	64381166	66058584	40761909	64092621	60942026	32403338	65428446	70718292	45275215	63954044	91317380	47289311	33074964	26084836	76137943	36716670	69157079	54300716	67327662	58733980	61934328	44000867	52350916	41876393	34948182	61052201	84980494	66681520	59960600	50028563	48006573	50111016	52486303	17753338	68917756	64735018	57506719	50065661	64666260	66610660	58350983	65129653	55973369	60481448	60064412	42650760	31610088	63664840	30976597	42584969	50794504	42997694	82901362	64793263	37677300	74782834	57374679	55790684	52374477	66577751	86330933	43653432	45540167	51416172	47042713	58142360	36318886	50869596	50610088	44123816	56726748	56834128	87119928	45707299	56038828	56177092	62936130	33178936	57446144	61601873	73139260	68609187	70664948	18272598	83664574	35996252	50890163	28542081	48456004	64099536	66133045	53361184	53032756	51625427	76246760	75946266	43318489
2025-12-01	54407744	51561768	74002910	41653572	68001228	63556632	82238219	50752271	45769732	49747800	67957312	63066208	58318516	46556074	31936148	57949224	57358072	51730183	63089386	54363436	52728624	50755228	51398546	30477478	48252837	56127912	93386129	58512368	36660172	58788940	70130538	50196377	67171589	74857246	41941790	66892206	46094742	50997764	52847208	51573540	40197129	87467600	45316348	50820233	49546108	53170430	72998790	35501330	82887794	50966276	56510956	51522496	80888779	63836206	39115505	66722882	40336352	61545859	31721382	86255208	75146547	39660149	60810451	58260047	85366722	78100552	51907191	68725618	56494410	61074636	65821104	66360852	72665976	63035620	66291448	51013721	44483879	61008903	89808015	51221752	48147134	50715568	40506528	46766070	75827146	30239081	61419604	40583834	64299912	32958932	31952814	44600879	36946152	60493016	71783534	67997368	72228977	54928540	63766692	58438463	37998746	31858504	41191503	88714438	42317161	45540668	42219026	56941784	46770104	102447988	65092804	50039165	51513536	41158417	28636530	34017844	37678524	28511101	74834563	82982434	22666894	50705968	51688317	50686372	68060137	49866569	40790676	77373520	61307412	60027584	54446997	51323216	40962856	46566236	27378458	32935352	82398106	56669352	61147288	62283378	69261439	69040559	47631900	45454643	69804056	61393082	47463541	51921648	52157172	65832079	50252011	33738130	58583807	28040664	55772427	50462719	40668310	69528862	68432758	45628034	43400456	74093594	52070192	80513218	40354684	60965264	81271484	61355329	89362828	80385562	55912948	73192458	56221308	75948426	57238013	34159163	74005012	63725972	70966201	65585364	56344374	51553932	70926224	53518367	38179921
2025-12-08	62365716	53219848	39757676	38335372	71831864	54509517	58144309	18349914	58519456	29215784	49375392	39203248	45311172	38061482	39907360	47158324	47166304	42240353	71134287	60073570	52555025	37654954	60125288	45425780	43408265	54124409	50671020	44332233	44756580	60647132	65149996	40476714	56764132	55899712	32252646	56552408	22616005	78487566	62359217	64666017	64116347	47669580	57925508	68924783	44694302	51528454	26612647	54699948	60417754	51106011	51279616	47425052	62325721	68559466	49106141	52367716	43057276	49747541	83958258	40287164	41871704	15234353	47221748	73904313	65985264	31518102	43526415	58871708	55534986	62117548	39425640	34296952	56832862	61987248	32982748	43664441	8361864	50717753	65257809	70725264	43634382	56290144	40199196	70908866	27769122	40877879	50610637	47255664	65243898	55448336	50251961	36504471	59225860	55009133	31639772	37798768	41027919	40748448	59253940	40074552	41171372	27283172	37143299	47219560	50214477	46698297	48070580	58269432	46836468	48735344	21449593	46057325	34902177	27752889	62068091	35610580	60947946	52683123	34658942	50841020	43858983	56314694	41667353	63407738	46025747	69019659	57565312	22774744	61838324	46688420	55641549	42540616	46564976	51474792	36848594	39024988	42758607	61130955	37681103	74892538	69062347	51131152	37743664	46450103	63062674	57317056	75543539	37862821	73059366	57602943	27882522	55576531	27866638	56381840	47552180	44282174	46634659	35036070	71472529	42260594	29771616	42405388	61819399	76235594	38447252	75780028	65940736	46106083	60810614	46819725	56027592	34643138	55801909	64838674	42595491	17568046	55427652	55513652	60604660	45728192	33619306	41936283	53010682	59605353	48245812
2025-12-15	79708826	86986688	110495924	76997212	92688636	88297510	97407035	85598817	81760400	67734548	88623132	94280812	81163626	84562118	114619512	94449376	103726128	76166683	92130545	75827156	85756810	127908150	89821616	104554660	91311729	102893959	97739674	103174289	102680968	65032261	74643290	108081923	95445822	96146804	87341617	93514366	82541169	115182822	65655460	95756199	133217671	67271580	94264764	143985401	102277688	75850664	86663383	64340491	112794298	117859912	114515338	87229782	97745235	105773058	81518882	118219868	58909168	111660825	116371953	39399500	100190264	80111785	88260527	86722658	128043636	72256002	99627451	77620104	65719006	115261475	86640184	108308576	93623796	56678128	89286654	67308254	96005203	76660369	101917208	68165440	95391580	75749047	83256924	92588204	102790057	70667262	82514991	81512086	104212222	82408748	94604829	101557229	119750460	75895754	111159354	90829988	123254309	91699828	86906856	54613966	63049732	92388052	109768016	104943671	80687291	94712458	98850562	86622588	88960584	81911437	83400457	93969869	51787935	103081700	84868466	56357652	63013344	82836200	109542745	125326536	61587994	50996044	114242044	69165892	59554129	90220254	68714000	53471900	68905024	76452351	126777537	84049456	106897628	102329772	46689832	80413600	107710931	113698841	86563992	93497458	91347769	85414721	69848824	102675559	95890022	92589152	97561956	111651416	89367786	115899987	123305957	88597861	115728306	79347532	102717703	100316746	75809878	95698362	94194963	109864532	113647604	88743749	70128103	66319643	98799996	97991780	64242184	89415250	95217918	110375620	85406492	104883788	128411720	108082084	81879580	27462752	90134892	57570628	72417452	85775488	64440782	83891478	101938710	99437367	109375524
2025-12-22	9265977	16313108	0	0	9599512	0	9378125	6846509	0	0	0	9439140	9151518	0	0	0	0	6187799	0	0	0	9301389	0	0	8609767	0	9338139	0	0	9114097	8974810	0	0	0	0	8229136	9398153	0	19133914	9304021	9194087	9226716	17934914	0	8833646	7222550	0	9051273	0	27055491	0	0	17764705	0	8789303	0	0	0	0	0	9184711	0	0	9240397	9483498	0	17978645	9389362	6399325	9475993	0	9504552	0	0	9517446	6406297	9365893	0	9520997	9643648	0	9371575	7052536	9369386	0	0	9265471	0	9264106	0	0	0	0	16953439	9136034	9446944	0	9227412	27264360	6473339	0	0	9819258	0	0	18246166	9282451	0	9531288	9597961	0	9287987	0	0	0	17204920	0	10575697	9390411	8830282	6778951	0	9182271	0	0	0	8867924	0	9237423	0	0	8209944	0	0	0	6108548	9529609	9294759	0	9534734	9284519	9414815	5050184	0	8983363	18614732	0	0	9338967	0	18917674	7757219	9276423	0	9318761	9155509	24065894	9383530	0	9180926	9514272	0	9178339	0	9450994	9471396	9463804	0	9234158	0	9025504	7499132	9444903	9636262	0	0	0	9207780	18864890	0	0	9352193	0	9554661	0
2025-12-29	4114568	4114568	21692432	4114568	14087644	13715737	23382818	11630425	12646260	10227868	8375252	13620072	13501214	0	0	4313660	14439064	12989998	21925354	10355614	8785541	32356263	28546498	12041851	12724335	9635363	23864086	0	4114568	18535394	4114568	14630599	14124669	22891922	9315451	9874422	9807753	9530787	14091125	13689753	0	11723928	23448834	4247296	22360224	4114568	4380024	0	14193926	18753794	13715818	13913547	13251953	31330794	21928302	0	4114568	13618255	18979494	18202960	0	19200991	18990014	13421329	4114568	0	10261509	13871786	0	14235289	6814468	14263848	13559886	16934332	23486988	7020697	22641554	13670495	19041994	19594496	14412066	13757307	0	9881386	9224811	0	23591730	9540949	13818602	13662992	13786395	13520057	23493172	13978475	14160786	9856544	23256290	0	18483440	6882939	19290164	13873860	18719866	19052430	13950871	0	9794451	4711844	13953056	10109961	14325813	23998910	12828611	10257413	23105486	13126628	10543762	15304665	4313660	4114568	10935263	13771498	18978942	4778208	14302213	4380024	8867924	0	13285627	9614821	21572686	21770752	18800064	14290796	13844452	10867844	0	13409327	21395434	23491236	18876238	4247296	4977300	4180932	9802563	0	19273326	8760048	23473266	13816783	13675805	11938151	0	10321476	19661522	9565109	14261849	5110028	4114568	14175350	14768444	9572705	22471246	29487623	0	9471396	14242012	9259997	4313660	9700179	14172808	10043462	13866671	3981840	13385005	5821882	4180932	9207780	4114568	0	9350742	19216386	0	14615449	4180932
2026-01-05	76421317	71733364	56945952	60065296	78468264	64596845	47190471	55116106	50216120	61442660	50835400	77505480	63391502	79562476	85322932	67890596	28280852	46951975	40422612	74941936	38899419	60178916	71108406	62854531	56174344	79247750	60758348	87337186	56463888	27204458	50622764	82897087	67504237	56408727	61253327	61464172	56925580	55444152	80963094	53811147	90769874	82753636	63713201	69588423	47547954	59431768	82488842	50054468	56850038	94161767	40902700	47182489	42346187	61084698	70538494	52784812	19079912	45234789	56171264	53671976	72431331	61409590	35464203	50456312	58358266	64349090	95413866	58738980	43128812	60624569	67038488	47702480	63884298	92483960	68653158	52424489	56526091	46138637	70398782	43191708	65545580	64871059	53743160	61504090	55604608	57910524	41460770	71662149	46565834	83388224	62445620	81551699	99623256	39968834	78461044	84822132	71289903	68975904	76798656	46947878	66083564	68307476	65865217	79489842	66303427	82284365	109983815	81098648	71623472	57140939	95714650	52760089	38817653	59712184	76884086	79357044	52204126	87713422	97946169	39589224	59970638	106686906	48212188	78033138	72373797	83009410	73492672	77186320	104099268	75681529	119509124	64883196	50784728	50570612	49641180	62934836	57991545	59722096	60058793	99772860	68664163	37610642	50196936	59301032	61422883	42130420	73880840	64530808	32449530	47303452	65060825	41880329	61506944	68198380	56113136	84276767	83314718	28395548	49293980	61983974	90305400	74027230	61148856	64472592	42429092	91174944	81337848	84513942	50334664	27950279	75642248	48048666	77356589	78429812	74708869	17568046	70366408	59694584	47046231	75065608	71087724	65139640	66514286	104396165	60672267
2026-01-12	27797931	28432848	0	0	19199024	0	0	0	0	0	15316904	0	9151518	0	0	18980056	27827628	0	0	28302042	17366282	0	18757932	0	25829301	0	0	18890918	27555174	0	0	0	0	0	27946353	0	0	27363561	0	0	0	0	8967457	36671516	0	0	18173686	0	0	36073988	0	0	0	0	17578606	0	11386592	9196487	0	17998160	0	0	0	18480794	0	0	0	0	0	0	0	0	9445318	0	0	0	0	0	0	19287296	28144818	0	14105072	0	0	0	0	0	0	0	18607942	0	0	0	0	0	26750031	0	0	0	0	0	9103933	0	0	0	0	0	0	0	0	0	0	10257413	9085859	0	0	21151394	0	26490846	0	0	0	9234402	0	0	0	0	0	0	30976629	24629832	18697664	9332408	0	0	9529609	0	0	19069468	18569038	9414815	5050184	0	8983363	27922098	0	0	0	0	9458837	0	0	0	0	0	0	0	0	0	0	0	0	0	0	0	0	0	18468316	18376358	0	18653324	0	0	0	0	0	9207780	0	0	0	0	18778476	0	0
2026-01-19	32526899	24419912	26813876	28911684	43807780	32918075	47988728	19461377	30137092	22520832	38398556	53354232	36057254	32054964	44021928	34867780	28280852	18117150	17770695	24292054	17147405	9403789	13007344	32974329	40379712	22377251	17254640	39421297	29705574	27669006	29724588	28265738	52649564	45525031	41278021	47925916	42496967	12343704	42207011	51042628	18955303	47669580	22459082	51184532	29044076	24693406	49775732	23198221	32361722	37501391	22077682	47407928	41858807	17906098	22030702	43141490	27309572	32611994	32963386	40215092	37248985	15167989	33325845	51717228	62118182	37618792	39610939	18881124	17250746	38591299	31130140	28527696	34866378	49245360	38059514	18885966	36948711	47592937	32677559	18578168	39320722	27846434	29303256	32571024	45867797	32117831	9879871	46607491	46231780	41121704	41160093	41372588	22819918	28795353	31772500	24093112	27152854	38447512	31864348	32414162	42511498	50916324	28788282	22141083	55437416	50318876	51986056	28338164	39138244	4579116	47417148	23714542	47644065	44900275	52760308	18024120	13007344	63076976	32402566	40569642	27378738	45628154	32335230	23186356	27078054	32293162	37472476	52740584	51136596	30522475	40943478	29557892	32733720	8295500	9464428	37580832	32819398	51559324	13644313	22849278	37269749	36672673	28573204	57618245	34119533	32972188	33792557	13992463	34173761	32677230	46540448	34401770	31981206	19015160	46481467	41968127	32638266	36952382	72680054	41862410	18219372	31688206	14142435	36516774	43004434	4114568	37602804	53223520	50907320	47228944	32194728	48482552	38215449	38664294	29193362	17465646	23366984	36840440	51965924	29136060	34415674	56857921	33511082	34754479	21667438
2026-01-26	60662600	51097220	26017508	28845320	52766920	61176245	70156193	31357258	37606960	40257748	50822012	65720768	48298558	47551534	49876988	57750132	22933656	43799796	49499623	46062276	74215182	59561741	32650840	40611175	49073396	51216976	36551026	38447598	42646554	55534713	70196902	51819632	37542639	32163970	32650830	66759478	65751077	23242506	57559052	54958104	27093274	27363332	35806563	36165205	58884520	45410970	45395025	59714433	49729704	41682323	59707844	37758801	38430711	69741836	52887816	26812686	26911388	40111126	55507624	76770864	31653638	39900024	46848184	41608391	57694626	43122206	45409518	36770786	32711611	47801836	19911008	64753616	73449140	67083824	42306810	56588297	53880100	71837162	49534015	37023608	53069148	27381886	29037800	42386046	33325001	41408791	67906546	55723373	38004878	46489196	31421902	63628073	60942026	73705742	64053714	78087676	58884824	59043108	41591488	41487113	36412076	32194108	59652760	45916773	47294461	54796479	43425100	56807752	41991896	33625450	54261451	48092724	31078711	61649477	36533846	44025364	57231562	48874956	50793861	41038060	50510180	32687174	42994633	54203664	64775890	64241451	43917512	84113272	52149180	32966990	38429142	55371420	37246472	47982416	36366922	41815336	43871404	32017878	71977642	28311188	64549595	36871765	25532688	32602886	70846571	47627912	56493472	77031165	46849285	37933057	21440393	34049377	60312392	35078996	41902351	55050528	60166504	45380610	33606130	42154412	42978052	46586320	42493669	61992229	57980764	32365444	44836984	52028968	50575500	70810234	47116452	19400786	76190062	37137922	37468339	34828892	46866696	40133712	38352547	53838936	61122582	46449035	38023834	31155454	30493850
2026-02-02	28232514	8295500	40287178	33158980	28374380	38404676	38297695	25334859	33492392	22388104	29240324	9158232	26736972	18018402	27821580	14321396	34490780	13604398	36057445	39428706	25866582	27633990	22331362	24637446	17833934	33817025	37870537	39487661	53079324	4114568	9486810	23819350	14191033	18471089	55877972	32092548	38249671	14109903	38225171	13888845	4180932	41144544	40125931	50653620	18238422	24560678	9291643	27349974	22946004	37899575	41479274	27827094	29270494	14455170	34374406	9889866	23062276	36740197	24136974	32211472	31720002	34922724	13763175	32295922	37974794	24345992	35031823	23098092	8295500	34078547	12940980	23156624	28752464	20109928	33142870	25906663	27419762	27816954	47109492	34099840	42638922	17938239	11227760	27991908	23588190	0	24869770	36535630	9571306	19096848	22891274	26858146	37865950	23643290	29117940	33883292	36647895	23183792	27218868	39930408	37255896	33193352	18309617	28155714	48304352	26884902	14838115	14069536	43601248	52802460	9224596	45877145	21057747	35874771	34675654	13126628	39879334	24396533	37388333	14452310	13865102	32687174	23093510	27964564	13704937	17838863	32694268	10099220	47636428	13729389	20339011	26391612	0	28117044	13196478	32271712	19628353	26693543	35424727	33640370	4380024	18829630	10642696	45575955	28033354	13831534	22568187	33748253	34240125	37800329	18984925	41474776	33172637	19214252	34137763	17794245	32830947	0	27911799	23970676	9622780	47449052	46541873	19087937	34310750	28467092	49150644	38009675	23197284	14279295	22335580	32297900	23618774	23387092	24415154	8579223	27415188	18805940	41792059	38627244	27677748	23909318	46319334	14416357	26512010
2026-02-09	13718073	42005352	31459356	15941808	11082788	28803507	18583809	4778208	25823432	16872080	33885804	28812180	36720894	28073124	39044628	26665100	38605348	22032626	27378618	20711228	25999310	35796762	16093146	16566019	43275537	27499862	27857342	33735754	23506478	36493027	21963242	27602098	40951606	37693251	17851787	32092548	47725604	23375234	38158807	23663122	31207842	42582052	8295500	27649550	24464960	23903036	27807882	23036314	46754740	4114568	28294368	53132356	14071153	31299444	26277998	24425212	14500796	17931915	18041247	22144860	31520910	17461362	37506777	32715615	15202218	33172404	22937033	30464496	12741888	18681677	20840104	20033104	10162118	34279460	33281306	11135265	13643517	29282181	26510181	29852544	20196812	13690943	33882372	34024182	7034584	13448989	22356303	18632817	4247296	23211416	27240970	18008189	27854284	38393804	23609728	12675524	35315626	27364724	9395320	40539100	23983096	13674768	8229136	22937451	41852613	17689747	24129075	25019964	18996720	28581786	15675925	18294579	26142129	46373020	23991050	21886676	33829412	19551961	47882312	32141414	11267083	41712678	22671287	32079132	36602059	13657931	17844188	22841108	32644626	41188167	34904354	42720516	32241628	29046140	23447316	28157144	38046763	23523286	17227969	18071070	17820855	40986333	0	23445482	18098063	50934696	33858921	44555244	24021302	17997715	23237042	25243538	23619342	18616976	19188085	32809895	18967282	13666862	18607866	33633274	44172604	47034579	19650647	18225205	34310750	38685616	32837640	32219518	23728196	23514926	29577444	32496992	37817265	28298028	52745784	8784023	17921708	23144528	18137545	4380024	41450258	19728386	33511082	28567258	44396700
2026-02-16	22851322	14255824	8760048	15012712	8361864	18922457	14734697	4114568	12447168	5842136	16033704	25272056	22622404	19036204	20197216	19696856	23449484	12989998	21858990	30145242	12797709	9403789	13903134	12506399	17526734	17997227	23610046	20529318	4180932	22957162	9486810	13834231	28182974	0	23359870	14121718	9807753	4778208	18338421	14021573	32100721	13341284	22591810	32636497	0	34233568	22758510	13497661	23012368	27182022	9191650	18983558	14270245	18955740	30584877	37718554	16079524	27194766	18979494	31521408	18574222	15234353	17877743	22999254	14007666	8560956	9749509	23460240	13003450	0	15267336	10016552	14343050	18483192	0	22518862	27123978	9755508	32743923	14729056	18924818	4247296	6847736	4711844	4180932	18668842	18241735	23196466	0	19096848	13653667	14159077	4247296	13779383	9648034	23827656	4512752	14379184	4114568	17946810	4180932	27283172	13796865	8959140	4180932	13508815	8892776	4247296	14749424	4114568	19591401	23847270	4114568	0	4247296	13922996	4313660	20414693	14475819	8361864	16509839	4114568	13911239	14513194	13505845	18953998	23145580	24313008	8295500	14260301	11247143	13494444	35750428	28081008	13717432	11133300	14451961	9704359	13577949	14125266	18219039	13529383	10305168	0	14779863	30718318	30996741	30971306	14067935	9702215	23237042	16948038	27933002	29577472	37137347	4446388	13459773	4512752	28513226	13295494	14038440	23525434	23387138	24402490	4180932	18912208	29825012	24075658	23197284	23135654	9347148	19370124	28949109	4380024	34083775	8681623	4114568	17503280	19274490	8494592	23189616	4180932	37216050	24519054	16528870
2026-02-23	27502510	34913848	26590164	25274512	22997544	18228489	29670375	15744993	37710424	26768128	12489820	28878544	40968190	24555832	10559408	24594588	26716404	6802199	33100779	29869460	22721981	40621435	14434046	20456514	17146103	32941710	28189162	33802118	4579116	22957162	31914600	42365425	4114568	32628518	31854462	38449678	29423259	23176142	8229136	8229136	49939252	18824876	36594614	37027937	17984644	19854832	17719871	27217246	21892150	45796891	27498000	37692437	33982338	50985188	26676182	38761466	18814456	37470201	8494592	35728764	36795853	35254544	27725442	41409299	33793862	24279628	33397634	37102606	11014477	19146225	8295500	48494436	28544946	24357224	12940980	11400721	36644358	36709730	0	67033500	20196812	4114568	4380024	14792322	9736811	45721623	28121606	23528286	23257180	63743836	27705518	21790937	23474260	37157217	37836878	28372100	41160647	18781012	31598892	6882939	28084818	18987672	27328274	19462030	43578077	28278546	22934523	19909936	33215232	29179062	22060890	32939138	26565959	25973798	44531172	31416204	31631286	15437393	33406493	17704146	4512752	41380858	32401594	4380024	44433011	17706135	46888436	18593812	42098265	32701534	44988572	25329788	36715560	15286256	26841838	23976212	43223155	33559465	17227969	27605804	5043664	36606309	34093644	4114568	38366829	14296082	13007344	37862821	28998602	22178647	41558327	25708086	24282982	19479708	47172908	27359354	23148214	33966002	13484865	23771584	23962312	37013615	14806075	9863341	8229136	42733820	17254640	27773130	18898682	48158040	21871032	18272598	36161570	28231664	9884837	17568046	17788980	40888644	8229136	12542796	37402054	14268260	8295500	28567258	21982871
2026-03-02	0	0	8894186	0	0	0	0	0	8332600	0	0	4579116	13434850	0	10559408	4644652	0	11381315	0	0	0	9403789	14035862	0	0	4711844	0	0	0	4579116	9486810	0	14124669	9644677	0	0	4247296	13645355	0	0	0	4114568	0	0	0	0	0	0	4114568	23717890	4114568	0	0	0	0	14004434	4446388	0	4114568	0	9389511	0	13763175	13626129	0	0	0	13340874	0	4180932	4114568	0	0	0	4114568	7020697	0	0	4645480	0	0	0	0	0	9736811	0	0	14120065	14283150	0	0	0	0	0	14890790	0	0	0	0	0	9901082	0	0	13978311	0	9327883	0	0	9838488	10109961	0	0	0	10564613	0	9012060	0	11190097	4446388	0	0	4579116	0	0	0	13923387	0	0	4114568	13994845	0	0	0	14224432	0	0	0	0	0	13956502	9591719	0	4180932	0	0	14296082	0	0	9953367	0	14073989	8474019	0	0	17794441	4247296	0	4114568	0	0	0	4114568	0	0	14909966	10085796	14494264	0	0	0	0	27187872	4313660	0	13999405	0	0	0	4380024	0	4380024	0	4114568	0	0
2026-03-09	0	0	0	9438136	14021280	0	0	0	0	0	0	0	0	0	0	0	0	0	0	0	0	0	0	0	0	0	0	0	0	0	0	0	0	0	0	0	0	0	13825669	0	0	0	0	0	0	0	0	0	0	0	0	0	0	0	13072635	0	0	0	0	0	0	0	0	0	0	0	0	0	0	0	0	0	0	0	0	0	0	0	0	0	0	0	0	0	0	0	0	0	0	0	0	0	0	0	0	0	0	0	0	0	0	0	0	0	0	0	0	4711844	0	0	0	14180011	12828611	0	0	0	0	0	0	0	0	0	13247599	0	0	0	0	4180932	0	0	0	4380024	0	0	0	0	0	0	13113401	0	0	0	0	0	9802563	0	0	0	0	0	0	0	0	0	0	0	0	0	0	0	0	0	0	0	0	0	0	0	0	9700179	0	0	0	0	0	0	0	0	0	0	0	0	0	0	0
2026-03-16	13380545	14333604	5441848	597276	38546548	8826412	13938329	7714949	29112368	6046936	33753076	43450544	9253918	9722902	21716092	15847768	43368472	15562247	19879486	14403818	26356623	24050334	36123410	32816620	19824854	12555379	19495478	25904802	25245564	32513578	38415030	27801190	1061824	51911229	13405528	15648090	33537827	23707054	19864793	33968311	4180932	19665108	23189086	28645010	28036938	27625418	13201411	33028099	28719672	27633366	37696526	14577187	30776019	19143416	41438245	52367716	38762528	17865551	9745747	13982088	1260916	22427246	15886823	4114568	18520418	10082530	14376077	4844572	6501725	34078547	20641012	24877676	27703844	14235896	16159554	7020697	5242756	20118730	13701929	49782612	34290262	27381886	44265352	18243250	19473622	22849774	28055242	14717341	38270334	22091220	28103702	22701834	24403356	13779383	15222610	13971112	24692397	23183792	11253512	12922063	4247296	10091112	28847799	28783445	35946217	32098217	24101654	9937844	30112740	39089931	0	34178169	19995923	21726502	28503802	5508212	18905626	20414693	23268954	23330044	11930723	8428228	20256982	9999614	29599886	38319233	9482324	25507560	10913647	19826918	8428228	0	32468264	15352620	14503842	14916048	15049237	29643989	21541629	23906544	31261686	13073708	14624536	28996371	13917131	4421768	20979878	21016706	9953367	19789543	4180932	8474019	9686023	14436044	19785361	9565109	19564558	33368726	0	4711844	23962312	23857254	24568486	14177001	14312690	20171592	42155512	4512752	995460	17862951	14438264	5707304	24016958	19272524	10747569	16035585	27348824	36707712	18071181	30862656	4579116	37489895	33366938	24105501	21667438
2026-03-23	530912	19774432	1526372	6650848	24132792	14692285	9890125	0	17727400	6046936	16033704	7233676	23479522	5309120	10559408	18369600	24118832	20099397	9077011	16129282	0	0	4180932	0	4512752	0	0	1393644	1791828	9933297	9951358	4910936	18305601	4180932	9622651	23351412	10217353	8892776	11702021	23065846	9398887	730004	4711844	9867555	4180932	19342832	10154375	4114568	13663014	0	24492708	4910936	9890221	0	597276	9889866	6205296	0	9848147	19124560	9389511	8229136	8229136	14621589	0	597276	11010425	12476432	4114568	14301653	11115268	14396576	10162118	18284100	13220626	0	13908973	22231451	14756257	9950848	10695682	1260916	25103412	796368	0	13448989	10187071	24510542	4114568	0	10003647	33137031	8229136	23209070	10364834	0	8693684	0	14372620	6882939	4114568	9493836	13863229	0	9836303	13973363	28210514	30069704	22868156	0	40688947	14511831	13998543	21743626	9905059	2986380	597276	12196973	10892163	13143942	0	9524202	0	33275994	0	13591567	0	9979696	8295500	17531049	50786860	20841656	19531064	14688980	4446388	0	0	19818318	17161605	9841934	9591719	18829630	4180932	16633677	14248951	18133778	4180932	10475171	8892776	4711844	4778208	28747753	19167246	796368	2521832	23244786	13598209	24413708	22722434	13909894	4711844	13687273	13926219	4711844	20860792	0	10180604	0	14403054	4247296	597276	10043462	4114568	23387092	9884837	2962141	27432920	10311348	14426869	23574688	13772510	10732633	9798838	0	13090095
2026-03-30	0	0	0	0	0	0	0	0	0	0	0	0	0	0	0	0	0	0	0	0	0	0	0	0	0	0	0	0	0	0	0	0	0	0	0	0	0	0	0	0	0	0	0	0	0	0	0	0	0	0	0	0	0	0	0	0	0	0	0	0	0	0	0	0	0	0	0	0	0	0	0	0	0	0	0	0	0	0	0	0	0	0	0	0	0	0	0	0	0	0	0	0	0	0	0	0	0	0	9088120	0	0	0	0	0	0	0	0	0	0	0	0	0	8304443	0	0	8602460	0	0	0	0	0	0	0	0	0	9067399	0	0	0	0	0	0	9348832	0	0	18325644	0	0	0	0	0	0	0	0	0	18614732	0	9468295	0	0	9458837	7757219	9276423	9604676	0	9155509	18557682	9383530	9303933	9180926	0	0	0	0	0	0	0	0	0	0	0	0	0	0	0	0	0	0	0	0	0	0	0	0	0
2026-04-06	0	0	0	0	0	0	0	0	0	0	0	0	0	0	0	0	0	0	0	0	8683141	0	9378966	0	0	0	0	0	0	0	0	0	0	0	0	0	0	0	0	0	0	0	0	0	0	0	0	0	0	0	0	0	0	0	0	0	0	0	0	0	0	0	0	0	0	0	0	0	0	9475993	0	0	0	0	0	0	0	9555927	0	0	0	0	0	0	0	0	0	0	0	0	0	0	0	0	0	0	0	9227412	0	0	9389082	0	0	0	0	9123083	0	0	0	9597961	0	0	0	1868805	0	8602460	0	0	9390411	8830282	6778951	0	9182271	9234402	8915313	9067399	8867924	0	0	9102821	0	8209944	0	0	0	6108548	9529609	0	0	307200	0	0	339784	9255857	0	0	0	0	0	0	0	0	0	0	0	0	0	0	0	0	0	0	0	0	0	0	9463804	0	0	0	0	0	0	0	0	0	0	0	0	0	0	0	0	0	0
