week_start	sub-Calcacre/sub-Calcacre_obj-11k72jd.nwb	sub-Calcacre/sub-Calcacre_obj-11t7g5r.nwb	sub-Calcacre/sub-Calcacre_obj-138r6m8.nwb	sub-Calcacre/sub-Calcacre_obj-13rb43y.nwb	sub-Calcacre/sub-Calcacre_obj-15yaiw2.nwb	sub-Calcacre/sub-Calcacre_obj-1604dvg.nwb	sub-Calcacre/sub-Calcacre_obj-18exrlh.nwb	sub-Calcacre/sub-Calcacre_obj-1ggo075.nwb	sub-Calcacre/sub-Calcacre_obj-1kb71oq.nwb	sub-Calcacre/sub-Calcacre_obj-1ljxzqd.nwb	sub-Calcacre/sub-Calcacre_obj-1m5mdt5.nwb	sub-Calcacre/sub-Calcacre_obj-1mm75ry.nwb	sub-Calcacre/sub-Calcacre_obj-1ncfarw.nwb	sub-Calcacre/sub-Calcacre_obj-1rekojd.nwb	sub-Calcacre/sub-Calcacre_obj-1rvdqjv.nwb	sub-Calcacre/sub-Calcacre_obj-1sjgb2u.nwb	sub-Calcacre/sub-Calcacre_obj-1vujl79.nwb	sub-Calcacre/sub-Calcacre_obj-1xbukw7.nwb	sub-Calcacre/sub-Calcacre_obj-5sfwdy.nwb	sub-Calcacre/sub-Calcacre_obj-672ny9.nwb	sub-Calcacre/sub-Calcacre_obj-7hbguz.nwb	sub-Calcacre/sub-Calcacre_obj-gj9whl.nwb	sub-Calcacre/sub-Calcacre_obj-hh4ci0.nwb	sub-Calcacre/sub-Calcacre_obj-jb89iv.nwb	sub-Calcacre/sub-Calcacre_obj-kc1pxp.nwb	sub-Calcacre/sub-Calcacre_obj-qbp5d2.nwb	sub-Calcacre/sub-Calcacre_obj-qv3zb9.nwb	sub-Calcacre/sub-Calcacre_obj-rzpyhe.nwb	sub-Calcacre/sub-Calcacre_obj-wkez3c.nwb	sub-Calcacre/sub-Calcacre_obj-zflps8.nwb	sub-Calcacre/sub-Calcacre_ses-20210219T153000_obj-13qd4jl.nwb	sub-Calcacre/sub-Calcacre_ses-20210219T153000_obj-143qapu.nwb	sub-Calcacre/sub-Calcacre_ses-20210219T153000_obj-19fb43t.nwb	sub-Calcacre/sub-Calcacre_ses-20210219T153000_obj-19gnc7u.nwb	sub-Calcacre/sub-Calcacre_ses-20210219T153000_obj-1dsuo65.nwb	sub-Calcacre/sub-Calcacre_ses-20210219T153000_obj-1gxt6jf.nwb	sub-Calcacre/sub-Calcacre_ses-20210219T153000_obj-1jc7sqb.nwb	sub-Calcacre/sub-Calcacre_ses-20210219T153000_obj-1kmana2.nwb	sub-Calcacre/sub-Calcacre_ses-20210219T153000_obj-1resh91.nwb	sub-Calcacre/sub-Calcacre_ses-20210219T153000_obj-1rvgdnc.nwb	sub-Calcacre/sub-Calcacre_ses-20210219T153000_obj-1soifgi.nwb	sub-Calcacre/sub-Calcacre_ses-20210219T153000_obj-5bkjw0.nwb	sub-Calcacre/sub-Calcacre_ses-20210219T153000_obj-7uf9w3.nwb	sub-Calcacre/sub-Calcacre_ses-20210219T153000_obj-arg005.nwb	sub-Calcacre/sub-Calcacre_ses-20210219T153000_obj-e3447q.nwb	sub-Calcacre/sub-Calcacre_ses-20210219T153000_obj-gm0w96.nwb	sub-Calcacre/sub-Calcacre_ses-20210219T153000_obj-iawqo2.nwb	sub-Calcacre/sub-Calcacre_ses-20210219T153000_obj-r3lfwi.nwb	sub-Calcacre/sub-Calcacre_ses-20210219T153000_obj-xqxf7.nwb	sub-Calcacre/sub-Calcacre_ses-20210219T153000_obj-zr6o54.nwb	sub-Calcacre/sub-Calcacre_ses-20210401T153000_obj-1225s4r.nwb	sub-Calcacre/sub-Calcacre_ses-20210401T153000_obj-160c69p.nwb	sub-Calcacre/sub-Calcacre_ses-20210401T153000_obj-18ak9de.nwb	sub-Calcacre/sub-Calcacre_ses-20210401T153000_obj-19vrwha.nwb	sub-Calcacre/sub-Calcacre_ses-20210401T153000_obj-1hw7k6u.nwb	sub-Calcacre/sub-Calcacre_ses-20210401T153000_obj-1jam0tp.nwb	sub-Calcacre/sub-Calcacre_ses-20210401T153000_obj-1p1087s.nwb	sub-Calcacre/sub-Calcacre_ses-20210401T153000_obj-1q1z0w1.nwb	sub-Calcacre/sub-Calcacre_ses-20210401T153000_obj-1qhxsxz.nwb	sub-Calcacre/sub-Calcacre_ses-20210401T153000_obj-1u3kl1j.nwb	sub-Calcacre/sub-Calcacre_ses-20210401T153000_obj-1yf63aj.nwb	sub-Calcacre/sub-Calcacre_ses-20210401T153000_obj-1ykh1iu.nwb	sub-Calcacre/sub-Calcacre_ses-20210401T153000_obj-2e8utk.nwb	sub-Calcacre/sub-Calcacre_ses-20210401T153000_obj-2hauwe.nwb	sub-Calcacre/sub-Calcacre_ses-20210401T153000_obj-30o57p.nwb	sub-Calcacre/sub-Calcacre_ses-20210401T153000_obj-5cwod3.nwb	sub-Calcacre/sub-Calcacre_ses-20210401T153000_obj-5magv2.nwb	sub-Calcacre/sub-Calcacre_ses-20210401T153000_obj-atg9wd.nwb	sub-Calcacre/sub-Calcacre_ses-20210401T153000_obj-dn5epq.nwb	sub-Calcacre/sub-Calcacre_ses-20210401T153000_obj-hk42b9.nwb	sub-Calcacre/sub-Calcacre_ses-20210401T153000_obj-l5tnns.nwb	sub-Calcacre/sub-Calcacre_ses-20210401T153000_obj-lx19mh.nwb	sub-Calcacre/sub-Calcacre_ses-20210401T153000_obj-m51fmg.nwb	sub-Calcacre/sub-Calcacre_ses-20210401T153000_obj-mfxgnx.nwb	sub-Calcacre/sub-Calcacre_ses-20210401T153000_obj-n2qjme.nwb	sub-Calcacre/sub-Calcacre_ses-20210401T153000_obj-nqvcme.nwb	sub-Calcacre/sub-Calcacre_ses-20210401T153000_obj-o76rks.nwb	sub-Calcacre/sub-Calcacre_ses-20210401T153000_obj-t260d7.nwb	sub-Calcacre/sub-Calcacre_ses-20210401T153000_obj-t4wd43.nwb	sub-Calcacre/sub-Calcacre_ses-20210401T153000_obj-ub1rx0.nwb	sub-Calcacre/sub-Calcacre_ses-20210401T153000_obj-vliqcj.nwb	sub-Calcacre/sub-Calcacre_ses-20210401T153000_obj-zaixy0.nwb	sub-Calcacre/sub-Calcacre_ses-20210405T153000_obj-1063y55.nwb	sub-Calcacre/sub-Calcacre_ses-20210405T153000_obj-10gj3b4.nwb	sub-Calcacre/sub-Calcacre_ses-20210405T153000_obj-1480wr7.nwb	sub-Calcacre/sub-Calcacre_ses-20210405T153000_obj-168q3ve.nwb	sub-Calcacre/sub-Calcacre_ses-20210405T153000_obj-17lsz9a.nwb	sub-Calcacre/sub-Calcacre_ses-20210405T153000_obj-1860n88.nwb	sub-Calcacre/sub-Calcacre_ses-20210405T153000_obj-1au11rk.nwb	sub-Calcacre/sub-Calcacre_ses-20210405T153000_obj-1cbbrds.nwb	sub-Calcacre/sub-Calcacre_ses-20210405T153000_obj-1dvgmri.nwb	sub-Calcacre/sub-Calcacre_ses-20210405T153000_obj-1jab9jw.nwb	sub-Calcacre/sub-Calcacre_ses-20210405T153000_obj-1kwsmgc.nwb	sub-Calcacre/sub-Calcacre_ses-20210405T153000_obj-1l0c1m2.nwb	sub-Calcacre/sub-Calcacre_ses-20210405T153000_obj-1ls0xqw.nwb	sub-Calcacre/sub-Calcacre_ses-20210405T153000_obj-1pcfbj9.nwb	sub-Calcacre/sub-Calcacre_ses-20210405T153000_obj-1qkewfg.nwb	sub-Calcacre/sub-Calcacre_ses-20210405T153000_obj-1ty8laq.nwb	sub-Calcacre/sub-Calcacre_ses-20210405T153000_obj-1x9gj58.nwb	sub-Calcacre/sub-Calcacre_ses-20210405T153000_obj-1xk5hen.nwb	sub-Calcacre/sub-Calcacre_ses-20210405T153000_obj-3x2rfm.nwb	sub-Calcacre/sub-Calcacre_ses-20210405T153000_obj-6qbdml.nwb	sub-Calcacre/sub-Calcacre_ses-20210405T153000_obj-ajyqwu.nwb	sub-Calcacre/sub-Calcacre_ses-20210405T153000_obj-gio0lu.nwb	sub-Calcacre/sub-Calcacre_ses-20210405T153000_obj-htikai.nwb	sub-Calcacre/sub-Calcacre_ses-20210405T153000_obj-lk9gex.nwb	sub-Calcacre/sub-Calcacre_ses-20210405T153000_obj-m1dke1.nwb	sub-Calcacre/sub-Calcacre_ses-20210405T153000_obj-o5eqi3.nwb	sub-Calcacre/sub-Calcacre_ses-20210405T153000_obj-oxq92t.nwb	sub-Calcacre/sub-Calcacre_ses-20210405T153000_obj-vafynn.nwb	sub-Calcacre/sub-Calcacre_ses-20210405T153000_obj-yqpiyy.nwb	sub-Calcacre/sub-Calcacre_ses-20210405T153000_obj-zqzd7c.nwb	sub-Calcacre/sub-Calcacre_ses-20210426T153000_obj-1rufp9.nwb	sub-Calcacre/sub-Calcacre_ses-20210426T153000_obj-1vmsu2b.nwb	sub-Calcacre/sub-Calcacre_ses-20210426T153000_obj-1yfmetc.nwb	sub-Calcacre/sub-Calcacre_ses-20210426T153000_obj-6r2n64.nwb	sub-Calcacre/sub-Calcacre_ses-20210426T153000_obj-8mm4az.nwb	sub-Calcacre/sub-Calcacre_ses-20210426T153000_obj-a1j7da.nwb	sub-Calcacre/sub-Calcacre_ses-20210426T153000_obj-ckdhjk.nwb	sub-Calcacre/sub-Calcacre_ses-20210426T153000_obj-ebqzo2.nwb	sub-Calcacre/sub-Calcacre_ses-20210426T153000_obj-t3f2z9.nwb	sub-Calcacre/sub-Calcacre_ses-20210426T153000_obj-vwhq14.nwb	sub-Calcacre/sub-Calcacre_ses-20210511T153000_obj-101x456.nwb	sub-Calcacre/sub-Calcacre_ses-20210511T153000_obj-1214fur.nwb	sub-Calcacre/sub-Calcacre_ses-20210511T153000_obj-137oxc0.nwb	sub-Calcacre/sub-Calcacre_ses-20210511T153000_obj-147gu8r.nwb	sub-Calcacre/sub-Calcacre_ses-20210511T153000_obj-1aiei8j.nwb	sub-Calcacre/sub-Calcacre_ses-20210511T153000_obj-1gus30n.nwb	sub-Calcacre/sub-Calcacre_ses-20210511T153000_obj-1kk7jzs.nwb	sub-Calcacre/sub-Calcacre_ses-20210511T153000_obj-1lcy84e.nwb	sub-Calcacre/sub-Calcacre_ses-20210511T153000_obj-1r5af5i.nwb	sub-Calcacre/sub-Calcacre_ses-20210511T153000_obj-1uod1ef.nwb	sub-Calcacre/sub-Calcacre_ses-20210511T153000_obj-1vupb85.nwb	sub-Calcacre/sub-Calcacre_ses-20210511T153000_obj-1xdwasm.nwb	sub-Calcacre/sub-Calcacre_ses-20210511T153000_obj-58e5d4.nwb	sub-Calcacre/sub-Calcacre_ses-20210511T153000_obj-5d9g8f.nwb	sub-Calcacre/sub-Calcacre_ses-20210511T153000_obj-6otpas.nwb	sub-Calcacre/sub-Calcacre_ses-20210511T153000_obj-9cbi3e.nwb	sub-Calcacre/sub-Calcacre_ses-20210511T153000_obj-c4mpgg.nwb	sub-Calcacre/sub-Calcacre_ses-20210511T153000_obj-ctf7x5.nwb	sub-Calcacre/sub-Calcacre_ses-20210511T153000_obj-go74a5.nwb	sub-Calcacre/sub-Calcacre_ses-20210511T153000_obj-hml6ze.nwb	sub-Calcacre/sub-Calcacre_ses-20210511T153000_obj-hq9kkz.nwb	sub-Calcacre/sub-Calcacre_ses-20210511T153000_obj-kch19m.nwb	sub-Calcacre/sub-Calcacre_ses-20210511T153000_obj-kk920f.nwb	sub-Calcacre/sub-Calcacre_ses-20210511T153000_obj-lfc5i0.nwb	sub-Calcacre/sub-Calcacre_ses-20210511T153000_obj-m7il4g.nwb	sub-Calcacre/sub-Calcacre_ses-20210511T153000_obj-nxgrqq.nwb	sub-Calcacre/sub-Calcacre_ses-20210511T153000_obj-ucgcz0.nwb	sub-Calcacre/sub-Calcacre_ses-20220224T153000_obj-12dqgrc.nwb	sub-Calcacre/sub-Calcacre_ses-20220224T153000_obj-14g4ynl.nwb	sub-Calcacre/sub-Calcacre_ses-20220224T153000_obj-15yw7jc.nwb	sub-Calcacre/sub-Calcacre_ses-20220224T153000_obj-162al5e.nwb	sub-Calcacre/sub-Calcacre_ses-20220224T153000_obj-16k2ab8.nwb	sub-Calcacre/sub-Calcacre_ses-20220224T153000_obj-1f40qkp.nwb	sub-Calcacre/sub-Calcacre_ses-20220224T153000_obj-1ietifh.nwb	sub-Calcacre/sub-Calcacre_ses-20220224T153000_obj-1nwu0dl.nwb	sub-Calcacre/sub-Calcacre_ses-20220224T153000_obj-1qvgf14.nwb	sub-Calcacre/sub-Calcacre_ses-20220224T153000_obj-1r5r8hy.nwb	sub-Calcacre/sub-Calcacre_ses-20220224T153000_obj-1tcbu7x.nwb	sub-Calcacre/sub-Calcacre_ses-20220224T153000_obj-1tuyxpf.nwb	sub-Calcacre/sub-Calcacre_ses-20220224T153000_obj-1tx16j8.nwb	sub-Calcacre/sub-Calcacre_ses-20220224T153000_obj-6sbnlm.nwb	sub-Calcacre/sub-Calcacre_ses-20220224T153000_obj-dkswa7.nwb	sub-Calcacre/sub-Calcacre_ses-20220224T153000_obj-gs7aad.nwb	sub-Calcacre/sub-Calcacre_ses-20220224T153000_obj-hcetly.nwb	sub-Calcacre/sub-Calcacre_ses-20220224T153000_obj-id2p5q.nwb	sub-Calcacre/sub-Calcacre_ses-20220224T153000_obj-lm48x4.nwb	sub-Calcacre/sub-Calcacre_ses-20220224T153000_obj-mdm4a2.nwb	sub-Calcacre/sub-Calcacre_ses-20220224T153000_obj-qbz4en.nwb	sub-Calcacre/sub-Calcacre_ses-20220224T153000_obj-qnax0f.nwb	sub-Calcacre/sub-Calcacre_ses-20220224T153000_obj-sqio7a.nwb	sub-Calcacre/sub-Calcacre_ses-20220224T153000_obj-upvd1e.nwb	sub-PC12-cell/sub-PC12-cell_ses-20210126T153000_obj-14ht92.nwb	sub-PC12-cell/sub-PC12-cell_ses-20210126T153000_obj-19k5w4u.nwb	sub-PC12-cell/sub-PC12-cell_ses-20210126T153000_obj-1e20fzv.nwb	sub-PC12-cell/sub-PC12-cell_ses-20210126T153000_obj-1f45zw8.nwb	sub-PC12-cell/sub-PC12-cell_ses-20210126T153000_obj-1kmkqxk.nwb	sub-PC12-cell/sub-PC12-cell_ses-20210126T153000_obj-1nrnepe.nwb	sub-PC12-cell/sub-PC12-cell_ses-20210126T153000_obj-1pg24cq.nwb	sub-PC12-cell/sub-PC12-cell_ses-20210126T153000_obj-1q3m66o.nwb	sub-PC12-cell/sub-PC12-cell_ses-20210126T153000_obj-1tmvnfv.nwb	sub-PC12-cell/sub-PC12-cell_ses-20210126T153000_obj-1vpztj9.nwb	sub-PC12-cell/sub-PC12-cell_ses-20210126T153000_obj-1wr83ao.nwb	sub-PC12-cell/sub-PC12-cell_ses-20210126T153000_obj-1x2als9.nwb	sub-PC12-cell/sub-PC12-cell_ses-20210126T153000_obj-588opf.nwb	sub-PC12-cell/sub-PC12-cell_ses-20210126T153000_obj-cep85g.nwb	sub-PC12-cell/sub-PC12-cell_ses-20210126T153000_obj-cq2rpi.nwb	sub-PC12-cell/sub-PC12-cell_ses-20210126T153000_obj-cvvps1.nwb	sub-PC12-cell/sub-PC12-cell_ses-20210126T153000_obj-wwb4v5.nwb	sub-PC12-cell/sub-PC12-cell_ses-20210126T153000_obj-xu0sa4.nwb	sub-PC12-cell/sub-PC12-cell_ses-20210221T153000_obj-11aus5m.nwb	sub-PC12-cell/sub-PC12-cell_ses-20210221T153000_obj-12h1fvj.nwb	sub-PC12-cell/sub-PC12-cell_ses-20210221T153000_obj-12s0r8k.nwb	sub-PC12-cell/sub-PC12-cell_ses-20210221T153000_obj-12u4idl.nwb	sub-PC12-cell/sub-PC12-cell_ses-20210221T153000_obj-1430ey3.nwb	sub-PC12-cell/sub-PC12-cell_ses-20210221T153000_obj-15e1dg.nwb	sub-PC12-cell/sub-PC12-cell_ses-20210221T153000_obj-15je8t4.nwb	sub-PC12-cell/sub-PC12-cell_ses-20210221T153000_obj-16gikwh.nwb	sub-PC12-cell/sub-PC12-cell_ses-20210221T153000_obj-16lekgr.nwb	sub-PC12-cell/sub-PC12-cell_ses-20210221T153000_obj-173u3hk.nwb	sub-PC12-cell/sub-PC12-cell_ses-20210221T153000_obj-17uwcj3.nwb	sub-PC12-cell/sub-PC12-cell_ses-20210221T153000_obj-189kqbk.nwb	sub-PC12-cell/sub-PC12-cell_ses-20210221T153000_obj-18iudhc.nwb	sub-PC12-cell/sub-PC12-cell_ses-20210221T153000_obj-18n1rop.nwb	sub-PC12-cell/sub-PC12-cell_ses-20210221T153000_obj-19cpexp.nwb	sub-PC12-cell/sub-PC12-cell_ses-20210221T153000_obj-1b18yxl.nwb	sub-PC12-cell/sub-PC12-cell_ses-20210221T153000_obj-1c9e9gj.nwb	sub-PC12-cell/sub-PC12-cell_ses-20210221T153000_obj-1coxn2h.nwb	sub-PC12-cell/sub-PC12-cell_ses-20210221T153000_obj-1f8m0wm.nwb	sub-PC12-cell/sub-PC12-cell_ses-20210221T153000_obj-1fdrqot.nwb	sub-PC12-cell/sub-PC12-cell_ses-20210221T153000_obj-1g8jeol.nwb	sub-PC12-cell/sub-PC12-cell_ses-20210221T153000_obj-1hug5sy.nwb	sub-PC12-cell/sub-PC12-cell_ses-20210221T153000_obj-1iv3xpf.nwb	sub-PC12-cell/sub-PC12-cell_ses-20210221T153000_obj-1iwli4k.nwb	sub-PC12-cell/sub-PC12-cell_ses-20210221T153000_obj-1jxbe62.nwb	sub-PC12-cell/sub-PC12-cell_ses-20210221T153000_obj-1k765eu.nwb	sub-PC12-cell/sub-PC12-cell_ses-20210221T153000_obj-1kfpsff.nwb	sub-PC12-cell/sub-PC12-cell_ses-20210221T153000_obj-1lbkzy5.nwb	sub-PC12-cell/sub-PC12-cell_ses-20210221T153000_obj-1ldqc5d.nwb	sub-PC12-cell/sub-PC12-cell_ses-20210221T153000_obj-1mb4ce4.nwb	sub-PC12-cell/sub-PC12-cell_ses-20210221T153000_obj-1mcq5iw.nwb	sub-PC12-cell/sub-PC12-cell_ses-20210221T153000_obj-1mr56sx.nwb	sub-PC12-cell/sub-PC12-cell_ses-20210221T153000_obj-1mxmy1c.nwb	sub-PC12-cell/sub-PC12-cell_ses-20210221T153000_obj-1nehnwv.nwb	sub-PC12-cell/sub-PC12-cell_ses-20210221T153000_obj-1nfdza6.nwb	sub-PC12-cell/sub-PC12-cell_ses-20210221T153000_obj-1ouwb3.nwb	sub-PC12-cell/sub-PC12-cell_ses-20210221T153000_obj-1qshgtl.nwb	sub-PC12-cell/sub-PC12-cell_ses-20210221T153000_obj-1settyk.nwb	sub-PC12-cell/sub-PC12-cell_ses-20210221T153000_obj-1ti4v3c.nwb	sub-PC12-cell/sub-PC12-cell_ses-20210221T153000_obj-1tjto8r.nwb	sub-PC12-cell/sub-PC12-cell_ses-20210221T153000_obj-1tr17a.nwb	sub-PC12-cell/sub-PC12-cell_ses-20210221T153000_obj-1ukt1ft.nwb	sub-PC12-cell/sub-PC12-cell_ses-20210221T153000_obj-1v4bk5s.nwb	sub-PC12-cell/sub-PC12-cell_ses-20210221T153000_obj-1wgick4.nwb	sub-PC12-cell/sub-PC12-cell_ses-20210221T153000_obj-1wu8bjy.nwb	sub-PC12-cell/sub-PC12-cell_ses-20210221T153000_obj-1xqvm3e.nwb	sub-PC12-cell/sub-PC12-cell_ses-20210221T153000_obj-1ya0w66.nwb	sub-PC12-cell/sub-PC12-cell_ses-20210221T153000_obj-1yt21ki.nwb	sub-PC12-cell/sub-PC12-cell_ses-20210221T153000_obj-3vjein.nwb	sub-PC12-cell/sub-PC12-cell_ses-20210221T153000_obj-4fgtiq.nwb	sub-PC12-cell/sub-PC12-cell_ses-20210221T153000_obj-4nwtaz.nwb	sub-PC12-cell/sub-PC12-cell_ses-20210221T153000_obj-5azf7q.nwb	sub-PC12-cell/sub-PC12-cell_ses-20210221T153000_obj-5ojqug.nwb	sub-PC12-cell/sub-PC12-cell_ses-20210221T153000_obj-668es0.nwb	sub-PC12-cell/sub-PC12-cell_ses-20210221T153000_obj-8e6i8p.nwb	sub-PC12-cell/sub-PC12-cell_ses-20210221T153000_obj-8lvhdl.nwb	sub-PC12-cell/sub-PC12-cell_ses-20210221T153000_obj-afsoal.nwb	sub-PC12-cell/sub-PC12-cell_ses-20210221T153000_obj-aqbl67.nwb	sub-PC12-cell/sub-PC12-cell_ses-20210221T153000_obj-bc26n3.nwb	sub-PC12-cell/sub-PC12-cell_ses-20210221T153000_obj-bkjnh8.nwb	sub-PC12-cell/sub-PC12-cell_ses-20210221T153000_obj-bodxfg.nwb	sub-PC12-cell/sub-PC12-cell_ses-20210221T153000_obj-bt4fv5.nwb	sub-PC12-cell/sub-PC12-cell_ses-20210221T153000_obj-cbd72j.nwb	sub-PC12-cell/sub-PC12-cell_ses-20210221T153000_obj-cbes7o.nwb	sub-PC12-cell/sub-PC12-cell_ses-20210221T153000_obj-ctt6ii.nwb	sub-PC12-cell/sub-PC12-cell_ses-20210221T153000_obj-dsi937.nwb	sub-PC12-cell/sub-PC12-cell_ses-20210221T153000_obj-ef4min.nwb	sub-PC12-cell/sub-PC12-cell_ses-20210221T153000_obj-g3px9b.nwb	sub-PC12-cell/sub-PC12-cell_ses-20210221T153000_obj-g6x8mx.nwb	sub-PC12-cell/sub-PC12-cell_ses-20210221T153000_obj-g7gsrg.nwb	sub-PC12-cell/sub-PC12-cell_ses-20210221T153000_obj-gy156z.nwb	sub-PC12-cell/sub-PC12-cell_ses-20210221T153000_obj-lcp4zg.nwb	sub-PC12-cell/sub-PC12-cell_ses-20210221T153000_obj-ljnrkc.nwb	sub-PC12-cell/sub-PC12-cell_ses-20210221T153000_obj-m85tnu.nwb	sub-PC12-cell/sub-PC12-cell_ses-20210221T153000_obj-mvzw2n.nwb	sub-PC12-cell/sub-PC12-cell_ses-20210221T153000_obj-n1h4ax.nwb	sub-PC12-cell/sub-PC12-cell_ses-20210221T153000_obj-n41mca.nwb	sub-PC12-cell/sub-PC12-cell_ses-20210221T153000_obj-nga1r0.nwb	sub-PC12-cell/sub-PC12-cell_ses-20210221T153000_obj-ntptrn.nwb	sub-PC12-cell/sub-PC12-cell_ses-20210221T153000_obj-nu75ur.nwb	sub-PC12-cell/sub-PC12-cell_ses-20210221T153000_obj-o94l0r.nwb	sub-PC12-cell/sub-PC12-cell_ses-20210221T153000_obj-qspu4j.nwb	sub-PC12-cell/sub-PC12-cell_ses-20210221T153000_obj-r71p.nwb	sub-PC12-cell/sub-PC12-cell_ses-20210221T153000_obj-samzhy.nwb	sub-PC12-cell/sub-PC12-cell_ses-20210221T153000_obj-se40g0.nwb	sub-PC12-cell/sub-PC12-cell_ses-20210221T153000_obj-sk98xq.nwb	sub-PC12-cell/sub-PC12-cell_ses-20210221T153000_obj-tfan2g.nwb	sub-PC12-cell/sub-PC12-cell_ses-20210221T153000_obj-tj1m40.nwb	sub-PC12-cell/sub-PC12-cell_ses-20210221T153000_obj-uyjqje.nwb	sub-PC12-cell/sub-PC12-cell_ses-20210221T153000_obj-zv94rl.nwb	sub-PC12-cell/sub-PC12-cell_ses-20210302T153000_obj-148kn9.nwb	sub-PC12-cell/sub-PC12-cell_ses-20210302T153000_obj-14amu79.nwb	sub-PC12-cell/sub-PC12-cell_ses-20210302T153000_obj-14pws8i.nwb	sub-PC12-cell/sub-PC12-cell_ses-20210302T153000_obj-166t7i6.nwb	sub-PC12-cell/sub-PC12-cell_ses-20210302T153000_obj-16c02mq.nwb	sub-PC12-cell/sub-PC12-cell_ses-20210302T153000_obj-1ealund.nwb	sub-PC12-cell/sub-PC12-cell_ses-20210302T153000_obj-1hw2rqb.nwb	sub-PC12-cell/sub-PC12-cell_ses-20210302T153000_obj-1jexxlr.nwb	sub-PC12-cell/sub-PC12-cell_ses-20210302T153000_obj-1mwxx2d.nwb	sub-PC12-cell/sub-PC12-cell_ses-20210302T153000_obj-1pbm5qa.nwb	sub-PC12-cell/sub-PC12-cell_ses-20210302T153000_obj-1ria7cv.nwb	sub-PC12-cell/sub-PC12-cell_ses-20210302T153000_obj-1ublaln.nwb	sub-PC12-cell/sub-PC12-cell_ses-20210302T153000_obj-1v23qam.nwb	sub-PC12-cell/sub-PC12-cell_ses-20210302T153000_obj-1wglat0.nwb	sub-PC12-cell/sub-PC12-cell_ses-20210302T153000_obj-1xxa31h.nwb	sub-PC12-cell/sub-PC12-cell_ses-20210302T153000_obj-2d68ys.nwb	sub-PC12-cell/sub-PC12-cell_ses-20210302T153000_obj-4nnz6f.nwb	sub-PC12-cell/sub-PC12-cell_ses-20210302T153000_obj-9sozzt.nwb	sub-PC12-cell/sub-PC12-cell_ses-20210302T153000_obj-aouiz6.nwb	sub-PC12-cell/sub-PC12-cell_ses-20210302T153000_obj-assxmq.nwb	sub-PC12-cell/sub-PC12-cell_ses-20210302T153000_obj-bureij.nwb	sub-PC12-cell/sub-PC12-cell_ses-20210302T153000_obj-d2m71o.nwb	sub-PC12-cell/sub-PC12-cell_ses-20210302T153000_obj-ebvyag.nwb	sub-PC12-cell/sub-PC12-cell_ses-20210302T153000_obj-ev7pbs.nwb	sub-PC12-cell/sub-PC12-cell_ses-20210302T153000_obj-fsq276.nwb	sub-PC12-cell/sub-PC12-cell_ses-20210302T153000_obj-fvubli.nwb	sub-PC12-cell/sub-PC12-cell_ses-20210302T153000_obj-gfostt.nwb	sub-PC12-cell/sub-PC12-cell_ses-20210302T153000_obj-hthu2.nwb	sub-PC12-cell/sub-PC12-cell_ses-20210302T153000_obj-i1n1av.nwb	sub-PC12-cell/sub-PC12-cell_ses-20210302T153000_obj-oh9rud.nwb	sub-PC12-cell/sub-PC12-cell_ses-20210302T153000_obj-qrz9x0.nwb	sub-PC12-cell/sub-PC12-cell_ses-20210302T153000_obj-rd62en.nwb	sub-PC12-cell/sub-PC12-cell_ses-20210302T153000_obj-rh8sbv.nwb	sub-PC12-cell/sub-PC12-cell_ses-20210302T153000_obj-rvpskf.nwb	sub-PC12-cell/sub-PC12-cell_ses-20210302T153000_obj-v6wz3y.nwb	sub-PC12-cell/sub-PC12-cell_ses-20210302T153000_obj-wslrt4.nwb	sub-PC12-cell/sub-PC12-cell_ses-20210302T153000_obj-wx197w.nwb	sub-Penkcre/sub-Penkcre_obj-132pi03.nwb	sub-Penkcre/sub-Penkcre_obj-13llxbf.nwb	sub-Penkcre/sub-Penkcre_obj-15jzp4l.nwb	sub-Penkcre/sub-Penkcre_obj-17eoj2v.nwb	sub-Penkcre/sub-Penkcre_obj-19kmlex.nwb	sub-Penkcre/sub-Penkcre_obj-1adj7io.nwb	sub-Penkcre/sub-Penkcre_obj-1b6nalt.nwb	sub-Penkcre/sub-Penkcre_obj-1bn5yz2.nwb	sub-Penkcre/sub-Penkcre_obj-1eo35jm.nwb	sub-Penkcre/sub-Penkcre_obj-1g92k1p.nwb	sub-Penkcre/sub-Penkcre_obj-1gyqvad.nwb	sub-Penkcre/sub-Penkcre_obj-1hwy194.nwb	sub-Penkcre/sub-Penkcre_obj-1ikbqiy.nwb	sub-Penkcre/sub-Penkcre_obj-1itd31k.nwb	sub-Penkcre/sub-Penkcre_obj-1jtpi6n.nwb	sub-Penkcre/sub-Penkcre_obj-1kf0yyj.nwb	sub-Penkcre/sub-Penkcre_obj-1knzdag.nwb	sub-Penkcre/sub-Penkcre_obj-1ky35gj.nwb	sub-Penkcre/sub-Penkcre_obj-1rv4fsy.nwb	sub-Penkcre/sub-Penkcre_obj-1snsgh6.nwb	sub-Penkcre/sub-Penkcre_obj-1yw9heg.nwb	sub-Penkcre/sub-Penkcre_obj-22vtfs.nwb	sub-Penkcre/sub-Penkcre_obj-25rhw9.nwb	sub-Penkcre/sub-Penkcre_obj-4y43f2.nwb	sub-Penkcre/sub-Penkcre_obj-64s4xy.nwb	sub-Penkcre/sub-Penkcre_obj-bpv76a.nwb	sub-Penkcre/sub-Penkcre_obj-c8yk0u.nwb	sub-Penkcre/sub-Penkcre_obj-ci0j3w.nwb	sub-Penkcre/sub-Penkcre_obj-cll6vc.nwb	sub-Penkcre/sub-Penkcre_obj-dnywwb.nwb	sub-Penkcre/sub-Penkcre_obj-ey1kbd.nwb	sub-Penkcre/sub-Penkcre_obj-gsdpq3.nwb	sub-Penkcre/sub-Penkcre_obj-hwxb4e.nwb	sub-Penkcre/sub-Penkcre_obj-lqk7vf.nwb	sub-Penkcre/sub-Penkcre_obj-lwbkhs.nwb	sub-Penkcre/sub-Penkcre_obj-m15e9h.nwb	sub-Penkcre/sub-Penkcre_obj-m231e9.nwb	sub-Penkcre/sub-Penkcre_obj-myyo7.nwb	sub-Penkcre/sub-Penkcre_obj-n79rii.nwb	sub-Penkcre/sub-Penkcre_obj-ndhj16.nwb	sub-Penkcre/sub-Penkcre_obj-plibra.nwb	sub-Penkcre/sub-Penkcre_obj-q3bvn8.nwb	sub-Penkcre/sub-Penkcre_obj-rps1rh.nwb	sub-Penkcre/sub-Penkcre_obj-u3sqg6.nwb	sub-Penkcre/sub-Penkcre_obj-v2f1qh.nwb	sub-Penkcre/sub-Penkcre_obj-vbxb1m.nwb	sub-Penkcre/sub-Penkcre_obj-xwd361.nwb	sub-Penkcre/sub-Penkcre_obj-yjo2xl.nwb
2024-01-29	0	0	0	0	0	0	0	0	0	0	0	0	0	0	0	0	0	0	0	0	0	0	0	0	0	0	0	0	0	0	576264	576264	576264	576264	576264	576264	576264	576264	576264	576264	576264	576264	576264	576264	576264	576264	576264	576264	576264	576264	576264	576264	576264	576264	576264	576264	576264	576264	576264	576264	576264	576264	576264	576264	576264	576264	576264	576264	576264	576264	576264	576264	576264	576264	576264	576264	576264	576264	576264	576264	576264	515192	584472	584472	584472	584472	584472	584472	584472	584472	584472	584472	584472	584472	584472	584472	584472	584472	584472	584472	584472	584472	584472	584472	584472	584472	584472	584472	584472	584472	584472	584472	584472	584472	584472	584472	584472	584472	584472	584472	584472	584472	584472	584472	584472	576264	584472	576264	584472	576264	584472	584472	576264	584472	576264	584472	584472	584472	584472	584472	584472	584472	584472	584472	584472	584472	584472	576264	576264	576264	576264	576264	576264	576264	576264	576264	576264	576264	576264	576264	576264	576264	576264	576264	576264	576264	576264	576264	576264	576264	576264	576264	576264	549768	549768	549816	549768	549816	549768	549768	549768	549768	549768	549768	549768	549768	549768	549768	549768	549768	549768	576264	576264	576264	576264	576264	576264	576264	576264	576264	576264	576264	576264	576264	576264	576264	576264	576264	576264	576264	576264	576264	576264	576264	576264	576264	576264	576264	576264	576264	576264	576264	576264	576264	576264	576264	549672	549672	576264	549672	576264	576264	576264	576264	576264	576264	576264	576264	576264	576264	576264	576264	576264	576264	576264	576264	549672	576264	549672	549672	576264	576264	576264	576264	576264	576264	576264	576264	576264	549672	576264	576264	576264	576264	576264	576264	576264	576264	576264	576264	576264	576264	576264	576264	576264	576264	576264	576264	576264	515192	576264	549672	576264	576264	576264	576264	549672	549672	576264	549672	576264	549672	549672	576264	576264	576264	576264	576264	549672	576264	549672	549672	549672	549672	549672	549672	576264	576264	549672	549672	576264	576264	576264	549672	549672	549672	192088	576264	0	0	0	0	0	0	0	0	0	0	0	0	0	0	0	0	0	0	0	0	0	0	0	0	0	0	0	0	0	0	0	0	0	0	0	0	0	0	0	0	0	0	0	0	0	0	0	0
2024-02-05	0	0	0	0	0	0	0	0	0	0	0	0	0	0	0	0	0	0	0	0	0	0	0	0	0	0	0	0	0	0	1636562	384176	384176	384176	384176	384176	384176	384176	384176	384176	384176	384176	384176	384176	384176	384176	384176	384176	384176	384176	384176	384176	384176	384176	384176	384176	384176	384176	384176	384176	384176	384176	384176	384176	384176	384176	384176	384176	384176	384176	384176	384176	384176	384176	384176	384176	384176	384176	384176	384176	384176	384176	389648	389648	389648	389648	389648	389648	389648	389648	389648	389648	389648	389648	389648	389648	389648	389648	389648	389648	389648	389648	389648	389648	389648	389648	389648	389648	389648	389648	389648	389648	389648	389648	389648	389648	389648	389648	389648	389648	389648	389648	389648	389648	389648	384176	389648	384176	389648	384176	389648	389648	384176	389648	384176	389648	389648	389648	389648	389648	389648	389648	389648	389648	389648	389648	389648	384176	384176	384176	384176	384176	384176	384176	384176	384176	384176	384176	384176	384176	384176	384176	384176	384176	384176	384176	384176	384176	384176	384176	384176	384176	384176	366512	366512	366544	366512	366544	366512	366512	366512	366512	366512	366512	366512	366512	366512	366512	366512	366512	366512	384176	384176	384176	384176	384176	384176	384176	384176	384176	384176	384176	384176	384176	384176	384176	384176	384176	384176	384176	384176	384176	384176	384176	384176	384176	384176	384176	384176	384176	384176	384176	384176	384176	384176	384176	366448	366448	384176	366448	384176	384176	384176	384176	384176	384176	384176	384176	384176	384176	384176	384176	384176	384176	384176	384176	366448	384176	366448	366448	384176	384176	384176	384176	384176	384176	384176	384176	384176	366448	384176	384176	384176	384176	384176	384176	384176	384176	384176	384176	384176	384176	384176	384176	384176	384176	384176	384176	384176	384176	384176	366448	384176	384176	384176	384176	366448	366448	384176	366448	384176	366448	366448	384176	384176	384176	384176	384176	366448	192088	183224	183224	183224	183224	183224	183224	192088	192088	183224	183224	192088	192088	192088	183224	183224	183224	576264	192088	0	0	0	0	0	0	0	0	0	0	0	0	0	0	0	0	0	0	0	0	0	0	0	0	0	0	0	0	0	0	0	0	0	0	0	0	0	0	0	0	0	0	0	0	0	0	0	0
2024-02-19	0	0	0	0	0	0	0	0	0	0	0	0	0	0	0	0	0	0	0	0	0	0	0	0	0	0	0	0	0	0	0	0	0	0	0	0	0	0	0	0	0	0	0	0	0	0	0	0	0	0	0	0	0	0	0	0	0	0	0	0	0	0	0	0	0	0	0	0	0	0	0	0	0	0	0	0	0	0	0	0	0	0	0	0	0	0	0	0	0	0	0	0	0	0	0	0	0	0	0	0	0	0	0	0	0	0	0	0	0	0	0	0	0	0	0	0	0	0	0	0	0	0	0	0	0	0	0	0	0	0	0	0	0	0	0	0	0	0	0	0	0	0	0	0	0	0	0	0	0	0	0	0	0	0	0	0	0	0	0	0	0	0	0	0	0	0	0	0	0	0	0	0	0	0	0	0	0	0	0	0	0	0	0	0	0	0	0	0	0	0	0	0	0	0	0	0	0	0	0	0	0	0	0	0	0	0	0	0	0	0	0	0	0	0	0	0	0	0	0	0	0	0	0	0	0	0	0	0	0	0	0	0	0	0	0	0	0	0	0	0	0	0	0	0	0	0	0	0	0	0	0	0	0	0	0	0	0	0	0	0	0	0	0	0	0	0	0	0	0	0	0	0	0	0	0	0	0	0	0	0	0	0	0	0	0	0	0	0	0	0	0	0	0	0	0	0	0	0	0	0	0	0	0	0	0	0	0	0	0	183224	0	0	0	0	0	0	0	0	0	0	0	0	0	0	0	0	0	0	0	0	0	0	0	0	0	0	0	0	0	0	0	0	0	0	0	0	0	0	0	0	0	0	0	0	0	0	0	0	0	0	0	0	0	0	0	0
2024-02-26	0	0	0	0	0	0	0	0	0	0	0	0	0	0	0	0	0	0	0	0	0	0	0	0	0	0	0	0	0	0	0	0	0	0	0	0	0	0	0	0	0	0	0	0	0	0	0	0	0	0	0	0	0	0	0	0	0	0	0	0	0	0	0	0	0	0	0	0	0	0	0	0	0	0	0	0	0	0	0	0	0	0	0	0	0	0	0	0	0	0	0	0	0	0	0	0	0	0	0	0	0	0	0	0	0	0	0	0	0	0	0	0	0	0	0	0	0	0	0	0	0	0	0	0	0	0	0	0	0	0	0	0	0	0	0	0	0	0	0	0	0	0	0	0	0	0	0	0	0	0	0	0	0	0	0	0	0	0	0	0	0	0	0	0	0	0	0	0	0	0	0	0	0	0	0	183272	0	0	0	0	0	0	0	0	0	0	0	0	0	0	0	0	0	0	0	0	0	0	0	0	0	0	0	0	0	0	0	0	0	0	0	0	0	0	0	0	0	192088	0	0	0	0	0	0	0	0	0	0	0	0	0	0	0	0	0	0	0	0	0	0	0	0	0	0	0	0	0	0	0	0	0	0	0	0	0	0	0	0	0	0	0	0	0	0	0	0	0	0	0	0	0	192088	0	0	0	0	0	0	0	0	0	0	0	0	0	0	0	0	0	0	0	0	0	0	0	0	0	0	0	0	0	0	0	0	0	0	0	0	0	0	0	192088	0	0	0	0	0	0	0	0	0	0	0	0	0	0	0	0	0	0	0	0	0	0	0	0	0	0	0	0	0	0	0	0	0	0	0	0	0	0	0	0	0	0	0	0	0	0	0	0	0	0	0	0	0	0
2024-03-04	0	0	0	0	0	0	0	0	0	0	0	0	0	0	0	0	0	0	0	0	0	0	0	0	0	0	0	0	0	0	0	576264	0	0	0	0	0	0	0	0	0	0	0	0	0	0	0	0	0	0	0	0	0	0	0	0	0	0	0	0	0	0	0	0	0	0	0	0	0	0	0	0	0	0	0	0	0	0	0	0	0	0	0	0	0	0	0	0	0	0	0	0	0	0	0	0	0	0	0	0	0	0	0	0	0	0	0	0	0	0	0	0	0	0	0	0	0	0	0	0	0	0	0	0	0	0	0	0	0	0	0	0	0	0	0	0	0	0	0	0	0	0	0	0	0	0	0	0	0	0	0	0	0	0	0	0	0	0	0	0	0	0	0	0	0	0	0	0	0	0	0	0	0	0	0	0	0	0	0	183256	0	0	0	0	0	0	0	0	0	0	0	0	0	0	0	0	0	0	0	0	0	0	0	0	0	0	0	0	0	0	0	0	0	0	0	0	0	0	0	0	0	0	0	0	0	0	0	0	0	0	0	0	0	0	0	0	0	0	0	0	0	0	0	0	0	0	0	0	0	0	0	0	0	0	0	0	0	0	0	0	0	0	0	0	0	0	0	0	0	0	0	0	0	0	0	0	0	0	0	0	0	0	0	0	0	0	0	0	0	0	0	0	0	0	0	0	0	0	0	0	0	0	0	0	0	0	0	0	0	0	0	0	0	0	0	0	0	0	0	0	0	0	0	0	0	0	0	0	0	0	0	0	0	0	0	0	0	0	0	0	0	0	0	0	0	0	0	0	0	0	0	0	0	0	0	0	0	0	0	0	0	0	0	0	0	0
2024-03-11	0	0	0	0	0	0	0	0	0	0	0	0	0	0	0	0	0	0	0	0	0	0	0	0	0	0	0	0	0	0	576264	576264	576264	576264	576264	576264	576264	576264	576264	576264	576264	576264	576264	576264	1607638	576264	576264	576264	576264	576264	576264	576264	576264	576264	576264	576264	576264	576264	576264	576264	576264	576264	576264	576264	576264	576264	576264	576264	576264	576264	576264	576264	576264	576264	576264	576264	576264	576264	576264	576264	576264	576264	584472	584472	584472	584472	584472	584472	584472	584472	520664	584472	584472	584472	584472	584472	584472	584472	584472	584472	584472	584472	584472	584472	584472	584472	584472	584472	584472	584472	584472	584472	584472	520664	584472	584472	584472	584472	584472	584472	584472	584472	584472	584472	584472	576264	584472	576264	584472	576264	584472	584472	576264	584472	576264	584472	584472	584472	584472	520664	520664	584472	584472	584472	520664	584472	584472	576264	576264	576264	576264	576264	576264	576264	576264	576264	576264	576264	576264	576264	576264	515192	576264	576264	576264	576264	576264	576264	576264	576264	576264	576264	576264	733024	549768	549816	549768	549816	549768	549768	549768	549768	549768	549768	549768	497528	549768	549768	549768	549768	549768	576264	515192	576264	576264	576264	576264	576264	576264	576264	576264	576264	576264	576264	576264	576264	576264	576264	576264	576264	576264	576264	576264	576264	576264	576264	576264	576264	576264	576264	576264	576264	576264	576264	576264	515192	549672	549672	576264	549672	576264	576264	576264	576264	576264	576264	515192	576264	576264	576264	576264	576264	576264	576264	576264	576264	549672	576264	549672	549672	576264	576264	576264	576264	576264	576264	576264	576264	576264	549672	576264	576264	576264	576264	576264	576264	576264	576264	576264	576264	576264	576264	576264	576264	576264	576264	576264	576264	576264	576264	576264	549672	576264	576264	576264	576264	549672	549672	576264	549672	576264	549672	549672	576264	576264	576264	576264	576264	549672	576264	549672	549672	549672	549672	549672	549672	515192	576264	549672	549672	576264	576264	576264	549672	549672	549672	576264	576264	0	0	0	0	0	0	0	0	0	0	0	0	0	0	0	0	0	0	0	0	0	0	0	0	0	0	0	0	0	0	0	0	0	0	0	0	0	0	0	0	0	0	0	0	0	0	0	0
2024-03-18	0	0	0	0	0	0	0	0	0	0	0	0	0	0	0	0	0	0	0	0	0	0	0	0	0	0	0	0	0	0	1536704	1536704	1536704	1536704	1536704	1536704	1536704	1536704	1536704	1536704	1536704	1536704	1536704	1536704	1536704	1536704	1536704	1536704	1536704	1536704	1536704	1536704	1536704	1536704	1536704	1536704	1536704	1536704	1536704	1536704	1536704	1536704	1536704	1536704	1536704	1536704	1536704	1536704	1536704	1536704	1536704	1536704	1536704	1536704	1536704	1536704	1536704	1536704	1536704	1536704	1536704	1536704	1558592	1558592	1558592	1558592	1558592	1558592	1558592	1558592	1558592	1558592	1558592	1558592	1558592	1558592	1558592	1558592	1558592	1558592	1494784	1558592	1558592	1558592	1558592	1558592	1558592	1558592	1558592	1558592	1558592	1558592	1558592	1558592	1558592	1558592	1558592	1558592	1558592	1558592	1558592	1558592	1558592	1558592	1558592	1536704	1558592	1536704	1558592	1536704	1558592	1558592	1536704	1558592	1536704	1558592	1558592	1558592	1558592	1558592	1558592	1558592	1558592	1558592	1558592	1558592	1558592	1475632	1536704	1536704	1536704	1536704	1536704	1536704	1536704	1536704	1536704	1536704	1536704	1536704	1536704	1536704	1536704	1536704	1536704	1475632	1536704	1536704	1536704	1536704	1536704	1536704	1536704	1466048	1466048	1466176	1466048	1466176	1466048	1466048	1466048	1466048	1466048	1466048	1466048	1466048	1466048	1466048	1466048	1466048	1466048	1536704	1536704	1536704	1536704	1536704	1536704	1536704	1536704	1536704	1536704	1536704	1536704	1536704	1536704	1536704	1536704	1536704	1536704	1536704	1536704	1536704	1475632	1536704	1536704	1536704	1536704	1536704	1536704	1536704	1536704	1536704	1536704	1536704	1536704	1536704	1465792	1465792	1536704	1465792	1536704	1536704	1536704	1536704	1536704	1536704	1536704	1536704	1536704	1536704	1536704	1536704	1536704	1536704	1536704	1536704	1465792	1536704	1465792	1465792	1536704	1536704	1536704	1536704	1536704	1536704	1475632	1536704	1536704	1465792	1536704	1536704	1536704	1536704	1536704	1536704	1536704	1536704	1536704	1536704	1536704	1536704	1536704	1536704	1536704	1536704	1152528	1152528	1536704	1152528	1536704	1099344	1152528	1152528	1152528	1152528	1099344	1099344	1152528	1099344	1152528	1099344	1099344	1152528	1152528	1152528	1152528	1152528	1099344	1344616	1099344	1099344	1099344	1099344	1099344	1099344	1152528	1152528	1099344	1099344	1152528	1152528	1152528	1099344	1099344	1099344	1152528	1152528	0	0	0	0	0	0	0	0	0	0	0	0	0	0	0	0	0	0	0	0	0	0	0	0	0	0	0	0	0	0	0	0	0	0	0	0	0	0	0	0	0	0	0	0	0	0	0	0
2024-03-25	0	0	0	0	0	0	0	0	0	0	0	0	0	0	0	0	0	0	0	0	0	0	0	0	0	0	0	0	0	0	1344616	1152528	1152528	1152528	1152528	1152528	1152528	1152528	1152528	1152528	1152528	1091456	1152528	1152528	1152528	1152528	1152528	1152528	1152528	1091456	1152528	1152528	1152528	1152528	1152528	1152528	1152528	1152528	1152528	1152528	1152528	1152528	1152528	1152528	1152528	1152528	1152528	1152528	1152528	1152528	1152528	1152528	1091456	1152528	1152528	1152528	1152528	1152528	1091456	1152528	1152528	1152528	1168944	1105136	1168944	1168944	1168944	1168944	1168944	1168944	1105136	1168944	1168944	1168944	1168944	1168944	1168944	1168944	1168944	1168944	1168944	1168944	1168944	1168944	1168944	1168944	1168944	1168944	1168944	1168944	1168944	1168944	1168944	1168944	1168944	1168944	1168944	1168944	1168944	1168944	1168944	1168944	1168944	1168944	1168944	1152528	1168944	1091456	1168944	1152528	1168944	1168944	1152528	1168944	1152528	1168944	1168944	1168944	1168944	1168944	1105136	1168944	1168944	1168944	1168944	1168944	1168944	1091456	1152528	1152528	1152528	1152528	1152528	1152528	1152528	1091456	1152528	1091456	1152528	1152528	1152528	1152528	1152528	1152528	1152528	1152528	1152528	1152528	1091456	1152528	1091456	1152528	1152528	1099536	1099536	1099632	1099536	1099632	1099536	1099536	1099536	1099536	1099536	1099536	1099536	1099536	1099536	1099536	1099536	1099536	1099536	1152528	1152528	1152528	1152528	1152528	1152528	1152528	1152528	1152528	1091456	1152528	1152528	1152528	1152528	1152528	1152528	1152528	1152528	1152528	1152528	1091456	1152528	1091456	1152528	1152528	1152528	1152528	1152528	1152528	1152528	1152528	1152528	1152528	1152528	1152528	1099344	1099344	1091456	1099344	1152528	1152528	1152528	1152528	1091456	1091456	1152528	1091456	1152528	1091456	1091456	1152528	1152528	1152528	1152528	1152528	994928	1152528	1099344	1099344	1091456	1152528	1152528	1152528	1152528	1152528	1152528	1152528	1152528	1099344	1152528	1152528	1152528	1152528	1091456	1152528	1152528	1091456	1091456	1152528	1152528	1152528	1152528	1152528	1152528	1152528	1152528	1152528	1152528	1152528	1152528	1099344	1152528	1152528	1152528	1152528	1099344	1099344	1152528	1282568	1152528	1099344	1099344	1152528	1152528	1152528	1152528	1152528	1099344	1152528	1099344	1099344	1099344	1099344	1099344	1099344	1152528	1152528	1099344	1099344	1152528	1152528	1152528	1099344	1047136	1099344	1152528	1152528	0	0	0	0	0	0	0	0	0	0	0	0	0	0	0	0	0	0	0	0	0	0	0	0	0	0	0	0	0	0	0	0	0	0	0	0	0	0	0	0	0	0	0	0	0	0	0	0
2024-04-01	0	0	0	0	0	0	0	0	0	0	0	0	0	0	0	0	0	0	0	0	0	0	0	0	0	0	0	0	0	0	384176	384176	384176	384176	384176	384176	384176	384176	384176	384176	384176	384176	384176	384176	384176	384176	384176	384176	384176	384176	384176	384176	384176	384176	384176	384176	384176	384176	384176	384176	384176	384176	384176	384176	384176	384176	384176	384176	384176	384176	384176	384176	323104	384176	384176	384176	384176	384176	384176	384176	384176	384176	389648	389648	325840	389648	389648	389648	389648	389648	389648	389648	389648	389648	389648	389648	325840	389648	389648	389648	389648	389648	389648	389648	389648	389648	389648	389648	389648	389648	389648	389648	389648	389648	389648	389648	389648	389648	325840	389648	389648	389648	389648	389648	389648	384176	389648	384176	389648	384176	389648	389648	384176	389648	384176	389648	389648	389648	389648	389648	389648	389648	389648	389648	389648	389648	389648	384176	384176	384176	384176	384176	384176	384176	384176	384176	384176	384176	384176	384176	384176	384176	384176	384176	384176	384176	384176	384176	384176	384176	384176	384176	384176	366512	366512	366544	366512	366544	366512	366512	366512	366512	366512	366512	366512	366512	366512	366512	366512	366512	366512	384176	384176	384176	323104	384176	384176	384176	323104	384176	384176	384176	384176	384176	384176	323104	384176	384176	384176	384176	384176	384176	384176	384176	384176	384176	384176	384176	384176	384176	384176	384176	384176	384176	384176	384176	366448	366448	384176	366448	384176	384176	384176	384176	384176	384176	384176	384176	384176	384176	384176	384176	384176	384176	384176	384176	366448	384176	366448	366448	384176	384176	384176	384176	384176	384176	384176	384176	384176	366448	384176	384176	323104	384176	384176	384176	384176	384176	384176	384176	384176	384176	384176	384176	384176	384176	384176	384176	384176	384176	384176	366448	384176	384176	384176	384176	366448	366448	384176	366448	384176	366448	366448	384176	384176	384176	384176	384176	366448	384176	366448	366448	366448	366448	366448	366448	384176	384176	366448	366448	384176	384176	384176	366448	366448	366448	384176	384176	0	0	0	0	0	0	0	0	0	0	0	0	0	0	0	0	0	0	0	0	0	0	0	0	0	0	0	0	0	0	0	0	0	0	0	0	0	0	0	0	0	0	0	0	0	0	0	0
2024-04-08	0	0	0	0	0	0	0	0	0	0	0	0	0	0	0	0	0	0	0	0	0	0	0	0	0	0	0	0	0	0	0	0	0	0	0	0	0	0	0	0	0	0	0	0	0	0	0	0	0	0	0	0	0	0	0	0	0	0	0	0	0	0	0	0	0	0	0	0	0	0	0	0	0	0	0	0	0	0	0	0	0	0	0	0	0	0	0	0	0	0	0	0	0	0	0	0	0	0	0	0	0	0	0	0	0	0	0	0	0	0	0	0	0	0	0	0	0	0	0	0	0	0	0	0	0	0	0	0	0	0	0	0	0	0	0	0	0	0	0	0	0	0	0	0	0	0	0	0	0	0	0	0	0	0	0	0	0	0	0	0	0	0	0	0	0	0	0	0	0	0	0	0	0	0	0	0	0	0	0	0	0	0	0	0	0	0	0	0	0	0	0	0	0	0	0	0	0	0	0	0	0	0	0	0	0	0	0	0	0	0	0	0	0	0	0	0	0	0	0	0	0	0	0	0	0	0	0	0	0	0	0	0	0	0	0	0	0	192088	0	0	0	0	0	0	0	0	0	0	0	0	0	0	0	0	0	0	0	0	0	0	0	0	0	0	0	0	0	0	0	0	0	0	0	0	0	0	0	0	0	0	0	0	0	0	0	0	0	0	0	0	0	0	0	0	0	0	0	0	0	0	0	0	0	0	0	0	0	0	0	0	0	0	0	0	0	0	0	0	0	0	0	0	0	0	0	0	0	0	0	0	0	0	0	0	0	0	0	0	0	0	0	0	0	0	0	0	0	0	0	0	0	0	0	0	0	0	0	0	0	0	0	0	0	0	0	0
2024-04-15	0	0	0	0	0	0	0	0	0	0	0	0	0	0	0	0	0	0	0	0	0	0	0	0	0	0	0	0	0	0	384176	384176	384176	384176	384176	384176	384176	384176	384176	384176	384176	384176	384176	384176	384176	384176	384176	384176	384176	384176	384176	384176	384176	384176	384176	384176	384176	384176	384176	384176	323104	384176	384176	384176	384176	384176	384176	384176	384176	384176	384176	384176	384176	384176	384176	384176	384176	384176	384176	384176	384176	384176	389648	389648	389648	389648	389648	389648	389648	389648	389648	389648	325840	389648	389648	325840	325840	389648	389648	389648	389648	389648	389648	389648	389648	389648	389648	389648	389648	389648	389648	389648	389648	389648	389648	389648	389648	389648	389648	389648	325840	389648	389648	389648	389648	384176	389648	384176	389648	384176	389648	389648	384176	389648	384176	389648	389648	389648	389648	389648	389648	389648	389648	389648	389648	389648	389648	384176	384176	384176	384176	384176	384176	384176	384176	384176	384176	384176	384176	384176	384176	384176	384176	384176	384176	384176	384176	384176	384176	384176	384176	384176	384176	366512	366512	366544	366512	366544	366512	366512	366512	366512	366512	366512	366512	366512	366512	366512	366512	366512	366512	384176	384176	384176	384176	384176	384176	384176	384176	384176	384176	384176	384176	384176	384176	384176	384176	384176	384176	384176	384176	384176	384176	384176	384176	384176	384176	384176	384176	384176	384176	384176	384176	384176	323104	384176	366448	366448	384176	366448	384176	384176	384176	384176	384176	384176	384176	384176	384176	384176	384176	384176	384176	384176	384176	384176	314240	384176	366448	366448	384176	384176	384176	384176	384176	384176	384176	384176	384176	366448	384176	384176	384176	384176	384176	384176	384176	384176	384176	384176	384176	384176	384176	384176	384176	384176	576264	384176	384176	384176	384176	366448	384176	384176	384176	384176	366448	366448	384176	366448	384176	366448	366448	384176	384176	384176	384176	384176	366448	384176	366448	366448	366448	366448	366448	366448	384176	384176	366448	366448	384176	384176	384176	366448	366448	366448	384176	384176	0	0	0	0	0	0	0	0	0	0	0	0	0	0	0	0	0	0	0	0	0	0	0	0	0	0	0	0	0	0	0	0	0	0	0	0	0	0	0	0	0	0	0	0	0	0	0	0
2024-04-29	0	0	0	0	0	0	0	0	0	0	0	0	0	0	0	0	0	0	0	0	0	0	0	0	0	0	0	0	0	0	0	0	0	0	0	0	0	0	0	0	0	0	0	0	0	0	0	0	0	0	0	0	0	0	0	0	0	0	0	0	0	0	0	0	0	0	0	0	0	0	0	0	0	0	0	0	0	0	0	0	0	0	0	0	0	194824	0	0	0	0	0	0	0	0	0	0	0	0	0	0	0	0	0	0	0	0	0	0	0	0	0	0	0	0	0	0	0	0	0	0	0	0	0	0	0	0	0	0	0	0	0	0	0	0	0	0	0	0	0	0	0	0	0	0	0	0	0	0	0	0	0	0	0	0	0	0	0	0	0	0	0	0	0	0	0	0	0	0	0	0	0	0	0	0	0	0	0	0	0	0	0	0	0	0	0	0	0	0	0	0	0	0	0	0	0	0	0	0	0	0	0	0	0	0	0	0	0	0	0	0	0	0	0	0	0	0	0	0	0	0	0	0	0	0	0	0	0	0	0	0	0	0	0	0	0	0	0	0	0	0	0	0	0	192088	0	0	0	0	0	0	0	0	0	0	0	0	0	0	0	0	0	0	0	0	0	0	0	0	0	0	0	0	0	0	0	0	0	0	0	0	0	0	0	0	0	0	0	0	0	0	0	0	0	0	0	0	0	0	0	0	0	0	0	0	0	0	0	0	0	0	0	0	0	0	0	0	0	0	0	0	0	0	0	0	0	0	0	0	0	0	0	0	0	0	0	0	0	0	0	0	0	0	0	0	0	0	0	0	0	0	0	0	0	0	0	0	0	0	0	0	0	0	0	0	0	0
2024-05-06	0	0	0	0	0	0	0	0	0	0	0	0	0	0	0	0	0	0	0	0	0	0	0	0	0	0	0	0	0	0	0	0	0	0	0	0	0	0	0	0	0	0	0	0	0	0	0	0	0	0	0	0	0	0	0	0	0	0	0	0	0	0	0	0	0	0	0	0	0	0	0	0	0	0	0	0	0	0	0	0	0	0	0	0	0	0	0	0	0	0	0	0	0	0	0	0	0	0	0	0	0	0	0	0	0	0	0	0	0	0	0	0	0	0	0	0	0	0	0	0	0	0	0	0	0	0	0	0	0	0	0	0	0	0	0	0	0	0	0	0	0	0	0	0	0	0	0	0	0	0	0	0	0	0	0	0	0	0	0	0	0	0	0	0	0	0	0	0	0	0	0	0	0	0	0	0	0	0	0	0	0	0	0	0	0	0	0	0	0	0	0	0	0	0	0	0	0	0	0	0	0	0	0	0	0	0	0	0	0	0	0	0	0	0	0	0	0	0	0	0	0	0	0	0	0	0	0	0	0	0	0	0	0	0	0	0	0	0	0	0	0	0	0	0	0	0	0	0	0	0	0	0	0	0	0	0	0	0	0	0	0	0	0	0	0	0	0	0	192088	0	0	0	0	0	0	0	0	0	0	0	0	0	0	0	0	0	0	0	0	0	0	0	0	0	0	0	0	0	0	0	0	0	0	0	0	0	0	0	0	0	0	0	0	0	0	0	0	0	0	0	0	0	0	0	0	0	0	0	0	0	0	0	0	0	0	0	0	0	0	0	0	0	0	0	0	0	0	0	0	0	0	0	0	0	0	0	0	0	0	0	0	0	0	0	0	0
2024-05-20	0	0	0	0	0	0	0	0	0	0	0	0	0	0	0	0	0	0	0	0	0	0	0	0	0	0	0	0	0	0	0	0	0	0	0	0	0	0	0	0	0	0	0	0	0	0	0	0	0	0	0	0	0	0	0	192088	0	0	0	0	0	0	0	0	0	0	0	0	0	0	0	0	0	0	0	0	0	0	0	0	0	0	0	0	0	0	0	0	0	0	0	0	0	0	0	0	0	0	0	0	0	0	0	0	0	0	0	0	0	0	0	0	0	0	0	0	0	0	0	0	0	0	0	0	0	0	0	192088	0	0	0	0	0	0	0	0	0	0	0	194824	0	0	0	0	0	0	0	0	0	0	0	0	0	0	0	0	0	0	0	0	0	0	0	0	0	0	0	0	0	0	0	0	0	0	0	0	0	0	0	0	0	0	0	0	0	0	0	0	0	0	0	0	0	192088	0	0	0	0	0	0	0	0	0	0	0	0	0	0	0	0	0	0	0	0	0	0	0	0	0	0	0	0	0	0	0	0	0	0	0	0	0	0	0	0	0	0	0	0	0	0	0	0	0	0	0	0	0	0	0	0	0	0	0	0	0	0	0	0	0	0	0	0	0	0	0	0	0	0	0	0	0	0	0	0	192088	0	0	0	0	0	0	0	0	0	0	0	0	0	0	0	0	0	0	0	0	0	0	0	0	0	0	0	0	0	0	0	0	0	0	0	0	0	0	0	0	0	0	0	0	0	0	0	0	0	0	0	0	0	0	0	0	0	0	0	0	0	0	0	0	0	0	0	0	0	0	0	0	0	0	0	0	0	0	0	0	0	0	0	0	0	0	0	0	0	0	0
2024-05-27	0	0	0	0	0	0	0	0	0	0	0	0	0	0	0	0	0	0	0	0	0	0	0	0	0	0	0	0	0	0	0	0	0	0	0	0	0	0	0	192088	0	0	0	0	0	0	0	0	0	0	192088	0	0	0	0	0	0	192088	0	0	192088	0	0	0	0	0	0	0	0	0	0	0	0	0	0	192088	0	192088	0	0	0	0	194824	0	0	0	194824	0	0	0	0	0	0	0	0	0	0	0	0	0	0	0	0	0	0	0	0	0	0	0	0	0	0	0	0	0	0	0	194824	0	0	0	0	0	0	0	0	0	0	0	194824	0	192088	0	0	0	0	0	0	0	0	0	0	0	0	0	0	0	0	0	0	0	0	0	0	192088	0	0	192088	192088	0	0	0	0	0	0	0	0	0	0	0	0	0	0	0	0	0	0	0	0	0	0	183256	0	0	0	0	0	0	0	0	192088	0	0	0	0	0	0	0	0	0	0	0	0	0	0	0	192088	192088	0	0	0	0	0	0	0	0	0	0	0	0	0	0	0	0	192088	0	0	0	0	0	0	0	0	0	0	0	0	0	0	0	0	192088	0	0	0	0	0	0	0	0	192088	0	0	0	0	0	0	0	0	0	0	0	0	0	0	0	0	0	0	0	0	0	0	0	0	0	192088	192088	0	0	0	192088	0	0	0	0	0	0	183224	0	0	0	0	0	0	0	0	0	0	0	0	0	0	0	183224	0	192088	0	0	0	0	0	0	0	0	0	0	0	0	0	0	0	0	0	0	0	0	0	0	0	0	0	0	0	0	0	0	0	0	0	0	0	0	0	0	0	0	0	0	0	0	0	0	0	0	0	0	0	0	0	0	0	0	0	0
2024-06-03	0	0	0	0	0	0	0	0	0	0	0	0	0	0	0	0	0	0	0	0	0	0	0	0	0	0	0	0	0	0	0	0	0	0	0	0	0	0	0	0	0	0	0	0	0	0	0	0	0	0	0	0	0	0	0	0	0	0	0	0	0	0	192088	0	0	0	0	0	0	0	0	0	0	0	0	0	0	192088	0	0	0	0	0	0	0	0	0	0	0	0	0	0	0	0	0	0	0	0	0	0	0	0	0	0	0	0	0	0	0	0	0	0	0	0	0	0	0	0	0	0	0	0	0	0	0	0	0	0	0	0	0	0	0	0	0	0	0	0	0	0	0	0	0	0	0	0	0	0	0	0	0	0	0	0	192088	0	0	0	0	0	0	0	0	0	0	0	0	0	0	0	0	0	0	0	0	0	0	0	0	0	0	0	0	0	0	0	0	0	0	0	0	0	0	0	0	0	0	0	0	0	0	0	0	0	0	0	0	0	0	0	192088	0	0	0	0	0	0	0	0	0	0	0	0	0	0	0	0	0	0	0	0	0	0	0	0	0	0	0	0	0	0	0	0	0	0	0	0	0	0	0	0	0	0	0	0	0	0	0	0	0	0	0	0	0	0	0	0	192088	0	0	0	0	0	0	0	0	0	0	0	0	0	0	0	0	0	0	0	0	0	0	0	0	0	0	0	0	0	0	0	0	0	0	0	0	0	0	0	0	0	0	0	0	0	0	0	0	0	0	0	0	0	0	0	0	0	0	0	0	0	0	0	0	0	0	0	0	0	0	0	0	0	0	0	0	0	0	0	0	0	0	0	0	0	0	0	0	0	0	0	0	0	0	0	0	0	0
2024-06-10	0	0	0	0	0	0	0	0	0	0	0	0	0	0	0	0	0	0	0	0	0	0	0	0	0	0	0	0	0	0	0	0	0	0	0	0	0	0	0	0	0	0	0	0	0	0	0	0	0	0	0	0	0	0	0	0	0	0	0	0	0	0	0	0	0	0	0	0	0	0	0	0	0	0	0	0	384176	0	0	0	0	0	0	0	0	0	0	0	194824	0	0	0	0	0	0	0	0	194824	0	0	0	0	0	0	0	0	0	0	0	0	0	0	0	0	0	0	0	0	0	0	0	0	0	0	0	0	0	0	0	0	0	0	0	0	192088	0	0	0	0	0	194824	0	0	0	0	0	0	0	0	0	0	0	0	0	192088	0	0	0	0	0	0	0	0	0	0	0	0	0	0	0	0	0	192088	0	0	0	0	183272	0	0	0	0	0	0	0	0	183256	0	0	0	0	0	192088	0	0	0	0	0	0	0	0	0	0	0	0	0	0	0	0	0	0	0	0	0	0	0	0	0	0	0	192088	0	192088	192088	0	0	0	0	0	0	0	0	0	0	0	0	0	0	0	0	0	0	0	0	0	0	0	0	0	0	0	0	0	0	0	0	0	0	0	0	0	0	0	0	0	0	0	0	0	0	0	0	0	0	0	0	0	0	0	0	0	0	0	0	0	0	0	0	0	0	0	0	0	0	0	0	0	0	0	0	0	0	0	183224	0	0	0	0	0	0	0	0	0	0	0	0	0	0	0	0	0	0	0	0	0	0	0	0	0	0	0	0	0	0	0	0	0	0	0	0	0	0	0	0	0	0	0	0	0	0	0	0	0	0	0	0	0	0	0	0	0	0	0	0	0	0
2024-06-17	0	0	0	0	0	0	0	0	0	0	0	0	0	0	0	0	0	0	0	0	0	0	0	0	0	0	0	0	0	0	0	0	0	0	0	0	0	0	0	0	0	0	0	0	0	0	0	0	0	0	0	0	0	0	0	0	0	0	0	0	0	0	0	0	0	0	0	0	0	0	0	0	0	0	0	0	0	0	0	0	0	0	0	0	0	0	0	0	0	0	0	0	0	0	0	0	0	0	0	0	0	0	0	0	0	0	0	0	0	0	0	0	0	0	0	0	0	0	0	0	0	0	0	0	0	0	0	0	0	0	0	0	0	0	0	0	0	0	0	0	0	0	0	0	0	0	0	0	0	0	0	0	0	0	0	0	0	0	0	0	0	0	0	0	0	0	0	0	0	0	0	0	0	0	0	0	0	0	0	0	0	0	0	0	0	0	0	0	0	0	0	0	0	0	0	0	0	0	0	0	0	0	0	0	0	0	0	0	0	0	0	0	0	0	0	0	0	0	0	0	0	0	0	0	0	0	0	0	0	0	0	0	0	0	0	0	0	0	0	0	0	192088	0	0	0	0	0	0	0	0	0	0	0	0	0	0	0	0	0	0	0	0	0	0	0	0	0	0	0	0	0	0	0	0	0	0	0	0	0	0	0	0	0	0	0	0	0	0	0	0	0	0	0	0	0	0	0	0	0	0	0	0	0	0	0	0	0	0	0	0	0	0	0	0	0	0	0	0	0	0	0	0	0	0	0	0	0	0	0	0	0	0	0	0	0	0	0	0	0	0	0	0	0	0	0	0	0	0	0	0	0	0	0	0	0	0	0	0	0	0	0	0	0	0	0	0
2024-06-24	0	0	0	0	0	0	0	0	0	0	0	0	0	0	0	0	0	0	0	0	0	0	0	0	0	0	0	0	0	0	0	0	0	0	0	0	0	0	0	0	0	0	0	0	0	0	0	0	0	0	0	0	0	0	0	0	0	0	0	0	0	0	0	0	192088	0	0	0	0	0	0	0	0	0	0	0	0	0	0	0	0	0	0	0	0	0	0	0	0	0	0	0	0	0	0	0	0	0	0	0	0	0	0	0	0	0	0	0	0	0	0	0	0	0	0	0	0	0	0	0	0	0	0	0	0	0	0	0	0	0	0	0	0	0	0	0	0	0	0	0	0	0	0	0	0	0	0	0	0	0	0	0	0	0	0	0	0	0	0	0	0	0	0	0	0	0	0	0	0	0	0	0	0	0	0	0	0	0	0	0	0	0	0	0	0	0	0	0	0	0	0	0	0	0	0	0	0	0	0	0	0	0	0	0	0	0	0	0	0	0	0	0	0	0	0	0	0	0	0	0	0	0	0	0	0	0	0	0	0	0	0	0	0	0	0	0	0	0	0	0	0	0	0	0	0	0	0	0	0	0	0	0	0	0	0	0	0	0	0	0	0	0	0	0	0	0	0	0	0	0	192088	0	0	0	0	0	0	0	0	0	0	0	0	0	0	0	0	0	0	0	0	0	0	0	0	0	0	0	0	0	0	0	0	0	0	0	0	0	0	0	0	0	0	0	0	0	0	0	0	0	0	0	0	0	0	0	0	0	0	0	0	0	0	0	0	0	0	0	0	0	0	0	0	0	0	0	0	0	0	0	0	0	0	0	0	0	0	0	0	0	0	0	0	0	0	0
2024-07-08	0	0	0	0	0	0	0	0	0	0	0	0	0	0	0	0	0	0	0	0	0	0	0	0	0	0	0	0	0	0	5498889	1981500	2122741	2367708	1544619	794736	794736	797120	986824	794736	794736	986824	794736	794736	794736	576264	576264	576264	576264	576264	576264	576264	576264	576264	576264	576264	576264	576264	576264	576264	576264	576264	576264	576264	576264	576264	576264	576264	576264	576264	576264	576264	576264	576264	576264	576264	576264	576264	576264	576264	576264	576264	584472	584472	584472	584472	584472	584472	584472	584472	584472	584472	969074	584472	584472	584472	970099	584472	584472	584472	984244	584472	584472	584472	1002984	584472	584472	584472	584472	584472	584472	584472	584472	584472	584472	584472	584472	584472	584472	960882	584472	584472	584472	584472	584472	576264	584472	576264	584472	576264	584472	584472	576264	966837	1128508	584472	968964	584472	584472	584472	966836	584472	584472	584472	584472	584472	584472	576264	576264	952915	794736	576264	935507	794816	936501	576264	576264	952885	576264	576264	576264	952914	576264	576264	952804	986904	576264	944801	576264	576264	936609	576264	952804	2618987	2425557	549816	1795477	1099648	1125232	1065627	1099536	1108606	1106669	1308472	733024	758704	549768	1125216	1116395	891666	941960	576264	1297904	576264	576264	576264	576264	576264	576264	576264	576264	576264	1513820	576264	576264	576264	576264	576264	576264	576264	576264	576264	576264	576264	576264	576264	576264	576264	576264	576264	576264	576264	576264	576264	576264	576264	549672	549672	576264	549672	576264	576264	576264	576264	576264	576264	576264	576264	576264	576264	576264	576264	576264	576264	576264	576264	549672	576264	549672	549672	576264	576264	576264	576264	576264	576264	576264	576264	576264	732896	986824	576264	794736	576264	576264	576264	576264	576264	576264	576264	576264	576264	576264	192088	576264	576264	576264	576264	576264	192088	576264	549672	576264	576264	576264	192088	549672	549672	576264	549672	576264	183224	549672	576264	576264	576264	576264	192088	549672	576264	549672	549672	549672	183224	549672	549672	576264	576264	549672	183224	576264	576264	576264	549672	549672	183224	576264	576264	0	0	0	0	0	0	0	0	0	0	0	0	0	0	0	0	0	0	0	0	0	0	0	0	0	0	0	0	0	0	0	0	0	0	0	0	0	0	0	0	0	0	0	0	0	0	0	0
2024-07-15	0	0	0	0	0	0	0	0	0	0	0	0	0	0	0	0	0	0	0	0	0	0	0	0	0	0	0	0	0	0	0	0	0	0	0	0	0	0	0	0	0	0	0	0	0	0	0	0	0	0	0	0	0	0	0	0	0	0	0	0	0	0	0	0	0	0	0	0	0	0	0	0	0	0	0	0	0	0	0	0	0	0	0	0	0	0	0	0	0	0	0	0	0	0	0	0	0	0	0	0	0	0	0	0	0	0	0	0	0	0	0	0	0	0	0	0	0	0	0	0	0	0	0	0	0	0	0	0	0	0	0	0	0	0	0	0	0	0	0	0	0	0	0	0	0	0	0	0	0	0	0	0	0	0	0	0	0	0	0	0	0	0	0	0	0	0	0	0	0	0	0	0	0	0	0	0	0	0	0	0	0	0	0	0	0	0	0	25680	0	0	0	0	0	0	0	0	0	0	0	0	0	0	0	0	0	0	0	0	0	0	0	0	0	0	0	0	0	0	0	0	0	0	0	0	0	0	0	0	0	0	0	0	0	0	0	0	0	0	0	0	0	0	0	0	0	0	0	0	0	0	0	0	0	0	0	0	0	0	0	0	0	0	0	0	0	0	0	0	0	0	0	0	0	384176	192088	0	0	0	0	384176	0	0	0	0	0	384176	0	0	0	0	0	366448	0	0	0	0	0	384176	0	0	0	0	0	366448	0	0	0	0	0	366448	0	0	0	0	0	366448	0	0	0	0	0	0	0	0	0	0	0	0	0	0	0	0	0	0	0	0	0	0	0	0	0	0	0	0	0	0	0	0	0	0	0	0	0	0	0	0	0	0	0	0	0	0	0	0	0	0
2024-07-22	1152528	771840	1344616	1152528	1152528	771840	1152528	1152528	1152528	1152528	1152528	1152528	1152528	1152528	1152528	1152528	1152528	964800	1152528	1152528	771840	1152528	771840	771840	1152528	1152528	1152528	1152528	771840	1152528	576264	960440	576264	576264	576264	576264	576264	576264	576264	576264	576264	576264	576264	576264	576264	576264	576264	576264	576264	576264	576264	576264	576264	576264	576264	576264	576264	576264	576264	576264	576264	576264	576264	576264	576264	576264	576264	576264	576264	576264	576264	576264	576264	576264	576264	576264	576264	576264	576264	576264	576264	576264	584472	584472	584472	584472	584472	584472	584472	584472	584472	584472	584472	584472	584472	584472	584472	584472	584472	584472	584472	584472	584472	584472	584472	584472	584472	584472	584472	584472	584472	584472	584472	584472	584472	584472	584472	584472	584472	584472	584472	584472	584472	584472	584472	576264	584472	576264	584472	576264	584472	584472	576264	584472	576264	584472	584472	584472	584472	779296	584472	584472	584472	584472	584472	584472	584472	576264	576264	576264	576264	576264	576264	576264	576264	576264	576264	576264	576264	576264	576264	576264	576264	576264	576264	576264	576264	576264	576264	576264	576264	576264	576264	549768	549768	549816	549768	549816	549768	549768	549768	549768	549768	549768	549768	549768	549768	549768	549768	549768	549768	576264	576264	576264	576264	576264	576264	576264	576264	576264	576264	576264	576264	576264	576264	576264	576264	576264	576264	576264	576264	576264	576264	576264	576264	576264	576264	576264	576264	576264	576264	576264	576264	576264	576264	576264	549672	549672	576264	549672	576264	576264	576264	576264	576264	576264	576264	576264	576264	576264	576264	576264	576264	576264	576264	576264	549672	576264	549672	549672	576264	576264	576264	576264	576264	576264	576264	576264	576264	549672	576264	576264	576264	576264	576264	576264	576264	576264	576264	576264	576264	576264	576264	576264	576264	576264	576264	576264	576264	576264	576264	549672	576264	576264	576264	576264	549672	549672	576264	549672	576264	732896	549672	576264	576264	576264	576264	576264	549672	576264	549672	549672	549672	549672	549672	549672	576264	576264	549672	549672	576264	576264	576264	549672	549672	549672	576264	576264	1178640	1169040	1165776	1169040	1169040	1370640	1178640	1169040	1178640	1169040	1169040	1178640	1169040	1370640	1178640	1370640	1178640	1169040	1169040	1168848	1178640	1313136	1169040	1313136	1178640	1168944	1370640	1169040	1169040	1168848	1169040	1313136	1165776	1178640	1178640	1313136	1169040	1178640	1169040	1370640	1169040	1168848	1169040	1165584	1313136	1168848	1169040	1169040
2024-07-29	192088	0	0	0	0	0	0	0	0	0	0	0	0	0	0	0	0	0	0	0	0	0	0	0	0	0	0	0	0	0	0	0	0	0	0	0	0	0	0	0	0	0	0	0	0	0	0	0	0	0	0	0	0	0	0	0	0	0	0	0	0	0	0	0	0	0	0	0	0	0	0	0	0	0	0	0	0	0	0	0	0	0	0	0	0	0	0	0	0	0	0	0	0	0	0	0	0	0	0	0	0	0	0	0	0	0	0	0	0	0	0	0	0	0	0	0	0	0	0	0	0	0	0	0	0	0	0	0	0	0	0	0	0	0	0	0	0	0	0	0	0	0	0	0	0	0	0	0	0	0	0	0	0	0	0	0	0	0	0	0	0	0	0	0	0	0	0	0	0	0	0	0	0	0	0	0	0	0	0	0	0	0	0	0	0	0	0	0	0	0	0	0	0	0	0	0	0	0	0	0	0	0	0	0	0	0	0	0	0	0	0	0	0	0	0	0	0	0	0	0	0	0	0	0	0	0	0	0	0	0	0	0	0	0	0	0	0	0	0	0	0	0	0	0	0	0	0	0	0	0	0	0	0	0	0	0	0	0	0	0	0	0	0	0	0	0	0	0	0	0	0	0	0	0	0	0	0	0	0	0	0	0	0	0	0	0	0	0	0	0	0	0	0	0	0	0	0	0	0	0	0	0	0	0	0	0	0	0	0	0	0	0	0	0	0	0	0	0	0	0	0	0	0	0	0	0	0	0	0	0	0	0	0	0	0	0	0	0	0	0	0	0	0	0	0	0	0	0	0	0	0	0	0	0	0	0	0	0	0	0	0	0	0	0	0	0
2024-08-05	0	0	0	0	0	0	0	0	0	0	0	0	0	0	0	0	0	0	0	0	0	0	0	0	0	0	0	0	0	0	0	0	0	0	0	0	0	0	0	0	0	0	0	0	0	0	0	0	0	0	0	192088	0	0	0	0	0	0	0	0	0	0	0	0	0	0	0	0	0	0	0	0	0	0	0	0	0	0	0	0	0	0	0	0	0	0	0	0	0	0	0	0	0	0	0	0	0	0	0	0	0	0	0	0	0	0	0	0	0	0	0	0	0	0	0	0	0	0	0	0	0	0	0	0	0	0	0	0	0	0	0	0	0	0	0	0	0	0	0	0	0	0	0	0	0	0	0	0	0	0	0	0	0	0	0	0	0	0	0	0	0	0	0	0	0	0	0	0	0	0	0	0	0	0	0	0	0	0	0	0	0	0	0	0	0	0	0	0	0	0	0	0	0	0	0	0	0	0	0	0	0	0	0	0	0	0	0	0	0	0	0	0	0	0	0	0	0	0	0	0	0	0	0	0	0	0	0	0	0	0	0	0	0	0	0	0	0	0	0	0	0	0	0	0	0	0	0	0	0	0	0	0	0	0	0	0	0	0	0	0	0	0	0	0	0	0	0	0	0	0	0	0	0	0	0	0	0	0	0	0	0	0	0	0	0	0	0	0	0	0	0	0	0	0	0	0	0	0	0	0	0	0	0	0	0	0	0	0	0	0	0	0	0	0	0	0	0	0	0	0	0	0	0	0	0	0	0	0	0	0	0	0	0	0	0	0	0	0	0	0	0	0	0	0	0	0	0	0	0	0	0	0	0	0	0	0	0	0	0	0	0	0	0	0	0	0
2024-08-12	0	0	0	0	0	0	0	0	0	0	0	0	0	0	0	0	0	0	0	0	0	0	0	0	0	0	0	0	0	0	0	0	0	0	0	0	0	0	0	0	0	0	0	0	0	0	0	0	0	0	0	0	0	0	0	0	0	0	0	0	0	0	0	0	0	0	0	0	0	0	0	0	0	0	0	0	0	0	0	0	0	0	0	0	0	0	0	0	0	0	0	0	0	194824	0	0	0	0	0	0	0	0	0	0	0	0	0	0	0	0	0	0	0	0	0	0	0	0	0	0	0	0	0	0	0	192088	0	0	0	0	0	0	0	0	0	0	0	0	0	0	0	0	0	0	0	0	0	0	0	0	0	0	0	0	192088	0	0	0	0	0	0	0	0	0	0	0	0	0	0	0	0	0	0	0	0	0	0	0	0	0	0	0	0	0	0	0	0	0	0	0	0	0	0	0	0	0	0	0	0	0	0	0	0	0	0	0	0	0	0	0	0	0	0	0	0	0	0	0	0	0	0	192088	0	0	0	0	0	0	0	0	0	0	0	0	0	0	0	0	0	0	0	0	0	0	0	0	0	0	0	0	0	0	0	0	0	0	0	0	0	0	0	0	0	0	0	0	0	0	0	0	0	0	0	0	0	0	0	0	0	0	0	0	0	0	0	0	0	0	0	0	0	0	0	0	0	0	0	0	0	0	0	0	0	0	0	0	0	0	0	0	0	0	0	0	0	0	192088	0	0	0	0	0	0	0	0	0	0	0	0	0	0	0	0	0	0	0	0	0	0	0	0	0	0	0	0	0	0	0	0	0	0	0	0	0	0	0	0	0	0	0	0	0	0	0	0	0
2024-08-19	0	0	0	0	0	0	0	0	0	0	0	0	0	0	0	0	0	0	0	0	0	0	0	0	0	0	0	0	0	0	0	0	0	0	0	0	0	0	0	0	0	0	0	0	0	0	0	0	0	0	0	0	0	0	0	0	0	0	0	0	0	0	0	0	0	0	0	0	0	0	192088	0	0	0	0	0	0	0	0	0	0	0	0	0	0	0	0	0	0	0	0	0	0	0	0	0	0	0	0	0	0	0	0	0	0	0	0	0	0	0	0	0	0	0	0	0	0	0	0	0	0	0	0	0	0	0	0	0	0	0	0	0	0	0	0	0	0	0	0	0	0	0	0	0	0	0	0	0	0	0	0	0	0	0	0	0	0	0	0	0	0	0	0	0	0	0	0	0	0	0	0	0	0	0	0	0	0	0	0	0	183256	0	0	0	0	0	0	0	0	0	0	0	0	0	0	0	0	0	0	0	0	0	0	0	0	0	0	0	0	0	0	0	0	0	0	0	0	0	0	0	0	0	0	0	0	0	0	0	0	0	0	0	0	0	0	0	0	0	0	0	0	0	0	0	0	0	0	0	0	0	0	0	0	0	0	0	0	0	0	0	0	0	0	0	0	0	0	0	0	0	0	0	0	0	0	0	0	0	0	0	0	0	0	0	0	0	0	0	0	0	0	0	0	0	0	0	0	0	0	0	0	0	0	0	0	0	0	0	0	0	0	0	192088	0	0	0	0	0	0	0	0	0	0	0	0	0	0	0	0	0	0	0	0	0	0	0	0	0	0	0	0	0	0	0	0	0	0	0	0	0	0	0	0	0	0	0	0	0	0	0	0	0	0	0	0	0
2024-08-26	0	0	192088	0	0	0	192088	0	0	0	0	0	0	0	0	0	0	0	0	0	0	0	0	0	0	0	0	0	0	0	576264	768352	384176	576264	576264	384176	384176	768352	384176	384176	384176	384176	384176	384176	384176	384176	384176	576264	384176	576264	384176	384176	384176	384176	384176	384176	576264	384176	384176	384176	384176	384176	576264	384176	384176	384176	576264	384176	384176	576264	384176	384176	576264	384176	384176	384176	384176	576264	384176	384176	384176	768352	389648	389648	389648	389648	389648	389648	389648	584472	389648	389648	389648	389648	584472	584472	584472	584472	389648	389648	389648	389648	389648	389648	389648	389648	389648	389648	389648	389648	584472	389648	584472	584472	389648	389648	389648	584472	389648	389648	389648	389648	389648	584472	389648	384176	389648	384176	389648	384176	389648	584472	384176	389648	384176	389648	389648	584472	584472	389648	584472	389648	389648	389648	584472	389648	389648	384176	576264	384176	384176	768352	384176	384176	384176	384176	384176	384176	384176	576264	384176	384176	384176	515192	384176	384176	576264	384176	384176	384176	576264	384176	576264	549768	366512	366544	366512	366544	733024	366512	366512	366512	366512	549768	366512	366512	366512	366512	366512	366512	366512	384176	384176	384176	384176	576264	384176	384176	384176	768352	384176	384176	576264	384176	576264	576264	768352	384176	384176	576264	384176	384176	384176	384176	384176	384176	384176	384176	576264	576264	384176	576264	576264	384176	384176	384176	366448	366448	384176	366448	384176	384176	384176	576264	384176	576264	384176	384176	384176	576264	576264	576264	384176	384176	576264	384176	366448	384176	549672	366448	384176	384176	384176	384176	384176	768352	384176	323104	576264	366448	384176	384176	576264	384176	384176	576264	515192	384176	576264	576264	384176	384176	384176	384176	384176	384176	192088	384176	384176	384176	384176	366448	576264	384176	384176	384176	366448	549672	576264	366448	576264	366448	366448	576264	384176	384176	384176	576264	366448	384176	549672	366448	366448	366448	366448	366448	384176	576264	549672	366448	384176	384176	384176	366448	366448	366448	576264	384176	0	0	0	0	0	0	0	0	0	0	0	0	0	0	0	0	0	0	0	194808	0	0	0	0	196440	0	0	0	0	0	0	0	0	0	0	0	0	0	0	0	0	0	0	0	0	0	0	0
2024-09-02	0	0	0	192088	0	0	0	0	0	0	0	0	0	0	0	0	384176	0	0	0	0	192088	0	0	0	192088	0	0	0	0	960440	0	0	0	0	0	0	960440	0	0	0	0	0	384176	0	0	0	0	0	0	576264	192088	0	0	0	0	192088	0	0	0	0	0	768352	0	192088	0	0	0	0	192088	0	0	0	0	0	0	0	576264	0	0	0	960440	0	0	0	0	0	0	0	0	0	0	0	0	0	779296	779296	779296	0	0	0	0	0	0	0	194824	0	389648	0	0	0	0	0	194824	0	0	0	584472	0	0	0	0	0	0	0	0	389648	0	0	0	0	0	0	0	0	0	0	0	0	0	0	0	389648	0	0	0	0	0	0	0	0	192088	192088	0	0	0	0	0	0	0	192088	192088	0	0	192088	0	768352	0	0	0	0	384176	768352	733024	0	0	0	0	733024	0	183256	0	183256	0	0	0	183256	0	549768	0	0	0	192088	0	0	0	0	0	192088	0	0	0	0	0	0	192088	960440	0	192088	768352	0	384176	0	0	0	0	0	0	0	384176	0	0	0	0	0	0	0	0	0	0	0	0	0	0	0	0	192088	0	0	0	192088	0	0	192088	0	0	0	0	0	0	0	192088	0	0	192088	768352	0	0	0	0	0	0	192088	576264	384176	192088	0	384176	0	0	0	0	384176	0	0	0	192088	0	192088	0	0	0	768352	0	0	0	0	0	0	0	0	0	0	0	0	0	576264	0	0	0	0	0	366448	0	0	0	192088	0	732896	183224	384176	0	0	0	0	0	768352	768352	196440	0	0	0	0	0	0	0	0	0	0	0	0	0	0	0	0	0	0	779232	0	0	0	218856	785760	0	0	0	0	0	0	0	0	0	0	0	0	0	0	0	0	0	0	194264	0	0	0	0
2024-09-09	192088	0	0	0	0	192960	0	0	192088	0	0	0	0	0	0	192088	0	0	192088	192088	0	0	0	0	0	0	0	0	192960	0	0	0	0	0	192088	0	192088	0	0	0	192088	0	0	0	0	0	0	0	0	0	0	0	192088	192088	0	0	0	0	192088	0	0	0	0	192088	0	0	0	0	0	0	0	0	192088	192088	0	0	0	0	0	0	192088	0	194824	0	0	0	0	194824	0	0	0	194824	0	194824	0	0	0	0	194824	0	194824	0	0	194824	0	0	0	0	0	0	194824	194824	0	0	0	2143064	194824	0	0	0	0	0	0	0	194824	0	0	0	0	0	0	194824	0	0	0	0	0	0	0	194824	194824	194824	0	194824	194824	0	0	0	192088	0	0	0	0	0	0	192088	0	192088	192088	0	0	0	0	0	0	0	0	0	0	192088	192088	0	0	0	0	0	183256	0	0	0	0	183256	0	0	0	0	0	0	0	183256	183256	192088	0	0	0	0	0	0	0	0	0	0	0	0	0	0	0	0	0	0	0	0	0	0	0	0	192088	0	0	0	192088	0	192088	192088	192088	0	183224	0	192088	183224	0	192088	0	0	0	0	0	0	0	192088	0	0	192088	0	192088	0	0	192088	0	0	0	0	0	0	0	0	0	0	192088	0	0	0	0	0	0	0	0	0	192088	0	0	0	0	192088	0	0	0	192088	0	0	0	183224	0	0	0	0	0	0	0	0	0	0	183224	0	192088	0	0	192088	0	192088	183224	0	0	0	0	0	0	192088	0	0	0	192088	0	0	183224	0	0	0	0	194840	0	194840	194840	0	0	0	0	0	0	0	0	0	0	228440	0	0	0	0	196440	0	0	0	0	0	228440	0	0	0	194840	0	194296	196440	0	0	194840	196440	0	0	0	0	0	0	0	194808	0	0
2024-09-16	384176	385920	384176	384176	384176	385920	384176	384176	384176	384176	384176	384176	384176	384176	384176	384176	384176	385920	384176	384176	385920	384176	385920	385920	384176	384176	384176	384176	385920	384176	384176	384176	384176	384176	384176	384176	384176	384176	384176	384176	384176	384176	384176	384176	384176	576264	384176	384176	384176	384176	384176	384176	384176	384176	384176	384176	384176	384176	384176	384176	384176	384176	384176	384176	384176	384176	384176	384176	384176	384176	384176	384176	384176	384176	384176	576264	384176	384176	384176	384176	384176	384176	389648	389648	389648	389648	389648	389648	389648	389648	389648	389648	389648	389648	389648	389648	389648	389648	389648	389648	389648	389648	389648	389648	389648	584472	389648	389648	389648	389648	389648	389648	389648	389648	389648	389648	389648	389648	389648	389648	389648	389648	389648	389648	389648	384176	389648	384176	389648	384176	389648	389648	384176	389648	384176	389648	389648	389648	389648	389648	389648	389648	389648	389648	389648	389648	389648	384176	384176	384176	384176	384176	384176	384176	384176	384176	384176	384176	384176	384176	384176	384176	384176	384176	384176	384176	384176	384176	384176	384176	384176	384176	384176	366512	366512	366544	366512	366544	366512	366512	366512	366512	366512	366512	366512	366512	366512	366512	366512	366512	366512	384176	384176	384176	384176	384176	384176	384176	384176	384176	384176	384176	384176	384176	384176	384176	384176	384176	384176	384176	384176	384176	384176	384176	384176	384176	384176	384176	384176	384176	384176	384176	384176	384176	384176	384176	366448	366448	768352	366448	384176	384176	384176	384176	384176	384176	384176	384176	384176	384176	384176	384176	384176	384176	384176	384176	366448	384176	366448	366448	384176	384176	384176	384176	384176	384176	384176	384176	384176	366448	384176	384176	384176	384176	384176	384176	384176	384176	384176	384176	384176	384176	384176	384176	384176	384176	384176	384176	384176	384176	384176	366448	384176	384176	384176	384176	366448	366448	384176	366448	384176	366448	366448	384176	384176	384176	384176	384176	366448	384176	366448	366448	366448	366448	366448	366448	384176	384176	549672	366448	384176	384176	384176	366448	366448	366448	384176	384176	392880	389680	388592	389680	389680	456880	392880	389680	392880	389680	389680	392880	389680	456880	392880	456880	392880	389680	389680	389616	392880	437712	389680	437712	392880	389648	456880	389680	389680	389616	389680	437712	388592	392880	392880	437712	389680	392880	389680	456880	389680	389616	389680	388528	437712	389616	389680	389680
2024-09-23	0	0	0	0	0	0	0	0	0	0	0	0	0	0	0	0	0	0	0	0	0	0	0	0	0	0	0	0	0	0	0	0	0	0	0	0	0	0	0	0	0	0	0	0	0	0	0	0	0	0	0	0	0	0	0	0	0	0	0	0	0	0	0	0	0	0	0	0	0	0	0	0	0	0	0	0	0	0	0	0	0	0	0	0	0	194824	0	0	0	0	0	0	0	0	0	0	0	0	0	0	0	0	0	0	0	0	0	0	0	0	0	0	0	0	0	0	194824	0	0	0	0	0	0	0	0	0	194824	0	0	0	0	194824	0	0	0	0	0	0	0	0	0	0	0	0	0	0	0	0	0	0	0	0	0	0	0	0	0	0	0	0	0	0	0	0	0	0	0	0	0	0	0	0	0	0	183256	0	0	0	0	0	0	0	0	0	0	0	0	0	0	0	183256	0	0	0	0	0	0	0	0	0	0	0	0	0	0	0	0	0	192088	0	0	0	0	0	0	0	0	0	0	0	0	0	0	192088	0	0	0	0	0	0	0	0	0	0	0	0	0	0	0	0	0	0	0	0	0	0	0	0	0	0	0	0	0	0	0	0	0	0	0	0	0	0	0	0	0	0	0	0	0	0	0	0	0	0	0	0	0	0	0	0	0	0	0	0	0	0	0	0	0	0	0	0	0	0	0	0	0	0	0	0	0	0	0	0	0	0	0	0	0	0	0	0	0	0	0	183224	0	0	0	0	0	0	0	0	0	0	0	0	0	0	0	0	0	0	0	0	0	0	0	0	0	0	0	0	0	0	0	0	0	0	0	0	0	0	0	0	0	0	0	0	0	0	0	0	0	0
2024-09-30	0	0	0	0	0	0	0	0	0	0	0	0	0	0	0	0	0	0	0	0	0	0	0	0	0	0	0	0	0	0	0	0	0	0	0	0	0	0	0	0	0	0	0	0	0	0	0	0	0	0	0	0	0	0	0	0	0	0	0	0	0	0	0	0	0	0	0	0	0	0	0	0	0	0	0	0	192088	0	0	0	0	0	0	0	0	0	0	0	0	0	0	0	0	0	0	0	0	0	0	0	0	0	0	0	0	0	0	0	0	0	0	0	0	0	0	0	0	0	0	0	0	0	0	0	0	0	0	0	0	0	194824	0	0	0	0	0	0	0	0	0	0	0	0	0	0	0	0	0	0	0	0	0	0	192088	0	0	0	0	0	0	0	0	0	0	0	0	0	0	0	0	0	0	0	0	0	0	0	0	0	0	0	0	0	0	0	0	0	0	0	0	0	0	0	0	0	0	0	0	0	0	0	0	0	0	0	0	0	0	0	0	0	0	0	0	0	0	0	0	0	0	0	0	0	0	0	0	0	0	0	183224	0	0	0	0	0	0	0	0	0	0	0	0	0	0	0	0	0	0	0	0	0	0	0	0	0	0	0	0	0	0	0	0	0	0	0	0	0	0	0	0	0	0	0	0	0	0	0	0	0	0	0	0	0	0	0	0	0	0	0	0	0	0	0	0	0	0	0	0	0	0	0	0	0	0	0	0	0	0	0	0	0	0	0	0	0	0	0	0	0	0	0	0	0	0	0	0	0	0	0	0	0	0	0	0	0	0	0	0	0	0	0	0	0	0	0	0	0	0	0	0	0	0	0	0	0	0	0	0	0	0	0	0	0	0	0	0
2024-10-07	192088	192960	192088	384176	192088	192960	192088	192088	192088	192088	192088	192088	192088	192088	192088	192088	192088	192960	192088	192088	192960	192088	192960	192960	192088	192088	192088	192088	192960	192088	192088	192088	192088	192088	192088	192088	192088	192088	192088	192088	192088	192088	192088	192088	192088	192088	192088	192088	192088	192088	192088	192088	192088	192088	192088	192088	192088	192088	192088	192088	192088	192088	0	192088	192088	192088	192088	192088	192088	192088	192088	192088	192088	192088	192088	192088	0	192088	192088	192088	0	192088	194824	194824	194824	194824	194824	194824	194824	194824	194824	194824	194824	0	194824	389648	194824	194824	194824	194824	194824	194824	194824	194824	194824	194824	194824	194824	194824	194824	194824	194824	194824	194824	194824	194824	0	194824	194824	194824	194824	194824	194824	194824	194824	192088	194824	192088	194824	192088	194824	194824	192088	194824	192088	194824	194824	194824	194824	194824	194824	194824	194824	194824	194824	194824	194824	192088	192088	192088	192088	192088	192088	192088	192088	192088	192088	192088	192088	192088	192088	192088	192088	192088	192088	192088	192088	0	192088	192088	192088	192088	192088	183256	183256	183272	183256	183272	183256	183256	183256	183256	183256	183256	183256	183256	183256	183256	183256	183256	183256	192088	192088	192088	192088	192088	192088	192088	192088	192088	192088	192088	192088	192088	192088	192088	192088	192088	192088	192088	192088	192088	192088	192088	192088	192088	192088	192088	192088	192088	192088	192088	192088	192088	192088	192088	183224	183224	192088	183224	192088	192088	192088	192088	192088	192088	192088	192088	192088	192088	192088	192088	192088	192088	192088	192088	183224	192088	183224	183224	192088	192088	192088	192088	192088	192088	192088	192088	192088	183224	192088	192088	192088	192088	192088	192088	192088	192088	192088	192088	192088	192088	192088	192088	192088	192088	192088	192088	192088	192088	192088	183224	192088	192088	192088	192088	183224	183224	192088	183224	192088	183224	183224	192088	192088	192088	192088	192088	183224	192088	183224	183224	366448	183224	183224	183224	192088	192088	183224	183224	192088	192088	192088	0	183224	183224	192088	192088	196440	194840	194296	194840	194840	228440	196440	194840	196440	194840	194840	196440	194840	228440	196440	228440	196440	194840	194840	194808	196440	0	194840	218856	196440	194824	228440	194840	194840	194808	194840	218856	194296	196440	196440	218856	194840	196440	194840	228440	194840	194808	194840	194264	218856	194808	194840	194840
2024-10-14	0	0	0	0	0	0	0	0	0	0	0	0	0	0	0	0	0	0	0	0	0	0	0	0	0	0	0	0	0	0	0	0	0	0	0	0	0	0	0	0	0	0	0	0	0	0	0	0	0	0	0	0	0	0	0	0	0	0	0	0	0	0	0	0	0	0	0	0	0	0	0	0	0	0	0	0	0	0	0	0	0	0	0	0	0	0	0	0	0	0	0	0	0	0	0	0	0	0	0	0	0	0	0	0	0	0	0	0	0	0	0	0	0	0	0	0	0	0	0	0	0	0	0	0	0	0	0	0	0	0	0	0	0	0	0	0	0	0	0	0	0	0	0	0	0	0	0	0	0	0	0	0	0	0	0	192088	192088	0	0	0	0	0	0	0	0	0	0	0	0	0	0	0	0	0	0	0	0	0	0	0	0	0	0	0	0	0	0	0	0	0	0	0	0	0	0	0	0	0	0	0	0	0	0	0	0	0	0	192088	0	0	0	0	0	0	0	0	0	0	0	0	0	0	0	0	0	0	0	0	0	0	0	0	0	0	0	0	0	0	0	0	0	0	0	0	0	0	0	0	0	0	0	0	0	0	0	0	0	0	0	0	0	0	0	0	0	0	0	0	0	0	0	0	0	0	0	192088	0	0	0	192088	0	0	0	0	0	0	0	0	0	0	0	0	0	0	0	0	0	0	0	0	0	0	0	0	0	0	0	0	0	0	0	0	0	0	0	0	0	0	0	0	0	0	0	0	0	0	0	0	0	0	0	0	0	0	0	0	0	0	0	0	0	0	0	0	0	0	0	0	0	0	0	0	0	0	0	0	0	0	0	0	0	0	0	0	0	0
2024-10-21	192088	192960	192088	192088	192088	192960	192088	192088	192088	192088	192088	192088	192088	192088	192088	192088	192088	192960	192088	192088	192960	192088	192960	192960	192088	192088	192088	192088	192960	192088	192088	192088	192088	192088	192088	192088	192088	192088	192088	192088	192088	192088	192088	192088	192088	192088	192088	192088	192088	192088	192088	192088	192088	192088	192088	192088	192088	192088	192088	192088	192088	192088	192088	192088	192088	192088	192088	192088	192088	192088	192088	192088	192088	192088	192088	192088	192088	192088	192088	192088	192088	192088	194824	194824	194824	194824	194824	194824	194824	194824	194824	194824	194824	194824	194824	194824	194824	194824	194824	194824	194824	194824	194824	194824	194824	194824	194824	194824	194824	194824	194824	194824	194824	194824	131016	194824	194824	194824	194824	194824	194824	194824	194824	194824	194824	192088	194824	192088	194824	192088	194824	194824	192088	194824	192088	194824	389648	194824	194824	194824	194824	194824	194824	194824	194824	194824	194824	192088	192088	192088	192088	192088	384176	192088	192088	192088	192088	192088	192088	192088	192088	192088	192088	192088	192088	192088	192088	192088	192088	192088	192088	192088	192088	183256	183256	183272	183256	183272	183256	183256	183256	183256	183256	183256	183256	183256	183256	183256	183256	183256	183256	192088	192088	192088	192088	192088	192088	192088	192088	192088	192088	192088	192088	192088	192088	192088	192088	192088	192088	192088	192088	192088	192088	192088	192088	192088	192088	192088	192088	192088	192088	192088	192088	192088	192088	192088	183224	183224	192088	183224	192088	192088	192088	192088	192088	192088	192088	192088	192088	192088	192088	192088	192088	192088	192088	192088	183224	192088	183224	183224	192088	192088	192088	192088	192088	192088	192088	192088	192088	183224	192088	192088	192088	192088	192088	192088	192088	192088	192088	192088	192088	192088	192088	192088	192088	192088	192088	192088	192088	192088	192088	183224	192088	192088	192088	192088	183224	366448	192088	183224	192088	183224	183224	192088	192088	192088	192088	192088	183224	192088	183224	183224	183224	183224	183224	183224	192088	192088	183224	183224	192088	192088	192088	183224	183224	183224	192088	192088	196440	194840	194296	194840	194840	228440	196440	194840	196440	194840	194840	196440	194840	228440	196440	228440	196440	194840	194840	194808	196440	218856	194840	218856	196440	194824	228440	194840	194840	194808	194840	218856	194296	196440	196440	218856	194840	196440	194840	228440	194840	194808	194840	194264	218856	194808	194840	194840
2024-10-28	0	0	0	0	0	0	0	0	0	0	0	0	0	0	0	0	0	0	0	0	0	0	0	0	0	0	0	0	0	0	0	0	0	0	0	0	0	0	0	0	0	0	0	0	0	0	0	0	0	0	0	0	0	0	0	0	0	0	0	0	0	0	0	0	0	0	0	0	0	0	0	0	0	0	0	0	0	0	0	0	0	0	0	0	0	0	0	0	0	0	0	0	0	0	0	0	0	0	0	0	0	0	0	0	0	0	0	0	0	0	0	0	0	0	0	0	0	0	0	0	0	0	0	0	0	0	0	192088	0	0	0	0	0	0	0	0	0	0	0	0	0	0	0	0	0	0	0	0	0	0	0	0	0	0	0	0	0	0	0	0	0	0	0	0	0	0	0	0	0	0	0	0	0	0	0	0	0	0	0	0	0	0	0	0	0	0	0	0	0	0	0	0	0	0	0	0	0	0	0	0	0	0	0	0	0	0	0	0	0	0	0	0	0	0	0	0	0	0	0	0	0	0	0	0	0	0	0	0	0	0	0	0	192088	0	0	0	0	0	0	0	0	0	0	0	0	0	0	0	0	0	0	0	0	0	0	0	0	0	0	0	0	0	0	0	0	0	0	0	0	0	0	0	0	0	0	0	0	0	0	0	0	0	0	0	0	0	0	0	0	0	0	0	0	0	0	0	0	0	0	0	0	0	0	0	0	0	0	0	0	0	0	0	0	0	0	0	0	0	0	0	0	0	0	0	0	0	0	0	0	0	0	0	0	0	0	0	0	0	0	0	0	0	0	0	0	0	0	0	0	0	0	0	0	0	0	0	0	0	0	0	0	0	0	0	0	0
2024-11-04	0	0	0	0	0	0	0	0	0	0	0	0	0	0	0	0	0	0	0	0	0	0	0	0	0	0	0	0	0	0	0	0	0	0	0	0	0	0	0	0	0	0	0	0	0	0	192088	0	0	0	0	0	0	0	0	0	0	0	0	0	0	0	0	0	0	0	0	0	0	0	0	0	0	0	0	0	0	0	192088	0	0	0	0	0	0	0	0	0	0	0	0	0	0	0	0	194824	0	0	0	0	0	0	0	0	0	0	0	0	0	0	0	0	194824	0	0	0	0	0	0	0	0	0	0	0	0	0	0	0	0	0	0	0	0	0	0	0	0	0	0	0	0	0	0	0	0	0	0	0	0	0	0	0	0	0	0	0	0	0	0	0	0	0	0	0	0	0	0	0	0	0	0	0	0	0	0	0	0	0	0	0	0	0	0	0	0	0	0	0	0	0	0	0	0	0	0	0	0	0	0	0	0	0	0	0	0	0	0	0	0	0	0	0	192088	0	0	0	0	0	0	0	0	0	0	0	0	0	0	0	0	183224	0	0	0	0	0	0	0	0	0	0	0	0	0	0	0	0	0	0	0	0	0	0	0	0	0	0	0	0	0	0	0	0	0	0	0	0	0	0	0	0	0	0	0	0	0	0	0	0	0	0	0	183224	0	0	0	0	0	0	0	0	0	0	0	0	0	0	0	0	0	0	0	0	0	0	0	0	0	0	0	0	0	0	0	0	0	0	0	0	0	0	0	0	0	0	0	0	0	0	0	0	0	0	0	0	0	0	0	0	0	0	0	0	0	0	0	0	0	0	0	0	0	0	0	0	0	0	0	0	0	0	0	0	0	0	0	0
2024-11-11	0	0	0	0	0	0	0	0	0	0	0	0	576264	0	0	0	0	0	0	0	0	0	0	0	0	0	0	0	0	0	0	0	0	0	0	0	0	0	0	0	0	0	0	0	0	0	0	0	0	0	0	0	0	0	0	0	0	0	0	0	0	0	0	0	0	0	0	0	0	0	0	0	0	0	0	0	0	0	0	0	0	0	0	0	0	0	0	0	0	0	0	0	194824	0	0	0	0	0	0	0	0	0	0	0	0	0	0	0	0	0	0	0	0	0	0	0	0	0	0	0	0	0	0	0	0	0	0	0	0	0	0	0	0	0	0	0	0	0	0	0	0	0	0	0	0	0	0	0	0	0	0	0	0	0	0	0	0	0	192088	0	192088	0	0	0	0	192088	0	0	0	0	0	0	0	0	0	0	0	0	0	0	0	0	0	0	0	0	0	0	0	0	0	0	0	0	0	0	0	0	0	0	0	0	0	0	0	0	0	0	0	0	0	0	0	192088	0	0	0	0	0	0	0	0	0	0	0	0	183224	0	0	0	0	0	0	0	0	0	0	576264	0	0	0	0	0	0	0	0	0	0	0	0	0	0	1152528	0	0	0	0	0	0	0	0	0	0	0	0	0	0	0	0	0	0	0	0	0	0	0	0	0	0	0	0	0	0	0	0	0	0	0	0	0	0	0	0	1152528	0	0	0	0	0	0	0	0	0	0	0	0	0	0	0	0	0	0	0	0	0	0	0	0	0	0	0	0	0	0	0	0	0	0	0	0	0	0	0	0	0	0	0	0	0	0	0	0	0	0	0	0	0	0	0	0	0	0	0	0	0	0	0	0	0	0	0	0	0	0	0	0
2024-11-18	0	0	0	0	0	0	0	0	0	0	0	0	0	0	0	0	0	0	0	0	0	0	0	0	0	0	0	0	0	0	0	0	0	0	0	0	0	0	0	0	0	0	0	0	0	0	0	0	0	0	192088	0	1152528	0	0	0	0	0	0	0	0	0	0	0	0	0	0	0	0	0	0	0	0	0	0	0	0	0	0	0	0	0	0	0	0	0	0	0	0	584472	0	0	0	0	0	0	0	0	0	0	0	0	0	0	0	0	0	0	0	0	0	0	0	0	0	0	0	0	0	0	0	0	0	0	0	0	0	0	0	0	0	0	0	0	0	0	0	0	0	0	0	0	0	584472	0	0	0	0	0	0	0	0	0	0	0	0	0	0	0	0	0	1152528	0	0	0	0	0	0	0	0	0	0	0	0	0	0	0	0	0	0	0	1099536	0	0	0	0	0	0	0	0	0	0	0	0	0	0	0	0	0	0	0	0	0	0	0	0	0	0	0	0	0	0	0	0	0	0	0	0	0	0	0	0	0	0	0	576264	0	0	0	0	0	0	0	0	0	0	0	0	0	192088	0	0	0	0	0	0	0	0	0	0	0	0	0	0	0	0	0	0	0	0	0	0	0	0	0	0	0	0	0	0	0	576264	0	0	0	0	0	0	1152528	0	0	0	0	0	0	0	0	0	576264	0	0	0	0	0	0	0	0	576264	0	0	0	0	0	0	0	0	0	0	0	0	0	0	0	0	0	0	0	0	0	0	0	0	0	0	0	0	0	0	0	589320	0	0	0	0	0	0	0	0	0	0	0	0	0	0	0	0	0	0	0	0	0	0	0	0	0	0	0	0	0	0	0	0	0	0	0	0
2024-11-25	576264	0	576264	0	0	0	0	0	0	0	0	0	0	0	0	0	0	0	192088	0	0	0	0	0	0	0	0	384176	0	0	0	0	576264	0	0	0	0	0	0	0	0	0	0	0	0	0	0	0	0	0	0	0	0	0	0	0	0	0	0	0	0	0	0	0	0	0	0	0	0	0	0	0	0	0	0	0	0	0	0	0	0	0	0	0	0	0	0	0	0	0	0	0	0	0	0	0	0	0	0	0	0	0	0	0	0	0	0	0	0	0	0	0	0	0	0	194824	0	0	0	0	0	0	0	584472	0	0	0	0	0	0	0	0	0	0	576264	0	0	0	0	0	0	0	0	0	0	0	0	0	0	576264	0	0	0	0	0	0	0	0	0	0	0	0	0	0	0	0	0	0	0	0	0	0	0	0	0	0	0	0	0	0	0	0	0	0	0	0	0	0	0	0	0	0	0	0	0	0	0	0	0	0	0	0	0	0	0	0	0	0	0	0	0	0	0	0	0	0	0	192088	0	576264	0	0	0	0	0	0	0	0	0	0	0	0	0	192088	0	0	0	0	384176	0	0	0	0	0	0	0	0	0	0	0	0	0	0	0	0	0	0	0	0	0	0	0	576264	0	0	576264	0	0	0	0	0	0	0	0	0	0	0	576264	0	0	0	0	0	0	0	0	0	0	0	0	0	0	0	0	0	0	0	0	0	0	0	0	0	0	183224	366448	0	192088	0	0	0	0	0	0	0	0	0	576264	0	0	0	0	0	0	0	0	0	0	0	0	0	0	0	0	0	0	0	584424	0	0	0	0	0	0	0	0	0	0	0	0	0	0	392880	0	0	0	0	0	0	0	0	0	0	0	0	0
2024-12-02	0	0	0	0	0	0	0	0	0	0	0	0	0	0	0	0	0	0	0	0	0	0	0	0	0	0	0	0	0	0	0	0	0	192088	0	0	0	0	0	0	0	0	0	0	0	0	0	0	0	0	0	0	0	0	0	0	192088	0	0	0	0	0	0	0	0	0	0	0	0	0	0	0	0	0	0	0	0	0	0	0	0	0	0	0	0	0	0	0	0	0	0	0	0	0	0	0	0	0	0	0	0	0	0	0	0	0	0	0	0	0	0	0	0	0	0	0	0	0	0	0	0	0	0	0	0	0	0	0	0	0	0	0	0	0	0	0	0	0	0	0	0	0	0	0	0	0	0	0	0	0	0	0	192088	0	0	0	0	0	0	0	0	0	0	0	0	0	0	0	0	0	0	0	0	0	0	0	0	0	0	0	0	0	0	0	0	0	0	0	0	0	0	0	0	0	0	0	0	0	0	0	0	0	0	0	0	0	0	0	0	0	0	0	0	0	0	0	0	0	0	0	0	0	0	0	0	0	0	0	0	0	0	0	0	0	0	0	0	0	0	0	0	0	0	0	0	0	0	0	0	0	0	0	0	0	0	0	0	0	0	0	0	0	0	0	0	0	0	0	0	0	0	0	0	0	0	0	0	0	0	0	0	0	0	0	0	0	0	0	0	0	0	0	0	0	0	0	0	0	0	0	0	0	0	0	0	0	0	0	0	0	0	0	0	0	0	0	0	0	0	0	0	0	0	0	0	0	0	0	0	0	0	0	0	0	0	0	0	0	0	0	0	0	0	0	0	0	0	0	0	0	0	0	0	0	0	0	0	0	0	0	0	0	0	0	0	0
2025-02-10	0	0	192088	0	0	0	0	0	0	0	0	0	0	0	0	0	0	0	0	0	0	0	0	0	0	0	0	0	0	0	0	0	0	0	0	0	0	0	0	0	0	0	0	0	0	0	0	0	0	0	0	0	0	0	0	0	0	0	0	0	0	0	0	0	0	0	0	0	0	0	0	0	0	0	0	0	0	0	0	0	0	0	0	0	0	0	0	0	0	0	0	0	0	0	0	0	0	0	0	0	0	0	0	0	0	0	0	0	0	0	0	0	0	0	0	0	0	0	0	0	0	0	0	0	0	0	0	0	0	0	0	0	0	0	0	0	0	0	0	0	0	0	0	0	0	0	0	0	0	0	0	0	0	0	0	0	0	0	0	0	0	0	0	0	0	0	0	0	0	0	0	0	0	0	0	0	0	0	183256	0	0	0	0	0	0	0	0	0	0	0	0	0	0	0	0	0	0	0	0	0	0	0	0	0	0	0	0	0	0	0	0	0	0	0	0	0	0	0	0	0	0	0	0	0	0	0	0	0	0	0	0	0	0	0	0	0	0	0	0	0	0	0	0	0	0	0	0	0	0	0	0	0	0	0	0	0	0	0	0	0	0	0	0	0	0	0	0	0	0	0	0	0	0	0	0	0	0	0	0	0	0	0	0	0	0	0	0	0	0	0	0	0	0	0	0	0	0	0	0	0	0	0	0	0	0	0	0	0	0	0	0	0	0	0	0	0	192088	0	0	0	0	0	0	0	0	0	0	0	0	0	0	0	0	0	0	0	0	0	0	0	0	0	0	0	0	0	0	0	0	0	0	0	0	0	0	0	0	0	0	0	0	0	0	0	0	0
2025-02-17	0	0	0	0	0	0	0	0	0	0	0	0	0	0	0	0	0	0	0	0	0	0	0	0	0	0	0	0	0	0	0	0	0	0	0	0	0	0	0	0	0	0	0	0	0	0	0	0	0	0	0	0	0	0	0	0	0	0	0	0	0	0	0	0	0	0	0	0	0	0	0	0	0	0	0	0	0	0	0	0	0	0	0	0	0	0	0	0	0	0	0	0	0	0	0	0	0	0	0	0	0	0	0	0	0	0	0	0	0	0	0	0	0	0	0	0	0	0	0	0	0	0	0	0	0	0	0	0	0	0	0	0	0	0	0	0	0	0	0	0	0	0	0	0	0	0	0	0	0	0	0	0	0	0	0	0	0	0	0	0	0	0	0	0	0	0	0	0	0	0	0	0	0	0	0	0	0	0	0	0	0	0	0	0	0	0	0	0	0	0	0	0	0	0	0	0	0	0	0	0	0	0	0	0	0	0	0	0	0	0	0	0	0	0	0	0	0	0	0	0	0	0	0	0	0	0	0	0	0	0	0	0	0	0	0	0	0	0	0	0	0	0	0	0	0	0	0	0	0	0	0	0	0	0	0	0	0	0	0	0	0	0	0	0	0	0	0	0	0	0	0	0	0	0	0	0	0	0	0	0	0	0	0	0	0	0	0	0	0	0	0	0	0	0	0	0	0	0	0	0	0	0	0	0	0	0	0	0	183224	0	0	0	0	0	0	0	0	0	0	0	0	0	0	0	0	0	0	0	0	0	0	0	0	0	0	0	0	0	0	0	0	0	0	0	0	0	0	0	0	0	0	0	0	0	0	0	0	0	0	0	0	0	0	0	0	0
2025-07-21	0	0	192088	0	0	0	0	0	0	0	0	0	0	0	0	0	0	0	0	0	0	0	0	0	0	0	0	0	0	0	192088	0	0	0	0	0	0	0	0	0	0	0	0	0	0	0	0	0	0	0	0	0	0	0	0	0	0	0	0	0	0	0	0	0	0	0	0	0	0	192088	0	0	0	0	0	0	0	0	0	0	0	192088	0	0	0	0	0	0	0	0	0	0	0	0	0	0	0	0	0	0	0	0	0	0	0	0	0	0	0	0	0	0	0	0	0	0	0	0	0	0	0	0	0	0	0	0	0	0	0	0	0	0	0	0	0	0	0	0	0	0	0	0	0	0	0	0	0	0	0	0	0	0	0	0	0	0	0	0	0	0	0	0	0	0	0	0	0	0	0	0	0	0	0	0	0	0	0	0	183256	0	0	0	0	0	0	0	0	0	0	0	0	0	0	0	0	0	0	0	0	192088	0	0	0	0	0	0	0	0	0	192088	0	0	0	192088	0	0	0	0	192088	0	0	0	0	0	0	0	0	0	0	0	0	0	0	0	0	0	0	0	0	0	0	0	0	0	0	0	0	0	183224	0	0	0	0	0	0	192088	0	0	0	0	0	0	0	0	0	0	0	0	0	0	0	0	0	0	0	0	0	0	0	0	0	0	0	0	0	0	0	0	192088	0	0	0	0	0	0	0	0	0	0	0	0	0	0	0	0	0	0	0	183224	0	0	0	0	0	0	0	192088	0	0	0	0	0	0	0	0	194840	0	0	0	0	0	0	0	0	0	0	0	194808	0	0	0	0	0	0	0	0	0	0	0	0	0	0	0	0	0	0	0	0	194840	0	0	0	0	0	0	0
2025-07-28	192088	192960	0	0	0	0	192088	0	192088	0	0	0	192088	192088	0	0	0	192960	0	0	192960	0	192960	0	0	0	0	0	0	192088	0	0	0	0	0	192088	0	192088	0	0	0	192088	0	192088	0	192088	0	0	192088	192088	0	0	192088	0	0	192088	0	0	0	0	0	0	192088	0	192088	192088	0	192088	192088	0	0	0	192088	0	0	192088	192088	192088	0	0	192088	0	0	0	194824	0	0	0	194824	194824	0	0	194824	194824	0	194824	0	0	0	0	0	194824	0	0	194824	0	0	0	0	0	0	194824	0	194824	0	194824	194824	0	0	0	0	0	0	0	0	0	0	192088	0	0	194824	0	0	0	0	0	194824	194824	0	0	0	0	194824	194824	194824	0	0	0	192088	0	0	0	0	192088	0	0	192088	0	0	0	192088	0	192088	0	192088	0	0	0	192088	192088	0	0	0	0	0	0	183256	183272	183256	0	183256	0	183256	183256	0	0	183256	0	0	0	0	0	0	0	192088	0	0	0	192088	0	0	0	0	192088	0	192088	192088	0	192088	0	0	0	0	0	0	192088	0	0	0	0	0	0	0	192088	0	0	0	0	192088	183224	192088	0	0	0	192088	0	192088	0	0	0	0	0	0	0	0	192088	0	0	0	183224	0	0	0	0	192088	0	0	192088	0	0	0	0	0	192088	192088	0	0	0	0	192088	0	192088	0	192088	0	192088	0	192088	192088	0	0	183224	0	0	192088	0	0	0	0	183224	0	183224	0	192088	192088	192088	0	0	0	192088	0	0	0	0	0	183224	0	192088	0	0	0	0	192088	0	0	0	0	0	0	194840	0	0	0	0	0	0	196440	194840	194840	0	194840	0	196440	228440	0	0	0	0	0	0	194840	0	196440	0	228440	194840	194840	0	0	0	194296	196440	0	218856	0	0	0	0	0	194808	194840	0	0	194808	194840	0
2025-08-04	0	0	0	192088	0	0	0	0	0	192088	0	192088	0	0	0	0	192088	0	0	0	0	192088	0	192960	0	192088	192088	192088	0	0	0	0	192088	0	0	0	192088	0	0	0	192088	0	0	0	192088	0	192088	0	0	0	0	0	0	0	0	0	0	192088	0	192088	0	0	0	0	0	0	192088	0	0	0	192088	0	0	0	192088	0	0	0	0	0	0	0	0	0	0	0	0	0	0	0	0	0	0	0	194824	0	194824	0	194824	194824	194824	0	0	0	0	194824	0	0	0	0	0	0	0	0	194824	0	0	0	194824	194824	0	0	0	0	0	0	0	0	0	192088	0	0	192088	0	0	0	0	0	0	0	0	194824	0	0	0	0	194824	0	0	0	0	192088	0	0	0	0	0	0	0	0	0	192088	0	192088	0	192088	0	0	0	0	192088	0	0	0	0	0	0	0	0	0	0	183256	0	0	0	183256	0	0	183256	0	0	0	0	0	0	0	0	0	0	0	192088	0	0	0	0	0	0	192088	0	0	0	0	0	0	192088	0	0	192088	0	192088	192088	0	0	0	192088	0	0	0	0	0	0	0	192088	0	0	0	0	0	192088	0	192088	0	0	0	0	0	0	0	0	0	0	192088	192088	0	0	0	192088	0	0	0	0	0	0	0	0	192088	0	0	0	0	192088	0	192088	0	0	0	192088	0	0	0	0	0	0	0	0	0	0	0	0	0	0	0	183224	0	0	0	0	192088	0	0	0	0	183224	0	0	0	0	0	0	183224	0	192088	0	0	0	0	0	0	0	0	194296	194840	0	0	0	0	0	0	0	0	0	0	0	0	196440	0	0	0	0	218856	0	0	0	0	0	0	0	0	0	0	0	0	196440	0	0	0	194840	0	0	0	0	0	0	0	0	0
2025-08-11	0	0	192088	0	0	192960	0	192088	0	0	0	0	0	0	0	0	0	0	0	192088	0	0	0	0	192088	0	0	0	0	0	0	192088	0	0	0	0	0	0	192088	0	0	0	0	0	0	0	0	192088	0	0	192088	192088	0	0	192088	0	192088	0	0	0	0	0	0	192088	0	0	0	0	0	0	0	192088	0	0	0	0	0	0	0	0	0	0	194824	194824	0	0	0	0	0	0	0	0	0	0	0	0	0	194824	0	0	0	0	194824	0	0	0	194824	194824	194824	194824	0	0	0	0	0	0	0	194824	0	0	0	194824	0	194824	0	192088	194824	0	194824	0	0	0	0	194824	192088	194824	0	0	0	194824	0	0	0	0	0	194824	0	192088	0	192088	0	0	0	0	192088	192088	0	192088	192088	192088	0	0	0	0	0	0	0	192088	0	0	0	192088	192088	183256	0	183272	0	0	0	183256	0	0	0	0	0	0	0	0	0	183256	0	192088	0	0	0	0	192088	192088	0	192088	0	0	0	0	192088	0	0	0	0	0	0	192088	0	0	0	0	0	0	0	0	0	192088	0	0	0	192088	0	0	0	0	0	192088	0	192088	0	192088	0	192088	0	0	0	0	0	0	192088	0	183224	192088	0	0	192088	0	0	192088	0	0	0	0	0	183224	0	0	0	0	0	0	192088	192088	192088	0	0	0	0	0	192088	0	0	0	0	192088	192088	0	192088	0	0	192088	183224	0	0	0	0	0	0	0	0	0	0	0	183224	0	183224	183224	0	183224	183224	0	192088	0	0	0	192088	0	0	183224	0	183224	0	0	196440	0	0	0	0	228440	196440	0	0	0	0	196440	0	228440	0	0	0	194840	194840	0	0	0	0	218856	0	0	0	0	0	194808	194840	218856	0	0	0	0	0	0	0	0	0	0	0	194264	0	0	0	0
2025-08-18	0	0	0	0	192088	0	0	0	0	0	192088	0	0	0	0	0	0	0	192088	0	0	0	0	0	0	0	0	0	0	0	0	0	0	0	0	0	0	0	0	0	0	0	0	0	0	0	0	0	0	0	0	0	0	0	0	0	0	0	192088	0	192088	0	0	0	0	0	0	0	0	0	0	0	0	192088	0	0	0	0	0	0	0	0	0	0	0	194824	0	0	0	0	0	194824	0	0	0	0	0	0	0	0	0	0	0	0	0	0	0	0	0	0	194824	0	194824	0	0	0	0	0	0	0	0	0	0	0	0	0	0	0	0	0	0	194824	0	0	0	0	0	0	194824	0	194824	0	0	0	0	0	0	0	0	0	192088	0	192088	0	0	0	0	0	0	0	0	0	0	0	0	0	192088	0	0	0	0	0	0	0	183256	0	0	0	0	0	0	0	0	0	0	0	0	183256	0	0	0	0	192088	0	0	0	0	0	0	0	0	0	192088	0	0	0	0	0	0	0	0	0	192088	0	0	0	192088	0	0	0	0	0	192088	0	0	0	183224	0	0	0	0	0	0	0	0	0	0	0	0	0	0	192088	0	192088	0	0	0	0	0	0	0	0	0	0	0	0	0	0	0	0	192088	192088	192088	0	0	0	0	0	0	0	0	0	0	0	0	0	0	0	0	0	0	0	0	0	0	0	0	183224	0	0	192088	0	0	0	0	0	192088	0	0	0	0	0	0	0	0	0	0	0	0	0	0	0	0	0	183224	0	0	192088	0	0	0	0	194840	0	0	0	0	0	0	0	0	0	0	0	0	0	0	0	0	0	0	0	0	194824	0	0	0	0	0	0	0	0	0	0	0	0	0	0	0	0	0	0	0	0	0	194840
2025-08-25	0	192960	0	0	0	0	0	0	0	0	0	0	0	0	0	0	0	0	0	0	0	0	192960	192960	0	0	0	192088	0	0	0	0	192088	0	0	0	192088	0	0	0	0	0	0	0	0	0	192088	0	0	0	0	0	0	0	0	192088	0	0	0	192088	0	0	0	0	0	0	0	0	192088	0	0	0	0	0	0	0	0	0	0	0	192088	0	0	0	0	0	194824	194824	0	0	0	0	0	0	0	0	0	0	0	0	0	0	194824	0	0	0	194824	0	0	194824	0	0	0	0	194824	194824	194824	0	0	0	0	0	0	0	0	192088	0	0	0	192088	0	0	0	0	0	0	0	0	0	0	0	194824	0	0	194824	0	194824	0	0	0	0	0	0	0	0	0	0	0	0	0	0	0	0	0	0	0	0	0	0	0	0	0	0	0	0	0	0	0	0	0	0	0	0	0	0	0	0	0	0	0	0	192088	0	0	0	0	0	0	0	0	192088	0	0	0	0	0	0	0	0	0	0	0	0	0	192088	0	0	192088	0	0	0	0	0	0	0	0	0	0	192088	183224	0	0	0	0	0	192088	0	192088	0	0	0	0	0	0	0	0	0	192088	0	183224	0	0	0	192088	0	0	192088	0	0	0	0	0	0	0	0	0	0	0	0	0	0	0	0	0	0	0	0	192088	0	0	0	183224	0	0	0	192088	0	0	0	0	0	0	0	0	0	0	0	192088	183224	0	0	0	0	0	0	0	0	0	0	0	0	0	0	0	0	0	0	0	0	0	0	0	0	0	196440	0	0	0	0	0	0	0	0	228440	196440	0	0	0	0	218856	0	0	196440	0	0	0	194840	0	0	0	0	0	0	218856	0	0	194840	0	0	0	0	0	0	0	0	0
2025-09-01	0	0	0	0	0	192960	0	192088	0	0	0	0	0	0	0	0	0	0	0	192088	0	0	0	0	0	0	0	0	192960	0	0	0	0	0	0	192088	0	0	0	0	192088	0	0	0	0	192088	0	0	0	0	0	0	0	0	0	0	0	0	0	0	0	192088	0	192088	0	192088	0	0	0	0	0	0	0	0	0	0	192088	0	0	0	0	0	194824	0	0	0	194824	194824	0	0	194824	0	0	0	0	0	0	0	0	0	0	0	0	0	0	0	0	0	0	0	0	0	0	0	0	0	0	0	0	0	194824	0	0	194824	0	0	0	0	0	0	0	0	192088	194824	192088	0	194824	0	0	0	0	0	0	0	0	0	0	192088	0	192088	0	0	0	192088	0	0	192088	0	0	0	0	0	0	0	0	0	0	0	192088	0	0	0	0	0	0	0	0	0	0	0	0	0	0	0	0	0	0	0	0	0	0	0	0	0	0	192088	0	0	0	0	0	192088	0	0	0	0	0	192088	0	0	0	0	0	0	0	0	0	0	0	0	192088	0	0	0	192088	0	0	0	0	0	0	192088	0	192088	192088	0	0	0	0	0	0	0	0	0	0	0	183224	0	0	0	0	0	0	0	0	0	0	0	192088	0	0	0	0	0	0	0	0	0	0	0	0	0	0	0	0	0	0	0	0	0	0	0	0	0	0	0	0	0	0	0	0	0	0	0	0	0	0	0	0	192088	0	183224	0	0	0	0	0	0	0	0	0	0	0	0	0	0	0	0	0	194840	0	0	0	0	0	0	196440	0	194840	0	0	0	196440	0	0	0	0	0	196440	0	194840	0	0	0	0	0	0	0	194840	0	0	0	0	0	0	196440	0	228440	0	0	0	0	0	0	0	0
2025-09-08	0	0	0	0	0	0	0	0	0	0	0	0	0	0	192088	192088	0	0	0	0	0	0	0	0	0	0	0	0	0	0	0	0	0	192088	192088	0	0	0	0	192088	0	0	192088	0	0	0	0	0	0	0	0	0	0	192088	0	0	0	0	0	0	0	0	0	0	192088	0	0	192088	0	0	0	0	0	0	0	192088	0	0	192088	192088	0	0	0	0	0	0	0	0	0	194824	0	194824	194824	0	0	0	0	0	0	0	194824	194824	0	194824	0	0	0	0	0	0	0	0	0	0	0	0	0	0	0	0	0	0	194824	0	194824	0	0	0	0	0	0	0	0	0	0	0	0	194824	0	0	0	0	0	194824	0	0	0	0	0	0	0	0	0	0	0	0	0	0	0	0	0	0	0	0	0	0	0	0	0	0	192088	0	0	0	0	0	0	0	0	0	0	183256	0	0	183256	183256	0	0	0	0	183256	0	0	192088	0	0	0	0	0	0	0	0	192088	0	0	0	0	0	0	0	192088	0	0	0	0	0	0	0	0	0	0	0	0	0	0	0	0	183224	0	0	0	0	0	0	0	0	0	0	0	192088	0	0	192088	0	0	0	0	0	0	0	0	0	0	0	0	0	0	0	0	0	0	0	0	0	0	0	0	0	0	0	0	0	0	0	0	0	0	0	0	0	0	0	0	192088	0	0	0	0	0	0	0	0	0	0	0	0	0	0	0	0	0	0	0	0	0	0	0	0	0	0	0	0	0	0	0	0	0	0	0	0	194296	0	0	0	0	0	0	0	0	0	194840	0	0	0	0	0	0	0	0	0	0	0	0	0	0	0	0	0	0	0	0	196440	0	0	194840	0	0	0	0	0	0	0	218856	0	0	0
2025-10-06	0	0	0	0	0	0	0	0	0	0	0	0	0	0	0	0	0	0	0	0	0	0	0	0	0	0	0	0	0	0	0	768352	0	0	0	0	0	0	0	0	0	0	0	0	0	0	0	0	0	0	0	0	0	0	0	0	0	0	0	0	0	0	0	0	0	0	0	0	0	0	0	0	0	0	0	0	0	0	0	0	0	0	0	0	0	0	0	0	0	0	0	0	0	0	0	0	0	0	0	0	0	0	0	0	0	0	0	0	0	0	0	0	0	0	0	0	0	0	0	0	0	0	0	0	0	0	0	0	0	0	0	0	0	0	0	0	0	0	0	0	0	0	0	0	0	0	0	0	0	0	0	0	0	0	0	0	0	0	0	0	0	0	0	0	0	0	0	0	0	0	0	0	0	0	0	0	0	0	0	0	0	0	0	0	0	0	0	0	0	0	0	0	0	0	0	0	0	0	0	0	0	0	0	0	0	0	0	0	0	0	0	0	0	0	0	0	0	0	0	0	0	0	0	0	0	0	0	0	0	0	0	0	0	0	0	0	0	0	0	0	0	0	0	0	0	0	0	0	0	0	0	0	0	0	0	0	0	0	0	0	0	0	0	0	0	0	0	0	0	0	0	0	0	0	0	0	0	0	0	0	0	0	0	0	0	0	0	0	0	0	0	0	0	0	0	0	0	0	0	0	0	0	0	0	0	0	0	0	0	0	0	0	0	0	0	0	0	0	0	0	0	0	0	0	0	0	0	0	0	0	0	0	0	0	0	0	0	0	0	0	0	0	0	0	0	0	0	0	0	0	0	196440	0	0	0	0	0	0	0	0	0	0	0	0	0	0
2025-11-10	0	0	0	0	0	0	0	0	0	0	0	0	0	0	0	0	0	0	0	0	0	0	0	0	0	0	0	0	0	0	0	0	0	0	0	0	0	0	0	0	0	0	0	0	0	0	0	0	0	0	0	0	0	0	0	0	0	0	0	0	0	0	0	0	0	0	0	0	0	0	0	0	0	0	0	0	0	0	0	0	0	0	0	0	0	0	0	0	0	0	0	0	0	0	0	0	0	0	0	0	0	0	0	0	0	0	0	0	0	0	0	0	0	0	0	0	0	0	0	194824	0	0	0	0	0	0	0	0	0	0	0	0	0	0	0	0	0	0	0	0	0	0	0	0	0	0	0	0	0	0	0	0	0	0	0	0	0	0	0	0	0	0	0	0	0	0	0	0	0	0	0	0	0	0	0	0	0	0	0	0	0	0	0	0	0	0	0	0	0	0	0	0	0	0	0	0	0	0	0	0	0	0	0	0	0	0	0	0	0	0	0	0	0	0	0	0	0	0	0	0	0	0	0	0	0	0	0	0	0	0	0	0	0	0	0	0	0	0	0	0	0	0	0	0	0	0	0	0	0	0	0	0	0	0	0	0	0	0	0	0	0	0	0	0	0	0	0	0	0	0	0	0	0	0	0	0	0	0	0	0	0	0	0	0	0	0	0	0	0	0	0	0	0	0	0	0	0	0	0	0	0	0	0	0	0	0	0	0	0	0	0	0	0	0	0	0	0	0	0	0	0	0	0	0	0	0	0	0	0	0	0	0	0	0	0	0	0	0	0	0	0	0	0	0	0	0	0	0	0	0	0	0	0	0	0	0	0	0	0	0	0	0	0	0	0	0
2025-12-01	0	0	0	0	0	0	0	0	0	0	0	0	0	0	0	0	0	0	0	0	0	0	0	0	0	0	0	0	0	0	0	0	0	0	0	0	0	0	0	0	0	0	0	0	0	0	0	0	0	0	0	0	0	0	0	0	0	0	0	0	0	0	0	0	0	0	0	0	0	0	0	0	0	0	0	0	0	0	0	0	0	0	0	0	0	0	0	0	0	0	0	0	0	0	0	0	0	0	0	0	0	0	0	0	0	0	0	0	0	0	0	0	0	0	0	0	0	194824	0	0	0	0	0	0	0	0	0	0	0	0	0	0	0	0	0	0	0	0	0	0	0	0	0	0	0	0	0	0	0	0	0	0	0	0	0	0	0	0	0	0	0	0	0	0	0	0	0	0	0	0	0	0	0	0	0	0	0	0	0	0	0	0	0	0	0	0	0	0	0	0	0	0	0	0	0	0	0	0	0	0	0	0	0	0	0	0	0	0	0	0	0	0	0	0	0	0	0	0	0	0	0	0	0	0	0	0	0	0	0	0	0	0	0	0	0	0	0	0	0	0	0	0	0	0	0	0	0	0	0	0	0	0	0	0	0	0	0	0	0	0	0	0	0	0	0	0	0	0	0	0	0	0	0	0	0	0	0	0	0	0	0	0	0	0	0	0	0	0	0	0	0	0	0	0	0	0	0	0	0	0	0	0	0	0	0	0	0	0	0	0	0	0	0	0	0	0	0	0	0	0	0	0	0	0	0	0	0	0	0	0	0	0	0	0	0	0	0	0	0	0	0	0	0	0	0	0	0	0	0	0	0	0	0	0	0	0	0	0	0	0	0	0	0	0	0	0
2025-12-08	0	0	192088	0	0	0	0	0	0	0	0	0	0	0	0	0	0	0	0	0	0	0	0	0	0	0	0	0	0	0	0	0	0	0	0	0	0	0	0	0	0	0	0	0	0	0	0	0	0	0	0	0	0	0	0	0	0	0	0	0	0	0	0	0	0	0	0	0	0	0	0	192088	0	0	0	0	0	0	0	0	0	0	0	0	0	0	0	0	0	0	0	0	0	0	0	0	0	0	0	0	0	0	0	0	0	0	0	0	0	0	0	0	0	0	0	0	0	0	0	0	0	0	0	0	0	0	0	0	0	0	0	0	0	0	0	0	0	0	0	0	0	0	0	0	0	0	0	0	0	0	0	0	0	0	0	0	0	0	0	0	0	0	0	0	0	0	0	0	0	0	0	0	0	0	0	0	0	0	183256	0	0	0	0	0	0	0	0	0	0	0	0	0	0	0	0	0	0	0	0	0	0	0	0	0	0	0	0	0	0	0	0	0	0	192088	0	0	0	0	0	0	0	0	0	0	0	0	0	0	0	0	0	0	0	0	0	0	0	0	0	0	0	0	0	0	0	0	0	0	183224	0	0	0	0	0	0	192088	0	0	0	0	0	0	0	0	0	0	0	0	0	0	0	0	0	0	0	0	0	0	0	0	0	0	0	0	0	0	0	0	192088	0	0	0	0	0	0	0	0	0	0	0	0	0	0	0	0	0	0	0	183224	0	0	0	0	0	0	0	192088	0	0	0	0	0	0	0	0	194840	0	0	0	0	0	0	0	0	0	0	0	194808	0	0	0	0	0	0	0	0	0	0	0	0	0	0	0	0	0	0	0	0	194840	0	0	0	0	0	0	0
2025-12-15	768352	771840	768352	768352	960440	771840	960440	768352	768352	768352	768352	768352	768352	768352	768352	768352	960440	771840	768352	768352	771840	960440	771840	771840	768352	768352	768352	768352	771840	768352	960440	768352	768352	768352	768352	768352	768352	960440	768352	768352	768352	768352	768352	960440	768352	768352	768352	768352	960440	768352	960440	768352	768352	768352	768352	768352	768352	768352	768352	768352	768352	768352	960440	768352	768352	768352	768352	768352	768352	960440	768352	768352	768352	768352	768352	768352	768352	960440	768352	768352	768352	960440	779296	779296	779296	779296	779296	779296	779296	779296	779296	779296	779296	779296	779296	974120	974120	974120	779296	779296	779296	779296	779296	779296	779296	779296	779296	974120	779296	779296	779296	779296	974120	974120	779296	779296	779296	974120	779296	974120	779296	779296	779296	779296	779296	768352	974120	768352	779296	768352	779296	779296	768352	779296	768352	779296	779296	779296	974120	779296	779296	779296	779296	779296	779296	779296	779296	768352	768352	768352	768352	960440	768352	768352	768352	768352	768352	768352	768352	768352	768352	768352	768352	768352	768352	768352	960440	768352	768352	768352	768352	960440	960440	916280	733024	733088	733024	733088	733024	733024	733024	733024	733024	733024	733024	733024	733024	733024	916280	733024	733024	768352	768352	768352	768352	768352	768352	768352	960440	960440	768352	768352	768352	768352	768352	768352	960440	768352	768352	960440	768352	768352	768352	768352	768352	768352	768352	768352	960440	960440	768352	768352	768352	768352	768352	768352	732896	732896	768352	732896	768352	768352	768352	768352	768352	768352	768352	768352	960440	768352	960440	960440	768352	960440	768352	768352	732896	768352	732896	732896	960440	960440	768352	768352	960440	768352	768352	960440	768352	732896	960440	768352	768352	960440	960440	768352	960440	768352	768352	768352	768352	768352	768352	768352	768352	960440	768352	768352	768352	768352	768352	732896	960440	768352	768352	768352	732896	732896	768352	732896	768352	732896	732896	768352	768352	768352	960440	768352	732896	768352	732896	732896	732896	732896	732896	732896	768352	768352	732896	732896	960440	768352	768352	916120	732896	732896	768352	768352	785760	779360	777184	779360	779360	913760	785760	779360	785760	779360	779360	785760	779360	913760	785760	913760	785760	974200	779360	779232	785760	875424	779360	875424	982200	779296	913760	779360	779360	779232	779360	875424	777184	785760	785760	875424	779360	785760	779360	913760	779360	779232	779360	971320	875424	779232	974200	779360
2025-12-22	0	0	0	0	0	0	0	0	0	0	0	0	0	0	0	0	0	0	0	0	0	0	0	0	0	192088	0	0	0	0	0	0	0	0	0	0	0	0	0	0	0	0	0	0	0	0	0	0	0	0	0	0	0	0	192088	0	0	192088	0	0	0	0	0	0	0	0	0	0	0	0	0	0	0	0	0	0	0	0	0	0	0	0	0	0	0	0	0	0	0	0	0	0	0	0	0	0	0	0	0	194824	0	0	0	0	0	194824	0	0	194824	0	0	0	0	0	0	0	0	0	194824	0	0	0	0	0	0	0	0	0	0	0	194824	0	0	0	0	194824	0	0	0	0	0	0	194824	0	0	0	0	0	0	0	0	0	192088	0	0	0	0	0	0	0	192088	192088	192088	192088	192088	0	0	0	0	0	0	0	0	0	183256	0	0	0	0	0	183256	0	183256	183256	0	0	0	0	0	0	0	0	192088	0	0	0	0	0	0	0	0	0	0	0	0	0	0	0	0	0	0	192088	0	0	0	0	0	0	0	0	0	0	0	0	0	0	0	0	0	0	0	0	0	0	0	0	192088	0	0	0	0	0	0	0	0	0	0	0	0	0	0	0	192088	0	0	0	0	0	0	0	0	192088	0	0	0	192088	0	192088	0	0	0	0	192088	0	0	0	0	0	0	0	0	0	0	0	0	0	183224	0	0	0	0	0	0	0	0	0	0	0	0	0	0	0	0	0	0	0	192088	0	0	183224	0	0	0	0	0	183224	0	192088	0	0	0	0	0	0	0	0	0	0	0	0	0	0	0	0	0	0	0	0	0	0	0	0	0	0	0	0	0	0	0	0	0	0	0	0	0	0	0	0	0	0	0	0	0	0	0	0
2025-12-29	0	0	0	192088	0	0	0	0	0	0	0	0	192088	0	0	0	0	0	192088	0	0	0	0	0	0	0	192088	0	0	0	0	0	0	0	0	0	0	0	0	0	0	192088	0	0	192088	0	0	0	0	0	0	192088	0	0	0	0	192088	0	0	0	0	0	0	0	0	0	192088	0	0	0	192088	0	0	192088	192088	0	0	0	0	0	0	0	0	0	0	194824	0	0	0	0	0	0	0	0	0	0	0	0	194824	0	0	0	0	0	194824	0	0	0	0	0	194824	194824	0	0	0	0	0	0	0	0	0	0	0	0	0	0	0	192088	0	0	0	0	0	0	0	0	0	0	0	194824	194824	0	0	0	0	0	0	0	0	0	0	0	0	0	192088	0	0	0	192088	0	0	0	0	0	0	192088	0	0	0	192088	0	0	0	0	0	0	0	0	0	0	0	0	0	0	0	0	183256	0	0	183256	0	0	0	0	0	0	0	192088	0	0	0	0	0	0	192088	192088	0	0	192088	0	0	0	192088	0	0	192088	0	0	0	0	0	192088	192088	0	0	0	183224	0	0	0	0	0	192088	0	0	0	0	0	0	0	0	0	0	0	0	0	0	0	0	0	0	0	0	0	0	0	0	0	0	183224	0	0	192088	0	0	0	0	0	0	192088	0	0	0	192088	0	0	0	0	192088	192088	192088	0	0	0	0	0	0	0	0	183224	192088	0	183224	0	0	192088	0	0	0	0	0	0	183224	183224	183224	0	0	192088	0	0	0	192088	0	0	0	0	0	0	196440	0	0	0	194840	228440	0	0	0	0	0	196440	0	228440	0	0	0	0	0	0	0	0	0	218856	0	194824	0	194840	0	0	0	218856	0	0	0	0	0	0	0	0	0	0	0	0	0	0	0	0
2026-01-05	0	0	0	0	0	0	0	0	0	192088	192088	192088	0	192088	0	0	0	192960	0	0	192960	0	0	0	0	0	0	0	0	0	0	0	0	0	0	0	0	0	0	0	0	0	0	0	0	0	0	0	0	0	0	0	0	0	0	0	0	0	192088	0	0	0	0	0	0	0	0	0	0	0	0	192088	0	0	0	0	0	0	0	0	0	0	0	0	194824	0	0	0	0	0	0	0	0	0	194824	0	0	0	0	0	0	0	0	0	0	0	0	0	0	0	0	0	0	0	0	0	0	0	0	0	0	0	0	0	0	0	0	0	194824	0	0	194824	0	0	0	0	0	0	0	0	0	0	0	0	0	194824	0	0	192088	0	192088	0	0	0	0	192088	0	192088	0	192088	0	0	0	0	0	0	0	0	0	0	0	0	0	0	0	183272	183256	0	0	183256	0	0	0	0	0	0	0	183256	0	0	0	0	0	0	192088	0	0	0	0	0	0	0	0	192088	0	0	0	0	0	0	0	0	0	0	0	0	192088	0	0	0	0	0	0	0	0	192088	0	0	0	0	0	0	0	0	0	0	0	0	0	0	0	0	0	0	192088	0	0	0	0	0	0	0	0	0	0	0	0	0	0	0	0	0	0	0	0	0	0	0	192088	0	0	0	0	0	0	0	192088	0	0	0	0	0	0	0	192088	0	0	183224	0	0	0	0	0	0	192088	0	0	0	0	0	183224	0	0	0	0	0	0	0	0	0	0	0	0	0	183224	0	0	0	0	0	0	0	0	0	0	0	0	194840	0	0	0	0	0	0	0	0	194840	0	0	0	0	0	0	0	228440	0	0	0	0	0	194296	0	0	0	0	0	0	0	0	194808	0	0	0	0	0	194840
2026-01-12	576264	578880	1728792	576264	576264	578880	576264	576264	768352	576264	576264	576264	576264	576264	576264	576264	576264	578880	576264	576264	578880	576264	578880	578880	576264	576264	576264	576264	578880	576264	1152528	576264	576264	576264	576264	576264	576264	576264	768352	576264	576264	576264	576264	576264	576264	576264	576264	768352	576264	576264	576264	576264	768352	576264	576264	576264	576264	576264	576264	576264	576264	768352	576264	576264	576264	576264	576264	576264	576264	1152528	576264	576264	768352	576264	576264	576264	576264	576264	576264	576264	576264	576264	584472	779296	584472	584472	584472	584472	584472	584472	584472	584472	584472	584472	584472	584472	584472	584472	584472	584472	584472	584472	584472	584472	584472	584472	584472	584472	584472	584472	584472	584472	584472	584472	584472	584472	584472	584472	584472	584472	584472	584472	584472	584472	584472	576264	584472	576264	584472	576264	584472	584472	576264	584472	576264	584472	584472	584472	584472	584472	584472	584472	584472	584472	584472	584472	584472	576264	576264	576264	576264	576264	576264	576264	576264	576264	576264	576264	576264	576264	576264	576264	576264	576264	576264	576264	576264	768352	576264	576264	576264	576264	576264	549768	549768	549816	549768	549816	1099536	549768	549768	549768	549768	549768	549768	549768	549768	549768	549768	549768	549768	576264	576264	576264	576264	576264	768352	576264	576264	1152528	576264	576264	576264	576264	576264	576264	576264	576264	576264	576264	576264	576264	576264	576264	576264	576264	576264	576264	1152528	576264	576264	576264	576264	576264	576264	576264	549672	549672	576264	549672	576264	576264	576264	576264	576264	576264	576264	576264	576264	576264	576264	576264	576264	576264	576264	576264	549672	576264	1099344	549672	576264	576264	576264	576264	576264	576264	576264	576264	576264	549672	576264	576264	576264	576264	576264	576264	576264	576264	576264	576264	576264	576264	576264	576264	576264	576264	576264	576264	576264	576264	576264	549672	576264	576264	576264	576264	549672	549672	1152528	549672	576264	549672	549672	576264	576264	576264	576264	576264	549672	576264	549672	549672	549672	549672	549672	549672	576264	576264	1099344	549672	576264	576264	576264	549672	549672	549672	1152528	576264	589320	584520	582888	584520	584520	685320	589320	1169040	589320	584520	584520	589320	584520	685320	589320	685320	589320	584520	584520	1168848	589320	656568	584520	656568	589320	584472	685320	584520	584520	779232	584520	656568	582888	589320	589320	656568	584520	589320	584520	685320	584520	584424	584520	582792	656568	584424	584520	584520
2026-01-19	192088	192960	0	0	0	0	0	0	0	0	0	0	0	0	0	0	0	0	0	192088	0	0	192960	0	192088	0	0	0	192960	192088	0	192088	0	0	0	192088	0	0	0	0	0	0	0	0	0	192088	0	0	0	192088	0	0	0	0	0	0	0	0	0	0	192088	0	0	192088	192088	192088	0	0	192088	0	0	0	0	0	0	192088	0	0	0	0	192088	0	194824	0	0	0	194824	194824	194824	0	194824	0	0	194824	0	0	0	0	0	0	0	0	0	0	0	0	0	0	0	0	0	0	0	0	194824	0	0	0	0	0	194824	194824	194824	0	0	0	0	0	0	0	0	0	0	0	192088	0	0	0	0	0	0	194824	0	194824	194824	0	194824	0	0	0	0	0	0	0	0	0	0	0	0	0	0	0	0	0	0	0	0	0	192088	0	0	0	0	0	0	0	0	183272	0	0	0	0	0	0	0	0	0	0	0	0	0	0	0	0	0	0	0	0	0	0	192088	192088	192088	0	0	0	0	192088	0	0	0	0	0	0	0	0	0	0	0	0	0	0	0	192088	192088	0	0	0	192088	0	192088	192088	0	0	0	0	0	192088	0	0	0	0	0	0	0	0	0	0	0	0	0	0	0	0	0	0	0	0	0	0	0	0	0	0	0	0	0	0	0	0	192088	192088	0	0	192088	0	0	0	0	0	0	0	0	0	0	0	0	0	0	0	0	183224	0	192088	0	0	0	0	183224	0	0	0	0	0	0	183224	0	0	0	0	0	0	192088	0	0	0	0	0	0	0	0	194840	0	0	0	0	0	0	0	0	0	0	0	228440	0	0	0	0	196440	0	194840	0	0	0	0	0	0	0	194840	0	0	0	196440	0	0	196440	0	0	0	0	0	0	0	194808	0	0
2026-01-26	0	0	0	0	0	192960	0	192088	0	0	0	0	0	0	192088	192088	0	0	0	0	0	0	0	192960	0	0	0	192088	0	0	0	0	192088	192088	192088	0	192088	0	0	192088	192088	0	192088	0	0	0	192088	0	0	0	0	0	0	192088	0	192088	0	0	0	192088	0	0	0	0	0	0	0	192088	0	0	0	0	0	0	0	0	192088	0	192088	192088	0	0	0	0	0	0	0	0	0	194824	0	194824	194824	0	0	0	0	0	0	0	194824	194824	194824	194824	0	0	194824	0	0	194824	0	0	0	0	0	194824	194824	0	0	0	0	0	0	194824	194824	192088	0	0	0	192088	0	0	192088	194824	0	0	194824	194824	0	0	0	0	0	0	0	0	0	192088	0	192088	0	0	0	192088	0	0	192088	0	0	0	0	0	0	0	0	0	0	0	0	0	192088	0	0	0	0	0	0	0	0	0	0	183256	0	0	183256	183256	0	0	0	0	183256	192088	0	192088	0	192088	0	0	0	0	0	0	0	0	0	0	0	0	0	0	192088	0	0	0	192088	0	0	192088	0	0	192088	0	0	0	0	0	0	183224	0	183224	0	0	0	192088	192088	192088	0	0	0	192088	0	0	192088	0	0	192088	183224	192088	0	183224	0	0	0	192088	0	0	192088	0	192088	0	0	0	0	0	0	0	0	0	0	0	0	0	0	0	0	0	0	192088	0	0	0	183224	0	192088	0	192088	0	0	0	0	0	0	0	0	0	0	0	192088	0	192088	0	183224	0	0	0	0	0	0	0	0	0	0	0	0	0	0	0	0	0	194840	194296	0	0	0	196440	0	196440	0	194840	0	194840	0	196440	0	196440	0	0	0	0	218856	0	0	0	0	0	0	194840	0	0	0	0	196440	0	218856	194840	0	194840	228440	0	0	194840	0	218856	0	0	0
2026-02-16	0	0	0	0	0	0	0	0	0	0	0	0	0	0	0	0	0	0	0	0	0	0	0	0	0	0	0	0	0	0	588976	588976	588976	588976	588976	588976	588976	588976	588976	588976	0	0	0	0	0	0	0	0	0	0	0	0	0	0	0	0	0	0	0	0	0	0	0	0	0	0	0	0	0	0	0	0	0	0	0	0	0	0	0	0	0	0	0	0	0	0	0	0	0	0	0	0	0	0	0	0	0	0	0	0	0	0	0	0	0	0	0	0	0	0	0	0	0	0	0	0	0	0	0	0	0	0	0	0	0	0	0	0	0	0	0	0	0	0	0	0	0	0	0	0	0	0	0	0	0	0	0	0	0	0	0	0	0	0	0	0	0	0	0	0	0	0	0	0	0	0	0	0	0	0	0	0	0	0	0	0	0	0	0	0	0	0	0	0	0	0	0	0	0	0	0	0	0	0	0	0	0	0	0	0	0	0	0	0	0	0	0	0	0	0	0	0	0	0	0	0	0	0	0	0	0	0	0	0	0	0	0	0	0	0	0	0	0	0	0	0	0	0	0	0	0	0	0	0	0	0	0	0	0	0	0	192088	0	0	0	0	0	0	0	0	0	0	0	0	0	0	0	0	0	0	0	0	0	0	0	0	0	0	0	0	0	0	0	0	0	0	0	0	0	0	0	0	0	0	0	0	0	0	0	0	0	0	0	0	0	0	0	0	0	0	0	0	0	0	0	0	0	0	0	0	0	0	0	0	0	0	0	0	0	0	0	0	0	0	0	0	0	0	0	0	0	0	0	0	0	0	0	0	0	0	0	0	0	0	0	0	0	0	0	0	0	0	0	0	0	0
2026-02-23	588976	590720	588976	973152	588976	0	384176	384176	384176	0	0	0	0	384176	768352	0	0	0	0	384176	385920	0	385920	0	0	384176	192088	384176	0	0	0	0	0	384176	384176	0	384176	384176	0	384176	0	384176	0	0	0	0	384176	0	0	0	384176	0	0	0	384176	0	384176	384176	0	0	768352	0	192088	0	384176	0	576264	0	384176	384176	384176	0	0	384176	0	0	384176	0	0	768352	384176	0	0	0	0	0	0	0	0	0	0	0	389648	0	0	389648	0	0	0	0	0	0	389648	389648	0	0	0	389648	389648	0	0	389648	0	0	0	0	0	389648	389648	0	389648	0	389648	389648	0	384176	0	0	0	768352	0	0	0	389648	0	0	0	0	0	389648	0	0	0	389648	389648	0	0	0	0	0	0	0	0	0	0	384176	384176	0	0	0	192088	0	0	384176	384176	0	0	0	0	0	0	0	384176	0	366512	366544	0	0	366512	0	0	366512	366512	366512	0	0	0	0	366512	0	0	384176	384176	0	384176	384176	0	384176	0	0	0	0	384176	0	384176	0	0	384176	0	0	0	0	0	384176	384176	384176	0	384176	0	384176	0	384176	0	384176	0	0	0	366448	0	366448	384176	0	384176	0	384176	384176	0	384176	0	0	0	384176	384176	384176	192088	384176	0	0	183224	0	384176	0	0	384176	0	384176	384176	384176	384176	366448	0	384176	0	0	0	384176	0	0	0	384176	384176	0	0	0	0	384176	384176	0	0	384176	384176	0	0	0	384176	384176	0	0	384176	366448	384176	183224	0	0	0	0	0	384176	366448	0	0	366448	0	366448	0	0	0	576264	366448	366448	0	0	0	366448	366448	0	384176	384176	0	0	0	0	0	913760	392880	0	0	389680	389680	392880	389680	456880	0	0	0	389680	0	0	0	437712	0	0	0	389648	0	0	0	0	389680	437712	0	0	589320	0	0	196440	389680	456880	389680	389616	0	0	437712	0	0	389680
2026-03-02	384176	0	384176	0	768352	385920	0	0	0	0	384176	384176	384176	0	0	384176	384176	385920	384176	0	0	384176	0	385920	384176	0	384176	0	385920	384176	384176	384176	0	0	0	0	0	0	384176	0	384176	0	384176	384176	384176	384176	0	384176	0	0	0	768352	384176	384176	0	384176	0	0	384176	384176	0	384176	384176	384176	0	384176	0	384176	0	0	0	384176	384176	576264	0	0	0	384176	384176	0	384176	384176	389648	389648	389648	0	389648	0	325840	389648	389648	389648	0	0	0	0	0	389648	389648	389648	389648	389648	0	0	389648	0	389648	0	0	389648	0	0	389648	389648	389648	389648	389648	0	0	0	0	389648	0	0	389648	0	0	384176	389648	0	389648	389648	384176	0	384176	389648	389648	389648	0	0	389648	389648	389648	0	0	0	389648	0	384176	384176	0	384176	768352	384176	384176	0	0	384176	384176	384176	384176	384176	0	384176	0	384176	384176	384176	384176	384176	384176	384176	384176	0	0	366544	0	366544	0	366512	366512	0	0	0	366512	0	366512	366512	0	366512	366512	0	0	0	384176	0	384176	0	0	384176	384176	384176	0	384176	0	384176	384176	0	384176	384176	0	0	384176	0	0	0	0	0	384176	0	0	0	384176	0	384176	384176	366448	0	384176	0	0	0	0	0	0	0	384176	0	384176	0	0	0	0	0	0	0	0	384176	0	366448	0	0	384176	0	384176	384176	0	0	0	0	384176	0	384176	0	384176	0	384176	384176	384176	0	384176	384176	384176	384176	576264	0	0	384176	384176	0	384176	366448	384176	384176	0	0	366448	366448	0	0	0	0	0	768352	384176	384176	384176	0	0	384176	366448	0	366448	0	366448	366448	576264	0	366448	0	384176	384176	384176	0	0	366448	0	0	0	0	388592	389680	389680	0	0	389680	392880	0	0	0	0	0	392880	456880	0	0	389680	389616	0	0	389680	0	0	0	0	389680	389680	0	0	0	388592	0	0	437712	389680	392880	0	0	0	0	779360	0	0	389616	0	0
2026-03-09	0	385920	0	0	0	0	0	0	0	384176	0	0	0	0	0	0	0	0	0	0	0	0	0	0	0	0	0	0	0	0	0	0	384176	0	0	384176	0	0	0	0	0	0	0	0	0	0	0	0	384176	384176	0	0	0	0	192088	0	0	0	0	0	0	0	0	0	0	0	0	0	0	0	0	0	0	0	384176	384176	0	0	0	0	0	0	0	0	0	389648	0	389648	0	0	0	0	0	389648	389648	0	389648	0	0	0	0	0	0	0	0	389648	0	0	0	0	389648	0	0	0	0	0	0	0	0	389648	0	0	0	0	0	0	779296	0	0	0	0	0	0	0	0	0	0	0	389648	0	0	0	0	0	0	389648	0	384176	0	0	384176	0	0	0	0	0	0	0	0	0	0	0	384176	0	0	0	0	0	0	0	0	0	0	366512	0	0	366512	0	0	0	0	0	0	0	0	733024	0	0	0	0	0	0	0	384176	0	0	0	0	384176	0	192088	0	0	0	0	0	0	0	0	0	384176	384176	0	0	0	0	384176	0	0	0	384176	0	0	0	0	0	0	0	0	0	0	768352	0	384176	0	0	0	0	0	384176	384176	0	0	0	384176	0	366448	0	366448	0	0	384176	0	0	0	0	0	0	0	0	0	0	0	384176	0	0	0	0	0	0	0	0	0	0	0	0	0	0	0	0	0	0	0	0	0	0	0	0	0	0	0	366448	366448	0	0	0	0	0	0	0	0	0	0	0	0	0	0	0	0	0	0	0	0	0	0	0	0	0	392880	389680	0	0	0	0	0	0	0	0	0	0	0	0	0	0	392880	0	0	0	392880	0	0	437712	392880	194824	456880	0	0	389616	0	0	0	392880	0	0	0	0	0	0	0	0	0	388528	0	0	389680	0
2026-03-16	0	0	384176	384176	384176	0	384176	0	0	0	0	0	384176	0	0	0	384176	0	384176	0	0	384176	0	0	0	384176	384176	0	0	0	384176	0	0	0	0	0	0	384176	0	0	0	384176	0	384176	384176	0	0	0	384176	0	384176	384176	0	0	384176	0	384176	384176	192088	0	0	0	384176	0	0	0	384176	0	0	384176	0	192088	0	384176	0	0	0	384176	0	0	0	384176	0	0	389648	389648	0	0	0	0	0	0	0	0	0	389648	389648	389648	0	389648	0	0	0	194824	0	389648	0	389648	389648	0	0	0	389648	389648	0	0	0	389648	389648	389648	0	0	0	0	0	0	389648	384176	0	0	389648	0	0	0	0	389648	0	0	389648	584472	389648	0	389648	0	0	0	0	0	0	0	0	384176	384176	0	384176	0	0	192088	384176	0	384176	384176	384176	384176	384176	384176	384176	0	0	192088	0	384176	384176	366512	366512	0	0	0	366512	183256	366512	0	366512	366512	0	0	366512	0	366512	366512	0	0	384176	0	0	0	0	384176	384176	384176	0	0	0	0	384176	576264	384176	0	384176	384176	0	384176	0	384176	0	0	0	0	384176	384176	0	384176	384176	0	0	0	366448	0	0	0	0	0	384176	0	0	0	384176	0	384176	0	384176	384176	0	384176	0	0	0	0	366448	0	384176	384176	384176	0	384176	384176	0	384176	192088	366448	384176	384176	384176	384176	384176	384176	384176	384176	0	0	0	0	384176	0	0	384176	0	0	384176	0	0	0	384176	0	0	0	366448	0	384176	366448	384176	0	0	0	0	384176	384176	0	0	0	0	0	366448	366448	366448	0	384176	192088	366448	366448	384176	384176	0	366448	0	366448	384176	384176	392880	0	0	0	389680	456880	0	389680	0	0	0	196440	0	456880	0	0	0	389680	0	389616	0	0	0	437712	392880	389648	0	389680	0	0	0	437712	0	0	0	0	0	0	0	0	389680	0	0	388528	0	0	389680	0
2026-03-23	192088	0	0	0	0	0	0	0	0	192088	0	192088	0	0	0	0	0	0	0	0	0	0	0	0	0	0	0	0	0	0	294488	294488	0	294488	0	0	192088	0	0	0	192088	0	0	192088	0	192088	0	192088	0	0	0	0	0	0	0	0	0	0	0	0	0	0	0	0	0	0	0	0	0	0	0	0	0	0	192088	0	0	0	0	0	0	192088	0	0	0	0	0	0	0	0	0	0	0	0	0	0	0	0	0	0	0	194824	194824	0	0	0	0	194824	0	0	0	0	0	0	0	0	0	0	0	0	0	0	0	0	0	0	0	0	0	0	0	0	0	194824	0	0	0	0	0	0	0	0	0	0	0	0	0	0	0	0	0	0	192088	0	0	0	0	0	0	0	0	192088	0	0	192088	0	0	0	192088	0	0	0	192088	0	0	0	0	0	0	0	0	0	0	0	0	0	0	0	0	0	0	0	0	0	0	0	0	0	192088	0	0	0	0	0	0	0	0	192088	192088	0	0	0	0	0	0	0	0	0	0	0	0	0	0	0	0	0	0	0	192088	0	0	0	0	0	0	0	192088	0	0	0	0	0	0	0	0	0	183224	0	0	0	0	0	0	0	0	0	0	0	0	0	0	192088	0	0	192088	192088	0	0	0	0	192088	0	0	0	0	0	0	0	0	0	0	0	0	0	0	0	0	0	0	0	0	0	0	0	0	0	0	0	0	0	0	0	0	0	0	0	0	0	0	0	192088	0	0	0	0	0	0	0	0	0	0	0	0	0	0	0	0	0	0	0	0	0	0	0	0	0	0	0	0	218856	0	0	0	0	228440	0	0	0	0	0	0	0	0	0	0	0	0	0	0	0	0	194264	0	0	0	0
2026-03-30	0	0	0	0	192088	0	0	0	0	0	0	0	0	0	0	0	0	0	0	0	0	0	0	0	0	0	0	0	0	0	0	192088	0	0	192088	0	0	0	0	0	0	0	0	0	0	0	0	0	0	0	192088	0	0	0	0	0	0	0	0	0	0	0	0	0	0	0	0	0	0	0	0	0	0	0	0	0	0	0	0	0	192088	0	0	0	0	0	0	0	0	0	0	0	0	0	0	0	0	0	0	0	0	0	0	0	0	0	0	0	0	0	0	0	0	0	0	0	0	0	0	0	0	0	0	0	0	0	0	0	0	0	0	0	192088	0	0	0	194824	0	0	0	194824	0	0	0	0	0	0	0	0	0	0	0	0	0	0	0	0	0	0	0	0	0	0	0	0	0	0	0	0	0	0	0	0	0	0	0	0	183272	0	0	0	0	0	0	0	0	0	0	0	0	0	0	192088	192088	0	0	0	0	0	0	0	0	0	192088	0	0	0	0	0	0	0	0	0	0	0	0	0	0	0	192088	0	0	0	0	0	0	0	0	0	183224	192088	0	0	0	0	0	0	0	0	0	0	0	0	0	0	0	0	0	0	0	0	0	0	0	0	0	0	0	0	0	0	0	0	0	0	0	0	0	0	0	0	0	0	0	0	0	0	0	192088	0	0	0	0	0	192088	0	0	183224	0	0	0	0	183224	0	0	0	0	0	0	0	0	0	0	0	0	0	0	0	0	0	0	0	0	0	0	183224	0	0	0	0	0	0	0	0	0	0	0	0	0	0	0	0	0	0	0	0	0	0	0	0	0	0	0	0	0	0	0	0	0	218856	0	0	0	0	0	196440	0	0	0	0	0	0	0	0	0	0
2026-04-06	0	0	0	0	0	192960	0	192088	0	0	0	0	0	0	0	0	0	0	0	0	0	0	0	192960	0	0	0	192088	0	0	0	0	0	0	0	0	0	0	0	0	0	0	0	0	0	0	0	0	0	0	0	0	0	0	0	0	0	0	0	0	0	0	0	0	0	0	0	0	0	0	0	0	0	0	0	0	0	0	0	0	0	0	0	0	0	0	0	0	0	0	0	0	0	0	194824	0	0	0	0	0	0	0	0	0	0	0	0	0	0	0	0	0	0	0	0	0	0	0	0	0	0	0	0	0	0	0	0	0	0	192088	0	0	0	0	0	0	0	0	0	0	0	194824	0	0	0	0	0	0	0	0	0	0	0	0	0	0	0	0	0	0	0	0	192088	0	0	0	0	0	0	0	0	0	0	0	0	0	0	0	0	0	0	0	0	0	183256	0	0	0	0	0	0	192088	0	0	0	0	0	0	0	0	0	0	0	0	0	0	0	0	0	0	0	0	0	0	0	0	0	0	0	0	0	0	0	0	0	0	0	0	0	0	0	0	0	192088	0	0	0	192088	0	0	0	0	0	0	0	0	0	0	0	0	0	0	0	0	0	0	0	0	0	0	0	0	0	0	0	0	0	0	0	0	0	0	0	0	0	0	0	0	0	0	0	0	0	0	0	0	0	0	0	0	0	0	0	0	192088	0	0	0	0	0	0	0	0	0	0	0	0	0	0	0	0	0	0	0	0	0	0	0	0	0	0	0	0	0	0	0	0	0	0	0	0	0	0	0	0	0	0	0	0	0	0	0	0	0	0	0	0	0	0	0	0	0	0	218856	0	0	194840	0	0	0	0	0	0	0	0	0
2026-04-13	0	0	0	0	0	0	0	0	0	0	0	0	0	0	0	192088	0	0	0	0	0	0	0	0	0	192088	0	0	0	0	0	0	0	0	0	0	0	0	0	0	0	0	0	0	0	0	0	0	0	0	0	0	0	0	0	192088	192088	192088	0	0	0	0	0	0	0	0	0	0	0	0	0	0	0	0	0	0	0	0	0	0	0	0	0	0	0	0	0	0	0	0	0	194824	0	0	0	0	0	0	0	0	0	0	0	0	0	0	0	0	0	194824	0	0	0	0	194824	0	0	0	0	0	194824	0	0	0	0	0	0	0	0	0	0	0	0	0	0	0	0	0	0	0	0	0	0	0	194824	0	194824	0	0	0	0	0	0	0	0	0	0	0	0	0	0	0	0	0	0	0	0	0	0	0	0	0	0	0	0	0	0	0	0	0	0	0	0	0	0	0	0	0	0	0	0	0	0	0	192088	0	0	0	0	0	0	0	0	0	0	0	0	0	0	0	0	0	0	0	0	0	0	0	0	0	192088	0	0	0	0	0	0	183224	0	0	0	0	0	0	0	0	0	0	0	0	192088	0	0	0	0	0	0	192088	0	0	0	192088	0	0	0	0	0	0	0	0	0	0	0	0	0	0	0	0	0	0	0	0	0	0	0	0	0	0	0	0	0	0	0	0	0	0	0	0	0	0	0	0	0	192088	0	0	0	192088	0	0	0	0	0	0	0	0	0	0	0	0	0	0	0	0	0	0	0	0	0	0	0	0	0	0	0	0	196440	0	0	0	0	0	0	0	0	0	0	0	0	0	0	218856	0	0	0	0	0	0	0	0	0	0	0	0	0	0	0	228440	0	0	0	0	0	0	0	0
2026-04-20	0	0	384176	384176	384176	0	384176	0	0	0	0	0	384176	0	0	0	384176	0	0	0	0	384176	192960	0	0	384176	192088	0	0	0	384176	0	0	0	0	0	0	576264	0	0	0	384176	0	384176	384176	0	0	0	384176	0	384176	384176	0	0	384176	0	384176	384176	0	0	192088	0	384176	0	0	0	384176	0	0	384176	0	0	192088	0	0	0	0	384176	0	0	0	384176	0	0	0	389648	0	0	0	194824	194824	0	0	0	0	389648	389648	389648	0	389648	0	0	0	0	0	389648	0	389648	389648	0	0	0	389648	389648	0	0	0	389648	389648	389648	0	0	0	0	0	0	389648	384176	0	0	389648	0	0	0	0	389648	0	0	389648	194824	194824	0	389648	0	0	0	0	0	192088	0	0	384176	384176	0	192088	0	192088	0	192088	0	384176	384176	384176	576264	384176	384176	384176	0	0	0	192088	384176	384176	366512	366512	0	183256	0	366512	0	366512	0	366512	366512	0	0	366512	0	366512	549768	0	0	384176	0	0	0	0	384176	384176	384176	0	0	0	0	192088	384176	384176	0	384176	384176	0	384176	192088	384176	0	0	0	0	384176	384176	0	384176	0	0	0	192088	0	0	0	0	0	0	384176	0	0	0	384176	0	576264	0	384176	576264	0	384176	0	0	0	0	366448	0	384176	384176	576264	0	384176	384176	0	384176	0	366448	384176	384176	384176	384176	384176	384176	384176	384176	0	0	0	0	384176	0	0	384176	0	0	384176	0	0	0	384176	0	0	0	366448	0	384176	183224	192088	0	0	0	0	384176	384176	0	0	0	0	0	366448	183224	366448	0	384176	0	366448	366448	384176	0	0	366448	0	366448	576264	384176	392880	0	0	0	0	456880	0	584520	0	0	0	0	0	456880	0	0	0	389680	0	389616	0	0	0	437712	392880	0	0	389680	194840	0	0	437712	0	0	0	0	0	0	0	0	389680	0	0	388528	0	0	389680	0
2026-04-27	0	0	0	0	0	0	0	0	0	0	0	0	0	0	0	0	0	0	0	0	0	0	0	0	0	0	0	0	0	0	0	0	0	0	0	0	0	0	0	0	0	0	0	0	0	0	0	0	0	0	0	0	0	0	0	0	0	0	0	192088	0	0	0	0	192088	0	0	0	0	0	0	0	0	0	0	0	0	0	0	0	0	0	0	0	0	0	0	0	0	0	0	0	0	0	0	0	0	0	0	0	0	0	0	0	194824	0	0	0	194824	0	0	0	0	0	0	0	0	0	0	0	0	0	0	0	194824	0	0	0	0	0	0	194824	0	0	0	0	0	0	0	0	0	0	0	0	0	0	0	192088	0	192088	0	0	0	0	0	0	0	0	0	192088	0	0	0	0	0	192088	0	0	0	0	0	0	0	0	0	0	0	0	0	0	183256	0	0	0	0	0	0	0	0	0	183256	0	0	0	0	0	0	0	0	0	0	0	192088	0	0	0	0	0	0	0	0	0	0	0	0	0	0	0	192088	0	0	0	0	0	0	0	0	0	0	0	0	0	0	0	0	0	0	0	0	0	0	0	0	0	0	0	0	0	0	0	0	0	0	0	0	192088	0	0	0	0	0	0	0	0	0	0	0	0	0	0	0	0	0	192088	0	0	0	0	0	0	0	0	0	0	0	0	0	0	0	0	0	0	0	0	0	0	0	0	0	0	0	0	0	0	0	0	0	0	0	0	0	0	0	0	0	0	0	0	0	0	0	0	0	0	0	0	0	0	0	0	0	0	0	0	0	0	0	0	0	0	0	0	196440	0	0	0	0	0	0	0	0	0	0	0	0	0	0	0	0	0	0	0	0	0	0	0
2026-05-04	0	0	0	0	0	0	0	0	0	0	0	0	0	0	0	0	0	0	0	0	0	192088	0	0	0	0	0	0	0	0	0	0	0	0	0	0	0	0	0	0	0	0	0	0	0	0	0	0	0	0	0	0	0	0	0	0	0	0	0	0	0	0	0	0	0	0	0	0	0	0	0	0	0	0	0	0	0	0	0	0	0	0	0	0	0	0	0	0	0	0	0	0	0	0	0	0	0	0	0	194824	0	0	0	0	0	0	0	0	0	0	0	0	0	0	0	0	0	0	0	0	0	0	0	0	0	0	0	0	194824	0	0	0	0	0	0	0	0	0	0	0	0	0	0	0	0	0	0	0	0	0	0	0	0	0	0	0	0	0	0	0	0	0	0	0	0	0	0	0	0	0	0	0	0	0	0	0	0	0	0	0	0	0	0	0	0	0	0	0	0	0	0	0	0	0	0	0	0	0	0	0	0	0	0	0	0	0	0	0	0	0	0	0	0	0	0	0	0	0	0	0	0	0	0	192088	0	0	0	0	0	0	0	0	0	0	0	0	0	0	0	0	0	0	0	0	0	0	0	0	0	0	0	0	0	0	0	0	0	0	0	0	0	0	0	0	0	0	0	0	0	0	0	0	0	0	0	0	0	0	0	0	0	0	0	0	0	0	0	0	0	0	0	0	0	0	0	0	0	0	0	0	0	0	0	0	0	0	0	0	0	0	0	0	0	0	0	0	0	0	0	0	0	0	0	0	0	0	0	0	0	0	0	0	0	0	0	0	0	0	0	0	0	0	0	0	0	0	0	0	0	0	0	0	0	0	0	0	0	0	0	194808	0	0	0	0	0	0
2026-05-11	0	578880	0	0	384176	0	0	0	0	0	384176	0	0	0	0	0	0	0	384176	0	0	0	385920	0	0	0	384176	192088	0	0	0	192088	192088	0	0	384176	192088	0	0	0	0	0	192088	0	0	0	192088	0	0	0	384176	384176	0	0	0	576264	0	0	0	0	0	0	0	0	384176	0	384176	0	0	0	0	0	0	0	0	0	384176	0	0	0	0	0	0	0	0	0	0	194824	0	0	0	0	0	389648	0	0	0	0	0	0	0	0	0	0	389648	0	0	0	0	0	0	0	0	0	194824	0	389648	0	0	0	0	0	0	389648	389648	0	0	0	389648	192088	0	0	192088	0	192088	0	389648	0	0	389648	389648	0	0	389648	194824	0	194824	0	0	192088	384176	0	0	0	0	384176	0	0	384176	0	0	384176	0	0	0	0	0	0	0	0	0	0	0	366512	366512	0	0	0	0	0	0	0	0	0	0	183256	0	366512	366512	0	0	0	384176	192088	0	0	0	0	0	0	0	0	0	0	384176	0	0	384176	0	0	0	0	0	0	0	0	384176	576264	0	0	0	0	0	576264	0	0	0	0	0	0	0	192088	0	384176	0	0	0	576264	384176	0	0	0	384176	0	0	192088	366448	192088	0	0	0	0	384176	0	192088	384176	576264	0	0	0	0	0	0	384176	0	384176	384176	0	192088	0	0	0	0	0	192088	384176	0	384176	0	0	0	0	0	0	0	0	0	0	384176	0	0	366448	0	0	384176	384176	0	192088	0	0	0	183224	366448	0	0	0	0	384176	0	0	384176	0	192088	0	0	0	0	384176	0	0	0	0	0	456880	392880	0	0	389680	389680	0	0	0	0	0	0	0	0	0	392880	218856	194840	0	0	0	0	0	0	389616	0	0	0	0	0	656568	0	0	584520	0	0	0	194840	0	218856	0	0	194840
2026-05-18	973152	590720	1165240	781064	1165240	590720	1549416	588976	588976	973152	588976	973152	1357328	973152	588976	691376	1357328	590720	781064	588976	976640	1549416	590720	976640	973152	973152	973152	973152	976640	973152	1549416	588976	973152	973152	973152	588976	588976	1165240	588976	588976	588976	973152	588976	1549416	973152	973152	588976	588976	1165240	588976	1549416	973152	588976	973152	1357328	588976	1357328	781064	588976	973152	588976	973152	1549416	588976	588976	588976	781064	973152	973152	1549416	588976	973152	588976	781064	588976	781064	588976	1549416	588976	973152	973152	1165240	984096	984096	789272	1373744	594448	789272	984096	984096	984096	594448	594448	594448	594448	1568568	1568568	1568568	984096	1373744	984096	984096	594448	984096	594448	1373744	984096	1568568	789272	594448	789272	594448	1178920	1568568	984096	984096	594448	1178920	984096	984096	984096	594448	984096	594448	594448	973152	1568568	1357328	594448	973152	1373744	984096	588976	984096	588976	1568568	594448	984096	1178920	789272	789272	984096	1178920	594448	984096	984096	984096	588976	973152	588976	588976	1357328	1357328	973152	781064	588976	973152	973152	1165240	588976	973152	973152	973152	973152	781064	1357328	1165240	588976	588976	588976	973152	1549416	973152	1121080	1121080	754616	571312	937888	1121080	571312	937824	754568	1304336	937824	571312	754568	937824	571312	1121080	1304336	571312	973152	781064	588976	973152	588976	781064	1165240	1165240	1741504	588976	588976	588976	588976	781064	781064	1549416	588976	973152	1549416	588976	973152	973152	1741504	973152	588976	588976	588976	1165240	1165240	973152	973152	781064	588976	973152	973152	754472	571248	588976	571248	588976	588976	973152	588976	973152	588976	1357328	588976	1165240	973152	1165240	1549416	588976	1549416	973152	973152	571248	588976	1487368	571248	1549416	1549416	973152	588976	1165240	1165240	588976	1165240	973152	937696	1549416	1357328	1357328	1165240	973152	973152	1165240	1357328	973152	588976	588976	588976	1165240	588976	973152	1165240	781064	588976	1357328	588976	588976	937696	1165240	973152	588976	973152	937696	571248	1165240	937696	781064	571248	571248	588976	588976	973152	1165240	588976	937696	973152	1120920	571248	754472	1120920	754472	937696	1357328	588976	1120920	937696	1165240	781064	973152	1487368	937696	937696	1165240	1165240	1187000	984160	593392	594480	789320	1118560	597680	1179000	990560	594480	594480	990560	594480	1575440	990560	661680	990560	1568680	984160	1373648	597680	992384	594480	861368	1187000	789272	661680	1373840	984160	594416	594480	1080224	981984	597680	990560	642512	594480	597680	594480	661680	1179000	594416	984160	1176120	1080224	789224	1568680	594480
2026-05-25	0	0	384176	384176	0	385920	0	384176	0	0	0	0	0	0	384176	0	0	385920	0	576264	0	0	0	590720	192088	973152	0	0	385920	0	588976	0	0	0	588976	0	0	384176	0	384176	384176	384176	0	0	384176	0	384176	384176	0	384176	0	0	0	588976	0	0	0	384176	973152	0	384176	0	0	588976	0	384176	0	0	192088	0	0	0	0	0	384176	384176	0	0	384176	0	0	384176	0	0	0	594448	389648	389648	0	0	0	389648	0	0	0	594448	0	0	0	0	0	0	389648	0	0	0	584472	0	0	0	389648	389648	389648	594448	0	0	0	389648	0	389648	0	389648	0	0	0	0	0	0	0	0	389648	0	0	0	384176	0	0	0	389648	0	0	594448	779296	0	0	0	0	0	0	384176	0	0	0	192088	384176	0	0	0	0	973152	384176	0	384176	384176	0	588976	384176	384176	384176	0	0	0	384176	183256	0	366544	0	571344	366512	366512	0	366512	0	366512	366512	366512	0	0	0	0	366512	0	0	384176	0	384176	384176	0	384176	0	384176	0	384176	0	0	384176	0	0	0	384176	384176	384176	0	0	0	192088	192088	0	384176	0	0	0	0	0	0	0	0	0	384176	366448	384176	384176	0	0	0	0	0	588976	0	0	0	0	0	384176	384176	0	0	0	0	366448	0	0	0	0	384176	0	0	384176	0	366448	192088	0	0	0	0	0	0	0	0	384176	384176	768352	384176	973152	0	0	384176	0	0	384176	384176	0	0	0	384176	0	0	0	0	937696	384176	0	0	384176	0	0	384176	384176	0	192088	571248	366448	0	0	0	183224	0	0	366448	0	0	384176	588976	571248	0	0	384176	0	0	0	777184	389680	0	0	0	389680	0	0	194840	0	0	0	0	456880	0	0	0	194808	0	0	584520	437712	392880	389648	0	0	0	0	389680	0	0	0	0	0	0	0	0	456880	389680	0	0	0	0	0	0	389680
2026-06-01	0	192960	0	0	0	0	0	0	384176	0	0	0	0	0	0	384176	0	0	0	384176	0	0	0	0	0	0	0	0	192960	0	0	384176	0	0	0	0	384176	0	384176	0	0	0	384176	0	0	0	0	0	384176	0	0	0	384176	0	0	0	0	0	0	0	0	0	0	384176	0	0	0	192088	0	0	384176	0	384176	384176	0	0	0	384176	0	0	0	0	0	0	389648	0	0	0	0	0	0	0	389648	0	389648	0	0	0	0	0	0	0	0	0	0	0	0	0	389648	389648	0	0	0	0	0	0	0	0	389648	0	0	0	0	0	0	0	0	0	0	0	0	0	384176	0	0	0	0	0	0	0	0	0	0	0	0	0	0	384176	0	0	0	0	0	0	0	0	0	0	0	0	0	0	0	0	384176	0	0	0	0	384176	0	0	0	0	183256	0	937824	183272	183256	183256	366512	0	183256	0	0	183256	366512	0	0	0	0	0	0	0	0	0	192088	384176	192088	192088	192088	576264	384176	576264	0	384176	0	0	384176	384176	0	0	192088	0	0	768352	0	192088	768352	768352	0	576264	960440	0	0	192088	549672	549672	0	183224	0	0	384176	0	192088	384176	0	0	0	576264	384176	192088	0	0	0	0	0	576264	0	366448	192088	0	0	576264	0	192088	192088	0	0	0	192088	192088	0	0	768352	0	192088	0	0	0	192088	0	192088	0	192088	192088	0	192088	192088	192088	0	0	576264	0	0	192088	549672	366448	0	183224	0	183224	366448	192088	0	384176	192088	192088	0	0	0	183224	0	0	366448	0	0	0	0	366448	0	192088	0	183224	183224	549672	0	192088	0	0	0	194840	389680	0	0	0	0	0	0	0	389680	0	0	228440	0	0	0	0	196440	0	0	0	0	0	456880	0	0	0	0	437712	0	392880	0	0	389680	392880	0	0	0	389616	0	388528	0	389616	0	0
