week_start	sub-0001/sub-0001_icephys.nwb	sub-20210511001-2021-05-11-0000/sub-20210511001-2021-05-11-0000_icephys.nwb	sub-20210511001-2021-05-11-0001/sub-20210511001-2021-05-11-0001_icephys.nwb	sub-20210511001-2021-05-11-0002/sub-20210511001-2021-05-11-0002_icephys.nwb	sub-20210511001-2021-05-11-0003/sub-20210511001-2021-05-11-0003_icephys.nwb	sub-20210511001-2021-05-11-0004/sub-20210511001-2021-05-11-0004_icephys.nwb	sub-20210511001-2021-05-11-0005/sub-20210511001-2021-05-11-0005_icephys.nwb	sub-20210511001-2021-05-11-0006/sub-20210511001-2021-05-11-0006_icephys.nwb	sub-20210511002-2021-05-11-0007/sub-20210511002-2021-05-11-0007_icephys.nwb	sub-20210511002-2021-05-11-0008/sub-20210511002-2021-05-11-0008_icephys.nwb	sub-20210511002-2021-05-11-0009/sub-20210511002-2021-05-11-0009_icephys.nwb	sub-20210511002-2021-05-11-0010/sub-20210511002-2021-05-11-0010_icephys.nwb	sub-20210511002-2021-05-11-0011/sub-20210511002-2021-05-11-0011_icephys.nwb	sub-20210511003-2021-05-11-0012/sub-20210511003-2021-05-11-0012_icephys.nwb	sub-20210511003-2021-05-11-0013/sub-20210511003-2021-05-11-0013_icephys.nwb	sub-20210511003-2021-05-11-0014/sub-20210511003-2021-05-11-0014_icephys.nwb	sub-20210511003-2021-05-11-0015/sub-20210511003-2021-05-11-0015_icephys.nwb	sub-20210511003-2021-05-11-0016/sub-20210511003-2021-05-11-0016_icephys.nwb	sub-20210511003-2021-05-11-0017/sub-20210511003-2021-05-11-0017_icephys.nwb	sub-20210511003-2021-05-11-0018/sub-20210511003-2021-05-11-0018_icephys.nwb	sub-20210511003-2021-05-11-0019/sub-20210511003-2021-05-11-0019_icephys.nwb	sub-20210511003-2021-05-11-0020/sub-20210511003-2021-05-11-0020_icephys.nwb	sub-20210511003-2021-05-11-0021/sub-20210511003-2021-05-11-0021_icephys.nwb	sub-20210511003-2021-05-11-0022/sub-20210511003-2021-05-11-0022_icephys.nwb	sub-20210511003-2021-05-11-0023/sub-20210511003-2021-05-11-0023_icephys.nwb	sub-20210511003-2021-05-11-0024/sub-20210511003-2021-05-11-0024_icephys.nwb	sub-20210511003-2021-05-11-0025/sub-20210511003-2021-05-11-0025_icephys.nwb	sub-20210511004-2021-05-11-0026/sub-20210511004-2021-05-11-0026_icephys.nwb	sub-20210511004-2021-05-11-0027/sub-20210511004-2021-05-11-0027_icephys.nwb	sub-20210511004-2021-05-11-0028/sub-20210511004-2021-05-11-0028_icephys.nwb	sub-20210511004-2021-05-11-0029/sub-20210511004-2021-05-11-0029_icephys.nwb	sub-20210511004-2021-05-11-0030/sub-20210511004-2021-05-11-0030_icephys.nwb	sub-20210511004-2021-05-11-0031/sub-20210511004-2021-05-11-0031_icephys.nwb	sub-20210511004-2021-05-11-0032/sub-20210511004-2021-05-11-0032_icephys.nwb	sub-20210511005-2021-05-11-0033/sub-20210511005-2021-05-11-0033_icephys.nwb	sub-20210511005-2021-05-11-0034/sub-20210511005-2021-05-11-0034_icephys.nwb	sub-20210511005-2021-05-11-0035/sub-20210511005-2021-05-11-0035_icephys.nwb	sub-20210511005-2021-05-11-0036/sub-20210511005-2021-05-11-0036_icephys.nwb	sub-20210511005-2021-05-11-0037/sub-20210511005-2021-05-11-0037_icephys.nwb	sub-20210511005-2021-05-11-0038/sub-20210511005-2021-05-11-0038_icephys.nwb	sub-20210511006-2021-05-11-0039/sub-20210511006-2021-05-11-0039_icephys.nwb	sub-20210511006-2021-05-11-0040/sub-20210511006-2021-05-11-0040_icephys.nwb	sub-20210511006-2021-05-11-0041/sub-20210511006-2021-05-11-0041_icephys.nwb	sub-20210511006-2021-05-11-0042/sub-20210511006-2021-05-11-0042_icephys.nwb	sub-20210511006-2021-05-11-0043/sub-20210511006-2021-05-11-0043_icephys.nwb	sub-20210511007-2021-05-11-0044/sub-20210511007-2021-05-11-0044_icephys.nwb	sub-20210511007-2021-05-11-0045/sub-20210511007-2021-05-11-0045_icephys.nwb	sub-20210511007-2021-05-11-0046/sub-20210511007-2021-05-11-0046_icephys.nwb	sub-20210513001-2021-05-13-0000/sub-20210513001-2021-05-13-0000_icephys.nwb	sub-20210513001-2021-05-13-0001/sub-20210513001-2021-05-13-0001_icephys.nwb	sub-20210513001-2021-05-13-0002/sub-20210513001-2021-05-13-0002_icephys.nwb	sub-20210513002-2021-05-13-0003/sub-20210513002-2021-05-13-0003_icephys.nwb	sub-20210513002-2021-05-13-0004/sub-20210513002-2021-05-13-0004_icephys.nwb	sub-20210513002-2021-05-13-0005/sub-20210513002-2021-05-13-0005_icephys.nwb	sub-20210513003-2021-05-13-0006/sub-20210513003-2021-05-13-0006_icephys.nwb	sub-20210513003-2021-05-13-0007/sub-20210513003-2021-05-13-0007_icephys.nwb	sub-20210513003-2021-05-13-0008/sub-20210513003-2021-05-13-0008_icephys.nwb	sub-20210513004-2021-05-13-0009/sub-20210513004-2021-05-13-0009_icephys.nwb	sub-20210513004-2021-05-13-0010/sub-20210513004-2021-05-13-0010_icephys.nwb	sub-20210513004-2021-05-13-0011/sub-20210513004-2021-05-13-0011_icephys.nwb	sub-20210513005-2021-05-13-0012/sub-20210513005-2021-05-13-0012_icephys.nwb	sub-20210513005-2021-05-13-0013/sub-20210513005-2021-05-13-0013_icephys.nwb	sub-20210513005-2021-05-13-0014/sub-20210513005-2021-05-13-0014_icephys.nwb	sub-20210513006-2021-05-13-0015/sub-20210513006-2021-05-13-0015_icephys.nwb	sub-20210513006-2021-05-13-0016/sub-20210513006-2021-05-13-0016_icephys.nwb	sub-20210513006-2021-05-13-0017/sub-20210513006-2021-05-13-0017_icephys.nwb	sub-20210513006-2021-05-13-0018/sub-20210513006-2021-05-13-0018_icephys.nwb	sub-20210518001-2021-05-18-0000/sub-20210518001-2021-05-18-0000_icephys.nwb	sub-20210518001-2021-05-18-0001/sub-20210518001-2021-05-18-0001_icephys.nwb	sub-20210518001-2021-05-18-0002/sub-20210518001-2021-05-18-0002_icephys.nwb	sub-20210518001-2021-05-18-0003/sub-20210518001-2021-05-18-0003_icephys.nwb	sub-20210518002-2021-05-18-0004/sub-20210518002-2021-05-18-0004_icephys.nwb	sub-20210518002-2021-05-18-0005/sub-20210518002-2021-05-18-0005_icephys.nwb	sub-20210518002-2021-05-18-0006/sub-20210518002-2021-05-18-0006_icephys.nwb	sub-20210518002-2021-05-18-0007/sub-20210518002-2021-05-18-0007_icephys.nwb	sub-20210518002-2021-05-18-0008/sub-20210518002-2021-05-18-0008_icephys.nwb	sub-20210518002-2021-05-18-0009/sub-20210518002-2021-05-18-0009_icephys.nwb	sub-20210518002-2021-05-18-0010/sub-20210518002-2021-05-18-0010_icephys.nwb	sub-20210518003-2021-05-18-0011/sub-20210518003-2021-05-18-0011_icephys.nwb	sub-20210518003-2021-05-18-0012/sub-20210518003-2021-05-18-0012_icephys.nwb	sub-20210518003-2021-05-18-0013/sub-20210518003-2021-05-18-0013_icephys.nwb	sub-20210518003-2021-05-18-0014/sub-20210518003-2021-05-18-0014_icephys.nwb	sub-20210518003-2021-05-18-0015/sub-20210518003-2021-05-18-0015_icephys.nwb	sub-20210518003-2021-05-18-0016/sub-20210518003-2021-05-18-0016_icephys.nwb	sub-20210518003-2021-05-18-0017/sub-20210518003-2021-05-18-0017_icephys.nwb	sub-20210526001-2021-05-26-0000/sub-20210526001-2021-05-26-0000_icephys.nwb	sub-20210526001-2021-05-26-0001/sub-20210526001-2021-05-26-0001_icephys.nwb	sub-20210526001-2021-05-26-0002/sub-20210526001-2021-05-26-0002_icephys.nwb	sub-20210526001-2021-05-26-0003/sub-20210526001-2021-05-26-0003_icephys.nwb	sub-20210526001-2021-05-26-0004/sub-20210526001-2021-05-26-0004_icephys.nwb	sub-20210526001-2021-05-26-0005/sub-20210526001-2021-05-26-0005_icephys.nwb	sub-20210526002-2021-05-26-0006/sub-20210526002-2021-05-26-0006_icephys.nwb	sub-20210526002-2021-05-26-0007/sub-20210526002-2021-05-26-0007_icephys.nwb	sub-20210526002-2021-05-26-0008/sub-20210526002-2021-05-26-0008_icephys.nwb	sub-20210526002-2021-05-26-0009/sub-20210526002-2021-05-26-0009_icephys.nwb	sub-20210526002-2021-05-26-0010/sub-20210526002-2021-05-26-0010_icephys.nwb	sub-20210526002-2021-05-26-0011/sub-20210526002-2021-05-26-0011_icephys.nwb	sub-20210526002-2021-05-26-0012/sub-20210526002-2021-05-26-0012_icephys.nwb	sub-20210526003-2021-05-26-0013/sub-20210526003-2021-05-26-0013_icephys.nwb	sub-20210526003-2021-05-26-0014/sub-20210526003-2021-05-26-0014_icephys.nwb	sub-20210526003-2021-05-26-0015/sub-20210526003-2021-05-26-0015_icephys.nwb	sub-20210526003-2021-05-26-0016/sub-20210526003-2021-05-26-0016_icephys.nwb	sub-20210526003-2021-05-26-0017/sub-20210526003-2021-05-26-0017_icephys.nwb	sub-20210526003-2021-05-26-0018/sub-20210526003-2021-05-26-0018_icephys.nwb	sub-20210526004-2021-05-26-0019/sub-20210526004-2021-05-26-0019_icephys.nwb	sub-20210526004-2021-05-26-0020/sub-20210526004-2021-05-26-0020_icephys.nwb	sub-20210526004-2021-05-26-0021/sub-20210526004-2021-05-26-0021_icephys.nwb	sub-20210526004-2021-05-26-0022/sub-20210526004-2021-05-26-0022_icephys.nwb	sub-20210526004-2021-05-26-0023/sub-20210526004-2021-05-26-0023_icephys.nwb	sub-20210526004-2021-05-26-0024/sub-20210526004-2021-05-26-0024_icephys.nwb	sub-20210526005-2021-05-26-0025/sub-20210526005-2021-05-26-0025_icephys.nwb	sub-20210526005-2021-05-26-0026/sub-20210526005-2021-05-26-0026_icephys.nwb	sub-20210526005-2021-05-26-0027/sub-20210526005-2021-05-26-0027_icephys.nwb	sub-20210526005-2021-05-26-0028/sub-20210526005-2021-05-26-0028_icephys.nwb	sub-20210526005-2021-05-26-0029/sub-20210526005-2021-05-26-0029_icephys.nwb	sub-20210526005-2021-05-26-0030/sub-20210526005-2021-05-26-0030_icephys.nwb	sub-20210610001-2021-06-10-0000/sub-20210610001-2021-06-10-0000_icephys.nwb	sub-20210610001-2021-06-10-0001/sub-20210610001-2021-06-10-0001_icephys.nwb	sub-20210610001-2021-06-10-0002/sub-20210610001-2021-06-10-0002_icephys.nwb	sub-20210610001-2021-06-10-0003/sub-20210610001-2021-06-10-0003_icephys.nwb	sub-20210610001-2021-06-10-0004/sub-20210610001-2021-06-10-0004_icephys.nwb	sub-20210610001-2021-06-10-0005/sub-20210610001-2021-06-10-0005_icephys.nwb	sub-20210610002-2021-06-10-0006/sub-20210610002-2021-06-10-0006_icephys.nwb	sub-20210610002-2021-06-10-0007/sub-20210610002-2021-06-10-0007_icephys.nwb	sub-20210610002-2021-06-10-0008/sub-20210610002-2021-06-10-0008_icephys.nwb	sub-20210610002-2021-06-10-0009/sub-20210610002-2021-06-10-0009_icephys.nwb	sub-20210610002-2021-06-10-0010/sub-20210610002-2021-06-10-0010_icephys.nwb	sub-20210610002-2021-06-10-0011/sub-20210610002-2021-06-10-0011_icephys.nwb	sub-20210610003-2021-06-10-0012/sub-20210610003-2021-06-10-0012_icephys.nwb	sub-20210610003-2021-06-10-0013/sub-20210610003-2021-06-10-0013_icephys.nwb	sub-20210610003-2021-06-10-0014/sub-20210610003-2021-06-10-0014_icephys.nwb	sub-20210610004-2021-06-10-0015/sub-20210610004-2021-06-10-0015_icephys.nwb	sub-20210610004-2021-06-10-0016/sub-20210610004-2021-06-10-0016_icephys.nwb	sub-20210610004-2021-06-10-0017/sub-20210610004-2021-06-10-0017_icephys.nwb	sub-20210610004-2021-06-10-0018/sub-20210610004-2021-06-10-0018_icephys.nwb	sub-20210610004-2021-06-10-0019/sub-20210610004-2021-06-10-0019_icephys.nwb	sub-20210610004-2021-06-10-0020/sub-20210610004-2021-06-10-0020_icephys.nwb	sub-20210610004-2021-06-10-0021/sub-20210610004-2021-06-10-0021_icephys.nwb	sub-20210611001-2021-06-11-0000/sub-20210611001-2021-06-11-0000_icephys.nwb	sub-20210611001-2021-06-11-0001/sub-20210611001-2021-06-11-0001_icephys.nwb	sub-20210611001-2021-06-11-0002/sub-20210611001-2021-06-11-0002_icephys.nwb	sub-20210611001-2021-06-11-0003/sub-20210611001-2021-06-11-0003_icephys.nwb	sub-20210611001-2021-06-11-0004/sub-20210611001-2021-06-11-0004_icephys.nwb	sub-20210611001-2021-06-11-0005/sub-20210611001-2021-06-11-0005_icephys.nwb	sub-20210611002-2021-06-11-0006/sub-20210611002-2021-06-11-0006_icephys.nwb	sub-20210611002-2021-06-11-0007/sub-20210611002-2021-06-11-0007_icephys.nwb	sub-20210611002-2021-06-11-0008/sub-20210611002-2021-06-11-0008_icephys.nwb	sub-20210611002-2021-06-11-0009/sub-20210611002-2021-06-11-0009_icephys.nwb	sub-20210611002-2021-06-11-0010/sub-20210611002-2021-06-11-0010_icephys.nwb	sub-20210611002-2021-06-11-0011/sub-20210611002-2021-06-11-0011_icephys.nwb	sub-20210611002-2021-06-11-0012/sub-20210611002-2021-06-11-0012_icephys.nwb	sub-20210611003-2021-06-11-0013/sub-20210611003-2021-06-11-0013_icephys.nwb	sub-20210611003-2021-06-11-0014/sub-20210611003-2021-06-11-0014_icephys.nwb	sub-20210611003-2021-06-11-0015/sub-20210611003-2021-06-11-0015_icephys.nwb	sub-20210611003-2021-06-11-0016/sub-20210611003-2021-06-11-0016_icephys.nwb	sub-20210611003-2021-06-11-0017/sub-20210611003-2021-06-11-0017_icephys.nwb	sub-20210611003-2021-06-11-0018/sub-20210611003-2021-06-11-0018_icephys.nwb	sub-20210615001-2021-06-15-0000/sub-20210615001-2021-06-15-0000_icephys.nwb	sub-20210615001-2021-06-15-0001/sub-20210615001-2021-06-15-0001_icephys.nwb	sub-20210615001-2021-06-15-0002/sub-20210615001-2021-06-15-0002_icephys.nwb	sub-20210615001-2021-06-15-0003/sub-20210615001-2021-06-15-0003_icephys.nwb	sub-20210615001-2021-06-15-0004/sub-20210615001-2021-06-15-0004_icephys.nwb	sub-20210615001-2021-06-15-0005/sub-20210615001-2021-06-15-0005_icephys.nwb	sub-20210615002-2021-06-15-0006/sub-20210615002-2021-06-15-0006_icephys.nwb	sub-20210615002-2021-06-15-0007/sub-20210615002-2021-06-15-0007_icephys.nwb	sub-20210615002-2021-06-15-0008/sub-20210615002-2021-06-15-0008_icephys.nwb	sub-20210615002-2021-06-15-0009/sub-20210615002-2021-06-15-0009_icephys.nwb	sub-20210615002-2021-06-15-0010/sub-20210615002-2021-06-15-0010_icephys.nwb	sub-20210615002-2021-06-15-0011/sub-20210615002-2021-06-15-0011_icephys.nwb	sub-20210615002-2021-06-15-0012/sub-20210615002-2021-06-15-0012_icephys.nwb	sub-20210615002-2021-06-15-0013/sub-20210615002-2021-06-15-0013_icephys.nwb	sub-20210615002-2021-06-15-0014/sub-20210615002-2021-06-15-0014_icephys.nwb	sub-20210615003-2021-06-15-0015/sub-20210615003-2021-06-15-0015_icephys.nwb	sub-20210615003-2021-06-15-0016/sub-20210615003-2021-06-15-0016_icephys.nwb	sub-20210615003-2021-06-15-0017/sub-20210615003-2021-06-15-0017_icephys.nwb	sub-20210615003-2021-06-15-0018/sub-20210615003-2021-06-15-0018_icephys.nwb	sub-20210615003-2021-06-15-0019/sub-20210615003-2021-06-15-0019_icephys.nwb	sub-20210615003-2021-06-15-0020/sub-20210615003-2021-06-15-0020_icephys.nwb	sub-20210615003-2021-06-15-0021/sub-20210615003-2021-06-15-0021_icephys.nwb	sub-20210617001-2021-06-17-0000/sub-20210617001-2021-06-17-0000_icephys.nwb	sub-20210617001-2021-06-17-0001/sub-20210617001-2021-06-17-0001_icephys.nwb	sub-20210617001-2021-06-17-0002/sub-20210617001-2021-06-17-0002_icephys.nwb	sub-20210617001-2021-06-17-0003/sub-20210617001-2021-06-17-0003_icephys.nwb	sub-20210617001-2021-06-17-0004/sub-20210617001-2021-06-17-0004_icephys.nwb	sub-20210617001-2021-06-17-0005/sub-20210617001-2021-06-17-0005_icephys.nwb	sub-20210617002-2021-06-17-0006/sub-20210617002-2021-06-17-0006_icephys.nwb	sub-20210617002-2021-06-17-0007/sub-20210617002-2021-06-17-0007_icephys.nwb	sub-20210617002-2021-06-17-0008/sub-20210617002-2021-06-17-0008_icephys.nwb	sub-20210617002-2021-06-17-0009/sub-20210617002-2021-06-17-0009_icephys.nwb	sub-20210617002-2021-06-17-0010/sub-20210617002-2021-06-17-0010_icephys.nwb	sub-20210617002-2021-06-17-0011/sub-20210617002-2021-06-17-0011_icephys.nwb	sub-20210617003-2021-06-17-0012/sub-20210617003-2021-06-17-0012_icephys.nwb	sub-20210617003-2021-06-17-0013/sub-20210617003-2021-06-17-0013_icephys.nwb	sub-20210617003-2021-06-17-0014/sub-20210617003-2021-06-17-0014_icephys.nwb	sub-20210617003-2021-06-17-0015/sub-20210617003-2021-06-17-0015_icephys.nwb	sub-20210617003-2021-06-17-0016/sub-20210617003-2021-06-17-0016_icephys.nwb	sub-20210617003-2021-06-17-0017/sub-20210617003-2021-06-17-0017_icephys.nwb
2021-07-12	922395	0	0	339293	1113353	1089392	0	525419	1121273	0	0	582035	950560	213371	1100292	315867	0	1090568	340348	603411	210462	1097800	0	618210	0	0	454454	0	0	1010227	0	0	386854	0	1084082	339336	629145	653145	0	1067791	0	0	567352	566626	0	1102493	0	1264442	0	386513	638479	0	536219	621573	957274	433476	0	0	364226	561459	0	0	0	1048533	457263	0	1027122	0	1493578	0	360446	0	1406317	0	0	1391216	0	652462	0	0	359784	651224	0	385781	660749	1039000	0	572874	0	0	563228	0	1051634	0	932103	0	533204	352815	883592	0	0	1105065	472952	0	1174128	416177	0	0	0	403212	1055896	0	0	2093474	0	0	0	0	556687	0	386891	565142	0	342420	603182	1110104	0	585370	1139754	485724	0	1268665	358292	725020	2124881	1105066	410957	1335104	0	0	584018	0	2093243	0	0	0	0	0	0	0	0	0	274420	0	1065673	346643	557155	0	320134	564248	0	345189	0	0	1084134	2131292	321414	575553	0	0	321582	0	0	298159	604502	214862	1165230	296142	598364	1029574	0	0	1037900	0	0	1079171	387284	588644	1067107	359263	0	913929	342371	0	0	0	0
2021-07-19	0	0	0	0	0	0	0	0	0	0	0	0	0	0	0	0	0	0	0	0	0	0	0	0	0	0	0	0	0	0	0	0	0	0	0	0	0	0	0	0	0	0	0	0	0	0	0	0	0	0	0	0	0	0	0	433476	0	0	0	0	0	0	0	0	0	0	0	0	0	0	0	0	0	342985	0	0	0	0	0	0	0	0	0	0	0	0	0	0	0	0	0	0	0	0	0	0	0	0	0	0	0	0	0	0	0	0	0	0	0	0	0	0	0	0	0	0	0	0	0	0	0	0	0	0	0	0	0	0	0	0	0	0	0	0	0	0	0	0	0	0	0	0	0	0	0	0	0	0	0	0	0	0	0	0	0	0	0	0	0	0	0	0	0	0	0	0	0	0	0	0	0	0	0	0	0	0	0	0	0	0	0	0	0	0	0	0	387284	0	0	359263	630418	0	0	0	0	0	0
2021-07-26	0	2177806	0	0	1113353	0	0	0	0	0	0	0	0	0	0	0	0	0	0	0	0	0	0	0	0	0	0	0	0	0	0	0	0	0	0	0	0	0	0	0	0	0	0	0	0	0	0	0	0	0	0	0	0	0	0	0	0	0	0	0	0	0	0	0	0	0	0	0	0	0	0	0	0	0	0	0	0	0	0	0	0	0	0	0	0	0	0	0	0	0	0	0	0	0	0	0	0	0	0	0	0	0	0	0	0	0	0	0	0	0	0	0	0	0	0	0	0	0	0	0	0	0	0	0	0	0	0	0	0	0	0	0	0	0	0	0	0	0	0	0	0	0	0	0	0	0	0	0	0	0	0	0	0	0	0	0	0	0	0	0	0	0	0	0	0	0	0	0	0	0	0	0	0	0	0	0	0	0	0	0	0	0	0	0	0	0	0	0	0	0	0	0	0	0	0	0	0
2021-09-27	0	0	0	0	0	0	623432	0	0	0	0	0	0	0	0	0	0	0	0	0	0	0	0	0	0	0	0	0	0	0	0	0	0	0	0	0	629145	0	0	0	1075866	0	0	0	0	0	0	0	0	0	0	0	0	0	0	0	0	0	0	0	0	0	0	1048533	0	0	0	0	0	0	0	0	0	0	0	0	0	0	0	0	0	0	0	0	0	0	0	572874	0	0	0	0	0	0	0	0	0	0	0	443591	0	0	0	0	0	0	0	0	0	0	0	0	0	0	0	0	0	342122	0	0	0	0	0	0	0	0	0	0	0	0	0	0	0	0	0	0	0	0	0	0	0	0	0	0	0	0	0	0	0	0	0	0	274420	0	0	0	0	0	0	0	0	0	0	0	0	0	321414	0	0	0	0	0	0	0	0	0	0	296142	0	0	0	0	0	0	0	0	0	0	0	0	0	0	0	0	0	0	0
2021-10-18	0	1088903	0	0	1113353	1089392	0	0	0	0	0	582035	950560	0	1100292	315867	582703	0	0	0	0	0	0	0	0	0	0	0	0	0	317306	545144	0	0	0	0	0	0	0	1067791	0	0	0	566626	0	1102493	0	632221	1157005	0	0	0	0	0	0	0	0	0	0	0	0	0	649310	0	457263	0	513561	0	0	0	0	404639	1406317	0	626792	0	0	0	0	1478273	0	0	0	385781	0	0	0	0	751382	360213	0	0	525817	0	0	1112408	0	0	883592	443591	553736	1105065	0	0	0	0	0	0	391907	0	1055896	0	628830	0	0	0	0	0	0	0	386891	0	0	0	0	0	0	0	1139754	0	0	0	0	0	0	0	0	0	0	0	584018	0	0	0	0	0	657377	0	1217533	0	0	0	0	0	0	0	0	1024290	0	0	1018121	0	559987	0	0	1065646	0	0	0	0	0	0	0	298159	0	0	0	0	598364	0	0	0	0	360135	0	0	0	588644	0	0	0	913929	0	0	0	357056	0
2022-04-11	134112	174864	0	168608	424696	493256	138400	399168	523776	591000	295456	82920	367984	97224	492664	161112	296568	493160	344488	0	110328	289544	264208	60864	334760	43144	216496	619744	230544	417400	278216	135384	51056	149224	347912	201904	256840	79904	261168	416600	479664	134784	180224	116344	347080	340088	241232	199264	425128	230992	199264	399320	450520	82920	373680	204032	60688	514560	206344	199360	292568	227064	180224	215712	483368	138400	158168	391920	469328	82920	0	31680	484288	176928	40848	466384	114432	157440	67624	392456	127968	199360	476576	343216	60864	177128	202424	139128	321168	178616	41824	438392	127824	82920	442816	375888	386056	82920	431880	308776	60184	457512	376656	139128	542032	284600	19040	574384	383800	130072	318256	205328	81192	414456	311768	60184	364576	193648	41096	512568	147424	199264	297272	255704	41096	643128	277160	157440	477376	421520	157440	445336	270216	97304	124128	372832	292576	159016	480560	479912	60864	207032	93304	248256	439176	118176	60136	81736	487424	244496	180224	287152	68024	97304	444928	178104	0	281136	89592	199264	371680	112696	157440	52248	254784	296320	264328	199264	80464	443096	199896	138672	319776	63912	40848	67624	469160	232416	101960	330792	159360	97304	417808	101880	116344	415216	369168	199264	511384	268488	139128	201656	109824	101960	344688	142680	157440
2022-05-16	354320	0	0	0	0	0	0	0	0	0	0	0	0	0	0	0	0	0	0	0	0	0	0	0	0	0	0	0	0	0	0	0	0	0	0	0	0	0	0	0	0	0	0	0	0	0	0	0	0	0	0	0	0	0	0	0	0	0	0	0	0	0	0	0	0	0	0	0	0	0	0	0	0	0	0	0	0	0	0	0	0	0	0	0	0	0	0	0	0	0	0	0	0	0	0	0	0	0	0	0	0	0	0	0	0	0	0	0	0	0	0	0	0	0	0	0	0	0	0	0	0	0	0	0	0	0	0	0	0	0	0	0	0	0	0	0	0	0	0	0	0	0	0	0	0	0	0	0	0	0	0	0	0	0	0	0	0	0	0	0	0	0	0	0	0	0	0	0	0	0	0	0	0	0	0	0	0	0	0	0	0	0	0	0	0	0	0	0	0	0	0	0	0	0	0	0	0
2022-06-27	274544	325296	81192	284704	478664	196680	199264	313184	498608	483464	193208	60864	430368	123792	250696	80760	296568	340568	219712	158168	150992	378984	197512	82920	219248	82864	139176	179168	346792	278344	96624	97304	195048	184408	188496	156216	60184	157440	256360	428024	144608	85032	158168	19040	163832	270928	70544	60864	313352	241136	199264	237512	267072	180224	376920	384224	138672	305384	84328	40344	481048	150848	97304	289544	222984	199264	241088	324416	462000	0	318408	53376	521200	221688	40848	436360	211064	0	122400	448632	185832	19840	559784	222424	101960	143296	150664	60864	161960	194000	199264	425880	364936	0	389216	254440	229880	98160	144168	338016	199360	222632	202712	60864	204280	160664	139128	398552	223448	129296	360296	336368	101032	148896	272128	199360	310440	200976	143784	401624	197888	82920	85912	307696	101960	256304	222760	116344	301112	417992	102688	260184	76216	83648	128720	315224	40800	139176	181616	212008	199264	350952	128768	265656	532056	76344	0	71816	240712	136600	60136	415144	73104	157440	378752	286016	157440	0	345088	157440	0	0	0	0	0	0	0	0	0	0	0	0	0	0	0	0	0	0	0	0	0	0	0	0	0	0	0	0	0	0	0	0	0	0	0	0	0
2022-07-11	0	1088903	606618	0	1113353	1089392	0	0	0	1395387	340522	582035	950560	213371	1100292	0	582703	1090568	0	0	210462	0	315854	0	646335	377032	227227	0	0	1010227	0	0	386854	323063	0	0	0	653145	0	0	1075866	270739	567352	0	0	0	0	632221	1157005	773026	0	0	536219	0	0	0	0	1035987	364226	561459	1110356	357649	0	1048533	457263	0	513561	0	1493578	634559	360446	404639	0	342985	0	1391216	587808	652462	0	1478273	0	651224	1461347	385781	660749	1039000	342998	572874	751382	0	563228	1229749	525817	0	0	1112408	533204	0	883592	443591	553736	0	0	0	1174128	0	0	1194573	0	403212	1055896	410965	628830	2093474	433911	626681	0	0	556687	1023725	386891	0	1124129	0	0	1110104	343851	585370	0	0	0	1268665	358292	0	2124881	1105066	410957	1335104	0	0	0	321448	2093243	0	0	0	657377	0	0	276526	660070	0	274420	586715	1065673	0	557155	1024290	0	0	1018121	345189	0	0	1084134	1065646	0	575553	0	1027421	0	0	1129879	298159	604502	0	1165230	296142	598364	0	0	0	1037900	0	0	0	0	588644	0	0	630418	1827858	0	0	0	0	553998
2022-07-25	0	0	0	339293	0	0	0	0	0	0	0	0	0	213371	0	0	0	0	0	0	210462	0	0	0	0	0	0	0	0	0	0	0	0	0	0	0	0	0	0	0	0	0	567352	0	0	0	0	0	0	0	0	0	0	0	0	0	0	0	0	0	0	0	0	0	0	0	0	0	0	0	0	0	0	0	0	1391216	0	0	0	0	359784	0	0	0	0	0	0	0	0	0	0	0	0	0	0	0	0	0	0	0	0	0	0	0	0	0	0	0	0	0	0	0	0	0	0	0	0	0	0	0	0	0	0	0	0	0	0	0	0	0	0	0	0	0	0	0	0	0	0	0	0	0	0	0	0	0	0	0	0	0	0	0	0	0	0	0	0	0	0	0	0	0	0	0	0	0	0	0	0	0	0	0	0	0	0	0	0	0	0	0	0	570321	0	0	0	0	0	0	0	0	0	0	0	0	0	0	0
2022-08-01	0	0	0	0	0	0	0	0	0	0	0	0	0	4054049	1100292	0	582703	0	0	0	1894158	0	0	0	0	0	0	0	0	0	0	0	0	0	0	0	0	0	0	0	0	0	0	566626	731835	0	0	0	0	0	0	1093903	536219	621573	0	0	0	0	0	0	0	0	649310	0	0	0	0	0	0	0	0	0	0	0	0	0	0	0	0	0	0	0	0	0	0	1039000	0	572874	0	0	0	0	0	0	0	0	0	0	0	887182	553736	0	0	0	0	0	0	0	0	0	1055896	0	0	0	0	0	0	0	0	0	0	0	0	0	0	0	0	0	0	0	0	0	0	0	0	0	0	0	0	0	0	0	0	0	1240328	0	0	0	0	0	0	0	0	0	0	0	0	1024290	0	0	0	0	0	0	0	1065646	321414	0	0	0	0	0	0	0	0	0	0	0	0	1029574	0	0	0	0	0	1079171	0	0	0	0	0	0	0	0	1014038	0	0
2022-08-08	0	0	606618	0	1113353	0	0	0	1121273	1395387	0	0	950560	3413936	0	315867	0	0	340348	603411	3577854	0	0	0	646335	377032	0	973434	578234	1010227	0	0	0	0	0	0	629145	653145	0	0	0	0	0	0	0	1102493	0	0	0	386513	0	0	0	0	957274	433476	523977	0	0	0	0	357649	0	1048533	0	651083	0	0	1493578	0	360446	404639	1406317	342985	626792	0	0	0	218658	1478273	0	651224	0	385781	660749	0	0	0	751382	0	0	0	0	0	0	0	533204	0	0	0	0	1105065	472952	0	1174128	0	699136	0	0	0	0	0	0	0	0	626681	0	342122	0	1023725	0	0	0	0	603182	0	0	0	0	0	0	1268665	0	0	2124881	1105066	410957	0	0	1111185	584018	0	0	797384	0	0	0	0	0	0	660070	1067810	0	586715	0	346643	0	0	0	0	0	0	1119974	1991813	0	0	0	0	0	0	0	566656	0	298159	0	0	1165230	296142	0	0	342021	0	0	0	0	0	387284	588644	0	0	0	913929	0	573415	0	0	553998
2022-08-15	0	0	0	0	0	0	0	0	0	0	0	0	0	1280226	0	0	0	0	0	0	1473234	0	0	0	0	0	0	0	0	0	0	0	0	0	0	0	0	0	0	0	0	0	0	0	0	0	0	0	0	0	0	0	0	0	0	0	0	0	0	0	0	0	0	0	0	0	0	0	0	0	0	0	0	0	0	0	0	0	0	0	0	0	0	0	0	0	0	0	0	0	0	0	0	0	0	0	0	0	0	0	0	0	0	0	0	0	0	0	0	0	0	0	0	0	0	0	0	0	0	0	0	0	0	0	0	0	0	0	0	0	0	0	0	0	0	0	0	0	0	0	0	0	0	0	0	0	0	0	0	0	0	0	0	0	0	0	0	0	0	0	0	0	0	0	0	0	0	0	0	0	0	0	0	0	0	0	0	0	0	0	0	0	0	0	0	0	0	0	0	0	0	0	0	0	0	0	0
2022-08-22	1000195	9741572	1213236	339293	3340059	4357568	911385	1050838	1121273	2790774	1021566	0	1901120	640113	2200584	631734	582703	1090568	680696	603411	210462	1097800	315854	1854630	1292670	377032	227227	0	578234	3030681	634612	545144	386854	323063	0	339336	629145	653145	1154292	2135582	0	270739	2269408	1133252	731835	0	292598	632221	1157005	386513	638479	2187806	1072438	1243146	2871822	866952	523977	3107961	728452	561459	2220712	0	649310	3145599	457263	651083	513561	1109100	1493578	634559	360446	404639	4218951	1028955	626792	5564864	0	1957386	218658	0	3597840	651224	0	771562	1321498	2078000	685996	0	1502764	720426	1689684	2459498	1577451	1501455	0	2224816	1599612	705630	0	1330773	1107472	2210130	0	599466	2348256	416177	1398272	2389146	1175721	403212	2111792	1232895	0	1046737	433911	0	1008290	1026366	556687	2047450	0	1130284	3372387	342420	1206364	2220208	1031553	1756110	0	1942896	616122	2537330	358292	0	0	2210132	410957	667552	0	2222370	1168036	642896	4186486	797384	2480656	726828	657377	11365936	3652599	553052	660070	1067810	0	1173430	1065673	346643	0	3072870	0	564248	0	345189	559987	3983626	1084134	2131292	0	575553	5974956	3082263	0	1133312	3389637	596318	604502	214862	0	296142	598364	0	0	2281284	3113700	720270	570838	3237513	0	1765932	0	718526	630418	0	0	1146830	2028076	714112	553998
2022-08-29	0	0	0	0	0	0	0	0	0	0	0	0	0	1066855	0	315867	0	0	0	0	0	0	0	0	0	0	0	0	0	0	0	2725720	0	0	0	0	0	0	0	0	0	0	0	0	0	0	0	0	0	0	0	0	0	0	0	0	523977	0	0	0	0	0	0	0	0	0	0	0	0	0	0	0	0	0	0	0	0	0	2186580	0	0	0	0	0	0	0	0	0	0	0	0	0	0	0	0	0	0	0	883592	0	0	0	0	0	0	0	0	0	0	0	0	0	0	0	0	0	0	0	0	0	0	0	0	0	0	0	0	0	0	0	0	0	0	0	0	0	0	0	1113085	0	0	0	2093243	0	0	0	0	0	0	0	0	0	274420	0	0	0	0	0	0	0	0	0	0	0	0	0	0	0	0	0	0	7366528	0	0	0	1718896	1165230	0	0	0	342021	0	0	0	0	0	0	0	0	0	0	0	0	0	0	0	0
2022-09-05	0	0	0	0	0	0	0	0	0	0	0	0	0	1706968	0	0	0	0	0	0	0	0	0	0	0	0	0	0	0	0	0	0	0	0	0	0	0	0	0	0	0	0	0	0	0	0	0	0	0	0	0	0	0	0	0	0	0	0	0	0	0	0	0	0	0	0	0	0	0	0	0	0	0	0	0	0	0	0	0	0	0	0	0	0	0	0	0	0	0	0	0	0	0	0	0	0	0	0	0	0	0	0	0	0	0	0	0	0	0	0	0	0	0	0	0	0	0	0	0	0	0	0	0	0	0	0	0	0	0	0	0	0	0	0	0	0	0	0	0	0	0	0	0	0	0	0	0	0	0	0	0	0	0	0	0	0	0	0	0	0	0	0	0	0	0	0	0	0	0	0	0	0	0	0	0	1933758	0	0	0	0	0	0	0	0	0	0	0	0	0	0	0	0	0	0	0	0	0
2022-10-03	307465	0	0	0	0	0	0	0	1121273	1395387	340522	582035	0	0	1100292	315867	582703	1090568	340348	603411	0	0	315854	618210	0	0	0	973434	578234	0	0	545144	386854	0	1084082	0	629145	653145	0	1067791	1075866	270739	0	0	0	1102493	292598	632221	1157005	0	0	1093903	0	621573	0	433476	523977	1035987	364226	0	1110356	357649	0	1048533	457263	0	513561	0	0	0	360446	0	1406317	342985	0	1391216	293904	652462	0	0	0	651224	1461347	385781	660749	1039000	342998	0	0	360213	0	1229749	525817	500485	0	1112408	533204	352815	0	443591	553736	0	472952	0	1174128	416177	699136	0	391907	0	1055896	0	628830	1046737	433911	0	1008290	342122	0	0	0	565142	0	342420	603182	1110104	0	0	1139754	485724	0	1268665	358292	725020	2124881	0	0	667552	1113085	1111185	584018	0	0	797384	1240328	0	0	2841484	0	0	0	0	274420	586715	0	346643	557155	0	320134	564248	0	0	559987	1991813	0	0	321414	0	1991652	1027421	321582	566656	1129879	0	604502	214862	1165230	0	0	0	342021	570321	1037900	360135	0	1079171	387284	0	0	0	630418	0	0	0	1014038	0	553998
2022-11-14	0	0	0	0	0	0	623432	525419	0	0	0	0	0	0	0	315867	0	0	340348	0	210462	0	0	0	0	0	0	0	0	0	0	0	0	0	0	339336	629145	653145	0	0	0	0	0	0	0	0	0	0	0	0	0	0	0	0	0	0	0	0	0	0	0	0	0	0	0	0	0	0	0	0	0	0	0	0	626792	0	0	0	0	0	0	0	0	0	0	0	0	0	0	0	0	0	0	0	0	0	0	0	0	0	0	0	0	0	0	0	0	0	0	0	1055896	0	0	0	0	0	0	0	0	0	0	0	0	0	0	0	0	0	0	0	0	0	0	0	0	0	0	0	0	0	0	0	0	0	0	0	0	0	0	0	0	0	0	0	0	0	0	0	0	0	0	0	0	0	0	0	0	0	0	0	0	0	0	0	0	0	0	296142	0	0	684042	570321	1037900	0	0	0	0	588644	0	0	0	0	0	0	0	0	553998
2022-12-12	307465	1088903	606618	0	1113353	1089392	623432	0	1121273	1395387	340522	582035	950560	213371	1100292	315867	582703	0	0	603411	210462	1097800	315854	0	0	377032	227227	1946868	578234	1010227	317306	545144	386854	323063	1084082	339336	629145	653145	384764	1067791	1075866	270739	567352	1133252	731835	1102493	292598	1264442	1157005	386513	638479	1093903	536219	621573	957274	433476	523977	2071974	364226	561459	1110356	357649	649310	1048533	914526	651083	513561	1109100	1493578	634559	360446	404639	1406317	342985	626792	1391216	293904	652462	218658	1478273	359784	651224	1461347	385781	660749	1039000	685996	572874	751382	360213	563228	1229749	525817	500485	932103	1112408	533204	352815	883592	443591	553736	1105065	472952	599466	1174128	416177	699136	1194573	391907	403212	1055896	410965	628830	1046737	433911	626681	1008290	342122	556687	1023725	386891	565142	1124129	342420	603182	1110104	343851	585370	1139754	485724	616122	1268665	1074876	725020	2124881	1105066	410957	667552	1113085	1111185	584018	321448	2093243	797384	2480656	242276	657377	2841484	1217533	276526	660070	1067810	274420	586715	1065673	346643	557155	1024290	320134	564248	1018121	345189	559987	1991813	1084134	2131292	321414	575553	1991652	1027421	321582	566656	1129879	298159	604502	214862	1165230	296142	598364	1029574	342021	570321	1037900	360135	1141676	1079171	387284	588644	1067107	359263	630418	913929	342371	573415	0	357056	553998
2022-12-26	307465	2177806	606618	339293	1113353	1089392	623432	525419	1121273	1395387	340522	582035	950560	213371	1100292	315867	582703	1090568	340348	603411	210462	1097800	315854	618210	646335	377032	227227	973434	578234	1010227	317306	545144	386854	323063	1084082	339336	629145	653145	384764	1067791	1075866	270739	567352	566626	731835	1102493	292598	632221	1157005	386513	638479	1093903	536219	621573	957274	433476	523977	1035987	364226	561459	1110356	357649	649310	1048533	457263	651083	513561	1109100	1493578	634559	360446	404639	1406317	342985	626792	1391216	293904	652462	218658	1478273	359784	651224	1461347	385781	660749	1039000	342998	572874	751382	360213	563228	1229749	525817	500485	932103	1112408	0	352815	0	443591	553736	0	0	599466	0	0	0	0	0	0	0	0	0	0	0	0	0	0	0	0	0	0	0	0	0	0	0	0	0	0	0	0	0	0	0	0	0	0	0	0	0	0	0	0	0	0	0	0	0	0	0	0	0	0	0	0	0	0	0	0	0	0	0	0	0	0	0	0	0	0	0	0	0	0	0	0	0	0	0	0	0	0	0	0	0	0	0	0	0	0	0	0	0	0	0	0	0
2023-01-02	0	0	0	0	0	0	0	0	0	0	0	0	0	0	0	0	0	0	0	0	0	0	0	0	0	0	0	0	0	0	317306	0	0	323063	0	0	0	0	384764	0	0	0	0	0	0	0	0	0	0	386513	0	0	0	0	0	0	523977	0	0	0	0	0	0	0	0	0	0	0	0	1269118	0	0	0	0	0	0	0	0	218658	0	0	0	0	0	0	0	0	0	0	0	563228	0	0	0	0	0	0	0	0	0	0	1105065	0	0	0	416177	0	0	0	0	0	410965	0	0	0	0	0	0	0	0	386891	0	0	0	603182	0	0	0	0	0	0	0	0	0	2124881	0	0	0	0	0	0	0	0	0	0	242276	0	0	0	0	0	0	0	0	0	0	0	0	0	0	0	0	0	0	0	0	0	0	1991652	0	0	0	0	0	604502	0	1165230	296142	0	0	342021	1140642	0	0	0	0	0	0	0	0	0	0	0	0	0	0	0
2023-01-09	0	0	0	0	0	0	0	0	0	0	0	0	0	0	0	0	0	0	0	0	0	0	0	0	0	0	0	0	0	0	0	0	0	0	0	0	0	0	0	0	0	0	0	0	0	0	0	0	0	0	0	0	0	0	0	0	0	0	0	0	0	0	0	0	0	0	0	0	0	0	0	0	0	0	0	0	0	0	0	0	0	0	0	0	0	0	0	0	0	0	0	0	0	0	0	0	533204	0	883592	0	0	1105065	472952	0	1174128	416177	699136	1194573	391907	403212	1055896	410965	628830	1046737	433911	626681	1008290	342122	556687	1023725	386891	565142	1124129	342420	603182	1110104	343851	585370	1139754	485724	616122	1268665	358292	725020	2124881	1105066	410957	667552	1113085	1111185	584018	321448	2093243	797384	1240328	242276	657377	2841484	1217533	276526	660070	1067810	274420	586715	1065673	346643	557155	1024290	320134	564248	1018121	345189	559987	1991813	1084134	1065646	321414	575553	1991652	1027421	321582	566656	1129879	298159	604502	214862	1165230	296142	598364	1029574	342021	570321	1037900	360135	570838	1079171	387284	588644	1067107	359263	630418	913929	342371	573415	1014038	357056	553998
2023-01-30	0	1088903	0	0	0	0	0	0	0	0	0	0	0	0	0	0	0	0	0	0	0	0	0	0	0	0	0	0	0	0	0	0	0	0	0	0	0	0	0	0	0	0	0	0	0	0	0	0	0	0	0	0	0	0	0	0	0	0	0	0	0	0	0	0	0	0	0	0	0	0	0	0	0	0	0	0	0	0	0	0	0	0	0	0	0	0	0	0	0	0	0	0	0	0	0	0	0	0	0	0	0	0	0	0	0	0	0	0	0	0	0	0	0	0	0	0	0	0	0	0	0	0	0	0	0	0	0	0	0	0	0	0	0	0	0	0	0	0	0	0	0	0	0	0	0	0	0	0	0	0	0	0	0	0	0	0	0	0	0	0	0	0	0	0	0	0	0	0	0	0	0	0	0	0	0	0	0	0	0	0	0	0	0	0	0	0	0	0	0	0	0	0	0	0	0	0	0
2023-02-13	0	0	0	339293	0	0	0	0	0	0	0	0	0	0	0	0	0	0	0	0	0	0	0	0	0	0	0	0	0	0	0	0	0	323063	0	0	0	0	0	0	0	0	567352	0	0	0	292598	0	0	0	0	0	0	0	0	0	0	0	0	0	0	0	0	0	0	0	0	0	0	0	0	0	0	0	0	1391216	0	0	0	0	0	0	0	0	0	0	0	0	0	0	0	0	0	0	0	0	0	0	0	0	0	0	472952	0	0	0	0	0	0	0	0	0	0	0	0	0	0	0	0	0	386891	0	0	0	0	0	0	0	0	0	0	1268665	0	0	0	0	0	0	0	0	0	0	0	0	0	0	0	0	0	0	0	0	0	0	0	0	0	0	0	0	0	0	0	0	0	0	0	0	0	0	0	0	0	0	0	0	0	0	0	0	0	0	0	0	0	0	0	0	0	0	0	0	0	0	0	0	0
2023-02-20	0	0	0	0	0	0	0	0	0	0	0	0	0	0	0	0	0	0	0	0	0	0	0	0	0	0	0	0	0	0	0	0	0	0	0	0	0	0	0	0	0	0	0	0	0	0	0	0	0	0	0	0	0	0	0	0	0	0	0	0	0	0	0	0	0	0	0	0	0	0	0	0	0	0	0	0	0	0	0	0	0	0	0	0	0	0	0	0	0	0	0	0	0	0	0	0	0	0	0	0	553736	0	0	0	0	0	0	0	0	0	0	0	0	0	0	0	0	0	0	0	0	0	0	0	0	0	0	0	0	0	0	0	0	0	0	0	0	0	0	0	0	0	0	0	0	0	0	0	0	0	0	0	0	0	0	0	0	0	0	0	0	0	0	0	0	0	0	0	0	0	0	0	0	0	0	0	0	0	0	0	0	570321	0	0	0	0	0	0	0	0	0	0	0	0	0	0	0
2023-03-27	0	0	0	0	0	0	0	0	0	0	0	0	0	0	0	0	0	0	0	0	0	0	0	0	0	0	0	0	0	0	0	0	0	0	0	0	629145	0	0	0	0	0	0	0	0	0	0	0	0	0	0	0	0	0	0	0	0	0	0	0	0	0	0	0	0	0	0	0	0	0	0	0	0	0	0	0	0	0	0	0	0	0	0	0	0	0	0	0	0	0	0	0	0	0	0	0	0	0	0	0	0	0	0	0	0	0	0	0	0	0	0	0	0	0	0	0	0	0	0	0	0	0	0	0	0	0	0	0	0	0	0	0	0	0	0	0	0	0	0	0	0	0	0	0	0	0	0	0	0	0	0	0	0	0	0	0	0	0	0	0	0	0	0	0	0	0	0	0	0	0	0	0	0	0	0	0	0	0	0	0	0	0	0	0	0	0	0	0	0	0	0	0	0	0	0	0	0
2023-04-10	0	0	0	0	0	0	0	0	0	0	0	0	0	0	0	0	582703	0	0	0	0	0	0	0	0	0	0	0	0	0	0	0	0	0	0	0	0	0	0	0	0	0	567352	0	0	0	0	0	1157005	0	0	0	0	0	0	0	0	0	0	0	0	0	649310	0	0	0	0	1109100	0	0	0	0	0	0	0	1391216	0	0	0	0	359784	0	0	0	0	1039000	0	0	0	0	0	0	0	0	0	0	0	0	0	443591	553736	0	0	0	0	0	0	0	0	0	1055896	0	628830	0	0	0	0	0	0	0	0	0	0	0	0	0	0	0	0	0	0	0	0	0	0	0	0	0	0	0	0	321448	0	0	1240328	0	0	2841484	0	0	0	0	0	0	0	0	557155	0	320134	0	0	0	0	0	0	1065646	0	0	0	0	321582	0	0	0	0	0	0	0	0	0	0	570321	0	0	0	1079171	0	0	0	0	0	0	0	0	0	0	0
2023-04-24	0	0	0	0	0	0	0	0	0	0	0	0	0	0	0	0	0	0	0	0	0	0	0	0	0	0	0	0	0	0	0	0	0	0	0	0	0	0	0	0	0	0	0	0	0	0	0	0	0	0	0	0	0	0	0	0	0	0	0	0	0	0	0	0	0	0	0	0	0	0	0	0	0	0	0	0	0	0	0	0	0	0	0	0	0	0	0	0	0	0	0	0	0	0	0	0	0	0	0	0	0	0	0	0	0	0	0	0	0	0	0	0	0	0	0	0	0	0	0	0	0	0	0	0	0	0	0	0	0	0	0	0	0	0	0	0	0	0	0	0	0	0	0	0	0	0	0	0	0	0	0	0	0	0	0	0	0	0	0	0	0	0	0	0	1084134	0	0	0	0	0	0	0	0	0	0	0	0	0	0	0	0	0	0	0	0	0	0	0	0	0	0	0	0	0	0	0	0
2023-05-01	0	0	0	0	0	0	0	0	0	0	0	0	0	0	0	0	0	1090568	0	0	0	0	0	0	646335	0	0	0	0	0	0	0	0	0	0	0	0	0	0	0	0	0	0	0	0	0	0	0	0	0	0	0	0	0	0	0	0	0	0	0	0	0	0	0	0	0	0	0	0	0	0	0	0	0	0	0	0	0	0	0	0	0	0	0	0	0	0	0	0	0	0	0	0	0	0	0	0	0	0	0	0	0	0	0	0	0	0	0	0	0	0	0	0	0	0	0	0	0	0	0	0	0	0	0	0	0	0	0	0	0	0	0	0	0	0	0	0	0	0	0	0	0	0	0	0	0	0	0	0	0	0	0	0	0	0	0	0	0	0	0	0	0	0	0	0	0	0	0	0	0	0	0	0	0	0	0	0	0	0	0	0	0	0	0	0	0	0	0	0	0	0	0	0	0	0	0	0
2023-05-08	0	0	0	0	0	0	0	0	0	0	0	0	0	0	0	0	0	0	0	0	0	0	0	0	0	0	0	0	0	0	317306	0	0	0	0	0	0	0	0	0	0	0	567352	0	0	0	0	0	0	0	0	0	536219	0	0	0	0	0	0	0	0	0	0	0	0	0	0	0	0	0	0	0	0	0	0	0	0	0	0	0	359784	0	0	0	0	0	0	0	0	0	0	0	0	0	0	0	0	0	0	0	0	0	0	0	0	0	0	0	0	0	0	0	0	0	0	0	0	0	0	0	0	0	0	0	0	0	0	585370	0	0	0	0	0	0	0	0	0	0	0	0	0	0	0	0	0	0	0	0	0	0	0	0	0	0	0	0	0	0	0	0	0	0	0	0	0	0	0	0	0	0	0	0	0	0	0	214862	0	0	0	0	0	0	0	0	0	0	0	0	0	0	0	0	0	0	0	0	0
2023-05-22	1833096	0	0	0	0	0	0	0	0	0	0	0	0	0	0	0	0	0	0	0	0	0	0	0	0	0	0	0	0	0	0	0	0	0	0	0	0	0	0	0	0	0	0	0	0	0	0	0	0	0	0	0	0	0	0	0	0	0	0	0	0	0	0	0	0	0	0	0	0	0	0	0	0	0	0	0	0	0	0	0	0	0	0	0	0	0	0	0	0	0	0	0	0	0	0	0	0	0	0	0	0	0	0	0	0	0	0	0	0	0	0	0	0	0	0	0	0	0	0	0	0	0	0	0	0	0	0	0	0	0	0	0	0	0	0	0	0	0	0	0	0	0	0	0	0	0	0	0	0	0	0	0	0	0	0	0	0	1024290	0	0	0	0	0	0	0	0	0	0	0	0	0	0	0	0	0	0	0	0	0	0	0	0	0	0	0	0	0	0	0	0	0	0	0	0	0	0	0
2023-05-29	1234680	0	0	0	0	0	0	0	0	0	0	0	0	0	0	0	0	0	0	0	0	0	0	0	0	0	0	0	0	0	0	0	0	0	0	0	0	0	0	0	0	0	0	0	0	0	0	0	0	0	0	0	0	0	0	0	0	0	0	0	0	0	0	0	0	0	0	0	0	0	0	0	0	0	0	0	0	0	0	0	0	0	0	0	0	0	0	0	0	0	0	0	0	0	0	0	0	0	0	0	0	0	0	0	0	0	0	0	0	0	0	0	0	0	0	0	0	0	0	0	0	0	0	0	0	0	0	0	0	0	0	0	0	0	0	0	0	0	0	0	0	0	0	0	0	0	0	0	0	0	0	0	0	0	0	0	0	0	0	0	0	0	0	0	0	0	0	0	0	0	0	0	0	0	0	0	0	0	0	0	0	0	0	0	0	0	0	0	0	0	0	0	0	0	0	0	0
2023-06-05	1159048	0	0	0	0	0	0	0	0	0	0	0	0	0	0	0	0	0	0	0	0	0	0	0	0	0	0	0	0	0	0	0	0	0	0	0	0	0	0	0	0	0	0	0	0	0	0	0	0	0	0	0	0	0	0	0	0	0	0	0	0	0	0	0	0	0	0	0	0	0	0	0	0	0	0	0	0	0	0	0	0	0	0	0	0	0	0	0	0	0	0	0	0	0	0	0	0	0	0	0	0	0	0	0	0	0	0	0	0	0	0	0	0	0	0	0	0	0	0	0	0	0	0	0	0	0	0	0	0	0	0	0	0	0	0	0	0	0	0	0	0	0	0	0	0	0	0	0	0	0	0	0	0	0	0	0	0	0	0	0	0	0	0	0	0	0	0	0	0	0	0	0	0	0	0	0	0	0	0	0	0	0	0	0	0	0	0	0	0	0	0	0	0	0	0	0	0
2023-06-12	1280256	0	0	0	0	0	0	0	0	0	0	0	0	0	0	0	0	0	0	0	0	0	0	0	0	0	0	0	0	0	0	0	0	0	0	0	0	0	0	0	0	0	0	0	0	0	0	0	0	0	0	0	0	0	0	0	0	0	0	0	0	0	0	0	0	0	0	0	0	0	0	0	0	0	0	0	0	0	0	0	0	0	0	0	0	0	0	0	0	0	0	0	0	0	0	0	0	0	0	0	0	0	0	0	0	0	0	0	0	0	0	0	0	0	0	0	0	0	0	0	0	0	0	0	0	0	0	0	0	0	0	0	0	0	0	0	0	0	0	0	0	0	0	0	0	0	0	0	0	0	0	0	0	0	0	0	0	0	0	0	0	0	0	0	0	0	0	0	0	0	0	0	0	0	0	0	0	0	0	0	0	0	0	0	0	0	0	0	0	0	0	0	0	0	0	0	0
2023-06-19	4041032	0	0	0	0	0	0	0	0	0	0	0	0	0	0	0	0	0	0	0	0	0	0	0	0	0	0	0	0	0	0	0	0	0	0	0	0	0	0	0	0	0	0	0	0	0	0	0	0	0	0	0	0	0	0	0	0	0	0	0	0	0	0	0	0	0	0	0	0	0	0	0	0	0	0	0	0	0	0	0	0	0	0	0	0	0	0	0	0	0	0	0	0	0	0	0	0	0	0	0	0	0	0	0	0	0	0	0	0	0	0	0	0	0	0	0	0	0	0	0	0	0	0	0	0	0	0	0	0	0	0	0	0	0	0	0	0	0	0	0	0	0	0	0	0	0	0	0	0	0	0	0	0	0	0	0	0	0	0	0	0	0	0	0	0	0	0	0	0	0	0	0	0	0	0	0	0	0	0	0	0	0	0	0	0	0	0	0	0	0	0	0	0	0	0	0	0
2023-06-26	2126899	0	0	0	0	0	0	0	0	0	0	0	0	0	0	0	0	0	0	0	0	0	0	0	0	0	0	0	0	0	0	0	0	0	0	0	0	0	0	0	0	0	0	0	0	0	0	0	0	0	0	0	0	0	0	0	0	0	0	0	0	0	0	0	0	0	0	0	0	0	0	0	0	0	0	0	0	0	0	0	0	0	0	0	0	0	0	0	0	0	0	0	0	0	0	0	0	0	0	0	0	0	0	0	0	0	0	0	0	0	0	0	0	0	0	0	0	0	0	0	0	0	0	0	0	0	0	0	0	0	0	0	0	0	0	0	0	0	0	0	0	0	0	0	0	0	0	0	0	0	0	0	0	0	0	0	0	0	0	0	0	0	0	0	0	0	0	0	0	0	0	0	0	0	0	0	0	0	0	0	0	0	0	0	0	0	0	0	0	0	0	0	0	0	0	0	0
2023-07-03	1312992	0	0	0	0	0	0	0	0	0	0	0	0	0	0	0	0	0	0	0	0	0	0	0	0	0	0	0	0	0	0	0	0	0	0	0	0	0	0	0	0	0	0	0	0	0	0	0	0	0	0	0	0	0	0	0	0	0	0	0	0	0	0	0	0	0	0	0	0	0	0	0	0	0	0	0	0	0	0	0	0	0	0	0	0	0	0	0	0	0	0	0	0	0	0	0	0	0	0	0	0	0	0	0	0	0	0	0	0	0	0	0	0	0	0	0	0	0	0	0	0	0	0	0	0	0	0	0	0	0	0	0	0	0	0	0	0	0	0	0	0	0	0	0	0	0	0	0	0	0	0	0	0	0	0	0	0	0	0	0	0	0	0	0	0	0	0	0	0	0	0	0	0	0	0	0	0	0	0	0	0	0	0	0	0	0	0	0	0	0	0	0	0	0	0	0	0
2023-07-10	1125728	0	0	0	0	0	0	0	0	0	0	0	0	0	0	0	0	0	0	0	0	0	0	618210	0	0	0	0	0	0	0	0	0	0	0	0	0	0	0	0	0	0	0	0	0	0	0	0	0	0	0	0	0	0	0	0	0	0	0	0	0	0	0	0	0	0	0	0	0	0	0	0	0	0	0	0	0	0	0	0	0	0	0	0	0	0	0	0	0	0	0	0	0	0	0	0	0	0	0	0	0	0	0	0	0	0	0	0	0	0	0	0	0	0	0	0	0	0	0	0	0	0	0	0	0	0	0	0	0	0	0	0	0	0	0	0	0	0	0	0	0	0	0	0	0	0	0	0	0	0	0	0	0	0	0	0	0	0	0	0	0	0	0	0	0	0	0	0	0	0	0	0	0	0	0	0	0	0	0	0	0	0	0	0	0	0	0	0	0	0	0	0	0	0	0	0	0
2023-07-17	1067848	0	0	0	0	0	0	0	0	0	0	0	0	0	0	0	0	0	0	0	0	0	0	0	0	0	0	0	0	0	0	0	0	0	0	0	0	0	384764	0	0	0	0	0	0	0	0	0	0	0	0	0	0	0	0	0	0	0	0	0	0	0	0	0	0	0	0	0	0	0	0	0	0	0	0	0	0	0	0	0	0	0	0	0	0	0	0	0	0	0	0	0	0	0	0	0	0	0	0	0	0	0	0	0	0	0	0	0	0	0	0	0	0	0	0	0	0	0	0	0	0	0	0	0	0	0	0	0	0	0	0	0	0	0	0	0	0	0	0	0	0	0	0	0	0	0	0	0	0	0	0	0	0	0	0	0	0	0	0	0	0	0	0	0	0	0	0	0	0	0	0	0	0	0	0	0	0	0	0	0	0	0	0	0	0	0	0	0	0	0	0	0	0	0	0	0	0
2023-07-24	1497800	0	606618	0	0	0	0	0	0	0	0	0	0	213371	0	0	0	0	0	0	0	0	0	0	0	0	0	0	0	0	0	0	0	0	0	0	0	0	0	0	0	0	0	0	0	0	0	0	0	0	0	0	0	0	0	0	0	0	0	0	0	0	0	0	0	0	0	0	0	0	0	0	0	0	0	0	0	0	0	0	0	0	0	0	0	0	0	0	0	0	0	0	0	0	0	0	0	0	0	0	0	0	0	0	0	0	0	0	0	0	0	0	0	0	0	0	0	0	0	0	0	0	0	0	0	0	0	0	0	0	0	0	0	0	0	0	0	0	0	0	0	0	0	0	0	0	0	0	0	0	0	0	0	0	0	0	0	0	0	0	0	0	0	0	0	0	0	0	0	0	0	0	0	0	0	429724	0	0	0	0	0	0	0	0	0	0	0	0	0	0	0	0	0	0	0	0	0
2023-07-31	1096624	0	606618	339293	0	0	0	0	0	0	0	0	950560	0	0	0	0	0	0	0	0	0	0	0	0	0	0	0	0	0	0	0	0	0	0	0	0	0	0	0	0	0	0	566626	0	0	0	0	0	0	0	0	0	0	0	0	0	0	0	0	0	0	0	0	0	0	0	0	0	0	0	0	0	0	0	0	0	0	0	0	0	0	0	0	0	0	0	0	0	0	0	0	0	0	0	0	0	0	0	0	0	0	0	0	0	0	0	0	0	0	0	0	0	0	0	0	0	0	0	0	386891	0	0	0	0	0	0	0	0	0	0	0	0	0	0	0	0	0	0	0	0	0	0	0	0	0	0	0	0	0	0	0	0	0	0	0	0	0	0	0	0	0	0	0	0	0	0	575553	0	0	0	0	0	0	0	0	0	0	0	0	0	570321	0	0	0	0	0	0	0	0	0	913929	0	0	0	0	553998
2023-08-07	1192224	0	0	0	0	0	0	525419	0	0	0	0	0	0	0	0	0	0	340348	0	0	0	0	0	0	0	0	0	0	0	0	0	0	0	0	0	0	0	0	0	0	0	0	0	0	0	0	0	0	0	0	0	0	0	0	0	0	0	0	0	0	0	0	0	0	0	0	1109100	0	0	0	0	0	0	626792	0	0	0	0	0	0	0	0	0	0	0	0	572874	0	0	0	0	0	0	932103	0	0	0	0	0	0	0	0	0	0	0	0	0	0	0	0	0	0	0	0	0	0	0	0	0	0	0	0	0	0	0	0	0	0	0	0	0	0	0	0	0	0	0	0	0	0	0	0	0	0	0	0	0	0	0	0	0	0	0	0	0	0	0	0	0	0	0	0	0	0	0	0	0	0	0	0	0	0	0	0	0	0	0	0	0	0	0	0	0	0	0	0	0	0	0	0	0	0	0	0	0	0
2023-08-14	1306232	0	0	0	0	0	0	0	0	0	0	0	0	0	0	0	0	0	0	0	0	0	0	0	0	0	0	0	0	0	0	0	0	0	0	0	0	0	0	0	0	0	0	0	0	0	0	0	0	0	0	0	0	0	0	0	0	0	0	0	0	0	0	0	0	0	0	0	0	0	0	0	0	0	0	0	0	0	0	0	0	0	0	0	0	0	0	0	0	0	0	1229749	0	0	0	0	0	0	0	0	0	0	0	0	0	0	0	0	0	0	0	0	0	0	0	0	0	0	0	0	0	0	0	0	0	0	0	0	0	0	0	0	0	0	0	0	0	0	0	0	0	0	0	0	0	0	0	0	0	0	0	0	0	0	0	0	0	0	0	0	0	0	0	0	0	0	0	0	0	0	0	0	0	0	0	0	0	0	0	0	0	0	0	0	0	0	0	0	0	0	0	0	0	0	0	0	0
2023-08-21	1529328	0	0	0	0	0	0	0	0	0	0	0	0	0	0	0	0	0	0	0	0	0	0	0	0	0	0	0	0	0	0	0	0	0	0	0	0	0	0	0	0	0	0	0	0	0	0	0	0	0	0	0	0	0	0	0	0	0	0	0	0	0	0	0	0	0	0	0	0	0	0	0	0	0	0	0	0	0	0	0	0	0	0	0	0	0	0	0	0	0	0	0	0	0	0	0	0	0	0	0	0	0	0	0	0	0	0	0	0	0	0	0	0	0	0	0	0	0	0	0	0	0	0	0	0	0	0	0	0	0	0	0	0	0	0	0	0	0	0	0	0	0	0	0	0	0	0	0	0	0	0	0	0	0	0	0	0	0	0	0	0	0	0	0	0	0	0	0	0	0	0	0	0	0	0	0	0	0	0	0	0	0	0	0	0	0	0	0	0	0	0	0	0	0	0	0	0
2023-08-28	1754104	0	0	0	0	0	0	0	0	0	0	0	0	426742	0	0	0	0	0	0	0	0	0	0	0	0	0	0	0	0	0	0	0	0	0	0	0	0	0	0	0	0	0	0	0	0	0	0	0	0	0	0	0	0	0	0	0	0	0	0	0	0	0	0	0	0	0	0	0	0	0	0	0	0	0	0	0	0	0	0	0	0	0	0	0	0	0	0	0	0	0	0	0	0	0	0	0	0	0	0	0	0	0	0	0	0	0	0	0	0	0	0	0	0	0	0	0	0	0	0	0	0	0	0	0	0	0	0	0	0	0	0	0	0	0	0	0	0	0	0	0	0	0	0	0	0	0	0	0	0	0	0	0	0	0	0	0	0	0	0	0	345189	0	0	0	0	0	0	0	0	0	0	0	0	0	0	0	0	0	0	0	0	0	0	0	0	0	0	0	0	0	0	342371	0	0	0	0
2023-09-04	1204000	0	0	0	0	0	0	0	0	0	0	0	0	0	0	0	0	0	0	0	0	0	0	0	0	0	0	0	0	0	0	0	0	0	0	0	0	0	0	0	0	0	0	0	0	0	0	0	0	0	0	0	0	0	0	0	0	0	0	0	0	0	0	0	0	0	0	0	0	0	0	0	0	0	0	0	0	0	0	0	0	0	0	0	0	0	0	0	0	0	0	0	0	0	0	0	0	0	0	0	0	0	0	0	0	0	0	0	0	0	0	0	0	0	0	0	0	0	0	0	0	0	0	0	0	0	0	0	0	0	0	0	0	0	0	0	0	0	0	0	0	0	0	0	0	0	0	0	0	0	0	0	0	0	0	0	0	0	0	0	0	0	0	0	0	0	0	0	0	0	0	0	0	0	0	0	0	0	0	0	0	0	0	0	0	0	0	0	0	0	0	0	0	0	0	0	0
2023-09-11	1525728	0	0	0	0	0	0	0	0	0	0	0	0	0	0	0	0	0	0	0	0	0	0	0	0	0	0	0	0	0	0	0	0	0	0	0	0	0	0	0	0	0	0	0	0	0	0	0	0	0	0	0	0	0	0	0	0	0	0	0	0	0	0	0	0	0	0	0	0	0	0	0	0	0	0	0	0	0	0	0	0	0	0	0	0	0	0	0	0	0	0	0	0	0	0	0	0	0	0	0	0	0	0	0	0	0	0	0	0	0	0	0	0	0	0	0	0	0	0	0	0	0	0	0	0	0	0	0	0	0	0	0	0	0	0	0	0	0	0	0	0	0	0	0	0	0	0	0	0	0	0	0	0	0	0	0	0	0	0	0	0	0	0	0	0	0	0	0	0	0	0	0	0	0	0	0	0	0	0	0	0	0	0	0	0	0	0	0	0	0	0	0	0	0	0	0	0
2023-09-18	1564640	0	606618	0	0	0	0	0	0	0	0	0	0	0	0	0	0	0	0	0	0	0	0	0	0	0	0	0	0	0	0	0	0	0	0	0	0	0	0	0	0	0	0	0	0	0	0	0	0	0	0	0	0	0	0	0	0	0	0	0	0	0	0	0	0	0	0	0	0	0	0	0	0	0	0	0	0	0	0	0	0	0	0	0	0	0	0	0	0	0	0	0	0	0	0	0	0	0	0	0	0	0	0	0	0	0	0	0	0	0	0	0	0	0	0	0	0	0	0	0	0	0	0	0	0	0	0	0	1139754	0	0	0	0	0	0	0	0	0	0	0	0	0	0	0	0	0	0	0	0	0	0	0	0	0	0	0	0	0	0	0	0	0	0	0	0	0	0	0	0	0	0	0	0	0	0	0	0	0	0	0	0	0	0	0	0	0	0	0	0	0	0	0	0	0	0	0	0
2023-09-25	1499360	0	0	0	0	0	0	0	0	0	0	0	0	0	0	0	0	0	0	0	0	0	0	0	0	0	0	0	0	0	0	0	0	0	0	0	0	0	0	0	0	0	0	0	0	0	0	0	0	0	0	0	0	0	0	0	0	0	0	0	0	0	0	0	0	0	0	0	0	0	0	0	0	0	0	0	0	0	0	0	0	0	0	0	0	0	0	0	0	0	0	0	0	0	0	0	0	0	0	0	0	0	0	0	0	0	0	0	0	0	0	0	0	0	0	0	0	0	0	0	0	0	0	0	0	0	0	0	0	0	0	0	0	0	0	0	0	0	0	0	0	0	0	0	0	0	0	0	0	0	0	0	0	0	0	0	0	0	0	0	0	0	0	0	0	0	0	0	0	0	0	0	0	0	0	0	0	0	0	0	0	0	0	0	0	0	0	0	0	0	0	0	0	0	0	0	0
2023-10-02	262936	0	0	0	0	0	0	0	0	0	0	0	0	0	0	0	0	0	0	0	0	0	0	0	0	0	0	0	0	0	0	0	0	0	0	0	0	0	0	0	0	0	0	0	0	0	0	0	0	0	0	0	0	0	0	0	0	0	0	0	0	0	0	0	0	0	513561	0	0	0	0	0	0	0	0	0	0	0	0	0	0	0	0	0	0	0	0	0	0	0	0	0	0	0	0	0	0	0	0	0	0	0	0	0	0	0	0	0	0	0	0	0	0	0	0	0	0	0	0	0	0	0	0	0	0	0	0	0	0	0	0	0	0	0	0	0	0	0	0	0	0	0	0	0	0	0	0	0	0	0	0	0	0	0	0	0	0	0	0	0	0	0	0	0	0	0	0	0	0	0	0	0	0	0	0	0	0	0	0	0	0	0	0	0	0	0	0	0	0	0	0	0	0	0	0	0	0
2023-10-09	253328	0	0	0	0	0	0	0	0	0	0	0	0	0	0	0	0	0	0	0	0	0	0	0	0	0	0	0	0	0	0	0	0	0	0	0	0	0	0	0	0	0	0	0	0	0	0	0	0	0	0	0	0	0	0	0	0	0	0	0	0	0	0	0	0	0	0	0	0	0	0	0	0	0	0	0	0	0	0	0	0	0	0	0	0	0	0	0	0	0	0	0	0	0	0	0	0	0	0	0	0	0	0	0	0	0	0	0	0	0	0	0	0	0	0	0	0	0	0	0	0	0	0	0	0	0	0	0	0	0	0	0	0	0	0	0	0	0	0	0	0	0	0	0	0	0	0	0	0	0	0	0	0	0	0	0	0	0	0	0	0	0	0	0	0	0	0	0	0	0	0	0	0	0	0	0	0	0	0	0	0	0	0	0	0	0	0	0	0	0	0	0	0	0	0	0	0
2023-10-16	221456	0	0	339293	0	0	0	0	0	0	0	0	0	0	0	0	0	0	0	0	0	0	0	0	0	0	0	0	0	0	0	0	0	0	0	0	0	0	0	0	0	0	0	0	0	0	0	0	0	0	0	0	0	0	0	0	0	0	0	0	0	0	0	0	0	0	0	0	0	634559	0	0	0	0	626792	1391216	0	0	0	0	359784	0	0	0	0	0	0	0	0	0	0	0	0	0	0	1112408	0	0	0	0	553736	0	0	0	0	0	0	0	0	0	1055896	0	0	0	0	0	0	0	0	0	0	0	0	0	0	0	0	585370	0	0	0	0	0	0	0	0	0	0	0	0	0	0	0	0	1240328	0	657377	2841484	0	0	0	0	0	0	0	0	0	0	0	0	0	0	0	0	0	0	0	0	0	0	0	0	0	0	0	0	0	0	0	0	0	0	0	0	0	0	0	0	0	0	0	0	0	0	0	0	0
2023-10-23	49832	0	0	0	0	0	0	0	0	0	0	0	0	426742	0	0	0	0	0	0	0	0	0	0	0	0	0	0	0	0	0	0	0	0	0	0	0	0	0	0	0	0	0	566626	0	0	0	0	0	0	0	0	0	0	0	0	0	0	0	0	0	0	0	0	0	0	0	0	0	0	0	0	0	0	0	0	0	652462	0	0	0	0	0	0	0	0	0	0	0	0	0	0	0	0	0	0	0	0	0	0	0	0	0	0	0	0	0	0	0	0	0	0	0	0	0	0	0	0	0	0	0	0	0	0	0	0	0	0	0	0	0	0	0	0	0	0	0	0	0	0	0	0	0	0	0	0	0	0	0	0	0	0	0	0	0	0	0	0	0	0	0	0	0	0	0	0	0	0	0	0	0	0	0	0	0	429724	0	0	0	0	0	0	0	0	0	0	0	0	0	0	0	0	0	0	0	0	0
2023-10-30	560233	0	0	0	0	0	0	0	0	0	0	0	0	0	0	0	0	0	0	0	0	0	0	0	0	0	0	0	0	0	0	0	0	0	0	0	0	0	384764	0	0	0	0	0	0	0	0	0	0	0	0	0	0	0	0	0	0	0	0	0	0	715298	0	0	0	0	0	0	0	0	0	0	0	0	0	0	0	0	0	1478273	0	0	0	0	0	0	0	0	0	0	0	0	0	0	0	0	0	0	0	0	0	0	0	0	0	0	0	0	0	0	0	0	0	0	0	0	1008290	0	0	0	0	0	0	0	0	0	0	0	0	0	0	0	0	0	0	0	0	0	0	0	0	0	0	0	0	0	0	0	0	0	0	0	0	0	0	0	0	0	0	0	0	0	0	0	0	0	0	0	0	0	0	0	0	0	0	214862	0	0	0	0	0	0	0	0	0	0	0	0	0	0	0	0	0	0	0	0	0
2023-11-06	478608	0	0	0	0	0	0	0	0	0	0	0	0	0	0	0	0	0	0	0	0	0	0	0	0	0	0	0	0	0	0	0	0	0	0	0	0	0	0	0	0	0	0	0	0	0	0	0	0	0	0	0	0	0	0	0	0	0	0	0	0	0	0	0	0	0	0	0	0	0	0	0	0	0	0	0	0	0	0	0	0	0	0	0	0	0	0	0	0	0	0	0	0	0	0	0	0	0	0	0	0	0	0	0	0	0	0	0	0	0	0	0	0	0	0	0	0	0	0	0	0	0	0	0	0	0	0	0	0	0	0	0	0	0	0	0	0	0	0	0	0	0	0	0	0	0	0	0	0	0	0	0	0	0	0	0	0	0	0	0	0	0	559987	0	0	0	0	0	0	0	0	0	0	0	0	0	0	0	0	0	0	0	0	0	0	0	0	0	0	0	0	0	0	0	0	0	0
2023-11-13	307465	0	0	0	0	0	0	0	0	0	0	0	0	0	0	0	0	0	0	0	0	0	0	0	0	0	0	0	0	0	0	0	0	0	0	0	0	0	0	0	0	0	0	0	0	0	0	0	0	0	0	0	0	0	0	0	0	0	0	0	0	0	0	0	0	0	0	0	0	0	0	0	0	0	0	0	0	0	0	0	0	0	0	0	0	0	0	0	0	0	0	0	0	0	0	0	0	0	0	0	0	0	0	0	0	0	0	0	0	0	0	0	0	0	0	0	0	0	0	0	0	0	0	0	0	0	0	0	0	0	0	0	0	0	0	0	0	0	0	0	0	0	0	0	0	0	0	0	0	0	0	0	0	0	0	0	0	0	0	0	0	0	0	0	0	0	0	0	0	0	0	0	0	0	0	0	0	0	0	0	0	0	0	0	0	0	0	0	0	0	0	0	0	0	0	0	0
2023-11-20	762865	0	0	0	0	0	0	0	0	0	0	0	0	0	0	0	0	0	0	0	0	0	0	0	0	0	0	0	0	0	0	0	0	0	0	0	0	0	0	0	0	0	0	0	0	0	0	0	0	0	0	0	0	0	0	0	0	0	0	0	0	0	0	0	0	0	0	0	0	0	0	0	0	0	0	0	0	0	0	0	0	0	0	0	0	0	0	0	0	0	0	0	0	0	0	0	0	0	0	0	0	0	0	0	0	0	0	0	0	0	0	0	0	0	0	0	0	0	0	0	0	0	0	0	0	0	0	0	0	0	0	0	0	0	0	0	0	0	0	0	0	0	0	0	0	0	0	0	0	0	0	0	0	0	0	0	0	0	0	0	0	0	0	0	0	0	0	0	0	0	0	0	0	0	0	0	0	0	0	0	0	0	0	0	0	0	0	0	0	0	0	0	0	0	0	0	0
2023-11-27	171712	1088903	0	339293	1113353	0	0	0	0	1395387	0	0	950560	213371	0	0	0	0	340348	0	210462	0	315854	618210	646335	377032	227227	973434	578234	1010227	317306	0	0	323063	1084082	339336	629145	653145	0	0	1075866	270739	0	566626	0	1102493	292598	0	1157005	386513	638479	1093903	0	0	0	0	0	0	364226	561459	0	0	649310	0	457263	651083	0	0	0	0	0	404639	1406317	0	626792	1391216	293904	0	0	0	0	651224	1461347	385781	660749	1039000	342998	0	0	360213	0	1229749	525817	500485	932103	0	533204	0	0	443591	0	0	472952	0	1174128	416177	699136	1194573	391907	403212	0	410965	0	1046737	433911	0	0	0	556687	0	386891	0	1124129	342420	0	1110104	0	0	0	0	0	0	0	0	0	1105066	410957	667552	1113085	1111185	584018	321448	2093243	0	1240328	242276	657377	2841484	0	276526	0	1067810	274420	586715	1065673	346643	0	1024290	320134	0	1018121	345189	559987	0	0	1065646	321414	575553	0	1027421	321582	0	1129879	0	604502	214862	1165230	296142	0	1029574	342021	570321	1037900	360135	0	1079171	387284	0	0	0	0	0	342371	0	1014038	0	553998
2023-12-04	449344	2177806	0	0	1113353	1089392	0	0	1121273	1395387	0	0	0	0	1100292	0	0	1090568	0	0	0	1097800	0	0	0	0	0	0	0	1010227	0	0	0	0	1084082	0	0	0	0	1067791	1075866	0	0	0	0	1102493	0	0	1157005	0	0	1093903	0	0	0	0	0	1035987	0	0	1110356	0	0	1048533	0	0	0	1109100	1493578	0	0	0	1406317	0	0	1391216	0	0	0	1478273	0	0	1461347	0	0	1039000	0	0	0	0	0	1229749	0	0	0	1112408	0	0	0	0	0	1105065	0	0	1174128	0	0	1194573	0	0	1055896	0	0	1046737	0	0	1008290	0	0	1023725	0	0	1124129	0	0	1110104	0	0	1139754	0	0	1268665	0	0	2124881	1105066	0	0	1113085	1111185	0	0	2093243	0	1240328	0	0	2841484	1217533	0	0	1067810	0	0	1065673	0	0	1024290	0	0	1018121	0	0	1991813	1084134	1065646	0	0	1991652	1027421	0	0	1129879	0	0	0	1165230	0	0	1029574	0	0	1037900	0	0	1079171	0	0	1067107	0	0	0	0	0	1014038	0	0
2023-12-11	689424	0	0	0	0	0	0	0	0	0	0	0	0	213371	0	0	0	0	0	0	0	0	0	0	0	0	0	0	0	0	0	0	0	0	0	0	0	0	0	0	0	0	0	0	0	0	0	0	0	0	0	0	0	0	0	0	0	0	0	0	0	0	0	0	0	0	0	0	0	0	0	0	0	0	0	0	0	0	0	0	0	0	0	0	0	0	0	0	0	0	0	0	0	0	0	0	0	0	0	0	0	0	0	0	0	0	0	0	0	0	0	0	0	0	0	0	0	0	0	0	0	0	0	0	0	0	0	0	0	0	0	0	0	0	0	0	0	0	0	0	0	0	0	0	0	0	0	0	0	0	0	0	0	0	0	0	0	0	0	0	0	0	0	0	0	0	0	0	0	0	0	0	0	0	0	0	0	0	0	0	0	0	0	0	0	0	0	0	0	0	0	0	0	0	0	0	0
2024-01-01	0	0	0	0	0	0	0	0	0	0	0	0	0	426742	0	0	0	0	0	0	0	0	0	0	0	0	0	0	0	0	0	0	0	0	0	0	0	0	0	0	0	0	0	0	0	0	0	0	0	0	0	0	0	0	0	0	0	0	0	0	0	0	0	0	0	0	0	0	0	0	0	0	0	0	0	0	0	0	0	0	0	0	0	0	0	0	0	0	0	0	0	0	0	0	0	0	0	0	0	0	0	0	0	0	0	0	0	0	0	0	0	0	0	0	0	0	0	0	0	0	0	0	0	0	0	0	0	0	0	0	0	0	0	0	0	0	0	0	0	0	0	0	0	0	0	0	0	0	0	0	0	0	0	0	0	0	0	0	0	0	0	0	0	0	0	0	0	0	0	0	0	0	0	0	0	214862	0	0	0	0	0	0	0	0	0	0	0	0	0	0	0	0	0	0	0	0	0
2024-01-15	0	0	0	0	0	0	0	0	0	0	0	0	0	0	0	0	0	0	0	0	0	0	0	0	0	0	0	0	0	0	0	0	0	0	0	0	0	0	0	0	0	0	567352	0	0	0	0	0	0	0	0	0	0	0	0	0	0	0	364226	0	0	0	0	0	0	0	0	0	0	0	0	0	0	0	0	0	293904	0	0	0	0	0	0	0	0	0	0	0	0	0	0	0	0	0	0	0	0	0	0	0	0	0	0	0	0	0	0	0	0	0	0	410965	0	0	0	0	0	0	0	0	0	0	0	0	0	0	0	0	0	0	0	0	0	0	0	0	0	0	0	0	0	0	0	0	0	0	0	0	0	0	0	0	0	0	0	346643	0	0	0	0	0	0	0	0	0	0	0	0	0	0	0	0	0	0	0	0	0	0	0	0	0	0	0	0	570838	0	0	0	0	0	0	0	0	573415	0	357056	0
2024-01-22	614930	3266709	1406620	339293	1113353	3268176	3535792	1576257	2242546	2995574	681044	2020940	2851680	213371	1100292	1263468	960606	3271704	340348	501011	420924	1097800	947562	1134020	1292670	1131096	454454	1946868	1734702	3030681	951918	1090288	1160562	646126	0	339336	659473	1682563	769528	0	1075866	403467	1702056	1699878	1463670	2204986	585196	1691863	2314010	386513	1204886	2187806	1072438	2281492	957274	866952	523977	5179935	1092678	1684377	1110356	357649	649310	1048533	457263	651083	1540683	2218200	6588712	2128636	0	1009117	1406317	1028955	626792	2782432	293904	1642214	218658	4434819	359784	1748872	1461347	0	911898	4156000	1294450	1718622	751382	1213367	2816140	3689247	1577451	500485	1864206	3337224	1066408	705630	2650776	0	1107472	1105065	1150704	497066	4696512	832354	0	3583719	391907	0	1055896	1232895	1052860	1046737	1301733	1150962	1008290	1368488	1113374	1023725	1160673	2260568	1124129	684840	1103964	3149304	1375404	1653710	2484308	1589900	1745966	2264125	1433168	2695280	2508962	2210132	410957	1797856	1215485	2324770	584018	642896	2701514	1594768	3823384	484552	1314754	486284	3652599	553052	1775410	0	548840	0	1300801	346643	557155	3072870	960402	564248	2898974	690378	559987	1991813	3354802	2131292	0	1726659	1116104	4109684	321582	1133312	2259758	298159	1608706	644586	1165230	296142	991928	3088722	342021	1140642	2075800	1080405	1141676	0	1161852	3250420	2134214	359263	630418	2741787	1027113	573415	1014038	714112	1107996
2024-02-19	0	0	0	0	0	0	0	0	0	0	0	0	0	0	0	0	0	0	0	0	0	0	0	0	0	0	0	0	0	0	0	0	0	0	0	0	0	0	0	0	0	0	0	0	0	0	0	0	0	0	0	0	0	0	0	0	0	0	0	0	0	0	0	0	0	0	0	0	0	0	360446	0	0	0	0	0	0	0	0	0	0	0	0	0	0	0	0	0	0	0	0	0	0	0	0	0	0	0	0	0	0	0	0	0	0	0	0	0	0	0	0	0	0	0	0	0	0	0	0	0	0	0	0	0	0	0	0	0	0	0	0	0	0	0	0	0	0	0	0	0	0	0	0	0	0	0	0	0	0	0	0	0	0	0	0	0	0	0	0	0	0	0	0	0	0	0	0	0	0	0	0	0	0	0	0	0	0	0	0	0	0	0	0	0	0	0	0	0	0	0	0	0	0	0	0	0	0
2024-03-04	307465	1072245	0	0	0	0	0	0	0	0	0	0	0	0	0	0	0	0	0	0	0	0	0	0	0	0	0	0	0	0	0	0	0	0	0	0	0	0	0	0	0	0	0	0	0	0	0	0	0	0	0	0	0	0	0	0	0	0	0	0	0	0	0	0	0	0	0	0	0	0	0	0	0	0	0	0	0	0	0	0	0	0	0	0	0	0	0	0	0	0	0	0	0	0	0	0	0	0	0	0	0	0	0	0	0	0	0	0	0	0	0	0	0	0	0	0	0	0	0	0	0	0	0	0	0	0	0	0	0	0	0	0	0	0	0	0	0	0	0	0	0	0	0	0	0	0	0	0	0	0	0	0	0	0	0	0	0	0	0	0	0	0	0	0	0	0	0	0	0	0	0	0	0	0	0	0	0	0	0	0	0	0	0	0	0	0	0	0	0	0	0	0	0	0	0	0	0
2024-03-11	895793	2374076	1110836	339293	1304392	1089392	1315752	1382882	1121273	2790774	574404	1529065	1276475	421580	2200584	0	1063006	0	680696	603411	420924	196281	631708	388336	646335	568139	587182	973434	0	1201336	634612	1090288	773708	646126	1412670	626244	350825	1549835	384764	1258892	2151732	489268	1702056	566626	731835	2204986	532669	1453552	0	386513	771207	1093903	1513980	394700	2105649	327844	218097	1035987	915295	218097	2220712	715298	444510	191039	790989	0	1027122	2414398	1493578	1661961	1052712	1278045	2812634	1028955	844889	2782432	587808	1232852	650934	2956546	649988	0	1653745	1087716	859748	2274206	685996	572874	1698845	720426	939576	2459498	525817	1000970	932103	1308727	533204	0	1767184	1310782	1661208	1105065	1521256	1096532	2544497	832354	1131055	1194573	623620	403212	3358847	410965	846927	2489360	530863	626681	2212794	532399	2045544	1023725	386891	1508424	3568593	865181	603182	2416513	343851	585370	0	485724	616122	2639730	0	1245240	4630635	1105066	757940	667552	2328570	0	1168036	1142439	4186486	2392152	2774157	484552	0	3517210	2610535	1056478	1659273	1361269	459675	380226	1168073	526569	1114310	1215366	0	1128496	1209207	653809	1119974	2167749	1186534	0	642828	955709	190946	196206	623183	784753	2259758	757446	502102	424575	1165230	592284	985003	2059148	684042	0	2075800	360135	2090643	2158342	162536	977623	2134214	1077789	405403	913929	342371	2098603	2028076	661033	553998
2024-03-18	2458660	14155739	6506908	2246679	9573412	10214128	4541728	4675095	10823638	12558483	3205288	5604940	12519680	1160684	8497168	2799468	1575006	9031744	2623340	4871244	1672372	7463200	1877816	2874820	3097340	2634528	1443335	6814038	4427170	6805708	2927836	4364120	2002508	3135452	10840820	3572016	2677145	4801725	1691128	9946955	10194794	4331824	6808224	3399756	7345575	6379479	2925980	3450484	9748020	2160452	4113995	6423612	3247057	4322319	7105896	3703380	4143908	6794361	3414156	2761318	9647780	2352196	5396950	7880532	2600589	3833132	4102244	8617500	13442202	3132477	2723830	2842395	15810702	2636525	3518776	10148112	2057328	2571786	1051716	9759619	2615352	3182472	13962735	2078943	2243098	6920800	2636590	4582992	4097346	3697278	3942596	7171796	3625451	3822110	4321806	8545632	3485220	2947260	8835920	3003164	3155472	6387195	4193216	3246932	13888168	2061154	2507008	9556584	2230049	4454496	10941808	1743530	1038430	6826611	1608933	5398486	8814540	2255166	2751774	8702900	2389473	5086278	12688516	1948860	3641528	9587300	3869655	3292110	6375508	3581296	3283688	13955315	2764152	5988520	10957124	6306132	2154471	5700768	10863595	6727970	4209654	2836040	7508529	6509968	10593312	1723380	4165508	9920980	9375732	2212208	3869080	8103850	2744200	3296145	9014765	3615858	3047820	6861960	2522270	6770976	10716726	2302356	3318361	9882930	14708142	7171430	2514456	5888258	11074364	8717684	2529510	5099904	7485637	2385272	3042306	1483910	12111380	2665278	4409384	4715974	3350568	4562568	6800100	2415075	5708380	8633368	4086820	5426576	4753507	3280252	4057672	7846445	2291084	4587320	9493314	3678336	3854392
2024-03-25	1844260	4355612	913818	1971572	3366153	3472976	1767896	935019	3363819	5581548	1328766	1368870	1769760	102400	6601752	2202402	2597637	4669472	680696	2618444	523324	7610800	1080290	2571430	2451005	684232	1340935	4867170	1156468	5051135	1259118	3135320	773708	953326	4336328	1325208	1785035	2817380	7695280	4271164	6864796	1353695	1702056	7366138	2195505	4409972	1170392	1759318	3338010	1466739	1379358	4235806	2018257	2581519	3829096	2348304	2391131	4951161	1399878	3216895	4173808	1329698	2904440	4067199	2136252	1404566	2873444	5460400	7467890	2313277	1388538	1116478	8260385	1336155	2187576	7160880	1763424	2712248	642116	2809473	2053536	3153720	2922694	1850324	1879847	4038600	2329390	3437244	4371310	614400	2252912	4815647	2396651	2375603	3728412	3337224	3075620	1320030	1767184	3275946	3178280	3234130	1048304	409600	3426928	1971908	1807872	3583719	699107	3129684	1977496	1436330	1564860	4061811	2783955	1036281	4954760	1675688	1670061	4914375	1547564	2825710	3372387	992040	2412728	3158104	1031553	2341480	4443262	1866772	2669288	3805995	972692	2584660	8986005	3234132	1129114	3132960	23374785	3435955	2468854	642896	5915372	3291936	3720984	586952	759777	7773120	6087665	1382630	1274470	3978820	1097680	2272145	3052946	1039929	2213793	5940360	947468	3385488	2205177	1304778	1119974	1935626	4541336	3974492	1285656	1726659	6886260	4003863	1271946	2266624	4413637	1192636	3636910	1064248	4660920	4442130	2188656	2059148	1333263	2851605	5073200	1027470	2854190	3237513	1776252	6577484	3977414	2103515	732818	5388845	1334313	1852973	1935638	2092480	2215992
2024-04-01	0	2177806	606618	0	1113353	1191792	623432	1050838	1121273	2790774	0	0	950560	213371	13336232	315867	1063006	1192968	0	0	210462	1097800	631708	1134020	1292670	0	227227	0	578234	1010227	0	1090288	386854	0	1084082	339336	629145	1101490	769528	0	2254132	541478	1134704	566626	1463670	0	0	427421	0	773026	1072158	1093903	1072438	0	957274	866952	1047954	0	364226	561459	0	357649	0	1048533	457263	651083	0	1109100	1493578	429759	720892	706878	0	685970	1151184	1493616	293904	0	0	1478273	359784	446424	0	385781	660749	1039000	0	572874	751382	0	563228	1229749	525817	2502425	1864206	1112408	533204	705630	883592	443591	553736	0	1048304	1096532	0	416177	494336	2491546	0	806424	0	821930	526430	1046737	433911	626681	1008290	684244	556687	1023725	132728	565142	1124129	342420	500782	1110104	343851	3512220	1139754	971448	513722	2537330	716584	520220	1305681	2210132	821914	1232704	1113085	1213585	584018	321448	2093243	899784	0	242276	1109954	2983496	1217533	553052	660070	1067810	548840	586715	0	346643	557155	1024290	320134	1128496	2036242	345189	559987	1991813	0	1065646	321414	575553	3164104	2054842	454310	566656	2259758	596318	604502	214862	1165230	0	0	1029574	342021	570321	1037900	360135	570838	1079171	387284	0	2134214	0	425618	1827858	684742	573415	1014038	0	1661994
2024-04-08	0	19581659	0	0	0	0	0	0	0	0	0	0	0	0	0	0	0	0	0	0	0	0	0	0	0	0	0	0	0	0	0	0	0	0	0	0	0	0	0	0	11834526	0	4538816	0	0	0	0	0	9256040	0	0	0	0	0	0	0	0	0	0	0	0	0	0	0	0	0	0	0	0	0	0	0	0	0	0	0	0	0	0	0	0	0	0	0	0	0	0	1718622	0	0	0	0	0	0	0	0	0	0	0	0	0	0	0	0	0	0	0	0	0	0	0	0	0	0	0	0	0	0	0	0	0	0	0	0	0	11101040	0	0	0	0	0	0	0	0	0	0	0	0	0	12223035	0	0	0	0	0	0	0	0	0	0	0	0	0	0	0	0	0	0	0	0	0	0	0	0	0	0	0	0	0	0	0	0	0	0	0	0	0	0	0	0	0	0	0	0	0	0	0	0	0	0	0	0	0	0	0	0	0
2024-04-15	307465	1088903	504218	339293	16700295	1191792	623432	525419	19061641	2790774	681044	1061670	950560	213371	1100292	0	1063006	1090568	680696	1104422	0	2195600	631708	515810	14865705	377032	227227	973434	0	0	317306	545144	773708	0	2270564	678672	526745	1101490	0	2135582	1178266	270739	1134704	566626	15368535	0	585196	632221	0	386513	1072158	1093903	1072438	621573	1914548	433476	1047954	1035987	364226	561459	1110356	357649	649310	2097066	914526	1097366	0	132728	1493578	4237113	0	706878	1406317	685970	1151184	0	0	0	437316	2956546	719568	1097648	1461347	0	7724188	1039000	342998	572874	751382	360213	563228	2459498	525817	500485	932103	1112408	533204	352815	0	0	553736	1105065	0	1096532	1174128	416177	1193472	0	0	806424	1055896	410965	628830	0	433911	0	0	342122	0	17403325	386891	565142	0	7190820	603182	1110104	0	585370	1139754	485724	616122	0	358292	0	132728	0	0	667552	1113085	1213585	1854454	0	2957686	0	2480656	242276	452577	0	0	0	0	2135620	548840	1173430	1065673	0	557155	2048580	320134	564248	0	345189	1119974	3369226	0	1065646	321414	575553	1991652	2054842	321582	566656	2259758	596318	604502	214862	2330460	296142	495964	1029574	0	0	1037900	0	0	1079171	387284	691044	2134214	718526	630418	0	684742	7454395	1014038	0	1107996
2024-04-22	0	0	0	0	0	0	0	0	0	0	0	0	0	0	0	0	0	0	0	0	0	0	0	0	0	0	0	0	0	0	0	0	0	0	0	0	0	0	0	0	0	0	0	0	0	0	0	0	0	10435851	0	0	0	0	0	0	0	0	0	0	0	0	0	0	0	0	0	0	0	0	0	0	0	0	0	0	0	0	0	0	0	0	0	0	0	0	0	0	0	4682769	0	0	0	0	0	0	0	0	0	0	0	0	0	0	0	0	4194816	0	0	0	11614856	0	0	0	0	0	0	0	0	0	0	2825710	0	0	0	0	0	0	0	11657376	0	0	0	0	0	0	0	0	0	0	1168036	0	0	0	0	0	0	0	0	0	0	0	0	0	0	0	0	0	0	0	0	0	0	0	0	0	0	0	0	0	0	0	0	0	0	1718896	0	0	0	0	0	0	0	0	0	0	0	0	0	0	0	0	0	0	0	0	0
2024-04-29	0	0	0	0	0	0	0	0	0	0	0	0	0	0	0	0	0	0	0	0	0	0	0	0	0	0	0	0	0	0	0	0	0	0	0	0	0	0	0	7474537	0	0	0	0	0	0	0	0	0	0	0	0	0	4351011	0	0	0	0	0	0	0	0	0	0	0	0	0	0	0	0	0	0	0	0	0	0	0	0	0	0	0	0	26304246	0	0	0	0	0	0	0	0	0	0	0	0	0	0	0	0	14638503	0	0	0	0	0	0	0	0	0	0	17950232	0	0	0	0	0	0	0	0	0	0	0	0	0	4825456	0	0	0	0	0	0	0	0	0	0	0	0	0	0	0	0	0	0	0	0	0	0	0	19480528	0	0	0	0	0	0	0	0	0	0	0	0	0	0	0	0	0	0	0	0	0	0	0	0	0	0	0	0	0	0	0	0	0	0	0	0	0	0	0	0	0	0	0	0	2867075	0	0	0
2024-05-06	0	0	0	0	0	0	0	0	0	0	0	0	0	0	0	0	0	0	0	0	0	0	0	0	0	0	0	0	0	0	0	0	0	0	0	0	0	0	0	0	0	0	0	0	0	0	0	0	0	0	0	0	0	0	0	0	0	0	4006486	0	0	0	0	0	0	0	0	0	0	0	0	0	0	0	0	0	0	5219696	0	0	4677192	6512240	0	0	0	0	0	0	0	0	0	0	0	0	13981545	0	0	0	0	0	0	0	0	0	0	0	0	20307741	0	0	0	0	0	19888003	0	0	0	0	0	0	0	7346846	0	0	0	0	0	0	0	0	0	0	0	0	0	0	0	0	0	0	0	0	0	0	0	0	0	0	0	0	0	0	0	0	0	0	557155	0	0	0	0	0	0	0	0	0	0	0	0	0	0	0	0	0	0	0	0	0	0	0	0	0	0	0	0	0	0	0	0	0	0	17364651	0	0	0	0	0
2024-05-13	0	0	0	0	0	0	0	0	0	0	0	0	0	0	0	0	0	0	0	0	0	0	0	0	0	0	0	0	8095276	0	0	0	0	0	0	0	0	0	0	0	0	0	0	0	0	0	2633382	0	0	0	0	0	0	0	0	0	0	0	0	0	0	0	1298620	0	0	0	0	0	0	0	0	0	0	0	0	0	0	0	0	0	0	0	0	0	0	22858000	0	0	0	0	0	0	0	0	0	0	0	0	0	0	0	0	0	0	0	0	0	0	0	0	0	0	0	0	0	0	0	0	0	0	6964038	0	0	0	0	0	0	0	0	0	4312854	0	0	0	0	0	0	0	0	0	0	0	0	0	0	0	0	0	0	0	0	0	0	0	0	0	0	0	0	0	0	0	0	0	0	0	0	0	0	0	0	0	0	0	0	0	0	0	0	0	0	0	0	0	0	0	0	0	0	0	0	0	0	0	0	0	0
2024-05-20	0	0	0	0	0	0	0	0	0	0	0	0	0	0	0	0	0	0	0	0	0	0	0	3709260	0	0	0	0	0	0	0	0	0	0	0	0	0	0	0	0	0	0	0	0	0	0	0	0	0	0	0	0	0	0	0	0	0	0	0	0	0	0	0	0	0	0	0	0	0	0	0	0	0	0	0	0	0	0	1093290	20695822	0	0	0	0	0	0	0	0	0	0	0	0	0	0	0	0	0	0	0	0	0	0	0	0	0	0	0	0	0	0	0	0	0	0	0	0	0	0	0	0	0	0	0	0	0	0	5157765	0	0	0	0	0	0	0	0	0	0	0	0	0	0	0	0	0	0	0	0	0	0	0	0	0	0	0	0	6586217	0	0	0	0	0	0	0	0	0	0	0	0	0	0	0	0	0	0	0	0	0	0	0	0	0	4562568	15568500	0	0	0	0	0	0	0	0	0	0	0	0	8212288	0
2024-05-27	5534370	0	0	0	0	0	3117160	0	19061641	0	0	0	0	0	0	0	0	0	0	0	0	0	631708	0	0	0	0	0	0	0	0	0	0	2907567	0	0	0	0	0	0	0	0	0	0	0	0	0	0	0	0	0	0	0	0	0	0	0	1035987	0	0	0	0	0	0	0	0	0	0	0	0	0	0	0	0	0	0	0	0	0	0	0	0	0	0	0	0	0	0	0	0	0	0	0	0	0	0	0	0	0	0	0	0	0	0	0	0	0	23891460	0	0	0	0	0	0	0	0	0	0	0	0	0	0	0	0	0	0	0	0	0	0	0	0	0	0	0	0	0	4672864	0	0	0	0	0	0	0	2422760	0	0	0	0	0	0	0	0	0	0	0	1024290	0	0	0	0	0	0	0	0	0	0	0	0	0	0	0	0	4231514	0	0	0	0	0	684042	0	0	0	0	0	0	588644	0	0	0	0	0	0	0	0	0
2024-06-03	0	0	0	0	0	0	0	0	0	0	0	0	0	0	9902628	0	0	0	0	0	0	0	0	0	0	0	0	0	0	0	0	0	0	0	0	0	0	0	0	0	0	7851431	0	0	0	0	2925980	0	0	0	0	0	0	0	0	0	0	0	0	0	0	0	0	0	0	0	0	0	0	0	0	0	0	0	0	0	0	0	0	31043733	0	0	0	0	0	0	0	0	0	0	0	0	0	0	0	0	0	0	0	0	0	0	0	0	0	0	0	0	0	0	0	0	0	0	0	0	0	0	0	0	0	0	0	0	0	0	0	0	0	0	0	22835970	0	0	0	0	0	0	0	0	0	0	0	0	0	0	0	5682968	0	0	0	0	0	0	0	0	0	0	0	0	0	0	0	0	0	0	0	0	0	19520999	0	0	0	0	0	0	0	0	0	0	6156378	0	0	0	0	0	0	0	0	0	0	0	0	0	0	0	0
2024-06-10	0	0	0	0	0	0	0	0	0	0	0	0	0	0	0	315867	0	0	0	0	0	0	0	0	0	0	0	0	0	0	0	0	0	0	0	0	0	0	0	0	0	0	0	0	0	0	0	0	0	0	0	0	0	0	0	0	0	0	0	0	0	7868278	0	0	0	0	0	0	0	0	0	0	0	0	0	0	0	0	0	0	0	0	0	0	1321498	0	0	0	0	0	0	0	0	0	0	0	0	0	0	0	0	0	0	0	0	0	0	0	0	0	0	0	0	0	0	0	0	0	0	0	0	565142	0	4109040	0	0	0	0	0	0	0	0	0	0	0	0	0	0	0	0	0	0	0	0	0	0	0	0	0	0	0	0	0	0	0	0	0	0	0	0	0	0	0	0	0	0	0	0	0	0	0	0	0	0	0	0	0	0	0	0	0	0	0	0	0	0	0	0	0	0	0	0	0	0	0	0	0
2024-07-08	307465	2177806	606618	339293	2226706	1220464	1246864	0	2242546	1395387	340522	0	950560	213371	1100292	315867	582703	2181136	340348	1206822	210462	2195600	631708	618210	646335	754064	227227	973434	578234	0	317306	1090288	386854	0	0	339336	629145	1306290	0	2135582	1075866	541478	1134704	1133252	1463670	0	585196	632221	0	386513	0	2187806	1072438	621573	1914548	866952	523977	1035987	364226	1122918	1110356	357649	0	2097066	457263	1302166	513561	1109100	0	634559	0	809278	2812634	342985	0	2782432	587808	0	0	1740417	0	1302448	0	385781	0	1039000	685996	132728	751382	720426	563228	1229749	0	500485	1864206	0	533204	352815	1767184	887182	553736	2210130	472952	599466	2348256	416177	1267200	2389146	0	0	1055896	410965	628830	1046737	433911	0	1008290	342122	556687	0	386891	0	0	342420	1206364	0	343851	1170740	2279508	485724	616122	1268665	0	725020	3594402	0	0	667552	0	1111185	0	0	0	1594768	2480656	242276	1314754	0	1348605	276526	660070	0	0	586715	2131346	0	557155	1024290	320134	564248	1018121	0	559987	0	1084134	1065646	0	0	1467364	1027421	0	566656	0	298159	604502	199092	1165230	296142	1795092	2059148	342021	0	1037900	0	0	2158342	387284	0	2134214	718526	0	1827858	342371	1146830	2028076	357056	553998
2024-07-15	1844790	0	0	0	0	0	0	0	0	0	0	0	0	0	0	0	0	0	0	0	0	0	0	0	0	0	0	0	0	0	0	0	0	0	0	0	0	0	0	0	0	0	0	0	0	0	0	0	0	0	0	0	0	0	0	0	0	0	0	0	0	0	0	0	0	0	0	0	0	0	0	0	0	0	0	0	0	0	0	0	0	0	0	0	0	0	0	0	0	0	0	0	0	0	0	0	0	0	0	0	0	0	0	0	0	0	0	0	0	0	0	0	0	0	0	0	0	0	0	0	0	0	0	0	0	0	0	0	0	0	0	0	0	0	0	0	0	0	0	0	0	0	0	0	0	0	0	0	0	0	0	0	0	0	0	0	0	0	320134	0	0	0	0	0	0	0	0	0	0	0	0	0	0	0	0	0	0	0	0	0	0	0	0	0	0	0	0	0	0	0	0	0	0	0	0	0	0
2024-07-22	0	1088903	0	0	0	0	623432	0	1121273	1395387	340522	0	0	213371	0	631734	582703	1090568	340348	603411	0	0	0	0	0	377032	0	973434	0	0	317306	545144	386854	323063	1084082	0	629145	0	384764	0	1075866	0	0	0	0	0	292598	0	0	386513	0	1093903	536219	621573	957274	433476	0	0	364226	0	0	0	649310	0	0	0	0	1109100	0	634559	0	0	1406317	342985	626792	0	0	652462	218658	0	0	651224	1461347	0	0	1039000	342998	572874	0	360213	563228	1229749	0	0	0	0	0	0	0	443591	553736	0	472952	599466	0	0	0	1194573	0	0	1055896	410965	628830	1046737	0	626681	1008290	342122	0	2047450	386891	0	1124129	0	0	1110104	343851	0	0	0	0	1268665	358292	725020	0	0	410957	0	1113085	0	584018	321448	2093243	0	0	242276	0	0	1217533	0	0	0	274420	0	0	0	557155	0	0	564248	0	0	559987	0	1084134	1065646	321414	575553	0	0	321582	566656	1129879	298159	0	0	1165230	296142	0	0	0	0	1037900	0	570838	1079171	387284	588644	1067107	0	630418	1827858	0	0	0	0	0
2024-07-29	0	0	0	0	0	0	0	0	0	0	0	0	0	0	0	0	0	0	0	0	0	0	0	0	0	0	0	0	0	0	0	0	0	0	0	0	0	0	0	0	0	0	0	0	0	0	0	0	0	0	0	0	0	0	0	0	0	0	0	0	0	0	0	0	0	0	0	0	0	0	0	404639	0	0	0	0	0	0	0	0	0	0	0	0	0	0	0	0	0	0	0	0	0	0	0	0	0	0	0	0	0	0	0	0	0	0	0	0	0	0	0	0	0	0	0	0	0	0	0	0	0	0	0	0	0	0	0	0	0	0	0	0	0	0	0	0	0	0	0	0	0	0	0	0	0	0	0	0	0	0	0	0	0	0	0	0	0	0	0	0	0	0	0	0	0	0	0	0	0	0	0	0	0	0	0	0	0	0	0	0	0	0	0	0	0	0	0	0	0	0	0	0	0	0	0	0	0
2024-08-05	0	0	0	0	0	0	0	0	0	0	0	0	0	0	0	0	0	0	0	0	0	2195600	0	0	0	0	0	0	0	0	0	0	0	0	0	0	0	0	0	0	0	0	0	0	0	0	0	0	0	0	0	0	0	0	0	0	0	0	0	0	0	0	0	0	0	0	0	0	0	0	0	0	0	0	0	0	0	0	0	0	0	0	0	0	0	0	0	0	0	0	0	0	0	0	0	0	0	0	0	0	0	0	0	0	0	0	0	0	0	0	0	0	0	0	0	0	0	0	0	0	0	0	0	0	0	0	0	0	0	0	0	0	0	0	0	0	0	0	0	0	0	0	0	0	0	0	0	0	0	0	0	0	0	0	0	0	0	0	0	0	0	0	0	0	0	0	0	0	0	0	0	0	0	0	0	0	0	0	0	0	0	0	0	0	0	0	0	0	0	0	0	0	0	0	0	0	0
2024-08-19	0	0	0	0	0	0	0	0	0	0	0	582035	0	0	0	0	0	0	0	0	0	0	0	0	0	0	0	0	0	0	0	0	0	0	0	0	0	0	0	0	0	0	0	0	0	0	0	0	0	0	0	0	0	0	0	0	0	0	0	0	0	0	0	0	0	651083	0	0	0	0	0	0	0	0	0	0	0	0	0	0	0	0	0	0	0	0	0	0	0	0	0	0	0	0	0	0	0	0	0	0	0	0	0	0	0	0	0	0	0	0	0	0	0	0	0	0	0	0	0	0	0	0	0	0	0	0	0	0	0	0	0	0	0	0	0	0	0	0	0	0	0	0	0	0	0	0	0	0	0	0	0	0	0	0	0	0	0	0	0	0	0	0	0	0	0	0	0	0	0	0	0	0	0	0	0	0	0	0	0	0	0	0	0	0	0	0	0	0	0	0	0	0	0	0	0	0	0
2024-08-26	307465	0	0	0	0	0	0	0	0	0	0	582035	950560	0	0	0	0	0	340348	0	0	0	0	0	0	0	0	0	0	0	0	0	0	0	0	0	0	0	0	0	0	0	0	0	0	0	292598	0	1157005	386513	0	0	536219	621573	0	0	0	0	364226	0	0	0	0	1048533	0	0	0	1109100	0	0	0	404639	0	342985	626792	0	0	0	0	0	719568	651224	0	0	0	0	0	572874	0	0	0	0	0	0	0	1112408	0	0	0	0	0	0	0	0	0	0	0	0	0	0	0	0	628830	0	0	0	0	0	0	0	386891	0	0	0	0	0	0	0	0	0	0	0	0	0	0	0	410957	0	0	0	0	321448	0	0	0	0	0	2841484	0	0	0	1067810	0	0	0	0	0	0	0	0	0	0	0	0	0	1065646	321414	0	0	0	0	0	0	0	604502	214862	0	0	0	0	0	570321	0	0	0	1079171	0	0	0	359263	630418	0	0	0	0	0	0
2024-09-02	307465	0	0	339293	0	0	0	0	0	0	340522	0	0	0	0	0	0	0	0	0	0	0	0	0	0	0	0	0	0	0	0	0	0	0	0	0	0	0	384764	0	0	0	0	566626	0	0	0	0	0	0	0	0	0	0	0	0	0	0	0	0	0	0	0	0	0	0	0	1109100	0	1903677	0	0	0	0	0	2782432	0	652462	0	0	0	0	0	0	0	0	0	0	0	0	0	0	0	0	0	3337224	0	0	0	0	0	0	0	0	0	0	0	0	0	0	1055896	0	628830	0	0	0	0	0	0	0	0	0	0	0	0	0	0	0	0	0	0	0	0	0	0	0	0	0	0	0	0	642896	0	797384	0	0	0	5682968	0	0	0	0	0	0	0	0	0	0	0	0	0	0	0	1991813	0	0	0	0	0	0	0	0	0	0	0	214862	0	0	0	3088722	0	1140642	0	360135	0	1079171	0	588644	1067107	0	0	0	0	0	0	357056	0
2024-09-09	0	0	3639708	0	0	0	0	0	1121273	0	0	0	0	0	0	0	0	0	340348	0	0	3293400	0	0	0	0	0	0	578234	0	0	0	386854	0	0	0	0	0	0	0	0	0	0	0	0	0	0	0	0	0	0	0	0	0	0	0	0	0	1456904	0	0	0	0	0	0	1953249	513561	0	0	0	360446	0	0	0	0	0	0	0	218658	0	0	0	0	0	0	0	0	0	0	0	0	0	0	0	932103	1112408	0	0	0	0	0	0	472952	0	0	0	0	2389146	0	0	0	0	0	0	0	0	0	342122	0	0	0	0	0	0	0	0	343851	0	0	485724	0	0	0	2175060	0	0	410957	0	0	0	584018	0	0	0	0	0	0	0	0	0	0	0	274420	0	0	0	0	0	0	0	0	0	0	0	0	0	0	0	0	0	964746	1699968	0	0	0	0	0	296142	598364	0	342021	0	0	0	570838	0	1161852	0	0	0	0	0	0	0	0	0	553998
2024-09-16	614930	1088903	606618	339293	1113353	1089392	1246864	1050838	0	1395387	0	1164070	1901120	213371	1100292	315867	0	0	680696	1810233	420924	0	0	618210	646335	754064	454454	973434	0	1010227	0	1090288	773708	323063	1084082	0	1258290	0	384764	0	0	270739	0	566626	0	2204986	292598	1264442	0	386513	638479	2187806	536219	621573	1914548	433476	1047954	1035987	0	1122918	2220712	357649	649310	2097066	457263	651083	513561	0	0	634559	1081338	404639	1406317	0	626792	0	293904	652462	0	1478273	719568	0	1461347	385781	0	1039000	342998	0	1502764	360213	1126456	2459498	525817	0	932103	2224816	533204	352815	0	887182	553736	0	945904	599466	2348256	416177	568064	2389146	0	0	1055896	410965	1257660	1046737	867822	626681	2016580	684244	556687	0	0	1130284	2248258	684840	603182	1110104	343851	1170740	1139754	485724	616122	2537330	716584	0	1469521	1105066	410957	667552	2226170	2222370	1168036	321448	1044667	0	1240328	0	0	0	1348605	0	660070	2135620	548840	1173430	0	0	0	1024290	640268	564248	2036242	0	559987	1467525	1215206	1065646	642828	0	0	1027421	321582	0	2259758	298159	604502	214862	1165230	0	0	0	684042	570321	1037900	0	570838	1079171	774568	0	1067107	359263	630418	913929	684742	573415	1014038	357056	553998
2024-09-23	0	1088903	0	0	1113353	2178784	0	0	1121273	1395387	0	0	0	0	1100292	315867	0	1090568	0	0	0	1097800	0	0	0	0	0	0	0	1010227	0	545144	0	0	1084082	0	0	0	0	1067791	1075866	0	0	0	0	1102493	0	0	1157005	0	0	1093903	0	0	0	0	0	1035987	0	0	1110356	0	0	1048533	0	0	0	1109100	1493578	0	0	0	1406317	0	0	1391216	0	0	0	1478273	0	0	1461347	0	0	2078000	0	0	0	0	0	1229749	0	0	0	1112408	0	0	0	0	0	1105065	0	0	2348256	0	0	1194573	0	0	1055896	0	0	1046737	0	0	1008290	0	0	1023725	0	0	1124129	0	0	1110104	0	0	1139754	0	0	1268665	0	0	2124881	1105066	0	0	1113085	1111185	0	0	2093243	0	2480656	0	0	5682968	2435066	0	0	2135620	0	0	3197019	0	0	3072870	0	0	3054363	0	0	5975439	3252402	3196938	0	0	5974956	3082263	0	0	3389637	0	0	0	3495690	0	0	3088722	0	0	3113700	0	0	3237513	0	0	3201321	0	0	0	0	0	3042114	0	0
2024-09-30	0	1088903	0	0	1113353	1089392	0	0	1121273	1395387	0	0	0	0	1100292	0	0	1090568	0	0	0	1097800	0	0	0	0	0	0	0	1010227	0	0	0	0	1084082	0	0	0	0	1067791	1075866	0	0	0	0	2204986	0	0	1157005	0	0	1093903	0	0	0	0	0	1035987	0	0	1110356	0	0	1048533	0	0	0	1109100	1493578	0	0	0	1406317	0	0	1391216	0	0	0	1478273	0	0	1461347	0	660749	1039000	0	0	0	0	0	1229749	0	0	0	1112408	0	0	0	0	0	1105065	0	0	1174128	0	0	1194573	0	0	1055896	0	0	0	0	0	0	0	0	0	0	0	0	0	0	0	0	0	0	0	0	0	0	0	0	0	0	0	0	0	0	0	0	0	0	0	0	0	0	0	0	0	0	0	0	0	0	1024290	0	0	0	0	0	0	0	0	0	0	0	0	0	0	0	0	0	0	0	0	0	0	0	0	0	0	0	0	0	0	0	0	0	0	0	0	0	0	0
2024-10-07	307465	0	0	0	0	0	0	0	0	0	0	0	0	0	1100292	0	0	0	340348	0	0	0	0	0	0	0	0	0	0	0	317306	0	0	0	0	0	0	0	0	0	0	0	0	0	0	0	0	0	0	0	0	0	536219	0	0	0	0	0	0	0	1110356	1072947	0	0	0	0	0	0	0	0	0	0	0	0	0	0	0	0	0	0	0	0	0	0	0	0	0	0	0	0	0	0	0	0	0	0	0	0	0	0	0	0	472952	0	0	0	0	0	0	0	0	0	0	1046737	433911	0	0	0	0	0	0	565142	0	0	0	0	0	0	0	0	0	0	0	0	0	0	0	0	0	0	0	0	0	0	0	0	0	0	0	0	0	0	0	0	1065673	346643	0	0	0	0	0	0	0	0	0	0	0	575553	0	0	0	0	0	0	0	0	2330460	0	0	0	0	0	0	0	0	0	0	0	0	0	0	0	0	0	0	0	0
2024-10-14	0	0	0	0	0	0	0	0	0	0	0	0	0	0	0	0	0	0	0	0	0	0	0	0	0	0	0	0	0	0	0	0	0	0	0	0	0	0	0	0	0	0	0	0	0	0	0	0	0	0	0	0	0	0	0	0	0	0	364226	0	0	0	0	0	0	0	0	0	0	0	0	0	0	0	626792	0	0	652462	0	0	0	0	0	0	0	0	0	2291496	751382	0	0	0	0	0	0	0	533204	0	0	0	0	0	0	599466	0	0	0	0	0	0	0	0	0	0	0	0	0	0	0	0	0	0	0	0	0	0	343851	0	0	0	0	0	0	0	0	0	410957	0	0	0	0	0	0	0	0	242276	0	0	0	0	0	0	0	0	0	0	0	0	0	0	0	0	0	0	0	0	0	0	0	0	0	0	0	0	0	0	0	0	0	0	0	0	0	0	0	0	0	0	0	0	0	0	0	0	0	0	0
2024-10-21	0	0	0	339293	0	0	0	0	0	0	0	0	0	0	0	0	0	0	340348	0	0	0	0	0	0	377032	0	0	0	0	0	0	0	0	0	0	0	0	0	1067791	0	0	0	566626	0	0	0	0	0	386513	0	0	0	0	0	0	0	0	0	0	0	0	0	1048533	0	0	0	0	0	0	0	0	1406317	0	0	1391216	0	0	0	1478273	0	0	2922694	0	0	1039000	0	0	0	0	0	1229749	0	0	0	1112408	0	0	883592	443591	0	2210130	0	0	1174128	416177	699136	2389146	0	0	2111792	0	0	1046737	0	0	1008290	0	556687	1023725	0	0	1124129	0	0	1110104	0	0	1139754	0	0	1268665	0	0	2124881	1105066	0	0	1113085	1111185	0	0	2093243	0	1240328	0	0	2841484	1217533	0	0	1067810	0	0	1065673	0	0	1024290	0	0	1018121	0	0	1991813	1084134	1065646	0	0	1991652	1027421	0	0	1129879	0	0	0	1165230	0	598364	1029574	0	0	1037900	0	0	1079171	387284	0	1067107	0	0	0	0	0	1014038	0	0
2024-10-28	0	0	0	0	0	1089392	0	0	0	0	0	0	0	0	0	0	0	0	0	0	0	0	0	0	0	0	0	0	0	0	0	0	0	0	0	0	0	0	0	0	0	0	0	0	0	0	0	0	0	0	0	0	0	0	0	0	0	0	0	0	0	0	0	0	0	0	0	0	0	0	0	0	0	0	0	0	0	0	0	0	0	0	0	0	0	0	0	0	0	0	0	0	0	0	0	0	0	0	0	0	0	0	0	0	0	0	0	0	0	0	0	0	0	0	0	0	0	0	0	0	0	0	0	0	0	0	0	0	0	0	0	0	0	0	0	0	0	0	0	0	0	0	0	0	0	0	0	0	0	0	0	0	0	0	0	0	0	0	0	0	0	0	0	0	0	0	0	0	0	0	0	0	0	0	0	0	0	0	0	0	0	0	0	0	0	0	0	0	0	0	0	0	0	0	0	0	0
2024-11-04	0	0	606618	0	1113353	0	0	525419	1121273	1395387	340522	582035	0	0	1100292	0	0	0	0	603411	210462	0	315854	0	646335	0	227227	0	578234	1010227	317306	0	386854	323063	1084082	0	0	0	384764	1067791	1075866	270739	567352	0	731835	0	292598	0	1157005	0	0	0	0	0	1914548	433476	523977	0	0	0	1110356	357649	0	1048533	0	0	513561	0	1493578	634559	0	0	0	0	1253584	0	293904	652462	0	1478273	0	0	0	385781	660749	0	0	0	751382	0	563228	1229749	525817	500485	932103	0	533204	0	883592	0	553736	0	472952	0	1174128	0	0	1194573	0	403212	0	0	0	1046737	0	626681	0	0	0	0	0	0	0	342420	0	1110104	0	585370	0	485724	616122	1268665	358292	725020	0	0	410957	667552	1113085	1111185	1168036	0	2093243	797384	1240328	0	0	2841484	0	276526	0	1067810	274420	586715	1065673	0	557155	1024290	0	0	0	0	559987	0	0	1065646	321414	575553	0	2054842	0	0	0	0	0	0	1165230	296142	0	0	342021	570321	1037900	360135	570838	0	0	0	1067107	0	630418	0	0	0	1014038	357056	0
2024-11-11	0	0	0	0	0	0	0	0	0	0	0	0	0	0	0	0	0	0	0	0	0	0	0	0	0	0	0	0	0	0	0	0	0	0	0	0	0	0	0	0	0	0	0	0	0	0	0	0	0	0	638479	0	0	0	0	0	0	0	0	0	0	0	0	0	0	0	0	0	1493578	0	0	0	0	0	0	0	0	0	0	1478273	0	0	0	0	0	0	0	0	0	0	0	0	0	0	0	0	0	0	0	0	0	0	0	0	0	0	0	0	0	0	0	0	0	0	0	0	0	0	0	0	0	0	0	0	0	0	0	0	0	0	0	0	0	0	0	0	0	0	0	0	0	0	0	0	0	0	0	0	0	0	0	0	0	0	0	0	0	0	0	0	0	0	0	0	0	0	0	0	0	0	0	0	0	0	0	0	0	0	0	0	0	0	0	0	0	0	0	0	0	0	0	0	0	0	0	0	0
2024-11-18	0	0	0	0	0	0	0	0	0	1395387	0	0	0	0	0	0	0	0	0	0	0	0	0	0	0	0	0	0	0	0	0	0	0	0	0	0	0	0	0	0	0	0	567352	0	0	0	0	0	0	0	0	0	0	0	0	0	0	0	0	0	0	0	0	0	0	0	0	0	0	0	0	0	0	0	0	0	0	0	0	0	0	0	0	0	0	0	0	0	0	0	0	0	0	0	0	0	0	0	0	0	0	0	0	0	0	0	0	0	0	0	0	0	0	0	0	0	0	0	0	0	0	0	0	0	0	0	0	0	0	0	0	0	0	0	0	0	0	0	0	0	0	0	0	0	0	0	0	0	0	0	0	0	0	0	0	0	0	0	0	0	0	0	0	0	0	0	0	0	1991652	0	0	566656	0	0	0	0	0	0	0	0	342021	0	0	0	0	0	0	0	0	0	0	0	0	573415	0	0	0
2024-11-25	0	0	0	0	0	0	0	0	0	0	0	0	0	0	0	0	0	0	340348	0	0	0	0	0	0	0	0	0	0	0	0	0	0	323063	0	0	0	0	0	0	0	0	0	0	0	0	0	0	0	0	0	0	0	0	0	0	0	0	0	0	0	0	0	0	0	0	0	0	0	634559	0	0	0	0	0	0	0	0	0	0	0	0	0	0	0	0	0	0	0	0	0	0	0	0	0	0	533204	0	0	0	0	0	0	0	1174128	0	0	0	0	0	0	0	0	0	0	0	0	0	0	0	0	0	0	0	0	0	0	0	0	0	0	0	0	0	0	0	0	0	0	0	0	0	0	0	0	0	0	0	0	0	0	0	0	0	0	0	0	0	0	0	0	0	0	0	0	0	0	0	0	1027421	0	0	0	0	0	0	0	0	0	0	0	0	0	0	0	0	0	0	0	0	0	0	0	0	0	0	0
2024-12-02	0	0	0	0	0	0	0	0	0	0	0	0	0	0	0	0	0	1090568	0	0	0	0	0	0	0	0	0	0	0	0	0	0	0	0	0	0	0	0	0	1067791	0	0	0	0	0	0	0	0	1157005	0	0	0	0	0	0	0	0	0	0	0	0	0	0	0	0	0	0	1109100	0	0	0	0	0	0	0	1391216	0	0	0	0	0	0	0	0	0	0	0	0	0	0	0	0	0	0	0	0	0	0	0	0	0	0	0	0	0	0	0	0	0	0	0	0	0	0	0	0	0	0	0	0	0	0	0	0	0	0	0	0	0	0	0	0	0	0	0	0	0	0	0	0	0	0	0	0	1240328	0	0	2841484	0	0	0	0	0	0	0	0	0	0	0	0	0	0	0	0	0	1065646	0	0	0	0	0	0	0	0	0	0	0	0	0	0	0	0	0	0	0	1079171	0	0	1067107	0	0	0	0	0	0	0	0
2025-01-20	614930	0	0	0	0	0	0	0	0	0	0	0	0	0	0	0	0	0	0	0	0	0	0	0	0	0	0	0	0	0	0	0	0	0	0	0	0	0	0	0	0	0	0	0	0	0	0	0	0	0	0	0	0	0	0	0	0	0	0	0	0	0	0	0	0	0	0	0	0	0	0	0	0	0	0	0	0	0	0	0	0	0	0	0	0	0	0	0	0	0	0	0	0	0	0	0	0	0	0	0	0	0	0	0	0	0	0	0	0	0	0	0	0	0	0	0	0	0	0	0	0	0	0	0	0	0	0	0	0	0	0	0	0	0	0	0	0	0	0	0	0	0	0	0	0	0	0	0	0	0	0	0	0	0	0	0	0	0	0	0	0	0	0	0	0	0	0	0	0	0	0	0	0	0	0	0	0	0	0	0	0	0	0	0	0	0	0	0	0	0	0	0	0	0	0	0	0
2025-02-17	0	0	0	0	0	0	0	0	0	0	0	0	0	0	0	0	0	0	0	0	0	0	0	0	0	0	0	0	0	0	0	0	0	0	0	0	0	0	0	0	0	0	567352	0	0	0	0	0	0	0	0	0	0	0	0	0	0	0	0	0	0	0	0	0	0	0	0	0	0	0	0	0	0	0	0	0	0	0	0	0	0	0	0	0	0	0	0	0	0	0	0	0	0	0	0	0	0	0	0	0	0	0	0	0	0	0	0	0	0	0	0	0	0	0	0	0	0	0	0	0	0	0	0	0	0	0	0	585370	0	0	0	0	0	0	0	0	0	0	0	0	0	0	0	0	0	0	0	0	0	0	0	0	0	0	0	0	0	0	0	0	0	0	0	0	0	0	0	0	0	0	0	0	0	0	0	0	0	0	0	0	0	0	0	0	0	0	0	0	0	0	0	0	0	0	0	0	0
2025-03-10	0	0	606618	0	0	0	0	0	0	0	0	0	0	0	0	0	0	0	0	603411	0	0	0	0	0	0	0	0	0	1010227	0	0	0	0	0	0	0	0	0	0	0	0	0	0	0	0	0	0	0	0	0	1093903	0	0	0	0	0	0	0	0	0	307200	0	0	457263	0	0	0	0	0	0	0	409600	0	0	0	0	0	0	0	0	0	0	0	0	0	0	0	0	0	0	0	0	0	0	0	0	0	0	0	0	0	0	0	662128	0	0	0	0	0	0	0	0	1046737	0	0	0	0	0	0	307200	0	0	0	0	0	0	0	1139754	0	0	1268665	0	0	0	0	0	0	0	0	0	0	2093243	0	0	0	0	0	0	0	0	0	0	0	0	0	0	0	0	0	0	0	0	0	1084134	0	0	0	0	0	0	0	0	0	0	102400	0	0	0	0	0	0	0	0	0	0	0	0	0	0	0	0	0	0	0	0	0
2025-03-31	0	0	0	0	0	0	0	0	0	0	0	0	0	0	0	0	0	0	0	0	0	0	0	0	0	0	0	0	0	0	0	0	0	0	0	0	0	0	0	0	0	0	0	0	0	0	0	0	0	0	0	0	0	0	0	0	0	0	0	0	0	0	0	0	0	0	0	0	0	0	0	0	0	0	0	1391216	0	0	0	0	0	0	0	0	0	0	0	0	0	0	0	0	0	0	0	0	0	0	0	0	0	0	0	0	0	0	0	0	0	0	0	0	0	0	0	0	0	0	0	0	0	0	0	0	0	0	0	0	0	0	0	0	0	0	0	0	0	0	0	0	0	0	0	0	0	0	0	0	0	0	0	0	0	0	0	0	0	0	0	0	0	0	0	0	0	0	0	0	0	0	0	0	0	0	0	0	0	0	0	0	0	0	0	0	0	0	0	0	0	0	0	0	0	0	0	0	0
2025-07-21	0	0	0	339293	0	0	0	0	0	0	0	0	0	0	0	0	582703	0	0	0	0	0	0	0	0	0	0	0	0	0	0	0	0	0	0	339336	0	0	0	0	0	0	0	0	0	0	0	0	0	0	0	0	0	0	0	0	0	0	0	0	0	0	0	0	0	0	0	0	0	0	0	0	0	0	0	0	0	0	0	0	359784	0	0	0	0	1039000	0	0	0	0	0	0	0	0	0	0	0	0	0	0	553736	0	0	0	0	0	0	0	0	0	0	0	628830	0	0	0	0	0	0	0	0	0	0	0	0	0	0	0	0	0	0	0	0	0	0	0	0	0	0	0	0	0	0	0	0	0	0	0	0	0	0	0	0	0	0	0	0	0	0	0	0	0	0	0	0	0	0	0	0	0	0	0	0	0	0	0	0	0	0	0	0	0	0	0	0	0	0	0	0	0	0	0	0	0	0	0	0
2025-07-28	0	0	0	0	0	1089392	623432	525419	0	0	0	0	0	0	0	0	0	0	0	603411	0	1097800	0	0	0	0	0	0	0	0	0	0	0	323063	0	0	629145	0	0	0	0	0	0	566626	0	0	292598	1264442	0	0	0	0	0	0	0	0	523977	0	0	0	0	0	0	0	457263	0	0	0	0	634559	0	0	0	0	0	0	293904	0	0	0	0	0	0	0	0	0	0	0	0	0	0	0	0	0	0	1112408	0	352815	0	0	0	0	0	0	0	0	699136	0	0	0	0	0	0	0	0	0	0	342122	0	0	386891	0	0	342420	0	0	0	0	0	0	0	0	0	0	0	0	0	667552	1113085	1111185	0	0	0	0	0	0	0	0	0	0	0	0	0	0	0	346643	0	0	320134	0	0	0	0	0	0	1065646	321414	0	0	0	0	0	1129879	0	0	214862	0	296142	0	0	342021	0	0	720270	0	0	387284	0	0	0	0	913929	342371	0	0	0	0
2025-08-04	0	0	0	0	0	0	0	0	0	0	340522	0	0	0	0	0	0	0	0	0	0	0	0	0	0	0	0	0	0	0	0	0	0	0	0	0	0	0	0	1067791	0	0	0	0	0	0	0	0	0	386513	0	0	0	0	0	0	0	0	0	0	0	0	0	0	0	0	513561	1109100	0	0	0	0	0	0	0	0	0	0	0	0	0	651224	0	0	0	0	0	0	0	0	0	0	525817	0	0	0	0	0	0	0	0	0	0	0	0	0	0	0	391907	403212	0	0	0	0	0	0	0	0	0	0	0	0	0	0	0	1110104	0	0	0	0	616122	0	0	0	0	0	0	0	0	0	0	0	0	0	0	0	0	0	0	0	0	1067810	274420	0	0	0	0	0	0	0	0	0	0	0	0	0	0	575553	0	0	0	0	0	0	0	0	0	0	598364	0	0	0	1037900	0	0	0	0	0	0	0	0	0	0	0	0	0	0
2025-08-11	307465	2177806	0	678586	2226706	1191792	623432	525419	1121273	1395387	0	0	950560	213371	2200584	631734	582703	1192968	680696	1104422	0	1097800	315854	618210	748735	754064	227227	973434	0	2020454	951918	545144	0	646126	0	678672	1155890	0	384764	0	2254132	270739	0	566626	1463670	1102493	0	632221	1157005	773026	1710637	1093903	536219	0	1914548	433476	1047954	1035987	364226	561459	1110356	357649	1298620	2097066	457263	1199766	513561	2218200	1493578	1064318	360446	706878	1406317	0	626792	1493616	0	550062	655974	0	0	0	0	0	558349	1039000	0	572874	751382	720426	1126456	2459498	0	0	932103	1112408	0	0	883592	443591	1107472	1105065	0	1096532	1174128	416177	0	1194573	391907	806424	1055896	410965	526430	1046737	867822	626681	1008290	342122	556687	1023725	773782	1130284	2248258	342420	500782	1110104	343851	0	1139754	485724	1129844	0	358292	520220	2508962	0	821914	0	0	0	686418	0	557243	899784	0	242276	1212354	2676296	2435066	0	1217740	1067810	0	1760145	1065673	346643	0	0	0	0	1018121	690378	559987	558213	2168268	0	321414	1151106	2549704	1027421	643164	1133312	2259758	0	604502	214862	2330460	296142	0	1029574	0	570321	1037900	360135	570838	1079171	387284	0	1067107	359263	425618	0	342371	0	1014038	0	1107996
2025-08-18	0	0	0	0	0	0	0	0	0	0	0	0	0	0	0	0	0	1090568	0	0	0	0	0	0	0	0	0	0	0	0	0	0	0	0	0	0	0	0	0	0	0	0	0	0	0	0	0	0	0	0	0	0	0	621573	0	0	0	0	0	0	0	0	0	0	0	0	0	0	0	0	360446	0	0	0	0	0	0	0	0	0	0	0	0	0	0	0	0	0	751382	0	0	0	0	0	0	0	0	0	0	0	0	0	0	0	0	0	0	0	0	0	0	0	0	0	0	0	0	0	556687	0	0	0	0	0	0	0	0	0	0	0	0	0	0	0	0	0	0	0	0	0	0	0	0	0	0	0	0	0	0	276526	0	0	0	0	0	0	0	0	0	0	0	0	0	0	0	0	0	0	0	0	321582	0	0	0	604502	0	0	0	0	0	0	1140642	0	0	0	0	0	588644	0	0	0	0	0	0	0	0	0
2025-08-25	0	1088903	0	0	0	0	0	0	0	0	0	0	0	0	0	0	0	0	0	0	0	0	0	0	0	0	0	0	0	0	0	0	0	0	0	0	0	0	0	0	0	0	0	0	0	0	0	0	0	0	0	0	0	0	0	0	0	0	364226	0	0	0	0	0	0	0	0	0	0	0	0	0	0	0	0	0	0	0	0	0	0	651224	0	0	0	0	0	0	0	360213	0	0	0	0	932103	0	0	0	0	0	0	0	0	0	0	416177	0	0	391907	0	0	0	0	0	433911	0	0	0	0	0	0	0	0	0	0	0	0	0	1139754	0	0	0	0	0	0	0	0	0	0	0	0	0	0	0	0	0	0	0	0	0	0	0	274420	586715	1065673	346643	0	0	0	0	0	0	0	0	0	0	0	0	0	0	0	0	0	0	0	0	0	0	0	0	0	0	0	0	0	0	0	0	0	0	0	0	0	0	0	0	0
2025-09-01	0	0	0	0	0	0	0	0	0	0	0	0	950560	0	0	0	0	0	0	0	0	0	0	0	0	0	0	0	0	0	0	0	0	0	0	0	0	0	0	0	0	270739	0	0	0	1102493	0	0	0	0	638479	0	0	0	0	0	523977	0	0	0	0	0	0	0	0	0	0	0	0	0	0	0	0	0	0	0	0	0	0	0	0	0	0	0	0	0	0	0	0	0	0	0	0	0	0	0	0	0	0	0	0	0	0	0	0	0	0	0	0	0	0	0	0	1046737	0	0	0	342122	0	0	0	0	0	0	0	0	0	0	0	0	0	0	0	0	0	0	0	0	0	0	0	0	0	0	0	242276	0	0	0	0	0	0	0	0	0	346643	0	0	0	0	1018121	0	0	0	0	0	0	0	1991652	0	0	0	0	0	0	0	0	0	0	0	0	0	0	0	0	0	0	0	0	0	0	0	342371	573415	0	0	0
2025-09-08	0	0	0	0	0	0	0	0	1121273	1395387	0	0	0	0	0	0	0	0	0	0	0	0	0	0	646335	0	0	0	0	0	0	0	0	0	0	0	0	0	0	0	0	0	0	0	0	0	0	0	0	0	0	0	0	0	0	0	0	0	0	0	0	0	0	0	0	0	0	0	0	0	360446	0	0	0	0	0	0	0	0	0	0	0	0	0	0	0	0	572874	0	0	0	0	0	0	0	0	0	0	0	0	0	0	0	0	0	0	0	0	0	0	0	0	0	0	0	0	0	0	0	0	0	0	0	0	0	0	0	0	0	0	0	0	0	0	0	0	0	0	0	0	0	0	2093243	797384	0	0	0	0	0	0	0	0	0	0	0	0	0	0	0	0	0	0	0	0	0	0	0	0	0	1027421	0	0	0	0	0	0	1165230	0	0	0	0	0	0	0	0	0	0	0	0	0	0	913929	0	0	0	0	0
2025-09-15	1844790	0	2119272	1357172	0	0	5619920	0	0	0	681044	0	0	0	0	0	0	0	0	0	0	0	0	0	0	0	0	0	0	0	0	0	0	0	0	0	0	0	0	0	0	0	0	0	0	0	0	0	0	0	0	0	0	0	0	0	0	0	0	0	0	0	0	0	0	0	0	0	0	0	0	0	0	0	0	0	0	0	0	0	0	0	0	0	0	0	0	0	0	0	0	0	0	0	0	0	0	0	0	0	0	0	0	0	0	0	0	0	0	0	0	0	0	0	0	0	0	0	0	0	0	0	0	0	0	0	0	0	0	0	0	0	0	0	0	0	0	0	0	0	0	0	0	0	0	0	0	0	0	0	0	0	0	0	0	0	0	0	0	0	0	0	0	0	0	0	0	0	0	0	0	0	0	0	0	0	0	0	0	0	0	0	0	0	0	0	0	0	0	0	0	0	0	0	0	0	0
2025-09-22	4304510	0	10903560	4750102	0	0	9676744	0	0	0	5788874	0	0	0	0	0	0	0	0	0	0	0	0	0	0	0	0	0	0	0	0	0	0	0	0	0	0	0	0	0	0	0	0	0	0	0	0	0	0	0	0	0	0	0	0	0	0	0	0	0	0	0	0	0	0	0	0	0	0	0	0	0	0	0	0	0	0	0	0	0	0	0	0	0	0	0	0	0	0	0	0	0	0	0	0	0	0	0	0	0	0	0	0	0	0	0	0	0	0	0	0	0	0	0	0	0	0	0	0	0	0	0	0	0	0	0	0	0	0	0	0	0	0	0	0	0	0	0	0	0	0	0	0	0	0	0	0	0	0	0	0	0	0	0	0	0	0	0	0	0	0	0	0	0	0	0	0	0	0	0	0	0	0	0	0	0	0	0	0	0	0	0	0	0	0	0	0	0	0	0	0	0	0	0	0	0	0
2025-10-06	3997045	10889030	6160798	2714344	3340059	10316528	5927120	4203352	10091457	9767709	3064698	3185010	7604480	1920339	7702044	1895202	4456824	10224712	1361392	6125521	1262772	6586800	1579270	3917870	6975350	2639224	1817816	7787472	2891170	6061362	1903836	3270864	1934270	1938378	0	2375352	4199215	2407780	2308584	7474537	5481730	1353695	2269408	3966382	5854680	7717451	877794	4238568	8099035	0	2782795	10939030	2681095	4146211	6700918	2600856	3667839	6215922	1821130	3368754	7772492	2503543	4784880	7339731	2286315	4901464	2567805	2218200	4480734	3622713	1802230	2018234	8437902	1714925	1151184	7160880	1763424	3607572	1530606	11826184	2518488	3051320	8768082	1543124	4773992	5195000	1371992	2291496	5566874	1801065	2816140	6148745	2629085	3002910	4660515	7786856	2666020	2469705	6185144	2217955	2768680	8840520	3144912	2894930	9393024	1664708	3785216	7577038	3135256	2419272	5279480	2465790	3465780	7327159	1735644	2826205	5041450	2394854	2226748	2047450	773782	1130284	4496516	2054520	1103964	1110104	1375404	5268330	4559016	1942896	2671010	6343325	2149752	3010700	2124881	3315198	821914	3030560	4452340	5760725	2643272	642896	7951458	4191720	4961312	1211380	3082085	9010736	3652599	1106104	3755620	5339050	1097680	1760145	4262692	2079858	2785775	4097160	1920804	1692744	5090605	690378	2799935	4541839	5625470	2131292	1607070	2877765	558052	5137105	1607910	2833280	4519516	1192636	1608706	429724	3495690	1480710	2188656	4118296	1368084	1710963	2075800	1080405	2283352	5395855	0	1279688	4268428	1437052	1907272	3655716	1027113	1720245	1014038	1071168	2215992
2025-10-13	2767185	10889030	9493306	3053637	8906824	12597712	4475456	5779609	16819095	19535418	4086264	5992785	10456160	2987194	9902628	2211069	4527527	16189552	4084176	5419710	2736006	16467000	4106102	6288310	6872950	3770320	2953951	13628076	8673510	14143178	4442284	7632016	5415956	4199819	13828184	3732696	7462085	6121850	3847640	14949074	15881324	4061085	7375576	10199268	8050185	11024930	2633382	6785273	13884060	5411182	7300306	10939030	7507066	5908530	11487288	6068664	5763747	14503818	4006486	5053131	14434628	4649437	7074920	15727995	5029893	9151845	3594927	14418300	16429358	5751349	4325352	3329590	18282121	4458805	9311872	20296224	4702464	7867606	3498528	11826184	6116328	8846760	16074817	4629372	7975337	8312000	4115976	6874488	8128220	5403195	7321964	12297490	4732353	5004850	6524721	12236488	5332040	4233780	11486696	5766683	4429888	14365845	5919272	5774926	14089536	5826478	6956032	14846876	3527163	6048180	12670752	4931580	7033960	15701055	4773021	6381491	14116060	3763342	6680244	8189800	5029583	7346846	13489548	3424200	7420548	13321248	3782361	5853700	14816802	7771584	5033098	20298640	6807548	9961920	12544810	14365858	6164355	5393568	16696275	11521450	9579470	4500272	22182645	12472760	13643608	3634140	6411947	25970672	18262995	1935682	8319380	9610290	3293040	10560870	17050768	5892931	8357325	13315770	4802010	8463720	15271815	3797079	6719844	22392021	14912942	14919044	2892726	7482189	18405980	12329052	4823730	7366528	12428669	2385272	3719514	2793206	16313220	2665278	6565968	14414036	4788294	5703210	13492700	3601350	6279218	9712539	5421976	8369172	14939498	3592630	5280180	11881077	3423710	6307565	14196532	4641728	6093978
2025-10-20	1229860	3266709	2828290	2375051	6680118	4562368	2912360	525419	2242546	5581548	1362088	2500575	5703360	426742	6601752	1579335	3189018	4567072	1361392	2106444	1052310	3293400	947562	2268040	4185210	2262192	681681	2920302	2891170	4040908	951918	1090288	773708	1615315	4541128	1357344	2940925	2958525	1539056	4271164	3329998	812217	1702056	1699878	3659175	3307479	1170392	2324084	6942030	1546052	4493432	3281709	3217314	2383892	5743644	1733904	2095908	2071974	1456904	1122918	8882848	1430596	2392440	4194132	2743578	1302166	3081366	3327300	5974312	3397754	1441784	2627673	5625268	1714925	1777976	5769664	1763424	1957386	1311948	7391365	1798920	1748872	7306735	1543124	2540596	4156000	1714990	3437244	4713092	720426	1689684	3689247	2629085	2001940	3728412	5562040	3199224	1411260	6185144	887182	1661208	2210130	2199008	2690130	8218896	2080885	1398272	6177665	1959535	806424	6335376	2054825	1257660	6280422	1735644	2826205	4033160	1368488	2783435	4094900	1160673	3955994	3372387	2054520	1707146	6660624	1719255	2341480	4559016	1942896	2362088	6343325	1074876	1970260	7142805	6630396	2465742	2363008	4452340	2324770	2540872	1285792	5300972	2494552	4961312	1453656	3082085	9331832	4870132	276526	1115340	2135620	1372100	2346860	4262692	1733215	2785775	3072870	1600670	2821240	5090605	1035567	2210873	5100052	5625470	2131292	1285656	1726659	6773564	4109684	2251074	2833280	3389637	1490795	2315608	429724	3495690	1480710	495964	3088722	1026063	2281284	6227400	1080405	1712514	6475026	3098272	3250420	3201321	1437052	3168108	3655716	1027113	1720245	4056152	1071168	2215992
2025-10-27	8916485	41378314	14440868	8821618	43420767	32821168	18721024	12084637	26910552	34884675	10896704	14863380	33269600	6187759	29707884	9160143	13716678	21949592	13954268	11351420	5682474	34031800	9475620	15360470	17931110	12065024	6589583	33096756	16190552	33337491	7615344	14173744	11218766	7753512	26162686	11876760	19650130	14651480	9619100	28830357	31762648	7580692	19289968	11332520	19759545	33074790	8777940	17586493	25358929	11208877	15239091	32817090	12869256	17315990	29675494	12137328	15719310	30043623	12019458	17405229	29979612	10014172	17259080	31455990	11431575	17345407	12325464	39927600	50781652	19362524	10813380	8077897	39376876	10289550	18623744	55221408	8229312	17590198	6122424	35478552	9714168	10800432	46763104	12730773	20622266	33248000	10289940	16040472	23975060	10446177	16896840	31973474	14197059	13012610	29827296	25585384	14396508	8820375	22089800	11976957	16612080	36467145	12477248	12763718	32875584	14150018	17697280	36076217	10973396	13709208	31676880	11917985	17855330	26168425	15186885	17788711	33273570	6842440	16700610	28664300	10446057	16954260	34847999	12327120	15261914	28862704	12034785	21658690	31913112	14085996	12942006	44403275	10390468	18567980	42268273	36467178	12739667	12531840	26714040	34461950	20122176	10286336	33477561	28851856	34729184	7268280	17075356	44964712	34090924	8295780	21919320	29898680	7683760	18188165	34101536	10052647	10585945	27655830	7042948	17491688	31561751	9320103	12879701	39683990	34162420	24509858	7392522	16691037	46252900	24658104	9647460	16433024	25987217	7752134	18412566	6875584	39617820	10068828	16808484	25739350	8550525	15398667	25947500	9363510	15412626	39929327	12393088	19195320	27877510	9340838	13744486	25722740	10271130	17775865	26364988	9640512	14957946
2025-11-03	3997045	19600254	11407778	4410809	15586942	19236464	10821208	11033799	16819095	26512353	4426786	10341865	12357280	4480791	23238860	5685606	9567054	19154056	5445568	9336387	2525544	17564800	4106102	10103780	12011695	8294704	4090086	22388982	9829978	23235221	6980732	8177160	5802810	4845945	15893948	6108048	6832940	10386665	5771460	17084656	21260654	5144041	9644984	9632642	10245690	19844874	7900146	10801220	17355075	6570721	10516780	20784157	9651942	11714660	19145480	7369092	6811701	15539805	4734938	10667721	21096764	6080033	8031430	20970660	9145260	9960276	7703415	22182000	25390826	11482539	5767136	8077897	19688438	4801790	10258256	20296224	5878080	12677702	4591818	17739276	5396760	12000480	23514280	6944058	8431286	15585000	7545956	13176102	14344076	6123621	7321964	11067741	11567974	8007760	20506266	21135752	9064468	6703485	10603104	7097456	10520984	15470910	9907688	8377590	11741280	6242655	13043456	16041449	7838140	7661028	14782544	6575440	8510850	16747792	9979953	8581015	19157510	9237294	12247114	23545675	7737820	10172556	15737806	4793880	10538858	17761664	5845467	9951290	18236064	6800136	7497586	26641965	8599008	9646500	26446339	18786122	7808183	9964032	21148615	18598160	7725016	6107512	28598103	14477128	18604920	4845520	11568563	35146596	15827929	4977468	9184250	14949340	5753856	8800725	21313460	7972789	10585945	18437220	6082546	7899472	19344299	7248969	11199740	20641247	22501880	19181628	6106866	12086613	17289876	18493578	6110058	10199808	15818306	4770544	11270840	3437792	15147990	5034414	8258660	14414036	5472336	9695457	13492700	3601350	7420894	21583420	6583828	10032704	27744782	5748208	6966634	19192509	5820307	9174640	22308836	6069952	8863968
2025-11-10	3689580	13066836	7775852	5428688	18927001	13584704	10402576	6830447	14576549	20930805	4767308	5513150	11406720	2347081	14303796	5685606	6960739	13701216	4084176	6023121	2736006	16467000	3474394	6906520	10616625	5655480	2953951	16548378	9829978	9092043	3807672	5996584	4642248	5492071	13725784	4411368	7462085	8427230	5771460	12813492	10092394	4331824	9077632	3966382	8050185	15434902	2925980	5298210	17355075	5411182	4493432	13126836	7507066	9228368	18188206	5201712	8907609	16575792	4006486	6737508	13324272	3576490	5434190	16776528	6401682	8500762	4622049	16636500	16429358	7409908	3244014	5050546	19688438	5487760	6382712	15917776	4114656	7970006	3279870	19217549	4317408	7646712	17536164	4629372	9855184	13507000	3772978	7447362	10382366	5042982	4505824	18446235	7887255	5505335	11185236	14461304	5865244	2822520	11486696	5323092	7752304	15470910	7440528	6579192	16437792	5410301	9752576	17338422	4310977	6048180	13726648	4520615	9242080	13607581	5206932	7008172	9074610	5473952	6680244	12284700	6190256	9042272	11241290	5136300	8330930	19981872	4813914	6439070	20515572	8743032	5958142	19029975	4657796	11932180	20071696	16575990	5753398	10631584	16696275	14957405	10747506	5143168	16460159	11880176	17364592	3149588	7171724	27594712	21915594	4147890	7966510	12813720	2195360	7627295	13853749	4506359	7773927	8194320	4161742	5642480	12217452	4487457	9490704	19841995	20538412	19181628	6106866	8633295	17289876	17466157	5466894	9066496	18078064	3577908	7141726	2363482	15147990	3553704	6565968	13384462	5472336	7414173	13492700	3961485	6279218	12950052	4647408	5707396	19207926	4311156	8653088	13708935	5135565	6880980	14196532	3927616	7201974
2025-11-17	3074650	7622321	3734326	2714344	12246883	9124736	3433392	4728771	10091457	8372322	2724176	4349080	7604480	1493597	9902628	1263468	3669321	9031744	3403480	4019077	1473234	6418096	2526832	4536080	5580280	1508128	2045043	6814038	2891170	4040908	2855754	4361152	1934270	969189	7016492	2036016	3467670	4917960	1923820	5338955	7838262	1895173	5673520	4533008	6586515	14332409	1755588	6135231	9256040	1546052	3650153	7657321	4289752	3736611	4786370	3467808	3143862	8287896	2185356	2807295	7772492	2503543	4237970	11533863	1829052	4147981	5649171	9981900	10455046	5096631	3604460	1413756	18282121	1714925	3977944	10250512	2057328	6012620	1749264	8869638	1798920	3702544	10229429	2700467	6095490	5195000	1714990	3437244	8128220	1801065	3942596	6148745	3154902	4003880	2796309	8899264	4265632	2116890	8835920	3105137	3876152	6630390	4768568	5087994	9393024	1664708	2182144	7474638	2743349	2822484	7391272	3698685	5776300	6280422	3471288	4181967	7058030	1710610	2226748	7166075	2321346	3955994	6744774	3081780	2708710	7770728	1375404	3512220	7978278	5342964	3800854	10149320	2866336	2695280	1152243	7735462	1643828	5033216	5565425	8290295	6454580	1607240	6972701	4989104	8682296	1695932	4747016	10955872	7305198	2765260	6088700	5339050	2195360	4107005	4262692	2773144	2785775	6145740	1920804	5078232	7126847	3106701	3359922	9882930	10269206	7459522	1928484	4028871	8765216	5137105	2251074	4533248	6779274	1788954	2817710	1074310	8156610	1480710	5574040	9266166	1710105	3421926	6227400	3961485	3995866	7554197	2323704	3148020	7469749	718526	3798526	4569645	2396597	4587320	6084228	3213504	3877986
2025-11-24	2152255	7622321	6263198	2035758	12246883	4459968	4056824	2101676	6727638	11163096	2043132	4246680	6653920	1280226	6601752	2211069	3086618	9338944	2042088	3711877	1683696	9880200	3474394	5154290	2790140	2639224	1817816	6814038	2891170	7071589	1903836	2725720	2707978	1615315	11455220	2036016	2414180	5366305	3462876	9610119	8914128	1895173	5106168	4533008	4391010	7717451	1462990	3178926	10413045	1932565	1734716	10939030	2681095	3005465	6700918	3901284	6287724	6215922	3278034	2807295	5551780	2861192	1845530	6291198	4115367	5450147	4622049	6654600	13442202	5546549	2162676	1715995	7031585	2743880	2929160	11539328	1469520	5360158	1093290	11826184	2518488	6102640	13152123	3086248	1777447	7273000	2057988	4010118	8128220	3241917	3942596	11067741	5258170	1501455	4660515	12236488	5332040	2822520	7068736	3105137	4429888	8840520	3720264	3494396	5870640	2913239	5473024	7372238	2743349	2016060	7391272	2054825	2939350	6280422	2603466	3555286	8066320	1710610	4453496	10237250	2321346	3955994	11241290	2054520	5519820	11101040	1375404	585370	5698770	2914344	4519376	12686650	2149752	4255940	11776648	7735462	4931484	3595712	4452340	5658325	4395326	1285792	6972701	5991288	9922624	1453656	4396839	10304400	8522731	2212208	3653220	8542480	1646520	5867150	8525384	3813073	2785775	7170030	1920804	5642480	6108726	2071134	4479896	5100052	7793738	5328230	2249898	4604424	10198816	6164526	2516530	4533248	9039032	1788954	3821914	1289172	10487070	1776852	2582220	5147870	1710105	2851605	5189500	3601350	3995866	9712539	2710988	6500840	8536856	1796315	2537690	7311432	2738968	5160735	7098266	2856448	3323988
2025-12-01	2152255	5444515	4947562	3392930	7793471	10111728	4475456	4728771	10091457	8372322	3064698	4828715	2851680	1493597	9902628	2211069	3771721	8043576	1701740	4918699	1052310	6586800	1895124	3917870	5477880	2639224	1817816	5840604	2891170	9092043	1586530	3270864	2321124	1615315	10166338	2036016	5252705	3509270	3847640	9610119	6864796	1624434	2269408	2833130	4391010	8819944	2048186	2546705	8099035	3865130	2987595	7657321	4289752	4979757	6700918	3034332	4191816	4143948	2549582	4491672	7772492	4291788	3588660	6291198	3658104	2399532	2700533	11091000	11948624	5321590	2162676	2827512	14063170	3086865	5026728	11539328	2057328	5910220	655974	10347911	3597840	2948920	13152123	2700467	5081192	11429000	2057988	3437244	5566874	1933793	3379368	6148745	5258170	3503395	7456824	10011672	3732428	3175335	6185144	3992319	4429888	9945585	3144912	3187196	9393024	3329416	5268224	7679438	2743349	3225696	7391272	3698685	4621040	8373896	2603466	1777643	7058030	3421220	3340122	9213525	2321346	7346846	10117161	3766620	2913510	8880832	2406957	5853700	7978278	2914344	5033098	11417985	1433168	6021400	6938329	9945594	2465742	6265920	10017765	10410265	4016108	2250136	5858215	4294120	9922624	1938208	2424708	16638840	9740264	2488734	7408840	9610290	823260	2933575	9591057	1039929	3900085	9218610	2240938	3949736	9163089	3451890	5039883	9641891	5727870	8525168	2892726	4028871	10756868	4109684	2251074	3399936	10168911	2683431	4026714	1074310	12817530	1776852	5574040	8236592	2052126	3421926	4151600	2881080	2854190	5395855	3485556	2354576	7469749	1796315	2742490	9139290	3423710	4587320	6084228	1785280	3323988
2025-12-08	1537325	8711224	2623490	1696465	5566765	8035344	3954424	3152514	6727638	6976935	1702610	2602975	5703360	1493597	7702044	2211069	4834727	6850608	2042088	3415666	1052310	5489000	1579270	3402060	4185210	2639224	681681	3893736	4047638	7071589	1586530	3270864	1934270	1292252	5727610	3393360	1785035	3060925	4232404	6406746	5788930	1082956	3404112	3966382	5854680	3307479	1462990	3811147	8099035	1546052	2349116	7657321	2144876	1659919	5743644	1733904	3143862	5179935	2185356	2245836	8882848	2503543	3588660	4194132	5029893	2948215	2567805	11091000	10455046	3417913	2523122	2525273	8437902	2057910	4182744	10045712	1469520	5564958	1749264	7391365	2158704	3256120	10229429	3086248	3759694	5195000	1371992	1718622	3210328	2881704	2816140	9837992	3154902	3002910	6524721	6674448	2666020	3528150	3534368	3992319	3322416	4420260	4666168	3991462	5870640	2080885	2676480	7269838	2351442	2822484	6335376	3287720	3363380	6280422	2603466	1675243	7058030	2052732	5010183	6142350	1547564	2260568	7868903	2739360	4415856	7770728	2406957	4097590	6838524	1942896	3594332	11417985	1074876	3215500	2893043	4420264	2465742	2567808	5565425	6974310	3708908	1607240	6836972	3394336	7441968	1453656	4951816	7628104	8522731	1659156	2890750	9610290	2195360	3520290	6394038	2079858	1671465	7170030	2240938	4513984	6108726	3106701	5039883	4224665	10166806	8525168	1607070	4028871	6215512	8219368	1929492	3966592	6779274	1788954	2510510	1504034	9321840	1480710	3180584	6177444	2052126	5703210	4151600	1800675	4566704	5395855	1549136	3736664	8536856	1796315	5059362	6397503	2054226	5160735	4056152	2142336	2769990
2025-12-15	2152255	13066836	7271634	4750102	11133530	11405920	7276384	3677933	14576549	15349257	4086264	6370020	10456160	2133710	8802336	4738005	4834727	10122312	3743828	6125521	2736006	6586800	2842686	7524730	5375480	2639224	2272270	12654642	6938808	10102270	2221142	5451440	4255394	3230630	12334502	3054024	6613395	3060925	3847640	14949074	14600658	1895173	5106168	3966382	9513855	13229916	2633382	6990073	9256040	3092104	8143585	10939030	3753533	5806130	8615466	3901284	7335678	9323883	3642260	7298967	8882848	5007086	7177320	8388264	5487156	5347747	5649171	11091000	16429358	8084785	3244014	3636790	15469487	3086865	6587512	17104192	4114656	5667358	1530606	16261003	3957624	7953912	14613470	4629372	3657294	12468000	4115976	8593110	10382366	3241917	7885192	13527239	2103268	4504365	11185236	11124080	6398448	4233780	6185144	4435910	6644832	7735455	5714472	5087994	10567152	3329416	5967360	13549903	3919070	4435332	12670752	5753510	5249870	15701055	5206932	6700972	8066320	2394854	4453496	12284700	3095128	6781704	8993032	3766620	4313456	17761664	3782361	4097590	7978278	3400068	7395186	13955315	3941212	4980960	18151291	14365858	4931484	5598368	12243935	11623850	4292926	2571584	10044701	11082792	14883936	2422760	4849416	21835524	14610396	3041786	3858020	10678100	2469780	8214010	12788076	3466430	5571550	10242900	2240938	6206728	11199331	3106701	6719844	16175543	7793738	12787752	2892726	5179977	13306572	11301631	3215820	6233216	11298790	3577908	4528816	2363482	10487070	4145988	5676440	13384462	4104252	6273531	11416900	3241215	3995866	8633368	3872840	4427708	12805284	3592630	3168108	10967148	4108452	6307565	11154418	3927616	6647976
2025-12-22	0	0	0	0	0	0	0	0	0	0	0	0	0	0	0	0	0	0	0	0	0	0	0	0	0	0	0	0	0	0	0	0	0	0	1084082	0	0	0	0	0	0	0	0	0	0	0	0	0	0	0	0	0	536219	0	0	0	0	1035987	0	0	0	357649	0	0	0	0	0	1109100	0	0	0	0	0	0	0	0	0	0	0	0	0	0	0	0	0	0	0	1145748	0	0	0	0	0	0	0	0	0	0	0	0	0	0	0	0	0	0	0	0	0	0	0	0	0	0	0	0	0	0	0	0	0	0	0	0	0	0	0	0	0	0	0	0	0	0	0	0	0	0	0	0	0	0	0	0	0	0	0	0	0	0	0	0	0	0	0	0	0	1024290	0	0	0	0	0	0	0	0	0	0	0	0	0	0	0	0	0	0	0	0	0	1029574	0	0	1037900	0	0	0	0	0	1067107	0	0	0	0	0	0	0	0
2025-12-29	307465	1088903	0	0	1113353	1089392	1144464	525419	0	0	1021566	0	1901120	426742	0	315867	582703	1090568	340348	501011	210462	1097800	631708	0	0	754064	0	973434	1156468	1010227	317306	0	386854	646126	2270564	678672	1155890	653145	769528	2135582	2254132	270739	567352	566626	0	2204986	585196	427421	0	0	1072158	1093903	536219	621573	0	433476	0	0	364226	0	0	715298	0	2097066	0	651083	0	0	0	0	360446	404639	2812634	342985	1151184	1391216	587808	1202524	218658	2956546	359784	0	1461347	385781	1219098	1039000	685996	1145748	853782	720426	1126456	1229749	0	1000970	0	0	1066408	1058445	0	443591	553736	1105065	575352	1096532	0	416177	699136	0	391907	0	1055896	0	628830	2093474	867822	1150962	3024870	684244	556687	2047450	773782	565142	1124129	684840	0	2220208	343851	585370	1139754	0	616122	2537330	358292	0	2508962	1105066	410957	565152	2226170	3435955	1270436	642896	4743729	0	1240328	0	1212354	3327768	1217533	0	1320140	2135620	274420	1173430	1065673	693286	0	2048580	640268	1128496	2036242	345189	1679961	2550026	1186534	1065646	0	1151106	2549704	2054842	321582	566656	1129879	596318	604502	214862	1165230	296142	598364	2059148	342021	1140642	2075800	360135	570838	2158342	1161852	588644	0	359263	630418	913929	684742	1146830	0	0	1661994
2026-01-05	1844790	14155739	2930690	2714344	10020177	8919936	5406088	3677933	6727638	8372322	2724176	5787985	8555040	2773823	8802336	3158670	3566921	10327112	3063132	4918699	1683696	8782400	2842686	5670100	6975350	2639224	1817816	8760906	5204106	9092043	3173060	3270864	3481686	3230630	7793374	1357344	6408595	4162415	3078112	7474537	10194794	2707390	3404112	6799512	5122845	9922437	2633382	3606347	8099035	3865130	5155990	12032933	5362190	5286957	8615466	3901284	4191816	7251909	3642260	3930213	8882848	2861192	5981100	12582396	4572630	4696664	3594927	12200100	11948624	5321590	1802230	2929912	14063170	3086865	2826760	5872064	2351232	3607572	2623896	5913092	3957624	4148968	11690776	3857810	4318043	8312000	2057988	4582992	7274438	3962343	3942596	11067741	4732353	4003880	9321030	10011672	6398448	3528150	7068736	3105137	2768680	6630390	3144912	3289596	16437792	4577947	6461696	13652303	4702884	3225696	9503064	4520615	4825840	10467370	2169555	4603848	10082900	1710610	5010183	9213525	5029583	6781704	12365419	2739360	6225402	6660624	1375404	5063530	7978278	4857240	4212176	11417985	3941212	5705980	12544810	12155726	2876699	5905568	4452340	7076710	4979344	3535928	7394215	8588240	13643608	1695932	6164170	15014800	12175330	1382630	6748770	10678100	2469780	4107005	9591057	3119787	6685860	8194320	3841608	6770976	8144968	1725945	5039883	9083678	8100938	12787752	3214140	7482189	8207164	9246789	3215820	4533248	10168911	3279749	4631216	1504034	14085160	3257562	6070004	8236592	1710105	4562568	8303200	3601350	6850056	9712539	4647408	6884684	8536856	3592630	5296198	9139290	4108452	3440490	8112304	3213504	5539980
2026-01-12	922395	0	1819854	339293	0	1089392	1246864	1050838	0	2790774	340522	1746105	2851680	0	0	947601	1748109	1090568	1021044	1810233	631386	0	631708	618210	1292670	754064	0	2920302	578234	1010227	317306	545144	386854	323063	1084082	1018008	629145	653145	384764	1067791	0	541478	2269408	566626	731835	0	292598	632221	2314010	386513	638479	0	1072438	1243146	2871822	433476	523977	2071974	0	561459	1110356	357649	649310	1048533	1371789	1302166	1027122	3327300	0	1903677	1081338	0	0	0	1253584	1391216	0	1957386	437316	0	3238056	2604896	0	385781	1321498	0	0	572874	1502764	720426	0	0	525817	2502425	1864206	1112408	1066408	352815	883592	443591	0	0	1418856	599466	0	832354	1398272	0	0	1209636	3167688	821930	1257660	1046737	867822	1253362	3024870	0	0	0	386891	1130284	0	684840	603182	0	343851	585370	0	1457172	616122	0	358292	2175060	4249762	0	410957	2002656	0	0	1168036	321448	0	2392152	2480656	484552	2629508	0	0	553052	1320140	0	0	586715	0	693286	0	3072870	960402	564248	2036242	690378	1679961	5975439	1084134	2131292	964242	1151106	0	1027421	643164	566656	2259758	596318	604502	214862	0	296142	1795092	2059148	684042	2281284	1037900	720270	1141676	3237513	774568	1177288	0	1077789	1260836	1827858	342371	573415	1014038	0	1107996
2026-01-19	1229860	5444515	2119272	2375051	4453412	7830544	2288928	3152514	4485092	2790774	1702610	2602975	1901120	1493597	3300876	1579335	3189018	6850608	2042088	2106444	1052310	4391200	947562	1752230	4082810	2262192	1363362	3893736	2891170	6061362	1269224	2725720	1547416	2261441	3354646	2036016	4096815	2510180	1923820	6406746	6659996	1082956	2269408	1699878	4391010	1102493	1170392	1487063	4628020	1932565	433679	6563418	1072438	1864719	4786370	1733904	2619885	7251909	1821130	3368754	3331068	1072947	3041750	4194132	1371789	2297132	3081366	4436400	10455046	1923836	1441784	1213917	9844219	2057910	2929160	8756896	1469520	4157634	437316	5913092	1079352	3702544	11690776	1543124	1219098	4156000	1714990	2864370	3961710	2521491	2252912	6148745	0	3002910	2796309	4449632	2666020	1764075	3534368	1774364	1661208	6630390	1418856	1695998	2348256	1664708	3086080	7474638	3135256	1612848	4223584	821930	2310520	5233685	2169555	2826205	4033160	2052732	3340122	4094900	1547564	3390852	3372387	1369680	3311892	2220208	1375404	1756110	4559016	2428620	3389532	5074660	1433168	1040440	2893043	6630396	1643828	1335104	4452340	6974310	2438472	642896	7951458	3394336	4961312	484552	1212354	5682968	3652599	1659156	3095550	5339050	1372100	2346860	5328365	1733215	2228620	4097160	1280536	2821240	5090605	1725945	2799935	7650078	3457202	5328230	642828	2302212	3107756	5137105	1286328	2833280	4519516	596318	2213208	429724	4660920	2369136	1487892	4118296	684042	2851605	7265300	1080405	2283352	1079171	1936420	1970732	7469749	1437052	3168108	4569645	1369484	2867075	3042114	1071168	3323988
2026-01-26	1844790	8711224	1615054	2714344	10020177	5549360	2707560	3152514	5606365	8372322	2043132	1643705	2851680	853484	6601752	1263468	3189018	7055408	1361392	1605433	1262772	7684600	1579270	1854630	4185210	1131096	1817816	7787472	2312936	6061362	2221142	1635432	2321124	1615315	6709292	1696680	2209380	3816470	2693348	4271164	8811728	812217	5106168	3966382	4391010	5512465	1170392	5075589	5785025	1932565	1505837	7657321	2681095	2800665	3829096	3034332	2095908	5179935	3278034	2807295	6662136	2503543	2392440	5242665	2286315	2399532	2567805	4436400	8961468	2988154	2162676	1009117	8437902	1028955	4182744	8654496	1469520	4260034	1749264	8869638	2518488	3051320	7306735	1928905	3098945	5195000	1371992	572874	3210328	1080639	3379368	4918996	3154902	2502425	2796309	10011672	2666020	2469705	3534368	1774364	5537360	4420260	2199008	3786662	7044768	2080885	5063424	7372238	1959535	2822484	8447168	4109650	2836950	7327159	2603466	2404324	7058030	2052732	2226748	4094900	2708237	5086278	5620645	1712100	3915074	5550520	2063106	3512220	6838524	3400068	3800854	13955315	2149752	3530920	11392567	12155726	2876699	3030560	10017765	4547140	3913708	1928688	7951458	6788672	6201640	969104	3739462	13311072	4870132	1935682	3755620	3203430	823260	1760145	9591057	3119787	3900085	5121450	2561072	3385488	6108726	2416323	4479896	7650078	6709604	7459522	1928484	1726659	4223860	3082263	1607910	3399936	7909153	1788954	2612910	429724	8156610	2665278	3778948	5147870	1368084	1710963	4151600	2160810	4566704	8633368	1549136	3250420	5335535	1796315	3798526	5483574	1711855	2293660	5070190	2499392	3323988
2026-02-02	1229860	4355612	1717454	1696465	3340059	4767168	2391328	2101676	2242546	4186161	681044	2705375	2851680	1066855	3300876	947601	3669321	2181136	1021044	1605433	631386	5489000	631708	2165640	2687740	377032	681681	3893736	578234	3030681	317306	2180576	1934270	1615315	2270564	1018008	1682635	3060925	1923820	2135582	3227598	1353695	1702056	1133252	2195505	2204986	1170392	2324084	6942030	1546052	1072158	4375612	536219	2903065	2871822	1733904	1993508	1035987	1092678	2245836	4441424	715298	2392440	4194132	2286315	3599298	1540683	4436400	5974312	1923836	720892	1009117	7031585	685970	2826760	8552096	881712	1854986	1093290	5913092	1079352	1851272	8768082	1157343	2438196	5195000	1371992	2864370	3107928	720426	1126456	8608243	4206536	3002910	1864206	2224816	2132816	1411260	4417960	1774364	2214944	2210130	2096608	1695998	2348256	2497062	2591744	3686119	1959535	2016060	3167688	1232895	1155260	3140211	1735644	2404324	4033160	1026366	2226748	3071175	0	2260568	3372387	2054520	1604746	1110104	1031553	2926850	5698770	1457172	2875810	0	716584	2695280	6758724	6630396	410957	3132960	4452340	5658325	3124890	321448	2093243	3394336	3720984	726828	1212354	3814052	4870132	829578	3095550	5339050	823260	2346860	5328365	693286	2785775	6145740	1600670	1128496	3054363	345189	1679961	4541839	2373068	4262584	1607070	3453318	3665808	4109684	964746	1133312	2259758	894477	1106604	859448	2330460	1480710	2188656	1029574	1710105	1140642	7265300	360135	1712514	4316684	1161852	3736664	5335535	1796315	1481654	5483574	1711855	2293660	4056152	1071168	2769990
2026-02-09	307465	4355612	1213236	339293	5566765	5651760	2084128	2627095	2242546	4186161	1021566	2225740	2851680	426742	5501460	1579335	1165406	3476504	1021044	603411	420924	3293400	947562	1134020	646335	1885160	908908	2920302	3469404	3030681	951918	1635432	386854	1292252	4643528	1018008	1785035	653145	1154292	4271164	4508264	812217	567352	1133252	2195505	4409972	1755588	1487063	4628020	773026	1276958	1093903	1608657	1762319	2871822	2167380	2095908	1035987	1821130	2245836	5551780	1430596	1640730	5242665	1371789	3050615	1540683	3327300	4480734	2333436	1802230	1818395	5625268	1371940	2929160	8654496	1175616	1304924	0	5913092	1079352	2502496	5845388	771562	3657294	4156000	1371992	1718622	3210328	1080639	3379368	4918996	525817	1501455	3728412	3337224	1066408	1058445	5301552	887182	2768680	4420260	1623656	1695998	3522384	1664708	1483008	4880692	1567628	1612848	2111792	1643860	1257660	2093474	2603466	1675243	4033160	1368488	1670061	5118625	1934455	1695426	5620645	1369680	2606310	4440416	1719255	2341480	3419262	2428620	2773410	5074660	1074876	1245240	8883605	2210132	2465742	1232704	1113085	5760725	3124890	1285792	2650486	1697168	6201640	1211380	2424708	6169252	4870132	829578	1775410	4271240	1097680	2933575	2131346	1039929	3342930	3072870	1600670	1692744	4072484	1725945	2799935	4541839	5727870	1065646	1285656	575553	4541356	2054842	964746	1133312	4519516	298159	2715310	859448	2330460	1184568	2188656	5147870	1026063	3421926	1037900	1080405	1141676	4316684	1936420	3839064	3201321	1437052	1907272	4569645	1027113	2867075	5070190	1428224	1661994
2026-02-16	1536795	5444515	913818	646493	2226706	3370576	1972696	1665238	1121273	0	1328766	1471270	3261280	853484	0	631734	1063006	2385936	680696	603411	210462	2195600	631708	515810	0	1131096	227227	1946868	1156468	1010227	317306	545144	0	646126	0	1018008	2311780	0	1154292	2135582	2254132	270739	567352	1699878	1463670	2204986	585196	1691863	1157005	773026	1072158	3281709	1608657	1140746	1914548	0	523977	2071974	728452	0	3331068	1072947	0	3145599	1371789	548683	0	2218200	1493578	634559	0	1009117	1406317	1028955	0	0	0	550062	218658	1478273	719568	548824	1461347	0	1219098	0	685996	1145748	1605164	720426	563228	2459498	525817	1000970	0	3337224	533204	352815	883592	0	1661208	1105065	0	1096532	0	0	494336	2491546	783814	403212	2111792	0	1155260	2093474	1301733	1150962	3024870	342122	1113374	2047450	0	1130284	1124129	684840	603182	2220208	1031553	585370	1139754	971448	616122	1268665	358292	725020	2124881	3315198	0	1232704	2226170	2324770	584018	642896	4743729	899784	2480656	242276	1767331	486284	1217533	276526	1775410	3203430	274420	1760145	3197019	346643	1114310	1024290	640268	564248	1018121	1035567	559987	2550026	2270668	2131292	642828	1151106	558052	1027421	964746	566656	1129879	298159	604502	429724	2330460	888426	1094328	1029574	342021	1710963	3113700	720270	1141676	0	774568	1868332	2134214	718526	851236	1827858	684742	2293660	3042114	0	1107996
2026-02-23	922395	5444515	504218	1017879	3340059	5651760	0	2101676	2242546	4186161	1021566	2020940	0	640113	4401168	631734	3086618	4669472	340348	603411	1052310	5489000	631708	2268040	646335	1885160	681681	5840604	1734702	2020454	634612	1090288	773708	1292252	6811692	1018008	2838525	2407780	1539056	3203373	3329998	1353695	2269408	566626	2927340	3307479	585196	3178926	2314010	1546052	1939516	2187806	2144876	2383892	957274	433476	1047954	3107961	1456904	2245836	5551780	1788245	2290040	3145599	2286315	2948215	2567805	2218200	7467890	2128636	2162676	1009117	7031585	1714925	2302368	8654496	1175616	1202524	218658	7391365	719568	548824	2922694	1157343	1777447	2078000	342998	1145748	3005528	1801065	2252912	4918996	3154902	2001940	2796309	4449632	3732428	1411260	2650776	2217955	2214944	5525325	1521256	2193064	4696512	1248531	699136	3788519	1959535	806424	4223584	2054825	2412920	4186948	867822	1777643	2016580	1026366	1670061	4094900	773782	2260568	6744774	342420	1103964	4440416	1375404	2341480	4559016	971448	1643566	2537330	1074876	520220	1152243	1105066	821914	2465408	4452340	3435955	3124890	0	7951458	1697168	6201640	969104	554977	4300336	6087665	829578	1877810	3203430	1646520	2933575	4262692	2079858	2228620	5121450	1920804	2256992	6108726	1380756	1679961	3666452	3354802	5328230	642828	1151106	5099408	2784846	1286328	2833280	3389637	894477	2315608	429724	4660920	1184568	1590292	3088722	684042	1710963	4151600	1080405	1141676	5395855	1549136	1970732	3201321	718526	2112072	913929	1369484	2867075	1014038	1428224	3877986
2026-03-02	0	0	606618	0	1113353	1191792	0	0	0	0	0	0	0	0	0	0	0	0	680696	501011	0	0	315854	0	0	377032	0	1946868	0	0	0	0	386854	0	0	0	0	653145	0	0	2254132	0	0	0	0	0	0	0	1157005	0	0	0	0	621573	0	0	0	1035987	364226	0	0	0	0	0	457263	0	513561	0	1493578	0	0	0	0	0	0	1391216	293904	652462	218658	0	359784	0	0	385781	558349	0	0	572874	853782	0	563228	0	0	0	1864206	2224816	0	352815	0	887182	0	0	1048304	497066	0	0	0	0	0	0	1055896	0	1155260	0	867822	0	0	0	1113374	0	0	0	0	0	0	0	0	585370	1139754	0	0	1268665	0	520220	0	0	0	667552	1113085	0	0	321448	2650486	797384	2480656	0	554977	0	0	0	0	1067810	548840	586715	0	0	0	0	640268	564248	1018121	0	0	0	1186534	0	0	0	2549704	0	321582	0	0	298159	502102	429724	0	0	598364	0	0	0	0	360135	0	0	0	691044	0	359263	0	0	0	0	0	357056	0
2026-03-09	0	0	0	0	0	0	0	0	0	1395387	0	0	0	0	0	0	0	0	0	0	0	0	0	0	0	0	227227	0	0	0	317306	0	0	0	0	339336	0	0	384764	2135582	0	270739	0	1133252	0	0	0	0	0	0	0	0	0	0	0	0	0	0	0	0	0	0	0	0	0	0	0	0	0	1064318	0	0	0	0	0	0	0	0	0	0	0	0	0	0	0	0	342998	0	0	720426	0	0	0	0	0	0	533204	0	883592	0	0	1105065	472952	0	1174128	416177	699136	1194573	391907	806424	1055896	410965	628830	1046737	433911	626681	1008290	342122	556687	2047450	386891	565142	1124129	684840	603182	1110104	343851	585370	1139754	485724	616122	1268665	358292	725020	2124881	1105066	410957	667552	1113085	1111185	584018	321448	2093243	797384	1240328	242276	657377	2841484	1217533	276526	660070	1067810	274420	586715	1065673	346643	557155	1024290	320134	564248	1018121	345189	559987	1991813	1084134	1065646	642828	575553	1991652	1027421	321582	566656	1129879	298159	604502	214862	1165230	592284	598364	1029574	342021	570321	2075800	360135	570838	1079171	387284	588644	1067107	359263	630418	913929	342371	573415	1014038	357056	553998
2026-03-16	307465	2177806	1717454	1017879	3870971	2878460	1870296	1576257	3363819	4186161	1362088	479635	950560	640113	0	631734	3291418	2181136	1021044	1605433	631386	1097800	631708	1134020	646335	1131096	227227	3893736	1734702	5051135	0	1090288	1160562	1938378	4541128	339336	1682635	1306290	1923820	4802076	4065710	1895173	1702056	1699878	2792781	4409972	877794	632221	2911286	1159539	0	3281709	1072438	1140746	1554550	1300428	1047954	1035987	1092678	1684377	3331068	1072947	3041750	1048533	914526	2894408	2054244	2815476	4181708	960671	720892	604478	2812634	1371940	524392	7160880	881712	550062	437316	0	359784	1748872	5845388	385781	558349	1636276	1371992	2864370	2356546	360213	2252912	2459498	2103268	1000970	4325688	2822092	1066408	0	1767184	443591	0	3315195	1048304	2790340	0	416177	494336	3553370	0	1209636	1055896	821930	0	1046737	0	1880043	2016580	1368488	1113374	597276	1160673	2260568	0	1027260	1532476	2220208	1031553	3512220	4559016	971448	1232244	2537330	716584	725020	5149419	2873772	1643828	3165084	0	3538355	584018	1285792	0	1799568	4981900	726828	0	1458852	1217533	553052	1748652	2135620	0	1760145	4192479	346643	3900085	3802874	640268	1692744	3054363	690378	559987	3983626	3457202	4262584	964242	1726659	0	3745903	1607910	1699968	1129879	1788954	3451022	1289172	4358422	888426	1692692	6177444	684042	3992247	3113700	1080405	1141676	2158342	1161852	1868332	2930582	718526	1481654	1827858	684742	2293660	2028076	714112	1661994
2026-03-23	307200	0	504218	0	1113353	0	521032	0	0	0	0	479635	1901120	213371	1100292	0	0	0	680696	0	420924	0	631708	515810	530912	0	227227	0	0	1010227	317306	545144	386854	0	1084082	0	526745	550745	0	530912	0	270739	0	1133252	731835	0	0	0	1157005	386513	433679	0	1072438	519173	957274	433476	0	2071974	0	0	0	715298	1196220	3145599	914526	1748449	1027122	530912	530912	0	360446	0	2812634	0	1151184	0	0	1304924	218658	1478273	0	0	0	385781	0	0	0	572874	530912	360213	0	0	0	500485	932103	1112408	533204	352815	1767184	0	1107472	1105065	1048304	1096532	1174128	416177	0	0	391907	0	1055896	410965	0	0	433911	524281	1008290	684244	556687	1023725	773782	0	1787769	342420	603182	1110104	0	585370	1139754	1457172	0	3805995	358292	0	2508962	1105066	410957	0	0	1111185	584018	964344	557243	0	0	484552	554977	2841484	1217533	553052	0	1067810	274420	586715	0	0	557155	1687102	320134	564248	1018121	0	559987	0	1084134	1065646	321414	575553	558052	0	321582	0	1129879	298159	0	0	0	0	1094328	1029574	342021	0	1037900	360135	570838	0	0	691044	1067107	718526	425618	0	342371	0	1014038	0	0
2026-03-30	0	0	0	0	0	1089392	623432	525419	1121273	0	0	582035	0	0	0	0	0	0	0	0	0	1097800	315854	618210	0	377032	227227	0	578234	0	317306	0	0	646126	0	339336	1258290	653145	0	1067791	0	270739	567352	0	0	0	0	0	0	0	638479	1093903	0	621573	0	0	0	1035987	364226	0	0	0	649310	0	0	651083	0	0	0	634559	0	404639	0	0	0	1391216	0	0	0	0	0	0	1461347	0	0	0	342998	572874	0	0	563228	0	525817	500485	932103	0	533204	0	0	0	0	0	0	0	1174128	416177	0	0	0	0	1055896	410965	628830	0	0	0	0	0	556687	0	0	0	0	0	0	0	0	0	0	0	0	0	0	0	2124881	0	0	0	0	1111185	0	0	2093243	0	1240328	242276	0	0	1217533	0	0	0	0	0	0	0	0	0	0	564248	0	345189	559987	0	0	1065646	321414	575553	0	1027421	321582	0	0	0	0	0	0	0	0	0	0	0	0	0	0	0	0	0	0	0	0	913929	0	0	1014038	0	0
2026-04-06	0	0	0	0	0	0	0	0	0	0	0	0	0	0	0	0	0	0	0	0	0	0	0	0	0	0	0	0	0	0	0	0	0	0	0	0	0	0	0	0	0	0	0	0	0	0	0	0	0	0	0	0	0	0	0	0	0	0	0	0	0	0	0	0	0	0	0	0	1493578	0	0	0	0	0	0	0	0	0	0	0	0	0	0	0	0	0	0	0	0	0	0	0	0	0	0	0	0	0	0	0	0	0	0	0	0	0	0	0	0	0	0	0	0	0	0	0	0	0	0	0	0	0	0	0	0	0	0	0	0	0	0	0	0	0	0	0	0	0	0	0	0	0	0	0	0	0	0	0	0	0	0	0	0	0	0	0	0	0	0	0	0	0	0	0	0	0	0	0	0	0	0	0	0	0	0	0	0	0	0	0	0	0	0	0	0	0	0	0	0	0	0	0	0	0	0	0	0
