asset_path	bytes_sent	number_of_requests	number_of_downloads	number_of_views
sub-684475/sub-684475_ses-1294084428-acq-1294179937_ophys.nwb	10679714713	2858	57	33
sub-683238/sub-683238_ses-1290993403-acq-1291293544-raw-movies_ophys.nwb	121365160600	11452	52	31
sub-686385/sub-686385_ses-1307741527-acq-1307856905-raw-movies_ophys.nwb	118389236433	11917	51	29
sub-677038/sub-677038_ses-1282925933-acq-1283044678_ophys.nwb	8548814526	1693	55	26
sub-677038/sub-677038_ses-1282298838-acq-1282388660-raw-movies_ophys.nwb	187164485668	11855	52	32
sub-683238/sub-683238_ses-1290478480-acq-1290677812-raw-movies_ophys.nwb	115479761392	11657	50	27
sub-684475/sub-684475_ses-1293785946-acq-1293914850_ophys.nwb	10262128464	2482	54	31
sub-684475/sub-684475_ses-1294084428-acq-1294179945-raw-movies_ophys.nwb	229049316197	22355	149	107
sub-677038/sub-677038_ses-1280089433-acq-1280384860_ophys.nwb	11088107159	2280	64	34
sub-686385/sub-686385_ses-1309865956-acq-1309958489_ophys.nwb	11842053389	2718	81	32
sub-688426/sub-688426_ses-1307776947-acq-1307856914_ophys.nwb	7626232466	1995	76	27
sub-687158/sub-687158_ses-1302952543-acq-1303116258_ophys.nwb	9471818200	2197	59	30
sub-683238/sub-683238_ses-1290164314-acq-1290377651-raw-movies_ophys.nwb	140842810351	11378	47	25
sub-695164/sub-695164_ses-1315689466-acq-1315844511_ophys.nwb	11168971382	1769	50	26
sub-703100/sub-703100_ses-1326196206-acq-1326305859-raw-movies_ophys.nwb	152033686793	12683	45	26
sub-703102/sub-703102_ses-1329110536-acq-1329223377-raw-movies_ophys.nwb	127048921236	12060	45	27
sub-684475/sub-684475_ses-1293785946-acq-1293914856-raw-movies_ophys.nwb	146547732796	10324	56	35
sub-683238/sub-683238_ses-1290764951-acq-1290925545-raw-movies_ophys.nwb	122136872628	11587	47	26
sub-687158/sub-687158_ses-1301946428-acq-1302110942_ophys.nwb	12252673661	2949	63	33
sub-703100/sub-703100_ses-1326196206-acq-1326305865-raw-movies_ophys.nwb	135087444856	12950	49	26
sub-680787/sub-680787_ses-1289031285-acq-1289155286-raw-movies_ophys.nwb	162556427709	13622	47	27
sub-684475/sub-684475_ses-1294084428-acq-1294179939-raw-movies_ophys.nwb	146060958239	10158	56	34
sub-684475/sub-684475_ses-1293785946-acq-1293914852-raw-movies_ophys.nwb	133494085061	9822	46	30
sub-686385/sub-686385_ses-1308441820-acq-1308514887-raw-movies_ophys.nwb	127059332299	11667	46	27
sub-688426/sub-688426_ses-1308232634-acq-1308323736-raw-movies_ophys.nwb	128380506781	11387	42	25
sub-688426/sub-688426_ses-1307561774-acq-1307648568-raw-movies_ophys.nwb	121587873022	11393	44	24
sub-688426/sub-688426_ses-1306568187-acq-1306743197_ophys.nwb	9132497874	2539	60	31
sub-683238/sub-683238_ses-1292201855-acq-1292348938_ophys.nwb	13522740959	2364	64	30
sub-677038/sub-677038_ses-1282117200-acq-1282195715_ophys.nwb	9266085997	2469	57	32
sub-683238/sub-683238_ses-1290993403-acq-1291293545-raw-movies_ophys.nwb	132289348916	11607	52	27
sub-688426/sub-688426_ses-1307561774-acq-1307648577_ophys.nwb	7250386931	1745	53	25
sub-687158/sub-687158_ses-1301641891-acq-1301882060-raw-movies_ophys.nwb	123736662583	11699	48	26
sub-680787/sub-680787_ses-1286974919-acq-1287122937-raw-movies_ophys.nwb	153014903825	12139	50	31
sub-703100/sub-703100_ses-1326968266-acq-1327082627-raw-movies_ophys.nwb	124155105178	11414	47	26
sub-703102/sub-703102_ses-1327386124-acq-1327903094_ophys.nwb	7565133698	2095	51	28
sub-677038/sub-677038_ses-1282925933-acq-1283044666_ophys.nwb	7746374680	1972	55	28
sub-688425/sub-688425_ses-1307744301-acq-1307859827-raw-movies_ophys.nwb	126289631429	11414	43	26
sub-690567/sub-690567_ses-1311838234-acq-1311990943_ophys.nwb	9782645843	2432	52	30
sub-677038/sub-677038_ses-1282925933-acq-1283044663-raw-movies_ophys.nwb	194917904321	12199	50	32
sub-703102/sub-703102_ses-1327919456-acq-1328110632-raw-movies_ophys.nwb	161466516336	13427	54	33
sub-684475/sub-684475_ses-1294259213-acq-1294370666-raw-movies_ophys.nwb	187781089952	11129	57	39
sub-686381/sub-686381_ses-1299756327-acq-1299887019_ophys.nwb	7950754990	2162	56	27
sub-680787/sub-680787_ses-1285842466-acq-1285965163-raw-movies_ophys.nwb	176224597817	12244	49	29
sub-703102/sub-703102_ses-1329359032-acq-1329483518_ophys.nwb	12044879983	1804	51	24
sub-684475/sub-684475_ses-1294259213-acq-1294370661-raw-movies_ophys.nwb	166393976429	10093	48	32
sub-683238/sub-683238_ses-1290764951-acq-1290925551_ophys.nwb	8928122653	2576	57	30
sub-677038/sub-677038_ses-1282298838-acq-1282388663_ophys.nwb	7961767633	2192	53	28
sub-687158/sub-687158_ses-1301397478-acq-1301574091-raw-movies_ophys.nwb	137044373877	11819	49	28
sub-684475/sub-684475_ses-1292683599-acq-1292822051-raw-movies_ophys.nwb	152318937058	9807	44	30
sub-688426/sub-688426_ses-1309233681-acq-1309372512-raw-movies_ophys.nwb	128916232384	12320	49	28
sub-703102/sub-703102_ses-1326010455-acq-1326110362_ophys.nwb	7674287506	1800	51	24
sub-688425/sub-688425_ses-1307534620-acq-1307650797-raw-movies_ophys.nwb	146990070060	11594	47	25
sub-703102/sub-703102_ses-1329359032-acq-1329483525_ophys.nwb	8194002900	1521	49	23
sub-695164/sub-695164_ses-1315689466-acq-1315844512-raw-movies_ophys.nwb	114009651932	11489	48	27
sub-677038/sub-677038_ses-1284580866-acq-1284751098_ophys.nwb	7554257491	2145	52	27
sub-690567/sub-690567_ses-1310890222-acq-1311053039-raw-movies_ophys.nwb	150736421666	12091	44	28
sub-687158/sub-687158_ses-1302470765-acq-1302621371-raw-movies_ophys.nwb	152255207971	12248	50	30
sub-677038/sub-677038_ses-1280089433-acq-1280384870_ophys.nwb	10290423586	2355	57	34
sub-677038/sub-677038_ses-1285187250-acq-1285293078_ophys.nwb	7438126738	2123	56	28
sub-690567/sub-690567_ses-1310688787-acq-1310771631_ophys.nwb	9874326282	1848	46	23
sub-688425/sub-688425_ses-1307534620-acq-1307650801_ophys.nwb	10804938786	1895	49	24
sub-703102/sub-703102_ses-1327919456-acq-1328110646_ophys.nwb	6629973867	1701	50	25
sub-677038/sub-677038_ses-1283463390-acq-1283721682-raw-movies_ophys.nwb	152910920283	11833	48	31
sub-688426/sub-688426_ses-1307776947-acq-1307856916-raw-movies_ophys.nwb	93012371420	11347	44	24
sub-703102/sub-703102_ses-1329110536-acq-1329223375-raw-movies_ophys.nwb	108732167900	12321	52	29
sub-703102/sub-703102_ses-1326010455-acq-1326110365-raw-movies_ophys.nwb	97573995767	11885	49	27
sub-690567/sub-690567_ses-1310108019-acq-1310222083-raw-movies_ophys.nwb	103606931722	9980	49	28
sub-703100/sub-703100_ses-1326968266-acq-1327082627_ophys.nwb	6794759062	1697	46	23
sub-686385/sub-686385_ses-1308971336-acq-1309103235-raw-movies_ophys.nwb	114056797917	11769	45	27
sub-683238/sub-683238_ses-1289932426-acq-1290065669-raw-movies_ophys.nwb	116973545009	11632	52	28
sub-683238/sub-683238_ses-1290478480-acq-1290677809_ophys.nwb	7643901627	2606	64	31
sub-686381/sub-686381_ses-1301762588-acq-1301884510-raw-movies_ophys.nwb	97775481697	11808	45	27
sub-686381/sub-686381_ses-1299756327-acq-1299887008_ophys.nwb	7449095478	2181	48	27
sub-703102/sub-703102_ses-1325001064-acq-1325096625_ophys.nwb	11228230350	1749	50	26
sub-688426/sub-688426_ses-1307561774-acq-1307648573_ophys.nwb	8678089039	1811	51	24
sub-703102/sub-703102_ses-1329359032-acq-1329483522-raw-movies_ophys.nwb	125135529484	12087	47	26
sub-687158/sub-687158_ses-1301641891-acq-1301882058-raw-movies_ophys.nwb	100393515277	11529	47	25
sub-703102/sub-703102_ses-1327919456-acq-1328110641-raw-movies_ophys.nwb	109154418677	12515	52	29
sub-684475/sub-684475_ses-1293292416-acq-1293369053_ophys.nwb	7803521461	2520	58	32
sub-686385/sub-686385_ses-1307521141-acq-1307648022-raw-movies_ophys.nwb	115015534644	11582	48	27
sub-695164/sub-695164_ses-1317464837-acq-1317566535_ophys.nwb	6432048874	1893	46	26
sub-677038/sub-677038_ses-1282298838-acq-1282388658-raw-movies_ophys.nwb	148875776197	11779	49	31
sub-688426/sub-688426_ses-1307561774-acq-1307648579-raw-movies_ophys.nwb	97797977195	11288	46	24
sub-688425/sub-688425_ses-1306855381-acq-1307046775-raw-movies_ophys.nwb	2738861392617	11284	190	26
sub-686381/sub-686381_ses-1299756327-acq-1299887014-raw-movies_ophys.nwb	102275759488	11975	48	29
sub-695164/sub-695164_ses-1315689466-acq-1315844511-raw-movies_ophys.nwb	98637552448	11361	45	25
sub-686385/sub-686385_ses-1309865956-acq-1309958495-raw-movies_ophys.nwb	101306211557	11537	47	25
sub-688426/sub-688426_ses-1308232634-acq-1308323725-raw-movies_ophys.nwb	97877617093	11192	41	23
sub-683238/sub-683238_ses-1289932426-acq-1290065682-raw-movies_ophys.nwb	96921115324	11208	45	23
sub-703102/sub-703102_ses-1326010455-acq-1326110368_ophys.nwb	7255475216	1824	51	24
sub-677038/sub-677038_ses-1285187250-acq-1285293081-raw-movies_ophys.nwb	147978289867	11648	48	28
sub-686385/sub-686385_ses-1310107209-acq-1310217320-raw-movies_ophys.nwb	113948442609	12659	49	25
sub-703102/sub-703102_ses-1327919456-acq-1328110646-raw-movies_ophys.nwb	106545652367	12199	46	27
sub-680787/sub-680787_ses-1286795723-acq-1286896369_ophys.nwb	7897096677	2740	59	32
sub-684475/sub-684475_ses-1294259213-acq-1294370661_ophys.nwb	6956144315	2375	49	30
sub-688426/sub-688426_ses-1308232634-acq-1308323733_ophys.nwb	8002813030	2283	58	28
sub-683238/sub-683238_ses-1292201855-acq-1292348939_ophys.nwb	7607989305	2324	54	30
sub-686381/sub-686381_ses-1301762588-acq-1301884511_ophys.nwb	7103790937	2119	47	25
sub-690567/sub-690567_ses-1309864499-acq-1309952307-raw-movies_ophys.nwb	99150770336	10337	54	33
sub-688425/sub-688425_ses-1306855381-acq-1307046778-raw-movies_ophys.nwb	97336183254	11037	41	21
sub-686385/sub-686385_ses-1310107209-acq-1310217313_ophys.nwb	12021892725	2731	55	33
sub-677038/sub-677038_ses-1285187250-acq-1285293073_ophys.nwb	7691048635	2155	52	25
sub-684475/sub-684475_ses-1294084428-acq-1294179940-raw-movies_ophys.nwb	118976657179	9882	51	30
sub-684475/sub-684475_ses-1293785946-acq-1293914860_ophys.nwb	8385124683	2315	46	28
sub-703100/sub-703100_ses-1326968266-acq-1327082628_ophys.nwb	7718245850	1613	46	21
sub-686381/sub-686381_ses-1298485241-acq-1298598889_ophys.nwb	8179705249	2206	48	29
sub-687158/sub-687158_ses-1301397478-acq-1301574081_ophys.nwb	16211813536	3078	69	34
sub-703100/sub-703100_ses-1325713091-acq-1325864451-raw-movies_ophys.nwb	98782353346	11285	45	23
sub-695164/sub-695164_ses-1316419408-acq-1316561967_ophys.nwb	8804325472	2612	55	32
sub-680787/sub-680787_ses-1286974919-acq-1287122928-raw-movies_ophys.nwb	121084101137	12064	54	28
sub-677038/sub-677038_ses-1283463390-acq-1283721672_ophys.nwb	7639567790	1578	47	21
sub-688425/sub-688425_ses-1307744301-acq-1307859839-raw-movies_ophys.nwb	90613410030	8057	33	15
sub-688425/sub-688425_ses-1307534620-acq-1307650794-raw-movies_ophys.nwb	102148715728	8113	38	16
sub-684475/sub-684475_ses-1292488745-acq-1292590330-raw-movies_ophys.nwb	125126992785	9491	45	29
sub-703102/sub-703102_ses-1325001064-acq-1325096636_ophys.nwb	9892945352	2208	57	30
sub-684475/sub-684475_ses-1292488745-acq-1292590332-raw-movies_ophys.nwb	125187580441	6024	36	20
sub-686385/sub-686385_ses-1307741527-acq-1307856899-raw-movies_ophys.nwb	95795055129	8229	38	18
sub-686381/sub-686381_ses-1302747806-acq-1302825966-raw-movies_ophys.nwb	123722014713	8466	35	18
sub-687158/sub-687158_ses-1301641891-acq-1301882054_ophys.nwb	11692289529	2137	51	23
sub-690567/sub-690567_ses-1309864499-acq-1309952301_ophys.nwb	8413521126	2272	48	28
sub-687158/sub-687158_ses-1301946428-acq-1302110940_ophys.nwb	7791479059	2451	55	30
sub-688426/sub-688426_ses-1309233681-acq-1309372507_ophys.nwb	9474925099	1277	43	18
sub-695164/sub-695164_ses-1317464837-acq-1317566541-raw-movies_ophys.nwb	96811402492	7888	37	16
sub-677038/sub-677038_ses-1282925933-acq-1283044673-raw-movies_ophys.nwb	135513193881	8403	42	22
sub-680787/sub-680787_ses-1285842466-acq-1285965152-raw-movies_ophys.nwb	135031262461	8657	56	24
sub-703100/sub-703100_ses-1325713091-acq-1325864443_ophys.nwb	9046782519	1273	39	17
sub-688425/sub-688425_ses-1306855381-acq-1307046778_ophys.nwb	12171841639	1684	44	18
sub-686381/sub-686381_ses-1298485241-acq-1298598889-raw-movies_ophys.nwb	118457462270	11945	49	28
sub-683238/sub-683238_ses-1290164314-acq-1290377638_ophys.nwb	8660796748	2061	47	24
sub-683238/sub-683238_ses-1290164314-acq-1290377647-raw-movies_ophys.nwb	99873373861	11866	48	27
sub-690567/sub-690567_ses-1309864499-acq-1309952303_ophys.nwb	8426909076	2044	49	29
sub-677038/sub-677038_ses-1282925933-acq-1283044671-raw-movies_ophys.nwb	139638592281	11865	50	30
sub-683238/sub-683238_ses-1290764951-acq-1290925546-raw-movies_ophys.nwb	98491706167	11999	51	30
sub-686381/sub-686381_ses-1302747806-acq-1302825975-raw-movies_ophys.nwb	97045544403	11529	40	26
sub-680787/sub-680787_ses-1286795723-acq-1286896371_ophys.nwb	8670841132	2419	53	24
sub-687158/sub-687158_ses-1302693790-acq-1302832521-raw-movies_ophys.nwb	100459203321	8750	49	24
sub-686381/sub-686381_ses-1298835451-acq-1299144133-raw-movies_ophys.nwb	95764347591	11862	48	28
sub-695164/sub-695164_ses-1317208685-acq-1317347128_ophys.nwb	6543503726	1221	35	15
sub-680787/sub-680787_ses-1287539392-acq-1287637456-raw-movies_ophys.nwb	118638478105	8349	37	18
sub-688425/sub-688425_ses-1308195602-acq-1308315691-raw-movies_ophys.nwb	103950086302	11133	49	25
sub-703102/sub-703102_ses-1327686864-acq-1327789154_ophys.nwb	7141761519	1588	47	18
sub-703102/sub-703102_ses-1327919456-acq-1328110636_ophys.nwb	6782296387	1469	43	17
sub-703102/sub-703102_ses-1327686864-acq-1327789153_ophys.nwb	10362957326	1220	38	15
sub-688426/sub-688426_ses-1306568187-acq-1306743194-raw-movies_ophys.nwb	96711689846	7826	38	16
sub-687158/sub-687158_ses-1302952543-acq-1303116250-raw-movies_ophys.nwb	97955117465	8011	39	16
sub-684475/sub-684475_ses-1292683599-acq-1292822047-raw-movies_ophys.nwb	126689895299	6042	34	19
sub-703100/sub-703100_ses-1325713091-acq-1325864446-raw-movies_ophys.nwb	101199649436	7879	34	15
sub-686385/sub-686385_ses-1309865956-acq-1309958497_ophys.nwb	9911283821	2143	43	22
sub-690567/sub-690567_ses-1310108019-acq-1310222084_ophys.nwb	8786498764	1705	42	18
sub-680787/sub-680787_ses-1286974919-acq-1287122928_ophys.nwb	10313110749	2061	47	23
sub-690567/sub-690567_ses-1311838234-acq-1311990953-raw-movies_ophys.nwb	96461257074	7911	33	16
sub-686385/sub-686385_ses-1308971336-acq-1309103234_ophys.nwb	8506576137	2315	50	24
sub-677038/sub-677038_ses-1282925933-acq-1283044667-raw-movies_ophys.nwb	138456752987	11611	48	31
sub-677038/sub-677038_ses-1284580866-acq-1284751103_ophys.nwb	6502342991	1500	45	18
sub-686381/sub-686381_ses-1298835451-acq-1299144135_ophys.nwb	6898023018	1716	41	18
sub-688425/sub-688425_ses-1306855381-acq-1307046785-raw-movies_ophys.nwb	101614553026	7838	34	15
sub-687158/sub-687158_ses-1301397478-acq-1301574081-raw-movies_ophys.nwb	114001208401	11645	52	28
sub-684475/sub-684475_ses-1294084428-acq-1294179937-raw-movies_ophys.nwb	125753165879	6756	44	24
sub-683238/sub-683238_ses-1290478480-acq-1290677801-raw-movies_ophys.nwb	96689264749	8323	40	18
sub-684475/sub-684475_ses-1292683599-acq-1292822054-raw-movies_ophys.nwb	128752645027	9776	45	29
sub-703100/sub-703100_ses-1326196206-acq-1326305867-raw-movies_ophys.nwb	144776707088	9471	39	17
sub-686385/sub-686385_ses-1308441820-acq-1308514889_ophys.nwb	10406163213	1999	45	21
sub-688426/sub-688426_ses-1307776947-acq-1307856922-raw-movies_ophys.nwb	122490161304	8465	38	17
sub-680787/sub-680787_ses-1286974919-acq-1287122937_ophys.nwb	7409985437	1979	44	22
sub-690567/sub-690567_ses-1311838234-acq-1311990949-raw-movies_ophys.nwb	117654092910	8467	37	18
sub-686381/sub-686381_ses-1299756327-acq-1299887019-raw-movies_ophys.nwb	103030548125	11848	45	29
sub-687158/sub-687158_ses-1302952543-acq-1303116257_ophys.nwb	12534834825	1832	50	21
sub-686381/sub-686381_ses-1302747806-acq-1302825963-raw-movies_ophys.nwb	111774187517	8228	34	17
sub-688425/sub-688425_ses-1307534620-acq-1307650791-raw-movies_ophys.nwb	103684769434	7970	35	15
sub-683238/sub-683238_ses-1289932426-acq-1290065678-raw-movies_ophys.nwb	96634956557	8301	47	18
sub-690567/sub-690567_ses-1311838234-acq-1311990950-raw-movies_ophys.nwb	101281961457	8135	36	17
sub-677038/sub-677038_ses-1282298838-acq-1282388660_ophys.nwb	8039712056	1319	44	17
sub-687158/sub-687158_ses-1301946428-acq-1302110943-raw-movies_ophys.nwb	96100945161	11878	52	28
sub-688425/sub-688425_ses-1307744301-acq-1307859836-raw-movies_ophys.nwb	92686972212	7866	33	15
sub-686385/sub-686385_ses-1307521141-acq-1307648032_ophys.nwb	12930910917	2408	52	23
sub-680787/sub-680787_ses-1287224221-acq-1287408421-raw-movies_ophys.nwb	175567427536	9157	39	18
sub-686385/sub-686385_ses-1308971336-acq-1309103237_ophys.nwb	7947453468	2087	45	22
sub-677038/sub-677038_ses-1282117200-acq-1282195715-raw-movies_ophys.nwb	139272361784	11676	52	30
sub-687158/sub-687158_ses-1302693790-acq-1302832524-raw-movies_ophys.nwb	96633025641	8123	39	17
sub-686381/sub-686381_ses-1298485241-acq-1298598884-raw-movies_ophys.nwb	93895618763	11695	48	29
sub-695164/sub-695164_ses-1316419408-acq-1316561969_ophys.nwb	8688868129	1279	38	17
sub-683238/sub-683238_ses-1290478480-acq-1290677811-raw-movies_ophys.nwb	120656139473	8859	42	21
sub-677038/sub-677038_ses-1285187250-acq-1285293081_ophys.nwb	7323958028	1945	53	21
sub-677038/sub-677038_ses-1283463390-acq-1283721686-raw-movies_ophys.nwb	140983609309	8238	42	21
sub-703100/sub-703100_ses-1325713091-acq-1325864445-raw-movies_ophys.nwb	96924819553	8119	37	16
sub-703102/sub-703102_ses-1329110536-acq-1329223383-raw-movies_ophys.nwb	129151976859	8973	47	20
sub-677038/sub-677038_ses-1282298838-acq-1282388652-raw-movies_ophys.nwb	138768946590	12157	52	32
sub-690567/sub-690567_ses-1310890222-acq-1311053037_ophys.nwb	8706868743	1914	47	23
sub-695164/sub-695164_ses-1316996182-acq-1317093997_ophys.nwb	6577872518	1749	45	24
sub-684475/sub-684475_ses-1293292416-acq-1293369059-raw-movies_ophys.nwb	116538055885	6175	36	21
sub-703102/sub-703102_ses-1327386124-acq-1327903094-raw-movies_ophys.nwb	131873992688	11883	51	28
sub-677038/sub-677038_ses-1284580866-acq-1284751101-raw-movies_ophys.nwb	142932927054	12036	50	34
sub-680787/sub-680787_ses-1289031285-acq-1289155284_ophys.nwb	8378299669	2497	57	31
sub-703102/sub-703102_ses-1326475009-acq-1326560144-raw-movies_ophys.nwb	120874926569	11873	51	27
sub-686381/sub-686381_ses-1302747806-acq-1302825975_ophys.nwb	7052089357	2050	44	25
sub-703102/sub-703102_ses-1327686864-acq-1327789154-raw-movies_ophys.nwb	114597708592	8377	37	17
sub-684475/sub-684475_ses-1293785946-acq-1293914850-raw-movies_ophys.nwb	129848823004	6402	39	21
sub-677038/sub-677038_ses-1280089433-acq-1280384858-raw-movies_ophys.nwb	244278933010	13560	69	40
sub-703102/sub-703102_ses-1329359032-acq-1329483519_ophys.nwb	6895048500	1293	41	17
sub-703100/sub-703100_ses-1326435192-acq-1326555175-raw-movies_ophys.nwb	124392010501	9074	35	15
sub-686381/sub-686381_ses-1302747806-acq-1302825969_ophys.nwb	7027245581	1964	42	25
sub-688426/sub-688426_ses-1308232634-acq-1308323725_ophys.nwb	7420327673	1199	40	17
sub-686385/sub-686385_ses-1307741527-acq-1307856908_ophys.nwb	11328205399	2112	49	22
sub-686381/sub-686381_ses-1299756327-acq-1299887014_ophys.nwb	7363378771	1452	42	16
sub-686385/sub-686385_ses-1307521141-acq-1307648028-raw-movies_ophys.nwb	99518518855	8299	36	18
sub-683238/sub-683238_ses-1290764951-acq-1290925538-raw-movies_ophys.nwb	87231356111	11895	49	26
sub-680787/sub-680787_ses-1289031285-acq-1289155286_ophys.nwb	7670907761	1677	50	21
sub-703102/sub-703102_ses-1329359032-acq-1329483528_ophys.nwb	6659120066	1167	42	16
sub-677038/sub-677038_ses-1284580866-acq-1284751093_ophys.nwb	7212431241	1640	44	19
sub-688426/sub-688426_ses-1307776947-acq-1307856919_ophys.nwb	5578627143	1290	43	15
sub-677038/sub-677038_ses-1282925933-acq-1283044678-raw-movies_ophys.nwb	141123789898	8404	41	22
sub-677038/sub-677038_ses-1284580866-acq-1284751093-raw-movies_ophys.nwb	143406494501	8431	43	19
sub-677038/sub-677038_ses-1280089433-acq-1280384867_ophys.nwb	7481879923	1899	54	22
sub-677038/sub-677038_ses-1284580866-acq-1284751100-raw-movies_ophys.nwb	138697205785	11752	53	30
sub-688425/sub-688425_ses-1308420140-acq-1308519623-raw-movies_ophys.nwb	100860595785	7870	32	16
sub-680787/sub-680787_ses-1286974919-acq-1287122944_ophys.nwb	6258276230	2132	48	23
sub-688425/sub-688425_ses-1308420140-acq-1308519631-raw-movies_ophys.nwb	102239761154	8171	39	18
sub-683238/sub-683238_ses-1290993403-acq-1291293542_ophys.nwb	5733639189	2086	49	22
sub-677038/sub-677038_ses-1283463390-acq-1283721682_ophys.nwb	7516536061	1265	45	17
sub-690567/sub-690567_ses-1309864499-acq-1309952301-raw-movies_ophys.nwb	102838145566	10192	53	30
sub-690567/sub-690567_ses-1309864499-acq-1309952298_ophys.nwb	11489754404	2468	54	30
sub-680787/sub-680787_ses-1285842466-acq-1285965157_ophys.nwb	9879214092	3016	62	38
sub-684475/sub-684475_ses-1294259213-acq-1294370654-raw-movies_ophys.nwb	141204583905	6950	39	24
sub-690567/sub-690567_ses-1310108019-acq-1310222081-raw-movies_ophys.nwb	107174098143	6981	42	19
sub-687158/sub-687158_ses-1301946428-acq-1302110934_ophys.nwb	9640264890	2297	53	23
sub-687158/sub-687158_ses-1301397478-acq-1301574093-raw-movies_ophys.nwb	100822862185	8051	37	16
sub-684475/sub-684475_ses-1293785946-acq-1293914855_ophys.nwb	7747894349	2122	44	23
sub-703102/sub-703102_ses-1325001064-acq-1325096631_ophys.nwb	9468855977	1238	43	17
sub-703102/sub-703102_ses-1326010455-acq-1326110359-raw-movies_ophys.nwb	98942267023	8336	40	18
sub-688425/sub-688425_ses-1307534620-acq-1307650792-raw-movies_ophys.nwb	85046478456	7886	37	14
sub-677038/sub-677038_ses-1280089433-acq-1280384860-raw-movies_ophys.nwb	183513298061	14314	53	30
sub-703102/sub-703102_ses-1327919456-acq-1328110643-raw-movies_ophys.nwb	88567514679	9052	42	19
sub-686385/sub-686385_ses-1308441820-acq-1308514886-raw-movies_ophys.nwb	95604887733	8484	44	19
sub-686381/sub-686381_ses-1302747806-acq-1302825968_ophys.nwb	5850570897	1573	38	16
sub-695164/sub-695164_ses-1316419408-acq-1316561970-raw-movies_ophys.nwb	100221624130	8573	37	19
sub-703102/sub-703102_ses-1329110536-acq-1329223380_ophys.nwb	5278476866	1357	45	16
sub-683238/sub-683238_ses-1292201855-acq-1292348941_ophys.nwb	6337024368	1987	52	22
sub-695164/sub-695164_ses-1316419408-acq-1316561976-raw-movies_ophys.nwb	101538654257	8155	37	16
sub-680787/sub-680787_ses-1287539392-acq-1287637446_ophys.nwb	9261510345	1982	48	24
sub-680787/sub-680787_ses-1287224221-acq-1287408415_ophys.nwb	7646129470	2139	47	23
sub-703102/sub-703102_ses-1327386124-acq-1327903090_ophys.nwb	7341285620	1539	42	16
sub-686381/sub-686381_ses-1298485241-acq-1298598888_ophys.nwb	6600837692	1447	34	17
sub-688425/sub-688425_ses-1307534620-acq-1307650798-raw-movies_ophys.nwb	85894535822	11414	47	24
sub-688425/sub-688425_ses-1308420140-acq-1308519626-raw-movies_ophys.nwb	98701104017	11572	51	29
sub-688426/sub-688426_ses-1308232634-acq-1308323736_ophys.nwb	5222685031	1692	48	22
sub-703100/sub-703100_ses-1326968266-acq-1327082630-raw-movies_ophys.nwb	86107202941	11880	50	28
sub-683238/sub-683238_ses-1290993403-acq-1291293547_ophys.nwb	6634883554	2260	56	23
sub-686385/sub-686385_ses-1309865956-acq-1309958489-raw-movies_ophys.nwb	85232588253	8358	37	17
sub-677038/sub-677038_ses-1280089433-acq-1280384861_ophys.nwb	7035822871	2458	48	21
sub-680787/sub-680787_ses-1287224221-acq-1287408431-raw-movies_ophys.nwb	106406324593	8319	36	16
sub-703102/sub-703102_ses-1329110536-acq-1329223381_ophys.nwb	5015343842	1362	48	16
sub-687158/sub-687158_ses-1301641891-acq-1301882067_ophys.nwb	8953644231	2017	48	21
sub-703100/sub-703100_ses-1326196206-acq-1326305868-raw-movies_ophys.nwb	96805757396	9028	37	15
sub-703100/sub-703100_ses-1325713091-acq-1325864449_ophys.nwb	6922700430	2279	54	29
sub-684475/sub-684475_ses-1294084428-acq-1294179936_ophys.nwb	8809552033	2726	57	31
sub-703100/sub-703100_ses-1327857277-acq-1328598915_ophys.nwb	5646190801	1474	40	16
sub-684475/sub-684475_ses-1294259213-acq-1294370664-raw-movies_ophys.nwb	148267389611	6766	47	27
sub-687158/sub-687158_ses-1302693790-acq-1302832526-raw-movies_ophys.nwb	86592794533	11322	45	23
sub-680787/sub-680787_ses-1287224221-acq-1287408427_ophys.nwb	6480910281	2239	53	23
sub-688426/sub-688426_ses-1307776947-acq-1307856919-raw-movies_ophys.nwb	85640759969	8206	39	16
sub-690567/sub-690567_ses-1310108019-acq-1310222086_ophys.nwb	6864030239	1323	38	15
sub-686385/sub-686385_ses-1308441820-acq-1308514884-raw-movies_ophys.nwb	98010586734	12099	51	29
sub-680787/sub-680787_ses-1285842466-acq-1285965161-raw-movies_ophys.nwb	146838945236	11917	56	29
sub-688425/sub-688425_ses-1307534620-acq-1307650801-raw-movies_ophys.nwb	85885269190	8270	39	17
sub-686385/sub-686385_ses-1307741527-acq-1307856900-raw-movies_ophys.nwb	107535055797	9019	38	20
sub-677038/sub-677038_ses-1282117200-acq-1282195710-raw-movies_ophys.nwb	128594604944	11844	48	31
sub-686381/sub-686381_ses-1298485241-acq-1298598885_ophys.nwb	9617564878	2340	54	30
sub-680787/sub-680787_ses-1287224221-acq-1287408422_ophys.nwb	8498802519	2122	48	22
sub-686385/sub-686385_ses-1308971336-acq-1309103237-raw-movies_ophys.nwb	85136161784	8266	36	17
sub-688426/sub-688426_ses-1308232634-acq-1308323728_ophys.nwb	4743976022	1032	36	13
sub-677038/sub-677038_ses-1280089433-acq-1280384858_ophys.nwb	15923639488	14948	119	31
sub-703100/sub-703100_ses-1326196206-acq-1326305870-raw-movies_ophys.nwb	97633390433	12747	46	25
sub-703100/sub-703100_ses-1326435192-acq-1326555172-raw-movies_ophys.nwb	121091628354	9365	33	15
sub-688425/sub-688425_ses-1308195602-acq-1308315695_ophys.nwb	4229705398	910	38	13
sub-677038/sub-677038_ses-1282298838-acq-1282388661-raw-movies_ophys.nwb	127387927655	8622	46	19
sub-703100/sub-703100_ses-1327857277-acq-1328598910-raw-movies_ophys.nwb	105794813569	9387	40	18
sub-703102/sub-703102_ses-1329359032-acq-1329483526_ophys.nwb	4941301344	1411	45	17
sub-703102/sub-703102_ses-1327386124-acq-1327903096_ophys.nwb	5139726662	1306	41	15
sub-683238/sub-683238_ses-1289932426-acq-1290065672_ophys.nwb	12381606132	2447	55	24
sub-687158/sub-687158_ses-1302693790-acq-1302832523-raw-movies_ophys.nwb	86610949885	8210	38	16
sub-680787/sub-680787_ses-1287224221-acq-1287408415-raw-movies_ophys.nwb	137693944944	11693	49	28
sub-680787/sub-680787_ses-1287539392-acq-1287637452_ophys.nwb	8147222840	2126	47	23
sub-690567/sub-690567_ses-1309864499-acq-1309952306-raw-movies_ophys.nwb	87172728636	6752	39	18
sub-677038/sub-677038_ses-1282925933-acq-1283044667_ophys.nwb	5244440167	1256	42	17
sub-687158/sub-687158_ses-1302952543-acq-1303116254_ophys.nwb	7387721586	1779	51	20
sub-686381/sub-686381_ses-1299756327-acq-1299887010-raw-movies_ophys.nwb	95622898001	8444	33	18
sub-684475/sub-684475_ses-1293292416-acq-1293369052-raw-movies_ophys.nwb	107169241293	9979	53	32
sub-683238/sub-683238_ses-1290993403-acq-1291293547-raw-movies_ophys.nwb	85427722793	8183	35	16
sub-703100/sub-703100_ses-1325713091-acq-1325864452_ophys.nwb	6559623901	1296	42	16
sub-684475/sub-684475_ses-1292488745-acq-1292590336-raw-movies_ophys.nwb	106987491001	6016	38	19
sub-683238/sub-683238_ses-1290764951-acq-1290925546_ophys.nwb	5900412337	2146	50	22
sub-703102/sub-703102_ses-1326475009-acq-1326560137-raw-movies_ophys.nwb	108878381038	11858	51	26
sub-703102/sub-703102_ses-1325001064-acq-1325096628-raw-movies_ophys.nwb	106861181574	8276	47	18
sub-684475/sub-684475_ses-1292683599-acq-1292822059_ophys.nwb	7790339716	2494	49	30
sub-683238/sub-683238_ses-1290993403-acq-1291293537-raw-movies_ophys.nwb	85654132449	8082	37	16
sub-677038/sub-677038_ses-1282925933-acq-1283044660-raw-movies_ophys.nwb	128155802527	11673	51	30
sub-677038/sub-677038_ses-1284580866-acq-1284751095_ophys.nwb	5251787373	1594	42	18
sub-688425/sub-688425_ses-1308195602-acq-1308315688_ophys.nwb	6045970682	1787	53	26
sub-680787/sub-680787_ses-1286974919-acq-1287122925-raw-movies_ophys.nwb	106391119993	8446	42	17
sub-686385/sub-686385_ses-1310107209-acq-1310217319_ophys.nwb	7188186743	2970	66	34
sub-703102/sub-703102_ses-1326010455-acq-1326110363_ophys.nwb	4960982529	1293	40	16
sub-680787/sub-680787_ses-1286974919-acq-1287122941-raw-movies_ophys.nwb	106355796347	8296	36	16
sub-703100/sub-703100_ses-1326435192-acq-1326555182_ophys.nwb	7169903074	1079	37	14
sub-683238/sub-683238_ses-1289932426-acq-1290065676-raw-movies_ophys.nwb	86032654865	11255	45	23
sub-703100/sub-703100_ses-1327857277-acq-1328598913-raw-movies_ophys.nwb	97187061329	9107	38	16
sub-690567/sub-690567_ses-1310688787-acq-1310771622-raw-movies_ophys.nwb	86549968186	11657	45	25
sub-695164/sub-695164_ses-1316419408-acq-1316561978_ophys.nwb	4819621386	1614	42	22
sub-690567/sub-690567_ses-1310688787-acq-1310771623-raw-movies_ophys.nwb	118151076106	12040	45	28
sub-688426/sub-688426_ses-1307776947-acq-1307856917-raw-movies_ophys.nwb	98883593302	11564	46	24
sub-690567/sub-690567_ses-1310890222-acq-1311053036-raw-movies_ophys.nwb	85862412756	11496	43	24
sub-680787/sub-680787_ses-1287539392-acq-1287637449_ophys.nwb	8843197907	2894	60	34
sub-687158/sub-687158_ses-1301397478-acq-1301574093_ophys.nwb	10506254745	2095	50	22
sub-677038/sub-677038_ses-1283463390-acq-1283721675_ophys.nwb	5486751526	1208	39	17
sub-703100/sub-703100_ses-1326435192-acq-1326555176_ophys.nwb	6451801714	1081	39	13
sub-687158/sub-687158_ses-1302952543-acq-1303116254-raw-movies_ophys.nwb	85264501421	7780	37	14
sub-677038/sub-677038_ses-1282117200-acq-1282195709-raw-movies_ophys.nwb	138584911792	8408	42	21
sub-688426/sub-688426_ses-1307776947-acq-1307856913_ophys.nwb	9842812443	1460	47	16
sub-677038/sub-677038_ses-1285187250-acq-1285293070_ophys.nwb	7666935632	2102	49	29
sub-687158/sub-687158_ses-1301641891-acq-1301882065-raw-movies_ophys.nwb	85567254300	11716	49	26
sub-684475/sub-684475_ses-1294084428-acq-1294179942_ophys.nwb	5383927715	2117	41	22
sub-688426/sub-688426_ses-1307776947-acq-1307856920-raw-movies_ophys.nwb	85551649137	8321	37	16
sub-690567/sub-690567_ses-1311838234-acq-1311990956-raw-movies_ophys.nwb	85733210882	7946	34	15
sub-686381/sub-686381_ses-1302747806-acq-1302825968-raw-movies_ophys.nwb	85277504241	8523	38	19
sub-686381/sub-686381_ses-1302747806-acq-1302825963_ophys.nwb	6269534790	1991	42	20
sub-680787/sub-680787_ses-1285842466-acq-1285965163_ophys.nwb	8653025454	3111	62	35
sub-703102/sub-703102_ses-1325001064-acq-1325096636-raw-movies_ophys.nwb	86726622842	11568	47	27
sub-703100/sub-703100_ses-1326196206-acq-1326305864_ophys.nwb	5113579720	1350	42	15
sub-686385/sub-686385_ses-1307521141-acq-1307648025_ophys.nwb	8798052733	2273	49	22
sub-687158/sub-687158_ses-1302470765-acq-1302621373_ophys.nwb	11808044974	2160	51	21
sub-683238/sub-683238_ses-1290478480-acq-1290677809-raw-movies_ophys.nwb	101163519359	11759	52	27
sub-686385/sub-686385_ses-1310107209-acq-1310217319-raw-movies_ophys.nwb	95858998543	9072	39	17
sub-688425/sub-688425_ses-1308195602-acq-1308315692_ophys.nwb	4296435818	1181	41	15
sub-687158/sub-687158_ses-1302693790-acq-1302832521_ophys.nwb	7894257001	2172	50	22
sub-695164/sub-695164_ses-1315689466-acq-1315844517_ophys.nwb	7907782506	1994	49	27
sub-677038/sub-677038_ses-1284580866-acq-1284751097-raw-movies_ophys.nwb	166443188447	8718	37	21
sub-680787/sub-680787_ses-1286974919-acq-1287122941_ophys.nwb	5641180817	2776	58	32
sub-683238/sub-683238_ses-1289932426-acq-1290065682_ophys.nwb	7950378099	1987	55	22
sub-680787/sub-680787_ses-1285842466-acq-1285965154_ophys.nwb	13887545408	2408	55	26
sub-680787/sub-680787_ses-1287224221-acq-1287408427-raw-movies_ophys.nwb	106044324013	8395	38	17
sub-688426/sub-688426_ses-1309233681-acq-1309372518-raw-movies_ophys.nwb	96268043797	7927	37	17
sub-686381/sub-686381_ses-1298835451-acq-1299144129-raw-movies_ophys.nwb	85997094872	11502	40	25
sub-677038/sub-677038_ses-1280089433-acq-1280384864_ophys.nwb	7043290490	2382	55	30
sub-686385/sub-686385_ses-1307521141-acq-1307648025-raw-movies_ophys.nwb	85962873277	11600	48	27
sub-703100/sub-703100_ses-1326435192-acq-1326555182-raw-movies_ophys.nwb	112588881452	8841	35	15
sub-686385/sub-686385_ses-1310107209-acq-1310217316_ophys.nwb	12721571097	2340	47	21
sub-686381/sub-686381_ses-1301762588-acq-1301884510_ophys.nwb	5785673493	1462	42	15
sub-686385/sub-686385_ses-1310107209-acq-1310217317-raw-movies_ophys.nwb	108752390385	13044	49	29
sub-703102/sub-703102_ses-1327686864-acq-1327789153-raw-movies_ophys.nwb	98037752598	8409	39	17
sub-703102/sub-703102_ses-1327686864-acq-1327789162-raw-movies_ophys.nwb	86455535790	8663	42	18
sub-684475/sub-684475_ses-1292488745-acq-1292590339_ophys.nwb	7267407025	2750	54	32
sub-686381/sub-686381_ses-1298835451-acq-1299144132-raw-movies_ophys.nwb	85236597846	8279	32	17
sub-686381/sub-686381_ses-1298485241-acq-1298598891-raw-movies_ophys.nwb	85027920287	8177	39	17
sub-686385/sub-686385_ses-1307741527-acq-1307856899_ophys.nwb	6387705601	1774	53	21
sub-680787/sub-680787_ses-1287224221-acq-1287408433_ophys.nwb	6696019715	2126	46	22
sub-686385/sub-686385_ses-1308441820-acq-1308514880-raw-movies_ophys.nwb	90070951796	11768	45	27
sub-687158/sub-687158_ses-1302693790-acq-1302832524_ophys.nwb	5946823281	2128	51	22
sub-686385/sub-686385_ses-1308441820-acq-1308514887_ophys.nwb	6368581127	1896	42	20
sub-686385/sub-686385_ses-1308971336-acq-1309103231-raw-movies_ophys.nwb	86672052021	11639	46	25
sub-680787/sub-680787_ses-1287539392-acq-1287637457-raw-movies_ophys.nwb	106342009836	8331	38	17
sub-690567/sub-690567_ses-1310108019-acq-1310222089_ophys.nwb	9829609918	2465	53	27
sub-680787/sub-680787_ses-1287224221-acq-1287408421_ophys.nwb	8095397555	2868	62	31
sub-703102/sub-703102_ses-1327386124-acq-1327903093-raw-movies_ophys.nwb	86271340107	8592	43	18
sub-686385/sub-686385_ses-1308971336-acq-1309103232-raw-movies_ophys.nwb	85286035009	8564	38	18
sub-703102/sub-703102_ses-1327386124-acq-1327903097-raw-movies_ophys.nwb	107816106353	11974	53	27
sub-688426/sub-688426_ses-1308232634-acq-1308323734_ophys.nwb	6287415941	1261	41	16
sub-688425/sub-688425_ses-1308195602-acq-1308315695-raw-movies_ophys.nwb	85896643518	12759	52	27
sub-703100/sub-703100_ses-1325713091-acq-1325864454-raw-movies_ophys.nwb	86134448739	8115	40	17
sub-687158/sub-687158_ses-1301641891-acq-1301882057-raw-movies_ophys.nwb	86912736655	11639	46	24
sub-677038/sub-677038_ses-1283463390-acq-1283721686_ophys.nwb	5459764916	1637	44	21
sub-688425/sub-688425_ses-1307744301-acq-1307859827_ophys.nwb	5677761948	2338	54	28
sub-677038/sub-677038_ses-1282117200-acq-1282195707-raw-movies_ophys.nwb	128333441681	12046	54	32
sub-686385/sub-686385_ses-1308441820-acq-1308514879_ophys.nwb	11430508499	3019	58	32
sub-687158/sub-687158_ses-1301946428-acq-1302110945_ophys.nwb	8733931695	2419	56	24
sub-703100/sub-703100_ses-1327857277-acq-1328598917_ophys.nwb	6498699871	1124	39	14
sub-703102/sub-703102_ses-1326475009-acq-1326560140_ophys.nwb	6952137128	1377	41	16
sub-690567/sub-690567_ses-1310108019-acq-1310222087_ophys.nwb	5366289403	1417	40	17
sub-677038/sub-677038_ses-1282298838-acq-1282388655_ophys.nwb	5489643216	1538	41	19
sub-683238/sub-683238_ses-1289932426-acq-1290065672-raw-movies_ophys.nwb	90073917299	8397	44	17
sub-703102/sub-703102_ses-1325001064-acq-1325096630_ophys.nwb	8123576466	1531	45	18
sub-688426/sub-688426_ses-1309233681-acq-1309372515-raw-movies_ophys.nwb	86592576329	11783	52	29
sub-695164/sub-695164_ses-1317208685-acq-1317347119-raw-movies_ophys.nwb	85185934402	8011	34	15
sub-683238/sub-683238_ses-1290164314-acq-1290377644-raw-movies_ophys.nwb	85971255137	8177	41	15
sub-695164/sub-695164_ses-1316419408-acq-1316561973_ophys.nwb	6231387475	1226	36	15
sub-703102/sub-703102_ses-1325001064-acq-1325096625-raw-movies_ophys.nwb	107416566251	8080	37	18
sub-703102/sub-703102_ses-1326475009-acq-1326560138_ophys.nwb	6974549562	1343	38	17
sub-688425/sub-688425_ses-1307534620-acq-1307650795_ophys.nwb	4948075628	1186	36	14
sub-687158/sub-687158_ses-1302470765-acq-1302621373-raw-movies_ophys.nwb	86534651191	8457	38	17
sub-684475/sub-684475_ses-1292683599-acq-1292822053_ophys.nwb	5731377985	1978	40	21
sub-686385/sub-686385_ses-1307741527-acq-1307856897_ophys.nwb	9616020640	2484	48	24
sub-703100/sub-703100_ses-1327857277-acq-1328598919-raw-movies_ophys.nwb	96970452818	8799	31	14
sub-688425/sub-688425_ses-1307744301-acq-1307859833-raw-movies_ophys.nwb	85276758990	8132	36	16
sub-677038/sub-677038_ses-1283463390-acq-1283721674-raw-movies_ophys.nwb	128724452295	8578	42	22
sub-677038/sub-677038_ses-1283463390-acq-1283721677-raw-movies_ophys.nwb	128241521897	11608	45	26
sub-688425/sub-688425_ses-1307534620-acq-1307650792_ophys.nwb	5718813285	1734	45	24
sub-703102/sub-703102_ses-1329359032-acq-1329483523_ophys.nwb	5151961962	1450	40	17
sub-677038/sub-677038_ses-1283463390-acq-1283721672-raw-movies_ophys.nwb	127939456939	8570	39	22
sub-688425/sub-688425_ses-1306855381-acq-1307046793_ophys.nwb	8149869317	1469	36	16
sub-688425/sub-688425_ses-1307744301-acq-1307859835-raw-movies_ophys.nwb	85298436613	7869	28	14
sub-684475/sub-684475_ses-1293785946-acq-1293914853_ophys.nwb	6296533156	2078	41	21
sub-695164/sub-695164_ses-1317208685-acq-1317347131_ophys.nwb	4707029815	1048	29	13
sub-680787/sub-680787_ses-1287224221-acq-1287408422-raw-movies_ophys.nwb	126221965591	8316	30	17
sub-683238/sub-683238_ses-1290164314-acq-1290377641_ophys.nwb	12009428614	2068	54	22
sub-703102/sub-703102_ses-1326475009-acq-1326560143_ophys.nwb	5213807076	1309	37	15
sub-680787/sub-680787_ses-1286795723-acq-1286896366_ophys.nwb	5810247823	2204	48	22
sub-695164/sub-695164_ses-1316996182-acq-1317094002_ophys.nwb	6525857174	1209	31	15
sub-688425/sub-688425_ses-1307744301-acq-1307859839_ophys.nwb	5445126492	1088	32	13
sub-686381/sub-686381_ses-1301762588-acq-1301884505_ophys.nwb	4750526993	2057	39	24
sub-683238/sub-683238_ses-1292201855-acq-1292348944-raw-movies_ophys.nwb	85924712509	11614	49	27
sub-688426/sub-688426_ses-1307776947-acq-1307856913-raw-movies_ophys.nwb	89909999300	8387	32	17
sub-695164/sub-695164_ses-1315689466-acq-1315844509_ophys.nwb	7623923850	2128	47	28
sub-695164/sub-695164_ses-1315689466-acq-1315844522_ophys.nwb	7995006511	1370	34	18
sub-684475/sub-684475_ses-1293292416-acq-1293369058_ophys.nwb	4990916553	2506	50	31
sub-686385/sub-686385_ses-1310107209-acq-1310217323_ophys.nwb	9381184837	2058	42	23
sub-687158/sub-687158_ses-1301397478-acq-1301574086-raw-movies_ophys.nwb	85929805630	8254	33	16
sub-690567/sub-690567_ses-1310108019-acq-1310222077-raw-movies_ophys.nwb	107353630497	6928	36	19
sub-686381/sub-686381_ses-1298485241-acq-1298598888-raw-movies_ophys.nwb	85199979355	8193	27	17
sub-688426/sub-688426_ses-1309233681-acq-1309372515_ophys.nwb	6592300137	1865	45	24
sub-683238/sub-683238_ses-1292201855-acq-1292348942_ophys.nwb	5859345549	1783	43	21
sub-686385/sub-686385_ses-1309865956-acq-1309958494-raw-movies_ophys.nwb	85279521707	8617	40	19
sub-688425/sub-688425_ses-1308195602-acq-1308315685_ophys.nwb	4363399390	1820	45	27
sub-688426/sub-688426_ses-1309233681-acq-1309372510_ophys.nwb	6602721578	1173	38	16
sub-684475/sub-684475_ses-1294084428-acq-1294179943-raw-movies_ophys.nwb	143788267687	11188	62	46
sub-684475/sub-684475_ses-1293292416-acq-1293369058-raw-movies_ophys.nwb	106411882157	6334	32	21
sub-680787/sub-680787_ses-1286795723-acq-1286896371-raw-movies_ophys.nwb	114214084975	8333	34	16
sub-703100/sub-703100_ses-1327857277-acq-1328598906_ophys.nwb	9733988333	2103	47	29
sub-703102/sub-703102_ses-1329110536-acq-1329223381-raw-movies_ophys.nwb	118074236168	9027	33	20
sub-683238/sub-683238_ses-1290478480-acq-1290677804_ophys.nwb	6872407354	1922	47	21
sub-677038/sub-677038_ses-1282117200-acq-1282195710_ophys.nwb	7755805056	1616	42	19
sub-684475/sub-684475_ses-1294084428-acq-1294179942-raw-movies_ophys.nwb	128367915192	7545	52	31
sub-687158/sub-687158_ses-1302693790-acq-1302832526_ophys.nwb	9131028677	2090	42	21
sub-683238/sub-683238_ses-1292201855-acq-1292348944_ophys.nwb	6381432538	2247	51	29
sub-703100/sub-703100_ses-1326196206-acq-1326305861-raw-movies_ophys.nwb	98250006099	9158	32	16
sub-687158/sub-687158_ses-1301946428-acq-1302110939-raw-movies_ophys.nwb	85334901657	8353	34	17
sub-683238/sub-683238_ses-1292201855-acq-1292348932-raw-movies_ophys.nwb	86974876535	8244	31	18
sub-690567/sub-690567_ses-1310108019-acq-1310222080-raw-movies_ophys.nwb	110721438249	10930	50	34
sub-703102/sub-703102_ses-1327386124-acq-1327903099_ophys.nwb	5302755018	1525	36	16
sub-686385/sub-686385_ses-1308971336-acq-1309103231_ophys.nwb	10534605941	2085	45	21
sub-688426/sub-688426_ses-1306568187-acq-1306743199_ophys.nwb	10142557429	2030	46	27
sub-683238/sub-683238_ses-1290164314-acq-1290377648-raw-movies_ophys.nwb	97834208395	11597	42	26
sub-686385/sub-686385_ses-1307741527-acq-1307856902_ophys.nwb	5900787293	2006	37	21
sub-680787/sub-680787_ses-1289031285-acq-1289155283_ophys.nwb	7035961696	1836	35	22
sub-703102/sub-703102_ses-1329359032-acq-1329483518-raw-movies_ophys.nwb	89968358393	9043	29	18
sub-683238/sub-683238_ses-1292201855-acq-1292348935-raw-movies_ophys.nwb	85298281703	8220	34	17
sub-684475/sub-684475_ses-1292488745-acq-1292590335-raw-movies_ophys.nwb	106726172959	6219	28	20
sub-677038/sub-677038_ses-1285187250-acq-1285293076-raw-movies_ophys.nwb	127338475367	8123	32	18
sub-683238/sub-683238_ses-1289932426-acq-1290065673_ophys.nwb	8845954138	2641	46	31
sub-688425/sub-688425_ses-1307744301-acq-1307859835_ophys.nwb	7383796649	1152	29	15
sub-690567/sub-690567_ses-1310688787-acq-1310771620-raw-movies_ophys.nwb	101105210152	8086	24	16
sub-684475/sub-684475_ses-1293785946-acq-1293914860-raw-movies_ophys.nwb	106863306489	6694	34	23
sub-687158/sub-687158_ses-1301946428-acq-1302110943_ophys.nwb	6805701438	2615	70	31
sub-690567/sub-690567_ses-1310890222-acq-1311053040_ophys.nwb	5178971226	1141	24	13
sub-688426/sub-688426_ses-1307561774-acq-1307648571-raw-movies_ophys.nwb	98476175797	11669	40	28
sub-703102/sub-703102_ses-1326475009-acq-1326560137_ophys.nwb	7660435859	2240	45	27
sub-703102/sub-703102_ses-1329110536-acq-1329223383_ophys.nwb	5355457603	1450	34	17
sub-677038/sub-677038_ses-1282925933-acq-1283044664-raw-movies_ophys.nwb	133012884581	8210	32	18
sub-703100/sub-703100_ses-1326435192-acq-1326555173_ophys.nwb	6713304927	1059	28	15
sub-683238/sub-683238_ses-1289932426-acq-1290065669_ophys.nwb	9962568535	2699	57	33
sub-687158/sub-687158_ses-1301641891-acq-1301882061_ophys.nwb	6105056215	2687	50	30
sub-690567/sub-690567_ses-1310688787-acq-1310771629_ophys.nwb	5106058992	1294	28	15
sub-686385/sub-686385_ses-1307521141-acq-1307648031_ophys.nwb	8432874675	2068	38	23
sub-703100/sub-703100_ses-1326968266-acq-1327082623_ophys.nwb	7056862743	1171	29	15
sub-686385/sub-686385_ses-1309865956-acq-1309958491-raw-movies_ophys.nwb	85402615781	8576	31	18
sub-703102/sub-703102_ses-1325001064-acq-1325096633_ophys.nwb	8555957631	1219	33	16
sub-703100/sub-703100_ses-1326196206-acq-1326305865_ophys.nwb	6658223430	1388	35	15
sub-680787/sub-680787_ses-1286795723-acq-1286896366-raw-movies_ophys.nwb	106326022261	8248	26	16
sub-683238/sub-683238_ses-1289932426-acq-1290065675-raw-movies_ophys.nwb	85452680991	8028	26	15
sub-677038/sub-677038_ses-1284580866-acq-1284751098-raw-movies_ophys.nwb	127401786383	8862	33	23
sub-695164/sub-695164_ses-1315689466-acq-1315844509-raw-movies_ophys.nwb	85193504247	7772	24	15
sub-687158/sub-687158_ses-1302693790-acq-1302832517-raw-movies_ophys.nwb	85895526791	8342	31	17
sub-677038/sub-677038_ses-1283463390-acq-1283721691-raw-movies_ophys.nwb	128060573365	11529	40	27
sub-686381/sub-686381_ses-1301762588-acq-1301884511-raw-movies_ophys.nwb	102291101789	8190	22	17
sub-686381/sub-686381_ses-1301762588-acq-1301884502_ophys.nwb	5609984653	1910	34	24
sub-703102/sub-703102_ses-1325001064-acq-1325096634-raw-movies_ophys.nwb	86097581122	8350	31	18
sub-684475/sub-684475_ses-1294259213-acq-1294370658-raw-movies_ophys.nwb	117050009516	6437	31	22
sub-684475/sub-684475_ses-1294259213-acq-1294370663_ophys.nwb	4462054865	1877	30	21
sub-688426/sub-688426_ses-1308232634-acq-1308323730-raw-movies_ophys.nwb	85543978406	8221	32	16
sub-687158/sub-687158_ses-1302470765-acq-1302621382-raw-movies_ophys.nwb	85772163977	8147	25	15
sub-687158/sub-687158_ses-1302952543-acq-1303116260_ophys.nwb	8623365232	1569	39	19
sub-686381/sub-686381_ses-1298835451-acq-1299144133_ophys.nwb	5307659460	1593	33	17
sub-703102/sub-703102_ses-1327386124-acq-1327903091-raw-movies_ophys.nwb	86409539610	11726	40	26
sub-677038/sub-677038_ses-1282298838-acq-1282388661_ophys.nwb	5443639403	1429	30	18
sub-703102/sub-703102_ses-1327386124-acq-1327903091_ophys.nwb	4906749206	1517	33	17
sub-686381/sub-686381_ses-1301762588-acq-1301884514_ophys.nwb	6967457177	1298	24	15
sub-686385/sub-686385_ses-1307741527-acq-1307856906-raw-movies_ophys.nwb	85504247503	8373	30	17
sub-688425/sub-688425_ses-1306855381-acq-1307046783-raw-movies_ophys.nwb	95112856154	8163	31	18
sub-687158/sub-687158_ses-1301641891-acq-1301882058_ophys.nwb	7103591054	2423	49	29
sub-680787/sub-680787_ses-1286795723-acq-1286896359_ophys.nwb	7628710727	2239	39	24
sub-690567/sub-690567_ses-1309864499-acq-1309952298-raw-movies_ophys.nwb	98880246230	7257	35	23
sub-687158/sub-687158_ses-1302952543-acq-1303116258-raw-movies_ophys.nwb	85318114051	8056	31	16
sub-687158/sub-687158_ses-1302693790-acq-1302832519_ophys.nwb	9534380973	2217	43	22
sub-688426/sub-688426_ses-1307561774-acq-1307648570_ophys.nwb	8450889807	1246	31	15
sub-703100/sub-703100_ses-1327857277-acq-1328598919_ophys.nwb	6985938746	1306	73	15
sub-684475/sub-684475_ses-1292683599-acq-1292822057_ophys.nwb	7684115521	2138	34	23
sub-680787/sub-680787_ses-1289031285-acq-1289155274-raw-movies_ophys.nwb	107438860073	11549	41	25
sub-677038/sub-677038_ses-1282117200-acq-1282195704_ophys.nwb	5923047910	1426	35	18
sub-687158/sub-687158_ses-1301397478-acq-1301574083-raw-movies_ophys.nwb	85876890921	8115	28	16
sub-677038/sub-677038_ses-1282298838-acq-1282388654_ophys.nwb	9678091071	1913	39	27
sub-703102/sub-703102_ses-1329359032-acq-1329483516_ophys.nwb	6359138124	1562	43	24
sub-680787/sub-680787_ses-1285842466-acq-1285965152_ophys.nwb	10517888732	2348	47	26
sub-703102/sub-703102_ses-1329110536-acq-1329223380-raw-movies_ophys.nwb	109850323100	8802	29	17
sub-703100/sub-703100_ses-1325713091-acq-1325864452-raw-movies_ophys.nwb	86347115844	11093	35	23
sub-686381/sub-686381_ses-1301762588-acq-1301884507-raw-movies_ophys.nwb	89550457826	11557	34	26
sub-695164/sub-695164_ses-1317464837-acq-1317566535-raw-movies_ophys.nwb	114584655114	8003	26	17
sub-687158/sub-687158_ses-1301641891-acq-1301882067-raw-movies_ophys.nwb	112548730541	8269	29	17
sub-680787/sub-680787_ses-1287224221-acq-1287408430-raw-movies_ophys.nwb	135428250857	8709	31	19
sub-684475/sub-684475_ses-1294084428-acq-1294179945_ophys.nwb	6972908503	1864	29	22
sub-695164/sub-695164_ses-1316996182-acq-1317093999_ophys.nwb	4640135162	1034	24	13
sub-688425/sub-688425_ses-1307534620-acq-1307650795-raw-movies_ophys.nwb	85078148262	8089	29	16
sub-686385/sub-686385_ses-1309865956-acq-1309958488-raw-movies_ophys.nwb	86249006697	8287	24	16
sub-684475/sub-684475_ses-1294259213-acq-1294370654_ophys.nwb	8137944970	2703	47	34
sub-703100/sub-703100_ses-1326968266-acq-1327082633_ophys.nwb	4815849598	1111	28	14
sub-686381/sub-686381_ses-1299756327-acq-1299887011-raw-movies_ophys.nwb	84834169761	8186	24	16
sub-703100/sub-703100_ses-1326968266-acq-1327082628-raw-movies_ophys.nwb	100133116600	8524	28	17
sub-683238/sub-683238_ses-1290764951-acq-1290925539-raw-movies_ophys.nwb	84943067505	8505	35	18
sub-683238/sub-683238_ses-1290478480-acq-1290677814_ophys.nwb	6384661185	2889	54	33
sub-684475/sub-684475_ses-1292488745-acq-1292590336_ophys.nwb	6921881905	2499	46	31
sub-703102/sub-703102_ses-1327386124-acq-1327903093_ophys.nwb	7602804899	1334	32	16
sub-677038/sub-677038_ses-1283463390-acq-1283721678-raw-movies_ophys.nwb	127501696600	8152	27	17
sub-703100/sub-703100_ses-1326435192-acq-1326555179-raw-movies_ophys.nwb	116768608294	10250	29	17
sub-688425/sub-688425_ses-1308195602-acq-1308315685-raw-movies_ophys.nwb	99820941134	7933	25	17
sub-680787/sub-680787_ses-1289031285-acq-1289155272-raw-movies_ophys.nwb	131569794462	10832	30	19
sub-677038/sub-677038_ses-1280089433-acq-1280384864-raw-movies_ophys.nwb	153862575955	8412	34	21
sub-677038/sub-677038_ses-1282117200-acq-1282195707_ophys.nwb	7090952942	1477	36	19
sub-677038/sub-677038_ses-1280089433-acq-1280384863-raw-movies_ophys.nwb	154109338013	11481	40	28
sub-686381/sub-686381_ses-1301762588-acq-1301884504-raw-movies_ophys.nwb	85393915457	8156	25	16
sub-686385/sub-686385_ses-1307741527-acq-1307856900_ophys.nwb	9208874719	2948	51	34
sub-695164/sub-695164_ses-1315689466-acq-1315844512_ophys.nwb	5920338527	1323	28	16
sub-684475/sub-684475_ses-1293292416-acq-1293369053-raw-movies_ophys.nwb	106593090633	6341	29	23
sub-686381/sub-686381_ses-1301762588-acq-1301884508-raw-movies_ophys.nwb	85594894857	11560	31	25
sub-690567/sub-690567_ses-1309864499-acq-1309952300_ophys.nwb	9846022385	1508	33	17
sub-677038/sub-677038_ses-1280089433-acq-1280384866_ophys.nwb	6423780659	1767	38	21
sub-680787/sub-680787_ses-1287539392-acq-1287637459-raw-movies_ophys.nwb	124000331097	11518	39	25
sub-686381/sub-686381_ses-1298485241-acq-1298598879-raw-movies_ophys.nwb	85906616301	11625	35	27
sub-684475/sub-684475_ses-1292683599-acq-1292822059-raw-movies_ophys.nwb	106679883953	6409	30	21
sub-684475/sub-684475_ses-1292683599-acq-1292822057-raw-movies_ophys.nwb	107629784487	9844	36	29
sub-688426/sub-688426_ses-1308232634-acq-1308323730_ophys.nwb	6453368510	1458	35	16
sub-687158/sub-687158_ses-1301397478-acq-1301574090_ophys.nwb	11769384318	2297	40	22
sub-683238/sub-683238_ses-1292201855-acq-1292348935_ophys.nwb	7159700280	2559	52	31
sub-703102/sub-703102_ses-1326475009-acq-1326560143-raw-movies_ophys.nwb	107248840503	8710	34	17
sub-703102/sub-703102_ses-1326010455-acq-1326110368-raw-movies_ophys.nwb	94654947188	8538	34	19
sub-703100/sub-703100_ses-1326196206-acq-1326305867_ophys.nwb	5066465122	1138	28	14
sub-695164/sub-695164_ses-1316996182-acq-1317094000_ophys.nwb	4699985897	2043	40	26
sub-680787/sub-680787_ses-1286795723-acq-1286896363_ophys.nwb	8446649542	1999	39	23
sub-680787/sub-680787_ses-1286974919-acq-1287122925_ophys.nwb	7604298620	2238	40	24
sub-684475/sub-684475_ses-1293785946-acq-1293914852_ophys.nwb	8384811681	1925	33	20
sub-695164/sub-695164_ses-1317464837-acq-1317566536_ophys.nwb	4455659002	1254	26	16
sub-703100/sub-703100_ses-1327857277-acq-1328598906-raw-movies_ophys.nwb	103165952302	9026	26	16
sub-703102/sub-703102_ses-1329359032-acq-1329483522_ophys.nwb	7181518686	1225	33	17
sub-690567/sub-690567_ses-1311838234-acq-1311990946_ophys.nwb	7108212415	1609	29	17
sub-687158/sub-687158_ses-1302693790-acq-1302832519-raw-movies_ophys.nwb	85501824509	8217	30	17
sub-703100/sub-703100_ses-1326435192-acq-1326555172_ophys.nwb	9653208288	1280	30	16
sub-677038/sub-677038_ses-1280089433-acq-1280384866-raw-movies_ophys.nwb	173741919922	12179	43	33
sub-684475/sub-684475_ses-1293292416-acq-1293369050_ophys.nwb	8241095258	1769	33	23
sub-703102/sub-703102_ses-1329359032-acq-1329483528-raw-movies_ophys.nwb	129442017740	8863	30	19
sub-680787/sub-680787_ses-1286795723-acq-1286896363-raw-movies_ophys.nwb	106247749049	8391	31	18
sub-686385/sub-686385_ses-1307741527-acq-1307856903_ophys.nwb	5102596055	1862	33	20
sub-686381/sub-686381_ses-1298835451-acq-1299144130_ophys.nwb	4914024545	2074	36	24
sub-680787/sub-680787_ses-1286974919-acq-1287122935_ophys.nwb	8098855223	2580	47	32
sub-687158/sub-687158_ses-1301946428-acq-1302110942-raw-movies_ophys.nwb	86405891717	8300	29	16
sub-688425/sub-688425_ses-1307744301-acq-1307859830-raw-movies_ophys.nwb	84933035486	7860	25	14
sub-677038/sub-677038_ses-1284580866-acq-1284751091-raw-movies_ophys.nwb	144456762438	8380	31	21
sub-680787/sub-680787_ses-1289031285-acq-1289155280_ophys.nwb	7295180581	1664	33	21
sub-690567/sub-690567_ses-1310108019-acq-1310222089-raw-movies_ophys.nwb	86785311551	6789	29	18
sub-683238/sub-683238_ses-1290164314-acq-1290377645-raw-movies_ophys.nwb	84693870559	8024	27	15
sub-695164/sub-695164_ses-1317464837-acq-1317566539-raw-movies_ophys.nwb	85774663983	11203	32	23
sub-683238/sub-683238_ses-1290478480-acq-1290677804-raw-movies_ophys.nwb	85001279061	8179	29	16
sub-695164/sub-695164_ses-1316996182-acq-1317093996-raw-movies_ophys.nwb	94257213971	8292	27	17
sub-687158/sub-687158_ses-1302693790-acq-1302832516_ophys.nwb	13204898030	2386	42	22
sub-688426/sub-688426_ses-1309233681-acq-1309372512_ophys.nwb	9301345674	1771	39	18
sub-687158/sub-687158_ses-1302693790-acq-1302832516-raw-movies_ophys.nwb	86672896565	8184	27	16
sub-695164/sub-695164_ses-1317208685-acq-1317347122-raw-movies_ophys.nwb	85832190300	8016	22	14
sub-690567/sub-690567_ses-1309864499-acq-1309952303-raw-movies_ophys.nwb	108341029352	10172	40	28
sub-688426/sub-688426_ses-1307561774-acq-1307648577-raw-movies_ophys.nwb	84932199990	8019	29	15
sub-677038/sub-677038_ses-1282117200-acq-1282195712_ophys.nwb	5438225471	1475	32	17
sub-680787/sub-680787_ses-1289031285-acq-1289155277-raw-movies_ophys.nwb	127268547318	13942	39	26
sub-695164/sub-695164_ses-1316419408-acq-1316561972-raw-movies_ophys.nwb	85043480970	7930	24	15
sub-686385/sub-686385_ses-1308971336-acq-1309103229_ophys.nwb	10711304044	3017	50	35
sub-683238/sub-683238_ses-1290478480-acq-1290677806-raw-movies_ophys.nwb	85487714500	8647	32	19
sub-677038/sub-677038_ses-1285187250-acq-1285293072-raw-movies_ophys.nwb	127942033425	11484	38	26
sub-687158/sub-687158_ses-1301397478-acq-1301574090-raw-movies_ophys.nwb	86361211197	8203	27	16
sub-695164/sub-695164_ses-1317208685-acq-1317347119_ophys.nwb	5202664799	1319	28	16
sub-677038/sub-677038_ses-1285187250-acq-1285293072_ophys.nwb	5503669099	1502	33	18
sub-686385/sub-686385_ses-1308971336-acq-1309103238_ophys.nwb	6860766383	2098	47	21
sub-686385/sub-686385_ses-1307741527-acq-1307856905_ophys.nwb	5413619385	1898	33	20
sub-686385/sub-686385_ses-1309865956-acq-1309958495_ophys.nwb	6794875005	1934	37	20
sub-690567/sub-690567_ses-1310890222-acq-1311053031_ophys.nwb	5384033666	1425	28	16
sub-688426/sub-688426_ses-1306568187-acq-1306743202_ophys.nwb	8054498562	1274	37	16
sub-703100/sub-703100_ses-1326968266-acq-1327082623-raw-movies_ophys.nwb	86414952302	8458	33	17
sub-703102/sub-703102_ses-1327686864-acq-1327789159-raw-movies_ophys.nwb	128875044622	8464	34	18
sub-684475/sub-684475_ses-1292488745-acq-1292590332_ophys.nwb	11629726825	2179	38	22
sub-683238/sub-683238_ses-1290993403-acq-1291293535_ophys.nwb	8287220041	2660	54	33
sub-686381/sub-686381_ses-1298485241-acq-1298598881-raw-movies_ophys.nwb	102021771261	11710	34	25
sub-687158/sub-687158_ses-1302952543-acq-1303116253-raw-movies_ophys.nwb	103052060707	8078	28	15
sub-690567/sub-690567_ses-1311838234-acq-1311990943-raw-movies_ophys.nwb	102157076678	8362	25	17
sub-688426/sub-688426_ses-1307561774-acq-1307648574_ophys.nwb	5338078199	1759	38	24
sub-688425/sub-688425_ses-1306855381-acq-1307046785_ophys.nwb	6725969011	1771	38	24
sub-703102/sub-703102_ses-1327919456-acq-1328110641_ophys.nwb	4779322918	1130	27	14
sub-688425/sub-688425_ses-1307534620-acq-1307650789-raw-movies_ophys.nwb	85354982197	7894	26	14
sub-695164/sub-695164_ses-1316419408-acq-1316561970_ophys.nwb	4618171399	1664	35	23
sub-690567/sub-690567_ses-1311838234-acq-1311990949_ophys.nwb	5182773514	1731	33	23
sub-677038/sub-677038_ses-1282925933-acq-1283044660_ophys.nwb	5680870644	1350	32	19
sub-686385/sub-686385_ses-1308441820-acq-1308514886_ophys.nwb	5439462261	2445	42	29
sub-688426/sub-688426_ses-1307561774-acq-1307648570-raw-movies_ophys.nwb	87785172391	11416	32	22
sub-703102/sub-703102_ses-1327919456-acq-1328110640-raw-movies_ophys.nwb	88299250377	8988	31	19
sub-686385/sub-686385_ses-1309865956-acq-1309958488_ophys.nwb	11588304369	2185	39	21
sub-684475/sub-684475_ses-1292488745-acq-1292590339-raw-movies_ophys.nwb	124597166168	6074	26	21
sub-684475/sub-684475_ses-1294259213-acq-1294370666_ophys.nwb	5870955560	2535	43	31
sub-684475/sub-684475_ses-1294084428-acq-1294179943_ophys.nwb	5782634077	1793	31	21
sub-695164/sub-695164_ses-1316996182-acq-1317094000-raw-movies_ophys.nwb	84984517940	8158	25	16
sub-695164/sub-695164_ses-1316996182-acq-1317093996_ophys.nwb	4650150523	1483	32	21
sub-687158/sub-687158_ses-1301641891-acq-1301882061-raw-movies_ophys.nwb	85246377160	8105	28	15
sub-688426/sub-688426_ses-1308232634-acq-1308323731_ophys.nwb	6701304960	1444	34	17
sub-684475/sub-684475_ses-1292488745-acq-1292590333-raw-movies_ophys.nwb	106690035485	6168	29	22
sub-677038/sub-677038_ses-1284580866-acq-1284751095-raw-movies_ophys.nwb	143863469529	8515	30	22
sub-680787/sub-680787_ses-1286974919-acq-1287122948_ophys.nwb	6433887143	2608	49	30
sub-703100/sub-703100_ses-1326435192-acq-1326555178-raw-movies_ophys.nwb	96505651767	9044	27	16
sub-687158/sub-687158_ses-1302693790-acq-1302832514-raw-movies_ophys.nwb	86740299913	11671	41	27
sub-688425/sub-688425_ses-1306855381-acq-1307046790_ophys.nwb	6869486391	1290	31	16
sub-688426/sub-688426_ses-1309233681-acq-1309372507-raw-movies_ophys.nwb	86190920754	11263	38	24
sub-680787/sub-680787_ses-1285842466-acq-1285965160-raw-movies_ophys.nwb	127721887059	8547	36	19
sub-686385/sub-686385_ses-1307741527-acq-1307856903-raw-movies_ophys.nwb	101465769554	8428	38	19
sub-683238/sub-683238_ses-1290164314-acq-1290377638-raw-movies_ophys.nwb	85351660002	11312	34	23
sub-686381/sub-686381_ses-1298835451-acq-1299144124-raw-movies_ophys.nwb	85429022712	8510	31	18
sub-688425/sub-688425_ses-1307534620-acq-1307650791_ophys.nwb	7495243155	1818	39	24
sub-686381/sub-686381_ses-1298485241-acq-1298598891_ophys.nwb	6552813251	1363	29	17
sub-703100/sub-703100_ses-1326196206-acq-1326305864-raw-movies_ophys.nwb	97087146772	12984	39	25
sub-703102/sub-703102_ses-1327686864-acq-1327789151_ophys.nwb	5022877157	1420	30	17
sub-703102/sub-703102_ses-1326010455-acq-1326110366_ophys.nwb	5093373027	2054	41	26
sub-677038/sub-677038_ses-1282298838-acq-1282388657_ophys.nwb	5521983252	1295	35	16
sub-680787/sub-680787_ses-1287539392-acq-1287637448_ophys.nwb	7421368624	2101	39	22
sub-688425/sub-688425_ses-1308195602-acq-1308315683-raw-movies_ophys.nwb	90776471690	8129	30	19
sub-703102/sub-703102_ses-1327686864-acq-1327789162_ophys.nwb	5082380286	1622	38	17
sub-677038/sub-677038_ses-1284580866-acq-1284751097_ophys.nwb	5186373218	2179	41	28
sub-683238/sub-683238_ses-1290478480-acq-1290677811_ophys.nwb	7342105577	2339	41	23
sub-684475/sub-684475_ses-1292488745-acq-1292590333_ophys.nwb	9500444281	2351	36	23
sub-684475/sub-684475_ses-1293785946-acq-1293914863_ophys.nwb	5358883036	2053	31	21
sub-703102/sub-703102_ses-1326010455-acq-1326110357-raw-movies_ophys.nwb	101913983564	11472	37	24
sub-680787/sub-680787_ses-1285842466-acq-1285965154-raw-movies_ophys.nwb	128381175313	8375	34	21
sub-688426/sub-688426_ses-1307776947-acq-1307856914-raw-movies_ophys.nwb	85311229204	8111	30	16
sub-695164/sub-695164_ses-1317208685-acq-1317347126_ophys.nwb	6416120150	1063	26	14
sub-680787/sub-680787_ses-1289031285-acq-1289155277_ophys.nwb	6326477269	2248	45	24
sub-688426/sub-688426_ses-1309233681-acq-1309372510-raw-movies_ophys.nwb	84883593756	7914	28	15
sub-688425/sub-688425_ses-1308420140-acq-1308519631_ophys.nwb	5720999338	1483	32	16
sub-690567/sub-690567_ses-1311838234-acq-1311990952-raw-movies_ophys.nwb	86530286177	8157	24	15
sub-687158/sub-687158_ses-1301397478-acq-1301574087-raw-movies_ophys.nwb	107503155885	11715	36	24
sub-683238/sub-683238_ses-1290993403-acq-1291293541-raw-movies_ophys.nwb	117633484055	11786	40	26
sub-677038/sub-677038_ses-1280089433-acq-1280384867-raw-movies_ophys.nwb	174417445321	8890	38	24
sub-688426/sub-688426_ses-1307561774-acq-1307648576-raw-movies_ophys.nwb	107864878187	11931	37	25
sub-677038/sub-677038_ses-1280089433-acq-1280384863_ophys.nwb	6816195122	1712	42	21
sub-687158/sub-687158_ses-1302470765-acq-1302621380_ophys.nwb	9851989861	2070	40	23
sub-695164/sub-695164_ses-1316996182-acq-1317094002-raw-movies_ophys.nwb	106817015282	8306	22	15
sub-684475/sub-684475_ses-1292683599-acq-1292822056_ophys.nwb	5889629362	2633	41	31
sub-688426/sub-688426_ses-1307561774-acq-1307648579_ophys.nwb	5383257315	1042	29	15
sub-677038/sub-677038_ses-1283463390-acq-1283721675-raw-movies_ophys.nwb	169943374619	9040	30	22
sub-684475/sub-684475_ses-1294259213-acq-1294370664_ophys.nwb	5910626732	2450	41	32
sub-686381/sub-686381_ses-1298835451-acq-1299144132_ophys.nwb	8248743470	1578	28	18
sub-688425/sub-688425_ses-1306855381-acq-1307046790-raw-movies_ophys.nwb	127790477986	8746	27	17
sub-686381/sub-686381_ses-1302747806-acq-1302825977_ophys.nwb	6660704343	2089	38	25
sub-690567/sub-690567_ses-1309864499-acq-1309952304-raw-movies_ophys.nwb	132526267093	7308	33	20
sub-687158/sub-687158_ses-1302470765-acq-1302621371_ophys.nwb	10860218654	2340	45	25
sub-703102/sub-703102_ses-1325001064-acq-1325096634_ophys.nwb	7861999983	1526	35	20
sub-683238/sub-683238_ses-1292201855-acq-1292348938-raw-movies_ophys.nwb	106812589343	8481	29	17
sub-680787/sub-680787_ses-1287539392-acq-1287637452-raw-movies_ophys.nwb	127670512562	11968	37	27
sub-684475/sub-684475_ses-1293292416-acq-1293369055_ophys.nwb	6549245477	1918	37	23
sub-688425/sub-688425_ses-1307744301-acq-1307859829_ophys.nwb	7782515736	1451	34	17
sub-690567/sub-690567_ses-1311838234-acq-1311990946-raw-movies_ophys.nwb	114803342535	8375	28	18
sub-695164/sub-695164_ses-1315689466-acq-1315844517-raw-movies_ophys.nwb	128679780449	12259	32	26
sub-703102/sub-703102_ses-1329359032-acq-1329483523-raw-movies_ophys.nwb	133283572112	12679	39	29
sub-688425/sub-688425_ses-1308420140-acq-1308519629-raw-movies_ophys.nwb	106297158534	8174	25	15
sub-677038/sub-677038_ses-1282925933-acq-1283044663_ophys.nwb	6915514578	1968	41	28
sub-703100/sub-703100_ses-1326435192-acq-1326555170-raw-movies_ophys.nwb	120712967206	9515	26	16
sub-703100/sub-703100_ses-1326968266-acq-1327082621_ophys.nwb	7274111979	1353	29	17
sub-703100/sub-703100_ses-1326968266-acq-1327082630_ophys.nwb	4803577141	1071	28	13
sub-686385/sub-686385_ses-1310107209-acq-1310217316-raw-movies_ophys.nwb	97344154701	9101	26	16
sub-686385/sub-686385_ses-1309865956-acq-1309958497-raw-movies_ophys.nwb	91611425789	11647	34	25
sub-688426/sub-688426_ses-1307776947-acq-1307856920_ophys.nwb	4758643526	2005	41	27
sub-703102/sub-703102_ses-1327386124-acq-1327903099-raw-movies_ophys.nwb	97077076383	8293	29	17
sub-686381/sub-686381_ses-1298485241-acq-1298598879_ophys.nwb	10192818579	2421	29	20
sub-683238/sub-683238_ses-1290993403-acq-1291293545_ophys.nwb	6116489009	2471	53	29
sub-695164/sub-695164_ses-1315689466-acq-1315844521_ophys.nwb	6719420036	1318	31	18
sub-686381/sub-686381_ses-1301762588-acq-1301884508_ophys.nwb	5911340645	1274	29	15
sub-687158/sub-687158_ses-1301397478-acq-1301574084_ophys.nwb	9124897194	3059	49	32
sub-695164/sub-695164_ses-1317464837-acq-1317566533_ophys.nwb	7135917246	2203	40	27
sub-690567/sub-690567_ses-1310688787-acq-1310771625-raw-movies_ophys.nwb	106015820778	8408	24	16
sub-680787/sub-680787_ses-1286795723-acq-1286896365_ophys.nwb	8749702477	2689	50	33
sub-690567/sub-690567_ses-1309864499-acq-1309952300-raw-movies_ophys.nwb	99871835316	10074	38	27
sub-677038/sub-677038_ses-1285187250-acq-1285293070-raw-movies_ophys.nwb	142564787182	11850	46	31
sub-687158/sub-687158_ses-1301641891-acq-1301882063-raw-movies_ophys.nwb	107483397969	8742	32	17
sub-695164/sub-695164_ses-1317464837-acq-1317566532-raw-movies_ophys.nwb	86651260051	8346	28	16
sub-680787/sub-680787_ses-1285842466-acq-1285965161_ophys.nwb	10481371406	2367	47	27
sub-684475/sub-684475_ses-1293785946-acq-1293914863-raw-movies_ophys.nwb	128170888820	6937	28	22
sub-688426/sub-688426_ses-1308232634-acq-1308323728-raw-movies_ophys.nwb	97694424734	8009	26	15
sub-688425/sub-688425_ses-1308195602-acq-1308315686_ophys.nwb	5404622642	1556	39	24
sub-686381/sub-686381_ses-1302747806-acq-1302825965_ophys.nwb	8090279630	2148	39	25
sub-686385/sub-686385_ses-1308441820-acq-1308514884_ophys.nwb	5093913367	1901	33	20
sub-684475/sub-684475_ses-1293292416-acq-1293369059_ophys.nwb	5989862681	1889	34	22
sub-703100/sub-703100_ses-1325713091-acq-1325864449-raw-movies_ophys.nwb	85431868319	7971	28	15
sub-680787/sub-680787_ses-1286974919-acq-1287122944-raw-movies_ophys.nwb	118385559341	8495	32	18
sub-703100/sub-703100_ses-1326196206-acq-1326305862_ophys.nwb	5121231747	1094	30	14
sub-686381/sub-686381_ses-1299756327-acq-1299887021-raw-movies_ophys.nwb	97347677537	11700	36	27
sub-688425/sub-688425_ses-1307744301-acq-1307859830_ophys.nwb	4911800231	1335	29	16
sub-683238/sub-683238_ses-1290764951-acq-1290925541-raw-movies_ophys.nwb	85593266245	8215	37	16
sub-703102/sub-703102_ses-1329110536-acq-1329223372_ophys.nwb	5335648153	1372	34	18
sub-690567/sub-690567_ses-1310688787-acq-1310771626-raw-movies_ophys.nwb	85796174066	11329	33	23
sub-687158/sub-687158_ses-1302952543-acq-1303116248-raw-movies_ophys.nwb	85972317297	11540	39	26
sub-683238/sub-683238_ses-1290993403-acq-1291293537_ophys.nwb	12541027561	2095	63	23
sub-677038/sub-677038_ses-1284580866-acq-1284751101_ophys.nwb	6376983751	1637	31	20
sub-684475/sub-684475_ses-1292683599-acq-1292822047_ophys.nwb	7194687390	1969	34	23
sub-703102/sub-703102_ses-1327919456-acq-1328110635-raw-movies_ophys.nwb	89631382804	9137	33	18
sub-688425/sub-688425_ses-1307744301-acq-1307859836_ophys.nwb	6672897083	1078	28	15
sub-703100/sub-703100_ses-1327857277-acq-1328598910_ophys.nwb	9319707592	2140	39	25
sub-684475/sub-684475_ses-1294259213-acq-1294370660-raw-movies_ophys.nwb	106531052401	6266	27	21
sub-695164/sub-695164_ses-1317464837-acq-1317566538-raw-movies_ophys.nwb	85710506914	11313	35	25
sub-684475/sub-684475_ses-1292488745-acq-1292590341-raw-movies_ophys.nwb	107473830201	9455	36	29
sub-688425/sub-688425_ses-1306855381-acq-1307046775_ophys.nwb	119452550343	1705	182	17
sub-688426/sub-688426_ses-1306568187-acq-1306743205_ophys.nwb	6756920782	1372	36	17
sub-690567/sub-690567_ses-1310688787-acq-1310771623_ophys.nwb	5680180690	1830	94	19
sub-703100/sub-703100_ses-1327857277-acq-1328598922_ophys.nwb	7391703912	1518	31	16
sub-677038/sub-677038_ses-1283463390-acq-1283721677_ophys.nwb	5654283589	2005	42	27
sub-683238/sub-683238_ses-1290764951-acq-1290925551-raw-movies_ophys.nwb	85388919087	8412	28	17
sub-695164/sub-695164_ses-1317208685-acq-1317347129_ophys.nwb	4661335724	1045	24	13
sub-683238/sub-683238_ses-1292201855-acq-1292348932_ophys.nwb	9968774681	2445	55	33
sub-703102/sub-703102_ses-1325001064-acq-1325096627_ophys.nwb	11450433707	2609	50	31
sub-703100/sub-703100_ses-1327857277-acq-1328598922-raw-movies_ophys.nwb	113880881637	9065	28	16
sub-686385/sub-686385_ses-1308971336-acq-1309103229-raw-movies_ophys.nwb	86304243229	11900	36	27
sub-690567/sub-690567_ses-1310688787-acq-1310771625_ophys.nwb	6753891778	1298	27	16
sub-690567/sub-690567_ses-1310108019-acq-1310222086-raw-movies_ophys.nwb	108633076702	10252	42	29
sub-677038/sub-677038_ses-1280089433-acq-1280384861-raw-movies_ophys.nwb	191019116151	8281	34	22
sub-687158/sub-687158_ses-1301946428-acq-1302110940-raw-movies_ophys.nwb	85247324245	8168	26	16
sub-686381/sub-686381_ses-1298835451-acq-1299144129_ophys.nwb	6892803023	1477	27	18
sub-688426/sub-688426_ses-1307776947-acq-1307856916_ophys.nwb	8745986330	2272	45	31
sub-686381/sub-686381_ses-1298485241-acq-1298598881_ophys.nwb	10776308193	1823	34	21
sub-688426/sub-688426_ses-1308232634-acq-1308323734-raw-movies_ophys.nwb	128429457121	12357	35	27
sub-703102/sub-703102_ses-1329359032-acq-1329483525-raw-movies_ophys.nwb	152602436648	9604	31	19
sub-686385/sub-686385_ses-1307521141-acq-1307648024-raw-movies_ophys.nwb	149026313483	12630	34	27
sub-687158/sub-687158_ses-1302470765-acq-1302621376-raw-movies_ophys.nwb	144710722893	9256	31	20
sub-686385/sub-686385_ses-1310107209-acq-1310217313-raw-movies_ophys.nwb	161734157358	13819	37	29
sub-690567/sub-690567_ses-1310890222-acq-1311053037-raw-movies_ophys.nwb	155045306039	9099	27	19
sub-687158/sub-687158_ses-1302470765-acq-1302621382_ophys.nwb	10683525270	2126	40	22
sub-683238/sub-683238_ses-1289932426-acq-1290065679_ophys.nwb	8740395066	1958	45	24
sub-686385/sub-686385_ses-1309865956-acq-1309958486_ophys.nwb	12348676560	2218	38	26
sub-684475/sub-684475_ses-1293785946-acq-1293914853-raw-movies_ophys.nwb	149963920117	7705	39	28
sub-683238/sub-683238_ses-1290764951-acq-1290925542_ophys.nwb	8674884298	1995	62	24
sub-688426/sub-688426_ses-1309233681-acq-1309372513-raw-movies_ophys.nwb	127908675358	8933	30	19
sub-683238/sub-683238_ses-1290478480-acq-1290677803-raw-movies_ophys.nwb	157219933859	12449	41	28
sub-695164/sub-695164_ses-1317208685-acq-1317347123-raw-movies_ophys.nwb	106285961082	8350	22	15
sub-686385/sub-686385_ses-1307741527-acq-1307856902-raw-movies_ophys.nwb	106350095001	8786	35	18
sub-688425/sub-688425_ses-1308420140-acq-1308519629_ophys.nwb	7490676331	1740	38	25
sub-688426/sub-688426_ses-1306568187-acq-1306743196_ophys.nwb	14312278687	1477	37	18
sub-686385/sub-686385_ses-1308441820-acq-1308514877_ophys.nwb	12738575441	2169	38	26
sub-688426/sub-688426_ses-1308232634-acq-1308323733-raw-movies_ophys.nwb	124433355295	8469	26	18
sub-677038/sub-677038_ses-1282298838-acq-1282388663-raw-movies_ophys.nwb	149201650731	12714	44	35
sub-688426/sub-688426_ses-1309233681-acq-1309372518_ophys.nwb	6214409950	1195	33	16
sub-695164/sub-695164_ses-1317464837-acq-1317566532_ophys.nwb	6200720768	1131	24	15
sub-680787/sub-680787_ses-1287224221-acq-1287408428-raw-movies_ophys.nwb	128927964765	12435	39	29
sub-690567/sub-690567_ses-1310890222-acq-1311053040-raw-movies_ophys.nwb	106272215322	8607	28	17
sub-686385/sub-686385_ses-1307521141-acq-1307648022_ophys.nwb	13931603385	2250	38	24
sub-703100/sub-703100_ses-1325713091-acq-1325864451_ophys.nwb	8861584547	1767	40	25
sub-687158/sub-687158_ses-1301946428-acq-1302110945-raw-movies_ophys.nwb	106841837695	8716	29	17
sub-684475/sub-684475_ses-1292488745-acq-1292590335_ophys.nwb	8065183565	1890	35	22
sub-683238/sub-683238_ses-1292201855-acq-1292348934_ophys.nwb	9428284166	2559	56	33
sub-680787/sub-680787_ses-1286795723-acq-1286896369-raw-movies_ophys.nwb	130159522527	12263	42	27
sub-684475/sub-684475_ses-1292683599-acq-1292822049-raw-movies_ophys.nwb	130965605857	6648	28	20
sub-684475/sub-684475_ses-1292683599-acq-1292822054_ophys.nwb	5995727965	1877	30	21
sub-695164/sub-695164_ses-1316419408-acq-1316561978-raw-movies_ophys.nwb	106582971510	8379	22	15
sub-688425/sub-688425_ses-1308195602-acq-1308315689-raw-movies_ophys.nwb	105824116842	8130	25	15
sub-690567/sub-690567_ses-1310890222-acq-1311053039_ophys.nwb	8170575839	1239	25	14
sub-690567/sub-690567_ses-1310108019-acq-1310222080_ophys.nwb	8036383585	1411	27	17
sub-695164/sub-695164_ses-1316996182-acq-1317093993_ophys.nwb	5221383961	1305	26	17
sub-683238/sub-683238_ses-1289932426-acq-1290065678_ophys.nwb	10310651106	2248	39	25
sub-688425/sub-688425_ses-1308420140-acq-1308519625-raw-movies_ophys.nwb	108104367386	11657	38	25
sub-683238/sub-683238_ses-1290993403-acq-1291293542-raw-movies_ophys.nwb	107166265371	12600	47	32
sub-703100/sub-703100_ses-1326196206-acq-1326305862-raw-movies_ophys.nwb	121199923234	13469	38	27
sub-686381/sub-686381_ses-1298485241-acq-1298598885-raw-movies_ophys.nwb	106461092925	8622	31	19
sub-703102/sub-703102_ses-1326475009-acq-1326560146-raw-movies_ophys.nwb	128863228127	9049	33	20
sub-686385/sub-686385_ses-1309865956-acq-1309958486-raw-movies_ophys.nwb	106917781895	8773	26	19
sub-686385/sub-686385_ses-1307521141-acq-1307648024_ophys.nwb	14885974360	2300	42	22
sub-703102/sub-703102_ses-1326475009-acq-1326560146_ophys.nwb	5825888499	1319	31	16
sub-703102/sub-703102_ses-1326475009-acq-1326560135-raw-movies_ophys.nwb	129194652848	12088	43	28
sub-688425/sub-688425_ses-1308195602-acq-1308315688-raw-movies_ophys.nwb	121152894182	8556	28	16
sub-688425/sub-688425_ses-1306855381-acq-1307046793-raw-movies_ophys.nwb	107296352568	8548	30	18
sub-683238/sub-683238_ses-1292201855-acq-1292348941-raw-movies_ophys.nwb	107246955097	11913	42	27
sub-703100/sub-703100_ses-1326968266-acq-1327082631_ophys.nwb	7001262949	1282	29	15
sub-684475/sub-684475_ses-1293292416-acq-1293369056-raw-movies_ophys.nwb	127703960109	6632	27	21
sub-703102/sub-703102_ses-1327386124-acq-1327903097_ophys.nwb	5739182929	1896	42	25
sub-687158/sub-687158_ses-1302470765-acq-1302621379-raw-movies_ophys.nwb	138881135171	12742	45	32
sub-703102/sub-703102_ses-1327686864-acq-1327789151-raw-movies_ophys.nwb	108019735364	12394	39	28
sub-686385/sub-686385_ses-1307521141-acq-1307648027-raw-movies_ophys.nwb	106083139291	8629	28	18
sub-677038/sub-677038_ses-1282298838-acq-1282388654-raw-movies_ophys.nwb	150569578295	12663	49	37
sub-690567/sub-690567_ses-1311838234-acq-1311990952_ophys.nwb	8237351353	2251	41	27
sub-703102/sub-703102_ses-1329110536-acq-1329223377_ophys.nwb	5691909159	1476	31	18
sub-688426/sub-688426_ses-1309233681-acq-1309372509-raw-movies_ophys.nwb	122321878309	8720	28	17
sub-686385/sub-686385_ses-1307521141-acq-1307648028_ophys.nwb	8928478180	2071	34	22
sub-677038/sub-677038_ses-1282117200-acq-1282195713-raw-movies_ophys.nwb	169769924089	9358	30	20
sub-686385/sub-686385_ses-1307521141-acq-1307648027_ophys.nwb	11655426271	2926	53	36
sub-688426/sub-688426_ses-1307561774-acq-1307648571_ophys.nwb	6773088146	1068	27	16
sub-695164/sub-695164_ses-1317208685-acq-1317347123_ophys.nwb	5193958942	1233	26	15
sub-687158/sub-687158_ses-1302952543-acq-1303116253_ophys.nwb	9080090513	1552	40	19
sub-686385/sub-686385_ses-1307521141-acq-1307648035-raw-movies_ophys.nwb	107528194525	9026	34	20
sub-695164/sub-695164_ses-1315689466-acq-1315844515-raw-movies_ophys.nwb	118641270544	11680	33	26
sub-688425/sub-688425_ses-1308195602-acq-1308315692-raw-movies_ophys.nwb	106533672822	11657	39	26
sub-687158/sub-687158_ses-1302952543-acq-1303116248_ophys.nwb	10395433134	2289	47	25
sub-677038/sub-677038_ses-1285187250-acq-1285293075_ophys.nwb	6180387145	2208	43	30
sub-690567/sub-690567_ses-1309864499-acq-1309952307_ophys.nwb	7060335073	1423	30	17
sub-687158/sub-687158_ses-1301641891-acq-1301882065_ophys.nwb	6469122979	2736	51	30
sub-687158/sub-687158_ses-1302693790-acq-1302832517_ophys.nwb	8186329815	2327	42	22
sub-686385/sub-686385_ses-1308971336-acq-1309103238-raw-movies_ophys.nwb	85618454409	8706	32	21
sub-687158/sub-687158_ses-1302952543-acq-1303116257-raw-movies_ophys.nwb	127290744801	12536	40	31
sub-684475/sub-684475_ses-1294259213-acq-1294370663-raw-movies_ophys.nwb	147150056901	7723	38	29
sub-703100/sub-703100_ses-1327857277-acq-1328598917-raw-movies_ophys.nwb	96676422191	8856	29	15
sub-677038/sub-677038_ses-1282925933-acq-1283044664_ophys.nwb	6704229514	1908	41	28
sub-688425/sub-688425_ses-1308195602-acq-1308315686-raw-movies_ophys.nwb	85453260406	7899	26	14
sub-688425/sub-688425_ses-1307744301-acq-1307859833_ophys.nwb	6815339906	1060	27	14
sub-703102/sub-703102_ses-1329110536-acq-1329223378_ophys.nwb	5327085022	2101	45	27
sub-686381/sub-686381_ses-1298485241-acq-1298598884_ophys.nwb	6518209165	1710	29	19
sub-677038/sub-677038_ses-1285187250-acq-1285293076_ophys.nwb	5429847477	1624	38	19
sub-684475/sub-684475_ses-1294084428-acq-1294179936-raw-movies_ophys.nwb	107267698425	6304	28	21
sub-703102/sub-703102_ses-1329359032-acq-1329483516-raw-movies_ophys.nwb	111864040462	12623	44	30
sub-687158/sub-687158_ses-1301946428-acq-1302110936-raw-movies_ophys.nwb	86392581650	8282	27	15
sub-687158/sub-687158_ses-1301946428-acq-1302110937_ophys.nwb	6546362344	2001	38	21
sub-686381/sub-686381_ses-1298835451-acq-1299144127-raw-movies_ophys.nwb	85066388981	8456	30	18
sub-684475/sub-684475_ses-1293785946-acq-1293914859_ophys.nwb	5336363976	2926	44	33
sub-686381/sub-686381_ses-1298835451-acq-1299144127_ophys.nwb	5174037446	1274	28	15
sub-703102/sub-703102_ses-1326475009-acq-1326560141_ophys.nwb	7398631266	1509	33	18
sub-703102/sub-703102_ses-1327386124-acq-1327903088_ophys.nwb	7087209330	1435	32	19
sub-686385/sub-686385_ses-1309865956-acq-1309958494_ophys.nwb	8543271089	1896	42	23
sub-683238/sub-683238_ses-1290478480-acq-1290677806_ophys.nwb	9201504960	2651	49	31
sub-680787/sub-680787_ses-1286795723-acq-1286896362_ophys.nwb	11093351898	2693	51	34
sub-688426/sub-688426_ses-1307561774-acq-1307648576_ophys.nwb	7193666734	1180	33	15
sub-680787/sub-680787_ses-1286974919-acq-1287122948-raw-movies_ophys.nwb	148772127965	8691	30	17
sub-695164/sub-695164_ses-1317208685-acq-1317347128-raw-movies_ophys.nwb	107114659834	12047	35	27
sub-680787/sub-680787_ses-1286795723-acq-1286896368-raw-movies_ophys.nwb	142040536142	8996	36	18
sub-688426/sub-688426_ses-1307561774-acq-1307648573-raw-movies_ophys.nwb	120916535490	8573	26	16
sub-690567/sub-690567_ses-1310108019-acq-1310222081_ophys.nwb	5855542074	1655	29	19
sub-686381/sub-686381_ses-1302747806-acq-1302825977-raw-movies_ophys.nwb	106955488893	11869	32	26
sub-684475/sub-684475_ses-1294259213-acq-1294370658_ophys.nwb	8213907040	2345	40	32
sub-703100/sub-703100_ses-1326435192-acq-1326555173-raw-movies_ophys.nwb	120833363010	13303	36	26
sub-686385/sub-686385_ses-1308441820-acq-1308514879-raw-movies_ophys.nwb	121098651213	8922	29	19
sub-703102/sub-703102_ses-1327686864-acq-1327789156_ophys.nwb	5942994933	1331	32	16
sub-688426/sub-688426_ses-1306568187-acq-1306743203-raw-movies_ophys.nwb	118731808439	11893	36	28
sub-688425/sub-688425_ses-1306855381-acq-1307046781_ophys.nwb	7376167081	1572	31	17
sub-703100/sub-703100_ses-1325713091-acq-1325864446_ophys.nwb	8924960389	1270	28	17
sub-695164/sub-695164_ses-1317464837-acq-1317566530_ophys.nwb	6591106310	1828	35	27
sub-690567/sub-690567_ses-1310108019-acq-1310222087-raw-movies_ophys.nwb	107301733094	7451	33	21
sub-686381/sub-686381_ses-1301762588-acq-1301884502-raw-movies_ophys.nwb	118341922336	8821	21	18
sub-690567/sub-690567_ses-1311838234-acq-1311990945-raw-movies_ophys.nwb	107445225782	11394	33	23
sub-695164/sub-695164_ses-1316419408-acq-1316561967-raw-movies_ophys.nwb	115451011762	8259	27	16
sub-684475/sub-684475_ses-1294084428-acq-1294179934_ophys.nwb	8225255288	2024	35	24
sub-688425/sub-688425_ses-1306855381-acq-1307046783_ophys.nwb	8725720871	1358	34	17
sub-687158/sub-687158_ses-1302693790-acq-1302832523_ophys.nwb	10545619253	2774	69	32
sub-688425/sub-688425_ses-1308420140-acq-1308519628_ophys.nwb	6429899678	2197	41	28
sub-703100/sub-703100_ses-1325713091-acq-1325864448_ophys.nwb	6852239011	2203	45	29
sub-695164/sub-695164_ses-1317208685-acq-1317347125_ophys.nwb	5428577570	1992	37	26
sub-703102/sub-703102_ses-1326475009-acq-1326560138-raw-movies_ophys.nwb	128653326370	11984	37	26
sub-680787/sub-680787_ses-1289031285-acq-1289155272_ophys.nwb	8623345344	1833	38	24
sub-690567/sub-690567_ses-1310688787-acq-1310771620_ophys.nwb	5999704057	1562	28	18
sub-695164/sub-695164_ses-1316996182-acq-1317093990-raw-movies_ophys.nwb	107164364908	8678	26	18
sub-680787/sub-680787_ses-1285842466-acq-1285965155-raw-movies_ophys.nwb	131641748421	8723	33	20
sub-677038/sub-677038_ses-1285187250-acq-1285293079_ophys.nwb	5867402392	1475	33	19
sub-686381/sub-686381_ses-1299756327-acq-1299887008-raw-movies_ophys.nwb	107018348137	12029	31	27
sub-703102/sub-703102_ses-1327919456-acq-1328110644_ophys.nwb	5509256636	1331	29	16
sub-703102/sub-703102_ses-1327686864-acq-1327789160-raw-movies_ophys.nwb	123757568346	9178	29	20
sub-687158/sub-687158_ses-1301397478-acq-1301574083_ophys.nwb	15935435116	2280	44	25
sub-686381/sub-686381_ses-1298835451-acq-1299144135-raw-movies_ophys.nwb	106093658614	8565	25	17
sub-703100/sub-703100_ses-1326196206-acq-1326305868_ophys.nwb	7296046173	1708	37	24
sub-680787/sub-680787_ses-1286795723-acq-1286896362-raw-movies_ophys.nwb	158848049461	8881	36	18
sub-686381/sub-686381_ses-1299756327-acq-1299887018_ophys.nwb	6378315951	1860	40	24
sub-690567/sub-690567_ses-1310890222-acq-1311053031-raw-movies_ophys.nwb	106646149206	8521	25	16
sub-703102/sub-703102_ses-1326475009-acq-1326560135_ophys.nwb	5930358043	1810	39	26
sub-686381/sub-686381_ses-1299756327-acq-1299887010_ophys.nwb	6842866610	1304	25	16
sub-695164/sub-695164_ses-1317208685-acq-1317347129-raw-movies_ophys.nwb	123038022844	12015	38	29
sub-690567/sub-690567_ses-1309864499-acq-1309952309-raw-movies_ophys.nwb	108728178414	11030	46	34
sub-683238/sub-683238_ses-1290993403-acq-1291293541_ophys.nwb	8887895287	2774	55	33
sub-686381/sub-686381_ses-1299756327-acq-1299887013-raw-movies_ophys.nwb	119408558028	8813	21	18
sub-683238/sub-683238_ses-1289932426-acq-1290065675_ophys.nwb	10386621964	2885	50	35
sub-686385/sub-686385_ses-1308971336-acq-1309103241_ophys.nwb	9186190635	3158	50	35
sub-695164/sub-695164_ses-1316996182-acq-1317093997-raw-movies_ophys.nwb	107095397170	11921	34	26
sub-690567/sub-690567_ses-1310108019-acq-1310222084-raw-movies_ophys.nwb	108344378243	10845	41	30
sub-695164/sub-695164_ses-1315689466-acq-1315844515_ophys.nwb	8209990254	1343	27	18
sub-703100/sub-703100_ses-1326968266-acq-1327082624_ophys.nwb	5396136602	1167	26	15
sub-680787/sub-680787_ses-1289031285-acq-1289155280-raw-movies_ophys.nwb	146945997513	10871	37	18
sub-695164/sub-695164_ses-1316419408-acq-1316561975-raw-movies_ophys.nwb	108112866702	12167	34	27
sub-683238/sub-683238_ses-1290164314-acq-1290377648_ophys.nwb	6972623670	2873	49	35
sub-677038/sub-677038_ses-1282298838-acq-1282388658_ophys.nwb	6129974533	1467	34	18
sub-686385/sub-686385_ses-1307741527-acq-1307856897-raw-movies_ophys.nwb	106798261453	8836	30	18
sub-687158/sub-687158_ses-1301641891-acq-1301882054-raw-movies_ophys.nwb	106695461669	8568	27	16
sub-684475/sub-684475_ses-1293785946-acq-1293914856_ophys.nwb	5487895561	2014	29	22
sub-684475/sub-684475_ses-1294084428-acq-1294179940_ophys.nwb	4716348345	2428	39	30
sub-703102/sub-703102_ses-1327919456-acq-1328110636-raw-movies_ophys.nwb	105447658708	8955	28	19
sub-686385/sub-686385_ses-1310107209-acq-1310217322_ophys.nwb	6387141888	1941	33	22
sub-703102/sub-703102_ses-1326010455-acq-1326110360-raw-movies_ophys.nwb	125338743676	8942	31	19
sub-680787/sub-680787_ses-1286795723-acq-1286896368_ophys.nwb	6117200782	2157	36	23
sub-695164/sub-695164_ses-1316996182-acq-1317093993-raw-movies_ophys.nwb	126001836592	8480	25	17
sub-687158/sub-687158_ses-1302470765-acq-1302621380-raw-movies_ophys.nwb	111316065313	8620	29	17
sub-703102/sub-703102_ses-1326475009-acq-1326560141-raw-movies_ophys.nwb	149986730010	8741	30	18
sub-686385/sub-686385_ses-1308441820-acq-1308514880_ophys.nwb	6186923711	2036	45	21
sub-687158/sub-687158_ses-1302952543-acq-1303116251-raw-movies_ophys.nwb	86118002143	11557	39	26
sub-677038/sub-677038_ses-1282925933-acq-1283044666-raw-movies_ophys.nwb	169536797236	8981	32	19
sub-683238/sub-683238_ses-1290993403-acq-1291293535-raw-movies_ophys.nwb	128376909389	12651	44	31
sub-680787/sub-680787_ses-1287224221-acq-1287408431_ophys.nwb	7457343657	2049	40	23
sub-687158/sub-687158_ses-1301946428-acq-1302110939_ophys.nwb	7816135765	1912	38	22
sub-683238/sub-683238_ses-1290164314-acq-1290377651_ophys.nwb	7570835097	1905	34	22
sub-703100/sub-703100_ses-1326968266-acq-1327082621-raw-movies_ophys.nwb	134692336618	12558	35	27
sub-688425/sub-688425_ses-1306855381-acq-1307046788-raw-movies_ophys.nwb	132845963632	8875	25	18
sub-680787/sub-680787_ses-1289031285-acq-1289155274_ophys.nwb	9282841681	1842	38	23
sub-703102/sub-703102_ses-1327686864-acq-1327789156-raw-movies_ophys.nwb	129535336257	12045	39	25
sub-688425/sub-688425_ses-1308195602-acq-1308315691_ophys.nwb	4762861706	1047	29	15
sub-688425/sub-688425_ses-1307534620-acq-1307650794_ophys.nwb	6860187824	1278	32	15
sub-703102/sub-703102_ses-1326475009-acq-1326560144_ophys.nwb	5579224342	1574	33	19
sub-686385/sub-686385_ses-1308971336-acq-1309103232_ophys.nwb	9167917117	2749	49	32
sub-687158/sub-687158_ses-1302693790-acq-1302832514_ophys.nwb	15481777612	3151	58	37
sub-686385/sub-686385_ses-1309865956-acq-1309958492_ophys.nwb	8554809349	2122	36	23
sub-688425/sub-688425_ses-1308420140-acq-1308519632_ophys.nwb	7449473121	1809	37	25
sub-684475/sub-684475_ses-1294084428-acq-1294179939_ophys.nwb	8776186071	2121	36	25
sub-690567/sub-690567_ses-1311838234-acq-1311990950_ophys.nwb	8282757445	1683	34	25
sub-684475/sub-684475_ses-1292488745-acq-1292590338-raw-movies_ophys.nwb	142906634934	10253	37	32
sub-687158/sub-687158_ses-1302952543-acq-1303116250_ophys.nwb	13791178415	2973	54	35
sub-703102/sub-703102_ses-1325001064-acq-1325096630-raw-movies_ophys.nwb	140652185679	8706	30	18
sub-677038/sub-677038_ses-1282298838-acq-1282388655-raw-movies_ophys.nwb	149336328254	12374	42	29
sub-677038/sub-677038_ses-1285187250-acq-1285293079-raw-movies_ophys.nwb	149163637262	12126	47	31
sub-680787/sub-680787_ses-1289031285-acq-1289155284-raw-movies_ophys.nwb	127621410461	9104	34	21
sub-688426/sub-688426_ses-1309233681-acq-1309372516_ophys.nwb	5369856228	1275	29	16
sub-683238/sub-683238_ses-1292201855-acq-1292348939-raw-movies_ophys.nwb	106865925461	8790	37	21
sub-680787/sub-680787_ses-1287539392-acq-1287637448-raw-movies_ophys.nwb	127595025218	8927	34	19
sub-688426/sub-688426_ses-1309233681-acq-1309372509_ophys.nwb	9430202143	1384	34	16
sub-695164/sub-695164_ses-1316996182-acq-1317093990_ophys.nwb	5897303363	1291	29	17
sub-688426/sub-688426_ses-1307776947-acq-1307856922_ophys.nwb	5439841324	2067	47	26
sub-703102/sub-703102_ses-1326010455-acq-1326110357_ophys.nwb	5607394465	1368	30	18
sub-684475/sub-684475_ses-1292488745-acq-1292590330_ophys.nwb	12881805116	2383	40	28
sub-690567/sub-690567_ses-1310688787-acq-1310771631-raw-movies_ophys.nwb	107421317422	12171	37	29
sub-703100/sub-703100_ses-1326196206-acq-1326305870_ophys.nwb	8087359766	1182	29	16
sub-684475/sub-684475_ses-1293292416-acq-1293369061_ophys.nwb	5973411773	1824	33	22
sub-695164/sub-695164_ses-1316996182-acq-1317093992_ophys.nwb	7255599737	1195	27	16
sub-690567/sub-690567_ses-1311838234-acq-1311990953_ophys.nwb	5792577248	1330	26	16
sub-687158/sub-687158_ses-1301946428-acq-1302110934-raw-movies_ophys.nwb	107336838377	12158	39	27
sub-677038/sub-677038_ses-1280089433-acq-1280384870-raw-movies_ophys.nwb	154026102421	11939	39	29
sub-695164/sub-695164_ses-1316419408-acq-1316561973-raw-movies_ophys.nwb	105925451834	8265	23	15
sub-703102/sub-703102_ses-1327686864-acq-1327789160_ophys.nwb	7848264424	2022	41	27
sub-703102/sub-703102_ses-1326010455-acq-1326110362-raw-movies_ophys.nwb	107309501371	8682	33	17
sub-703102/sub-703102_ses-1327919456-acq-1328110640_ophys.nwb	5631064679	1338	32	16
sub-703102/sub-703102_ses-1326010455-acq-1326110365_ophys.nwb	6348623578	1973	43	26
sub-683238/sub-683238_ses-1290764951-acq-1290925541_ophys.nwb	8646937141	1914	43	21
sub-686381/sub-686381_ses-1301762588-acq-1301884505-raw-movies_ophys.nwb	106052814887	8622	29	17
sub-703102/sub-703102_ses-1325001064-acq-1325096628_ophys.nwb	9564634027	1710	36	20
sub-690567/sub-690567_ses-1309864499-acq-1309952309_ophys.nwb	10287397599	1326	31	17
sub-688426/sub-688426_ses-1306568187-acq-1306743194_ophys.nwb	10141076827	1941	50	27
sub-688425/sub-688425_ses-1307534620-acq-1307650797_ophys.nwb	7208991900	1261	31	16
sub-687158/sub-687158_ses-1302470765-acq-1302621376_ophys.nwb	9568827059	2136	44	22
sub-687158/sub-687158_ses-1301946428-acq-1302110936_ophys.nwb	11999845468	2841	52	32
sub-688425/sub-688425_ses-1308420140-acq-1308519634_ophys.nwb	6509545230	1925	41	26
sub-686385/sub-686385_ses-1308971336-acq-1309103234-raw-movies_ophys.nwb	106872272105	12199	43	28
sub-695164/sub-695164_ses-1316419408-acq-1316561976_ophys.nwb	4554261399	1338	28	16
sub-687158/sub-687158_ses-1302470765-acq-1302621377-raw-movies_ophys.nwb	86197705891	11740	38	26
sub-688425/sub-688425_ses-1308420140-acq-1308519628-raw-movies_ophys.nwb	85447168307	7975	27	15
sub-688425/sub-688425_ses-1307744301-acq-1307859832-raw-movies_ophys.nwb	85723186346	7939	24	14
sub-690567/sub-690567_ses-1310890222-acq-1311053034-raw-movies_ophys.nwb	85766452972	11546	34	25
sub-683238/sub-683238_ses-1290764951-acq-1290925545_ophys.nwb	7896747637	2005	37	21
sub-684475/sub-684475_ses-1293292416-acq-1293369052_ophys.nwb	5944092553	1679	33	20
sub-690567/sub-690567_ses-1311838234-acq-1311990945_ophys.nwb	7179065593	2069	41	25
sub-695164/sub-695164_ses-1316996182-acq-1317093992-raw-movies_ophys.nwb	86521427593	11743	36	27
sub-703100/sub-703100_ses-1326435192-acq-1326555175_ophys.nwb	5056346992	1818	37	23
sub-686385/sub-686385_ses-1307741527-acq-1307856908-raw-movies_ophys.nwb	86337667120	8709	37	20
sub-688425/sub-688425_ses-1308420140-acq-1308519623_ophys.nwb	7752198439	1799	38	24
sub-690567/sub-690567_ses-1310688787-acq-1310771629-raw-movies_ophys.nwb	117558734178	8666	24	17
sub-703102/sub-703102_ses-1326010455-acq-1326110366-raw-movies_ophys.nwb	86680528922	11906	43	27
sub-686381/sub-686381_ses-1298835451-acq-1299144126_ophys.nwb	7262455590	2286	45	28
sub-688425/sub-688425_ses-1307534620-acq-1307650798_ophys.nwb	5322003807	1909	41	25
sub-703102/sub-703102_ses-1326475009-acq-1326560140-raw-movies_ophys.nwb	107374102202	8628	31	18
sub-687158/sub-687158_ses-1301641891-acq-1301882063_ophys.nwb	8368067089	1969	40	20
sub-680787/sub-680787_ses-1285842466-acq-1285965158_ophys.nwb	7368215346	2268	41	25
sub-703102/sub-703102_ses-1325001064-acq-1325096627-raw-movies_ophys.nwb	127008562714	11586	43	28
sub-683238/sub-683238_ses-1289932426-acq-1290065676_ophys.nwb	7354674782	1895	41	22
sub-684475/sub-684475_ses-1292683599-acq-1292822051_ophys.nwb	6242156389	2109	34	22
sub-686381/sub-686381_ses-1299756327-acq-1299887013_ophys.nwb	6001279010	1389	25	17
sub-684475/sub-684475_ses-1293292416-acq-1293369055-raw-movies_ophys.nwb	128186650897	10407	45	36
sub-703100/sub-703100_ses-1326196206-acq-1326305861_ophys.nwb	9821766412	1186	28	15
sub-680787/sub-680787_ses-1285842466-acq-1285965157-raw-movies_ophys.nwb	154959198553	8700	31	19
sub-688425/sub-688425_ses-1308420140-acq-1308519625_ophys.nwb	8424017966	1490	34	17
sub-683238/sub-683238_ses-1290164314-acq-1290377642-raw-movies_ophys.nwb	106151119249	8839	33	18
sub-690567/sub-690567_ses-1310108019-acq-1310222077_ophys.nwb	6273801322	1228	24	16
sub-683238/sub-683238_ses-1290164314-acq-1290377644_ophys.nwb	9910805221	2075	43	22
sub-688426/sub-688426_ses-1309233681-acq-1309372516-raw-movies_ophys.nwb	127733683881	8804	27	17
sub-686385/sub-686385_ses-1310107209-acq-1310217325-raw-movies_ophys.nwb	144990871789	10042	24	18
sub-686381/sub-686381_ses-1299756327-acq-1299887018-raw-movies_ophys.nwb	127886136269	9225	23	19
sub-684475/sub-684475_ses-1292683599-acq-1292822056-raw-movies_ophys.nwb	149304033403	7296	27	23
sub-688426/sub-688426_ses-1308232634-acq-1308323731-raw-movies_ophys.nwb	127593306081	8875	27	17
sub-703100/sub-703100_ses-1325713091-acq-1325864448-raw-movies_ophys.nwb	127764325540	8831	28	17
sub-683238/sub-683238_ses-1290478480-acq-1290677812_ophys.nwb	7790911457	2629	46	33
sub-686385/sub-686385_ses-1307521141-acq-1307648031-raw-movies_ophys.nwb	106638019555	8756	26	18
sub-680787/sub-680787_ses-1287224221-acq-1287408433-raw-movies_ophys.nwb	153536752240	8872	28	19
sub-703102/sub-703102_ses-1329110536-acq-1329223372-raw-movies_ophys.nwb	110494620316	12635	42	28
sub-683238/sub-683238_ses-1290764951-acq-1290925542-raw-movies_ophys.nwb	121736074480	8723	32	19
sub-703102/sub-703102_ses-1327386124-acq-1327903090-raw-movies_ophys.nwb	119394496493	8988	31	20
sub-686381/sub-686381_ses-1298835451-acq-1299144126-raw-movies_ophys.nwb	106805467309	8742	25	18
sub-686381/sub-686381_ses-1298485241-acq-1298598882-raw-movies_ophys.nwb	107026092377	12070	39	28
sub-683238/sub-683238_ses-1290993403-acq-1291293539_ophys.nwb	7960610960	2628	49	30
sub-686385/sub-686385_ses-1310107209-acq-1310217323-raw-movies_ophys.nwb	120333327963	9570	26	18
sub-703102/sub-703102_ses-1327386124-acq-1327903088-raw-movies_ophys.nwb	128591652749	9184	36	20
sub-688426/sub-688426_ses-1307776947-acq-1307856911_ophys.nwb	9727472757	1378	35	19
sub-677038/sub-677038_ses-1282117200-acq-1282195704-raw-movies_ophys.nwb	154517093901	8942	42	22
sub-684475/sub-684475_ses-1294084428-acq-1294179934-raw-movies_ophys.nwb	128234483225	6945	33	24
sub-688425/sub-688425_ses-1306855381-acq-1307046781-raw-movies_ophys.nwb	106631532504	8254	28	15
sub-680787/sub-680787_ses-1287539392-acq-1287637459_ophys.nwb	7167872409	2185	39	24
sub-688426/sub-688426_ses-1306568187-acq-1306743200_ophys.nwb	7337312690	1405	37	18
sub-703100/sub-703100_ses-1326968266-acq-1327082633-raw-movies_ophys.nwb	106514065759	8331	28	16
sub-690567/sub-690567_ses-1310890222-acq-1311053043_ophys.nwb	8361708587	1855	36	23
sub-695164/sub-695164_ses-1317464837-acq-1317566539_ophys.nwb	5211186532	1071	24	15
sub-686385/sub-686385_ses-1308971336-acq-1309103241-raw-movies_ophys.nwb	107254662166	8708	27	17
sub-677038/sub-677038_ses-1282925933-acq-1283044673_ophys.nwb	6996122218	1406	33	20
sub-684475/sub-684475_ses-1294259213-acq-1294370657_ophys.nwb	7929593569	2043	36	24
sub-677038/sub-677038_ses-1284580866-acq-1284751103-raw-movies_ophys.nwb	148467764197	8957	32	22
sub-684475/sub-684475_ses-1292488745-acq-1292590341_ophys.nwb	9958484341	2018	35	24
sub-695164/sub-695164_ses-1316996182-acq-1317093999-raw-movies_ophys.nwb	106333909294	8426	23	16
sub-686381/sub-686381_ses-1298835451-acq-1299144130-raw-movies_ophys.nwb	85223736341	8215	22	16
sub-690567/sub-690567_ses-1310890222-acq-1311053036_ophys.nwb	4831021328	1182	25	14
sub-677038/sub-677038_ses-1282117200-acq-1282195713_ophys.nwb	5529124195	1442	33	18
sub-680787/sub-680787_ses-1287224221-acq-1287408430_ophys.nwb	5981965764	2727	47	32
sub-688425/sub-688425_ses-1306855381-acq-1307046788_ophys.nwb	8918451805	1226	32	16
sub-684475/sub-684475_ses-1292683599-acq-1292822049_ophys.nwb	10015895280	2916	50	32
sub-703102/sub-703102_ses-1327686864-acq-1327789159_ophys.nwb	6827875480	1751	38	23
sub-680787/sub-680787_ses-1286974919-acq-1287122931-raw-movies_ophys.nwb	106948405597	11749	40	26
sub-703102/sub-703102_ses-1325001064-acq-1325096631-raw-movies_ophys.nwb	116701107298	8569	31	18
sub-686385/sub-686385_ses-1307521141-acq-1307648035_ophys.nwb	12995285221	2243	39	22
sub-687158/sub-687158_ses-1302470765-acq-1302621374-raw-movies_ophys.nwb	85274639003	8323	31	17
sub-703102/sub-703102_ses-1327919456-acq-1328110643_ophys.nwb	5781829832	1213	32	16
sub-687158/sub-687158_ses-1301397478-acq-1301574084-raw-movies_ophys.nwb	85711341478	11634	40	27
sub-683238/sub-683238_ses-1292201855-acq-1292348934-raw-movies_ophys.nwb	86473910707	11808	44	28
sub-688426/sub-688426_ses-1308232634-acq-1308323727-raw-movies_ophys.nwb	108132196945	8589	28	17
sub-677038/sub-677038_ses-1282298838-acq-1282388652_ophys.nwb	6392419244	1576	35	20
sub-703100/sub-703100_ses-1326196206-acq-1326305859_ophys.nwb	6031951520	2258	43	31
sub-680787/sub-680787_ses-1287539392-acq-1287637454_ophys.nwb	6239457173	2671	51	32
sub-695164/sub-695164_ses-1317464837-acq-1317566538_ophys.nwb	4670965468	1558	36	23
sub-677038/sub-677038_ses-1283463390-acq-1283721678_ophys.nwb	6058140724	1363	34	18
sub-686385/sub-686385_ses-1310107209-acq-1310217320_ophys.nwb	8308274811	2647	46	31
sub-703100/sub-703100_ses-1325713091-acq-1325864445_ophys.nwb	11571351208	1482	34	17
sub-695164/sub-695164_ses-1317464837-acq-1317566530-raw-movies_ophys.nwb	119689977036	8305	25	17
sub-680787/sub-680787_ses-1289031285-acq-1289155283-raw-movies_ophys.nwb	127748572658	8848	36	19
sub-695164/sub-695164_ses-1316419408-acq-1316561975_ophys.nwb	5349982484	1187	26	15
sub-695164/sub-695164_ses-1317464837-acq-1317566536-raw-movies_ophys.nwb	118976113486	12006	33	27
sub-677038/sub-677038_ses-1285187250-acq-1285293073-raw-movies_ophys.nwb	161491104359	9082	35	22
sub-677038/sub-677038_ses-1282117200-acq-1282195712-raw-movies_ophys.nwb	149870865053	8713	30	18
sub-683238/sub-683238_ses-1290478480-acq-1290677814-raw-movies_ophys.nwb	123053774632	8947	27	18
sub-703102/sub-703102_ses-1329110536-acq-1329223374-raw-movies_ophys.nwb	120860241340	9705	36	24
sub-683238/sub-683238_ses-1290993403-acq-1291293539-raw-movies_ophys.nwb	106368085804	8687	33	18
sub-703102/sub-703102_ses-1329110536-acq-1329223374_ophys.nwb	8589924016	1469	32	17
sub-686385/sub-686385_ses-1309865956-acq-1309958491_ophys.nwb	6753938154	2168	42	22
sub-684475/sub-684475_ses-1294259213-acq-1294370660_ophys.nwb	5606057498	1951	32	22
sub-677038/sub-677038_ses-1282117200-acq-1282195709_ophys.nwb	9235040969	1605	38	21
sub-688425/sub-688425_ses-1308195602-acq-1308315689_ophys.nwb	5361162334	979	29	16
sub-703100/sub-703100_ses-1327857277-acq-1328598915-raw-movies_ophys.nwb	163586381787	13450	30	23
sub-683238/sub-683238_ses-1289932426-acq-1290065673-raw-movies_ophys.nwb	128274702864	12197	39	27
sub-680787/sub-680787_ses-1285842466-acq-1285965160_ophys.nwb	8458443614	2057	40	25
sub-686381/sub-686381_ses-1302747806-acq-1302825973-raw-movies_ophys.nwb	148490754631	9287	31	19
sub-695164/sub-695164_ses-1317208685-acq-1317347131-raw-movies_ophys.nwb	130935355812	12169	31	25
sub-690567/sub-690567_ses-1310688787-acq-1310771628_ophys.nwb	11056976217	1354	27	17
sub-690567/sub-690567_ses-1310890222-acq-1311053043-raw-movies_ophys.nwb	147144418581	8758	22	17
sub-684475/sub-684475_ses-1293292416-acq-1293369056_ophys.nwb	6005667717	2199	39	31
sub-677038/sub-677038_ses-1283463390-acq-1283721674_ophys.nwb	8246151008	1271	30	18
sub-684475/sub-684475_ses-1292683599-acq-1292822053-raw-movies_ophys.nwb	128354755982	9637	32	28
sub-695164/sub-695164_ses-1315689466-acq-1315844524-raw-movies_ophys.nwb	118491022154	8310	24	16
sub-703100/sub-703100_ses-1326968266-acq-1327082624-raw-movies_ophys.nwb	106392544083	8330	25	16
sub-703100/sub-703100_ses-1326435192-acq-1326555178_ophys.nwb	5374934234	1284	29	16
sub-677038/sub-677038_ses-1284580866-acq-1284751091_ophys.nwb	6111071325	2659	47	33
sub-686385/sub-686385_ses-1308441820-acq-1308514883-raw-movies_ophys.nwb	106537725806	8836	30	18
sub-690567/sub-690567_ses-1310688787-acq-1310771622_ophys.nwb	7712174515	1329	28	17
sub-703102/sub-703102_ses-1327919456-acq-1328110632_ophys.nwb	5820217751	1556	34	19
sub-690567/sub-690567_ses-1310108019-acq-1310222083_ophys.nwb	6103737382	1350	49	16
sub-703100/sub-703100_ses-1327857277-acq-1328598911-raw-movies_ophys.nwb	121135668406	9465	28	16
sub-703102/sub-703102_ses-1329359032-acq-1329483526-raw-movies_ophys.nwb	131827746051	12482	42	26
sub-683238/sub-683238_ses-1290164314-acq-1290377642_ophys.nwb	6936937034	2062	40	23
sub-683238/sub-683238_ses-1292201855-acq-1292348942-raw-movies_ophys.nwb	105977515750	8568	31	18
sub-688425/sub-688425_ses-1307744301-acq-1307859829-raw-movies_ophys.nwb	124564034658	8954	27	18
sub-684475/sub-684475_ses-1293292416-acq-1293369061-raw-movies_ophys.nwb	127649396169	6488	27	20
sub-703102/sub-703102_ses-1329359032-acq-1329483519-raw-movies_ophys.nwb	137411834622	9301	31	20
sub-688426/sub-688426_ses-1307776947-acq-1307856911-raw-movies_ophys.nwb	107496914053	8530	29	16
sub-683238/sub-683238_ses-1290764951-acq-1290925538_ophys.nwb	14807528853	2248	46	24
sub-690567/sub-690567_ses-1310688787-acq-1310771626_ophys.nwb	6182628998	1922	37	24
sub-687158/sub-687158_ses-1301397478-acq-1301574086_ophys.nwb	12363882235	2988	57	35
sub-687158/sub-687158_ses-1301397478-acq-1301574091_ophys.nwb	8828329225	2086	39	23
sub-688426/sub-688426_ses-1307561774-acq-1307648568_ophys.nwb	7410622654	1863	41	26
sub-703102/sub-703102_ses-1326010455-acq-1326110359_ophys.nwb	7217319980	1998	40	26
sub-680787/sub-680787_ses-1289031285-acq-1289155275-raw-movies_ophys.nwb	127601195961	8591	35	17
sub-686385/sub-686385_ses-1310107209-acq-1310217317_ophys.nwb	8246612877	2669	49	31
sub-695164/sub-695164_ses-1315689466-acq-1315844522-raw-movies_ophys.nwb	124947383266	12074	40	30
sub-703100/sub-703100_ses-1326435192-acq-1326555170_ophys.nwb	6031901700	1569	32	20
sub-703100/sub-703100_ses-1327857277-acq-1328598911_ophys.nwb	6427536866	1372	25	15
sub-686385/sub-686385_ses-1307521141-acq-1307648032-raw-movies_ophys.nwb	118515023412	8593	28	18
sub-680787/sub-680787_ses-1287224221-acq-1287408428_ophys.nwb	6512767377	2614	44	29
sub-688426/sub-688426_ses-1307776947-acq-1307856917_ophys.nwb	5794326302	1231	28	15
sub-688426/sub-688426_ses-1306568187-acq-1306743199-raw-movies_ophys.nwb	107327123218	8550	32	17
sub-677038/sub-677038_ses-1282117200-acq-1282195706_ophys.nwb	7418013973	1438	31	19
sub-686381/sub-686381_ses-1298485241-acq-1298598882_ophys.nwb	7090455398	1800	26	19
sub-677038/sub-677038_ses-1282925933-acq-1283044671_ophys.nwb	5431833531	1542	36	18
sub-686381/sub-686381_ses-1302747806-acq-1302825969-raw-movies_ophys.nwb	85222931036	8412	32	19
sub-680787/sub-680787_ses-1286795723-acq-1286896359-raw-movies_ophys.nwb	127618104546	8459	31	19
sub-695164/sub-695164_ses-1315689466-acq-1315844521-raw-movies_ophys.nwb	85841733514	11176	32	23
sub-703100/sub-703100_ses-1326435192-acq-1326555176-raw-movies_ophys.nwb	114000961994	12425	30	21
sub-695164/sub-695164_ses-1315689466-acq-1315844524_ophys.nwb	6132048075	2260	44	29
sub-686385/sub-686385_ses-1310107209-acq-1310217322-raw-movies_ophys.nwb	95949237305	8972	29	16
sub-683238/sub-683238_ses-1290993403-acq-1291293544_ophys.nwb	7573463722	2184	38	22
sub-695164/sub-695164_ses-1317464837-acq-1317566541_ophys.nwb	4826530868	1686	35	24
sub-677038/sub-677038_ses-1285187250-acq-1285293078-raw-movies_ophys.nwb	148501229001	8521	31	18
sub-686385/sub-686385_ses-1308441820-acq-1308514883_ophys.nwb	6595801770	2162	37	23
sub-686381/sub-686381_ses-1301762588-acq-1301884507_ophys.nwb	7012900031	1413	25	17
sub-684475/sub-684475_ses-1292488745-acq-1292590338_ophys.nwb	9171838767	2377	42	30
sub-686381/sub-686381_ses-1298835451-acq-1299144124_ophys.nwb	5198241938	1743	28	18
sub-688426/sub-688426_ses-1306568187-acq-1306743203_ophys.nwb	7414959264	2022	42	28
sub-703100/sub-703100_ses-1325713091-acq-1325864454_ophys.nwb	6849371407	1120	31	15
sub-695164/sub-695164_ses-1317208685-acq-1317347126-raw-movies_ophys.nwb	84987011866	7893	24	14
sub-686381/sub-686381_ses-1299756327-acq-1299887021_ophys.nwb	5367624389	1963	36	24
sub-703100/sub-703100_ses-1325713091-acq-1325864443-raw-movies_ophys.nwb	85680821034	11279	41	26
sub-686385/sub-686385_ses-1307741527-acq-1307856906_ophys.nwb	7186275976	2502	44	29
sub-684475/sub-684475_ses-1294259213-acq-1294370657-raw-movies_ophys.nwb	117798362273	6377	28	22
sub-683238/sub-683238_ses-1290164314-acq-1290377641-raw-movies_ophys.nwb	127660376366	8670	27	17
sub-686381/sub-686381_ses-1301762588-acq-1301884514-raw-movies_ophys.nwb	118814879739	8607	24	18
sub-686385/sub-686385_ses-1308971336-acq-1309103235_ophys.nwb	5750296959	2541	46	31
sub-703102/sub-703102_ses-1327919456-acq-1328110644-raw-movies_ophys.nwb	122930245574	9318	31	20
sub-703102/sub-703102_ses-1326010455-acq-1326110363-raw-movies_ophys.nwb	97108392130	11732	41	28
sub-687158/sub-687158_ses-1302470765-acq-1302621377_ophys.nwb	8355985254	2128	40	23
sub-695164/sub-695164_ses-1317464837-acq-1317566533-raw-movies_ophys.nwb	105843611122	8374	27	17
sub-680787/sub-680787_ses-1287539392-acq-1287637454-raw-movies_ophys.nwb	169868739364	9696	30	20
sub-688426/sub-688426_ses-1307561774-acq-1307648574-raw-movies_ophys.nwb	128741810378	12197	37	26
sub-687158/sub-687158_ses-1301641891-acq-1301882057_ophys.nwb	11504779683	2605	52	33
sub-687158/sub-687158_ses-1301397478-acq-1301574087_ophys.nwb	10700696192	2262	43	25
sub-683238/sub-683238_ses-1290764951-acq-1290925536_ophys.nwb	8081362474	2607	52	33
sub-683238/sub-683238_ses-1290164314-acq-1290377645_ophys.nwb	6210902767	2012	42	23
sub-690567/sub-690567_ses-1310890222-acq-1311053033_ophys.nwb	8917234525	2260	42	27
sub-687158/sub-687158_ses-1302470765-acq-1302621379_ophys.nwb	9665854825	2107	41	22
sub-677038/sub-677038_ses-1284580866-acq-1284751100_ophys.nwb	5871012621	1782	38	20
sub-686381/sub-686381_ses-1302747806-acq-1302825973_ophys.nwb	7924011210	2178	42	26
sub-686385/sub-686385_ses-1310107209-acq-1310217325_ophys.nwb	9181986705	2746	45	29
sub-677038/sub-677038_ses-1282298838-acq-1282388657-raw-movies_ophys.nwb	148920304623	9253	37	24
sub-686381/sub-686381_ses-1302747806-acq-1302825965-raw-movies_ophys.nwb	107999125220	11934	32	27
sub-688426/sub-688426_ses-1306568187-acq-1306743197-raw-movies_ophys.nwb	107555208676	11804	33	25
sub-677038/sub-677038_ses-1283463390-acq-1283721691_ophys.nwb	6127455691	1902	41	27
sub-703102/sub-703102_ses-1327386124-acq-1327903096-raw-movies_ophys.nwb	132097440022	12100	39	27
sub-683238/sub-683238_ses-1289932426-acq-1290065679-raw-movies_ophys.nwb	127409111329	9151	37	19
sub-686381/sub-686381_ses-1301762588-acq-1301884504_ophys.nwb	6234387907	1461	31	16
sub-695164/sub-695164_ses-1316419408-acq-1316561969-raw-movies_ophys.nwb	106861873675	8312	22	15
sub-688426/sub-688426_ses-1306568187-acq-1306743205-raw-movies_ophys.nwb	119976429958	8184	26	16
sub-687158/sub-687158_ses-1301946428-acq-1302110937-raw-movies_ophys.nwb	106407586794	8781	30	18
sub-695164/sub-695164_ses-1317208685-acq-1317347125-raw-movies_ophys.nwb	106957550756	11530	28	21
sub-688425/sub-688425_ses-1307534620-acq-1307650789_ophys.nwb	105199417533	1882	183	24
sub-684475/sub-684475_ses-1293785946-acq-1293914859-raw-movies_ophys.nwb	150037925703	10967	47	36
sub-688426/sub-688426_ses-1306568187-acq-1306743196-raw-movies_ophys.nwb	109295383342	11802	36	24
sub-688425/sub-688425_ses-1308420140-acq-1308519626_ophys.nwb	5752932338	1428	32	16
sub-690567/sub-690567_ses-1309864499-acq-1309952306_ophys.nwb	9433222897	1241	28	17
sub-688425/sub-688425_ses-1308420140-acq-1308519632-raw-movies_ophys.nwb	106093037699	8213	27	16
sub-690567/sub-690567_ses-1310890222-acq-1311053034_ophys.nwb	5703791840	2042	35	26
sub-684475/sub-684475_ses-1293785946-acq-1293914855-raw-movies_ophys.nwb	140725514711	10568	42	33
sub-703102/sub-703102_ses-1329110536-acq-1329223378-raw-movies_ophys.nwb	111402217703	13021	44	30
sub-686385/sub-686385_ses-1309865956-acq-1309958492-raw-movies_ophys.nwb	120735801606	12098	34	27
sub-688426/sub-688426_ses-1306568187-acq-1306743200-raw-movies_ophys.nwb	106390393217	8273	24	16
sub-688425/sub-688425_ses-1307744301-acq-1307859832_ophys.nwb	7188236854	1256	29	15
sub-680787/sub-680787_ses-1286974919-acq-1287122935-raw-movies_ophys.nwb	127822800205	8661	27	17
sub-690567/sub-690567_ses-1311838234-acq-1311990956_ophys.nwb	8027859070	1433	28	17
sub-703102/sub-703102_ses-1327686864-acq-1327789157-raw-movies_ophys.nwb	155281983246	9389	35	22
sub-703100/sub-703100_ses-1326968266-acq-1327082631-raw-movies_ophys.nwb	119588736292	12178	43	29
sub-684475/sub-684475_ses-1293292416-acq-1293369050-raw-movies_ophys.nwb	127608227805	6928	36	23
sub-683238/sub-683238_ses-1290764951-acq-1290925536-raw-movies_ophys.nwb	118798504370	8600	31	19
sub-686381/sub-686381_ses-1302747806-acq-1302825966_ophys.nwb	7465502035	1971	26	19
sub-683238/sub-683238_ses-1290478480-acq-1290677803_ophys.nwb	13757030269	2945	55	36
sub-680787/sub-680787_ses-1285842466-acq-1285965155_ophys.nwb	8898433550	2852	45	27
sub-680787/sub-680787_ses-1287539392-acq-1287637446-raw-movies_ophys.nwb	127997979581	12145	39	29
sub-687158/sub-687158_ses-1301641891-acq-1301882060_ophys.nwb	8033930606	2009	41	22
sub-686385/sub-686385_ses-1308441820-acq-1308514877-raw-movies_ophys.nwb	107218006956	8817	26	18
sub-686385/sub-686385_ses-1308441820-acq-1308514889-raw-movies_ophys.nwb	107255738305	8895	27	18
sub-690567/sub-690567_ses-1309864499-acq-1309952304_ophys.nwb	11085046977	2202	43	30
sub-703102/sub-703102_ses-1326010455-acq-1326110360_ophys.nwb	5508868873	1491	34	18
sub-703102/sub-703102_ses-1329110536-acq-1329223375_ophys.nwb	7188403298	2122	45	27
sub-688426/sub-688426_ses-1308232634-acq-1308323727_ophys.nwb	11624198304	1357	34	17
sub-687158/sub-687158_ses-1302470765-acq-1302621374_ophys.nwb	7590997239	2688	51	30
sub-680787/sub-680787_ses-1286795723-acq-1286896365-raw-movies_ophys.nwb	137637607549	8819	38	19
sub-688425/sub-688425_ses-1308195602-acq-1308315683_ophys.nwb	5441369827	1291	33	20
sub-703100/sub-703100_ses-1326435192-acq-1326555179_ophys.nwb	8238823013	1097	26	17
sub-690567/sub-690567_ses-1310688787-acq-1310771628-raw-movies_ophys.nwb	122353796982	8461	24	17
sub-680787/sub-680787_ses-1287539392-acq-1287637449-raw-movies_ophys.nwb	106341270483	8157	36	16
sub-683238/sub-683238_ses-1290764951-acq-1290925539_ophys.nwb	6953149139	2824	59	32
sub-680787/sub-680787_ses-1287539392-acq-1287637456_ophys.nwb	6182649253	1977	38	24
sub-695164/sub-695164_ses-1317208685-acq-1317347122_ophys.nwb	7933756078	1136	26	16
sub-688426/sub-688426_ses-1306568187-acq-1306743202-raw-movies_ophys.nwb	107206756142	8296	27	15
sub-680787/sub-680787_ses-1286974919-acq-1287122931_ophys.nwb	7133694965	2016	37	23
sub-687158/sub-687158_ses-1302952543-acq-1303116260-raw-movies_ophys.nwb	124808816604	11668	36	25
sub-703102/sub-703102_ses-1327686864-acq-1327789157_ophys.nwb	5145163778	1294	31	15
sub-680787/sub-680787_ses-1289031285-acq-1289155275_ophys.nwb	7243554969	1795	36	22
sub-688426/sub-688426_ses-1309233681-acq-1309372513_ophys.nwb	6573609616	1324	77	17
sub-688425/sub-688425_ses-1308420140-acq-1308519634-raw-movies_ophys.nwb	118620735950	8457	29	18
sub-687158/sub-687158_ses-1302952543-acq-1303116251_ophys.nwb	6894645011	2591	51	33
sub-686381/sub-686381_ses-1299756327-acq-1299887011_ophys.nwb	5202169438	1923	34	23
sub-695164/sub-695164_ses-1316419408-acq-1316561972_ophys.nwb	4657730458	1878	38	24
sub-703102/sub-703102_ses-1327919456-acq-1328110635_ophys.nwb	9787001014	1725	38	22
sub-683238/sub-683238_ses-1290164314-acq-1290377647_ophys.nwb	8269521601	2974	61	32
sub-677038/sub-677038_ses-1285187250-acq-1285293075-raw-movies_ophys.nwb	127990605537	8320	30	18
sub-690567/sub-690567_ses-1310890222-acq-1311053033-raw-movies_ophys.nwb	86131283625	8168	26	15
sub-703102/sub-703102_ses-1325001064-acq-1325096633-raw-movies_ophys.nwb	107570326087	8786	34	21
sub-703100/sub-703100_ses-1327857277-acq-1328598913_ophys.nwb	6283686764	1475	30	17
sub-677038/sub-677038_ses-1282117200-acq-1282195706-raw-movies_ophys.nwb	128682178670	11432	36	23
