week_start	sub-BAYLORNL23/sub-BAYLORNL23_ses-20190225_ecephys+ogen.nwb	sub-BAYLORNL23/sub-BAYLORNL23_ses-20190226_ecephys+ogen.nwb	sub-BAYLORNL23/sub-BAYLORNL23_ses-20190228_ecephys+ogen.nwb	sub-BAYLORNL23/sub-BAYLORNL23_ses-20190301_ecephys+ogen.nwb	sub-BAYLORNL23/sub-BAYLORNL23_ses-20190318_ecephys+ogen.nwb	sub-BAYLORNL23/sub-BAYLORNL23_ses-20190319_ecephys+ogen.nwb	sub-BAYLORNL23/sub-BAYLORNL23_ses-20190320_ecephys+ogen.nwb	sub-BAYLORNL23/sub-BAYLORNL23_ses-20190321_ecephys+ogen.nwb	sub-BAYLORNL24/sub-BAYLORNL24_ses-20190130_ecephys+ogen.nwb	sub-BAYLORNL24/sub-BAYLORNL24_ses-20190131_ecephys+ogen.nwb	sub-BAYLORNL24/sub-BAYLORNL24_ses-20190201_ecephys+ogen.nwb	sub-BAYLORNL24/sub-BAYLORNL24_ses-20190205_ecephys+ogen.nwb	sub-BAYLORNL24/sub-BAYLORNL24_ses-20190206_ecephys+ogen.nwb	sub-BAYLORNL25/sub-BAYLORNL25_ses-20190130_ecephys+ogen.nwb	sub-BAYLORNL25/sub-BAYLORNL25_ses-20190131_ecephys+ogen.nwb	sub-BAYLORNL25/sub-BAYLORNL25_ses-20190201_ecephys+ogen.nwb	sub-BAYLORNL25/sub-BAYLORNL25_ses-20190202_ecephys+ogen.nwb	sub-BAYLORNL25/sub-BAYLORNL25_ses-20190203_ecephys+ogen.nwb	sub-BAYLORNL25/sub-BAYLORNL25_ses-20190204_ecephys+ogen.nwb	sub-BAYLORNL25/sub-BAYLORNL25_ses-20190205_ecephys+ogen.nwb	sub-BAYLORNL25/sub-BAYLORNL25_ses-20190206_ecephys+ogen.nwb	sub-BAYLORNL27/sub-BAYLORNL27_ses-20190702_ecephys+ogen.nwb	sub-BAYLORNL27/sub-BAYLORNL27_ses-20190709_ecephys+ogen.nwb	sub-BAYLORNL27/sub-BAYLORNL27_ses-20190710_ecephys+ogen.nwb	sub-BAYLORNL27/sub-BAYLORNL27_ses-20190711_ecephys+ogen.nwb	sub-BAYLORNL27/sub-BAYLORNL27_ses-20190712_ecephys+ogen.nwb	sub-BAYLORNL27/sub-BAYLORNL27_ses-20190723_ecephys+ogen.nwb	sub-BAYLORNL27/sub-BAYLORNL27_ses-20190724_ecephys+ogen.nwb	sub-BAYLORNL27/sub-BAYLORNL27_ses-20190725_ecephys+ogen.nwb	sub-BAYLORNL27/sub-BAYLORNL27_ses-20190726_ecephys+ogen.nwb	sub-BAYLORNL28/sub-BAYLORNL28_ses-20190528_ecephys+ogen.nwb	sub-BAYLORNL28/sub-BAYLORNL28_ses-20190529_ecephys+ogen.nwb	sub-BAYLORNL28/sub-BAYLORNL28_ses-20190530_ecephys+ogen.nwb	sub-BAYLORNL28/sub-BAYLORNL28_ses-20190531_ecephys+ogen.nwb	sub-BAYLORNL28/sub-BAYLORNL28_ses-20190604_ecephys+ogen.nwb	sub-BAYLORNL28/sub-BAYLORNL28_ses-20190605_ecephys+ogen.nwb	sub-BAYLORNL28/sub-BAYLORNL28_ses-20190606_ecephys+ogen.nwb	sub-BAYLORNL28/sub-BAYLORNL28_ses-20190607_ecephys+ogen.nwb	sub-BAYLORNL28/sub-BAYLORNL28_ses-20190609_ecephys+ogen.nwb	sub-BAYLORNL28/sub-BAYLORNL28_ses-20190610_ecephys+ogen.nwb	sub-BAYLORNL28/sub-BAYLORNL28_ses-20190611_ecephys+ogen.nwb	sub-BAYLORNL28/sub-BAYLORNL28_ses-20190612_ecephys+ogen.nwb	sub-BAYLORNL29/sub-BAYLORNL29_ses-20190604_ecephys+ogen.nwb	sub-BAYLORNL29/sub-BAYLORNL29_ses-20190605_ecephys+ogen.nwb	sub-BAYLORNL29/sub-BAYLORNL29_ses-20190606_ecephys+ogen.nwb	sub-BAYLORNL29/sub-BAYLORNL29_ses-20190607_ecephys+ogen.nwb	sub-BAYLORNL29/sub-BAYLORNL29_ses-20190609_ecephys+ogen.nwb	sub-BAYLORNL29/sub-BAYLORNL29_ses-20190610_ecephys+ogen.nwb	sub-BAYLORNL29/sub-BAYLORNL29_ses-20190611_ecephys+ogen.nwb	sub-BAYLORNL29/sub-BAYLORNL29_ses-20190612_ecephys+ogen.nwb	sub-BAYLORNL29/sub-BAYLORNL29_ses-20190616_ecephys+ogen.nwb	sub-BAYLORNL29/sub-BAYLORNL29_ses-20190617_ecephys+ogen.nwb	sub-BAYLORNL30/sub-BAYLORNL30_ses-20191002_ecephys+ogen.nwb	sub-BAYLORNL30/sub-BAYLORNL30_ses-20191004_ecephys+ogen.nwb	sub-BAYLORNL30/sub-BAYLORNL30_ses-20191008_ecephys+ogen.nwb	sub-BAYLORNL30/sub-BAYLORNL30_ses-20191009_ecephys+ogen.nwb	sub-BAYLORNL30/sub-BAYLORNL30_ses-20191010_ecephys+ogen.nwb	sub-BAYLORNL30/sub-BAYLORNL30_ses-20191011_ecephys+ogen.nwb	sub-BAYLORNL30/sub-BAYLORNL30_ses-20191013_ecephys+ogen.nwb	sub-BAYLORNL30/sub-BAYLORNL30_ses-20191014_ecephys+ogen.nwb	sub-BAYLORNL30/sub-BAYLORNL30_ses-20191015_ecephys+ogen.nwb	sub-BAYLORNL30/sub-BAYLORNL30_ses-20191016_ecephys+ogen.nwb	sub-BAYLORNL33Z/sub-BAYLORNL33Z_ses-20200130_ecephys+ogen.nwb	sub-BAYLORNL33Z/sub-BAYLORNL33Z_ses-20200131_ecephys+ogen.nwb	sub-BAYLORNL33Z/sub-BAYLORNL33Z_ses-20200202_ecephys+ogen.nwb	sub-BAYLORNL33Z/sub-BAYLORNL33Z_ses-20200203_ecephys+ogen.nwb	sub-BAYLORNL33Z/sub-BAYLORNL33Z_ses-20200204_ecephys+ogen.nwb	sub-BAYLORNL33Z/sub-BAYLORNL33Z_ses-20200206_ecephys+ogen.nwb	sub-BAYLORNL33Z/sub-BAYLORNL33Z_ses-20200207_ecephys+ogen.nwb	sub-BAYLORNL33Z/sub-BAYLORNL33Z_ses-20200209_ecephys+ogen.nwb	sub-BAYLORNL33Z/sub-BAYLORNL33Z_ses-20200210_ecephys+ogen.nwb	sub-BAYLORNL35Z/sub-BAYLORNL35Z_ses-20191118_ecephys+ogen.nwb	sub-BAYLORNL35Z/sub-BAYLORNL35Z_ses-20191122_ecephys+ogen.nwb	sub-BAYLORNL35Z/sub-BAYLORNL35Z_ses-20191123_ecephys+ogen.nwb	sub-BAYLORNL35Z/sub-BAYLORNL35Z_ses-20191124_ecephys+ogen.nwb	sub-BAYLORNL35Z/sub-BAYLORNL35Z_ses-20191125_ecephys+ogen.nwb	sub-BAYLORNL35Z/sub-BAYLORNL35Z_ses-20191204_ecephys+ogen.nwb	sub-BAYLORNL35Z/sub-BAYLORNL35Z_ses-20191205_ecephys+ogen.nwb	sub-BAYLORNL35Z/sub-BAYLORNL35Z_ses-20191206_ecephys+ogen.nwb	sub-BAYLORNL39Z/sub-BAYLORNL39Z_ses-20200319_ecephys+ogen.nwb	sub-BAYLORNL39Z/sub-BAYLORNL39Z_ses-20200320_ecephys+ogen.nwb	sub-BAYLORNL45Z/sub-BAYLORNL45Z_ses-20200915_ecephys+ogen.nwb	sub-BAYLORNL45Z/sub-BAYLORNL45Z_ses-20200916_ecephys+ogen.nwb	sub-BAYLORNL45Z/sub-BAYLORNL45Z_ses-20200917_ecephys+ogen.nwb	sub-BAYLORNL45Z/sub-BAYLORNL45Z_ses-20200918_ecephys+ogen.nwb	sub-BAYLORNL45Z/sub-BAYLORNL45Z_ses-20200920_ecephys+ogen.nwb	sub-BAYLORNL45Z/sub-BAYLORNL45Z_ses-20200921_ecephys+ogen.nwb	sub-BAYLORNL45Z/sub-BAYLORNL45Z_ses-20200922_ecephys+ogen.nwb	sub-BAYLORNL45Z/sub-BAYLORNL45Z_ses-20200923_ecephys+ogen.nwb	sub-BAYLORNL45Z/sub-BAYLORNL45Z_ses-20200924_ecephys+ogen.nwb	sub-BAYLORNL45Z/sub-BAYLORNL45Z_ses-20200925_ecephys+ogen.nwb	sub-BAYLORNL45Z/sub-BAYLORNL45Z_ses-20200926_ecephys+ogen.nwb	sub-BAYLORNL45Z/sub-BAYLORNL45Z_ses-20200927_ecephys+ogen.nwb	sub-BAYLORNL45Z/sub-BAYLORNL45Z_ses-20200928_ecephys+ogen.nwb	sub-BAYLORNL45Z/sub-BAYLORNL45Z_ses-20200929_ecephys+ogen.nwb	sub-BAYLORNL45Z/sub-BAYLORNL45Z_ses-20201001_ecephys+ogen.nwb	sub-BAYLORNL45Z/sub-BAYLORNL45Z_ses-20201002_ecephys+ogen.nwb	sub-BAYLORNL45Z/sub-BAYLORNL45Z_ses-20201003_ecephys+ogen.nwb	sub-BAYLORNL46Z/sub-BAYLORNL46Z_ses-20200917_ecephys+ogen.nwb	sub-BAYLORNL46Z/sub-BAYLORNL46Z_ses-20200918_ecephys+ogen.nwb	sub-BAYLORNL46Z/sub-BAYLORNL46Z_ses-20200919_ecephys+ogen.nwb	sub-BAYLORNL46Z/sub-BAYLORNL46Z_ses-20200920_ecephys+ogen.nwb	sub-BAYLORNL46Z/sub-BAYLORNL46Z_ses-20200921_ecephys+ogen.nwb	sub-BAYLORNL46Z/sub-BAYLORNL46Z_ses-20200922_ecephys+ogen.nwb	sub-BAYLORNL46Z/sub-BAYLORNL46Z_ses-20200924_ecephys+ogen.nwb	sub-BAYLORNL46Z/sub-BAYLORNL46Z_ses-20200925_ecephys+ogen.nwb	sub-BAYLORNL46Z/sub-BAYLORNL46Z_ses-20200926_ecephys+ogen.nwb	sub-BAYLORNL46Z/sub-BAYLORNL46Z_ses-20200927_ecephys+ogen.nwb	sub-BAYLORNL46Z/sub-BAYLORNL46Z_ses-20200928_ecephys+ogen.nwb	sub-BAYLORNL46Z/sub-BAYLORNL46Z_ses-20200929_ecephys+ogen.nwb	sub-BAYLORNL46Z/sub-BAYLORNL46Z_ses-20200930_ecephys+ogen.nwb	sub-BAYLORNL46Z/sub-BAYLORNL46Z_ses-20201002_ecephys+ogen.nwb	sub-BAYLORNL47Z/sub-BAYLORNL47Z_ses-20201003_ecephys+ogen.nwb	sub-BAYLORNL47Z/sub-BAYLORNL47Z_ses-20201008_ecephys+ogen.nwb	sub-BAYLORNL47Z/sub-BAYLORNL47Z_ses-20201009_ecephys+ogen.nwb	sub-BAYLORNL47Z/sub-BAYLORNL47Z_ses-20201010_ecephys+ogen.nwb	sub-BAYLORNL47Z/sub-BAYLORNL47Z_ses-20201011_ecephys+ogen.nwb	sub-BAYLORNL47Z/sub-BAYLORNL47Z_ses-20201012_ecephys+ogen.nwb	sub-BAYLORNL47Z/sub-BAYLORNL47Z_ses-20201013_ecephys+ogen.nwb	sub-BAYLORNL49Z/sub-BAYLORNL49Z_ses-20200831_ecephys+ogen.nwb	sub-BAYLORNL49Z/sub-BAYLORNL49Z_ses-20200902_ecephys+ogen.nwb	sub-BAYLORNL49Z/sub-BAYLORNL49Z_ses-20200903_ecephys+ogen.nwb	sub-BAYLORNL49Z/sub-BAYLORNL49Z_ses-20200904_ecephys+ogen.nwb	sub-BAYLORNL49Z/sub-BAYLORNL49Z_ses-20200909_ecephys+ogen.nwb	sub-BAYLORNL49Z/sub-BAYLORNL49Z_ses-20200910_ecephys+ogen.nwb	sub-BAYLORNL49Z/sub-BAYLORNL49Z_ses-20200911_ecephys+ogen.nwb	sub-BAYLORNL49Z/sub-BAYLORNL49Z_ses-20200912_ecephys+ogen.nwb	sub-BAYLORNL49Z/sub-BAYLORNL49Z_ses-20200913_ecephys+ogen.nwb	sub-BAYLORNL49Z/sub-BAYLORNL49Z_ses-20200915_ecephys+ogen.nwb	sub-BAYLORNL49Z/sub-BAYLORNL49Z_ses-20200916_ecephys+ogen.nwb	sub-BAYLORNL50Z/sub-BAYLORNL50Z_ses-20201126_ecephys+ogen.nwb	sub-BAYLORNL53Z/sub-BAYLORNL53Z_ses-20201105_ecephys+ogen.nwb	sub-BAYLORNL53Z/sub-BAYLORNL53Z_ses-20201106_ecephys+ogen.nwb	sub-BAYLORNL53Z/sub-BAYLORNL53Z_ses-20201107_ecephys+ogen.nwb	sub-BAYLORNL53Z/sub-BAYLORNL53Z_ses-20201115_ecephys+ogen.nwb	sub-BAYLORNL53Z/sub-BAYLORNL53Z_ses-20201117_ecephys+ogen.nwb	sub-BAYLORNL54Z/sub-BAYLORNL54Z_ses-20201016_ecephys+ogen.nwb	sub-BAYLORNL54Z/sub-BAYLORNL54Z_ses-20201017_ecephys+ogen.nwb	sub-BAYLORNL54Z/sub-BAYLORNL54Z_ses-20201018_ecephys+ogen.nwb	sub-BAYLORNL54Z/sub-BAYLORNL54Z_ses-20201019_ecephys+ogen.nwb	sub-BAYLORNL54Z/sub-BAYLORNL54Z_ses-20201020_ecephys+ogen.nwb	sub-BAYLORNL54Z/sub-BAYLORNL54Z_ses-20201021_ecephys+ogen.nwb	sub-BAYLORNL54Z/sub-BAYLORNL54Z_ses-20201022_ecephys+ogen.nwb	sub-BAYLORNL54Z/sub-BAYLORNL54Z_ses-20201024_ecephys+ogen.nwb	sub-BAYLORNL54Z/sub-BAYLORNL54Z_ses-20201025_ecephys+ogen.nwb	sub-BAYLORNL54Z/sub-BAYLORNL54Z_ses-20201026_ecephys+ogen.nwb	sub-BAYLORNL54Z/sub-BAYLORNL54Z_ses-20201027_ecephys+ogen.nwb	sub-BAYLORNL54Z/sub-BAYLORNL54Z_ses-20201028_ecephys+ogen.nwb	sub-BAYLORNL54Z/sub-BAYLORNL54Z_ses-20201029_ecephys+ogen.nwb	sub-BAYLORNL54Z/sub-BAYLORNL54Z_ses-20201031_ecephys+ogen.nwb	sub-BAYLORNL54Z/sub-BAYLORNL54Z_ses-20201102_ecephys+ogen.nwb	sub-BAYLORNL56Z/sub-BAYLORNL56Z_ses-20201125_ecephys+ogen.nwb	sub-BAYLORNL56Z/sub-BAYLORNL56Z_ses-20201126_ecephys+ogen.nwb	sub-BAYLORNL56Z/sub-BAYLORNL56Z_ses-20201128_ecephys+ogen.nwb	sub-BAYLORNL56Z/sub-BAYLORNL56Z_ses-20201129_ecephys+ogen.nwb	sub-BAYLORNL56Z/sub-BAYLORNL56Z_ses-20201130_ecephys+ogen.nwb	sub-BAYLORNL56Z/sub-BAYLORNL56Z_ses-20201202_ecephys+ogen.nwb	sub-BAYLORNL56Z/sub-BAYLORNL56Z_ses-20201203_ecephys+ogen.nwb	sub-BAYLORNL56Z/sub-BAYLORNL56Z_ses-20201214_ecephys+ogen.nwb	sub-BAYLORNL56Z/sub-BAYLORNL56Z_ses-20201215_ecephys+ogen.nwb	sub-BAYLORNL56Z/sub-BAYLORNL56Z_ses-20201216_ecephys+ogen.nwb	sub-BAYLORNL57Z/sub-BAYLORNL57Z_ses-20210102_ecephys+ogen.nwb	sub-BAYLORNL57Z/sub-BAYLORNL57Z_ses-20210107_ecephys+ogen.nwb	sub-BAYLORNL57Z/sub-BAYLORNL57Z_ses-20210108_ecephys+ogen.nwb	sub-BAYLORNL57Z/sub-BAYLORNL57Z_ses-20210111_ecephys+ogen.nwb	sub-BAYLORNL58Z/sub-BAYLORNL58Z_ses-20201116_ecephys+ogen.nwb	sub-BAYLORNL58Z/sub-BAYLORNL58Z_ses-20201117_ecephys+ogen.nwb	sub-BAYLORNL58Z/sub-BAYLORNL58Z_ses-20201118_ecephys+ogen.nwb	sub-BAYLORNL58Z/sub-BAYLORNL58Z_ses-20201119_ecephys+ogen.nwb	sub-BAYLORNL58Z/sub-BAYLORNL58Z_ses-20201123_ecephys+ogen.nwb	sub-BAYLORNL58Z/sub-BAYLORNL58Z_ses-20201124_ecephys+ogen.nwb	sub-BAYLORNL58Z/sub-BAYLORNL58Z_ses-20201125_ecephys+ogen.nwb	sub-BAYLORNL58Z/sub-BAYLORNL58Z_ses-20201129_ecephys+ogen.nwb	sub-BAYLORNL58Z/sub-BAYLORNL58Z_ses-20201130_ecephys+ogen.nwb	sub-BAYLORNL58Z/sub-BAYLORNL58Z_ses-20201201_ecephys+ogen.nwb	sub-BAYLORNL58Z/sub-BAYLORNL58Z_ses-20201202_ecephys+ogen.nwb	sub-BAYLORNL58Z/sub-BAYLORNL58Z_ses-20201203_ecephys+ogen.nwb	sub-BAYLORNL58Z/sub-BAYLORNL58Z_ses-20201204_ecephys+ogen.nwb	sub-BAYLORNL58Z/sub-BAYLORNL58Z_ses-20201205_ecephys+ogen.nwb	sub-BAYLORNL58Z/sub-BAYLORNL58Z_ses-20201212_ecephys+ogen.nwb	sub-BAYLORNL58Z/sub-BAYLORNL58Z_ses-20201213_ecephys+ogen.nwb	sub-BAYLORNL58Z/sub-BAYLORNL58Z_ses-20201214_ecephys+ogen.nwb	sub-BAYLORNL59Z/sub-BAYLORNL59Z_ses-20210107_ecephys+ogen.nwb	sub-BAYLORNL59Z/sub-BAYLORNL59Z_ses-20210108_ecephys+ogen.nwb	sub-BAYLORNL59Z/sub-BAYLORNL59Z_ses-20210109_ecephys+ogen.nwb	sub-BAYLORNL59Z/sub-BAYLORNL59Z_ses-20210112_ecephys+ogen.nwb	sub-BAYLORNL59Z/sub-BAYLORNL59Z_ses-20210115_ecephys+ogen.nwb	sub-BAYLORNL59Z/sub-BAYLORNL59Z_ses-20210116_ecephys+ogen.nwb	sub-BAYLORNL59Z/sub-BAYLORNL59Z_ses-20210117_ecephys+ogen.nwb	sub-BAYLORNL59Z/sub-BAYLORNL59Z_ses-20210119_ecephys+ogen.nwb	sub-BAYLORNL59Z/sub-BAYLORNL59Z_ses-20210121_ecephys+ogen.nwb	sub-BAYLORNL59Z/sub-BAYLORNL59Z_ses-20210122_ecephys+ogen.nwb	sub-BAYLORNL59Z/sub-BAYLORNL59Z_ses-20210125_ecephys+ogen.nwb	sub-BAYLORNL59Z/sub-BAYLORNL59Z_ses-20210126_ecephys+ogen.nwb	sub-BAYLORNL59Z/sub-BAYLORNL59Z_ses-20210127_ecephys+ogen.nwb	sub-BAYLORNL59Z/sub-BAYLORNL59Z_ses-20210128_ecephys+ogen.nwb	sub-BAYLORNL59Z/sub-BAYLORNL59Z_ses-20210129_ecephys+ogen.nwb	sub-BAYLORNL60Z/sub-BAYLORNL60Z_ses-20210117_ecephys+ogen.nwb	sub-BAYLORNL61Z/sub-BAYLORNL61Z_ses-20210107_ecephys+ogen.nwb	sub-BAYLORZJA01/sub-BAYLORZJA01_ses-20210811_ecephys+ogen.nwb	sub-BAYLORZJA01/sub-BAYLORZJA01_ses-20210812_ecephys+ogen.nwb	sub-BAYLORZJA01/sub-BAYLORZJA01_ses-20210819_ecephys+ogen.nwb	sub-BAYLORZJA01/sub-BAYLORZJA01_ses-20210821_ecephys+ogen.nwb	sub-BAYLORZJA01/sub-BAYLORZJA01_ses-20210822_ecephys+ogen.nwb	sub-BAYLORZJA01/sub-BAYLORZJA01_ses-20210823_ecephys+ogen.nwb	sub-BAYLORZJA02/sub-BAYLORZJA02_ses-20211113_ecephys+ogen.nwb	sub-BAYLORZJA02/sub-BAYLORZJA02_ses-20211114_ecephys+ogen.nwb	sub-BAYLORZJA02/sub-BAYLORZJA02_ses-20211115_ecephys+ogen.nwb	sub-BAYLORZJA02/sub-BAYLORZJA02_ses-20211117_ecephys+ogen.nwb	sub-BAYLORZJA02/sub-BAYLORZJA02_ses-20211118_ecephys+ogen.nwb	sub-BAYLORZJA02/sub-BAYLORZJA02_ses-20211120_ecephys+ogen.nwb	sub-BAYLORZJA03/sub-BAYLORZJA03_ses-20210907_ecephys+ogen.nwb	sub-BAYLORZJA03/sub-BAYLORZJA03_ses-20210909_ecephys+ogen.nwb	sub-BAYLORZJA03/sub-BAYLORZJA03_ses-20210910_ecephys+ogen.nwb	sub-BAYLORZJA03/sub-BAYLORZJA03_ses-20210911_ecephys+ogen.nwb	sub-BAYLORZJA04/sub-BAYLORZJA04_ses-20210901_ecephys+ogen.nwb	sub-BAYLORZJA04/sub-BAYLORZJA04_ses-20210902_ecephys+ogen.nwb	sub-BAYLORZJA04/sub-BAYLORZJA04_ses-20210903_ecephys+ogen.nwb	sub-BAYLORZJA04/sub-BAYLORZJA04_ses-20210904_ecephys+ogen.nwb	sub-BAYLORZJA04/sub-BAYLORZJA04_ses-20210905_ecephys+ogen.nwb	sub-BAYLORZJA05/sub-BAYLORZJA05_ses-20210918_ecephys+ogen.nwb	sub-BAYLORZJA05/sub-BAYLORZJA05_ses-20210919_ecephys+ogen.nwb	sub-BAYLORZJA05/sub-BAYLORZJA05_ses-20210921_ecephys+ogen.nwb	sub-BAYLORZJA05/sub-BAYLORZJA05_ses-20210922_ecephys+ogen.nwb	sub-BAYLORZJA05/sub-BAYLORZJA05_ses-20210923_ecephys+ogen.nwb	sub-BAYLORZJA05/sub-BAYLORZJA05_ses-20210924_ecephys+ogen.nwb	sub-BAYLORZJA06/sub-BAYLORZJA06_ses-20210930_ecephys+ogen.nwb	sub-BAYLORZJA06/sub-BAYLORZJA06_ses-20211001_ecephys+ogen.nwb	sub-BAYLORZJA06/sub-BAYLORZJA06_ses-20211002_ecephys+ogen.nwb	sub-BAYLORZJA06/sub-BAYLORZJA06_ses-20211003_ecephys+ogen.nwb	sub-BAYLORZJA06/sub-BAYLORZJA06_ses-20211004_ecephys+ogen.nwb	sub-BAYLORZJA06/sub-BAYLORZJA06_ses-20211005_ecephys+ogen.nwb	sub-BAYLORZJA07/sub-BAYLORZJA07_ses-20211005_ecephys+ogen.nwb	sub-BAYLORZJA07/sub-BAYLORZJA07_ses-20211006_ecephys+ogen.nwb	sub-BAYLORZJA07/sub-BAYLORZJA07_ses-20211007_ecephys+ogen.nwb	sub-BAYLORZJA07/sub-BAYLORZJA07_ses-20211008_ecephys+ogen.nwb	sub-BAYLORZJA07/sub-BAYLORZJA07_ses-20211009_ecephys+ogen.nwb	sub-BAYLORZJA07/sub-BAYLORZJA07_ses-20211010_ecephys+ogen.nwb	sub-BAYLORZJA08/sub-BAYLORZJA08_ses-20211209_ecephys+ogen.nwb	sub-BAYLORZJA08/sub-BAYLORZJA08_ses-20211210_ecephys+ogen.nwb	sub-BAYLORZJA08/sub-BAYLORZJA08_ses-20211211_ecephys+ogen.nwb	sub-BAYLORZJA08/sub-BAYLORZJA08_ses-20211212_obj-1ixq71o_ecephys+ogen.nwb	sub-BAYLORZJA08/sub-BAYLORZJA08_ses-20211212_obj-o8t9p2_ecephys+ogen.nwb	sub-BAYLORZJA08/sub-BAYLORZJA08_ses-20211213_ecephys+ogen.nwb	sub-BAYLORZJA09/sub-BAYLORZJA09_ses-20211121_ecephys+ogen.nwb	sub-BAYLORZJA09/sub-BAYLORZJA09_ses-20211123_ecephys+ogen.nwb	sub-BAYLORZJC01/sub-BAYLORZJC01_ses-20211205_ecephys+ogen.nwb	sub-BAYLORZJC01/sub-BAYLORZJC01_ses-20211206_ecephys+ogen.nwb	sub-BAYLORZJC01/sub-BAYLORZJC01_ses-20211207_ecephys+ogen.nwb	sub-BAYLORZJC01/sub-BAYLORZJC01_ses-20211208_ecephys+ogen.nwb	sub-BAYLORZJC01/sub-BAYLORZJC01_ses-20211209_ecephys+ogen.nwb	sub-BAYLORZJC02/sub-BAYLORZJC02_ses-20211123_ecephys+ogen.nwb	sub-BAYLORZJC02/sub-BAYLORZJC02_ses-20211124_ecephys+ogen.nwb	sub-BAYLORZJC02/sub-BAYLORZJC02_ses-20211202_ecephys+ogen.nwb	sub-BAYLORZJC02/sub-BAYLORZJC02_ses-20211203_ecephys+ogen.nwb	sub-BAYLORZJC04/sub-BAYLORZJC04_ses-20211210_ecephys+ogen.nwb	sub-BAYLORZJC04/sub-BAYLORZJC04_ses-20211211_obj-334n5r_ecephys+ogen.nwb	sub-BAYLORZJC04/sub-BAYLORZJC04_ses-20211211_obj-vc98o_ecephys+ogen.nwb	sub-BAYLORZJC04/sub-BAYLORZJC04_ses-20211212_obj-1k6h5lk_ecephys+ogen.nwb	sub-BAYLORZJC04/sub-BAYLORZJC04_ses-20211212_obj-xrjjw6_ecephys+ogen.nwb	sub-BAYLORZJC04/sub-BAYLORZJC04_ses-20211213_ecephys+ogen.nwb	sub-BAYLORZJC05/sub-BAYLORZJC05_ses-20211128_ecephys+ogen.nwb	sub-BAYLORZJC05/sub-BAYLORZJC05_ses-20211130_ecephys+ogen.nwb	sub-BAYLORZJC05/sub-BAYLORZJC05_ses-20211202_ecephys+ogen.nwb	sub-BAYLORZJP01/sub-BAYLORZJP01_ses-20230120_obj-1ki5e79_ecephys+ogen.nwb	sub-BAYLORZJP01/sub-BAYLORZJP01_ses-20230120_obj-1zivit_ecephys+ogen.nwb	sub-BAYLORZJP01/sub-BAYLORZJP01_ses-20230120_obj-6c0uc4_ecephys+ogen.nwb	sub-BAYLORZJP01/sub-BAYLORZJP01_ses-20230121_obj-4g7ikb_ecephys+ogen.nwb	sub-BAYLORZJP01/sub-BAYLORZJP01_ses-20230121_obj-5npbi0_ecephys+ogen.nwb	sub-BAYLORZJP01/sub-BAYLORZJP01_ses-20230121_obj-blmns9_ecephys+ogen.nwb	sub-BAYLORZJP01/sub-BAYLORZJP01_ses-20230121_obj-nvj6xm_ecephys+ogen.nwb	sub-BAYLORZJP01/sub-BAYLORZJP01_ses-20230121_obj-rqm6bl_ecephys+ogen.nwb	sub-BAYLORZJP01/sub-BAYLORZJP01_ses-20230121_obj-w2e6d1_ecephys+ogen.nwb	sub-BAYLORZJP01/sub-BAYLORZJP01_ses-20230122_obj-117cj8r_ecephys+ogen.nwb	sub-BAYLORZJP01/sub-BAYLORZJP01_ses-20230122_obj-13pvzel_ecephys+ogen.nwb	sub-BAYLORZJP01/sub-BAYLORZJP01_ses-20230122_obj-25lw82_ecephys+ogen.nwb	sub-BAYLORZJP01/sub-BAYLORZJP01_ses-20230122_obj-2nkfca_ecephys+ogen.nwb	sub-BAYLORZJP01/sub-BAYLORZJP01_ses-20230122_obj-dcw3c6_ecephys+ogen.nwb	sub-BAYLORZJP01/sub-BAYLORZJP01_ses-20230122_obj-ggimje_ecephys+ogen.nwb	sub-BAYLORZJP01/sub-BAYLORZJP01_ses-20230124_obj-12hie47_ecephys+ogen.nwb	sub-BAYLORZJP01/sub-BAYLORZJP01_ses-20230124_obj-14qdvsx_ecephys+ogen.nwb	sub-BAYLORZJP01/sub-BAYLORZJP01_ses-20230124_obj-158q8pq_ecephys+ogen.nwb	sub-BAYLORZJP01/sub-BAYLORZJP01_ses-20230124_obj-b63261_ecephys+ogen.nwb	sub-BAYLORZJP01/sub-BAYLORZJP01_ses-20230124_obj-gf6i5x_ecephys+ogen.nwb	sub-BAYLORZJP01/sub-BAYLORZJP01_ses-20230124_obj-nm28xf_ecephys+ogen.nwb
2023-08-21	0	0	0	0	0	0	0	0	0	0	0	0	0	0	0	0	0	0	0	0	0	0	0	0	0	0	0	0	0	0	0	0	0	0	0	0	0	0	0	0	0	0	0	0	0	0	0	0	0	1893312216	0	0	0	0	0	0	0	0	0	0	0	0	0	0	0	0	0	0	0	0	0	0	0	0	0	0	0	0	0	0	0	0	0	0	0	0	0	0	0	0	0	0	0	0	0	0	0	0	0	0	0	0	0	0	0	0	0	0	0	0	0	0	0	0	0	0	0	0	0	0	0	0	0	0	0	0	0	0	0	0	0	0	0	0	0	0	0	0	0	0	0	0	0	0	0	0	0	0	0	0	0	0	0	0	0	0	0	0	0	0	0	0	0	0	0	0	0	0	0	0	0	0	0	0	0	0	0	0	0	0	0	0	0	0	0	0	0	0	0	0	0	0	0	0	0	0	0	0	0	0	0	0	0	0	0	0	0	0	0	0	0	0	0	0	0	0	0	0	0	0	0	0	0	0	0	0	0	0	0	0	0	0	0	0	0	0	0	0	0	0	0	0	0	0	0	0	0	0	0	0	0	0	0	0	0	0	0	0	0	0	0	0	0	0	0	0	0	0	0	0	0	0	0	0	0	0	0	0	0	0	0	0	0	0	0
2023-08-28	1463056	0	0	0	0	0	0	0	0	0	0	0	0	0	0	0	0	0	0	0	0	0	0	0	0	0	0	0	0	0	0	0	0	0	0	0	0	0	0	0	0	424885840	0	0	0	0	0	0	0	9791611776	0	0	0	0	0	0	0	0	0	0	0	0	0	0	0	0	0	0	0	0	0	0	0	0	0	0	0	0	0	0	0	0	0	0	0	0	0	0	0	0	0	0	0	0	0	0	0	0	0	0	0	0	0	0	0	0	0	0	0	0	0	0	0	0	0	0	0	0	0	0	0	0	0	0	0	0	0	0	0	0	0	0	0	0	0	0	0	0	0	0	0	0	0	0	0	0	0	0	0	0	0	0	0	0	0	0	0	0	0	0	0	0	0	0	0	0	0	0	0	0	0	0	0	0	0	0	0	0	0	0	0	0	0	0	0	0	0	0	0	0	0	0	0	0	0	0	0	0	0	0	0	0	0	0	0	0	0	0	0	0	0	0	0	0	0	0	0	0	0	0	0	0	0	0	0	0	0	0	0	0	0	0	0	0	0	0	0	0	0	0	0	0	0	0	0	0	0	0	0	0	0	0	0	0	0	0	0	0	0	0	0	0	0	0	0	0	0	0	0	0	0	0	0	0	0	0	0	0	0	0	0	0	0	0	0
2023-09-04	863594817	0	0	0	0	0	0	0	0	0	0	0	0	0	0	0	0	0	0	0	0	0	0	0	0	0	0	0	0	0	0	0	0	0	0	0	0	0	0	0	0	0	0	0	0	0	0	0	0	9948372420	0	0	0	0	0	0	0	0	0	0	0	0	0	0	0	0	0	0	0	0	0	0	0	0	0	0	0	0	0	0	0	0	0	0	0	0	0	0	0	0	0	0	0	0	0	0	0	0	0	0	0	0	0	0	0	0	0	0	0	0	0	0	0	0	0	0	0	0	0	0	0	0	0	0	0	0	0	0	0	0	0	0	0	0	0	0	0	0	0	0	0	0	0	0	0	0	0	0	0	0	0	0	0	0	0	0	0	0	0	0	0	0	0	0	0	0	0	0	0	0	0	0	0	0	0	0	0	0	0	0	0	0	0	0	0	0	0	0	0	0	0	0	0	0	0	0	0	0	0	0	0	0	0	0	0	0	0	0	0	0	0	0	0	0	0	0	0	0	0	0	0	0	0	0	0	0	0	0	0	0	0	0	0	0	0	0	0	0	0	0	0	0	0	0	0	0	0	0	0	0	0	0	0	0	0	0	0	0	0	0	0	0	0	0	0	0	0	0	0	0	0	0	0	0	0	0	0	0	0	0	0	0	0	0	0
2023-09-11	419728	0	0	0	0	0	0	0	0	0	0	0	0	0	0	0	0	0	0	0	0	0	0	0	0	0	0	0	0	0	0	0	0	0	0	0	0	0	0	0	0	0	0	0	0	0	0	0	0	6896551224	0	0	0	0	0	0	0	0	0	0	0	0	0	0	0	0	0	0	0	0	0	0	0	0	0	0	0	0	0	0	0	0	0	0	0	0	0	0	0	0	0	0	0	0	0	0	0	0	0	0	0	0	0	0	0	0	0	0	0	0	0	0	0	0	0	0	0	0	0	0	0	0	0	0	0	0	0	0	0	0	0	0	0	0	0	0	0	0	0	0	0	0	0	0	0	0	0	0	0	0	0	0	0	0	0	0	0	0	0	0	0	0	0	0	0	0	0	0	0	0	0	0	0	0	0	0	0	0	0	0	0	0	0	0	0	0	0	0	0	0	0	0	0	0	0	0	0	0	0	0	0	0	0	0	0	0	0	0	0	0	0	0	0	0	0	0	0	0	0	0	0	0	0	0	0	0	0	0	0	0	0	0	0	0	0	0	0	0	0	0	0	0	0	0	0	0	0	0	0	0	0	0	0	0	0	0	0	0	0	0	0	0	0	0	0	0	0	0	0	0	0	0	0	0	0	0	0	0	0	0	0	0	0	0	0
2023-09-18	847461360	0	0	815460108	0	0	0	0	729955712	25810152	449230032	0	0	1170957968	776393304	1168105832	701096024	0	0	0	745101168	831840752	886489888	863936028	1156801544	0	729849316	0	0	0	0	0	0	0	0	0	0	0	0	0	0	0	0	0	0	0	0	0	0	7365326472	0	0	0	0	0	0	0	0	0	0	0	0	0	0	0	0	0	0	0	0	0	0	0	0	0	0	0	0	0	0	0	0	0	0	0	0	0	0	0	0	0	0	0	0	0	0	0	0	0	0	0	0	0	0	0	0	0	0	0	0	0	0	0	0	0	0	0	0	0	0	0	0	0	0	0	0	0	0	0	0	0	0	0	0	0	0	0	0	0	0	0	0	0	0	0	0	0	0	0	0	0	0	0	0	0	0	0	0	0	0	0	0	0	0	0	0	0	0	0	0	0	0	0	0	0	0	0	0	0	0	0	0	0	0	0	0	0	0	0	0	0	0	0	0	0	0	0	0	0	0	0	0	0	0	0	0	0	0	0	0	0	0	0	0	0	0	0	0	0	0	0	0	0	0	0	0	0	0	0	0	0	0	0	0	0	0	0	0	0	0	0	0	0	0	0	0	0	0	0	0	0	0	0	0	0	0	0	0	0	0	0	0	0	0	0	0	0	0	0	0	0	0	0	0	0	0	0	0	0	0	0	0	0	0	0
2023-09-25	878608	0	0	0	0	0	0	0	0	0	0	0	0	0	0	0	0	0	0	0	0	0	0	0	0	0	0	0	0	0	0	0	0	0	0	0	0	0	0	0	0	0	0	0	0	0	0	0	0	2967905448	0	0	0	0	0	0	0	0	0	0	0	0	0	0	0	0	0	0	0	0	0	0	0	0	0	0	0	0	0	0	0	0	0	0	0	0	0	0	0	0	0	0	0	0	0	0	0	0	0	0	0	0	0	0	0	0	0	0	0	0	0	0	0	0	0	0	0	0	0	0	0	0	0	0	0	0	0	0	0	0	0	0	0	0	0	0	0	0	0	0	0	0	0	0	0	0	0	0	0	0	0	0	0	0	0	0	0	0	0	0	0	0	0	0	0	0	0	0	0	0	0	0	0	0	0	0	0	0	0	0	0	0	0	0	0	0	0	0	0	0	0	0	0	0	0	0	0	0	0	0	0	0	0	0	0	0	0	0	0	0	0	0	0	0	0	0	0	0	0	0	0	0	0	0	0	0	0	0	0	0	0	0	0	0	0	0	0	0	0	0	0	0	0	0	0	0	0	0	0	0	0	0	0	0	0	0	0	0	0	0	0	0	0	0	0	0	0	0	0	0	0	0	0	0	0	0	0	0	0	0	0	0	0	0	0
2023-10-02	343672	0	0	0	0	0	0	0	16508016	0	0	0	0	0	0	0	0	0	0	0	0	0	0	0	0	0	0	0	0	0	0	0	0	0	0	0	0	0	0	0	0	0	0	0	0	0	0	0	0	5788417896	0	0	0	0	0	0	0	0	0	0	0	0	0	0	0	0	0	0	0	0	0	0	0	0	0	0	0	0	0	0	0	0	0	0	0	0	0	0	0	0	0	0	0	0	0	0	0	0	0	0	0	0	0	0	0	0	0	0	0	0	0	0	0	0	0	0	0	0	0	0	0	0	0	0	0	0	0	0	0	0	0	0	0	0	0	0	0	0	0	0	0	0	0	0	0	0	0	0	0	0	0	0	0	0	0	0	0	0	0	0	0	0	0	0	0	0	0	0	0	0	0	0	0	0	0	0	0	0	0	0	0	0	0	0	0	0	0	0	0	0	0	0	0	0	0	0	0	0	0	0	0	0	0	0	0	0	0	0	0	0	0	0	0	0	0	0	0	0	0	0	0	0	0	0	0	0	0	0	0	0	0	0	0	0	0	0	0	0	0	0	0	0	0	0	0	0	0	0	0	0	0	0	0	0	0	0	0	0	0	0	0	0	0	0	0	0	0	0	0	0	0	0	0	0	0	0	0	0	0	0	0	0	0	0	0
2023-10-09	571072	0	0	0	0	0	0	0	0	0	0	0	0	0	0	0	0	0	0	0	0	0	0	0	0	0	0	0	0	0	0	0	0	0	0	0	0	0	0	0	0	0	0	0	0	0	0	0	0	4490442384	0	0	0	0	0	0	0	0	0	0	0	0	0	0	0	0	0	0	0	0	0	0	0	0	0	0	0	0	0	0	0	0	0	0	0	0	0	0	0	0	0	0	0	0	0	0	0	0	0	0	0	0	0	0	0	0	0	0	0	0	0	0	0	0	0	0	0	0	0	0	0	0	0	0	0	0	0	0	0	0	0	0	0	0	0	0	0	0	0	0	0	0	0	0	0	0	0	0	0	0	0	0	0	0	0	0	0	0	0	0	0	0	0	0	0	0	0	0	0	0	0	0	0	0	0	0	0	0	0	0	0	0	0	0	0	0	0	0	0	0	0	0	0	0	0	0	0	0	0	0	0	0	0	0	0	0	0	0	0	0	0	0	0	0	0	0	0	0	0	0	0	0	0	0	0	0	0	0	0	0	0	0	0	0	0	0	0	0	0	0	0	0	0	0	0	0	0	0	0	0	0	0	0	0	0	0	0	0	0	0	0	0	0	0	0	0	0	0	0	0	0	0	0	0	0	0	0	0	0	0	0	0	0	0	0
2023-10-16	530576	0	0	0	0	0	0	0	0	0	0	0	0	0	0	0	0	0	0	0	0	0	0	0	0	0	0	0	0	0	0	0	0	0	0	0	0	0	0	0	0	0	0	0	0	0	0	0	0	3412573752	0	0	0	0	0	0	0	0	0	0	0	0	0	0	0	0	0	0	0	0	0	0	0	0	0	0	0	0	0	0	0	0	0	0	0	0	0	0	0	0	0	633110880	0	0	0	0	0	0	0	0	0	0	0	0	0	0	0	0	0	0	0	0	0	0	0	0	0	0	0	0	0	0	0	0	0	0	0	0	0	0	0	0	0	0	0	0	0	0	0	0	0	0	0	0	0	0	0	0	0	0	673002216	0	0	0	0	0	0	0	0	0	0	0	0	0	0	0	0	0	0	0	0	0	0	0	0	0	0	0	0	0	0	0	0	0	0	0	0	0	0	0	0	0	0	0	0	0	0	0	0	0	0	0	0	0	0	0	0	0	0	0	0	0	654311424	0	0	0	0	0	615085344	0	0	0	0	0	0	0	0	0	0	0	0	0	0	0	0	0	0	1005627972	0	0	0	0	0	0	0	0	0	0	0	0	0	0	0	0	0	0	0	0	0	0	0	0	0	0	0	350248352	0	0	0	0	0	0	0	0	0	0	0	0	0	0	0	0	0	0	0
2023-10-23	590560	0	0	534328825	0	0	0	0	0	0	0	0	0	0	0	0	528482304	0	0	0	0	0	0	0	0	0	0	0	0	0	0	0	0	0	0	0	0	0	0	0	0	0	0	0	0	0	0	628180871	0	614465040	0	0	0	0	0	0	0	0	0	0	0	0	0	0	0	0	404159868	0	0	427430792	0	0	0	0	0	0	0	0	0	0	0	0	0	0	0	0	0	0	0	0	0	0	595591168	0	0	0	0	1047703312	0	0	0	934717736	0	0	0	0	0	0	0	0	0	0	0	0	0	0	0	0	0	0	0	0	1075097700	0	0	570119880	0	0	0	0	0	0	0	0	0	0	0	0	0	0	0	500018272	0	0	0	0	0	0	0	0	0	0	0	1241992984	617080770	0	0	0	0	0	0	0	1809529652	0	0	0	0	0	0	0	0	0	0	0	0	391618872	0	0	0	0	0	0	0	0	0	0	0	0	0	0	1181704000	0	0	0	0	0	0	0	0	0	0	0	0	0	0	0	0	0	0	0	0	0	0	0	0	0	0	0	0	0	0	0	0	0	0	322820048	0	0	0	0	0	0	0	0	0	0	0	0	0	0	0	0	0	0	0	0	0	0	0	0	1462557264	0	0	1218086248	0	0	0	0	696254464	0	0	0	0	0	0	0	0	0	0	0	0	159383552	218103808	0	251658240	0	0	340353176	0	0	0	0	0	0	424851928
2023-10-30	0	0	0	0	0	0	427819008	0	0	0	0	0	0	124772099	0	0	0	0	0	0	0	0	0	0	0	0	0	0	0	0	0	0	0	0	637534208	0	0	0	0	0	0	424885840	0	0	0	0	0	0	0	3861303552	0	0	0	0	0	0	0	0	0	0	0	0	0	0	0	0	0	0	0	0	427819008	0	0	0	0	369098752	0	0	0	0	0	0	0	0	0	0	0	360710144	0	0	0	0	0	0	0	0	0	0	0	0	0	0	0	0	0	0	0	754974720	0	0	504009636	0	0	0	0	0	0	0	0	0	0	823636112	0	0	0	0	0	704643072	0	0	0	0	0	0	0	0	0	0	0	0	0	0	0	0	633550856	0	0	0	0	0	0	0	0	0	0	0	0	0	0	0	0	0	0	0	0	0	0	0	577879536	0	872072507	0	0	0	0	0	0	0	0	0	0	0	0	0	0	0	0	0	0	0	0	0	0	0	0	0	0	0	0	0	0	0	0	0	0	0	0	0	0	0	0	0	0	0	0	0	0	0	0	0	0	0	0	0	0	0	0	0	0	0	0	0	0	0	813694976	0	0	0	0	0	0	0	0	0	0	0	0	0	0	0	0	0	0	0	0	0	0	0	0	0	0	0	0	0	0	0	0	0	0	0	0	0	0	0	0	0	0	0	0	0	0	0	0	0	0
2023-11-06	120864	0	0	0	0	0	0	0	0	0	0	0	0	0	0	0	0	0	0	0	0	0	0	0	0	0	0	0	0	0	0	0	0	0	0	0	0	0	0	0	0	0	0	0	0	0	0	0	0	4414322088	0	0	0	0	0	0	0	0	0	0	0	0	0	0	0	0	0	0	0	0	0	0	0	0	0	0	0	0	0	0	0	0	0	0	0	0	0	0	0	0	0	0	0	0	0	0	0	0	0	0	0	0	0	0	0	669633490	0	0	0	0	0	0	0	0	0	0	0	0	0	0	0	0	856993892	0	0	0	0	0	0	0	0	0	0	0	0	0	0	0	0	0	0	0	0	0	0	0	0	0	0	0	0	0	0	0	0	0	0	0	0	0	0	0	0	0	0	0	0	0	0	0	0	0	0	0	0	0	0	0	0	0	0	0	0	0	0	0	0	0	0	0	0	0	0	0	0	0	0	0	0	0	0	0	0	0	0	0	0	0	0	0	0	0	0	0	0	0	0	0	0	0	0	0	0	0	0	0	0	0	0	0	0	0	0	0	0	0	0	0	0	0	0	0	0	0	0	0	0	0	0	0	0	0	0	0	0	0	0	0	0	0	0	0	0	0	0	0	0	0	0	0	0	0	0	0	0	0	0	0	0	0	0	0	0	0	0
2023-11-13	289803424	0	0	0	0	0	0	0	0	0	0	0	0	0	0	0	0	0	0	0	0	0	0	0	0	0	0	0	0	0	0	0	0	0	0	0	0	0	0	0	0	424885840	0	0	0	0	0	0	0	1724760132	0	0	0	0	0	0	0	0	0	0	0	0	0	0	0	0	0	0	0	0	0	0	0	0	0	0	0	0	0	0	0	0	0	0	0	0	0	0	0	0	0	0	0	0	0	0	0	0	0	0	0	0	0	0	0	0	0	0	0	0	0	0	0	0	0	0	0	0	0	0	0	0	0	0	0	0	0	0	0	0	0	0	0	0	0	0	0	0	0	0	0	0	0	0	0	0	0	0	0	0	0	0	0	0	0	0	0	0	0	0	0	0	0	0	0	0	0	0	0	0	0	0	0	0	0	0	0	0	0	0	0	0	0	0	0	0	0	0	0	0	0	0	0	0	0	0	0	0	0	0	0	0	0	0	0	0	0	0	0	0	0	0	0	0	0	0	0	0	0	0	0	0	0	0	0	0	0	0	0	0	0	0	0	0	0	0	0	0	0	0	0	0	0	0	0	0	0	0	0	0	0	0	0	0	0	0	0	0	0	0	0	0	0	0	0	0	0	0	0	0	0	0	0	0	0	0	0	0	0	0	0	0	0	0	0
2023-11-20	1627127092	682606735	897739952	853095929	0	675926440	700186712	0	0	1036508480	449230032	0	0	0	776393304	1168105832	0	0	796672958	0	0	831840752	0	1009498968	0	0	0	0	972964008	1090351328	0	0	1214450496	0	0	1003014208	1042590824	1275134192	0	1097705952	0	0	1035898944	931824296	0	0	1147977352	1064388487	1183805400	1075269000	0	0	977769888	0	953632592	1425263607	0	1144668931	1206655992	975431648	0	0	0	675147840	785002640	0	0	818856328	0	788140936	0	1637629342	893746408	0	983035416	0	516962912	978839296	0	1365192672	1227723248	945319464	0	1333444992	904176872	1195706768	907004320	0	0	949775208	0	1075724464	0	1114369196	0	1198092742	1122768784	1047703312	0	0	955653608	1228319016	0	0	1516944280	1030343634	0	0	1276424968	1541231120	1326093220	1451266222	1209038824	1076879008	1219480696	1602809138	1255599688	1453305648	1222103488	0	938971169	1159180432	0	1713790777	1119146312	0	0	0	0	988782200	0	0	0	0	1695505313	1229809932	925784136	1117291366	0	0	1189612480	1313713248	0	1407846776	1262696456	1067999589	1333589490	0	1259709482	0	0	1228235528	0	0	0	1239678551	0	1697440351	0	0	0	0	1809529652	1819773415	0	0	0	1603392114	1072807408	1048845944	0	1254221714	1548526288	1457425648	2590935036	0	2042029295	0	0	1057186488	1180970719	0	1159012304	0	1520768253	1345356018	0	1545783396	0	2681856028	1584357184	0	1388598024	1398806666	1315240370	0	0	0	0	1147177819	0	1125355528	1136584256	987953792	0	0	0	1066491040	989222832	1156722512	898364744	792470896	0	780284520	0	0	0	830828672	808023328	1056843932	1084969224	0	971306072	1114013792	1086747520	0	1057959552	964417976	1210165688	1304230088	0	0	0	1271327166	1208584544	0	0	0	0	770885040	1169446208	528007336	1043415312	0	1026877384	1094151200	0	0	0	1312759272	0	1137700864	0	1218086248	0	1328979352	981171288	1019268296	1016234136	0	1243315344	1104422616	1706097164	1441922624	402259728	425745824	482605835	0	536615257	0	0	0	432572240	0	432782712	400600504	411186344	390684824	0	0	479841272	0	402561464	0	0
2023-11-27	9039612	0	0	0	0	0	0	0	0	0	0	0	0	0	0	0	0	0	0	0	0	0	0	0	0	0	0	0	0	0	0	0	0	0	0	0	0	0	0	0	0	0	0	0	0	0	0	0	0	0	0	0	0	0	0	0	0	0	0	0	0	0	0	0	0	0	0	0	0	0	0	0	0	0	0	0	0	0	0	0	0	0	0	0	0	0	0	0	0	0	0	0	0	0	0	0	0	0	0	0	0	0	0	0	0	0	0	0	0	0	0	0	0	0	0	0	0	0	0	0	0	0	0	0	0	0	0	0	0	0	0	0	0	0	0	0	0	0	0	0	0	0	0	0	0	0	0	0	0	0	0	0	0	0	0	0	0	0	0	0	0	0	0	0	0	0	0	0	0	0	0	0	0	0	0	0	0	0	0	0	0	0	0	0	0	0	0	0	0	0	0	0	0	0	0	0	0	0	0	0	0	0	0	0	0	0	0	0	0	0	0	0	0	0	0	0	0	0	0	0	0	0	0	0	0	0	0	0	0	0	0	0	0	0	0	0	0	0	0	0	0	0	0	0	0	0	0	0	0	0	0	0	0	0	0	0	0	0	0	0	0	0	0	0	0	0	0	0	0	0	0	0	0	0	0	0	0	0	0	0	0	0	0	0	0
2023-12-04	303104	0	0	0	0	0	0	0	0	0	0	0	0	0	0	0	0	0	0	0	0	0	0	0	0	0	0	0	0	0	0	0	0	0	0	0	0	0	0	0	0	0	0	0	0	0	0	0	0	0	0	0	0	0	0	0	0	0	0	0	0	0	0	0	0	0	0	0	0	0	0	0	0	0	0	0	0	0	0	0	0	0	0	0	0	0	0	0	0	0	0	0	0	0	0	0	0	0	0	0	0	0	0	0	0	0	0	0	0	0	0	0	0	0	0	0	0	0	0	0	0	0	0	0	0	0	0	0	0	0	0	0	0	0	0	0	0	0	0	0	0	0	0	0	0	0	0	0	0	0	0	0	0	0	0	0	0	0	0	0	0	0	0	0	0	0	0	0	0	0	0	0	0	0	0	0	0	0	0	0	0	0	0	0	0	0	0	0	0	0	0	0	0	0	0	0	0	0	0	0	0	0	0	0	0	0	0	0	0	0	0	0	0	0	0	0	0	0	0	0	0	0	0	0	0	0	0	0	0	0	0	0	0	0	0	0	0	0	0	0	0	0	0	0	0	0	0	0	0	0	0	0	0	0	0	0	0	0	0	0	0	0	0	0	0	0	0	0	0	0	0	0	0	0	0	0	0	0	0	0	0	0	0	0	0
2023-12-11	21711624	37732495	32664752	40449529	44462774	25809320	34340952	43791512	27409792	50847040	35042512	27913072	48490192	48981648	47632984	61858152	50978904	42463408	41698238	21455120	37312368	29680112	16171808	0	0	0	0	0	0	0	0	0	0	0	0	0	0	0	0	0	36836120	26426960	44994624	40534696	21677184	46921416	46972552	47269767	72314840	31935880	57013608	42287688	28808608	47031608	20399952	35900407	25531202	38421251	32250872	36956128	31955984	42364056	20105320	19787840	19542160	21621120	27620764	27181448	117305254	27923336	19251352	15728640	0	0	0	0	0	0	0	0	0	0	0	10485760	44344552	58001808	47172000	49302696	37415712	37514088	46196856	58605744	33585072	39578796	38348536	60387782	58464144	56798992	38892140	37738720	38149608	27699496	61801000	5242880	0	0	0	0	0	0	0	0	0	0	0	0	0	0	0	0	0	0	0	0	0	0	0	0	0	0	0	0	0	0	0	0	0	0	0	0	0	23964768	27313136	55183736	46348296	29909349	33355250	44278928	38118442	30426816	50148072	43344648	35437880	46616344	23586754	44301911	51518184	51176031	37377344	53527592	37523568	35382168	26950452	47679975	33488413	46911952	51352984	30528114	13745648	0	0	0	0	0	0	0	0	0	0	34824888	22294239	28504164	42278864	59287320	52761853	55607538	27104960	30591076	48033280	44687388	27221824	40693164	51663624	46143626	56949170	27834552	45427917	51674056	50366116	30444379	10485760	0	0	0	0	0	0	0	0	0	0	0	0	10485760	38979024	34611397	40119200	39153792	21591328	39725212	36393224	53481488	27587672	39223392	38171520	10485760	0	0	0	0	0	0	0	0	0	0	5242880	44083780	23027624	21153200	52712768	29933736	36782352	20101385	30730184	35089440	38169664	39294856	30941344	72235984	114930848	104849408	72660336	55904976	100650768	99433264	74905776	67213712	71631152	76909504	0	0	0	0	0	0	0	0	0	0	0	0	0	0	0	0	0	0	0	0	0	0	0	0	0
2024-01-01	0	0	0	0	0	0	0	0	0	0	0	0	0	0	0	0	0	0	0	0	0	0	0	0	0	0	0	0	0	0	0	0	0	0	0	0	0	0	0	0	0	849771680	0	0	0	0	0	0	0	0	0	0	0	0	0	0	0	0	0	0	0	0	0	0	0	0	0	0	0	0	0	0	0	0	0	0	0	0	0	0	0	0	0	0	0	0	0	0	0	0	0	0	0	0	0	0	0	0	0	0	0	0	0	0	0	0	0	0	0	0	0	0	0	0	0	0	0	0	0	0	0	0	0	0	0	0	0	0	0	0	0	0	0	0	0	0	0	0	0	0	0	0	0	0	0	0	0	0	0	0	0	0	0	0	0	0	0	0	0	0	0	0	0	0	0	0	0	0	0	0	0	0	0	0	0	0	0	0	0	0	0	0	0	0	0	0	0	0	0	0	0	0	0	0	0	0	0	0	0	0	0	0	0	0	0	0	0	0	0	0	0	0	0	0	0	0	0	0	0	0	0	0	0	0	0	0	0	0	0	0	0	0	0	0	0	0	0	0	0	0	0	0	0	0	0	0	0	0	0	0	0	0	0	0	0	0	0	0	0	0	0	0	0	0	0	0	0	0	0	0	0	0	0	0	0	0	0	0	0	0	0	0	0	0	0
2024-01-22	46928732	39753111	16115776	53770897	27305292	41375920	13283312	27735368	23321804	16029648	15001332	13428996	2512592	11471692	17927456	11261616	15250544	9618964	10041634	11660424	6354276	13987392	4389036	0	3406416	9223736	4750424	0	8750156	11173952	15238516	12681728	10870500	0	4454544	8903932	2616424	2609392	17282220	131016	8599676	1769040	8083916	14924468	7257024	2489304	10703868	5502672	4389036	13250676	6354276	10098604	12306084	6354276	9905548	0	2409282	3859147	8712484	8052260	4356128	6739100	7049044	9045104	9443732	4913100	8115088	9760692	10817243	7920132	2191512	6747324	9081392	6681816	5895720	1252556	15848060	8629600	16336944	5941948	0	8775240	5664996	13676488	6419784	0	2197920	0	16160172	2706224	8899976	8757544	11949924	12512732	8793096	0	13350920	0	18386820	24369052	4255208	1976616	7445260	0	6812832	10429258	3700112	20853239	6354276	1954320	2573220	16345974	7890276	2805408	8057280	0	0	1990448	7467912	7449268	6195405	3494032	2252900	2174777	8586896	13494648	11036108	5642008	6354276	2084416	6550800	0	2449088	8095076	6354276	0	8453520	0	0	11730538	0	0	0	0	0	0	0	0	0	0	0	0	0	0	0	0	0	0	0	0	0	0	0	0	0	0	0	0	0	0	0	0	0	0	0	0	0	0	0	0	0	0	0	0	0	0	0	0	0	0	0	0	0	0	0	0	0	0	0	0	0	0	0	0	0	0	0	0	0	0	0	0	0	0	0	0	0	0	0	0	0	0	0	0	0	0	0	0	0	0	0	0	0	0	0	0	0	0	0	0	0	0	0	0	0	0	0	0	0	0	0	0	0	0	0	0	0	0	0	0	0	0	0	0	0	0	0	0	0	0	0	0	0	0	0	0	0	0	0	0	0	0	0	0	0
2024-01-29	0	0	0	0	0	0	0	0	0	0	0	0	0	0	0	0	0	0	0	0	0	0	0	0	0	0	0	0	0	0	0	0	0	0	0	0	0	0	0	0	0	0	0	0	0	0	0	0	0	0	0	0	0	0	0	0	0	0	0	0	0	0	0	0	0	0	0	0	0	0	0	0	0	0	0	0	0	0	0	0	0	0	0	0	0	0	0	0	0	0	0	0	0	0	0	0	0	0	0	0	0	8330892	0	12016536	12249996	11739418	6419784	4688248	8067852	6474372	786096	3995988	1536000	9880272	6157752	8614522	2838088	1990448	14642256	6812832	3247545	0	8672684	6118270	8586896	3806920	4389036	4389036	8178480	6354276	8446664	2445488	8803364	0	589572	0	5767692	0	5175132	7407010	9355556	2993248	0	10464960	0	3972553	0	0	9533698	0	8178244	3224328	3059000	6363188	5497306	9233563	3656424	6419784	2561344	0	3076208	4978608	8785960	7095491	2420253	2572752	4085144	1958514	6780628	6342548	3410494	0	4389036	9187924	131016	6354276	6354276	2751336	0	0	8156591	9381040	1899732	2161764	4429053	11036050	7396892	3024996	10232676	0	6419784	0	11654828	9960942	10157846	6354276	10068501	11308964	2832036	3471924	2661064	2846728	4061496	3480192	6354276	0	8947071	0	8879324	8778072	7539876	131016	1740800	4782084	0	6747324	6354276	4913100	8305144	6943848	2396424	4127004	7572404	2768992	2843520	8785204	6157752	0	9087160	2161764	8464664	6747324	10474907	3410366	2414944	2987504	4389036	0	8468032	9734764	6419784	6616308	6550800	6354276	8506584	2048000	0	10034412	8357380	2858472	3664464	6419784	2230968	9427632	6288768	6616308	6354276	2845896	5961228	6681816	5633688	0	3799564	4389036	10482804	4472224	5319435	7205880	6183257	8376812	2813352	131016	3209040	3320520	2161764	2366904	0	2691224	3206028	3959224	8774344	0	9146140	0	6419784
2024-02-12	846787168	682606735	897739952	853095929	967209654	0	700186712	2506399176	729955712	0	0	0	0	0	776393304	2336211664	0	938995888	0	461857040	745101168	831840752	1772979776	2018997936	0	1189448256	0	846462704	972964008	1369006032	0	1467470088	1909646080	1411207922	0	0	1042590824	0	440385792	0	1195512600	424885840	0	931824296	624608384	1158411976	0	0	1183805400	0	1084618088	949305928	160158896	0	953632592	0	0	144305960	0	0	1033346064	1311141016	342422660	0	785002640	477751680	0	818856328	1104607187	788140936	554025112	0	893746408	742306984	983035416	0	0	978839296	0	0	0	945319464	0	0	904176872	0	907004320	888163496	0	949775208	1010886776	1075724464	0	1114369196	0	1198092742	1122768784	1047703312	0	1164957920	955653608	0	1283392040	0	1516944280	0	1201165712	1464912248	1276424968	1541231120	1326093220	0	1209038824	2153758016	0	1602809138	0	1398383144	1222103488	0	0	0	1075097700	0	1119146312	0	1402749032	1209046808	1222652856	988782200	809348480	995725488	1074372288	0	1695505313	1229809932	925784136	1117291366	1182146520	0	0	0	1039188976	1407846776	1262696456	1067999589	0	0	1259709482	1461733056	0	0	0	0	0	0	1325538024	1697440351	0	1626391592	0	0	1809529652	1819773415	1438580253	0	1634702744	0	0	0	1534772539	0	0	1457425648	1295467518	0	0	2046024074	0	0	1180970719	0	0	1406707480	1520768253	0	0	1545783396	1196224000	0	0	0	0	1398806666	1315240370	929609912	1225075917	1721845320	1460700836	2294355638	872344264	1125355528	1136584256	0	865137992	0	0	0	989222832	1156722512	898364744	0	923242424	780284520	783467984	726671557	1083452320	830828672	808023328	0	1084969224	1039142928	971306072	1114013792	1086747520	0	104251900	964417976	1210165688	0	0	0	0	1271327166	1208584544	0	0	0	1223647144	0	1169446208	0	1043415312	0	0	1094151200	1364618304	0	1640505504	1312759272	0	1137700864	0	0	1638918024	0	0	1019268296	0	0	0	0	0	1441922624	402259728	0	482605835	582881584	0	441969128	423370152	0	0	442411720	0	0	411186344	390684824	0	433220024	479841272	0	402561464	0	424851928
2024-02-19	218534688	309328776	287449104	95838204	329350346	157808772	271268628	87780720	261245904	141562788	207140776	311949096	335662992	64066824	166979892	271072104	301533324	252533340	295179048	155450484	258036012	191676408	165800748	41925120	87584196	61643028	247554732	248537352	179950476	89614944	170451816	262163016	296947764	277098840	217552068	183422400	242570096	60987948	0	0	0	0	0	0	0	0	0	0	0	0	0	0	0	0	0	0	0	0	0	0	7795452	0	0	0	0	0	0	0	0	0	0	0	0	0	0	0	0	0	0	0	0	0	0	0	0	0	0	0	0	0	0	0	0	0	0	0	0	0	0	0	0	0	0	0	0	0	0	0	0	0	0	0	0	0	0	0	0	0	0	0	0	0	0	0	0	0	0	0	0	0	0	0	0	0	0	0	0	0	0	0	0	0	0	0	0	0	0	0	0	0	0	0	0	13560156	0	0	0	0	0	0	0	0	0	0	0	0	0	0	0	0	0	0	0	0	0	0	0	0	0	0	0	0	0	0	0	0	0	0	0	0	0	0	0	0	0	0	0	0	0	0	0	0	0	0	0	0	0	0	0	0	0	0	0	0	0	0	0	0	0	0	0	0	0	0	0	0	0	0	0	0	0	0	0	0	0	0	0	0	0	0	0	12774060	0	0	0	0	0	0	0	0	0	0	0	0	0	0	0	0	0	0	0	0	0	0	0	0	0	0	0	0	0	0	0	0	0	0	0	0	0	0	0	0	0	0	0
2024-02-26	0	0	0	0	0	0	0	0	0	0	0	0	0	0	0	0	0	0	0	0	0	0	0	0	0	0	0	0	0	0	0	0	0	0	0	0	0	0	240217836	249913020	412704880	68914416	310638936	266879592	148834176	46707204	252077024	371037312	308477172	360031968	144202516	24762024	278081460	49393032	440344776	421216440	352826088	339003900	98524032	298061400	64066824	216372924	68324844	279719160	115425096	266945100	292558728	283715148	195148332	276116220	180540048	246179064	259084140	210149664	237400992	32098920	178443792	341165664	274544028	42606764	344244540	357804696	202681752	286400976	136060116	236549388	248275320	200061432	328457112	375753888	68914416	227312760	235173720	225413028	284566752	326622888	290462472	191807424	196261968	121451832	28168440	60463884	20045448	58826184	95903712	43562820	72320832	84963876	112542744	50010248	125950724	92366280	15394380	65835540	33409080	54371640	86536068	75072168	83457192	84374304	57450516	72189816	97410396	100947828	46576188	109791408	54437148	38649720	69045432	91187136	55923552	152568132	146344872	104616276	90663072	90532056	46183140	69766020	61774044	119421084	69045432	110905044	83522700	84389104	74548104	78151044	89289644	61643028	79133664	19193844	66097572	16573524	93545424	67211208	76709868	44414424	72713880	56926452	160259152	48213888	46314156	56402388	68848908	145201227	128657712	51292764	132129636	74613612	54044100	38518704	59415756	62691156	55223244	36160416	33147048	65180460	41597580	53651052	67145700	6616308	42318168	27644376	97541412	27644376	37077528	37667100	28889028	79002648	79404892	22930040	20176464	33671112	62887680	23779404	41728596	27775392	5242880	14149728	50359396	17490636	11856948	8254008	14084220	46248648	17621652	0	42580200	66163080	55026720	41990628	0	0	0	0	0	0	0	0	0	0	0	0	0	0	0	13756680	0	0	0	0	0	0	0	0	0	0	0	0	0	0	0	0	0	0	0	0	0	0	0	0	0	0	0	0	0	0	0	0	0	0	0	0	0	0	0	0	0	0	0	0	0	0	0	0	0	0	0	0	0	0	0	0	0	0	0
2024-03-04	107665184	0	0	0	0	0	0	0	0	0	0	0	0	0	0	0	0	0	0	0	0	0	0	0	0	0	0	0	0	0	0	0	0	0	0	0	0	0	0	0	0	0	0	0	0	0	0	0	0	1021597260	0	0	0	0	0	0	0	0	0	0	0	0	0	0	0	0	0	0	0	0	0	0	0	0	0	0	0	0	0	0	0	0	0	0	0	0	0	0	0	0	0	0	0	0	0	0	0	0	0	0	0	0	0	0	0	0	0	0	0	0	0	0	0	0	0	0	0	0	0	0	0	0	0	0	0	0	0	0	0	0	0	0	0	0	0	0	0	0	0	0	0	0	0	0	0	0	0	0	0	0	0	0	0	0	0	0	0	0	0	0	0	0	0	0	0	0	0	0	0	0	0	0	0	0	0	0	0	0	0	0	0	0	0	0	0	0	0	0	0	0	0	0	0	0	0	0	0	0	0	0	0	0	0	0	0	0	0	0	0	10088232	0	62758904	32426460	37536084	8647056	35439828	27709884	88173768	94003980	52864956	27644376	37863624	65901048	84570828	41532072	86341784	50197276	154336848	129312792	200782020	71272704	54044100	166586844	91842216	102716544	113132316	89881456	61774044	65508000	74744628	51685812	37143036	98982588	54633672	61380996	93283392	65901048	64525380	17687160	87191148	82278048	68979924	56402388	107302104	29216568	57647040	43104264	76906392	105926436	142414392	101738404	59153724	124072152	36618972	35701860	60594900	85029384	6485292	0	0	0	0	0	0	0	0	0	0	0	0	0	0	0	0	0
2024-03-11	16273516	14897687	10972792	33026022	30265798	31229902	13943288	20021352	21753548	15838092	3406416	20969184	12647836	17822928	6288768	7402404	11206700	12647876	19421886	12020164	6660964	0	13892416	9838052	5427308	2161764	2161764	27314492	23692700	9145452	35046324	12564124	8585996	15902566	8610544	17885364	18801596	19515144	13237472	13172028	9058232	4258344	24803952	16250864	5242888	7090484	8516040	3626887	6419784	4005229460	7370088	11081224	22082916	16228988	5242888	7140372	15728640	25885212	10617280	12647831	8663356	2808620	2292780	9762940	1703208	11326004	18474984	9629676	25832423	33212940	13496896	9520686	4823372	10831668	26353604	8714812	14917188	21422876	11466148	13349096	15728640	6527628	15949752	19904684	9165668	12779036	2197920	9629676	33654332	13061267	10685244	11875300	10486152	17626844	14890092	10486126	22461332	10191988	13222152	10813708	20883199	8516040	17899028	11267376	22344948	7481398	22274592	16381960	24058524	6867420	15221154	0	9173368	38863278	4520052	17890404	9978460	10178948	16347712	7404652	4099149	2161764	20138312	4336541	19004040	19730348	15168029	20582688	17616560	9552328	39040652	17885492	2449088	1740800	13728753	0	22602036	40526468	1781720	12252244	10591932	12779036	29904160	12647958	12647916	19701193	13696092	9978344	15499846	18419568	12778860	17890932	10486104	4397948	10350264	23249210	23714472	8909088	15209308	27730428	26532913	15147375	7475800	35281471	19523240	13058912	19091452	2161764	31511236	23086900	21158474	19836646	7203176	14821612	7449602	24302448	14476567	20856414	10266250	21997380	10418020	20262088	16971412	12466260	17077009	0	15728640	5186760	2161764	16185388	17890404	0	11856948	16775000	0	22934520	15268196	9540248	6631500	5903591	17885428	16381880	9779432	13966192	6681816	7397012	4820067	26486464	15041867	7845156	23655108	21408140	1740800	10486176	12648012	6419784	12189416	2161764	12827444	5764704	7991976	43055680	25195752	8712564	3537432	15078777	5401316	4007676	26519008	10485952	22555984	15728640	5764704	24396566	7524568	12778832	23264836	11082792	8077232	23170624	18244307	24462760	6288768	11768281	15728640	12438768	23668288	14166368	14650660	28508494	10617272	2161764	4392732	2161764	12032280	27591388	21786640	5242888	10486079	17461390	14670476	17374992	5961328	5364388	11766596	9891708	5109624	15114727	19538613	21485132	7005864	27212316	3209040	29674772	14676040	7200192	20909548	5630808	18934668	14332076	3271672	8103636	20276472	27673588	3340908
2024-03-18	31385196	709008448	909859336	886445900	30610722	691701300	722979740	26179728	739913884	1055662700	452509296	11660328	791770724	34619392	23342884	1208834528	728858596	16693828	18445568	473481908	759724980	15166536	914405992	1029347892	1180223840	1200755356	24009776	876463508	29160736	1110602976	966440948	1208293392	19993284	1292429228	1080548832	1030653428	22072300	1302745784	1036436364	23873304	1228630396	18932784	32309232	961738740	648228044	1182469032	11620980	1084481829	1208161476	2178445404	34392576	970223724	990787140	9804444	963086504	1454227380	1483385668	26584598	1229124916	1000188448	1051262348	1331743140	709433364	685835644	811667852	509963360	13555032	833461096	1129312126	813539032	564827920	1672157116	909182076	756043852	1000485880	726761576	530722448	1016978092	1139549552	1395707788	30716064	973245036	1379657604	1359749840	932137884	9858524	927289252	918928908	1101686608	969448004	28845840	25955544	1104231176	1149155000	11166408	1231490126	27160396	26803760	15514932	22199012	966263092	1257088404	26178100	19924536	1538398168	28798470	1231100688	28439324	16256352	1566615464	9124020	1471249618	1240439596	1082620840	1227677268	1623378650	1277697128	1466654188	1238482924	14319932	948779312	1176082312	1089167668	22220225	1142477856	7613840	22268740	1239336464	1235603400	12500188	15193988	2445488	11186944	1086295468	16410021	19676020	948393360	27830682	1205100328	21163690	1201887256	23719044	23713896	24844080	1284338260	1078677393	18807170	18887432	1271767522	26740984	16301236	1247654768	1624636888	4472368	18014700	1267709845	1345952472	1707846178	2561344	1633073408	9228624	1379603716	14943712	1845469390	2420253	1191985208	16990220	1622041716	1082057000	19289676	12913232	11984456	1567720132	1476522084	1307156830	857827740	2056430501	26066766	1373501766	19193004	11662114	29636408	1180542704	9407124	8858106	15062744	1306877272	1561802232	1213151920	19180148	17107076	1717010592	12708552	1408767608	1335818094	6747324	1253093610	21455336	1478796236	17178838	891357564	22529012	22197924	997779984	867555984	23572096	908476412	20398972	26572464	21651540	13448508	811498012	25267848	793386756	6359968	20577531	1109016992	17861436	825798388	17758824	10999556	22567644	973703344	1116782784	1102889164	15139480	1077212716	973142228	23021912	12076760	1181858944	1212497260	1482525445	20249872	1226712556	936192796	1130386264	1325918472	18901304	786201636	1207169796	1077478932	6677024	798466941	14664336	1952800	1390018980	1454362808	3297987800	12071220	21020100	1149158560	1443387920	2449525088	23214888	1342565932	987264264	21377256	1028751336	1032494156	8704360	1118976092	1722605180	1451530496	10650712	24386656	499598981	11142692	12529257	890358040	445042824	13010136	877853032	462764320	444907176	10522640	7306580	404498372	858007908	27636356	502172044	7606368	423489764	468987616	24943828
2024-03-25	19722484	8823070	21290504	23368786	3216054	12774060	12095892	17526484	20374900	16750236	12912804	11725884	15511792	14173104	23517672	21742896	11031688	3864972	15413290	14043060	20257500	0	17890956	18550616	13409428	0	6550800	7816668	18258492	21720740	16024612	18626404	20840440	12928876	16995568	14996176	11722036	12697624	14530884	16626660	10845076	15918768	17582576	22222932	15052476	10431392	20176464	6223260	17464500	937260708	37308120	13908440	22066776	13451136	22083116	20357310	3995988	24351501	9891548	19248904	2178064	19422980	23285760	8324516	11662728	1694080	20174756	13340624	23477133	24618336	19807152	28435530	3578720	14916012	4086832	7868864	24437340	17324708	26934636	20877772	12968188	10785648	10381572	13414456	15257912	15983092	18021504	17970272	15496792	2706224	13844508	15251112	4378464	11857300	6943848	21894882	20806120	11998952	16038996	19443576	21284476	14095596	9541516	17715732	11660436	11804926	14508932	24574352	11408760	22567500	14841624	17559600	14034276	5610816	14616356	13724586	2838088	13650872	10090668	8044324	8001774	17141804	13702548	11083865	4334224	20780948	17748688	24639328	16170456	14661952	10408036	13821756	5029192	16059136	9007617	14652848	6232224	15056622	9040104	15080658	16729320	20942440	14145596	19275900	19566220	3972553	8129366	2827408	19036926	131016	21783396	19222716	6878340	15010244	7462546	6806702	26560176	23572935	18158780	4068392	9692516	5774824	14689568	20144634	11849862	5145504	15792864	10271304	5659616	15239908	19861158	20742890	12443816	7615732	9087302	17943472	14073666	12028024	8759566	6485292	18081898	9250024	13188996	5784444	26257743	4223218	11387368	10415772	10232676	6354276	6419784	5413140	6798960	10091958	13895908	10591240	16750317	4242376	15606096	6747324	2661064	2846728	4978608	7205880	8772268	6479900	18221682	10035716	8551784	9925608	12839568	9284280	16910740	16748636	7009356	9020941	9375920	10535664	2736964	9195008	7432264	12883332	19062828	10350264	6812832	11740196	10117892	13791744	9021652	2828488	6288768	4343088	18409651	8785972	6354276	12050700	16367012	9052044	12022964	18683432	13822188	8930660	9428360	4403730	15899532	9080732	6550800	10099920	6354276	0	10018740	15971544	7668132	6015696	6770448	14031924	20439228	9265680	2297952	9464616	10399364	8133692	0	6405248	11109268	13953204	4520052	15787428	11956914	7189456	2813352	6354276	16703688	6354276	14024196	9802052	11695616	6875460	3206028	7918448	3271672	9086256	15295616	16553000	19834204
2024-04-01	6812832	4411535	6354276	12011933	3216054	0	3252312	6419784	7467912	3190080	0	0	8764468	11013136	0	16824036	0	3264688	7374716	0	6354276	2195952	13759104	1780568	6354276	0	8794996	9257844	0	6354276	10337840	6136064	3672896	9674330	10641292	0	22137808	9029176	10180548	16168104	9385772	8581872	4218944	10639372	0	3749576	6943848	0	0	469664572	14248428	6681816	10537368	0	9112532	6943848	8763558	10737487	2227192	8576324	2178064	0	0	0	2359440	1694080	6354276	6550800	0	2220936	8545788	5373342	9670964	6354276	9314804	1252556	2402912	13477192	2449248	6419784	0	10785648	3634248	7336896	0	0	0	9847280	10256152	2575208	6419784	10835448	8543508	9302136	0	7795452	0	10257496	0	0	0	1976616	9738040	0	9072864	0	0	4688248	10557156	1954320	0	9991698	3399540	10142304	1842296	8549014	9912952	6354276	3605376	0	6878340	3494032	131016	2174777	8521388	10161196	0	0	6354276	6014896	2157896	7686128	2449088	6419784	3242913	0	8256996	0	1781720	0	6354276	9544048	2388976	6681816	0	6199825	6943848	9247192	2851882	8850440	13942948	6223260	5633688	2236184	8772706	6354276	10076208	8375079	4127004	6616308	9692516	0	3864972	0	7074864	2703768	6354276	7985250	2829808	10719856	9633754	2996114	7465208	2833648	2667518	8578688	8641779	2836874	0	9804084	2653919	7009356	4913100	5784444	10783329	11036050	0	6419784	2554812	4120156	0	0	7009356	9960942	4782084	0	0	10203604	6354276	2038619	9080848	6943848	0	9629668	6354276	9231236	9012579	10101224	2394032	8434728	0	2864496	7009356	0	0	2601157	6485292	12566412	8043112	12839568	0	3264528	2397272	9188776	9590844	2430928	19318672	6681816	2667376	9171120	0	2171544	8190403	10419722	7271388	6747324	2806856	18014700	6419784	2987440	5465408	7074864	10544392	6354276	0	8372584	9457692	3680136	6354276	2858472	16438524	6354276	9171120	9362124	9739500	0	3046488	9396696	12189660	6812832	9040104	8133692	6419784	7591660	0	10892008	0	14483600	7009356	7140372	9429660	9714960	0	9740304	4762076	6419784	4389036	6092244	0	7038100	4323528	2535456	8351768	5066608	11784080
2024-04-08	0	0	0	0	0	0	0	0	0	0	0	0	0	0	0	0	0	0	0	0	0	0	0	0	0	0	0	0	0	0	0	0	0	0	0	0	0	0	0	0	0	0	0	0	0	0	0	0	0	1420640360	0	0	0	0	0	0	0	0	0	0	0	0	0	0	0	0	0	0	0	0	0	0	0	0	0	0	0	0	0	0	0	0	0	0	0	0	0	0	0	0	0	0	0	0	0	0	0	0	0	0	0	0	0	0	0	0	0	0	0	0	0	0	0	0	0	0	0	0	0	0	0	0	0	0	0	0	0	0	0	0	0	0	0	0	0	0	0	0	0	0	0	0	0	0	0	0	0	0	0	0	0	0	0	0	0	0	0	0	0	0	0	0	0	0	0	0	0	0	0	0	0	0	0	0	0	0	0	0	0	0	0	0	0	0	0	0	0	0	0	0	0	0	0	0	0	0	0	0	0	0	0	0	0	0	0	0	0	0	0	0	0	0	0	0	0	0	0	0	0	0	0	0	0	0	0	0	0	0	0	0	0	0	0	0	0	0	0	0	0	0	0	0	0	0	0	0	0	0	0	0	0	0	0	0	0	0	0	0	0	0	0	0	0	0	0	0	0	0	0	0	0	0	0	0	0	0	0	0	0	0	0	0	0	0	0
2024-04-15	3733956	4411535	3930480	11225837	3209892	10540504	6354276	4490392	3734912	0	9699048	0	0	0	12359276	12047712	3956824	13342208	8076394	0	0	8812260	6553224	1780568	0	2017856	6943848	5240640	1740800	1740800	11779016	18298864	3672896	6354276	0	8772916	6743428	2609392	7167180	0	9564168	0	10638728	4285096	8763708	6354276	8070516	3626887	6000600	1683647156	851604	0	6681816	3450168	9178040	8409939	0	3728131	0	2222048	3668448	1957016	8170956	1970240	7076016	7786324	9038396	2728328	11865371	0	6419784	2751336	2661608	6943848	6878340	2358288	5568180	0	7755396	9086332	2814448	6812832	0	6288768	6812832	0	0	3427496	9732088	6354276	2758776	6419784	2189232	0	8924112	11294282	0	0	3668448	11066752	6812832	9182496	3318256	0	7009356	0	6419784	4688248	0	0	6419784	10515762	7890276	2805408	1842296	2194738	0	6616308	1802688	5358496	1806369	3494032	6943848	9249641	2167112	10415772	0	11996284	6747324	0	0	2445488	9130904	8750156	3242913	131016	2033736	2769766	6681816	1380274	9216264	10068112	0	6288768	10591624	8778072	6616308	0	2851882	7009356	3003112	9578604	0	9507572	8969230	10609231	10534764	4051551	8981128	10488176	131016	8722684	0	6550800	5175132	0	10504928	1958514	0	0	0	0	7140372	0	0	0	0	0	0	0	0	0	0	0	0	0	0	0	0	0	0	0	0	0	0	0	0	0	0	0	0	0	0	0	0	0	0	0	0	0	0	0	0	0	0	0	0	0	0	0	0	0	0	0	0	0	0	0	0	0	0	0	0	0	0	0	0	0	0	0	0	0	0	0	0	0	0	0	0	0	0	0	0	0	0	0	0	0	0	0	0	0	0	0	0	0	0	0	0	0	0	0	0	0	0	0	0	0	0	0	0	0	0	0	0
2024-04-22	0	0	0	0	0	0	0	0	0	0	0	0	0	0	0	0	0	0	0	0	0	0	0	0	0	0	0	0	0	0	0	0	0	0	0	0	0	0	0	0	0	0	0	0	0	0	0	0	0	1629725176	0	0	0	0	0	0	0	0	0	0	0	0	0	0	0	0	0	0	0	0	0	0	0	0	0	0	0	0	0	0	0	0	0	0	0	0	0	0	0	0	0	0	0	0	0	0	0	0	0	0	0	0	0	0	0	0	0	0	0	0	0	0	0	0	0	0	0	0	0	0	0	0	0	0	0	0	0	0	0	0	0	0	0	0	0	0	0	0	0	0	0	0	0	0	0	0	0	0	0	0	0	0	0	0	0	0	0	0	0	0	0	0	2169652	0	0	0	0	12446520	0	2215544	6616308	6419784	0	12463324	6354276	6419784	3859695	2836874	9611170	6419784	9532259	8791468	3428304	6419784	4429053	10839526	6747324	3024996	3878400	10146892	8651800	2661804	0	3606666	10681910	6812832	0	4242376	10103424	2038619	0	2846728	6354276	3275392	2417992	8576156	2658303	10297748	0	8565744	13108056	9218772	6550800	6419784	3179984	9020941	2825120	6550800	1623328	2840732	2191624	0	9668660	2768992	6485292	2430928	6419784	6354276	2667376	7217524	0	0	0	10485230	6812832	0	9554180	8986536	6747324	9865780	6681816	6637880	9627280	9407745	1955784	0	0	3680136	0	6419784	10084248	4644864	8912784	9427632	9739500	14031924	7271388	9527712	8979768	9399108	0	0	7140372	7591660	4230928	11285056	12590823	0	13511877	10014512	0	9911484	0	9936828	6989348	6878340	0	6875460	0	3959224	6747324	7205880	9399896	11944948	6747324
2024-04-29	0	0	0	0	0	0	0	0	0	0	0	0	0	0	0	0	0	0	0	0	0	0	0	0	0	0	0	0	0	0	0	0	0	0	0	0	0	0	0	0	0	0	0	0	0	0	0	0	0	1504788224	0	0	0	0	0	0	0	0	0	0	0	0	0	0	0	0	0	0	0	0	0	0	0	0	0	0	0	0	0	0	0	0	0	0	0	0	0	0	0	0	0	0	0	0	0	0	0	0	0	0	0	0	0	0	0	0	0	0	0	0	0	0	0	0	0	0	0	0	0	0	0	0	0	0	0	0	0	0	0	0	0	0	0	0	0	0	0	0	0	0	0	0	0	0	0	0	0	0	0	0	0	0	0	0	0	0	0	0	0	0	0	0	0	0	0	0	0	0	0	0	0	0	0	0	0	0	0	0	0	0	0	0	0	0	0	0	0	0	0	0	0	0	0	0	0	0	0	0	0	0	0	0	0	0	0	0	0	0	0	0	0	0	0	0	0	0	0	0	0	0	0	0	0	0	0	0	0	0	0	0	0	0	0	0	0	0	0	0	0	0	0	0	0	0	0	0	0	0	0	0	0	0	0	0	0	0	0	0	0	0	0	0	0	0	0	0	0	0	0	0	0	0	0	0	0	0	0	0	0	0	0	0	0	0	0
2024-05-06	0	0	0	0	0	0	0	0	0	0	0	0	0	0	0	0	0	0	0	0	0	0	0	0	0	0	0	0	0	0	0	0	0	0	0	0	0	0	0	0	0	0	0	0	0	0	0	0	0	1843169096	0	0	0	0	0	0	0	0	0	0	0	0	0	0	0	0	0	0	0	0	0	0	0	0	0	0	0	0	0	0	0	0	0	0	0	0	0	0	0	0	0	0	0	0	0	0	0	0	0	0	0	0	0	0	0	0	0	0	0	0	0	0	0	0	0	0	0	0	0	0	0	0	0	0	0	0	0	0	0	0	0	0	0	0	0	0	0	0	0	0	0	0	0	0	0	0	0	0	0	0	0	0	0	0	0	0	0	0	0	0	0	0	0	0	0	0	0	0	0	0	0	0	0	0	0	0	0	0	0	0	0	0	0	0	0	0	0	0	0	0	0	0	0	0	0	0	0	0	0	0	0	0	0	0	0	0	0	0	0	0	0	0	0	0	0	0	0	0	0	0	0	0	0	0	0	0	0	0	0	0	0	0	0	0	0	0	0	0	0	0	0	0	0	0	0	0	0	0	0	0	0	0	0	0	0	0	0	0	0	0	0	0	0	0	0	0	0	0	0	0	0	0	0	0	0	0	0	0	0	0	0	0	0	0	0
2024-05-13	0	0	0	0	0	0	0	0	0	0	0	0	0	0	0	0	0	0	0	0	0	0	0	0	0	0	0	0	0	0	0	0	0	0	0	0	0	0	0	0	0	0	0	0	0	0	0	0	0	1106596052	0	0	0	0	0	0	0	0	0	0	0	0	0	0	0	0	0	0	0	0	0	0	0	0	0	0	0	0	0	0	0	0	0	0	0	0	0	0	0	0	0	0	0	0	0	0	0	0	0	0	0	0	0	0	0	0	0	0	0	0	0	0	0	0	0	0	0	0	0	0	0	0	0	0	0	0	0	0	0	0	0	0	0	0	0	0	0	0	0	0	0	0	0	0	0	0	0	0	0	0	0	0	0	0	0	0	0	0	0	0	0	0	0	0	0	0	0	0	0	0	0	0	0	0	0	0	0	0	0	0	0	0	0	0	0	0	0	0	0	0	0	0	0	0	0	0	0	0	0	0	0	0	0	0	0	0	0	0	0	0	0	0	0	0	0	0	0	0	0	0	0	0	0	0	0	0	0	0	0	0	0	0	0	0	0	0	0	0	0	0	0	0	0	0	0	0	0	0	0	0	0	0	0	0	0	0	0	0	0	0	0	0	0	0	0	0	0	0	0	0	0	0	0	0	0	0	0	0	0	0	0	0	0	0	0
2024-05-20	0	0	0	0	0	0	0	0	0	0	0	0	0	0	0	0	0	0	0	0	0	0	0	0	0	0	0	0	0	0	0	0	0	0	0	0	0	0	0	0	0	0	0	0	0	0	0	0	0	1550928616	0	0	0	0	0	0	0	0	0	0	0	0	0	0	0	0	0	0	0	0	0	0	0	0	0	0	0	0	0	0	0	0	0	0	0	0	0	0	0	0	0	0	0	0	0	0	0	0	0	0	0	0	0	0	0	0	0	0	0	0	0	0	0	0	0	0	0	0	0	0	0	0	0	0	0	0	0	0	0	0	0	0	0	0	0	0	0	0	0	0	0	0	0	0	0	0	0	0	0	0	0	0	0	0	0	0	0	0	0	0	0	0	0	0	0	0	0	0	0	0	0	0	0	0	0	0	0	0	0	0	0	0	0	0	0	0	0	0	0	0	0	0	0	0	0	0	0	0	0	0	0	0	0	0	0	0	0	0	0	0	0	0	0	0	0	0	0	0	0	0	0	0	0	0	0	0	0	0	0	0	0	0	0	0	0	0	0	0	0	0	0	0	0	0	0	0	0	0	0	0	0	0	0	0	0	0	0	0	0	0	0	0	0	0	0	0	0	0	0	0	0	0	0	0	0	0	0	0	0	0	0	0	0	0	0
2024-05-27	0	0	0	0	0	0	0	0	0	0	0	0	0	0	0	0	0	0	0	0	0	0	0	0	0	0	0	0	0	0	0	0	0	0	0	0	0	23648388	0	0	0	0	0	0	0	0	0	0	0	1612000864	0	0	0	0	0	0	0	0	0	0	0	0	0	0	0	0	0	0	0	0	0	0	0	0	0	0	0	0	0	0	0	0	0	0	0	0	0	24762024	0	0	0	0	0	0	0	0	0	0	0	0	0	0	0	0	0	0	0	0	0	0	0	0	0	0	0	0	0	0	0	0	0	0	0	0	0	0	0	0	0	0	0	0	0	0	0	0	0	0	0	0	0	0	0	0	0	0	0	0	0	0	0	0	0	0	0	0	0	0	0	0	0	0	0	0	0	0	0	0	0	0	0	0	0	0	0	0	0	0	0	0	0	0	0	0	0	0	0	0	0	0	0	0	0	0	0	0	0	0	0	18145716	0	0	0	0	0	0	7860960	0	0	0	0	0	0	0	0	0	0	0	0	0	0	0	0	0	0	0	0	0	0	0	0	0	0	0	0	0	0	0	0	0	0	0	0	0	0	0	0	0	0	0	0	0	0	0	0	0	0	0	0	0	0	0	0	0	0	0	0	0	0	0	0	0	0	0	0	0	0	0	0	0	0	0	0	0	0
2024-06-03	0	0	0	0	0	0	0	0	0	0	0	0	0	0	0	0	0	0	0	0	0	0	0	0	0	0	0	0	0	0	0	0	0	0	0	0	0	0	0	0	0	0	0	0	0	0	0	0	0	1212298784	0	0	0	0	0	0	0	21486624	0	0	0	0	0	0	0	0	0	0	0	7860960	0	0	0	9367644	0	0	0	0	0	0	0	0	0	0	0	0	0	0	0	0	0	0	0	0	0	0	0	0	0	0	0	0	0	7860960	0	0	0	0	7795452	9629676	0	0	7795452	7729944	0	0	0	0	0	0	0	0	0	0	0	0	0	0	0	0	0	0	0	0	0	0	0	0	0	0	0	0	0	9433152	0	0	0	0	0	0	0	0	0	0	0	0	0	0	0	0	0	0	0	0	0	7795452	0	0	0	0	0	0	0	0	0	0	0	0	0	0	0	0	0	0	0	0	0	0	0	0	0	0	0	0	0	0	0	0	0	0	0	0	0	0	0	0	0	0	0	0	0	0	0	0	0	12774060	0	0	0	0	0	0	7860960	0	0	0	0	0	0	0	0	0	0	0	0	0	0	0	0	0	0	0	0	0	0	0	0	0	0	0	0	0	0	0	0	0	0	0	0	0	0	0	0	0	0	0	0	0	0	0	0	0	0	0	0	0	0	0	0	7860960	0	0	7860960	0	0
2024-06-10	0	13756680	0	0	11660424	0	0	0	0	0	0	0	0	0	0	0	0	0	0	0	0	0	0	0	0	0	0	0	23648388	0	0	0	0	0	0	0	0	0	0	0	0	0	0	0	0	0	0	0	0	395191636	0	24172452	0	0	0	0	0	0	0	0	0	0	0	0	0	0	26006676	0	20307480	0	0	0	0	0	0	0	0	0	0	0	0	0	0	0	0	0	0	0	21355608	0	0	0	0	0	0	0	0	0	0	0	0	0	0	0	0	0	0	0	0	0	0	0	0	0	0	0	0	0	0	0	0	0	0	0	0	0	0	0	0	0	0	0	0	0	0	0	0	0	0	0	0	0	7795452	0	0	0	0	0	0	0	0	0	0	0	0	23320848	0	0	0	0	0	0	0	0	0	0	0	0	0	0	0	0	0	0	0	0	0	0	23648388	0	0	0	0	0	0	0	0	0	0	0	0	0	0	0	0	0	0	0	0	0	0	0	0	0	0	0	0	0	0	0	0	0	0	0	0	0	0	0	0	0	0	0	0	0	0	0	0	0	0	0	0	0	0	0	0	0	0	23975928	0	0	0	0	0	15721920	19259352	0	0	0	0	0	0	0	0	19324860	0	0	0	0	0	0	0	0	0	0	0	0	10219248	0	0	0	0	0	0	0	0	0	0	0	0	0	0	0	0	0	0
2024-06-17	0	0	0	0	0	0	0	0	0	0	0	0	0	0	0	0	0	0	0	0	0	0	0	0	0	0	0	0	0	0	0	0	0	0	0	0	0	0	9433152	0	0	0	0	0	0	0	0	0	0	0	0	0	0	0	0	0	0	0	0	0	0	0	0	0	0	0	0	0	0	0	0	0	0	0	0	0	7795452	0	7795452	8843580	0	0	0	0	0	0	0	0	0	0	0	0	0	0	0	0	0	0	0	0	0	0	0	0	0	0	0	0	0	0	0	0	0	0	0	0	0	0	0	0	0	0	0	0	0	0	0	0	0	0	0	0	0	0	0	0	0	0	0	0	0	0	7860960	0	0	0	0	0	0	0	0	0	0	0	0	0	0	0	0	0	0	0	0	0	0	0	0	0	0	0	0	0	0	0	0	0	0	0	0	0	0	0	0	0	0	0	0	0	0	0	0	0	0	0	0	0	0	0	0	0	0	0	0	0	0	0	0	0	0	0	0	0	0	0	0	0	0	0	0	0	0	0	0	0	0	0	0	0	0	0	0	0	0	0	0	0	0	0	0	0	0	0	0	0	0	0	0	0	0	0	0	0	0	0	0	0	0	0	0	0	0	0	0	0	0	0	0	0	0	0	0	0	0	0	0	0	0	7795452	0	0	0	0	0	0	0
2024-06-24	0	0	0	0	0	0	0	0	0	0	0	0	0	0	0	0	0	0	0	0	0	0	0	0	0	0	0	0	0	0	0	0	0	0	0	0	0	0	0	0	0	0	0	0	0	0	0	0	0	0	0	0	0	0	0	0	0	0	0	0	0	0	0	0	0	0	0	0	0	0	0	0	0	0	0	0	0	0	0	0	0	0	0	0	0	0	0	0	0	0	0	0	7795452	0	0	0	0	0	0	0	0	0	0	0	0	0	0	0	0	0	0	0	0	0	0	0	0	0	0	0	0	0	0	0	0	0	0	0	0	0	0	0	0	0	0	0	0	0	0	0	0	0	0	0	0	0	0	0	0	0	0	0	0	0	0	0	0	0	0	0	0	0	0	0	0	0	0	0	0	0	0	0	0	0	0	0	0	0	0	0	0	0	0	0	0	0	0	0	0	0	0	0	0	0	0	0	0	0	0	0	0	0	0	0	0	0	0	0	0	0	0	0	0	0	0	0	0	0	0	0	0	0	0	0	0	0	0	0	0	0	0	0	0	0	0	0	0	0	0	0	0	0	0	0	0	0	0	0	0	0	0	0	0	0	0	0	0	0	0	0	0	0	0	0	0	0	0	0	0	0	0	0	0	0	0	0	0	0	0	0	0	0	0	0	0
2024-07-08	11855336	0	2780336	5977593	14967206	4575656	0	5780632	0	7009356	10136088	6419784	9559008	0	6419784	0	11392416	11789480	10893294	9393640	11685076	2679280	0	6419784	12080788	0	9114456	6419784	0	6354276	6616308	8511744	6419784	10571354	0	11450776	10657776	2949360	5030496	0	13107608	8991584	12944468	6812832	9615704	7205880	13282736	9105612	13984888	1085706328	0	13971768	7009356	8057484	0	0	9537618	13579103	9375924	0	2989072	6419784	0	0	9053656	8778072	11167616	0	10153740	9504668	9286968	21111814	6616308	0	9233108	7729944	9252804	10607296	2629472	9512232	3248624	12411732	6616308	3588480	10394160	5310864	6616308	10568092	6812832	0	0	6288768	6419784	9953780	0	11626198	4855696	4894480	6354276	6354276	5512680	6681816	0	7009356	0	6419784	3954064	6878340	7271388	0	9603308	4362414	8516936	6747324	0	2682162	10085068	6943848	0	8085340	15170001	7467912	6878340	0	2543944	7009356	6045800	7247640	6616308	6354276	7140372	2592944	6681816	1835008	6812832	6288768	2119752	0	4210608	8430786	0	10461496	9287908	0	0	6878340	7140372	3384464	0	7074864	6812832	4154120	0	0	6550800	4587095	4332264	4645471	6419784	6550800	3706992	9296096	0	11697883	0	7074864	12028640	2478706	9745068	2891384	7205880	6878340	2007760	10453364	0	0	4646127	0	7271388	11556724	3157727	0	0	0	12454273	0	0	0	0	0	0	0	0	0	0	0	0	0	0	0	0	0	0	0	0	0	0	0	0	0	0	0	0	0	0	0	0	0	0	0	0	0	0	0	0	0	0	0	0	0	0	0	0	0	0	0	0	0	0	0	0	0	0	0	0	0	0	0	0	0	0	0	0	0	0	0	0	0	0	0	0	0	0	0	0	0	0	0	0	0	0	0	0	0	0	0	0	0	0	0	0	0	0	0	0
2024-07-15	0	0	0	0	0	0	0	0	0	0	0	0	0	0	0	0	0	0	0	0	0	0	0	0	0	0	0	0	0	0	0	0	0	0	0	0	0	0	0	0	0	0	0	0	0	0	0	0	0	0	0	0	0	0	0	0	0	0	0	0	0	0	0	0	0	0	0	0	0	0	0	0	0	0	0	0	0	0	0	0	0	0	0	0	0	0	0	0	0	0	0	0	0	0	0	0	0	0	0	0	0	0	0	0	0	0	0	0	0	0	0	0	0	0	0	0	0	0	0	0	0	0	0	0	0	0	0	0	0	0	0	0	0	0	0	0	0	0	0	0	0	0	0	0	0	0	0	0	0	0	0	0	0	0	0	0	0	0	0	0	0	0	0	0	0	0	0	0	0	0	0	0	0	0	0	0	0	0	0	0	0	9561376	0	4499224	0	11499094	2725568	0	0	10409176	0	7140372	6419784	4331658	0	11054256	4402381	6419784	3704484	2394971	9560108	9930064	2156096	0	6550800	0	2920447	524288	0	6878340	0	9837240	8582332	7271388	10206004	3154117	10231872	13489484	1930528	6878340	6354276	17693120	6747324	0	0	2742224	4009600	3004856	9936528	0	2401176	0	7009356	0	9928248	2897392	10455216	0	3497896	10598796	6419784	9614608	0	0	9034940	0	2649152	7336896	6681816	10293952	0	7074864	0	3537432	5830212	0	0	4311900	2392216	0	6550800	0	4258316	10285932	6419784	11057984	6421259	12125844	13700741	4319720	3415464	0	0	3975880	6354276	2796984	3552424	0	0	0	0	8975720	2922936	12178476	6681816
2024-07-22	0	0	0	0	9629676	0	11660424	12184488	10415772	0	8450532	0	10153740	9891708	10350264	13429140	0	8974596	10939836	0	9957216	0	0	0	10088232	0	10022724	12184488	9040104	10415772	0	10022724	10088232	12577536	0	0	0	0	11922456	0	0	10153740	8450532	11267376	0	10022724	0	1074476719	11529408	11660424	0	11922456	6550800	9891708	12905076	10088232	0	12446520	24368976	12053472	10022724	0	10022724	0	12249996	8450532	9695184	0	12184488	12512028	0	0	6419784	9957216	0	12315504	0	11594916	0	10415772	10022724	11725932	13822188	9891708	0	11594916	0	0	11791440	6616308	13887696	0	10022724	10481280	0	12512028	0	12184488	10219248	0	0	0	12381012	2751336	0	11987964	0	11987964	0	0	3209892	0	10088232	11529408	12577536	0	0	9891708	10022724	12118980	6616308	11398392	0	0	10088232	10022724	12118980	0	12512028	0	0	1007123880	0	12643044	10088232	0	9040104	10022724	0	11922456	10022724	3941139744	7467912	0	9760692	0	9957216	10415772	12249996	10022724	24762024	0	10022724	0	9957216	9695184	0	13756680	0	10088232	13560156	12512028	0	12512028	0	0	0	10022724	10022724	0	10284756	9498660	6026736	12249996	0	0	2489304	10022724	0	0	0	0	9695184	10022724	13756680	11594916	131016	10939836	0	12446520	12249996	0	10088232	0	12643044	0	2423796	0	12249996	0	0	0	12315504	0	10022724	0	12249996	10022724	12184488	12512028	0	0	10022724	11725932	10022724	10022724	0	12839568	12249996	0	0	0	11922456	10088232	15459888	6419784	9957216	10612296	10088232	0	0	11594916	0	13625664	0	21159084	9826200	14084220	0	12446520	11987964	0	13953204	12839568	0	11725932	6223260	0	0	11594916	11725932	0	0	11922456	0	12512028	10284756	10088232	9695184	14018712	9760692	9957216	11594916	7402404	0	10088232	10219248	0	0	0	11987964	0	0	10022724	13560156	0	0	0	12118980	0	0	5437164	10022724	0	0
2024-07-29	0	0	0	0	0	0	0	0	0	0	0	0	0	0	0	0	0	0	0	0	0	0	0	0	0	0	0	0	0	0	0	0	0	0	0	0	0	0	0	0	0	0	0	0	0	0	0	0	0	0	0	0	0	0	0	0	0	0	0	0	0	0	0	0	0	0	0	0	0	0	0	0	0	0	0	0	0	0	0	0	0	0	0	0	0	0	0	0	0	0	0	0	0	0	0	0	0	0	0	0	0	0	0	0	0	0	0	0	0	0	0	0	0	0	0	0	0	0	0	0	0	0	0	0	0	0	0	0	0	0	0	0	0	0	0	0	0	0	0	0	0	0	0	0	0	0	0	0	0	0	0	0	0	0	0	0	0	0	0	0	0	0	0	0	0	0	0	0	0	0	0	0	0	0	0	0	0	0	0	0	0	0	0	0	0	0	0	0	0	0	0	0	0	0	0	0	0	0	0	0	0	0	0	0	0	0	0	0	0	0	0	0	0	0	0	0	0	0	0	0	0	0	0	0	0	0	0	0	0	0	0	0	0	0	0	0	0	0	0	0	0	0	0	0	0	0	0	0	0	0	0	0	2851386736	0	0	0	0	0	0	0	0	0	0	0	0	0	0	0	0	0	0	0	0	0	0	0	0	0	0	0	0	0	0	0	0
2024-08-05	0	0	0	0	0	0	0	0	0	0	0	0	0	0	0	0	0	0	0	0	0	0	0	0	0	0	0	0	0	0	0	0	0	0	0	0	0	0	0	0	0	0	0	0	0	0	0	0	0	0	0	0	0	0	0	0	0	0	0	0	0	0	0	0	0	0	0	0	0	0	0	0	0	0	0	0	0	0	0	0	0	0	0	1333444992	0	0	0	0	0	0	0	0	0	0	0	0	0	0	0	0	0	0	0	0	0	0	0	0	0	0	0	0	0	0	0	0	0	0	0	0	0	0	0	0	0	0	0	0	0	0	0	0	0	0	0	0	0	0	0	0	0	0	0	0	0	0	0	0	0	0	0	0	0	0	0	0	0	0	0	0	0	0	0	0	0	0	0	0	0	0	0	0	0	0	0	0	0	0	0	0	0	0	0	0	0	0	0	0	0	0	0	0	0	0	0	0	0	0	0	0	0	0	0	0	0	0	0	0	0	0	0	0	0	0	0	0	0	0	0	0	0	0	0	0	0	0	0	0	0	0	0	0	0	0	0	0	0	0	0	0	0	0	0	0	0	0	0	0	0	0	0	0	0	0	0	0	0	0	0	0	0	0	0	0	0	0	0	0	0	0	0	0	0	0	0	0	0	0	0	0	0	0	0	0	0
2024-08-12	0	0	0	0	0	0	0	0	0	0	0	0	0	0	0	0	0	0	0	0	0	0	0	0	0	0	0	0	0	0	0	0	0	0	0	0	0	0	0	0	0	0	0	0	0	0	0	0	0	0	0	0	0	0	0	0	0	0	0	0	0	0	0	0	0	0	0	0	0	0	0	0	0	0	0	0	0	0	0	0	0	0	0	0	0	0	0	0	0	0	0	0	0	0	0	0	0	0	0	0	0	0	0	0	0	0	0	0	0	0	0	0	0	0	0	0	0	0	0	0	0	0	0	0	0	0	0	0	0	0	0	0	0	0	0	0	0	0	0	0	0	0	0	0	0	0	0	0	0	0	0	0	0	0	0	0	0	0	0	0	0	0	0	0	0	0	0	0	0	0	0	0	0	0	0	0	0	0	0	0	0	0	0	0	0	0	0	0	0	0	0	0	0	0	0	0	0	0	0	0	0	0	0	0	0	0	0	0	0	0	0	0	0	0	0	0	0	7795452	0	0	0	0	0	0	0	0	0	0	0	0	0	0	0	0	0	0	0	0	0	0	0	0	0	0	0	0	0	0	0	0	0	0	0	0	0	0	0	0	0	0	0	0	0	0	0	0	0	0	0	0	0	0	0	0	0	12839568	0	0	0	0	0	0	0	0	0
2024-08-19	0	0	0	0	0	0	0	0	0	0	0	0	0	0	0	0	0	0	0	0	0	0	0	0	0	0	0	0	0	0	0	0	0	0	0	0	0	0	0	0	0	0	0	0	0	0	0	0	0	0	0	0	0	0	0	0	0	0	0	0	0	0	0	0	0	0	0	0	0	0	0	0	0	0	0	0	0	0	0	0	0	0	0	0	0	0	0	0	0	0	0	0	0	0	0	0	0	0	0	0	0	0	0	0	0	0	0	0	0	0	0	0	0	0	0	0	0	0	0	0	0	0	0	0	0	0	0	0	0	0	0	0	0	0	0	0	0	0	0	0	0	0	0	0	0	0	0	0	0	0	0	0	0	0	0	0	0	0	0	0	0	0	0	0	0	0	0	0	0	0	0	0	0	0	0	0	0	0	0	0	0	0	0	0	0	0	0	0	0	0	0	0	0	13756680	0	0	12839568	0	0	0	0	0	0	0	0	0	0	0	0	0	0	0	0	0	0	0	0	0	0	0	0	0	0	0	0	0	0	0	0	0	0	0	0	0	0	0	13298124	0	0	0	0	0	0	0	0	0	0	0	0	0	0	0	0	0	0	0	0	0	0	0	0	0	0	0	0	0	0	0	0	0	0	0	0	0	0	0	0	0	0	0	0	0	0	0	0
2024-08-26	36822116	0	14215236	5568180	0	8909088	4389036	3799464	0	2751336	6354276	1058397664	766301716	9105612	0	8057484	15983952	131016	8516040	16770048	18866304	10088232	0	20438496	1965240	10153740	11529408	6419784	0	131016	6878340	9957216	22862292	0	10153740	9433152	19652400	18407748	19717908	6354276	10350264	22207212	0	10874328	0	24893040	0	0	20569512	1085357232	8778072	2882352	0	3340908	10088232	9957216	20372988	10677804	10546788	6354276	10350264	16311492	6354276	6354276	1113636	0	6616308	0	9367644	7009356	0	0	0	9433152	9629676	10350264	0	19062828	12577536	10481280	0	19455876	14215236	17425128	0	10612296	12708552	13232616	19914432	0	20569512	1092297988	6223260	0	25089564	12315504	17818176	9957216	0	23058816	20045448	12184488	0	19390368	13232616	4192512	14411760	14608284	0	0	10153740	0	5437164	0	0	0	10219248	20504004	20438496	6223260	4389036	20569512	19455876	25875660	131016	0	0	9957216	15983952	9040104	11529408	0	6616308	24303468	12184488	10743312	10612296	10546788	12839568	0	25089564	22010688	13167108	0	0	2161764	1441176	10481280	0	7729944	13167108	10350264	18211224	0	6419784	17163096	1329271980	9957216	14084220	0	3733956	12249996	0	13036092	13232616	9957216	3799464	0	6747324	0	4847592	10022724	8647056	196524	0	131016	2052117527	9564168	8057484	20045448	0	11529408	12053472	1419809080	13298124	7140372	8909088	10022724	6747324	20110956	6354276	9629676	13232616	14149728	23779404	7467912	0	6354276	14739300	0	13822188	21224592	19062828	23910420	0	0	937185983	16442508	25810152	15263364	0	802952176	933330656	5764704	7795452	15525396	11070852	10022724	22993308	10088232	4978608	18669780	4323528	18538764	8516040	0	10088232	0	0	10481280	8319516	0	9891708	12774060	0	12774060	0	0	20700528	21879672	25351596	7140372	9957216	7533420	9760692	13363632	11725932	12512028	12118980	0	0	11398392	6092244	6354276	4258020	10677804	6943848	0	12053472	11201868	0	20176464	10677804	4389036	9367644	0	10546788	13429140	9957216	10088232	3144384	0	19128336	0	434944476	11529408	4389036	0	6812832	16114968	20635020	0	20045448	23975928	20241972
2024-09-02	0	0	0	1706191858	608174080	0	0	0	0	0	0	0	1434650256	0	0	0	0	0	482100158	297800916	0	0	0	0	0	0	0	0	0	0	0	0	0	0	566231040	610783168	0	0	12381012	0	0	0	0	655704692	489332772	0	0	0	0	2350636284	0	9957216	0	0	0	0	0	607765539	0	0	0	0	0	0	0	0	0	0	0	624417476	369836592	0	1271233768	0	0	0	0	0	0	1030340132	0	0	0	2506837664	0	0	0	0	0	0	0	2151448928	0	0	0	0	0	0	2206067600	0	0	943245300	0	0	0	0	0	916097376	2552849936	0	0	0	0	0	0	0	0	0	0	0	0	702448064	0	0	0	976022356	0	0	0	0	0	0	0	0	0	0	0	0	0	0	0	898961568	0	2207781956	1262696456	0	0	628421080	0	0	0	0	0	0	0	0	2564329668	0	0	0	0	0	0	0	0	0	0	0	642305360	0	0	0	0	0	2590935036	394173980	0	0	0	0	0	0	0	4674948992	0	0	0	0	0	0	0	1435338392	0	0	0	0	0	381727460	0	0	0	0	0	0	0	2929504028	1706659475	0	0	0	0	1396050968	944790024	0	0	0	0	0	0	0	0	0	679783128	0	0	0	626632780	0	0	0	0	0	0	0	0	0	0	11987964	0	0	0	0	0	0	0	0	0	1035442056	1640505504	0	0	0	0	0	0	0	0	0	2445464380	0	984944376	0	0	0	0	0	0	0	0	253225448	0	0	0	0	0	0	0	260457020	0	0	0	0	0	0	297891252
2024-09-09	0	461373440	0	0	0	0	0	0	0	0	0	0	0	802459112	0	736929676	0	0	0	0	0	0	0	0	730185704	0	461373440	361020948	0	0	0	0	0	0	0	0	0	0	0	0	0	0	0	0	0	0	0	0	0	37178760	0	0	0	0	0	0	998183866	0	0	572434796	425171984	0	371378280	0	0	0	0	504283528	0	0	0	1186921728	0	0	579842040	0	262600924	0	0	0	0	520958044	0	0	0	787925928	0	0	587202560	0	687391172	0	0	0	0	0	0	0	0	0	434160740	0	1102938568	0	0	0	0	0	0	0	0	0	921742896	0	0	1108799356	0	0	0	0	482344960	0	0	0	0	0	0	0	896785688	0	452832640	0	813154784	0	0	0	0	0	0	0	0	0	0	0	0	608174080	0	0	0	0	0	0	1137258668	794234344	0	0	0	0	0	0	0	0	0	0	0	0	0	0	0	0	0	0	1069547520	0	0	0	0	0	0	616784568	0	0	0	0	0	922108122	0	0	0	0	0	0	0	0	0	0	0	0	0	0	0	899405980	0	543865504	541245612	0	0	0	0	0	0	0	0	0	437632664	398458880	0	0	0	0	587621472	942063936	0	671678656	0	0	0	565959096	0	1022522228	0	0	0	805743294	0	0	610478224	0	0	0	0	0	0	0	0	0	0	0	0	0	1083015176	0	0	1003782512	0	0	0	0	0	648330484	0	680650768	0	1283901608	234487568	0	293058139	352194864	0	0	228507036	0	0	0	0	0	0	0	0	0	0	0	293601280	0	0
2024-09-16	7205880	4716576	14608284	10153740	15001332	6878340	10022724	18030628	15263364	4389036	13935552	13560156	19193844	21449808	14337056	18009332	24297492	18276732	11005344	20110956	12274648	17228604	9419724	6354276	12211804	11340232	17564988	0	2490368	16508016	16082596	0	17167852	4151570	5450280	15499148	20942532	14804808	0	16508016	9177128	7681424	10088232	12577536	6419784	13953204	3194504	15328872	11299060	15263364	8648040	7271388	4429216	10263196	7205880	11594916	15236814	6616308	7607208	8319516	6485292	0	13284536	2879552	7874512	2091392	0	0	19980451	2364296	10138572	16788286	6616308	9498660	0	7074864	18080208	13293124	16639032	3092448	20346212	10153740	11405432	6878340	0	21294816	9748228	12315504	6943848	0	0	11286008	14280744	3533996	11682560	6812832	4855696	7860960	23351904	7074920	5512680	0	10548936	29898432	17982644	24489994	9849784	16639032	12839568	8734552	0	4362414	0	10474416	17085236	17752668	9888544	14588548	10022724	7009356	13232616	34176744	7074864	6747324	21148216	25637776	18295796	17270364	20453304	14191108	2469248	6812832	11332884	6878340	8450532	16377000	13911192	10254342	14944872	1879986	7009356	10789036	7009356	26670300	28512536	6511121	6812832	3384464	6878340	21290100	11987964	10901444	14985832	6747324	6943848	0	6681816	0	14804808	0	13887696	18145716	9776996	11566867	11268153	16704540	26636924	9357046	0	9367644	23504035	18866304	12095992	20083040	8254008	16311492	11589975	10276422	12577536	4809400	3157727	10088232	0	4323528	17032080	8057484	9433152	10022724	4651068	10474684	13389052	22203780	10635736	12127110	18866566	23042220	19521384	6747324	19324860	20045448	10153740	10716160	14018712	4127360	2815304	7074864	12381012	7009356	17032080	12787236	3011912	10295796	9368428	11529408	3851728	17163096	16311492	9987388	17390416	17043988	19805476	16508016	6747324	10056876	20272996	9751580	10560400	21281588	13277436	7271388	2401176	12845504	4698279	24496170	20344020	23663428	5044116	19521384	9721156	22324728	4871488	2670760	20522424	19111261	8838416	7402404	12737384	20086116	17368980	14935824	18997320	17357932	16966572	9992880	11590612	12422980	14215236	3460296	8254008	10022724	16442508	10022724	11398688	13364808	29218064	13036092	16574999	12643044	27653945	21024260	0	9059516	6747324	6681816	15918444	18125856	7941460	12118980	9421432	14244148	17282584	9171120	10259832	8319516	10153740
2024-09-23	34140768	0	0	0	0	0	0	20971520	27409792	50847040	35042512	27913072	43247312	48981648	42390104	61858152	50978904	42463408	41698238	21455120	37312368	29680112	37143328	29080408	50553864	46500416	28712492	28573424	29245608	20803808	47740768	67494144	55774016	56973586	51063336	38324288	46443624	43057392	42779232	49129952	31593240	26426960	44994624	35291816	21677184	46921416	15728640	0	0	0	0	0	0	0	0	0	0	0	0	0	0	0	0	0	0	0	0	0	0	0	12577536	0	0	0	0	0	0	0	0	0	0	0	0	0	0	0	0	0	0	0	0	0	0	0	0	0	0	0	0	0	0	0	0	0	0	0	0	0	0	0	0	0	0	0	0	0	0	0	0	0	0	0	0	0	0	0	0	0	10219248	0	0	0	0	0	0	0	0	0	0	0	0	0	0	0	0	0	0	0	0	0	0	0	0	0	0	0	0	0	0	0	0	0	0	0	0	0	0	0	0	0	0	0	0	12315504	0	0	0	0	0	0	0	0	0	0	0	0	0	0	0	0	0	0	0	0	0	0	0	0	0	0	0	0	0	0	0	0	11987964	0	0	0	0	0	0	0	0	0	0	0	0	12774060	0	0	0	0	0	0	0	0	0	0	0	0	0	0	0	0	0	0	0	0	0	0	0	0	0	0	0	0	0	0	0	0	7860960	0	0	0	0	0	0	0	0	4127004	0	0	0	0	0	0	0	0	0	0	0	0	0	0	0	0	0	0	0	0	0	0	0
2024-09-30	0	0	0	0	0	0	0	0	0	0	0	0	0	0	0	0	0	0	0	0	0	0	0	0	0	0	0	0	0	0	0	0	0	0	0	0	0	0	0	0	0	0	0	0	0	0	0	0	0	0	0	0	0	0	0	0	0	7860960	0	0	0	0	0	0	0	0	0	0	0	0	0	0	0	0	0	0	0	0	0	0	0	0	0	0	0	0	0	0	0	0	0	0	17294112	0	0	0	0	0	0	0	0	0	0	0	0	0	0	0	0	0	0	0	0	0	0	0	0	0	0	0	0	0	0	0	0	0	0	0	0	0	0	0	0	0	0	0	0	0	0	0	0	0	0	0	0	0	0	0	0	0	0	0	0	0	0	0	0	0	0	0	0	0	0	0	0	0	0	0	0	0	0	0	0	0	0	0	0	0	7860960	0	0	0	0	0	0	0	0	0	0	0	0	0	0	0	0	12249996	0	0	0	0	0	0	0	0	0	0	0	0	0	0	0	0	0	0	0	0	0	0	0	0	0	0	0	0	0	0	0	0	0	0	0	0	0	12053472	0	0	0	0	0	0	0	0	0	0	0	0	0	0	0	0	0	0	0	0	0	0	0	0	0	0	0	0	0	0	0	0	0	0	0	0	0	0	0	0	0	0	0	0	0	0	0	0	0	0	0
2024-10-07	0	0	0	0	0	0	0	0	0	0	100845484	0	0	0	0	0	0	0	0	0	0	0	0	0	0	0	0	0	0	0	0	0	97439068	0	0	0	0	0	0	0	0	0	0	0	0	0	0	0	0	0	101566072	0	0	0	0	0	0	0	0	0	0	0	10088232	0	0	0	0	0	0	0	0	0	0	0	9826200	0	0	4127004	0	0	0	101304040	0	100714468	0	96521956	100452436	0	101697088	0	101304040	0	101107516	102221152	101238532	0	98356180	90757252	0	0	0	0	0	12118980	0	0	0	0	0	0	0	0	0	0	0	0	0	0	0	97635592	0	96325432	100321420	0	0	0	0	100845484	96521956	101435056	0	100910992	96587464	100386928	0	101173024	0	0	0	0	0	0	0	0	0	0	0	0	0	0	0	0	0	0	0	0	0	0	0	0	0	0	0	0	0	0	0	0	0	0	0	0	0	0	0	0	0	0	0	0	0	0	0	14084220	0	98028640	101566072	101697088	0	101893612	0	0	101238532	0	101173024	0	0	0	0	0	0	0	0	0	0	0	0	0	0	0	0	0	93181048	100386928	202018508	0	0	0	0	0	100976500	102155644	97963132	100779976	0	101042008	0	0	0	0	0	0	101566072	100910992	0	101697088	101304040	0	96718480	101762596	101828104	97439068	102024628	0	97570084	97046020	0	0	0	0	0	0	0	0	0	0	101369548	100452436	89119552	0	97111528	0	0	0	97504576	0	192519848	100583452	0	0	101173024	0	101173024	0	0	0	101238532	97308052	100386928	97897624	12577536	100910992	0	100779976	0
2024-10-14	0	0	0	0	0	0	0	0	0	0	13756680	0	0	0	0	0	0	0	0	0	0	0	0	0	0	0	0	0	0	0	0	0	0	7795452	0	0	0	0	0	0	0	0	0	0	0	0	0	0	0	0	0	0	0	0	0	0	0	0	0	0	0	0	0	0	0	0	0	0	0	0	0	0	0	0	0	0	0	0	0	0	0	0	0	0	0	0	0	0	0	0	0	0	0	0	0	13625664	0	0	0	0	0	0	0	0	0	0	0	0	0	0	0	0	0	0	0	0	0	0	0	0	0	0	0	0	0	0	0	0	0	0	0	0	0	0	0	0	0	0	0	0	0	0	0	0	0	0	0	0	0	0	0	0	0	0	0	0	0	0	0	0	0	0	0	0	0	0	0	0	0	0	0	0	0	0	0	0	0	0	0	0	0	0	0	0	0	0	0	0	0	0	0	0	0	0	0	0	0	0	0	0	0	0	0	0	0	0	0	0	0	0	0	0	0	0	0	0	0	0	0	0	0	0	0	7795452	0	0	0	0	0	0	0	0	0	0	0	0	0	0	0	0	0	0	0	0	0	0	0	0	0	0	0	0	0	0	0	0	0	0	0	0	0	0	0	0	0	0	0	0	0	0	0	0	0	0	0	0	0	0	0	0	0	0	0	0	0
2024-10-21	673424	0	0	0	0	0	0	0	0	0	0	0	0	0	0	0	0	0	0	0	0	29680112	37143328	29080408	55796744	46500416	28712492	28573424	29245608	20803808	52983648	72737024	61016896	62216466	51063336	38324288	46443624	48300272	42779232	54372832	36836120	15728640	0	0	0	0	0	0	0	0	0	0	0	0	0	0	0	0	0	0	0	0	0	0	10485760	21621120	27620764	27181448	66516947	27923336	19251352	54279582	39156968	29275304	28831256	19029196	24132192	29878016	22028128	43986912	27103728	27815464	0	0	0	0	0	0	0	0	0	0	0	0	0	0	0	0	0	0	0	0	0	0	0	0	0	0	0	4127004	0	0	0	0	0	0	0	0	0	0	0	0	0	0	0	0	0	0	0	0	0	0	0	0	0	0	0	0	0	0	0	0	0	0	0	0	0	0	0	0	0	0	0	0	0	0	0	0	0	0	0	0	0	0	0	0	0	0	0	0	0	0	0	0	0	0	0	0	0	0	0	0	0	0	0	0	0	0	0	0	0	0	0	0	0	0	0	0	0	0	0	0	0	0	0	0	0	0	0	0	0	0	0	0	0	0	0	0	0	0	0	0	0	0	0	0	0	0	0	0	0	0	0	0	0	0	0	0	0	0	0	0	0	0	0	0	0	0	0	0	0	0	0	0	0	0	0	0	0	0	0	0	0	0	0	0	0	0	0	0	0	0	0	0	0	0	0	0	0	0	0	0	0	0	0
2024-10-28	47637656	47296663	32664752	48900061	49705654	34652900	44625708	52242044	0	23589600	8778072	10350264	8319516	0	0	7795452	2947860	6943848	0	10284756	0	0	4389036	8057484	9957216	7860960	0	0	0	0	10219248	0	0	10219248	0	7729944	0	0	0	10153740	0	0	8909088	4782084	0	0	0	13232616	7926468	7860960	0	8122992	10153740	6747324	0	7598928	0	10153740	8319516	0	0	8385024	10153740	7860960	0	8057484	10350264	0	10153740	5306148	10153740	8843580	6419784	0	0	0	10153740	0	8712564	9040104	10153740	0	10284756	8516040	8319516	7860960	10284756	0	8647056	8450532	5371656	0	10153740	7860960	8974596	0	7860960	0	10153740	4978608	0	10153740	9629676	4323528	0	0	9367644	0	10088232	9105612	10153740	0	10350264	0	0	0	0	0	0	7074864	5699196	8319516	0	7860960	0	4913100	0	0	10677804	0	0	0	6878340	7991976	8057484	0	8974596	0	10350264	0	131016	0	0	0	8778072	0	0	0	0	4782084	0	0	0	0	0	0	5175132	9171120	0	0	6616308	0	0	10088232	0	9564168	0	0	10153740	0	5109624	0	0	10219248	0	0	10219248	0	6681816	0	7860960	16508016	10350264	0	0	8450532	4913100	4651068	0	11136360	7991976	0	0	0	10219248	5240640	5306148	0	0	0	5437164	7860960	6616308	8319516	0	5109624	7467912	7860960	5437164	6812832	0	6485292	0	0	0	10219248	0	0	10153740	8385024	8385024	8450532	0	0	0	0	0	10153740	19128336	6223260	0	8254008	5044116	0	0	6681816	0	0	0	7991976	0	6616308	8254008	7860960	6157752	0	0	10153740	0	8778072	0	0	0	5568180	9957216	10219248	0	0	0	7860960	0	24631008	0	0	0	10219248	8319516	8909088	9236628	7860960	0	8254008	0	0	97111528	4651068	7860960	2161764	0	7860960	5764704	0	0	7926468	0
2024-11-04	0	0	0	0	0	0	0	0	0	0	0	0	0	0	0	0	0	0	0	0	0	0	0	0	0	0	0	0	0	0	0	0	0	0	0	0	4127004	0	0	0	0	0	0	0	0	0	0	0	0	0	0	0	0	0	0	0	0	0	0	0	0	0	0	0	0	0	0	0	0	0	0	0	0	0	0	0	0	0	0	0	0	0	0	0	0	0	0	0	0	0	0	0	0	9891708	0	0	0	0	0	0	0	0	0	0	0	0	0	0	0	0	0	0	0	0	0	0	0	0	0	0	0	0	0	0	0	0	0	0	0	0	0	0	0	0	0	0	0	0	0	0	0	0	0	0	0	0	0	0	0	0	0	0	0	0	0	0	0	0	0	0	0	0	0	0	0	0	0	0	5764704	0	0	0	0	0	0	0	0	0	0	0	0	0	0	0	0	0	0	0	0	0	0	0	0	0	0	0	0	0	0	0	0	0	0	0	0	0	0	0	0	0	0	0	0	0	0	0	0	0	0	0	0	0	0	0	0	0	0	0	0	0	0	0	0	0	0	0	0	0	0	0	0	0	0	0	0	0	10022724	0	0	0	0	0	0	0	0	0	0	0	0	0	0	0	0	0	0	0	0	0	0	0	0	0	0	0	0	0	0	0	0	0	0	0	0	0	0
2024-11-11	0	0	0	0	0	0	0	0	0	0	0	0	0	0	0	0	0	0	0	0	0	0	0	0	0	0	0	0	0	4127004	0	0	0	0	0	0	6485292	0	0	0	0	0	0	0	0	0	0	0	0	0	0	0	0	0	0	0	0	0	0	0	0	0	0	0	0	0	0	0	0	0	0	0	0	0	0	0	0	0	0	0	0	0	0	0	0	0	0	0	0	0	0	0	0	0	0	0	0	0	0	0	0	0	0	0	0	0	0	0	0	0	0	0	0	0	0	0	0	0	0	0	0	0	0	0	0	0	0	0	0	0	0	0	0	0	0	0	0	0	0	0	0	0	0	0	0	0	0	0	0	0	0	0	0	0	0	0	0	0	9695184	0	0	0	0	0	0	0	0	0	0	0	0	0	0	0	0	0	0	0	0	0	0	0	0	0	0	0	0	0	0	0	0	0	0	0	0	0	0	0	0	16966572	0	0	0	0	0	0	0	0	0	0	0	0	0	0	0	0	0	0	0	0	0	0	0	0	0	0	0	0	0	0	0	0	0	0	0	0	0	0	0	0	0	0	0	0	0	0	0	0	0	0	0	0	0	0	0	0	0	0	0	0	0	0	0	0	0	0	0	0	0	0	0	0	0	0	0	0	0	0	0	0	0	0	0	0	0
2024-11-18	4127004	22182458	16342788	4127004	13267638	12962304	16118248	16002512	24210772	8188500	0	14602012	16703468	49591736	18795408	0	0	0	0	0	0	0	0	0	0	0	0	0	0	0	0	0	0	0	0	0	0	0	0	0	0	0	0	0	0	0	0	0	4127004	0	0	0	0	10612296	0	0	0	0	0	0	0	0	0	0	0	0	0	0	0	0	8909088	0	0	0	0	0	0	0	0	0	0	0	0	0	0	0	0	0	0	0	0	0	0	0	0	0	0	0	0	0	0	0	0	0	0	0	0	0	0	0	0	0	0	0	0	0	0	0	0	0	0	0	0	0	0	0	0	0	0	0	0	0	0	0	0	0	0	0	0	0	0	0	0	0	0	0	0	0	0	0	0	0	0	0	0	0	0	0	0	0	0	0	0	0	0	0	0	0	0	0	0	0	0	0	0	0	0	13887696	0	0	0	0	0	0	0	0	0	0	0	0	0	0	0	0	0	0	0	0	0	0	0	0	0	0	0	0	0	0	0	0	17032080	0	0	0	0	0	0	0	0	0	0	0	0	0	0	0	0	0	0	0	0	0	0	0	0	0	0	0	0	0	0	0	0	0	0	0	0	0	0	0	0	0	0	0	0	0	0	0	0	0	0	0	0	0	0	0	0	0	0	0	0	0	0	0	0	0	0	0	0	0	0	0	0	0	0
2024-11-25	0	0	0	0	0	0	0	0	0	0	0	0	0	0	0	0	0	0	6616308	0	0	0	0	0	0	0	0	0	0	0	0	0	0	0	0	0	0	0	0	0	0	0	0	0	0	0	0	0	0	0	0	0	0	0	0	0	0	0	0	0	0	0	0	0	0	0	0	0	0	0	0	0	0	0	0	9564168	0	0	0	0	0	0	0	0	0	0	0	0	0	0	0	0	0	0	0	0	0	0	0	0	0	0	0	0	0	0	0	0	0	0	0	0	0	0	0	0	0	0	0	0	0	0	0	0	0	0	0	0	0	0	0	0	0	0	0	0	0	0	0	0	0	0	0	0	0	0	0	0	0	0	0	0	0	0	0	0	0	0	0	0	0	0	0	0	0	0	0	0	0	0	0	0	0	0	0	0	0	0	0	0	0	0	4127004	0	0	0	0	0	0	0	0	0	0	0	0	0	0	0	0	0	0	0	0	0	0	0	0	0	0	0	0	0	0	0	0	0	0	0	0	0	0	0	0	0	0	0	0	0	0	0	0	0	0	9826200	0	0	0	0	0	0	0	0	0	0	0	0	0	0	0	0	0	0	0	0	0	0	0	0	0	0	0	0	0	0	0	0	0	0	0	0	0	0	0	0	0	0	0	0	0	0	0	0	0	0	0
2024-12-02	0	0	0	576271865	673608374	0	0	0	0	0	0	578813952	445900496	0	0	0	369098752	0	0	0	0	0	0	0	0	0	0	0	0	0	0	0	0	0	0	578813952	0	0	0	0	0	0	0	0	0	0	0	612368384	0	0	0	0	0	0	0	0	0	0	0	0	0	0	0	0	0	0	0	0	0	427430792	0	0	0	0	0	0	0	0	0	0	0	0	0	0	0	0	0	4127004	0	0	0	0	0	0	10153740	0	0	0	0	0	0	0	0	0	0	0	0	0	0	0	0	0	0	0	0	0	0	0	0	0	0	0	0	0	0	0	0	0	0	527408760	0	0	0	0	0	0	0	0	0	0	0	0	620756992	0	0	0	0	0	0	0	0	0	0	0	0	0	0	0	0	0	0	0	0	0	0	0	0	0	0	0	0	0	0	0	0	358064440	0	0	0	0	0	0	0	0	0	0	0	0	0	6878340	0	0	0	0	0	0	0	0	0	0	0	0	0	0	0	0	497848319	0	0	0	0	448537968	562532280	0	0	0	0	0	503316480	0	0	0	0	0	0	553648128	687865856	0	0	0	0	0	0	0	0	0	0	0	0	410174896	0	0	0	0	0	0	0	0	0	0	0	0	0	0	0	0	0	0	494927872	0	0	0	0	0	0	276824064	0	0	0	0	0	302467016	260046848	0	265010552	0	0	268435456	0	0	0	0	0	298696416	215136728
2025-01-13	0	0	0	0	0	0	0	0	0	0	0	0	0	0	0	0	0	0	0	0	0	0	0	0	0	0	0	0	0	0	0	0	0	0	0	0	0	0	0	0	0	0	0	0	0	0	0	0	0	0	0	0	0	0	0	0	0	0	0	0	0	0	0	0	0	0	0	0	0	0	0	0	0	0	0	0	0	0	0	0	0	0	0	0	0	0	0	0	0	0	0	0	0	0	0	0	0	0	0	0	0	0	0	0	0	0	0	0	0	0	0	0	0	0	0	0	0	0	0	0	21814164	0	0	0	0	0	0	0	0	0	0	0	0	0	0	0	0	0	0	0	0	0	0	0	0	0	0	0	0	0	0	0	0	0	0	0	0	0	0	0	0	0	0	0	0	0	0	0	0	0	0	0	0	0	0	0	0	0	0	0	0	0	0	0	0	0	0	0	0	0	0	0	0	0	0	0	0	0	0	0	0	0	0	0	0	0	0	0	0	0	0	0	0	0	0	0	0	0	0	0	0	0	0	0	0	0	0	0	0	0	0	0	0	0	0	0	0	0	0	0	0	0	0	0	0	0	0	0	0	0	0	0	0	0	0	0	0	0	0	0	0	0	0	0	0	0	0	0	0	0	0	0	0	0	0	0	0	0	0	0	0	0	0	0	0
2025-01-20	0	0	0	0	0	0	0	0	0	0	0	0	0	0	0	0	0	0	0	0	0	0	0	0	0	0	0	0	0	0	0	0	0	0	0	0	0	0	0	0	0	0	0	0	0	0	0	0	0	0	0	0	0	0	0	0	0	0	0	0	0	0	0	0	0	0	0	0	0	0	0	0	0	0	0	0	0	0	0	0	0	0	0	0	0	0	0	0	0	0	0	0	0	0	0	0	0	0	0	0	0	0	0	0	0	0	0	0	0	0	0	0	0	0	0	0	0	0	0	25875660	0	0	0	13953204	0	41663088	0	0	19521384	22665768	0	0	0	0	0	0	0	0	0	0	0	0	0	0	0	0	0	0	0	0	0	0	0	0	0	0	0	0	0	0	0	0	0	0	0	0	0	0	0	0	0	0	0	0	0	0	0	0	0	0	0	0	0	0	0	0	0	0	0	0	0	0	0	0	0	0	0	0	0	0	0	0	0	0	0	0	0	0	0	0	0	0	0	0	0	0	0	0	0	0	0	0	0	0	0	0	0	0	0	0	0	0	0	0	0	0	0	0	0	0	0	0	0	0	0	0	0	0	0	0	0	0	0	0	0	0	0	0	0	0	0	0	0	0	0	0	0	0	0	0	0	0	0	0	0	0	0	0	0	0	0	0	0	0	0
2025-02-10	0	0	0	0	0	0	0	0	0	0	0	0	0	0	0	0	0	0	0	0	0	0	0	0	0	0	0	0	0	0	0	0	0	0	0	0	0	0	0	0	0	0	0	0	0	0	0	0	0	0	0	0	0	0	0	0	0	0	0	0	0	0	0	0	0	0	0	0	0	0	0	0	0	0	0	0	0	0	0	0	0	0	0	0	0	0	0	0	0	0	0	0	0	0	0	0	0	0	0	0	0	0	0	0	0	0	0	0	0	0	0	0	0	0	0	0	0	0	0	0	0	0	0	0	0	0	0	0	0	0	0	0	0	0	0	0	0	0	0	0	0	0	0	0	0	0	0	0	0	0	1193095912	0	0	0	0	0	0	0	0	0	0	0	0	0	0	0	0	0	0	0	0	0	0	0	0	0	0	0	0	0	0	0	0	0	0	0	0	0	0	0	0	0	0	0	0	0	0	0	0	0	0	0	0	0	0	0	0	0	0	0	0	0	0	0	0	0	0	0	0	0	0	0	0	0	0	0	0	0	0	0	0	0	0	0	0	0	0	0	0	0	0	0	0	0	0	0	0	0	0	0	0	0	0	0	0	0	0	0	0	0	0	0	0	0	0	425745824	0	0	0	0	0	0	0	0	0	0	0	0	0	0	0	0	0	0	0
2025-03-03	0	0	0	0	0	0	0	0	0	0	0	0	0	0	0	0	0	0	0	0	0	0	0	0	0	0	0	0	0	0	0	0	0	0	0	0	0	0	0	0	0	0	0	0	0	0	0	0	0	0	0	0	0	0	0	0	0	0	0	0	0	0	0	0	0	0	0	0	0	0	0	0	0	0	0	0	0	0	0	0	0	0	0	0	0	0	0	0	0	0	0	0	0	0	0	0	0	0	0	0	0	0	0	0	0	0	0	0	0	0	0	0	0	0	0	0	0	0	0	0	0	0	0	0	0	0	0	0	0	0	0	0	0	0	0	0	0	0	0	0	0	0	0	0	0	0	0	0	0	0	0	0	0	0	0	0	0	0	0	0	0	0	0	0	0	0	0	0	0	0	0	0	0	0	0	0	0	0	0	0	0	0	0	0	0	0	0	0	0	0	0	0	0	0	0	0	0	0	0	0	0	0	0	0	0	0	0	0	0	0	0	0	0	0	0	0	0	0	0	0	0	0	0	0	0	0	0	0	0	0	0	0	0	0	0	0	0	0	0	0	0	0	0	0	0	0	0	0	0	0	0	0	0	0	0	0	0	0	0	0	0	0	0	0	0	0	0	0	0	0	0	0	0	0	0	0	0	0	0	0	0	0	0	0	17228604
2025-03-10	0	0	0	0	0	0	0	0	0	0	0	0	0	0	716800	0	0	0	0	0	0	0	0	0	0	0	0	716800	0	0	0	0	0	0	4520052	0	0	0	0	0	0	4127004	0	0	0	4323528	0	0	716800	0	0	0	0	0	0	0	0	0	0	0	0	0	0	0	0	4843804	0	0	0	0	0	0	0	0	0	0	0	4127004	0	0	0	0	0	0	0	0	0	0	0	716800	0	0	0	0	716800	0	716800	0	0	0	0	0	0	0	0	0	0	716800	0	0	0	0	0	0	0	0	0	0	0	0	0	0	716800	0	0	0	0	0	0	0	0	0	0	0	0	0	0	0	0	0	0	0	0	0	0	4127004	0	0	0	0	0	0	0	0	0	0	0	0	0	716800	0	716800	0	0	0	0	0	0	0	0	0	0	0	0	0	0	0	0	0	0	0	0	0	0	716800	0	0	0	0	0	4127004	0	0	0	0	0	0	0	0	0	0	0	0	0	0	0	0	0	0	0	0	0	0	0	0	0	0	0	0	0	0	0	0	716800	0	0	0	4061496	0	0	0	0	716800	0	0	0	0	0	0	0	0	0	0	0	0	0	4520052	0	0	0	0	1433600	0	0	0	0	0	0	0	0	716800	4061496	0	0	0	0	0	0	0	0	0	0	716800	0	0	0	0	0	0	0	0	0	0	0	0
2025-03-24	0	0	0	0	0	0	0	0	0	0	0	0	0	0	0	0	0	0	0	0	0	0	0	0	0	0	0	0	0	0	0	0	0	0	0	0	0	0	0	0	0	0	0	0	0	0	0	0	0	0	0	0	0	0	0	0	0	0	0	0	0	0	0	0	0	0	0	0	0	0	0	0	0	0	0	0	0	0	0	0	0	0	0	0	0	0	0	0	0	0	0	0	0	0	0	0	0	0	0	0	0	0	0	0	0	0	0	0	0	0	0	0	0	0	0	0	0	0	0	0	0	0	0	0	0	0	0	0	0	0	0	0	0	0	0	0	0	0	0	0	0	0	0	0	0	0	0	0	0	0	0	0	0	0	0	0	0	0	0	0	0	0	0	0	0	0	0	0	0	0	0	0	0	0	0	0	0	0	0	0	0	0	0	0	0	0	0	0	0	0	0	0	0	0	0	0	0	0	0	0	0	0	0	0	0	0	0	0	0	0	0	0	0	0	0	0	0	0	0	0	0	0	0	0	0	0	0	0	0	0	0	0	0	0	0	0	0	0	0	0	0	0	0	0	0	0	0	0	0	0	0	0	0	0	0	0	0	0	0	0	0	0	0	0	0	0	0	0	0	0	0	0	0	0	0	0	0	0	0	0	0	0	0	0	7336896
2025-03-31	0	0	0	853095929	0	0	0	0	0	0	0	0	0	0	0	0	0	0	0	461857040	0	0	0	0	0	0	0	0	0	0	0	0	0	0	0	0	0	0	0	0	0	0	0	0	0	0	0	0	0	0	0	0	0	0	0	0	0	0	0	0	0	0	0	0	0	0	0	0	0	0	0	0	0	0	0	0	0	0	0	0	0	0	0	0	0	0	0	0	0	0	0	0	0	0	0	0	0	0	0	0	0	0	0	0	0	0	0	0	0	0	0	0	0	0	0	0	0	0	0	0	0	0	0	0	0	0	0	1209046808	0	0	0	0	0	0	0	0	0	0	0	0	0	0	0	0	0	0	0	0	0	0	0	0	0	1241992984	0	0	0	0	954881344	0	0	0	0	0	0	0	0	0	0	0	0	0	0	0	0	0	0	0	0	0	0	0	0	0	0	0	0	0	0	0	0	0	0	0	0	0	0	0	0	0	0	0	0	0	0	0	0	0	0	1156722512	0	0	0	0	0	0	0	0	0	0	1084969224	0	0	0	0	0	0	0	0	0	0	0	0	0	0	0	0	0	0	0	0	0	1043415312	0	0	0	0	0	0	0	0	0	0	0	0	0	0	0	0	0	0	0	0	0	0	425745824	0	0	0	0	0	0	0	0	0	0	0	0	0	0	0	0	0	0	0
2025-04-21	0	0	0	0	0	0	0	0	0	0	0	0	0	0	0	0	0	0	0	0	0	0	0	0	0	0	0	0	0	0	0	0	0	0	0	0	0	0	0	0	0	0	0	0	0	0	0	0	0	0	0	0	0	0	0	0	0	0	0	0	0	0	0	0	0	0	0	0	0	0	0	0	0	0	0	0	0	0	0	0	0	0	0	0	0	0	0	0	0	0	0	0	0	0	0	0	0	0	0	0	0	0	0	0	0	0	0	0	0	0	0	0	0	0	0	0	0	0	0	35243304	0	0	0	0	0	0	0	0	0	0	0	0	0	0	0	0	0	0	0	0	0	0	0	0	0	0	0	0	0	0	0	0	0	0	0	0	0	0	0	0	0	0	0	0	0	0	0	0	0	0	0	0	0	0	0	0	0	0	0	0	0	0	0	0	0	0	0	0	0	0	0	0	0	0	0	0	0	0	0	0	0	0	0	0	0	0	0	0	0	0	0	0	0	0	0	0	0	0	0	0	0	0	0	0	0	0	0	0	0	0	0	0	0	0	0	0	0	0	0	0	0	0	0	0	0	0	0	0	0	0	0	0	0	0	0	0	0	0	0	0	0	0	0	0	0	0	0	0	0	0	0	0	0	0	0	0	0	0	0	0	0	0	0	0	0
2025-05-05	0	0	0	0	0	0	0	0	0	0	0	0	0	0	0	0	0	0	0	0	0	0	0	0	0	0	0	0	0	0	0	0	0	0	0	0	0	0	0	0	0	0	0	0	0	0	0	0	0	0	0	0	0	0	0	0	0	0	0	0	0	0	0	0	0	0	0	0	0	0	0	0	0	0	0	0	0	0	0	0	0	0	0	0	0	0	0	0	0	0	0	0	0	0	0	0	0	0	0	0	0	0	0	0	0	0	0	0	0	0	0	0	0	0	0	0	0	0	0	0	0	0	0	0	0	0	0	0	0	0	809348480	0	0	0	0	0	0	0	0	0	0	0	0	0	0	0	0	0	0	0	0	0	0	0	0	0	0	0	0	0	0	0	0	0	0	0	0	0	0	0	0	0	0	0	0	0	0	0	0	0	0	0	0	0	0	0	0	0	0	0	0	0	0	0	0	0	0	0	0	0	0	0	0	0	0	0	0	0	0	0	0	0	0	0	0	0	0	0	0	0	0	0	0	0	0	0	0	0	0	0	0	0	0	0	0	0	0	0	0	0	0	0	0	0	0	0	0	0	0	0	0	0	0	0	0	0	0	0	0	0	0	0	0	0	0	0	0	0	0	0	0	0	0	0	0	0	0	0	0	0	0	0	0	0	0
2025-06-23	45712680	71744312	83356952	56076664	37725552	74104880	85735528	75040800	141746856	91157728	59527400	65331840	65744760	94139280	76099720	98173360	108873928	52464800	48330288	41173440	86571072	50596936	60351336	4210856	76665632	94383688	83760232	58084640	47632600	20420960	34058160	85928544	100387448	61228800	89173472	50253344	68696840	35039016	54262064	77284488	78663864	70951032	89296232	117033424	61279048	71843576	96584368	88718304	106432688	55548656	112295232	57124848	67103912	97374296	78793456	59859384	100394024	85574392	8176232	67359144	55973536	66377184	82690552	35835848	51886848	59248744	123524344	45702456	25246976	43791008	60750208	113423392	41979152	69276120	62961664	95383856	37538360	43106168	59559840	27780432	64594056	58394088	78430560	59964712	29099720	64327192	62031848	69183888	47237872	78509480	29203416	98126288	53091608	94501568	96268216	87102616	45452256	70437992	7610296	3950272	0	0	0	0	0	0	0	0	0	0	0	0	0	0	0	0	0	0	0	0	0	0	0	0	0	0	0	0	0	0	0	0	0	0	0	0	0	0	0	0	0	0	0	0	0	0	0	0	0	0	0	0	0	0	0	0	0	0	0	0	0	0	0	0	0	0	0	0	0	0	0	0	0	0	0	0	0	0	0	0	0	0	0	0	0	0	0	0	0	0	0	0	0	0	0	0	0	0	0	0	0	0	0	0	0	0	0	0	0	0	0	0	0	0	0	0	0	0	0	0	0	0	0	0	0	0	0	0	0	0	0	0	0	0	0	0	0	0	0	0	0	0	0	0	0	0	0	0	0	0	0	0	0	0	0	0	0	0	0	0	0	0	0	0	0	0	0	0	0	0	0	0	0	0	0	0	0	0	0	0	0	0	0	0	0
2025-07-14	74966528	34502800	60952112	86615440	46167152	74860064	56390936	71321728	84337280	58257208	59489944	25421080	50986816	101682808	45327584	62702344	36098312	91603536	27191544	56517744	91373128	43118360	66539792	69728136	76043504	83522480	83398312	89042320	27632600	52841920	494056112	40619456	31330400	58487728	104385144	53685016	76370112	42233784	117450136	79731480	38591408	62251520	76783976	82277560	87058840	77631168	116559504	105184120	60284688	67099816	94031408	78894448	85230528	36563296	38018016	49304352	81572120	70132456	48959520	63820184	57497096	26764536	51559408	57893800	70981288	60288032	42311856	45735760	72926632	75090464	80395304	100830360	87604520	43604904	47532416	40091928	71174688	47888024	57414960	73561168	34015480	54378376	59344600	83496264	47281624	133311432	71805480	40752432	48258688	40256208	15061832	42490384	41104720	59905640	91247392	82248464	45091208	63673712	62900360	44665984	0	0	0	0	0	0	0	0	0	0	0	0	0	0	0	0	0	0	0	0	0	0	0	0	0	0	0	0	0	0	0	0	0	0	0	0	0	0	0	0	0	0	0	0	0	0	0	0	0	0	0	0	0	0	0	0	0	0	0	0	0	0	0	0	0	0	0	0	0	0	0	0	0	0	0	0	0	0	0	0	0	0	0	0	0	0	0	0	0	0	0	0	0	0	0	0	0	0	0	0	0	0	0	0	0	0	0	0	0	0	0	0	0	0	0	0	0	0	0	0	0	0	0	0	0	0	0	0	0	0	0	0	0	0	0	0	0	0	0	0	0	0	0	0	0	0	0	0	0	0	0	0	0	0	0	0	0	0	0	0	0	0	0	0	0	0	0	0	0	0	0	0	0	0	0	0	0	0	0	0	0	0	0	0	0
2025-07-21	0	0	0	0	0	0	0	0	0	0	0	0	0	0	0	0	0	0	0	0	0	0	0	0	0	0	0	0	0	0	0	0	0	0	0	0	0	0	0	0	0	0	0	0	0	0	0	0	0	0	0	0	0	0	0	0	0	0	0	0	0	0	0	0	0	0	0	0	0	0	0	0	0	0	0	0	0	0	0	0	0	0	0	0	0	0	0	0	0	0	0	551436464	0	0	0	0	0	0	0	0	0	0	0	0	0	0	0	0	0	0	0	0	0	0	0	0	0	0	0	0	0	0	0	0	0	0	0	0	0	0	0	0	0	0	0	0	0	0	0	0	0	0	0	0	0	0	0	0	0	0	576716800	0	0	0	0	0	696392424	0	0	0	0	0	0	0	0	0	0	0	0	0	0	0	0	0	0	0	1517741295	0	0	0	0	0	0	0	0	0	0	0	0	0	0	0	0	0	0	0	0	0	0	0	0	0	0	0	0	576716800	0	0	0	0	0	0	294096824	0	0	0	0	0	367001600	0	0	0	0	0	0	0	0	0	0	0	0	0	0	0	0	0	0	730901060	0	0	0	0	0	0	0	0	0	0	0	0	0	0	0	0	0	0	0	0	0	0	0	0	0	0	0	216030624	0	0	0	0	0	0	0	0	0	0	0	0	0	0	0	0	0	201777008	0
2025-07-28	0	525320335	629145600	886336180	0	0	228327512	891289600	0	0	0	0	314572800	0	461820504	0	0	0	0	0	262144000	0	676774688	576716800	0	0	0	0	0	0	0	0	0	906320146	0	0	838860800	0	0	681574400	0	0	419430400	0	0	367001600	0	629145600	974090200	0	0	0	0	0	0	0	0	0	0	0	0	1415998616	209715200	570290240	0	0	0	0	576716800	0	524288000	0	0	0	0	549924544	0	0	0	734003200	808292848	0	730469448	786432000	642032872	0	0	0	0	477916008	629145600	0	0	0	0	0	0	0	605123180	0	0	0	0	0	0	0	576716800	0	0	0	0	0	999323624	0	0	0	0	0	0	0	0	739750032	0	0	594858312	0	0	0	0	0	0	0	0	0	0	734003200	0	0	0	0	0	0	0	0	0	753426789	0	681574400	0	419430400	0	0	1048576000	0	1165077000	662961751	0	911008351	797594944	0	0	837542808	0	0	1147514584	0	1320129944	0	0	0	0	0	0	0	0	582459704	0	997448074	786432000	0	0	1153433600	0	0	1206195453	768639218	0	0	0	0	0	0	654594824	769661066	0	0	0	0	0	0	0	0	0	0	471859200	0	0	0	367001600	0	531363144	0	0	413282920	0	0	0	0	0	0	0	0	0	0	0	576716800	0	335272376	0	0	1006412696	0	1048576000	524288000	0	262144000	0	0	646930344	0	0	0	0	0	869590984	0	0	0	0	473898472	0	0	1058691768	0	0	0	0	494980296	491946136	0	0	524288000	0	865205824	104857600	0	104857600	0	0	0	213654952	0	0	0	327925112	0	0	0	99666828	0	0	262144000	0	0	0
2025-08-04	209715200	0	0	0	547779254	0	0	0	0	0	449230032	683273072	0	0	0	0	438952024	0	0	0	0	622125552	0	0	0	0	0	0	367001600	723349728	0	0	0	0	0	314572800	0	0	530367072	0	0	0	0	0	262144000	0	0	0	0	603409800	0	425017928	715625888	0	367001600	0	0	0	734796792	608430048	0	0	0	0	419430400	163178880	0	0	0	0	0	1060912542	0	0	458747416	0	0	0	0	0	0	0	0	0	0	0	0	0	0	0	0	0	0	0	0	0	0	0	0	0	0	0	681574400	0	0	0	0	1150339448	0	0	959091620	0	0	0	943718400	943718400	0	0	576716800	0	0	0	0	0	0	0	0	0	1065366456	0	0	733581488	576716800	0	909073313	0	663640136	907576166	419430400	0	0	367001600	829473776	988416376	576716800	0	629145600	0	0	0	0	0	0	0	0	0	0	0	0	0	0	0	0	0	0	0	0	0	233946608	419700344	0	0	0	880708848	0	0	0	0	0	0	0	0	0	567846680	0	0	629145600	0	0	0	850353984	1026354604	0	0	524288000	0	0	0	0	570461019	0	576716800	769582656	0	0	0	419430400	0	0	0	0	367001600	0	0	0	0	1031023520	463827072	0	0	0	0	656733272	0	0	0	0	0	0	0	0	0	0	0	891289600	0	629145600	0	0	0	750015808	265863336	781271312	0	0	0	0	0	539500704	0	0	0	0	0	0	0	561740888	0	0	0	0	0	838860800	0	0	268459424	0	0	0	337111528	0	260523976	0	0	0	0	157286400	338256024	0	0	0	0	245275064	0	0
2025-08-11	0	0	0	0	0	413782440	0	0	0	0	0	0	0	0	0	576716800	0	0	691815358	199713040	0	0	0	0	629145600	403016256	600186412	262144000	0	0	0	927326464	0	0	528165416	0	0	698417392	0	0	933368600	372457040	0	367001600	0	0	681574400	0	0	0	0	0	0	471859200	0	0	974492482	725238531	0	0	471859200	0	0	0	0	0	473265564	157286400	0	419430400	0	0	0	314572800	0	0	367001600	0	0	0	0	0	0	0	0	0	0	573590696	598403872	0	0	0	0	642509996	0	0	0	0	0	850385120	419430400	0	0	838860800	0	576716800	0	0	0	912085520	0	0	0	972021408	0	0	1135388128	0	0	0	0	0	550809700	0	0	629145600	0	734003200	0	471859200	389918080	0	0	0	0	0	0	0	0	681574400	770182080	0	0	0	0	0	0	0	0	0	0	0	0	0	0	0	0	0	0	996147200	787255408	0	0	0	0	544985552	0	0	0	0	943718400	0	0	0	576716800	0	1203168495	0	0	0	524288000	0	739581904	0	0	0	0	1426050204	0	1258291200	0	0	0	0	0	667465912	595930317	1258291200	0	0	348056264	0	0	0	0	0	0	0	0	894578512	0	0	0	0	0	0	0	0	0	0	0	0	0	0	667317120	0	690957952	0	576716800	0	0	419430400	0	0	0	0	0	0	0	0	0	0	0	470989065	0	832007200	0	490182536	0	0	0	0	0	0	0	699833752	0	0	0	0	0	0	0	0	0	0	0	0	0	0	0	0	117999440	389982920	0	104857600	0	0	0	0	0	0	0	0	267565528
2025-08-18	0	0	0	0	0	0	0	0	0	576716800	0	0	0	0	0	0	0	0	0	0	0	0	0	0	0	0	0	0	0	0	519599968	0	0	0	0	0	0	0	0	0	0	0	0	0	0	0	0	0	0	0	560330088	0	0	0	0	0	0	0	0	0	0	0	0	0	0	0	0	0	0	0	0	0	524288000	0	0	0	0	0	0	0	0	0	0	0	0	0	0	0	0	0	0	0	830502832	0	0	621375942	703338384	0	0	0	0	838860800	0	0	520797080	0	0	0	1223996168	0	0	576716800	0	0	0	0	0	0	0	0	467111969	0	0	0	0	0	0	0	0	0	0	0	0	0	0	0	0	0	0	0	0	0	0	0	0	0	0	0	0	0	0	681574400	0	786432000	0	0	0	0	0	0	0	0	1468006400	0	0	0	0	0	0	0	0	625076114	996147200	0	0	0	0	0	0	0	0	0	0	0	0	0	0	0	0	0	0	0	0	0	0	0	0	0	524288000	0	0	0	0	629145600	0	0	0	856775840	0	0	0	0	0	0	0	0	0	0	0	637413532	0	0	0	642154592	0	0	0	0	0	0	0	0	0	0	0	0	0	0	0	367001600	0	0	0	0	0	0	735472704	0	0	0	0	576716800	0	851084648	576716800	0	0	0	0	0	943718400	0	0	0	0	0	0	0	536615257	0	0	0	0	0	0	0	0	0	0	157286400	0	0	0	0	0
2025-08-25	0	0	0	0	0	0	0	0	0	0	0	0	0	0	0	0	0	0	0	0	0	0	0	0	0	0	0	0	0	0	0	0	0	0	0	0	0	0	367001600	0	0	0	0	0	0	0	0	0	0	0	0	844448328	663197088	0	0	0	974492482	0	0	681574400	718773264	0	0	0	313143440	0	0	0	0	0	0	0	0	0	0	0	0	0	0	0	0	0	0	0	642032872	0	0	0	0	1048576000	801171576	0	0	0	0	0	0	0	0	0	0	0	996147200	0	0	0	0	0	0	0	0	0	0	0	0	0	0	0	0	0	0	0	0	0	367001600	0	0	0	0	0	0	0	0	0	0	0	314572800	0	710287320	0	0	0	0	0	0	0	0	0	0	0	0	0	996147200	0	0	0	0	786432000	1333045888	996147200	944541808	0	0	0	0	0	0	0	0	0	0	0	0	0	0	0	0	0	0	0	0	835907684	0	0	1101337853	925925618	0	1073924196	0	0	0	0	838860800	0	0	0	0	0	0	0	419430400	786432000	0	0	0	0	0	0	0	0	0	0	0	0	0	0	0	0	0	0	0	0	0	0	772174720	0	0	471859200	0	0	0	0	0	0	0	629145600	695440456	0	0	0	0	265863336	0	0	0	0	0	0	0	0	0	0	0	0	0	0	0	0	0	0	0	0	0	0	140115728	7926468	0	0	0	0	0	0	0	0	0	0	0	0	0	0	0	0	52428800	0	0
2025-09-01	0	0	425880752	0	0	314572800	0	419430400	0	0	0	0	0	0	0	0	0	367001600	0	0	0	569696752	0	485210968	734003200	838860800	0	636747504	0	0	0	0	856036992	0	0	0	518302824	645988592	0	0	0	0	734003200	0	0	1001125576	676118152	0	0	0	0	0	0	0	0	0	0	0	0	0	0	0	0	0	0	0	0	0	0	0	0	641482142	0	419430400	0	0	464534112	0	0	0	0	0	0	0	0	0	0	0	524288000	0	0	0	0	419430400	730408696	0	0	837988112	0	0	996147200	0	0	0	0	0	676877712	0	0	702370320	0	0	0	629145600	0	0	0	0	0	524288000	0	0	0	927358777	0	0	419430400	0	0	0	0	0	734003200	734003200	0	0	0	0	0	0	0	0	0	0	0	0	0	0	578135082	1042302656	0	0	0	507989784	0	0	0	0	0	0	0	0	0	891289600	0	0	0	786432000	0	0	0	0	0	0	0	0	0	0	0	0	342109919	0	0	0	0	0	0	0	0	0	0	0	0	0	0	510179512	0	0	0	0	0	0	0	0	0	0	0	419430400	674650032	0	0	0	0	0	521323984	516956357	367001600	0	0	0	0	0	0	0	0	0	0	0	0	0	0	0	0	851896766	0	0	0	0	0	0	524288000	0	0	0	367001600	0	0	0	0	0	780982864	0	471859200	0	0	0	0	419430400	0	646628832	0	0	0	0	0	0	0	0	0	0	266083752	0	0	0	0	243314104	0	0	0	0	104857600	0	0	0	0
2025-09-08	0	209715200	0	0	0	0	0	0	419430400	879222080	0	0	0	908813968	0	0	0	0	0	0	0	0	676774688	0	0	0	0	0	0	262144000	0	0	0	0	0	0	0	0	0	0	0	0	0	0	0	0	0	0	0	0	0	0	0	0	0	943718400	0	0	0	0	0	0	0	157286400	0	0	0	0	0	0	0	0	0	0	0	0	0	838860800	314572800	0	0	578317864	520754248	0	0	251988368	435145120	0	0	0	0	0	0	0	0	0	0	0	0	0	0	0	0	0	0	0	0	0	0	0	0	0	0	0	0	0	0	471859200	0	0	0	0	0	0	0	0	0	0	0	0	0	0	0	0	0	0	0	0	0	792113074	0	0	0	0	0	877707978	0	0	0	0	0	0	0	0	0	0	0	0	0	0	0	0	0	0	0	0	0	0	0	0	0	258074514	0	0	0	0	0	0	0	480469688	0	0	0	0	0	0	0	0	419430400	0	0	0	0	0	786432000	0	0	0	0	0	0	0	0	0	0	0	0	0	0	0	269219144	0	0	0	0	0	0	0	0	0	734003200	734003200	0	943718400	0	0	0	0	0	996147200	0	0	0	0	0	0	0	0	0	0	0	0	0	0	0	0	0	0	0	0	0	0	0	0	0	0	0	0	0	0	0	0	0	1127349824	0	0	0	367001600	379328857	0	0	0	0	0	0	0	0	0	0	0	0	0	0	0	0
2025-09-22	8125280	8669555	4061496	4609529	3216054	0	0	0	0	0	0	0	0	0	0	0	0	0	0	0	0	0	0	0	0	0	0	0	0	0	0	0	0	0	0	0	0	0	0	0	0	0	0	0	0	0	0	0	0	0	0	0	0	0	0	0	0	0	0	0	0	0	0	0	0	0	0	0	0	0	0	0	0	0	0	0	0	0	0	0	0	0	0	0	0	0	0	0	0	0	0	0	0	0	0	0	0	0	0	0	0	0	0	0	0	0	0	0	0	0	0	0	0	0	0	0	0	0	0	0	0	0	0	0	0	0	0	0	0	0	0	0	0	0	0	0	0	0	0	0	0	0	0	0	0	0	0	0	0	0	0	0	0	0	0	0	0	0	0	0	0	0	0	0	0	0	0	0	0	0	0	0	0	0	0	0	0	0	0	0	0	0	0	0	0	0	0	0	0	0	0	0	0	0	0	0	0	0	0	0	0	0	0	0	0	0	0	0	0	0	0	0	0	0	0	0	0	0	0	0	0	0	0	0	0	0	0	0	0	0	0	0	0	0	0	0	0	0	0	0	0	0	0	0	0	0	0	0	0	0	0	0	0	0	0	0	0	0	0	0	0	0	0	0	0	0	0	0	0	0	0	0	0	0	0	0	0	0	0	0	0	0	0	0	0
2025-09-29	10876616	0	0	0	0	0	0	0	0	0	0	0	0	0	0	0	0	0	0	0	0	0	0	0	0	0	0	0	0	0	0	0	0	0	0	0	0	0	0	0	0	0	0	0	0	0	0	0	0	0	0	0	0	0	0	0	0	0	0	0	0	0	0	0	0	0	0	0	0	0	0	0	0	0	0	0	0	0	0	0	0	0	0	0	0	0	0	0	0	0	0	0	0	0	0	0	0	0	0	0	0	0	0	0	0	0	0	0	0	0	0	0	0	0	0	0	0	0	0	0	0	0	0	0	0	0	0	0	0	0	0	0	0	0	0	0	0	0	0	0	0	0	0	0	0	0	0	0	0	0	0	0	0	0	0	0	0	0	0	0	0	0	0	0	0	0	0	0	0	0	0	0	0	0	0	0	0	0	0	0	0	0	0	0	0	0	0	0	0	0	0	0	0	0	0	0	0	0	0	0	0	0	0	0	0	0	0	0	0	0	0	0	0	0	0	0	0	0	0	0	0	0	0	0	0	0	0	0	0	0	0	0	0	0	0	0	0	0	0	0	0	0	0	0	0	0	0	0	0	0	0	0	0	0	0	0	0	0	0	0	0	0	0	0	0	0	0	0	0	0	0	0	0	0	0	0	0	0	0	0	0	0	0	0	0
2025-10-06	7860960	0	0	0	0	0	0	0	35707596	0	0	0	0	31598232	0	0	0	0	0	0	0	0	0	0	0	0	0	0	0	0	0	0	0	0	0	0	0	0	0	0	0	0	0	0	0	0	0	0	0	0	0	0	0	0	0	0	0	0	0	0	0	0	0	0	0	0	0	0	0	0	0	0	0	0	0	0	0	0	0	0	0	0	0	0	0	0	0	0	0	0	0	0	0	0	0	0	0	0	0	0	0	0	0	0	0	0	0	0	0	0	0	0	0	0	0	0	0	0	0	0	0	0	0	0	0	0	0	0	0	0	0	0	0	0	0	0	0	0	0	0	0	0	0	0	0	0	0	0	0	0	0	0	0	0	0	0	0	0	0	0	0	0	0	0	0	0	0	0	0	0	0	0	0	0	0	0	0	0	0	0	0	0	0	0	0	0	0	0	0	0	0	0	0	0	0	0	0	0	0	0	0	0	0	0	0	0	0	0	0	0	0	0	0	0	0	0	0	0	0	0	0	0	0	0	0	0	0	0	0	0	0	0	0	0	0	0	0	0	0	0	0	0	0	0	0	0	0	0	0	0	0	0	0	0	0	0	0	0	0	0	0	0	0	0	0	0	0	0	0	0	0	0	0	0	0	0	0	0	0	0	0	0	0	0	0
2025-10-13	0	0	0	0	0	0	0	0	51953580	0	0	0	0	66610672	0	0	0	0	0	0	0	0	0	0	0	0	0	0	0	0	0	0	0	0	0	0	0	0	0	0	0	0	0	0	0	0	0	0	0	0	0	0	0	0	0	0	0	0	0	0	0	0	0	0	0	0	0	0	0	0	0	0	0	0	0	0	0	0	0	0	0	0	0	0	0	0	0	0	0	0	0	0	0	0	0	0	0	0	0	0	0	0	0	0	0	0	0	0	0	0	0	0	0	0	0	0	0	0	0	0	0	0	0	0	0	0	0	0	0	0	0	0	0	0	0	0	0	0	0	0	0	0	0	0	0	0	0	0	0	0	0	0	0	0	0	0	0	0	0	0	0	0	0	0	0	0	0	0	0	0	0	0	0	0	0	0	0	0	0	0	0	0	0	0	0	0	0	0	0	0	0	0	0	0	0	0	0	0	0	0	0	0	0	0	0	0	0	0	0	0	0	0	0	0	0	0	0	0	0	0	0	0	0	0	0	0	0	0	0	0	0	0	0	0	0	0	0	0	0	0	0	0	0	0	0	0	0	0	0	0	0	0	0	0	0	0	0	0	0	0	0	0	0	0	0	0	0	0	0	0	0	0	0	0	0	0	0	0	0	0	0	0	0	0	0
2025-10-20	0	0	0	0	0	0	0	0	16116880	0	0	0	0	22558128	0	0	0	0	0	0	0	0	0	0	0	0	0	0	0	0	0	0	0	0	0	0	0	0	0	0	0	0	0	0	0	0	0	0	0	0	0	0	0	0	0	0	0	0	0	0	0	0	0	0	0	0	0	0	0	0	0	0	0	0	0	0	0	0	0	0	0	0	0	0	0	0	0	0	0	0	0	0	0	0	0	0	0	0	0	0	0	0	0	0	0	0	0	0	0	0	0	0	0	0	0	0	0	0	0	0	0	0	0	0	0	0	0	0	0	0	0	0	0	0	0	0	0	0	0	0	0	0	0	0	0	0	0	0	0	0	0	0	0	0	0	0	0	0	0	0	0	0	0	0	0	0	0	0	0	0	0	0	0	0	0	0	0	0	0	0	0	0	0	0	0	0	0	0	0	0	0	0	0	0	0	0	0	0	0	0	0	0	0	0	0	0	0	0	0	0	0	0	0	0	0	0	0	0	0	0	0	0	0	0	0	0	0	0	0	0	0	0	0	0	0	0	0	0	0	0	0	0	0	0	0	0	0	0	0	0	0	0	0	0	0	0	0	0	0	0	0	0	0	0	0	0	0	0	0	0	0	0	0	0	0	0	0	0	0	0	0	0	0	0	0
2025-10-27	0	0	0	0	0	0	0	0	8254008	0	0	0	0	23467448	0	0	0	0	0	0	0	0	0	0	0	0	0	0	0	0	0	0	0	0	0	0	0	0	0	0	0	0	0	0	0	0	0	0	0	0	0	0	0	0	0	0	0	0	0	0	0	0	0	0	0	0	0	0	0	0	0	0	0	0	0	0	0	0	0	0	0	0	0	0	0	0	0	0	0	0	0	0	0	0	0	0	0	0	0	0	0	0	0	0	0	0	0	0	0	0	0	0	0	0	0	0	0	0	0	0	0	0	0	0	0	0	0	0	0	0	0	0	0	0	0	0	0	0	0	0	0	0	0	0	0	0	0	0	0	0	0	0	0	0	0	0	0	0	0	0	0	0	0	0	0	0	0	0	0	0	0	0	0	0	0	0	0	0	0	0	0	0	0	0	0	0	0	0	0	0	0	0	0	0	0	0	0	0	0	0	0	0	0	0	0	0	0	0	0	0	0	0	0	0	0	0	0	0	0	0	0	0	0	0	0	0	0	0	0	0	0	0	0	0	0	0	0	0	0	0	0	0	0	0	0	0	0	0	0	0	0	0	0	0	0	0	0	0	0	0	0	0	0	0	0	0	0	0	0	0	0	0	0	0	0	0	0	0	0	0	0	0	0	0	0
2025-11-03	0	0	0	0	0	0	0	0	92705292	0	0	0	0	102548016	0	0	0	0	0	0	0	0	0	0	0	0	0	0	0	0	0	0	0	0	0	0	0	0	0	0	0	0	0	0	0	0	0	0	0	0	0	0	0	0	0	0	0	0	0	0	0	0	0	0	0	0	0	0	0	0	0	0	0	0	0	0	0	0	0	0	0	0	0	0	0	0	0	0	0	0	0	0	0	0	0	0	0	0	0	0	0	0	0	0	0	0	0	0	0	0	0	0	0	0	0	0	0	0	0	0	0	0	0	0	0	0	0	0	0	0	0	0	0	0	0	0	0	0	0	0	0	0	0	0	0	0	0	0	0	0	0	0	0	0	0	0	0	0	0	0	0	0	0	0	0	0	0	0	0	0	0	0	0	0	0	0	0	0	0	0	0	0	0	0	0	0	0	0	0	0	0	0	0	0	0	0	0	0	0	0	0	0	0	0	0	0	0	0	0	0	0	0	0	0	0	0	0	0	0	0	0	0	0	0	0	0	0	0	0	0	0	0	0	0	0	0	0	0	0	0	0	0	0	0	0	0	0	0	0	0	0	0	0	0	0	0	0	0	0	0	0	0	0	0	0	0	0	0	0	0	0	0	0	0	0	0	0	0	0	0	0	0	0	0	0
2025-11-10	0	0	0	0	0	0	0	0	56015076	0	0	0	0	61412164	0	0	0	0	0	0	0	0	0	0	0	0	0	0	0	0	0	0	0	0	0	0	0	0	0	0	0	0	0	0	0	0	0	0	0	0	0	0	0	0	0	0	0	0	0	0	0	0	0	0	0	0	0	0	0	0	0	0	0	0	0	0	0	0	0	0	0	0	0	0	0	0	0	0	0	0	0	0	0	0	0	0	0	0	0	0	0	0	0	0	0	0	0	0	0	0	0	0	0	0	0	0	0	0	0	0	0	0	0	0	0	0	0	0	0	0	0	0	0	0	0	0	0	0	0	0	0	0	0	0	0	0	0	0	0	0	0	0	0	0	0	0	0	0	0	0	0	0	0	0	0	0	0	0	0	0	0	0	0	0	0	0	0	0	0	0	0	0	0	0	0	0	0	0	0	0	0	0	0	0	0	0	0	0	0	0	0	0	0	0	0	0	0	0	0	0	0	0	0	0	0	0	0	0	0	0	0	0	0	0	0	0	0	0	0	0	0	0	0	0	0	0	0	0	0	0	0	0	0	0	0	0	0	0	0	0	0	0	0	0	0	0	0	0	0	0	0	0	0	0	0	0	0	0	0	0	0	0	0	0	0	0	0	0	0	0	0	0	0	0	0
2025-11-17	0	0	0	0	0	0	0	0	28432384	0	0	0	0	30681120	0	0	0	0	0	0	0	0	0	0	0	0	0	0	0	0	0	0	0	0	0	0	0	0	0	0	0	0	0	0	0	0	0	0	0	0	0	0	0	0	0	0	0	0	0	0	0	0	0	0	0	0	0	0	0	0	0	0	0	0	0	0	0	0	0	0	0	0	10022724	0	0	0	0	0	0	0	0	0	0	0	0	0	0	0	0	0	0	0	0	0	0	0	0	0	0	0	0	0	0	0	0	0	0	0	0	0	0	0	0	0	0	0	0	0	0	0	0	0	0	0	0	0	0	0	0	0	0	0	0	0	0	0	0	0	0	0	0	0	0	0	0	0	0	0	0	0	0	0	0	0	0	0	0	0	0	0	0	0	0	0	0	0	0	0	0	0	0	0	0	0	0	0	0	0	0	0	0	0	0	0	0	0	0	0	0	0	0	0	0	0	0	0	0	0	0	0	0	0	0	0	0	0	0	0	0	0	0	0	0	0	0	0	0	0	0	0	0	0	0	0	0	0	0	0	0	0	0	0	0	0	0	0	9891708	0	0	0	0	0	0	0	0	0	0	0	0	0	0	0	0	0	0	0	0	0	0	0	0	0	0	0	0	0	0	0	0	0	0	0	0	0	0
2025-11-24	21290100	26006676	27382344	11267376	22469244	10153740	35046780	27971916	53131768	11463900	11791440	13101600	11398392	45836844	9760692	9760692	0	10874328	0	30264696	7533420	25089564	0	11398392	12970584	18800796	14935824	31116300	49327524	11201868	7598928	36618972	33540096	26072184	4192512	11398392	23779404	44872980	35505336	9564168	33212556	11201868	0	20766036	0	7991976	18604272	47100252	38977260	7533420	20307480	13167108	13429140	13167108	22010688	11594916	34653732	16114968	11725932	25679136	25417104	48213888	15721920	33933144	19455876	16770048	10219248	11791440	7664436	4061496	10743312	11725932	15656412	0	0	15983952	9957216	9367644	9826200	18211224	11529408	12512028	16901064	14673792	8385024	22993308	12118980	38715228	8450532	9891708	0	33081540	29871648	21224592	0	19783416	33409080	10284756	22076196	14215236	15394380	0	17687160	8843580	22534752	15394380	0	5961228	5961228	0	15263364	19652400	27054804	0	0	18014700	9760692	12446520	9695184	16180476	21159084	22665768	15590904	8057484	20176464	10415772	0	51816828	9629676	0	0	8057484	14804808	10743312	22076196	21159084	40287420	25744644	10153740	14215236	12315504	9236628	13232616	0	8385024	21290100	18211224	0	24565500	21159084	0	9957216	24958548	35505336	25482612	18407748	15328872	6026736	20962560	9891708	15918444	19586892	11922456	19979940	0	25155072	15132348	9105612	7336896	28626996	12446520	14018712	0	0	37601592	41466564	7336896	0	13756680	11332884	16704540	14739300	21552132	30592236	39304800	0	8385024	18997320	13625664	9367644	18800796	27185820	48475920	25417104	20700528	26858280	33867636	13232616	29806140	27513360	7533420	26989296	26661756	0	5961228	0	38060148	27971916	0	13429140	16442508	11660424	10743312	18735288	11660424	9891708	8188500	9629676	23058816	24041436	4061496	16704540	9695184	37863624	8319516	25482612	18669780	14280744	47427792	9433152	0	31247316	22731276	7664436	43431804	0	20372988	15001332	16835556	27840900	16966572	21224592	0	13691172	14346252	23910420	0	26727264	10153740	0	37798116	4127004	15001332	28102932	6354276	28430472	15001332	7664436	28364964	35636352	7860960	0	6616308	22862292	15721920	11398392	20176464	17163096	13429140	10546788	44086884	20110956	6878340	11529408	0	21945180	23255340	4127004	33409080	0	33212556	30657744	0	0	16835556
2025-12-01	0	0	0	0	0	0	0	0	27320660	0	0	0	0	31991280	0	0	0	0	0	0	0	0	0	0	0	0	0	0	0	0	0	0	0	0	0	0	0	0	0	0	0	0	0	0	0	0	0	0	0	0	0	0	0	0	0	0	0	0	0	0	0	0	0	0	0	0	0	0	0	0	0	0	0	0	0	0	0	0	0	0	0	0	0	0	0	0	0	0	0	0	0	0	0	0	0	0	0	0	0	0	0	0	0	0	0	0	0	0	0	0	0	0	0	0	0	0	0	0	0	0	0	0	0	0	0	0	0	0	0	0	0	0	0	0	0	0	0	0	0	0	0	0	0	0	0	0	0	0	0	0	0	0	0	0	0	0	0	0	0	0	0	0	0	0	0	0	0	0	0	0	0	0	0	0	0	0	0	0	0	0	0	0	0	0	0	0	0	0	0	0	0	0	0	0	0	0	0	0	0	0	0	0	0	0	0	0	0	0	0	0	0	0	0	0	0	0	0	0	0	0	0	0	0	0	0	0	0	0	0	0	0	0	0	0	0	0	0	0	0	0	0	0	0	0	0	0	0	0	0	0	0	0	0	0	0	0	0	0	0	0	0	0	0	0	0	0	0	0	0	0	0	0	0	0	0	0	0	0	0	0	0	0	0	0	0
2025-12-08	0	0	0	0	0	0	0	0	31252096	0	0	0	0	35921760	0	0	0	0	0	0	0	0	0	0	0	0	0	0	0	0	0	0	0	0	0	0	0	0	0	0	0	0	0	0	0	0	0	0	0	0	0	0	0	0	0	0	0	0	0	0	0	0	0	0	0	0	0	0	0	0	0	0	0	0	0	0	0	0	0	0	0	0	0	0	0	0	0	0	0	0	0	0	0	0	0	0	0	0	0	0	0	0	0	0	0	0	0	0	0	0	0	0	0	0	0	0	0	0	0	0	0	0	0	0	0	0	0	0	0	0	0	0	0	0	0	0	0	0	0	0	0	0	0	0	0	0	0	0	0	0	663565032	0	0	0	0	0	0	0	0	0	0	0	0	0	0	0	0	0	0	0	0	0	0	0	0	0	0	0	0	0	0	0	0	0	0	0	0	0	0	0	0	0	0	0	0	0	0	0	0	0	0	0	0	0	0	1151200880	0	0	0	0	0	0	0	0	0	0	0	0	404321568	0	0	0	0	0	0	0	0	0	0	0	0	0	0	0	0	0	0	781189120	0	0	0	0	0	0	0	0	0	0	0	0	0	0	0	0	0	0	0	0	0	0	0	0	0	0	0	247487904	0	0	0	0	0	0	0	0	0	0	0	0	0	0	0	0	0	0	0
2025-12-15	846787168	689157535	5961228	853095929	975463662	686931784	708113180	0	776535724	8254008	449230032	2630080224	1520025896	23459656	8188500	2355667540	1760343348	957534652	802634186	4127004	11856948	1671870004	886489888	1018015008	2313603088	1198029804	2043295120	853144520	1954182024	1090351328	955079828	2384836648	2443050720	2546643492	1059986836	1019849764	2099331376	1279195688	16245984	1106025468	1212282648	424885840	1040025948	938375096	1249216768	10808820	1164092320	1070677255	1200509940	1764920928	2169236176	8450532	987792612	933532404	1919973736	1434958791	1446351682	1153053955	3624488028	979558652	2074946136	2631060104	690078084	689101044	797056112	484302480	2108480768	835757392	1114302371	1407328328	560313880	3281940500	1787492816	1499222252	995678460	1428991544	1033925824	978839296	2242458436	2121029880	1227723248	2840085396	1359615048	1350149532	916819916	1203240188	1822197140	895958948	1088605312	949775208	7664436	2587391824	8385024	2241905500	998317400	2396185484	4127004	1062508120	1293379396	1170853640	1927749724	2460765036	2573203864	2649802656	4061496	2065076304	2402331424	2946267004	1280486464	3092615980	2658147668	1461223438	2424431924	1082971252	0	1616172770	1271125084	1466472756	1236449740	903884396	1883903566	2318360864	1084989408	3435835562	2246546632	3135695692	2811197260	2422351636	1222652856	1003652516	7205880	16442508	1082560788	2142588272	3391010626	1244745756	941375040	14804808	1182146520	1479648702	1199766220	967683168	687916016	2838555844	2535153604	3218148495	2675367480	2091338016	1269863222	2935257552	6681816	2989726932	1613409264	4061496	0	1243805555	706024340	1701501847	962742304	3267129436	1174302456	1369953800	1813656656	4127004	2885480022	2363263636	0	9498660	1088660344	2106011404	1544860771	1268109410	1555208104	18080208	10743312	572626784	3410672690	0	1373866318	1075659744	1191583015	2829572496	8843580	207614464	1526532957	2698966044	1303017812	3101786040	7140372	20045448	5764704	1717951728	10153740	1402933670	2630480740	1871731852	12381012	4045334312	2933782684	1154580223	882170464	2250711056	2279653804	987953792	1734402988	1141831480	1380745727	2138681276	1993643520	2329428976	913038536	1595554088	2147292008	787097352	795848996	1461597122	2170966136	1665784348	1626003872	8254008	1097350236	2087981040	1950931660	1125477692	1098473452	2655612656	1062086556	1928835952	1210165688	1316873132	1172084120	1198917544	1463655335	2555100852	1212711548	1870485860	2237078608	1321178016	1238582968	1304589108	1169446208	536392360	2093315916	4651068	2065742732	2202714160	2737687140	1439469116	1656948012	2640650892	1468452984	2275401728	1441742828	1218086248	3286090056	1345421860	995910588	1019268296	1757803284	2036956048	14608284	0	3420055288	17949192	402259728	17949192	492497543	582881584	1083318746	457625540	429658920	478100136	439057532	892225844	260158480	811354748	8188500	1003187832	421314492	433220024	970360348	9957216	408981248	739496388	431599252
2025-12-22	0	0	0	445644800	702545920	0	0	0	0	0	0	0	387973120	0	446091864	0	0	0	0	0	0	0	0	0	0	0	0	0	0	0	0	403701760	0	0	0	583583808	0	0	0	587202560	0	0	0	0	0	0	0	456130560	0	0	0	0	0	0	0	0	0	0	0	0	0	0	0	0	0	0	0	0	0	0	0	0	479558888	0	0	0	0	0	0	0	0	0	0	966443392	0	0	0	0	0	0	0	0	586215264	0	0	0	0	0	0	0	0	672573736	0	0	0	0	0	0	665845760	0	0	0	0	0	0	0	684125768	0	0	0	0	0	0	0	0	0	0	0	0	763338360	0	0	0	0	0	0	0	0	0	0	0	0	0	762972536	0	0	0	0	0	0	0	0	0	0	817889280	0	0	0	0	0	0	0	0	0	921566266	0	0	0	0	0	0	0	0	0	624378878	0	0	0	0	0	0	0	0	0	0	0	0	0	0	0	1012883264	0	0	0	0	0	0	0	0	0	0	0	0	0	0	0	0	0	0	0	0	435159040	0	0	0	0	0	0	0	0	0	0	0	0	0	0	575614592	0	0	0	0	828375040	0	0	0	0	0	0	0	0	0	0	0	0	0	0	0	0	948961280	0	0	0	0	0	0	0	0	0	0	0	639631360	0	0	0	0	0	0	0	0	0	0	297224136	159942480	0	0	0	0	0	0	0	0	0	0	0	136493528
2025-12-29	0	0	0	0	0	0	0	0	0	0	0	0	0	0	0	0	0	0	534528958	0	0	0	0	0	0	0	0	0	0	0	0	0	0	0	612051496	0	0	0	0	0	0	0	0	0	414893184	0	0	0	0	0	0	0	0	0	0	0	0	798638851	0	0	0	0	0	0	0	0	0	0	0	0	304087040	0	0	0	0	380787916	0	0	0	0	0	0	0	0	0	0	0	0	0	0	0	0	0	0	0	0	0	0	526479980	728760320	0	0	0	0	0	0	0	723517440	0	0	717919140	0	0	0	0	0	0	0	644874240	0	0	640135312	0	0	0	0	0	775946240	0	0	0	0	0	0	0	0	0	0	0	0	0	0	0	0	942880776	0	809301490	631481488	0	0	0	0	0	0	0	0	0	0	0	0	0	0	0	0	0	0	0	0	726777328	0	1226833920	0	0	0	0	0	0	0	0	0	0	0	0	0	0	0	0	0	0	0	0	1403841964	0	0	0	0	0	0	0	575703899	0	0	753854016	0	0	0	0	0	0	0	0	0	0	0	0	0	0	0	0	0	0	0	576716800	0	0	0	0	0	0	0	0	0	915104078	0	710510944	0	0	0	0	0	0	0	0	0	0	587202560	0	0	0	0	0	0	0	0	0	0	0	0	0	0	0	0	1111490560	0	0	0	0	0	0	256901120	0	0	0	0	0	0	0	0	0	0	0	0	0	0	0
2026-01-05	0	0	0	0	0	0	427556952	0	51624128	0	0	0	0	36461408	0	0	0	0	0	267870480	0	0	0	0	0	0	0	0	0	0	0	0	0	0	0	0	0	0	0	0	0	251658240	0	570065576	0	0	0	0	0	0	0	0	0	0	0	0	0	0	0	0	0	0	0	0	0	0	572880284	0	0	0	0	0	0	0	0	0	0	0	0	0	0	0	0	0	0	0	0	584076456	0	0	0	0	0	0	0	0	0	0	0	0	0	0	0	0	0	0	0	0	0	0	0	0	0	0	0	0	0	0	0	0	0	0	639631360	0	0	0	0	0	0	0	0	0	0	0	0	0	0	0	0	0	0	0	0	0	0	0	0	0	0	0	0	0	0	0	0	0	0	0	0	0	0	0	838860800	0	0	671088640	1169162240	0	0	0	0	0	0	0	0	0	0	0	0	0	0	0	0	0	0	0	0	0	0	1368391680	0	0	0	0	0	0	0	0	0	0	0	0	0	0	0	0	0	0	0	0	0	0	0	0	0	0	0	0	0	403701760	0	0	0	0	0	0	0	0	596748728	0	0	0	0	0	0	0	0	0	0	0	0	0	0	456130560	0	0	0	0	0	0	0	0	0	0	0	0	0	0	0	0	0	0	0	0	0	425745824	0	0	0	0	0	0	0	243182280	0	0	0	0	0	275933624	0	0	0	0	0
2026-01-12	0	0	897739952	2559287787	998666934	0	0	0	0	0	898460064	2111035104	756278992	0	1552786608	0	1402192048	0	796672958	0	0	0	0	0	0	0	0	0	0	1687105512	0	2368455168	0	0	0	2006028416	0	0	1722118372	2184926144	0	435371600	0	0	1238731008	0	0	2627751110	2335923464	3225807000	0	0	0	1845185136	0	0	0	0	0	726372912	0	0	0	0	0	0	0	0	0	288264668	0	0	0	0	2938620488	0	0	1957678592	0	3957787332	0	0	4078845144	1333444992	0	0	0	2344702772	0	0	0	394440492	31457280	0	0	2396185484	0	0	0	1154472160	955653608	2785299532	0	0	0	2060687268	0	0	2441050580	1625634096	0	1335340256	0	0	0	0	2086720688	4359916944	0	0	2816913507	20971520	0	0	0	1241208520	0	0	1908279792	1977564400	0	0	0	0	0	0	0	0	0	2336640882	0	10485760	1028703216	0	0	0	2688150500	2091338016	0	0	2386191824	1217749768	0	0	2710556548	0	2336948588	0	0	0	3143692032	0	0	0	2877160506	0	0	0	0	0	0	0	0	1446939888	3886402554	1678721648	4858104202	0	0	0	0	2369578188	0	2813414960	1481283916	0	0	0	0	5144940892	3168714368	0	2098013324	0	0	1848734064	3675227751	1488223176	0	1136692059	0	0	0	0	0	1751903500	10485760	0	0	781189120	0	802956656	1830900960	0	0	0	0	0	10485760	0	0	0	0	0	0	1056823248	2115919104	0	0	2227344032	0	2384733488	0	0	0	0	2631931860	10485760	2447294288	781370800	0	0	0	0	0	0	0	1030199176	134189056	3098748036	0	0	2851386736	0	0	0	0	0	1772577356	0	0	1125394136	0	0	0	1266751712	975697430	0	1073230514	0	0	940478352	432572240	0	443268472	0	0	380199064	0	0	0	0	0	0	435337688
2026-01-19	516485728	0	0	0	0	0	0	0	20374900	0	223786192	0	0	12978376	0	717218152	0	0	0	0	0	0	0	0	0	0	553000492	0	482344960	0	0	0	0	0	0	0	0	0	0	0	671224600	0	0	931824296	0	0	0	0	681574400	0	680916328	0	0	0	0	0	0	0	0	0	0	0	0	0	0	0	0	403701760	0	0	0	0	904232168	0	0	0	0	0	0	0	0	0	0	1343930752	0	0	0	0	0	1910036176	0	0	0	2228738392	0	679047622	0	0	2573395160	0	0	0	0	0	891289600	721013714	0	0	0	0	0	0	0	0	721407096	800648498	0	0	0	0	482344960	0	0	0	0	0	0	0	0	0	0	0	0	0	1134517153	611150092	0	0	0	0	591924160	0	0	1428818296	0	0	0	0	0	0	0	0	0	0	0	0	0	0	0	0	0	0	0	0	0	0	0	0	20971520	0	0	0	861709008	0	0	0	0	954204160	750756414	0	0	0	0	0	0	0	0	0	0	0	0	0	0	0	0	0	0	0	973112996	0	0	0	0	568523392	0	0	0	0	0	1406983580	0	0	0	0	0	0	0	437612672	0	0	0	0	0	0	0	0	0	0	0	0	0	0	0	0	0	0	0	0	0	0	0	0	529530880	0	0	0	677801024	0	0	0	0	0	0	882541928	910157704	2657958704	0	0	0	0	1275414264	0	1716582924	0	0	0	0	0	0	0	0	0	0	0	0	0	214958080	0	241172480	0	0	0	0	0	0
2026-01-26	0	319815680	583167152	0	0	0	0	0	25091476	0	0	0	0	41235700	0	0	0	440401920	0	0	441014128	401924592	0	387973120	653485064	602245696	0	0	0	0	655360000	0	506661696	587202560	0	0	544517224	0	0	0	0	0	0	0	0	650117120	592232072	0	0	0	0	466616320	610768288	513802240	560416592	0	0	0	834411512	471859200	513802240	671509656	387106920	323874880	0	226093440	0	0	566231040	0	0	859832320	0	0	650117120	0	304087040	555745280	514858848	0	629145600	0	0	0	558146792	634388480	0	0	578147904	0	0	0	0	0	478750456	0	765460480	0	0	0	520494568	0	607060520	643326928	0	0	498073600	0	0	749556240	0	786432000	663779304	0	0	0	0	0	0	0	0	0	0	1085276160	644874240	0	765460480	0	713031680	0	447589760	519045120	0	555745280	0	0	0	818447206	602931200	723955634	0	0	0	0	0	0	0	0	766878762	0	0	0	748469560	702545920	0	767819351	0	870318080	625257088	849346560	0	870318080	0	0	0	0	0	886046720	0	686817280	0	0	0	0	0	0	0	0	0	611541688	0	639631360	618659840	0	1017118720	0	602931200	0	0	0	0	0	0	0	0	372244480	718274560	0	0	0	0	0	0	0	566293832	0	0	592445440	0	0	429916160	0	0	482344960	390251984	370155717	503316480	0	0	0	0	0	0	747012192	524288000	0	0	0	0	571473920	712591152	0	0	0	0	0	548639816	0	660602880	0	0	0	0	0	465889224	0	0	0	0	0	0	634384384	781189120	0	0	629145600	566983768	510708936	0	466616320	0	695477976	0	854720064	0	0	320076555	0	0	0	230686720	0	0	0	0	201371064	0	0	0	0	348769272	262144000	0	0	0
2026-02-02	0	0	0	0	0	308924840	0	379335832	446243572	367001600	0	0	0	469245504	0	0	0	0	0	0	0	0	414187520	0	0	0	0	505675504	0	387805408	0	0	0	0	0	0	0	577831152	514638432	0	0	0	516853824	0	0	0	0	0	0	0	0	0	0	0	0	660602880	744488960	0	0	0	0	0	0	0	293601280	0	0	0	0	0	0	0	0	349090984	0	0	0	0	0	0	0	477102080	678040648	0	0	0	498073600	0	0	461373440	386984056	0	0	469494956	0	0	0	445644800	0	0	0	0	0	0	0	0	0	0	0	0	0	0	0	419430400	0	0	0	713031680	0	529530880	0	0	0	0	0	0	0	0	0	0	0	0	492830720	0	0	0	513802240	0	0	0	0	0	0	0	0	587202560	0	0	0	775946240	0	0	0	0	0	0	0	0	0	0	623902720	0	0	1038584295	0	0	0	0	0	0	0	613416960	0	697303040	0	0	0	0	0	0	482344960	0	0	0	0	448823538	0	655360000	519045120	0	0	0	754974720	796917760	769980850	0	0	0	0	0	440401920	592445440	0	0	0	0	0	0	435159040	0	0	0	0	0	0	0	0	0	0	0	419430400	571473920	0	0	0	0	0	482073016	0	0	0	0	0	728760320	0	503316480	0	0	0	0	555745280	225443840	0	0	0	0	0	0	0	578756072	734003200	0	0	0	0	0	0	0	0	0	0	0	0	0	239730448	0	0	273551664	272629760	0	0	0	0	0	0	0	0	0	0	0	0	0	251658240	0	0
2026-02-09	0	0	0	0	0	0	0	0	23651256	0	0	0	0	23344224	0	0	0	0	0	0	0	0	0	0	0	0	0	0	0	0	0	0	0	0	0	0	0	0	0	0	0	0	0	0	0	0	0	0	0	0	0	0	0	0	0	0	0	0	0	0	0	0	0	0	0	0	0	0	0	0	0	0	0	0	0	0	0	0	0	0	0	0	0	0	0	0	0	0	0	0	0	0	0	0	0	0	0	0	0	0	0	0	0	0	0	0	0	0	0	0	0	0	0	0	0	0	0	0	0	0	0	0	0	0	0	0	0	0	0	0	0	0	0	0	0	0	0	0	0	0	0	0	0	0	0	0	0	0	0	0	0	0	0	0	0	0	0	0	0	0	0	0	0	0	0	0	0	0	0	0	0	0	0	0	0	0	0	0	0	0	0	0	0	0	0	0	0	0	0	0	0	0	0	0	0	0	0	0	0	0	0	0	0	0	0	0	0	0	0	0	0	0	0	0	0	0	0	0	0	0	0	0	0	0	0	0	0	0	0	0	0	0	0	0	0	0	0	0	0	0	0	0	0	0	0	0	0	0	0	0	0	0	0	0	0	0	0	0	0	0	0	0	0	0	0	0	0	0	0	0	0	0	0	0	0	0	0	0	0	0	0	0	0	0	0
2026-02-16	17287236	11243948	5384420	716800	8525016	2252800	1126400	0	9193116	5048604	0	0	0	13575740	0	0	0	0	0	0	0	0	0	0	0	0	0	0	0	0	0	0	0	0	0	0	0	0	0	0	0	0	0	0	0	0	0	0	0	0	0	0	0	0	0	0	0	0	0	0	0	0	0	0	0	0	0	0	0	0	0	0	0	0	0	0	0	0	0	0	0	0	0	0	0	0	0	0	0	0	0	0	0	0	0	0	0	0	0	0	0	0	0	0	0	0	0	0	0	0	0	0	0	0	0	0	0	0	0	0	0	0	0	0	0	0	0	0	0	0	0	0	0	0	0	0	0	0	0	0	0	0	0	0	0	0	0	0	0	0	0	0	0	0	0	0	0	0	0	0	0	0	0	0	0	0	0	0	0	0	0	0	0	0	0	0	0	0	0	0	0	0	0	0	0	0	0	0	0	0	0	0	0	0	0	0	0	0	0	0	0	0	0	0	0	0	0	0	0	0	0	0	0	0	0	0	0	0	0	0	0	0	0	0	0	0	0	0	0	0	0	0	0	0	0	0	0	0	0	0	0	0	0	0	0	0	0	0	0	0	0	0	0	0	0	0	0	0	0	0	0	0	0	0	0	0	0	0	0	0	0	0	0	0	0	0	0	0	0	0	0	0	0	0	0
2026-02-23	7235196	1331200	17811152	8516040	9372132	0	7641348	0	19458744	0	20438496	720588	4127004	0	5218904	0	4127004	0	0	4258020	0	0	0	0	0	6406892	0	0	0	0	9093188	10263068	0	3254546	0	0	0	4520052	0	0	0	0	0	0	4258020	0	0	0	0	4454544	0	0	0	0	0	3234807	3326394	0	578943992	4323528	2178064	0	0	0	0	0	0	0	24442907	0	3668448	0	6788612	0	0	4127004	0	0	0	0	0	13078428	0	3995988	0	7303712	0	4585560	0	0	0	4415664	6709284	2817196	7089888	0	0	0	0	0	0	1976616	0	2405328	0	5319634	0	0	0	1954320	0	0	5990544	0	0	4127004	0	1990448	0	0	0	0	4585560	0	4127004	0	4681832	4323528	0	4782084	4520052	0	0	0	0	0	2033736	2769766	0	0	0	0	0	0	4302856	0	0	0	0	0	7130116	0	0	0	0	0	0	0	0	0	4454544	0	0	0	0	0	0	6544074	0	0	0	7123118	0	0	0	0	0	4323528	7383898	4104888	0	0	0	0	0	0	0	0	0	0	0	0	0	4585560	0	17687160	3648717	4242376	0	0	0	0	5914460	0	2417992	0	0	4127004	0	0	6491748	0	0	4192512	0	4127004	0	2412672	0	2840732	4127004	0	0	0	4389036	0	3239552	0	0	4454544	0	0	0	0	4389036	7040724	0	7217820	0	0	0	0	0	0	1955784	0	10219248	0	6130108	0	0	8968392	0	0	0	3616152	0	0	0	0	0	0	0	0	4847592	0	0	0	0	7983764	7005864	0	0	0	0	0	7044548	0	0	8151736	0	0	0	0	0
2026-03-02	0	300665392	0	4609529	0	4127004	0	6223260	3734912	0	0	0	0	0	0	0	0	10284756	0	0	0	0	0	0	0	0	0	0	0	1740800	0	0	3672896	0	4287016	6480136	5830212	0	10573596	0	0	4127004	4218944	8412100	0	3749576	0	3626887	0	0	0	0	0	3450168	0	0	0	6354276	0	0	0	0	0	1970240	0	4127004	17818176	0	0	0	0	0	0	0	0	0	0	4127004	0	4127004	7006960	0	0	0	0	0	2197920	0	0	0	0	0	0	0	0	4127004	0	0	0	4127004	0	1976616	4127004	0	7107624	0	0	0	0	0	0	4585560	0	2805408	6427856	0	0	0	0	0	0	3494032	0	0	0	0	0	0	0	0	0	4127004	6641600	6457376	7369917	0	0	0	1781720	0	0	0	2388976	0	0	0	0	0	0	0	0	4454544	0	0	4192512	0	0	8702619	0	4585560	0	2368408	4782084	0	0	4258020	0	0	4127004	4258020	3279478	0	0	0	2667518	2158904	0	0	0	0	2653919	0	4258020	4520052	0	262032	0	3024996	0	0	0	2661804	0	0	0	0	0	0	2832036	2038619	0	0	0	0	0	4127004	7112847	0	6521036	0	0	0	0	0	4323528	0	0	0	0	0	2191624	3264528	0	0	0	0	0	0	4454544	0	0	2171544	4063399	3410366	0	0	0	0	0	4389036	9592412	0	4258020	2201865	0	0	6706356	0	0	4127004	8184516	0	0	4323528	0	0	0	4192512	0	0	2022544	0	7787276	7329628	0	0	0	4526384	4127004	0	0	4127004	0	4716576	0	1854904	0	3799464	0	0	7791724	0	2587064	9193612	4520052
2026-03-09	0	0	0	0	0	0	0	0	0	0	0	0	0	0	0	9427392	0	0	0	0	0	0	0	0	0	0	0	0	4192512	0	0	0	0	0	0	0	0	0	0	0	6568928	0	0	0	0	0	0	0	0	0	7370088	0	4127004	0	0	0	0	0	0	0	0	6084020	0	0	2359440	0	0	0	0	0	0	0	0	0	0	0	0	0	7100316	0	0	0	0	0	4192512	0	0	0	0	0	0	0	0	0	0	0	0	0	0	0	0	0	0	0	0	0	0	0	3285768	0	0	0	0	0	0	0	0	0	0	0	0	0	0	0	0	0	0	0	0	0	0	0	0	0	0	0	0	0	0	0	0	0	0	4045176	8626384	0	0	0	0	0	0	0	4258020	2236184	0	0	0	0	0	0	0	0	0	0	6809289	0	0	0	0	0	0	0	5893016	2833648	0	0	0	0	0	0	0	0	0	0	4429053	0	0	0	0	0	0	0	8174628	3606666	3803570	7446856	0	0	0	0	0	7104748	0	0	0	0	0	0	0	0	0	0	0	0	0	0	8254008	0	0	0	0	0	2397272	0	0	0	0	6627996	0	0	6499424	0	0	0	0	0	0	0	0	0	0	4934672	0	0	0	0	0	0	0	0	0	0	0	0	4061496	0	0	0	0	0	0	0	0	0	0	0	0	0	0	0	0	0	0	0	0	0	0	0	0	0	0	6662460	0	0	0
2026-03-16	0	0	0	7271388	12708552	0	23713896	0	16509928	0	0	7664436	4585560	10292548	0	0	786096	0	5109624	11070852	0	0	0	0	0	0	0	0	0	0	0	0	0	0	1244652	19979940	0	0	0	24631008	0	4127004	0	9105612	0	0	0	27185820	0	7271388	0	0	0	0	0	0	0	0	0	0	0	11463900	0	0	0	0	21093576	0	0	9695184	9564168	0	0	0	0	12381012	0	0	0	0	0	0	0	8581548	0	0	0	7205880	0	0	0	0	17621652	0	0	0	0	0	13167108	0	0	982620	0	0	0	11267376	0	0	11529408	0	0	0	0	0	0	0	21617640	0	8909088	0	0	8385024	0	0	0	0	0	0	0	0	0	0	0	0	0	0	0	0	0	0	0	0	3733956	0	0	0	8188500	21814164	0	0	4127004	16049460	0	0	0	0	18866304	0	0	0	0	0	8188500	0	7860960	0	0	0	0	0	0	0	0	0	11463900	0	10481280	0	0	0	0	0	0	9302136	0	0	0	0	0	0	9826200	12118980	0	0	0	0	0	15590904	0	6288768	0	0	10284756	0	0	0	6681816	0	0	6485292	0	16114968	0	0	0	0	0	0	13887696	4127004	0	0	12839568	0	0	16049460	0	0	0	0	0	0	12708552	0	17621652	17687160	0	6681816	0	11529408	0	0	0	5764704	0	0	0	0	0	0	0	0	0	0	0	0	0	0	0	0	0	0	0	0	0	19324860	0	0	0	9498660	0	7860960	7074864	7205880	8516040	0	0	0	0	0	0	0	0	10219248	0
2026-03-23	0	0	0	6878340	0	0	0	0	3734912	0	0	0	0	11668216	0	0	0	0	0	0	0	0	0	0	0	0	0	0	0	0	0	53913084	0	0	0	0	0	0	0	0	0	58957200	0	0	0	0	0	0	0	0	0	0	0	0	0	0	0	0	0	0	0	0	0	0	0	0	0	0	0	0	0	0	0	0	0	0	0	0	0	0	0	0	0	0	0	0	0	0	0	0	0	0	0	0	0	0	0	0	0	0	0	0	0	0	0	0	0	0	0	0	0	0	0	0	0	0	0	0	0	0	0	0	0	0	0	0	0	0	0	5764704	6223260	0	0	0	0	61380996	0	0	0	3537432	0	0	0	0	0	8581548	0	0	0	0	0	6485292	9629676	0	0	0	4127004	0	0	8057484	0	0	0	0	0	0	0	0	0	0	0	0	0	0	0	0	0	0	0	0	0	0	0	0	0	0	0	0	0	7330048	0	0	0	0	0	0	0	0	0	0	0	0	0	0	0	11922456	0	0	0	0	0	14280744	0	0	16049460	0	0	0	0	0	0	0	0	0	0	0	0	0	0	0	0	0	0	0	55026720	0	5371656	0	0	0	0	0	0	0	0	0	0	0	0	0	0	0	0	0	0	0	0	0	0	0	0	0	0	0	0	0	0	0	0	0	0	0	0	0	0	0	0	0	0	0	0	0	0	0	0
2026-03-30	0	0	0	0	0	0	0	0	0	0	0	0	0	0	0	0	0	0	0	0	0	0	0	0	0	0	0	0	0	0	0	0	0	0	0	0	0	0	0	0	0	0	0	0	0	0	59284740	0	0	0	0	0	0	0	0	0	0	0	0	0	0	0	0	0	0	0	0	0	0	0	0	0	0	0	52930464	0	0	0	0	0	1113636	0	0	0	0	0	0	0	0	0	0	0	0	0	0	0	0	0	0	0	0	43104264	0	0	0	0	0	0	0	0	0	0	0	0	0	0	0	0	0	0	0	0	0	0	0	0	0	6747324	0	0	7860960	0	0	0	0	0	0	0	0	0	0	0	1048128	0	0	0	0	0	0	0	0	0	0	0	0	0	0	0	0	0	0	0	0	0	0	0	0	0	0	0	0	0	0	0	0	0	0	0	0	0	0	0	0	0	0	0	0	0	0	4258020	0	0	0	50703192	0	0	0	0	0	0	0	0	0	0	0	0	0	0	0	0	0	7205880	0	0	0	0	0	0	0	0	0	0	0	0	0	0	0	0	0	0	0	0	0	0	0	0	0	0	0	0	0	0	0	0	0	0	0	0	0	0	0	0	0	0	0	0	0	0	0	35439828	0	0	0	0	0	0	0	0	0	0	0	0	0	0	0	0	0	0	0	0	0	0	0	0	0
2026-04-06	0	0	0	0	0	0	0	0	0	0	0	0	0	0	0	0	0	0	0	0	0	0	0	0	0	0	0	0	0	51292764	0	0	0	0	0	0	0	0	0	0	0	0	0	0	0	4127004	0	0	0	0	0	0	0	0	0	0	0	0	0	0	0	0	0	0	0	0	0	0	0	0	0	0	0	0	0	0	0	0	0	0	0	0	0	0	0	0	0	0	0	0	0	0	0	0	0	0	0	0	0	0	0	0	0	0	0	0	0	0	0	0	0	0	0	0	0	0	0	0	0	0	0	0	0	0	0	0	0	0	0	0	0	0	0	0	0	0	0	0	0	9433152	0	0	0	0	7402404	0	0	0	0	0	0	0	0	0	0	0	0	0	0	0	0	0	0	0	0	0	0	0	0	0	0	0	0	0	0	0	0	0	0	0	0	0	0	0	0	0	0	0	0	0	0	0	0	0	0	0	0	0	51489288	0	0	0	7336896	0	0	0	0	0	0	0	0	9891708	0	0	0	0	0	0	0	0	0	0	0	0	0	0	0	0	0	0	0	0	0	0	0	0	0	0	0	0	0	0	60463884	0	0	0	0	0	0	0	0	0	0	0	0	0	0	0	0	4127004	0	0	0	0	0	0	0	0	0	0	0	0	0	0	0	0	0	0	0	0	0	0	0	0	0
