week_start	sub-541516760/sub-541516760_ses-541549227_icephys.nwb	sub-541516760/sub-541516760_ses-541557101_icephys.nwb	sub-567704703/sub-567704703_ses-567754895_icephys.nwb	sub-569800644/sub-569800644_ses-569835791_icephys.nwb	sub-569800644/sub-569800644_ses-569860104_icephys.nwb	sub-571364629/sub-571364629_ses-571511135_icephys.nwb	sub-571458187/sub-571458187_ses-571640515_icephys.nwb	sub-571458187/sub-571458187_ses-571732666_icephys.nwb	sub-576060516/sub-576060516_ses-576110705_icephys.nwb	sub-576060516/sub-576060516_ses-576118003_icephys.nwb	sub-576060516/sub-576060516_ses-576134053_icephys.nwb	sub-576060516/sub-576060516_ses-576140380_icephys.nwb	sub-591270122/sub-591270122_ses-591317862_icephys.nwb	sub-591270122/sub-591270122_ses-591337939_icephys.nwb	sub-591270122/sub-591270122_ses-591399423_icephys.nwb	sub-591270122/sub-591270122_ses-591411317_icephys.nwb	sub-591270122/sub-591270122_ses-591422046_icephys.nwb	sub-591270122/sub-591270122_ses-591442353_icephys.nwb	sub-592433014/sub-592433014_ses-592470570_icephys.nwb	sub-592433014/sub-592433014_ses-592518561_icephys.nwb	sub-592433014/sub-592433014_ses-592531937_icephys.nwb	sub-592433014/sub-592433014_ses-592535960_icephys.nwb	sub-592433014/sub-592433014_ses-592544658_icephys.nwb	sub-592433014/sub-592433014_ses-592558145_icephys.nwb	sub-592433014/sub-592433014_ses-592585099_icephys.nwb	sub-592433014/sub-592433014_ses-592592047_icephys.nwb	sub-592433014/sub-592433014_ses-592598056_icephys.nwb	sub-592433014/sub-592433014_ses-592598585_icephys.nwb	sub-595536280/sub-595536280_ses-595572593_icephys.nwb	sub-595536280/sub-595536280_ses-595583049_icephys.nwb	sub-595954915/sub-595954915_ses-596036386_icephys.nwb	sub-595954915/sub-595954915_ses-596049412_icephys.nwb	sub-595954915/sub-595954915_ses-596052253_icephys.nwb	sub-595954915/sub-595954915_ses-596053349_icephys.nwb	sub-595954915/sub-595954915_ses-596069195_icephys.nwb	sub-596832620/sub-596832620_ses-596891498_icephys.nwb	sub-596832620/sub-596832620_ses-596892865_icephys.nwb	sub-596832620/sub-596832620_ses-596894371_icephys.nwb	sub-596832620/sub-596832620_ses-596894428_icephys.nwb	sub-596832620/sub-596832620_ses-596898822_icephys.nwb	sub-596832620/sub-596832620_ses-596917071_icephys.nwb	sub-601901227/sub-601901227_ses-601940724_icephys.nwb	sub-601901227/sub-601901227_ses-601958627_icephys.nwb	sub-601901227/sub-601901227_ses-602165643_icephys.nwb	sub-601901227/sub-601901227_ses-602234627_icephys.nwb	sub-611526465/sub-611526465_ses-611616224_icephys.nwb	sub-611526465/sub-611526465_ses-611630962_icephys.nwb	sub-611526465/sub-611526465_ses-611926417_icephys.nwb	sub-642843699/sub-642843699_ses-642862167_icephys.nwb	sub-642843699/sub-642843699_ses-642864546_icephys.nwb	sub-642843699/sub-642843699_ses-642867562_icephys.nwb	sub-648220984/sub-648220984_ses-650074923_icephys.nwb	sub-651940947/sub-651940947_ses-652075387_icephys.nwb	sub-653027578/sub-653027578_ses-653034589_icephys.nwb	sub-653027578/sub-653027578_ses-653040819_icephys.nwb	sub-653718968/sub-653718968_ses-653804519_icephys.nwb	sub-653718968/sub-653718968_ses-653824813_icephys.nwb	sub-653718968/sub-653718968_ses-653825066_icephys.nwb	sub-653718968/sub-653718968_ses-653854226_icephys.nwb	sub-653718968/sub-653718968_ses-654180530_icephys.nwb	sub-660473566/sub-660473566_ses-660494058_icephys.nwb	sub-665691251/sub-665691251_ses-665694233_icephys.nwb	sub-665691251/sub-665691251_ses-665711421_icephys.nwb	sub-665691251/sub-665691251_ses-665713792_icephys.nwb	sub-665691251/sub-665691251_ses-666155743_icephys.nwb	sub-672118436/sub-672118436_ses-672184262_icephys.nwb	sub-672118436/sub-672118436_ses-672298648_icephys.nwb	sub-672637567/sub-672637567_ses-672646262_icephys.nwb	sub-672637567/sub-672637567_ses-672650708_icephys.nwb	sub-674562997/sub-674562997_ses-674613868_icephys.nwb	sub-674562997/sub-674562997_ses-674615711_icephys.nwb	sub-674562997/sub-674562997_ses-674635802_icephys.nwb	sub-674562997/sub-674562997_ses-674643148_icephys.nwb	sub-674562997/sub-674562997_ses-674660103_icephys.nwb	sub-676285262/sub-676285262_ses-676464358_icephys.nwb	sub-676839274/sub-676839274_ses-676983132_icephys.nwb	sub-676839274/sub-676839274_ses-676983606_icephys.nwb	sub-676839274/sub-676839274_ses-677060197_icephys.nwb	sub-676839274/sub-676839274_ses-677060420_icephys.nwb	sub-676839274/sub-676839274_ses-677087840_icephys.nwb	sub-676839274/sub-676839274_ses-677094662_icephys.nwb	sub-676839274/sub-676839274_ses-677099014_icephys.nwb	sub-677115273/sub-677115273_ses-680581009_icephys.nwb	sub-677115273/sub-677115273_ses-680581258_icephys.nwb	sub-677115273/sub-677115273_ses-680581408_icephys.nwb	sub-685740095/sub-685740095_ses-685767550_icephys.nwb	sub-685740095/sub-685740095_ses-685806296_icephys.nwb	sub-685740095/sub-685740095_ses-685814239_icephys.nwb	sub-685740095/sub-685740095_ses-685815923_icephys.nwb	sub-685740095/sub-685740095_ses-686077948_icephys.nwb	sub-689168779/sub-689168779_ses-689300515_icephys.nwb	sub-689168779/sub-689168779_ses-689306796_icephys.nwb	sub-689168779/sub-689168779_ses-689309047_icephys.nwb	sub-689168779/sub-689168779_ses-689312206_icephys.nwb	sub-689168779/sub-689168779_ses-689323420_icephys.nwb	sub-689168779/sub-689168779_ses-689354505_icephys.nwb	sub-689168779/sub-689168779_ses-689360240_icephys.nwb	sub-689168779/sub-689168779_ses-689369740_icephys.nwb	sub-695464588/sub-695464588_ses-695494540_icephys.nwb	sub-695464588/sub-695464588_ses-695496410_icephys.nwb	sub-695464588/sub-695464588_ses-695503853_icephys.nwb	sub-695464588/sub-695464588_ses-695509855_icephys.nwb	sub-695464588/sub-695464588_ses-695510684_icephys.nwb	sub-695464588/sub-695464588_ses-695510714_icephys.nwb	sub-695464588/sub-695464588_ses-695517029_icephys.nwb	sub-695464588/sub-695464588_ses-695521496_icephys.nwb	sub-695464588/sub-695464588_ses-695531184_icephys.nwb	sub-695464588/sub-695464588_ses-695531218_icephys.nwb	sub-695464588/sub-695464588_ses-695538825_icephys.nwb	sub-695464588/sub-695464588_ses-695543419_icephys.nwb	sub-695464588/sub-695464588_ses-695546514_icephys.nwb	sub-695464588/sub-695464588_ses-695557325_icephys.nwb	sub-695464588/sub-695464588_ses-695574422_icephys.nwb	sub-695464588/sub-695464588_ses-696106559_icephys.nwb	sub-695464588/sub-695464588_ses-696109719_icephys.nwb	sub-695464588/sub-695464588_ses-696111513_icephys.nwb	sub-700619648/sub-700619648_ses-700798753_icephys.nwb	sub-700619648/sub-700619648_ses-700820972_icephys.nwb	sub-700619648/sub-700619648_ses-700826467_icephys.nwb	sub-700619648/sub-700619648_ses-700843431_icephys.nwb	sub-700619648/sub-700619648_ses-700862472_icephys.nwb	sub-700619648/sub-700619648_ses-701072579_icephys.nwb	sub-707724503/sub-707724503_ses-707828821_icephys.nwb	sub-707724503/sub-707724503_ses-707833431_icephys.nwb	sub-712700908/sub-712700908_ses-712882756_icephys.nwb	sub-712700908/sub-712700908_ses-712886987_icephys.nwb	sub-712700908/sub-712700908_ses-712889217_icephys.nwb	sub-712700908/sub-712700908_ses-712892003_icephys.nwb	sub-716866594/sub-716866594_ses-716918793_icephys.nwb	sub-716866594/sub-716866594_ses-716928764_icephys.nwb	sub-717026464/sub-717026464_ses-717075468_icephys.nwb	sub-717026464/sub-717026464_ses-717087410_icephys.nwb	sub-717026464/sub-717026464_ses-717094580_icephys.nwb	sub-720531601/sub-720531601_ses-720794892_icephys.nwb	sub-720531601/sub-720531601_ses-720795676_icephys.nwb	sub-720619787/sub-720619787_ses-720827966_icephys.nwb	sub-720619787/sub-720619787_ses-720828198_icephys.nwb	sub-720619787/sub-720619787_ses-720828324_icephys.nwb	sub-720619787/sub-720619787_ses-720834255_icephys.nwb	sub-720619787/sub-720619787_ses-720838509_icephys.nwb	sub-720619787/sub-720619787_ses-720845876_icephys.nwb	sub-720619787/sub-720619787_ses-720845905_icephys.nwb	sub-720619787/sub-720619787_ses-720850095_icephys.nwb	sub-720619787/sub-720619787_ses-720850964_icephys.nwb	sub-720619787/sub-720619787_ses-720856105_icephys.nwb	sub-720619787/sub-720619787_ses-720856351_icephys.nwb	sub-720619787/sub-720619787_ses-720862313_icephys.nwb	sub-720619787/sub-720619787_ses-720864592_icephys.nwb	sub-720619787/sub-720619787_ses-720871145_icephys.nwb	sub-720619787/sub-720619787_ses-720878765_icephys.nwb	sub-720619787/sub-720619787_ses-721549850_icephys.nwb	sub-720619787/sub-720619787_ses-721570928_icephys.nwb	sub-727391446/sub-727391446_ses-727397252_icephys.nwb	sub-731978186/sub-731978186_ses-732048771_icephys.nwb	sub-731978186/sub-731978186_ses-732056436_icephys.nwb	sub-731978186/sub-731978186_ses-732063450_icephys.nwb	sub-731978186/sub-731978186_ses-732080877_icephys.nwb	sub-731978186/sub-731978186_ses-732089196_icephys.nwb	sub-731978186/sub-731978186_ses-732091715_icephys.nwb	sub-731978186/sub-731978186_ses-732095848_icephys.nwb	sub-731978186/sub-731978186_ses-732101760_icephys.nwb	sub-731978186/sub-731978186_ses-732113347_icephys.nwb	sub-731978186/sub-731978186_ses-732127660_icephys.nwb	sub-731978186/sub-731978186_ses-732150053_icephys.nwb	sub-731978186/sub-731978186_ses-732159482_icephys.nwb	sub-731978186/sub-731978186_ses-732170598_icephys.nwb	sub-731978186/sub-731978186_ses-732197486_icephys.nwb	sub-731978186/sub-731978186_ses-732204543_icephys.nwb	sub-731978186/sub-731978186_ses-732477219_icephys.nwb	sub-731978186/sub-731978186_ses-732765244_icephys.nwb	sub-731978186/sub-731978186_ses-732773423_icephys.nwb	sub-731978186/sub-731978186_ses-732782531_icephys.nwb	sub-731978186/sub-731978186_ses-732791475_icephys.nwb	sub-736890023/sub-736890023_ses-737089415_icephys.nwb	sub-736890023/sub-736890023_ses-737133722_icephys.nwb	sub-736890023/sub-736890023_ses-737134060_icephys.nwb	sub-736890023/sub-736890023_ses-737158405_icephys.nwb	sub-736890023/sub-736890023_ses-737191617_icephys.nwb	sub-736890023/sub-736890023_ses-737279146_icephys.nwb	sub-736890023/sub-736890023_ses-737279297_icephys.nwb	sub-736890023/sub-736890023_ses-737293859_icephys.nwb	sub-736890023/sub-736890023_ses-737294035_icephys.nwb	sub-736890023/sub-736890023_ses-737404007_icephys.nwb	sub-736890023/sub-736890023_ses-737424138_icephys.nwb	sub-737373545/sub-737373545_ses-737795448_icephys.nwb	sub-737373545/sub-737373545_ses-737820113_icephys.nwb	sub-737373545/sub-737373545_ses-737988175_icephys.nwb	sub-737373545/sub-737373545_ses-738027216_icephys.nwb	sub-750786644/sub-750786644_ses-750842149_icephys.nwb	sub-750786644/sub-750786644_ses-750844594_icephys.nwb	sub-758233315/sub-758233315_ses-758285390_icephys.nwb	sub-758233315/sub-758233315_ses-758286181_icephys.nwb	sub-758233315/sub-758233315_ses-758287364_icephys.nwb	sub-758233315/sub-758233315_ses-758294414_icephys.nwb	sub-758233315/sub-758233315_ses-758303261_icephys.nwb	sub-758233315/sub-758233315_ses-758305117_icephys.nwb	sub-758233315/sub-758233315_ses-758305312_icephys.nwb	sub-758233315/sub-758233315_ses-758306814_icephys.nwb	sub-758233315/sub-758233315_ses-758311025_icephys.nwb	sub-758233315/sub-758233315_ses-758311319_icephys.nwb	sub-758233315/sub-758233315_ses-758312428_icephys.nwb	sub-758233315/sub-758233315_ses-758319675_icephys.nwb	sub-758233315/sub-758233315_ses-758323387_icephys.nwb	sub-758233315/sub-758233315_ses-758522739_icephys.nwb	sub-758233315/sub-758233315_ses-758661907_icephys.nwb	sub-758233315/sub-758233315_ses-758704139_icephys.nwb	sub-758233315/sub-758233315_ses-758763787_icephys.nwb	sub-758233315/sub-758233315_ses-758785479_icephys.nwb	sub-758233315/sub-758233315_ses-758816905_icephys.nwb	sub-758233315/sub-758233315_ses-758834763_icephys.nwb	sub-758233315/sub-758233315_ses-758834873_icephys.nwb	sub-758233315/sub-758233315_ses-758967664_icephys.nwb	sub-758233315/sub-758233315_ses-758996791_icephys.nwb	sub-760110174/sub-760110174_ses-760408934_icephys.nwb	sub-766758349/sub-766758349_ses-766793835_icephys.nwb	sub-766758349/sub-766758349_ses-767061006_icephys.nwb	sub-766758349/sub-766758349_ses-767160451_icephys.nwb	sub-767377358/sub-767377358_ses-767415408_icephys.nwb	sub-767377358/sub-767377358_ses-767421958_icephys.nwb	sub-767377358/sub-767377358_ses-767433000_icephys.nwb	sub-767377358/sub-767377358_ses-767829614_icephys.nwb	sub-768678784/sub-768678784_ses-768819554_icephys.nwb	sub-768678784/sub-768678784_ses-768848080_icephys.nwb	sub-768678784/sub-768678784_ses-768848501_icephys.nwb	sub-768678784/sub-768678784_ses-768852808_icephys.nwb	sub-768678784/sub-768678784_ses-768857387_icephys.nwb	sub-768678784/sub-768678784_ses-768860839_icephys.nwb	sub-768678784/sub-768678784_ses-768866077_icephys.nwb	sub-768678784/sub-768678784_ses-768866897_icephys.nwb	sub-768678784/sub-768678784_ses-768874978_icephys.nwb	sub-768678784/sub-768678784_ses-768885416_icephys.nwb	sub-768678784/sub-768678784_ses-768891275_icephys.nwb	sub-768678784/sub-768678784_ses-768897743_icephys.nwb	sub-768678784/sub-768678784_ses-768899634_icephys.nwb	sub-768678784/sub-768678784_ses-768903979_icephys.nwb	sub-768678784/sub-768678784_ses-769228073_icephys.nwb	sub-768678784/sub-768678784_ses-769293657_icephys.nwb	sub-770227957/sub-770227957_ses-770249773_icephys.nwb	sub-770227957/sub-770227957_ses-770254746_icephys.nwb	sub-770227957/sub-770227957_ses-770255570_icephys.nwb	sub-770227957/sub-770227957_ses-770268132_icephys.nwb	sub-770227957/sub-770227957_ses-770268530_icephys.nwb	sub-770227957/sub-770227957_ses-770275508_icephys.nwb	sub-770227957/sub-770227957_ses-770275704_icephys.nwb	sub-770227957/sub-770227957_ses-770307186_icephys.nwb	sub-770227957/sub-770227957_ses-770320403_icephys.nwb	sub-770227957/sub-770227957_ses-770337117_icephys.nwb	sub-770227957/sub-770227957_ses-770369639_icephys.nwb	sub-770227957/sub-770227957_ses-770401953_icephys.nwb	sub-770227957/sub-770227957_ses-770414910_icephys.nwb	sub-770227957/sub-770227957_ses-770466500_icephys.nwb	sub-770227957/sub-770227957_ses-770466547_icephys.nwb	sub-770227957/sub-770227957_ses-770511337_icephys.nwb	sub-770227957/sub-770227957_ses-770516164_icephys.nwb	sub-770227957/sub-770227957_ses-770544130_icephys.nwb	sub-770227957/sub-770227957_ses-770581820_icephys.nwb	sub-770227957/sub-770227957_ses-770611279_icephys.nwb	sub-770227957/sub-770227957_ses-770611326_icephys.nwb	sub-770227957/sub-770227957_ses-770645870_icephys.nwb	sub-770227957/sub-770227957_ses-770650192_icephys.nwb	sub-770227957/sub-770227957_ses-770658533_icephys.nwb	sub-770227957/sub-770227957_ses-770662658_icephys.nwb	sub-774230643/sub-774230643_ses-774350500_icephys.nwb	sub-774230643/sub-774230643_ses-774356586_icephys.nwb	sub-774230643/sub-774230643_ses-774378831_icephys.nwb	sub-774230643/sub-774230643_ses-774398998_icephys.nwb	sub-774230643/sub-774230643_ses-774415993_icephys.nwb	sub-774230643/sub-774230643_ses-774420835_icephys.nwb	sub-774230643/sub-774230643_ses-774421971_icephys.nwb	sub-774230643/sub-774230643_ses-774429668_icephys.nwb	sub-774230643/sub-774230643_ses-774619846_icephys.nwb	sub-774230643/sub-774230643_ses-774631795_icephys.nwb	sub-783453365/sub-783453365_ses-783585520_icephys.nwb	sub-783453365/sub-783453365_ses-783585664_icephys.nwb	sub-783453365/sub-783453365_ses-783615170_icephys.nwb	sub-783453365/sub-783453365_ses-783624413_icephys.nwb	sub-783453365/sub-783453365_ses-783698483_icephys.nwb	sub-783453365/sub-783453365_ses-785378254_icephys.nwb	sub-783453365/sub-783453365_ses-785379621_icephys.nwb	sub-786359945/sub-786359945_ses-786437712_icephys.nwb	sub-786359945/sub-786359945_ses-786443952_icephys.nwb	sub-786359945/sub-786359945_ses-786448011_icephys.nwb	sub-786359945/sub-786359945_ses-786456524_icephys.nwb	sub-786359945/sub-786359945_ses-786464112_icephys.nwb	sub-786359945/sub-786359945_ses-786465191_icephys.nwb	sub-786359945/sub-786359945_ses-786472934_icephys.nwb	sub-786359945/sub-786359945_ses-786484807_icephys.nwb	sub-786359945/sub-786359945_ses-786497311_icephys.nwb	sub-786359945/sub-786359945_ses-786497914_icephys.nwb	sub-786359945/sub-786359945_ses-786508339_icephys.nwb	sub-786359945/sub-786359945_ses-786520736_icephys.nwb	sub-786359945/sub-786359945_ses-787088903_icephys.nwb	sub-786359945/sub-786359945_ses-787239134_icephys.nwb	sub-793165711/sub-793165711_ses-793375116_icephys.nwb	sub-793165711/sub-793165711_ses-793433601_icephys.nwb	sub-793165711/sub-793165711_ses-793490523_icephys.nwb	sub-793165711/sub-793165711_ses-793518028_icephys.nwb	sub-793165711/sub-793165711_ses-793523120_icephys.nwb	sub-793165711/sub-793165711_ses-793560108_icephys.nwb	sub-793165711/sub-793165711_ses-793615707_icephys.nwb	sub-793165711/sub-793165711_ses-793647652_icephys.nwb	sub-793165711/sub-793165711_ses-793696178_icephys.nwb	sub-793165711/sub-793165711_ses-794208661_icephys.nwb	sub-793165711/sub-793165711_ses-794245838_icephys.nwb	sub-793165711/sub-793165711_ses-794276651_icephys.nwb	sub-793165711/sub-793165711_ses-794299380_icephys.nwb	sub-797676582/sub-797676582_ses-797977721_icephys.nwb	sub-797676582/sub-797676582_ses-798172866_icephys.nwb	sub-797676582/sub-797676582_ses-798257712_icephys.nwb	sub-805678822/sub-805678822_ses-805752506_icephys.nwb	sub-805678822/sub-805678822_ses-805766540_icephys.nwb	sub-805678822/sub-805678822_ses-805782225_icephys.nwb	sub-811677083/sub-811677083_ses-811883172_icephys.nwb	sub-811677083/sub-811677083_ses-811939078_icephys.nwb	sub-811677083/sub-811677083_ses-811954336_icephys.nwb	sub-813481439/sub-813481439_ses-813709961_icephys.nwb	sub-813481439/sub-813481439_ses-813734955_icephys.nwb	sub-832340431/sub-832340431_ses-832627736_icephys.nwb
2021-04-19	29377521	69297308	8388608	57740697	40669464	49312240	17204577	46020466	39220390	35744298	57356583	18263413	19738689	38421750	54803616	17196335	38260954	40270694	18393939	21142337	53731770	18290528	38292734	37649666	41092638	19632968	40660562	62042520	21315445	28468223	44858676	20226425	48409602	42434858	20119958	20788733	61606986	26685465	18260770	20549950	55793688	39969964	24579436	21101902	19575717	64968315	6183279	43077846	59297361	14517709	62346144	33554432	110367794	91451320	33554432	91295252	33554432	153960211	103269046	90968190	88538862	93332651	86444211	25165824	89727021	44681220	91911614	37626160	78644336	33554432	2974245	100074898	29801224	33554432	95232750	110560291	16946776	74187290	43759488	39618225	114390944	84482702	49088054	140420533	57006978	84870395	87911016	84327666	37920329	85419522	99043921	24873669	105762258	82947410	6188235	91294250	18492978	70905896	47877468	84404958	81326322	25165824	88553920	29359140	73194772	87211426	61507708	33554432	94674766	124547943	78285680	86911420	13504474	60678028	25165824	94880704	30438636	33554432	85301326	16777216	18796615	16420393	47801708	32138676	40317636	80790172	32947347	25165824	12916636	39415700	21244103	38568842	92650518	81062958	24317580	10541840	32510782	85912292	38888177	77953148	66677740	35853504	21563132	36842009	93302170	22006733	23628476	40167848	80612865	81569040	21669064	94027672	30441424	41943040	16777216	22835436	84009004	72449818	30239391	76658254	8388608	72670060	66966672	24923167	86088680	86598420	33554432	34349374	38126247	22739669	96618660	30906998	75136246	36517948	11514798	53568050	42698004	73021726	32105694	48955618	35764888	35023922	20543075	45412208	36504360	55123834	60578600	74916156	29791006	37505140	50187507	41699996	26556168	33975792	31352434	13445502	64633682	38841898	90253836	24923018	16777216	38951642	32554450	66551874	56316070	19131723	12647711	34587156	40996964	41943040	40002628	16777216	57316924	95432768	42380230	33554432	29855438	45865056	38248113	30046439	19162550	147850004	61468302	3851206	146855437	43309596	41943040	19817635	36895540	121210584	23709720	132462046	146181966	48884218	123031624	38505104	35570074	36710832	129895976	38307356	44815322	43630681	38397286	16777216	32963744	22221988	41161316	36663926	109067384	35615150	39605572	32983672	37542541	68017694	65823080	33524360	42204172	38297814	80105616	68437954	66688542	56232862	84597032	8388608	120228841	106135186	19179913	33070366	42156012	34444826	41873365	64800408	35942729	84205346	141713664	117634532	50042740	60868286	55028173	103631406	90740384	79166484	112107850	98464100	89080064	102753848	68946642	85946549	85945894	82346631	35825635	118147729	50511889	112650950	87151704	162354306	115528922	133255903	25165824	41943040	138608982	58720256	23180734	8388608	58720256	21242197	95402701	83659174	8975953	4326784	13586951	16777216	53961932	8388608	26499846	25165824	34577274	20504134
2021-04-26	7034584	7133661	0	0	0	6835492	0	0	0	0	0	0	0	0	0	0	0	0	0	0	0	0	0	0	6868205	0	0	0	0	0	0	0	0	0	0	0	0	0	0	0	0	0	0	0	0	0	0	0	0	0	0	0	0	0	0	0	0	0	0	0	0	0	0	0	0	0	0	0	0	0	0	0	0	0	0	0	0	0	0	0	0	0	0	0	0	0	0	0	0	0	0	0	0	0	0	0	0	0	0	0	0	0	0	0	0	0	0	0	0	0	0	0	7764588	0	0	0	0	0	0	0	0	0	0	0	0	0	0	0	0	0	0	0	0	0	0	0	0	0	0	0	0	0	0	0	0	0	0	0	0	0	0	0	0	0	0	0	0	0	0	0	0	0	0	0	0	0	0	0	0	0	0	7531845	0	0	0	0	0	0	0	0	0	0	0	0	0	0	0	0	0	0	0	0	0	0	0	0	0	0	0	0	0	0	0	0	0	0	0	0	0	0	0	0	0	0	0	0	0	0	0	0	0	0	0	0	0	0	0	0	0	0	0	0	0	0	0	0	6901856	0	0	0	0	0	0	0	0	0	0	0	0	0	0	0	0	0	0	0	0	0	0	0	0	0	0	0	0	0	0	0	0	0	0	0	0	0	0	0	0	0	0	132728	0	0	0	0	0	0	0	0	0	0	0	0	7531845	0	0	0	0	0	0	0	0	0	0	0	0	0	0	0	0	0	0	0	0	0	0	0	0	0
2021-05-03	0	0	19291774	19246899	29161144	0	0	0	0	0	0	0	0	0	0	0	0	0	0	0	0	0	0	0	0	0	0	0	0	0	0	0	0	0	0	0	0	0	0	0	0	0	0	0	8627320	9323673	0	0	0	0	0	0	0	0	0	0	0	0	0	0	9522765	0	0	0	0	10020964	0	0	0	0	0	0	0	0	0	6238216	0	0	0	0	0	0	0	0	0	0	0	0	0	0	0	0	0	0	0	0	0	0	0	0	0	0	0	0	0	0	0	0	0	0	0	0	0	0	0	0	0	0	0	0	0	0	0	0	0	0	0	0	0	0	0	0	0	0	6304580	0	0	4014553	0	0	0	0	0	0	0	0	0	0	0	0	0	0	0	0	0	0	0	0	0	0	0	0	0	0	0	0	0	0	0	0	0	0	0	0	0	0	0	0	0	6536385	0	0	0	0	0	0	0	0	0	0	0	0	0	0	0	0	0	0	0	0	0	0	0	0	0	0	0	0	0	0	0	0	0	0	0	0	0	0	0	0	0	0	0	0	0	0	0	0	0	0	0	0	0	0	0	0	0	0	0	0	0	0	0	0	0	0	0	0	0	12044597	0	0	0	0	0	0	0	0	0	0	0	0	0	0	0	0	0	0	0	0	0	0	0	0	0	0	0	0	0	0	0	0	0	0	0	0	0	0	0	0	0	0	0	7565496	0	0	0	0	0	12011884	0	0	11414608	0	0	0	0	0	0	0	0	0	0	0	12011884	0	7863665	0
2021-05-10	58755042	37080116	0	0	0	0	0	0	19610195	17872149	19118861	0	0	19210875	18267872	17196335	19130477	20135347	0	0	17910590	0	0	0	0	0	0	0	0	0	0	0	0	0	0	0	0	0	0	0	0	0	0	0	0	0	0	0	0	0	0	0	0	0	0	0	0	0	0	0	0	0	0	0	0	0	0	0	0	0	0	0	0	0	0	0	0	0	0	0	0	0	0	0	0	0	0	0	0	0	0	0	0	0	0	0	0	0	0	0	0	0	0	0	0	0	0	0	0	0	0	0	0	0	0	0	0	0	0	0	0	0	0	0	0	0	0	0	0	0	0	0	0	0	0	0	0	0	0	0	0	0	0	0	0	0	0	0	0	0	0	0	0	0	0	0	0	0	0	0	0	0	0	0	0	0	0	0	0	0	0	0	0	0	0	0	0	0	0	0	0	0	0	0	0	0	0	0	0	0	0	0	0	0	0	0	0	0	0	0	0	0	0	0	0	0	0	0	0	0	0	0	0	0	0	0	0	0	0	0	0	0	0	0	0	0	0	0	0	0	0	0	0	0	0	0	0	0	0	0	0	0	0	0	0	0	0	0	0	0	0	0	0	0	0	0	0	0	0	0	0	0	0	0	0	0	0	0	0	0	0	0	0	0	0	0	0	0	0	0	0	0	0	0	0	0	0	0	0	0	0	0	0	0	0	0	0	0	0	0	0	0	0	0	0	0	0	0	0	0	0	0	0	0	0	0	0	0
2021-05-17	35847542	0	0	0	0	0	0	0	0	0	0	0	0	0	0	0	0	0	0	0	0	0	0	0	0	0	0	0	0	0	0	0	0	0	0	0	0	0	0	0	0	0	0	0	0	0	0	0	0	0	0	0	0	0	0	0	0	0	0	0	0	0	0	0	0	0	0	0	0	0	0	0	0	0	0	0	0	0	0	0	0	0	0	0	0	0	0	0	0	0	0	0	0	0	0	0	0	0	0	0	0	0	0	0	0	0	0	0	0	0	0	0	0	0	0	0	0	0	0	0	0	0	0	0	0	0	0	0	0	0	0	0	0	0	0	0	0	0	0	0	0	0	0	0	0	0	0	0	0	0	0	0	0	0	0	0	0	0	0	0	0	0	0	0	0	0	0	0	0	0	0	0	0	0	0	0	0	0	0	0	0	0	0	0	0	0	0	0	0	0	0	0	0	0	0	0	0	0	0	0	0	0	0	0	0	0	0	0	0	0	0	0	0	0	0	0	0	0	0	0	0	0	0	0	0	0	0	0	0	0	0	0	0	0	0	0	0	0	0	0	0	0	0	0	0	0	0	0	0	0	0	0	0	0	0	0	0	0	0	0	0	0	0	0	0	0	0	0	0	0	0	0	0	0	0	0	0	0	0	0	0	0	0	0	0	0	0	0	0	0	0	0	0	0	0	0	0	0	0	0	0	0	0	0	0	0	0	0	0	0	0	0	0	0	0	0	0	0
2021-06-07	29377521	37080116	19291774	19246899	20334732	19233616	17204577	0	0	0	0	0	19738689	19210875	18267872	0	0	20135347	18393939	0	17910590	18290528	0	18824833	0	19632968	20330281	0	21315445	0	0	20226425	20010497	0	20119958	0	20535662	0	17518993	0	18597896	19984982	0	0	19575717	0	22960495	21538923	0	14517709	20782048	0	59378201	0	0	58230538	0	54116273	55828827	58067007	0	59778219	52889779	0	56172589	0	0	54403376	56099384	55135512	11362853	58426057	0	61469688	56004983	60228643	0	53870861	60536704	56395441	64059296	59316878	23922230	81700277	107338626	59048361	56538420	46358137	54697545	60253698	57100881	58428101	0	49392978	14576843	54035733	52047410	52230164	0	46396783	49051769	0	48471264	20970532	48028948	47800017	47531070	47593850	0	49904589	47531448	95300028	13504474	47116230	46083191	0	0	48555937	46844967	50571492	0	16420393	0	20263642	48706244	47235740	0	48688550	46471068	47804308	46409927	46957450	46325259	47508526	49483404	0	16255391	47150450	47276785	47365182	0	17926752	46728956	40129586	50845389	0	0	0	0	49173128	0	0	0	46225170	16975810	48001260	50393110	0	47016607	0	14364738	47504236	0	0	47238644	51687818	45447973	0	46514855	47905493	0	0	49970422	18258974	19903406	28402226	0	36510863	20247151	24477809	22076748	21706265	20543075	0	22446484	29958010	30289300	41652382	0	0	0	20849998	0	21182200	0	0	0	19420949	49321222	20850117	0	0	24165842	0	0	19131723	0	25682186	20498482	43289631	0	18675871	28658462	60299296	25384419	0	23316327	22932528	21470897	30046439	0	78119306	0	20628422	79746573	21654798	74869327	19817635	0	0	23709720	74619631	81479591	65661434	69904420	0	26173645	0	73336596	0	0	0	0	21671733	24575136	38999204	24384100	0	58735736	17807575	23997090	0	20765325	0	37105844	0	21102086	38297814	40052808	42607585	0	62134076	0	0	61508585	114523794	52734345	20729487	0	21416717	58650581	48023192	69497161	0	79245440	0	29215674	0	80193997	0	57185952	52166154	0	49232050	0	55571228	0	60780725	0	48792199	27437027	59427473	25346065	0	60353068	0	61958765	0	32582613	78042482	0	66328916	23180734	24326403	74341678	29630805	61848269	0	0	21104000	0	23879048	35369574	25517492	34888454	54820185	25677245	0
2021-06-28	58755042	74160232	57875322	57740697	20334732	57700848	34409154	23010233	39220390	0	19118861	18263413	19738689	57632625	36535744	0	19130477	40270694	18393939	42284674	35821180	0	38292734	0	20546319	19632968	40660562	0	0	0	44858676	40452850	20010497	21217429	0	0	41071324	18296857	17518993	20549950	37195792	19984982	0	0	39151434	43312210	22960495	21538923	39531574	14517709	20782048	60723862	59378201	57896888	109044924	58230538	57057792	54116273	55828827	0	0	119556438	105779558	59862035	56172589	0	54344415	108806752	56099384	55135512	11362853	58426057	0	0	112009966	60228643	16946776	161612583	60536704	56395441	0	59316878	23922230	81700277	214677252	0	113076840	139074411	109395090	120507396	171302643	116856202	57075433	148178934	29153686	54035733	156142230	104460328	47877468	46396783	49051769	95697016	96942528	20970532	48028948	47800017	95062140	95187700	94674766	99809178	47531448	95300028	13504474	94232460	0	47440352	141647556	145667811	93689934	50571492	131887317	32840786	95603416	20263642	146118732	141707220	49724563	48688550	46471068	143412924	139229781	93914900	92650518	95017052	148450212	37860896	16255391	94300900	94553570	94730364	137765346	53780256	140186868	20064793	101690778	0	30479736	97112912	94116866	98346256	65007192	94027672	141655920	46225170	33951620	96002520	151179330	141851982	94033214	140153205	28729476	142512708	138198744	33069118	47238644	155063454	90895946	51524061	139544565	47905493	96618660	143052642	149911266	36517948	19903406	56804452	42698004	109532589	40494302	73433427	0	43412530	61629225	53800816	22446484	89874030	90867900	124957146	19089807	56257710	66820582	41699996	53112336	42364400	39741042	21834110	78935716	19420949	98642444	62550351	67503076	38951642	48331684	33275937	56316070	38263446	63108957	77046558	40996964	86579262	20001314	56027613	57316924	180897888	76153257	80490822	69948981	45865056	64412691	60092878	55102316	78119306	259902378	61885266	159493146	64964394	224607981	59452905	53672756	206981700	47419440	149239262	244438773	65661434	209713260	38505104	78520935	39867232	146673192	43060280	44815322	80560395	38397286	65015199	73725408	116997612	48768200	59660130	117471472	17807575	47994180	62058420	20765325	42397455	0	75407256	42204172	76595628	120158424	42607585	75077150	93201114	59075732	42170946	123017170	57261897	105468690	41458974	42156012	21416717	58650581	96046384	208491483	176639667	79245440	176742828	87647022	132273210	80193997	205778757	171557856	156498462	120496458	147696150	122634496	111142456	141168699	121561450	119500326	146376597	54874054	118854946	50692130	212123730	181059204	187520130	185876295	299104413	65165226	156084964	94470315	132657832	69542202	24326403	148683356	88892415	185544807	100209484	127591155	63312000	65926677	47758096	70739148	76552476	104665362	164460555	77031735	28892742
2021-07-05	0	0	0	0	0	0	0	0	0	0	0	0	0	0	0	0	0	0	0	0	0	0	0	0	0	0	0	0	21315445	0	0	0	0	21217429	0	0	0	0	0	0	0	0	0	0	0	0	0	0	0	0	0	0	0	0	0	0	0	0	0	0	0	0	0	0	0	0	0	0	0	0	0	0	0	0	0	0	0	0	0	0	0	0	0	0	0	0	0	0	0	0	0	0	0	0	0	0	0	0	0	0	0	0	0	0	0	0	0	0	0	0	0	0	0	0	0	0	0	0	0	0	0	0	0	0	0	0	0	0	0	0	0	0	0	0	0	0	0	0	0	0	0	0	0	0	0	0	0	0	0	0	0	0	0	0	16975810	27175589	0	47283994	0	0	0	0	0	0	0	0	0	0	0	0	0	0	0	0	0	0	0	0	0	0	0	0	0	0	0	0	0	0	0	0	0	0	0	0	0	0	0	0	0	0	0	0	0	0	0	0	0	0	0	0	0	0	0	0	0	0	0	0	0	0	0	0	0	0	0	0	0	0	0	0	0	0	0	0	0	0	0	0	0	0	0	0	0	0	0	0	0	0	0	0	0	0	0	0	0	0	0	0	0	0	0	0	0	0	0	0	0	0	0	0	0	0	0	0	0	0	0	0	0	0	0	0	0	0	0	0	0	0	0	0	0	0	0	0	0	0	0	0	0	0	0	0	0	0	0	0	0	0	0	0	0	0	0	0	0	0	0	0
2021-08-02	0	37080116	0	19246899	0	19233616	17204577	23010233	19610195	17872149	19118861	0	0	19210875	0	0	19130477	0	18393939	21142337	17910590	0	19146367	18824833	0	19632968	20330281	0	21315445	20079615	22429338	20226425	0	0	20119958	20788733	0	18296857	17518993	20549950	0	19984982	0	18939559	19575717	21656105	0	21538923	19765787	0	0	60723862	0	57896888	54522462	58230538	57057792	0	0	58067007	52658039	59778219	52889779	0	56172589	0	54344415	54403376	56099384	0	0	0	19094916	61469688	56004983	0	16946776	53870861	0	56395441	0	59316878	0	81700277	107338626	0	56538420	46358137	54697545	60253698	57100881	58428101	0	0	14576843	54035733	0	0	47877468	46396783	49051769	47848508	48471264	0	48028948	0	47531070	0	47337383	49904589	0	0	13504474	47116230	0	47440352	47215852	48555937	46844967	0	0	0	47801708	20263642	0	47235740	49724563	48688550	0	47804308	0	46957450	46325259	0	49483404	0	16255391	0	0	47365182	45921782	0	0	20064793	50845389	0	15239868	0	47058433	49173128	21669064	47013836	0	46225170	0	48001260	0	0	47016607	0	14364738	0	46066248	16534559	0	51687818	45447973	17174687	46514855	0	48309330	0	0	18258974	19903406	28402226	21349002	36510863	20247151	24477809	22076748	21706265	20543075	0	22446484	29958010	0	41652382	0	18752570	0	20849998	0	21182200	19870521	21834110	39467858	19420949	49321222	20850117	0	19475821	24165842	33275937	28158035	19131723	0	0	20498482	43289631	20001314	0	28658462	60299296	25384419	0	0	22932528	21470897	30046439	27551158	0	86634126	0	0	21654798	74869327	19817635	26836378	68993900	23709720	74619631	0	0	0	19252552	0	19933616	73336596	21530140	22407661	26853465	19198643	0	24575136	38999204	0	0	58735736	17807575	0	0	20765325	42397455	37105844	25135752	0	38297814	0	42607585	0	0	59075732	0	61508585	57261897	0	20729487	21078006	0	58650581	48023192	69497161	0	0	58914276	29215674	44091070	80193997	68592919	57185952	52166154	60248229	49232050	61317248	55571228	47056233	60780725	59750163	48792199	27437027	59427473	25346065	70707910	60353068	93760065	61958765	99701471	32582613	78042482	94470315	66328916	23180734	24326403	74341678	29630805	61848269	50104742	42530385	21104000	21975559	23879048	35369574	25517492	34888454	54820185	25677245	28892742
2021-08-23	0	0	19291774	0	0	0	0	0	0	0	0	0	0	0	0	0	0	0	0	0	0	0	0	0	0	0	0	0	0	0	0	0	0	0	0	0	0	0	0	0	0	0	0	0	0	0	0	0	0	0	0	0	0	0	0	0	0	0	0	0	0	0	0	0	0	0	0	0	0	0	0	0	0	0	0	0	0	0	0	0	0	0	0	0	0	0	0	0	0	0	0	0	0	0	0	0	0	0	0	0	0	0	0	0	0	0	0	0	0	0	0	0	0	0	0	0	0	0	0	0	0	0	0	0	0	0	0	0	0	0	0	0	0	0	0	0	0	0	0	0	0	0	0	0	0	0	0	0	0	0	0	0	0	0	0	0	0	0	0	0	0	0	0	0	0	0	0	0	0	0	0	0	0	0	0	0	0	0	0	0	0	0	0	0	0	0	0	0	0	0	0	0	0	0	0	0	0	0	0	0	0	0	0	0	0	0	0	0	0	0	0	0	0	0	0	0	0	0	0	0	0	0	0	0	0	0	0	0	0	0	0	0	0	0	0	0	0	0	0	0	0	0	0	0	0	0	0	0	0	0	0	0	0	0	0	0	0	0	0	0	0	0	0	0	0	0	0	0	0	0	0	0	0	0	0	0	0	0	0	0	0	0	0	0	0	0	0	0	0	0	0	0	0	0	0	0	0	0	0	0	0	0	0	0	0	0	0	0	0	0	0	0	0	0	0	0	0	0
2021-09-13	29377521	0	0	0	0	0	0	0	0	0	0	0	0	0	0	0	0	0	0	0	0	0	0	0	0	0	0	0	0	0	0	0	0	0	0	0	0	0	0	0	0	0	0	0	0	0	0	0	0	0	0	0	0	0	0	0	0	0	0	0	0	0	0	0	0	0	0	0	0	0	0	0	0	0	0	0	0	0	0	0	0	0	0	0	0	0	0	0	0	0	0	0	0	0	0	0	0	0	0	0	0	0	0	0	0	0	0	0	0	0	0	0	0	0	0	0	0	0	0	0	0	0	0	0	0	0	0	0	0	0	0	0	0	0	0	0	0	0	0	0	0	0	0	0	0	0	0	0	0	0	0	0	0	0	0	0	0	0	0	0	0	0	0	0	0	0	0	0	0	0	0	0	0	0	0	0	0	0	0	0	0	0	0	0	0	0	0	0	0	0	0	0	0	0	0	0	0	0	0	0	0	0	0	0	0	0	0	0	0	0	0	0	0	0	0	0	0	0	0	0	0	0	0	0	0	0	0	0	0	0	0	0	0	0	0	0	0	0	0	0	0	0	0	0	0	0	0	0	0	0	0	0	0	0	0	0	0	0	0	0	0	0	0	0	0	0	0	0	0	0	0	0	0	0	0	0	0	0	0	0	0	0	0	0	0	0	0	0	0	0	0	0	0	0	0	0	0	0	0	0	0	0	0	0	0	0	0	0	0	0	0	0	0	0	0	0	0	0
2021-10-25	117510084	222480696	57875322	38493798	61004196	19233616	34409154	46020466	19610195	35744298	38237722	54790239	19738689	38421750	54803616	34392670	57391431	40270694	18393939	21142337	35821180	54871584	38292734	56474499	41092638	19632968	60990843	41361680	42630890	40159230	67288014	40452850	20010497	42434858	60359874	62366199	20535662	36593714	35037986	41099900	37195792	39969964	41356652	56818677	39151434	43312210	45920990	21538923	59297361	29035418	41564096	121447724	178134603	173690664	109044924	116461076	114115584	108232546	167486481	116134014	157974117	119556438	105779558	119724070	168517767	69847044	108688830	108806752	112198768	110271024	34088559	175278171	57284748	184409064	168014949	180685929	50840328	53870861	181610112	112790882	192177888	59316878	71766690	245100831	107338626	177145083	169615260	92716274	54697545	180761094	171302643	175284303	171226299	98785956	14576843	108071466	156142230	52230164	143632404	92793566	147155307	47848508	145413792	41941064	144086844	47800017	142593210	47593850	142012149	99809178	95062896	95300028	13504474	94232460	92166382	47440352	141647556	145667811	46844967	151714476	87924878	49261179	95603416	40527284	97412488	0	99449126	97377100	139413204	95608616	46409927	140872350	92650518	47508526	98966808	37860896	32510782	47150450	94553570	94730364	91843564	53780256	93457912	0	0	141517671	0	145669368	47058433	49173128	65007192	47013836	94437280	92450340	33951620	0	0	141851982	141049821	46717735	28729476	95008472	0	49603677	141715932	155063454	136343919	34349374	0	143716479	144927990	47684214	99940844	36517948	39806812	56804452	21349002	36510863	60741453	48955618	66230244	65118795	20543075	80701224	44892968	59916020	30289300	83304764	57269421	56257710	100230873	41699996	53112336	42364400	39741042	65502330	78935716	19420949	49321222	41700234	101254614	19475821	48331684	33275937	84474105	38263446	21036319	51364372	61495446	86579262	40002628	74703484	57316924	180897888	76153257	120736233	23316327	68797584	85883588	30046439	82653474	234357918	173268252	20628422	239239719	43309596	224607981	39635270	107345512	68993900	71129160	149239262	162959182	131322868	209713260	77010208	78520935	79734464	220009788	86120560	89630644	80560395	57595929	43343466	73725408	116997612	73152300	59660130	117471472	53422725	71991270	41372280	41530650	127192365	111317532	50271504	63306258	76595628	160211232	170430340	37538575	62134076	177227196	63256419	123017170	114523794	90760917	62188461	42156012	21416717	161565950	143032096	138994322	58879889	158490880	0	29215674	88182140	240581991	137185838	114371904	52166154	60248229	98464100	61317248	111142456	0	121561450	0	97584398	27437027	59427473	25346065	141415820	60353068	187520130	123917530	0	32582613	156084964	0	66328916	23180734	24326403	0	59261610	61848269	100209484	42530385	42208000	21975559	0	0	0	34888454	109640370	0	57785484
2021-11-01	29377521	365628461	19291774	19246899	20334732	19233616	17204577	0	0	17872149	19118861	18263413	19738689	19210875	18267872	17196335	0	20135347	0	0	17910590	18290528	19146367	18824833	0	19632968	20330281	0	21315445	20079615	22429338	0	20010497	21217429	0	20788733	0	18296857	0	20549950	18597896	19984982	20678326	18939559	0	21656105	0	21538923	0	14517709	20782048	60723862	59378201	57896888	0	58230538	57057792	0	48113900	0	32518360	41344772	0	0	0	0	0	0	0	0	0	0	0	0	0	0	0	0	0	0	0	0	0	0	0	0	0	0	0	0	0	0	0	0	0	0	0	0	0	0	0	0	0	0	0	0	0	0	0	0	0	0	0	0	0	0	0	0	0	0	0	0	0	0	0	0	0	0	0	0	0	0	0	0	0	0	0	0	0	0	0	0	0	0	0	0	0	0	0	0	0	0	0	0	0	0	0	0	0	0	0	0	0	0	0	0	0	0	0	0	0	0	0	0	0	0	0	0	0	0	0	0	0	0	0	0	0	0	0	0	0	0	0	0	0	0	0	0	0	0	0	0	0	0	0	0	0	0	0	0	0	0	0	0	0	0	0	0	0	0	0	0	0	0	0	0	0	0	0	0	0	0	0	0	0	0	0	0	0	0	0	0	0	0	0	0	0	0	0	0	0	0	0	0	0	0	0	0	0	0	0	0	0	0	0	0	0	0	0	0	0	0	0	0	0	0	0	0	0	0	0	0	0	0	0	0	0	0	0	0	0	0	0	0	0	0	0	0	0	0	0	0	0	0	0	0	0	0	0	0	0	0	0	0	0	0	0	0
2021-11-08	0	0	0	0	0	0	0	0	19610195	17872149	38237722	0	0	0	0	0	0	0	18393939	21142337	17910590	18290528	19146367	18824833	20546319	19632968	20330281	20680840	0	0	22429338	20226425	20010497	21217429	20119958	20788733	20535662	18296857	17518993	20549950	18597896	19984982	20678326	18939559	19575717	0	0	0	0	0	0	0	0	0	0	0	0	0	0	0	0	119556438	105779558	119724070	112345178	0	0	0	0	0	0	0	0	0	0	0	0	0	0	0	0	0	0	0	0	0	0	0	0	60253698	57100881	58428101	57075433	0	14576843	0	52047410	0	47877468	46396783	0	47848508	48471264	20970532	48028948	0	47531070	47593850	47337383	49904589	0	47650014	13504474	0	46083191	0	47215852	0	0	0	0	0	0	0	0	0	0	0	0	0	0	0	0	0	0	0	0	0	0	0	0	0	0	0	0	0	0	0	0	0	0	0	0	0	0	0	0	0	0	0	0	0	0	0	0	0	0	0	0	0	0	0	0	0	0	0	0	0	0	0	0	0	0	0	0	0	0	0	0	0	0	0	0	0	0	0	0	0	0	0	0	0	0	0	0	0	0	0	0	0	0	0	0	0	0	0	0	0	0	0	0	0	0	0	0	0	0	0	0	0	0	0	0	0	0	0	0	0	0	0	0	0	0	0	0	0	0	0	0	0	0	0	0	0	0	0	0	0	0	0	0	0	0	0	0	0	0	0	0	0	0	0	0	0	0	0	0	0	0	0	0	0	0	0	0	0	0	0	0	0	0	0	0	0	0	0	0	0	0	0	0	0	0	0	0	0	0	0	0	0	0	0	0	0	0	0	0	0
2021-11-15	0	0	19291774	0	0	0	0	0	0	0	0	0	0	0	0	0	0	0	0	0	0	0	0	0	0	0	0	0	0	0	0	0	0	0	0	0	0	0	0	0	0	0	0	0	0	0	0	0	0	0	0	0	0	0	0	0	0	0	0	0	0	0	0	0	0	0	0	0	0	0	0	0	0	0	0	0	0	0	0	0	0	0	0	0	0	0	0	0	0	0	0	0	0	0	0	0	0	0	0	0	0	0	0	0	0	0	0	0	0	0	0	0	0	0	0	0	0	0	0	0	0	0	0	0	0	0	0	0	0	0	0	0	0	0	0	0	0	0	0	0	0	0	0	0	0	0	0	0	0	0	0	0	0	0	0	0	0	0	0	0	0	0	0	0	0	0	0	0	0	0	0	0	0	0	0	0	0	0	0	0	0	0	0	0	0	0	0	0	0	0	0	0	0	0	0	0	0	0	0	0	0	0	0	0	0	0	0	0	0	0	0	0	0	0	0	0	0	0	0	0	0	0	0	0	0	0	0	0	0	0	0	0	0	0	0	0	0	0	0	0	0	0	0	0	0	0	0	0	0	0	0	0	0	0	0	0	0	0	0	0	0	0	0	0	0	0	0	0	0	0	0	0	0	0	0	0	0	0	0	0	0	0	0	0	0	0	0	0	0	0	0	0	0	0	0	0	0	0	0	0	0	0	0	0	0	0	0	0	0	0	0	0	0	0	0	0	0	0
2021-11-29	58755042	0	0	0	0	0	0	0	13339164	0	0	0	0	0	0	0	0	0	0	0	0	0	0	0	0	0	0	0	0	0	0	0	0	0	0	0	0	0	0	0	0	0	0	0	0	0	0	0	0	0	0	0	0	0	0	0	0	0	0	0	0	0	0	0	0	0	0	0	0	0	0	0	0	0	0	0	0	0	0	0	0	0	0	0	0	0	0	0	0	0	0	0	0	0	0	0	0	0	0	0	0	0	0	0	0	0	0	0	0	0	0	0	0	0	0	0	0	0	0	0	0	0	0	0	0	0	0	0	0	0	0	0	0	0	0	0	0	0	0	0	0	0	0	0	0	0	0	0	0	0	0	0	0	0	0	0	0	0	0	0	0	0	0	0	0	0	0	0	0	0	0	0	0	0	0	0	0	0	0	0	0	0	0	0	0	0	0	0	0	0	0	0	0	0	0	0	0	0	0	0	0	0	0	0	0	0	0	0	0	0	0	0	0	0	0	0	0	0	0	0	0	0	0	0	0	0	0	0	0	0	0	0	0	0	0	0	0	0	0	0	0	0	0	0	0	0	0	0	0	0	0	0	0	0	0	0	0	0	0	0	0	0	0	0	0	0	0	0	0	0	0	0	0	0	0	0	0	0	0	0	0	0	0	0	0	0	0	0	0	0	0	0	0	0	0	0	0	0	0	0	0	0	0	0	0	0	0	0	0	0	0	0	0	0	0	0	0	0
2021-12-06	58755042	37080116	19291774	38493798	40669464	38467232	17204577	46020466	19610195	17872149	0	18263413	19738689	38421750	36535744	17196335	0	40270694	18393939	21142337	17910590	18290528	19146367	0	20546319	19632968	20330281	0	42630890	40159230	22429338	20226425	20010497	0	20119958	20788733	20535662	18296857	17518993	0	18597896	19984982	20678326	18939559	19575717	43312210	45920990	43077846	19765787	29035418	41564096	121447724	59378201	115793776	109044924	0	114115584	54116273	111657654	0	105316078	59778219	52889779	59862035	56172589	34923522	0	108806752	112198768	110271024	22725706	58426057	38189832	61469688	112009966	120457286	0	107741722	121073408	56395441	64059296	59316878	23922230	163400554	107338626	0	113076840	46358137	54697545	60253698	114201762	116856202	57075433	98785956	29153686	108071466	52047410	52230164	95754936	92793566	49051769	95697016	96942528	41941064	96057896	95600034	95062140	0	94674766	99809178	95062896	95300028	27008948	47116230	0	47440352	47215852	48555937	93689934	50571492	87924878	16420393	47801708	20263642	97412488	47235740	99449126	48688550	46471068	95608616	92819854	93914900	92650518	95017052	98966808	37860896	16255391	94300900	47276785	94730364	45921782	35853504	93457912	40129586	101690778	94345114	30479736	97112912	47058433	98346256	43338128	94027672	47218640	46225170	0	96002520	0	47283994	94033214	46717735	28729476	95008472	46066248	0	94477288	103375636	45447973	0	46514855	47905493	96618660	95368428	49970422	36517948	19903406	56804452	21349002	73021726	40494302	24477809	0	43412530	20543075	53800816	44892968	59916020	30289300	83304764	38179614	18752570	66820582	0	26556168	21182200	19870521	43668220	39467858	19420949	98642444	20850117	67503076	19475821	24165842	66551874	28158035	38263446	42072638	25682186	40996964	86579262	40002628	18675871	57316924	60299296	50768838	80490822	0	45865056	42941794	30046439	27551158	78119306	86634126	20628422	159493146	43309596	149738654	19817635	26836378	137987800	23709720	74619631	162959182	131322868	69904420	19252552	0	19933616	73336596	21530140	22407661	26853465	19198643	21671733	0	0	48768200	19886710	117471472	35615150	23997090	0	41530650	42397455	37105844	0	42204172	38297814	80105616	85215170	37538575	31067038	0	21085473	61508585	57261897	52734345	20729487	0	21416717	58650581	0	69497161	0	79245440	58914276	29215674	44091070	0	68592919	0	52166154	60248229	0	61317248	55571228	47056233	60780725	0	0	27437027	59427473	25346065	70707910	60353068	0	61958765	0	32582613	78042482	94470315	0	23180734	24326403	74341678	29630805	0	50104742	42530385	21104000	21975559	0	35369574	0	34888454	0	25677245	28892742
2021-12-13	29377521	37080116	19291774	19246899	20334732	19233616	17204577	23010233	19610195	17872149	19118861	18263413	19738689	19210875	18267872	17196335	19130477	20135347	18393939	21142337	17910590	18290528	19146367	18824833	20546319	19632968	20330281	20680840	21315445	20079615	22429338	20226425	20010497	21217429	20119958	20788733	20535662	18296857	17518993	20549950	18597896	19984982	20678326	18939559	19575717	21656105	22960495	21538923	19765787	14517709	20782048	60723862	59378201	57896888	54522462	58230538	57057792	54116273	0	58067007	52658039	59778219	52889779	59862035	0	0	54344415	54403376	56099384	55135512	11362853	0	19094916	61469688	56004983	60228643	16946776	53870861	0	56395441	64059296	0	23922230	81700277	107338626	59048361	0	46358137	0	60253698	57100881	58428101	0	49392978	14576843	54035733	52047410	52230164	0	46396783	49051769	47848508	48471264	20970532	48028948	0	47531070	47593850	47337383	49904589	47531448	47650014	13504474	47116230	46083191	47440352	0	48555937	46844967	50571492	43962439	16420393	0	20263642	48706244	47235740	49724563	48688550	46471068	0	46409927	46957450	46325259	47508526	0	18930448	0	47150450	47276785	47365182	45921782	0	46728956	20064793	101690778	0	15239868	97112912	47058433	0	21669064	47013836	94437280	46225170	16975810	48001260	50393110	47283994	0	46717735	0	47504236	46066248	16534559	47238644	51687818	0	17174687	0	47905493	0	47684214	0	18258974	0	28402226	21349002	36510863	20247151	0	22076748	21706265	0	26900408	0	29958010	30289300	0	19089807	18752570	0	20849998	26556168	21182200	19870521	21834110	39467858	19420949	49321222	0	0	0	24165842	0	28158035	0	0	0	20498482	43289631	20001314	18675871	28658462	60299296	0	40245411	0	0	0	30046439	27551158	78119306	86634126	0	0	0	0	19817635	0	0	23709720	0	81479591	65661434	69904420	19252552	26173645	0	0	0	22407661	26853465	19198643	21671733	24575136	38999204	24384100	19886710	58735736	17807575	23997090	20686140	20765325	0	37105844	25135752	0	38297814	40052808	42607585	37538575	31067038	59075732	21085473	61508585	0	52734345	0	21078006	21416717	58650581	48023192	69497161	58879889	79245440	58914276	29215674	44091070	0	68592919	57185952	52166154	60248229	0	61317248	55571228	47056233	60780725	59750163	0	27437027	59427473	25346065	70707910	60353068	93760065	61958765	0	32582613	78042482	94470315	66328916	23180734	24326403	0	29630805	61848269	50104742	42530385	21104000	21975559	23879048	35369574	25517492	34888454	54820185	0	28892742
2021-12-20	29377521	0	19291774	19246899	20334732	0	17204577	23010233	19610195	17872149	19118861	18263413	0	0	0	17196335	19130477	0	18393939	21142337	0	0	19146367	18824833	0	0	0	0	0	0	0	0	0	0	0	0	0	0	0	0	0	0	0	0	0	0	0	0	0	0	0	0	0	0	0	0	0	0	0	0	0	0	0	0	0	0	0	0	0	0	0	0	0	0	0	0	0	0	0	0	0	0	0	0	0	0	0	0	0	0	0	0	0	0	0	0	0	0	0	0	0	0	0	0	0	0	0	0	0	0	0	0	0	0	0	0	0	0	0	0	0	0	0	0	0	0	0	0	0	0	0	0	0	0	0	0	0	0	0	0	0	0	0	0	0	0	0	0	0	0	0	0	0	0	0	0	0	0	0	0	0	0	0	0	0	0	0	0	0	0	0	0	0	0	0	0	0	0	0	0	0	0	0	0	0	0	0	0	0	0	0	0	0	0	0	0	0	0	0	0	0	0	0	0	0	0	0	0	0	0	0	0	0	0	0	0	0	0	0	0	0	0	0	0	0	0	0	0	0	0	0	0	0	0	0	0	0	0	0	0	0	0	0	0	0	0	0	0	0	0	0	0	0	0	0	0	0	0	0	0	0	0	0	0	0	0	0	0	0	0	0	0	0	0	0	0	0	0	0	0	0	0	0	0	0	0	0	0	0	0	0	0	0	0	0	0	0	0	0	0	0	0	0	0	0	0	0	0	0	0	0	0	0	0	0	0	0	0
2022-01-10	0	0	19291774	19246899	20334732	19233616	17204577	23010233	19610195	0	0	0	0	0	0	0	0	0	0	0	0	0	0	0	0	0	0	0	0	0	0	0	0	0	0	0	0	0	0	0	0	0	0	0	0	0	0	0	0	0	0	0	0	0	0	0	0	0	0	0	0	0	0	0	0	0	0	0	0	0	0	0	0	0	0	0	0	0	0	0	0	0	0	0	0	0	0	0	0	0	0	0	0	0	0	0	0	0	0	0	0	0	0	0	0	0	0	0	0	0	0	0	0	0	0	0	0	0	0	0	0	0	0	0	0	0	0	0	0	0	0	0	0	0	0	0	0	0	0	0	0	0	0	0	0	0	0	0	0	0	0	0	0	0	0	0	0	0	0	0	0	0	0	0	0	0	0	0	0	0	0	0	0	0	0	0	0	0	0	0	0	0	0	0	0	0	0	0	0	0	0	0	0	0	0	0	0	0	0	0	0	0	0	0	0	0	0	0	0	0	0	0	0	0	0	0	0	0	0	0	0	0	0	0	0	0	0	0	0	0	0	0	0	0	0	0	0	0	0	0	0	0	0	0	0	0	0	0	0	0	0	0	0	0	0	0	0	0	0	0	0	0	0	0	0	0	0	0	0	0	0	0	0	0	0	0	0	0	0	0	0	0	0	0	0	0	0	0	0	0	0	0	0	0	0	0	0	0	0	0	0	0	0	0	0	0	0	0	0	0	0	0	0	0	0	0	0	0
2022-01-17	58755042	37080116	19291774	19246899	20334732	19233616	34409154	23010233	19610195	17872149	19118861	18263413	19738689	19210875	18267872	34392670	19130477	20135347	18393939	21142337	17910590	18290528	19146367	37649666	20546319	19632968	20330281	20680840	21315445	40159230	22429338	20226425	20010497	21217429	20119958	20788733	20535662	18296857	17518993	41099900	18597896	19984982	20678326	18939559	19575717	21656105	22960495	21538923	39531574	14517709	20782048	60723862	59378201	57896888	109044924	58230538	57057792	54116273	55828827	58067007	52658039	119556438	52889779	59862035	56172589	34923522	54344415	108806752	56099384	55135512	11362853	58426057	19094916	61469688	56004983	60228643	16946776	107741722	60536704	56395441	64059296	118633756	47844460	81700277	107338626	118096722	56538420	46358137	54697545	60253698	57100881	58428101	57075433	49392978	14576843	54035733	52047410	52230164	47877468	46396783	49051769	47848508	48471264	20970532	48028948	47800017	95062140	47593850	0	0	47531448	47650014	13504474	0	46083191	0	0	48555937	0	0	0	16420393	0	20263642	0	47235740	49724563	48688550	46471068	0	0	46957450	0	0	49483404	18930448	0	47150450	0	47365182	0	0	46728956	20064793	50845389	0	15239868	48556456	47058433	0	0	0	47218640	0	0	0	50393110	47283994	47016607	0	0	0	0	16534559	47238644	0	0	0	46514855	0	0	0	49970422	18258974	0	28402226	21349002	36510863	0	0	22076748	0	0	26900408	22446484	29958010	30289300	0	0	0	0	0	26556168	21182200	19870521	0	39467858	0	0	20850117	33751538	0	24165842	33275937	0	0	0	25682186	0	43289631	0	18675871	0	60299296	0	0	23316327	0	0	30046439	0	78119306	0	0	0	21654798	74869327	19817635	0	68993900	0	0	81479591	0	69904420	19252552	26173645	19933616	0	21530140	22407661	0	30008678	21671733	24575136	0	0	19886710	58735736	17807575	23997090	20686140	0	0	37105844	25135752	0	0	40052808	0	37538575	31067038	0	0	61508585	57261897	0	20729487	21078006	0	58650581	0	0	0	0	58914276	29215674	44091070	0	0	57185952	0	60248229	0	61317248	0	47056233	60780725	59750163	48792199	27437027	0	0	70707910	60353068	93760065	0	0	32582613	78042482	94470315	0	23180734	24326403	0	29630805	61848269	0	42530385	21104000	0	23879048	0	25517492	34888454	54820185	25677245	0
2022-02-14	58755042	74160232	27093208	19246899	40669464	19233616	34409154	46020466	39220390	35744298	38237722	36526826	19738689	19210875	46415008	26004062	38260954	40270694	46793209	42284674	35821180	36581056	38292734	37649666	41092638	39265936	40660562	41361680	21315445	40159230	44858676	40452850	40020994	42434858	40239916	41577466	20535662	36593714	35037986	41099900	37195792	39969964	45257762	37879118	19575717	43312210	45920990	43077846	53534378	14517709	20782048	121447724	118756402	115793776	109044924	58230538	114115584	54116273	55828827	116134014	105316078	59778219	0	119724070	56172589	34923522	0	163210128	112198768	110271024	11362853	116852114	38189832	184409064	56004983	120457286	33893552	107741722	60536704	56395441	128118592	118633756	23922230	163400554	214677252	118096722	113076840	92716274	54697545	120507396	57100881	116856202	114150866	98785956	0	0	52047410	52230164	47877468	92793566	98103538	47848508	96942528	41941064	96057896	47800017	47531070	95187700	47337383	49904589	0	47650014	0	0	107164646	47440352	108606856	97111874	93689934	50571492	87924878	16420393	47801708	20263642	97412488	94471480	99449126	63822668	46471068	95608616	46409927	92781323	92650518	47508526	98966808	37860896	32510782	47150450	17719188	110344749	86934734	0	0	20064793	101690778	47172557	30479736	97112912	94116866	98346256	21669064	47013836	47218640	46225170	16975810	96002520	134463576	94567988	94033214	46717735	40681736	47504236	138198744	49603677	47238644	51687818	90895946	0	93029710	47905493	96618660	47684214	0	36517948	19903406	47448694	34720879	0	40494302	48955618	44153496	43412530	20543075	0	44892968	29958010	60578600	41652382	19089807	37505140	33410291	20849998	0	21182200	19870521	0	39467858	19420949	98642444	41700234	0	19475821	48331684	66551874	56316070	38263446	42072638	25682186	20498482	86579262	40002628	37351742	57316924	120598592	25384419	40245411	46632654	45865056	0	60092878	55102316	78119306	173268252	20628422	159493146	43309596	74869327	39635270	53672756	137987800	47419440	149239262	81479591	131322868	69904420	19252552	52347290	39867232	0	43060280	22407661	26853465	19198643	21671733	24575136	77998408	24384100	19886710	117471472	17807575	23997090	20686140	41530650	0	37105844	0	21102086	38297814	0	85215170	37538575	31067038	59075732	0	0	57261897	105468690	20729487	42156012	42833434	58650581	96046384	0	117759778	158490880	58914276	29215674	44091070	160387994	137185838	57185952	52166154	60248229	49232050	61317248	55571228	47056233	121561450	119500326	0	27437027	59427473	0	141415820	120706136	93760065	61958765	99701471	32582613	78042482	94470315	132657832	46361468	48652806	74341678	59261610	123696538	50104742	42530385	21104000	43951118	47758096	70739148	51034984	69776908	54820185	51354490	57785484
2022-02-21	0	3855580	0	0	0	0	0	0	0	0	0	0	0	0	0	0	0	0	0	0	0	0	0	0	0	0	0	0	0	0	0	0	0	0	0	0	0	0	0	0	0	0	0	0	0	0	0	0	0	0	0	0	0	0	0	0	0	0	0	0	0	0	0	0	0	0	0	0	0	0	0	0	0	0	0	0	0	0	0	0	0	0	0	0	0	0	0	0	0	0	0	0	0	0	0	0	0	0	0	0	0	0	0	0	0	0	0	0	0	0	0	0	0	0	0	0	0	0	0	0	0	0	0	0	0	0	0	0	0	0	0	0	0	0	0	0	0	0	0	0	0	0	0	0	0	0	0	0	0	0	0	0	0	0	0	0	0	0	0	0	0	0	0	0	0	0	0	0	0	0	0	0	0	0	0	0	0	0	0	0	0	0	0	0	0	0	0	0	0	0	0	0	0	0	0	0	0	0	0	0	0	0	0	0	0	0	0	0	0	0	0	0	0	0	0	0	0	0	0	0	0	0	0	0	0	0	0	0	0	0	0	0	0	0	0	0	0	0	0	0	0	0	0	0	0	0	0	0	0	0	0	0	0	0	0	0	0	0	0	0	0	0	0	0	0	0	0	0	0	0	0	0	0	0	0	0	0	0	0	0	0	0	0	0	0	0	0	0	0	0	0	0	0	0	0	0	0	0	0	0	0	0	0	0	0	0	0	0	0	0	0	0	0	0	0	0	0	0
2022-03-28	0	0	19291774	0	0	0	0	0	0	0	0	0	0	0	0	0	0	0	0	0	0	0	0	0	0	0	0	0	0	0	0	0	0	0	0	0	0	0	0	0	0	0	0	0	0	0	0	0	0	0	0	0	0	0	0	0	0	0	0	0	0	0	0	0	0	0	0	0	0	0	0	0	0	0	0	0	0	0	0	0	0	0	0	0	0	0	0	0	0	0	0	0	0	0	0	0	0	0	0	0	0	0	0	0	0	0	0	0	0	0	0	0	0	0	0	0	0	0	0	0	0	0	0	0	0	0	0	0	0	0	0	0	0	0	0	0	0	0	0	0	0	0	0	0	0	0	0	0	0	0	0	0	0	0	0	0	0	0	0	0	0	0	0	0	0	0	0	0	0	0	0	0	0	0	0	0	0	0	0	0	0	0	0	0	0	0	0	0	0	0	0	0	0	0	0	0	0	0	0	0	0	0	0	0	0	0	0	0	0	0	0	0	0	0	0	0	0	0	0	0	0	0	0	0	0	0	0	0	0	0	0	0	0	0	0	0	0	0	0	0	0	0	0	0	0	0	0	0	0	0	0	0	0	0	0	0	0	0	0	0	0	0	0	0	0	0	0	0	0	0	0	0	0	0	0	0	0	0	0	0	0	0	0	0	0	0	0	0	0	0	0	0	0	0	0	0	0	0	0	0	0	0	0	0	0	0	0	0	0	0	0	0	0	0	0	0	0	0
2022-04-11	1891660	3007977	3478936	3090332	5050708	2394518	4305351	4462405	2557765	1982175	2703192	1214976	2079271	2062554	2822024	2716917	2695016	1147075	2953948	2457558	1634160	1771399	1831229	2544413	3108830	2845854	3280036	3332565	3001667	3240044	4742233	3591105	3204042	3170493	2958566	2140790	2365925	2676540	1970347	3437740	2271115	2991044	3167370	1773926	2791451	3618612	3082927	3113904	3367546	2622524	3217604	3426876	3688106	4314589	3438368	3485547	2950385	3677446	2641388	3831694	3923709	6265724	3854843	4567732	2372639	2464159	4440552	4409261	2959042	4203330	1211242	4074961	2679790	3315937	2072272	4458237	1901581	3512701	4956843	3945497	3494037	2384176	1632310	3356180	4753780	2875679	3784730	2238911	1494881	4916414	3840897	5809675	2857135	3725859	1673156	3344776	1478588	3252706	2596309	3029398	2399890	4555002	3204144	2518312	3587685	1815915	3374555	1560738	3586002	2946706	3276067	3855760	1900709	3811499	1449164	2741759	4192599	3904415	4894026	3150699	1933487	2774307	3568497	2415532	2984231	3306492	3703322	2403536	1848462	3720532	3709228	4666037	4226595	3966297	2935879	1201045	2121562	2829437	3159506	2780883	4467203	3058293	2427132	2862781	3594400	2438515	2258549	2833884	3744453	4126295	4458449	4095958	2297830	3889691	1447702	3756446	3007927	2612413	4507285	2610476	979852	1668291	3776290	2901151	4505101	4257171	3220691	651677	3476417	1481865	4869887	4103822	4686860	2042102	3321268	4552694	1859964	2650771	2658486	1728288	2605695	2510668	2073142	4347093	3190357	2651187	4882817	4509043	1501890	1410916	4364822	2119985	3316020	2123947	1415187	2906623	3474820	2688709	4183687	3091018	3762938	1658036	3234768	4982881	2364386	2707086	1921520	3142896	2127456	5616106	4144694	2782378	2406218	2378063	3703348	5199565	2703802	1111040	3243914	2074444	2799500	5962893	5132404	2959490	4766682	3256753	5407543	3078157	2945865	3615935	2433378	6048155	5710097	5150652	5350405	2654256	3583316	2653922	4166992	2466387	3134074	3277852	3072024	874196	2598441	2938322	1809903	2783409	2942368	1067509	2146003	2359834	2691328	5012759	4946217	2822607	2059419	3269024	4970786	3535020	1808994	3220063	4334570	2870335	5583548	5289959	5716099	1783363	2672554	3495555	4865832	4847055	5278932	4133961	5840830	3685977	4548925	7536596	5314702	5085418	6411203	5155727	1698564	3598587	4987122	2246753	4119489	3809685	3625878	3827835	4027200	2781022	2294457	5669362	3900087	6353076	3126159	5070517	1528308	5789645	6325641	5699984	1438635	3534154	4995824	1645951	3640771	6272096	3769154	2254526	2282013	2189963	4221337	2750740	4370769	2052191	2879553	3382551
2022-04-18	0	0	0	0	20334732	19233616	17204577	23010233	19610195	17872149	19118861	18263413	19738689	19210875	18267872	0	19130477	0	0	21142337	17910590	18290528	19146367	18824833	20546319	19632968	0	20680840	21315445	20079615	22429338	20226425	20010497	0	20119958	0	20535662	18296857	17518993	20549950	18597896	19984982	20678326	18939559	19575717	0	22960495	21538923	19765787	14517709	41564096	0	59378201	0	0	58230538	0	54116273	55828827	0	0	59778219	52889779	0	0	34923522	0	0	0	55135512	11362853	0	0	0	56004983	0	16946776	0	0	0	0	59316878	23922230	0	0	59048361	0	0	54697545	60253698	57100881	58428101	0	49392978	14576843	54035733	52047410	0	47877468	46396783	49051769	47848508	0	0	0	47800017	47531070	47593850	0	0	47531448	47650014	13504474	0	46083191	0	0	48555937	0	0	0	0	47801708	0	0	0	0	97377100	46471068	47804308	92819854	46957450	0	95017052	0	0	0	94300900	94553570	0	45921782	0	93457912	20064793	0	0	0	97112912	47058433	49173128	43338128	47013836	94437280	0	0	0	100786220	47283994	0	93435470	28729476	47504236	46066248	0	47238644	0	0	0	46514855	47905493	0	0	49970422	18258974	19903406	0	0	36510863	20247151	24477809	22076748	21706265	20543075	26900408	22446484	29958010	30289300	0	19089807	0	33410291	20849998	26556168	21182200	19870521	21834110	0	19420949	0	20850117	33751538	19475821	0	33275937	0	19131723	0	0	0	43289631	20001314	0	28658462	0	0	40245411	23316327	0	21470897	30046439	27551158	0	86634126	0	79746573	0	0	19817635	26836378	0	23709720	74619631	81479591	65661434	0	19252552	26173645	19933616	73336596	21530140	22407661	26853465	19198643	21671733	0	38999204	24384100	19886710	58735736	17807575	0	20686140	20765325	42397455	37105844	25135752	21102086	38297814	40052808	0	37538575	31067038	59075732	21085473	61508585	0	52734345	20729487	21078006	21416717	0	48023192	0	0	0	0	0	44091070	80193997	68592919	0	0	60248229	0	0	0	47056233	0	0	48792199	27437027	59427473	25346065	0	0	0	61958765	0	32582613	0	94470315	0	23180734	24326403	0	29630805	0	50104742	42530385	21104000	21975559	23879048	35369574	0	0	0	0	0
2022-04-25	0	0	1656920	0	0	0	0	0	0	0	0	0	0	0	0	0	0	0	0	0	0	0	0	0	0	0	0	0	0	0	0	0	0	0	0	0	0	0	0	0	0	0	0	0	0	0	0	0	0	0	0	0	0	0	0	0	0	0	0	0	0	0	0	0	0	0	0	0	0	0	0	0	0	0	0	0	0	0	0	0	0	0	0	0	0	0	0	0	0	0	0	0	0	0	0	0	0	0	0	0	0	0	0	0	0	0	0	0	0	0	0	0	0	0	0	0	0	0	0	0	0	0	0	0	0	0	0	0	0	0	0	0	0	0	0	0	0	0	0	0	0	0	0	0	0	0	0	0	0	0	0	0	0	0	0	0	0	0	0	0	0	0	0	0	0	0	0	0	0	0	0	0	0	0	0	0	0	0	0	0	0	0	0	0	0	0	0	0	0	0	0	0	0	0	0	0	0	0	0	0	0	0	0	0	0	0	0	0	0	0	0	0	0	0	0	0	0	0	0	0	0	0	0	0	0	0	0	0	0	0	0	0	0	0	0	0	0	0	0	0	0	0	0	0	0	0	0	0	0	0	0	0	0	0	0	0	0	0	0	0	0	0	0	0	0	0	0	0	0	0	0	0	0	0	0	0	0	0	0	0	0	0	0	0	0	0	0	0	0	0	0	0	0	0	0	0	0	0	0	0	0	0	0	0	0	0	0	0	0	0	0	0	0	0	0	0	0	0
2022-05-02	29377521	37080116	19291774	19246899	20334732	19233616	17204577	23010233	19610195	17872149	19118861	18263413	19738689	19210875	18267872	17196335	19130477	20135347	18393939	21142337	17910590	18290528	19146367	18824833	20546319	0	20330281	0	0	20079615	22429338	0	20010497	0	20119958	20788733	0	0	17518993	0	0	19984982	20678326	0	0	21656105	22960495	21538923	0	0	20782048	60723862	59378201	57896888	54522462	58230538	57057792	54116273	55828827	58067007	52658039	59778219	52889779	59862035	0	34923522	54344415	0	56099384	55135512	11362853	0	19094916	61469688	56004983	0	16946776	53870861	0	56395441	64059296	59316878	23922230	81700277	214677252	0	0	46358137	109395090	0	57100881	0	57075433	49392978	14576843	108071466	0	0	47877468	0	49051769	0	0	0	0	0	47531070	47593850	0	49904589	47531448	0	0	47116230	46083191	0	47215852	48555937	46844967	50571492	43962439	16420393	47801708	20263642	48706244	47235740	49724563	48688550	46471068	47804308	46409927	46957450	0	47508526	49483404	18930448	16255391	0	0	47365182	45921782	17926752	0	20064793	50845389	47172557	15239868	0	47058433	0	21669064	47013836	47218640	46225170	0	0	0	47283994	47016607	0	0	0	0	0	47238644	51687818	0	0	46514855	0	48309330	0	0	18258974	19903406	28402226	0	36510863	20247151	24477809	0	21706265	0	26900408	22446484	29958010	30289300	0	0	37505140	33410291	20849998	26556168	42364400	19870521	21834110	39467858	38841898	98642444	20850117	0	0	24165842	0	28158035	19131723	0	25682186	0	43289631	40002628	0	28658462	0	25384419	0	46632654	22932528	21470897	60092878	27551158	0	86634126	20628422	0	21654798	74869327	19817635	26836378	137987800	23709720	74619631	81479591	0	69904420	0	26173645	0	73336596	21530140	0	26853465	0	21671733	24575136	38999204	0	0	58735736	0	23997090	20686140	20765325	42397455	37105844	25135752	21102086	38297814	40052808	42607585	37538575	31067038	59075732	0	61508585	57261897	0	0	0	21416717	0	0	69497161	58879889	158490880	58914276	29215674	44091070	80193997	68592919	57185952	52166154	60248229	49232050	122634496	55571228	0	60780725	59750163	48792199	27437027	59427473	25346065	70707910	0	93760065	61958765	99701471	32582613	156084964	94470315	66328916	0	24326403	74341678	0	0	0	0	21104000	21975559	47758096	0	25517492	34888454	54820185	0	28892742
2022-05-16	0	37080116	2086412	0	0	0	0	0	0	0	0	0	0	0	0	0	0	0	0	0	0	0	0	0	0	0	0	0	0	0	0	0	0	0	0	0	0	0	0	0	0	0	0	0	0	0	0	0	0	0	0	0	0	0	0	0	0	0	0	0	0	0	0	0	0	0	0	0	0	0	0	0	0	0	0	0	0	0	0	0	0	0	0	0	0	0	0	0	0	0	0	0	0	0	0	0	0	0	0	0	0	0	0	0	0	0	0	0	0	0	0	0	0	0	0	0	0	0	0	0	0	0	0	0	0	0	0	0	0	0	0	0	0	0	0	0	0	0	0	0	0	0	0	0	0	0	0	0	0	0	0	0	0	0	0	0	0	0	0	0	0	0	0	0	0	0	0	0	0	0	0	0	0	0	0	0	0	0	0	0	0	0	0	0	0	0	0	0	0	0	0	0	0	0	0	0	0	0	0	0	0	0	0	0	0	0	0	0	0	0	0	0	0	0	0	0	0	0	0	0	0	0	0	0	0	0	0	0	0	0	0	0	0	0	0	0	0	0	0	0	0	0	0	0	0	0	0	0	0	0	0	0	0	0	0	0	0	0	0	0	0	0	0	0	0	0	0	0	0	0	0	0	0	0	0	0	0	0	0	0	0	0	0	0	0	0	0	0	0	0	0	0	0	0	0	0	0	0	0	0	0	0	0	0	0	0	0	0	0	0	0	0	0	0	0	0	0	0
2022-05-23	29377521	0	0	0	0	0	0	0	0	0	0	0	0	0	0	0	0	0	0	0	0	0	0	0	0	0	0	0	0	0	0	0	0	0	0	0	0	0	0	0	0	0	0	0	0	0	0	0	0	0	0	0	0	0	0	0	0	0	0	0	0	0	0	0	0	0	0	0	0	0	0	0	0	0	0	0	0	0	0	0	0	0	0	0	0	0	0	0	0	0	0	0	0	0	0	0	0	0	0	0	0	0	0	0	0	0	0	0	0	0	0	0	0	0	0	0	0	0	0	0	0	0	0	0	0	0	0	0	0	0	0	0	0	0	0	0	0	0	0	0	0	0	0	0	0	0	0	0	0	0	0	0	0	0	0	0	0	0	0	0	0	0	0	0	0	0	0	0	0	0	0	0	0	0	0	0	0	0	0	0	0	0	0	0	0	0	0	0	0	0	0	0	0	0	0	0	0	0	0	0	0	0	0	0	0	0	0	0	0	0	0	0	0	0	0	0	0	0	0	0	0	0	0	0	0	0	0	0	0	0	0	0	0	0	0	0	0	0	0	0	0	0	0	0	0	0	0	0	0	0	0	0	0	0	0	0	0	0	0	0	0	0	0	0	0	0	0	0	0	0	0	0	0	0	0	0	0	0	0	0	0	0	0	0	0	0	0	0	0	0	0	0	0	0	0	0	0	0	0	0	0	0	0	0	0	0	0	0	0	0	0	0	0	0	0	0	0	0
2022-05-30	29377521	148320464	0	19246899	20334732	19233616	0	23010233	19610195	17872149	19118861	18263413	19738689	19210875	18267872	17196335	19130477	0	18393939	21142337	17910590	18290528	0	18824833	20546319	0	20330281	20680840	21315445	20079615	22429338	20226425	20010497	21217429	0	20788733	20535662	18296857	17518993	20549950	32451058	19984982	20678326	18939559	19575717	21656105	0	0	0	0	0	0	0	0	0	0	0	0	0	0	0	0	0	0	0	0	0	0	0	0	0	0	0	0	0	0	0	0	0	0	0	0	0	0	0	0	0	0	0	0	0	0	0	0	0	0	0	0	0	0	0	0	0	0	0	0	0	0	0	0	0	0	0	0	0	0	0	0	0	0	0	0	0	0	0	0	0	0	0	0	0	0	0	0	0	0	0	0	0	0	0	0	0	0	0	0	0	0	0	0	0	0	0	0	0	0	0	0	0	0	0	0	0	0	0	0	0	0	0	0	0	0	0	0	0	0	0	0	0	0	0	0	0	0	0	0	0	0	0	0	0	0	0	0	0	0	0	0	0	0	0	0	0	0	0	0	0	0	0	0	0	0	0	0	0	0	0	0	0	0	0	0	0	0	0	0	0	0	0	0	0	0	0	0	0	0	0	0	0	0	0	0	0	0	0	0	0	0	0	0	0	0	0	0	0	0	0	0	0	0	0	0	0	0	0	0	0	0	0	0	0	0	0	0	0	0	0	0	0	0	0	0	0	0	0	0	0	0	0	0	0	0	0	0	0	0	0	0	0	0	0	0	0	0	0	0	0	0	0	0	0	0	0	0	0	0	0	0
2022-06-06	0	37080116	38583548	38493798	40669464	38467232	34409154	46020466	39220390	35744298	38237722	36526826	39477378	38421750	36535744	34392670	38260954	40270694	55181817	63427011	35821180	36581056	95731835	94124165	61638957	39265936	20330281	41361680	42630890	40159230	67288014	60679275	60031491	63652287	60359874	20788733	20535662	18296857	17518993	20549950	18597896	19984982	20678326	18939559	19575717	21656105	22960495	21538923	19765787	14517709	20782048	60723862	118756402	57896888	54522462	58230538	57057792	54116273	55828827	116134014	52658039	59778219	52889779	59862035	56172589	34923522	54344415	54403376	56099384	55135512	11362853	58426057	19094916	61469688	56004983	60228643	16946776	53870861	60536704	56395441	64059296	59316878	23922230	81700277	107338626	59048361	56538420	46358137	54697545	60253698	57100881	58428101	57075433	49392978	29153686	54035733	52047410	52230164	47877468	46396783	49051769	0	0	0	0	0	0	0	47337383	0	47531448	47650014	13504474	47116230	0	0	0	0	0	0	0	0	95603416	20263642	48706244	47235740	49724563	48688550	46471068	47804308	46409927	46957450	46325259	47508526	49483404	18930448	16255391	47150450	47276785	47365182	45921782	17926752	46728956	0	50845389	0	15239868	0	0	0	0	0	0	0	0	0	0	0	0	0	0	0	0	0	0	0	0	0	0	0	0	47684214	49970422	18258974	19903406	28402226	21349002	36510863	20247151	24477809	22076748	21706265	20543075	26900408	22446484	29958010	30289300	41652382	38179614	18752570	33410291	20849998	26556168	21182200	19870521	21834110	39467858	58262847	49321222	20850117	33751538	19475821	24165842	33275937	28158035	19131723	21036319	25682186	40996964	43289631	20001314	18675871	28658462	60299296	25384419	40245411	23316327	0	0	0	0	0	0	0	0	0	0	0	0	0	0	0	0	0	0	0	0	0	0	0	22407661	26853465	19198643	21671733	24575136	38999204	24384100	19886710	58735736	17807575	23997090	20686140	20765325	42397455	37105844	25135752	21102086	38297814	40052808	42607585	37538575	31067038	59075732	21085473	61508585	57261897	52734345	20729487	42156012	21416717	58650581	48023192	69497161	58879889	79245440	58914276	0	44091070	80193997	68592919	0	0	60248229	0	61317248	55571228	47056233	0	59750163	48792199	0	0	25346065	70707910	60353068	93760065	0	99701471	0	0	94470315	0	0	24326403	0	0	0	0	0	0	0	23879048	35369574	25517492	34888454	54820185	25677245	28892742
2022-06-13	29377521	111240348	0	0	0	0	0	0	0	0	0	0	0	0	0	0	0	0	0	0	0	0	0	0	0	0	0	0	0	0	0	0	0	0	0	0	0	0	0	0	0	0	0	0	0	0	0	0	0	0	0	0	0	0	0	0	0	0	0	0	0	0	0	0	0	0	0	0	0	0	0	0	0	0	0	0	0	0	0	0	0	0	0	0	0	0	0	0	0	0	0	0	0	0	0	0	0	0	0	0	0	0	0	0	0	0	0	0	0	0	0	0	0	0	0	0	0	0	0	0	0	0	0	0	0	0	0	0	0	0	0	0	0	0	0	0	0	0	0	0	0	0	0	0	0	0	0	0	0	0	0	0	0	0	0	0	0	0	0	0	0	0	0	0	0	0	0	0	0	0	0	0	0	0	0	0	0	0	0	0	0	0	0	0	0	0	0	0	0	0	0	0	0	0	0	0	0	0	0	0	0	0	0	0	0	0	0	0	0	0	0	0	0	0	0	0	0	0	0	0	0	0	0	0	0	0	0	0	0	0	0	0	0	0	0	0	0	0	0	0	0	0	0	0	0	0	0	0	0	0	0	0	0	0	0	0	0	0	0	0	0	0	0	0	0	0	0	0	0	0	0	0	0	0	0	0	0	0	0	0	0	0	0	0	0	0	0	0	0	0	0	0	0	0	0	0	0	99701471	32582613	0	0	0	0	0	74341678	0	0	0	0	0	0	0	0	0	0	0	0	0
2022-06-20	58755042	37080116	0	19246899	0	0	17204577	0	39220390	17872149	0	36526826	19738689	0	0	34392670	0	0	0	21142337	17910590	36581056	19146367	0	0	0	40660562	20680840	0	20079615	44858676	0	20010497	0	20119958	0	41071324	0	0	0	18597896	0	20678326	0	39151434	0	0	0	19765787	14517709	0	60723862	59378201	115793776	0	0	57057792	0	55828827	116134014	0	59778219	52889779	59862035	56172589	69847044	54344415	0	56099384	55135512	11362853	116852114	19094916	61469688	56004983	60228643	16946776	53870861	121073408	0	64059296	59316878	23922230	0	107338626	118096722	56538420	92716274	54697545	60253698	0	116856202	57075433	49392978	14576843	54035733	52047410	52230164	47877468	92793566	49051769	0	96942528	0	48028948	47800017	47531070	47593850	47337383	49904589	95062896	47650014	13504474	0	46083191	47440352	47215852	48555937	0	50571492	87924878	16420393	95603416	20263642	48706244	47235740	0	48688550	92942136	47804308	0	46957450	46325259	47508526	49483404	18930448	32510782	47150450	47276785	94730364	0	17926752	46728956	0	0	47172557	15239868	48556456	47058433	98346256	43338128	47013836	94437280	46225170	16975810	48001260	50393110	0	0	46717735	14364738	47504236	92132496	0	47238644	51687818	0	17174687	93029710	47905493	0	47684214	0	18258974	19903406	56804452	42698004	36510863	20247151	24477809	22076748	21706265	20543075	26900408	0	59916020	30289300	41652382	19089807	18752570	33410291	20849998	0	21182200	19870521	21834110	39467858	19420949	0	20850117	33751538	19475821	24165842	33275937	28158035	19131723	21036319	25682186	0	0	20001314	18675871	28658462	60299296	25384419	40245411	23316327	22932528	21470897	30046439	27551158	78119306	86634126	20628422	79746573	21654798	74869327	19817635	26836378	0	23709720	0	0	65661434	69904420	19252552	26173645	19933616	0	21530140	22407661	26853465	19198643	21671733	24575136	38999204	0	19886710	58735736	17807575	0	20686140	20765325	0	37105844	0	21102086	38297814	40052808	42607585	37538575	31067038	0	21085473	0	0	52734345	20729487	21078006	21416717	58650581	48023192	69497161	58879889	0	58914276	0	0	80193997	68592919	57185952	52166154	60248229	49232050	0	0	47056233	0	59750163	48792199	27437027	0	25346065	70707910	0	93760065	61958765	99701471	0	78042482	94470315	0	23180734	0	0	0	61848269	50104742	0	21104000	0	0	0	25517492	34888454	0	25677245	28892742
2022-06-27	0	0	0	0	0	0	0	0	0	0	0	0	0	0	0	0	0	0	0	0	0	0	0	0	0	0	0	0	0	0	0	0	0	0	0	0	0	0	0	0	0	0	0	0	0	0	0	0	0	0	0	0	0	0	0	0	0	0	0	0	0	0	0	0	0	0	0	0	0	0	0	0	0	0	0	0	0	0	0	0	0	0	0	0	0	0	0	0	0	0	0	0	0	0	0	0	0	0	0	0	0	0	0	0	0	0	11945520	0	0	0	0	0	0	0	0	0	0	0	0	0	0	0	0	0	0	0	0	0	0	0	0	0	0	0	0	0	0	0	0	0	0	0	0	0	0	0	0	0	0	0	0	0	0	0	0	0	0	0	0	0	0	0	0	0	0	0	0	0	0	0	0	0	0	0	0	0	0	0	0	0	0	0	0	0	0	0	0	0	0	0	0	0	0	0	0	0	0	0	0	0	0	0	0	0	0	0	0	0	0	0	0	0	0	0	0	0	0	0	0	0	0	0	0	0	0	0	0	0	0	0	0	0	0	0	0	0	0	0	0	0	0	0	0	0	0	0	0	0	0	0	0	0	0	0	0	0	0	0	0	0	0	0	0	0	0	0	0	0	0	0	0	0	0	0	0	0	0	0	0	0	0	0	0	0	0	0	0	0	0	0	0	0	0	0	0	0	0	0	0	0	0	0	0	0	0	0	0	0	0	0	0	0	0	0	0	0	0	0
2022-07-04	0	0	1517054	3215338	0	38467232	0	0	0	0	0	0	0	0	0	0	0	0	0	0	0	0	0	0	0	0	0	0	0	0	0	0	0	0	0	0	0	0	0	0	0	0	0	0	0	0	0	0	0	0	0	0	0	0	0	0	0	0	0	0	0	0	0	0	0	0	0	0	0	0	0	0	0	0	0	0	0	0	0	0	0	0	0	0	0	0	0	0	0	0	0	0	0	0	0	0	0	0	0	0	0	0	0	0	0	0	0	0	0	0	0	0	0	0	0	0	0	0	0	0	0	0	0	0	0	0	0	0	0	0	0	0	0	0	0	0	0	0	0	0	0	0	0	0	0	0	0	0	0	0	0	0	0	0	0	0	0	0	0	0	0	0	0	0	0	0	0	0	0	0	0	0	0	0	0	0	0	0	0	0	0	0	0	0	0	0	0	0	0	0	0	0	0	0	0	0	0	0	0	0	0	0	0	0	0	0	0	0	0	0	0	0	0	0	0	0	0	0	0	0	0	0	0	0	0	0	0	0	0	0	0	0	0	0	0	0	0	0	0	0	0	0	0	0	0	0	0	0	0	0	0	0	0	0	0	0	0	0	0	0	0	0	0	0	0	0	0	0	0	0	0	0	0	0	0	0	0	0	0	0	0	0	0	0	0	0	0	0	0	0	0	0	0	0	0	0	0	0	0	0	0	0	0	0	0	0	0	0	0	0	0	0	0	0	0	0	0	0
2022-07-11	125916085	139014201	57875322	19246899	40669464	19233616	17204577	42701770	58830585	17872149	38237722	54790239	39477378	0	36535744	17196335	19130477	60406041	55181817	21313154	17910590	18290528	19146367	18824833	61638957	19632968	0	41361680	42974815	80318460	68745832	40452850	20010497	21463338	80479832	41577466	41071324	54890571	35037986	20549950	18597896	39969964	41356652	0	27373018	43312210	1988975	22106326	39531574	14517709	41564096	140228546	97784882	130459724	88073404	133482477	95150728	77176798	13885787	87334582	53852095	116387207	59362625	115442131	128338406	69847044	87717310	71126608	91736852	90772980	0	94063525	0	137605324	76976503	117434907	33893552	86770202	56608988	91819362	145073629	80288398	2950710	41943040	78997780	133559038	86894285	74164157	21468285	114201824	95691078	133778526	93179346	116106464	29153686	83169033	121514405	100045661	82746600	71822046	115058575	56608988	75971008	20970532	62694896	68771537	90150212	90165391	68308903	116001498	139777904	91184468	27008948	55215344	62673695	41134780	52488664	113436922	109450419	71543012	60718384	32840786	112525740	0	0	58135360	138006610	42382978	50999096	91891240	107485802	124537958	50707478	115988572	49483404	18930448	16255391	87995328	89617513	47365182	70872044	35853504	105494305	40129586	89037402	47172557	15239868	105165444	73145346	86668788	22366608	52084632	88861712	85945676	16975810	68972780	50393110	103892982	146725734	104654003	28729476	68475756	84433280	33069118	89863529	89116231	66419493	34349374	103123843	104514481	112943708	110034376	108669407	36517948	19903406	35832932	43075486	52050206	20247151	24477809	23181976	44147275	41086150	32829296	44892968	59916020	68541784	99596161	38179614	18752570	79259353	41699996	53112336	42575080	39741042	22696700	57964196	38841898	108418391	41700234	33751538	38951642	46397782	78856291	35344550	19131723	21101118	56075038	20498482	79458011	40002628	18675871	65003866	117983328	50768838	59519302	46632654	47826064	43441171	39121358	61681954	135267092	177402056	20628422	176150014	43992874	153677100	59452905	53672756	155805569	50157640	186535830	181307863	146950625	126513408	38505104	1119352189	19933616	115279636	43618900	67222983	59588875	19198643	43343466	28178752	93261632	52180780	39773420	58735736	35615150	51019750	41372280	41530650	79086614	53240168	29299984	21232652	93584316	99186904	143981424	73176043	41162556	171120716	42284899	173321578	129842651	90461810	20729487	42156012	21861914	93424821	68994712	6582601	129475722	78807773	76068405	8244154	58998092	96319953	26649879	72847360	68690294	18305189	93518521	137300444	113374768	111300246	131714646	0	92572455	33902534	112549374	50692130	41943040	116391484	183570011	55653193	74813483	11611093	56608988	180743215	111686312	48570682	52007689	148683356	38290090	102725018	64770690	57262697	21236480	21975559	26786576	85137202	51034984	83693842	42210033	25677245	36813964
2022-07-25	0	0	0	0	0	0	0	0	0	0	0	1486197	0	0	0	0	0	0	0	0	0	0	0	0	0	19632968	0	0	0	0	0	0	0	0	0	0	0	0	0	0	0	0	0	0	0	0	0	0	0	0	0	0	0	0	0	0	0	0	0	0	0	0	0	0	0	0	0	0	0	0	11362853	0	0	0	25165824	51840035	0	0	0	0	0	0	0	0	0	0	0	0	0	0	0	0	0	0	0	0	0	0	0	0	0	0	0	0	0	0	30753854	0	0	0	0	0	13504474	0	0	0	0	0	0	0	0	0	0	0	0	0	0	0	0	0	0	0	0	0	0	0	0	0	0	0	0	0	0	0	0	0	0	0	0	0	0	0	0	0	0	0	0	0	0	0	0	0	0	0	0	0	0	0	0	0	0	0	0	0	0	0	0	0	0	0	0	0	0	16777216	0	0	0	0	0	0	0	0	0	0	0	0	0	0	0	0	0	0	0	0	0	0	0	0	0	0	0	0	0	0	0	0	0	0	0	0	0	0	0	0	0	0	0	0	0	0	0	0	0	41943040	0	0	0	0	0	0	0	0	19198643	0	0	0	0	0	0	0	0	0	0	0	0	0	0	0	0	0	0	0	0	0	0	0	0	0	0	0	0	0	0	0	0	0	0	0	0	0	0	0	0	0	0	0	0	0	0	0	0	0	0	0	0	0	0	0	0	0	0	0	0	0	0	0	0	50104742	0	0	0	0	0	0	0	0	0	0
2022-08-01	0	0	0	0	0	0	34409154	0	16777216	0	19118861	0	0	0	0	0	0	0	0	0	0	0	0	0	0	0	0	0	21315445	0	16777216	0	0	0	0	0	16777216	0	0	0	18597896	0	0	0	19575717	13267497	0	0	0	0	20782048	0	0	0	0	24676106	0	0	0	0	0	0	61278387	0	31006765	0	45955807	0	33554432	0	261345619	58426057	19094916	33554432	0	0	0	0	60536704	0	0	0	0	0	41943040	0	0	46358137	0	0	0	0	0	0	0	0	0	0	0	0	0	0	33554432	0	0	0	0	0	0	0	0	0	256585006	21950406	37694583	0	0	0	0	0	0	0	0	0	41943040	47235740	0	25165824	0	0	0	0	25356735	41943040	0	0	0	0	0	0	0	0	0	0	34068173	0	0	25165824	38669825	0	21669064	0	0	16777216	0	48001260	67108864	30506778	0	51960615	0	16777216	0	0	38850036	0	0	8388608	0	0	48309330	0	0	0	0	0	0	28122255	0	16089201	0	0	0	0	5669268	13180794	13512084	0	0	0	0	12461390	0	12793592	0	0	0	0	0	4072901	0	0	0	0	0	0	0	0	0	0	0	10287263	0	0	0	0	0	14543920	0	0	0	0	61468302	0	50331648	0	74869327	0	26836378	0	23709720	0	81479591	0	0	0	16777216	8388608	0	0	22407661	0	0	0	32963744	0	0	0	0	0	8388608	0	0	0	0	0	21102086	0	40052808	0	12372751	8388608	75497472	0	44731369	32096073	52734345	0	0	0	25165824	0	0	0	0	58914276	0	52479678	74951117	60204311	0	0	0	41943040	0	0	0	0	0	0	19048419	0	0	0	0	0	0	0	0	69653874	58720256	0	0	0	0	0	0	0	0	21104000	21975559	0	26980966	8388608	0	0	0	0
2022-08-08	29377521	37080116	0	19246899	20334732	19233616	17204577	23010233	0	17872149	0	0	19738689	0	18267872	17196335	19130477	0	18393939	0	0	18290528	19146367	18824833	20546319	0	20330281	0	0	20079615	0	20226425	0	42434858	0	0	0	18296857	0	0	0	19984982	0	0	0	0	22960495	21538923	39531574	14517709	0	0	59378201	0	0	0	57057792	54116273	0	58067007	52658039	0	0	59862035	0	34923522	0	54403376	0	0	227257060	0	0	0	0	0	0	53870861	0	0	64059296	0	0	163400554	0	59048361	0	0	54697545	60253698	57100881	58428101	57075433	49392978	14576843	54035733	52047410	0	47877468	46396783	49051769	47848508	0	0	48028948	47800017	0	47593850	0	49904589	0	47650014	270089480	0	0	0	47215852	0	0	50571492	43962439	0	47801708	20263642	0	0	0	0	46471068	47804308	0	46957450	0	0	49483404	0	16255391	47150450	47276785	0	45921782	0	0	0	0	0	0	0	0	0	0	47013836	47218640	0	16975810	0	0	0	47016607	0	0	0	46066248	16534559	0	51687818	0	0	0	47905493	0	47684214	49970422	0	19903406	28402226	21349002	0	20247151	0	0	21706265	20543075	0	0	0	0	41652382	0	18752570	0	0	0	0	0	21834110	39467858	0	49321222	0	33751538	19475821	0	33275937	28158035	19131723	0	25682186	20498482	43289631	0	0	28658462	60299296	25384419	40245411	23316327	0	21470897	30046439	0	78119306	0	20628422	0	21654798	0	0	0	0	0	74619631	0	0	69904420	0	0	0	0	21530140	0	0	0	21671733	0	0	0	19886710	58735736	17807575	0	0	20765325	42397455	37105844	25135752	0	0	0	42607585	0	0	0	21085473	0	0	0	20729487	21078006	0	0	48023192	0	0	79245440	0	29215674	0	0	0	57185952	52166154	60248229	0	0	55571228	47056233	60780725	59750163	48792199	0	59427473	0	0	60353068	93760065	61958765	99701471	0	0	0	66328916	23180734	24326403	74341678	0	61848269	0	42530385	0	0	23879048	0	0	34888454	54820185	25677245	0
2022-08-15	0	0	0	0	0	0	0	0	0	0	0	0	0	0	0	0	0	0	0	0	0	0	0	0	0	0	0	0	0	0	0	0	0	0	0	0	0	0	0	0	0	0	0	0	0	0	0	0	0	0	0	0	0	0	0	0	0	0	0	0	0	0	0	0	0	0	0	0	0	0	113628530	0	0	0	0	0	0	0	0	0	0	0	0	0	0	0	0	0	0	0	0	0	0	0	0	0	0	0	0	0	0	0	0	0	0	0	0	0	0	0	0	0	135044740	0	0	0	0	0	0	0	0	0	0	0	0	0	0	0	0	0	0	0	0	0	0	0	0	0	0	0	0	0	0	0	0	0	0	0	0	0	0	0	0	0	0	0	0	0	0	0	0	0	0	0	0	0	0	0	0	0	0	0	0	0	0	0	0	0	0	0	0	0	0	0	0	0	0	0	0	0	0	0	0	0	0	0	0	0	0	0	0	0	0	0	0	0	0	0	0	0	0	0	0	0	0	0	0	0	0	0	0	0	0	0	0	0	0	0	0	0	0	0	0	0	0	0	0	0	0	0	0	0	0	0	0	0	0	0	0	0	0	0	0	0	0	0	0	0	0	0	0	0	0	0	0	0	0	0	0	0	0	0	0	0	0	0	0	0	0	0	0	0	0	0	0	0	0	0	0	0	0	0	0	0	0	0	0	0	0	0	0	0	0	0	0	0	0	0	0	0	0	0	0	0	0	0	0	0
2022-08-22	29377521	0	0	0	0	19233616	34409154	0	19610195	0	19118861	73053652	0	0	0	17196335	19130477	0	18393939	21142337	0	0	0	18824833	20546319	58898904	20330281	0	21315445	20079615	0	0	20010497	21217429	0	20788733	20535662	0	17518993	20549950	18597896	19984982	20678326	0	0	21656105	22960495	21538923	39531574	14517709	0	60723862	59378201	57896888	0	0	57057792	54116273	55828827	58067007	0	0	0	59862035	56172589	34923522	108688830	54403376	56099384	0	102265677	0	0	61469688	112009966	287202993	0	0	60536704	56395441	64059296	0	0	81700277	107338626	0	0	46358137	54697545	60253698	57100881	58428101	57075433	49392978	0	108071466	0	52230164	47877468	46396783	0	47848508	48471264	20970532	0	47800017	774824002	47593850	47337383	0	0	0	108035792	0	46083191	47440352	0	48555937	46844967	50571492	43962439	32840786	0	20263642	48706244	47235740	0	0	0	47804308	0	0	46325259	95017052	49483404	18930448	0	47150450	47276785	47365182	0	0	0	20064793	0	0	15239868	48556456	47058433	0	0	47013836	0	81364439	0	0	50393110	47283994	0	46717735	14364738	47504236	46066248	0	47238644	51687818	45447973	34349374	46514855	47905493	48309330	0	0	18258974	19903406	28402226	0	36510863	20247151	24477809	0	21706265	0	53800816	22446484	29958010	0	0	19089807	0	33410291	0	0	0	0	43668220	39467858	19420949	49321222	0	33751538	19475821	24165842	33275937	28158035	0	21036319	25682186	20498482	43289631	20001314	0	0	60299296	0	0	0	22932528	42941794	0	0	78119306	86634126	0	0	21654798	74869327	19817635	0	68993900	23709720	0	81479591	131322868	0	0	26173645	19933616	73336596	21530140	22407661	26853465	479966075	0	0	38999204	0	0	58735736	17807575	23997090	0	20765325	0	37105844	0	21102086	0	0	42607585	0	0	59075732	21085473	61508585	57261897	0	0	21078006	0	58650581	48023192	0	58879889	0	58914276	0	0	80193997	68592919	0	52166154	60248229	49232050	0	0	47056233	60780725	59750163	48792199	27437027	59427473	25346065	70707910	60353068	93760065	79213405	99701471	32582613	0	0	66328916	23180734	24326403	0	0	61848269	100209484	42530385	0	21975559	23879048	35369574	25517492	34888454	0	0	0
2022-08-29	0	0	19291774	0	0	0	0	23010233	0	0	0	0	0	0	0	0	0	20135347	0	0	0	54871584	19146367	0	0	0	0	0	0	0	0	0	0	0	0	0	0	18296857	0	0	0	0	0	0	0	0	0	0	0	0	0	0	0	0	0	0	0	0	0	0	0	0	0	0	0	0	0	0	0	0	0	0	0	0	0	0	0	0	0	0	0	0	0	0	0	0	0	0	0	0	0	0	0	0	14576843	0	0	0	0	0	49051769	0	0	0	0	0	0	0	0	0	47531448	0	283593954	0	0	0	0	0	0	0	0	0	0	0	0	0	0	0	0	0	0	0	0	0	0	0	97532346	0	0	0	596983166	0	0	0	0	47172557	0	0	0	344211896	0	0	0	0	0	0	0	0	0	0	632048472	0	0	0	0	0	0	0	0	0	0	0	0	0	0	0	0	0	0	0	0	0	20543075	0	0	0	0	41652382	0	0	0	0	0	0	19870521	0	0	0	0	0	0	0	0	0	0	153053784	0	0	0	0	0	0	0	0	25384419	0	23316327	0	0	30046439	0	0	0	0	0	0	0	0	0	0	0	0	0	0	0	19252552	0	0	0	0	0	0	0	0	0	0	0	0	0	0	0	0	0	42397455	0	0	0	0	0	0	0	0	0	0	0	0	0	20729487	0	0	0	0	1528937542	0	0	0	0	0	0	0	0	0	0	0	245268992	0	0	0	0	0	0	0	0	0	0	0	0	0	0	0	0	0	0	0	0	355569660	0	0	0	0	0	0	0	0	0	0	0	0
2022-09-05	0	0	0	0	0	0	0	0	0	0	0	0	0	0	0	0	0	0	0	0	0	0	0	0	0	0	0	0	0	0	0	0	0	0	0	0	0	0	0	0	0	0	0	0	0	0	0	0	0	0	0	0	0	0	0	0	0	0	0	0	0	0	0	0	0	0	0	0	0	0	0	0	0	0	0	0	0	0	0	0	0	0	0	0	0	0	0	0	0	0	0	0	0	0	0	0	0	0	0	0	0	0	0	0	0	0	0	0	0	0	0	0	283593954	0	0	0	0	0	0	0	0	0	0	0	0	0	0	0	0	0	0	0	0	0	0	0	0	0	0	0	0	0	0	0	0	0	0	0	0	0	0	0	0	0	0	0	0	0	0	0	272930022	0	0	0	0	0	0	0	0	0	0	0	0	0	0	0	0	0	0	0	0	0	0	0	0	0	0	0	0	0	0	0	0	0	0	0	0	0	0	0	0	0	0	0	0	0	0	0	0	0	0	0	0	0	0	0	0	0	0	0	0	0	0	0	0	0	0	0	0	0	0	0	0	0	0	0	0	0	0	0	0	0	0	0	0	0	0	0	0	0	0	0	0	0	0	0	0	0	0	0	0	0	0	0	0	0	0	0	0	0	0	0	69497161	0	0	0	0	0	0	0	0	0	0	0	0	0	0	0	0	0	0	0	0	0	0	0	0	0	0	0	0	0	0	0	0	0	0	0	0	0	0	0	0	0	0	0	0	0
2022-09-12	29377521	37080116	19291774	0	20334732	19233616	17204577	23010233	19610195	17872149	19118861	18263413	19738689	19210875	18267872	0	19130477	20135347	18393939	21142337	17910590	18290528	0	18824833	20546319	19632968	0	20680840	21315445	20079615	22429338	20226425	0	21217429	20119958	20788733	0	18296857	17518993	20549950	0	19984982	20678326	18939559	19575717	0	22960495	0	19765787	14517709	20782048	60723862	59378201	57896888	0	58230538	0	54116273	55828827	58067007	52658039	59778219	52889779	59862035	56172589	0	54344415	54403376	0	55135512	11362853	58426057	19094916	61469688	56004983	0	16946776	53870861	60536704	56395441	64059296	0	23922230	81700277	107338626	59048361	56538420	46358137	0	60253698	57100881	58428101	0	49392978	14576843	54035733	52047410	52230164	47877468	46396783	49051769	47848508	48471264	0	48028948	0	47531070	47593850	47337383	49904589	47531448	47650014	0	47116230	0	47440352	47215852	48555937	0	50571492	43962439	16420393	47801708	20263642	48706244	47235740	49724563	48688550	0	47804308	46409927	46957450	46325259	47508526	49483404	18930448	16255391	0	47276785	47365182	45921782	17926752	46728956	20064793	50845389	47172557	15239868	48556456	47058433	49173128	21669064	47013836	47218640	46225170	16975810	48001260	50393110	47283994	47016607	46717735	14364738	47504236	46066248	16534559	47238644	51687818	45447973	17174687	46514855	47905493	48309330	47684214	49970422	18258974	19903406	28402226	21349002	36510863	20247151	24477809	22076748	21706265	20543075	26900408	22446484	29958010	30289300	41652382	19089807	18752570	33410291	20849998	26556168	21182200	19870521	21834110	39467858	19420949	49321222	20850117	33751538	19475821	24165842	33275937	28158035	19131723	21036319	25682186	20498482	43289631	20001314	18675871	28658462	60299296	25384419	40245411	23316327	22932528	21470897	30046439	27551158	78119306	86634126	20628422	79746573	21654798	74869327	19817635	26836378	68993900	23709720	0	81479591	65661434	0	0	0	0	0	0	22407661	0	0	21671733	24575136	0	24384100	0	58735736	17807575	23997090	0	20765325	0	0	0	21102086	0	40052808	42607585	37538575	0	0	21085473	0	57261897	52734345	0	0	0	0	0	69497161	58879889	0	0	0	44091070	80193997	0	0	52166154	0	49232050	0	0	47056233	60780725	0	48792199	0	0	25346065	0	0	93760065	61958765	0	32582613	0	94470315	0	0	0	74341678	0	0	0	0	0	0	0	35369574	0	0	54820185	25677245	0
2022-10-03	110795400	37080116	19291774	38493798	40669464	38467232	34409154	46020466	39220390	35744298	19118861	36526826	39477378	38421750	18267872	34392670	38260954	40270694	36787878	42284674	17910590	36581056	38292734	37649666	20546319	39265936	40660562	41361680	42630890	40159230	44858676	40452850	20010497	42434858	40239916	41577466	41071324	36593714	35037986	41099900	18597896	39969964	41356652	37879118	39151434	43312210	45920990	43077846	39531574	14517709	20782048	121447724	118756402	115793776	109044924	58230538	114115584	108232546	111657654	116134014	105316078	119556438	52889779	119724070	112345178	69847044	54344415	108806752	112198768	110271024	11362853	116852114	38189832	61469688	112009966	120457286	33893552	107741722	121073408	112790882	133682912	127618986	47844460	190596918	239942153	118096722	96299624	105519979	109395090	120507396	114201762	116856202	114150866	98785956	29153686	108071466	104094820	104460328	95754936	92793566	98103538	95697016	96942528	41941064	96057896	95600034	95062140	95187700	94674766	99809178	95062896	95300028	27008948	94232460	92166382	94880704	94431704	97111874	93689934	101142984	87924878	32840786	95603416	40527284	97412488	94471480	99449126	97377100	92942136	95608616	92819854	93914900	92650518	95017052	98966808	37860896	32510782	94300900	94553570	94730364	91843564	35853504	93457912	40129586	101690778	94345114	30479736	97112912	94116866	98346256	43338128	94027672	94437280	92450340	33951620	96002520	100786220	94567988	94033214	93435470	28729476	95008472	92132496	33069118	94477288	103375636	90895946	34349374	93029710	95810986	96618660	95368428	99940844	36517948	39806812	56804452	42698004	36510863	40494302	48955618	44153496	21706265	41086150	53800816	44892968	59916020	60578600	83304764	38179614	37505140	33410291	41699996	53112336	42364400	19870521	43668220	39467858	19420949	98642444	20850117	67503076	38951642	24165842	66551874	56316070	38263446	42072638	51364372	20498482	86579262	20001314	37351742	28658462	120598592	50768838	80490822	23316327	45865056	21470897	30046439	55102316	78119306	173268252	41256844	159493146	43309596	74869327	39635270	53672756	137987800	47419440	149239262	81479591	131322868	139808840	38505104	52347290	39867232	146673192	21530140	44815322	53706930	19198643	43343466	49150272	38999204	48768200	39773420	58735736	35615150	47994180	41372280	41530650	84794910	111317532	50271504	42204172	114893442	120158424	85215170	37538575	62134076	118151464	42170946	123017170	171785691	105468690	41458974	42156012	42833434	175951743	96046384	69497161	58879889	158490880	117828552	29215674	88182140	80193997	68592919	114371904	104332308	60248229	98464100	61317248	111142456	47056233	60780725	119500326	97584398	54874054	118854946	50692130	212123730	60353068	187520130	123917530	299104413	97747839	156084964	283410945	132657832	46361468	48652806	148683356	59261610	185544807	150314226	42530385	63312000	65926677	71637144	106108722	51034984	104665362	109640370	51354490	86678226
2022-10-10	0	37080116	0	0	0	0	0	0	0	0	0	0	0	0	0	0	0	0	0	0	0	0	0	0	0	0	0	0	0	0	0	0	0	0	0	0	0	0	0	0	0	0	0	0	0	0	0	0	0	0	0	0	0	0	0	0	0	0	0	0	0	0	0	0	0	0	0	0	0	0	0	0	0	0	0	0	0	0	0	0	0	0	0	0	0	0	0	0	0	0	0	0	0	0	0	0	0	0	0	0	0	0	0	0	0	0	0	0	0	0	0	0	0	0	0	0	0	0	0	0	0	0	0	0	0	0	0	0	0	0	0	0	0	0	0	0	0	0	0	0	0	0	0	0	0	0	0	0	0	0	0	0	0	0	0	0	0	0	0	0	0	0	0	0	0	0	0	0	0	0	0	0	0	0	0	0	0	0	0	0	0	0	0	0	0	0	0	0	0	0	0	0	0	0	0	0	0	0	0	0	0	0	0	0	0	0	0	0	0	0	0	0	0	0	0	0	0	0	0	0	0	0	0	0	0	0	0	0	0	0	0	0	0	0	0	0	0	0	0	0	0	0	0	0	0	0	0	0	0	0	0	0	0	0	0	0	0	0	0	0	0	0	0	0	0	0	0	0	0	0	0	0	0	0	0	0	0	0	0	0	0	0	0	0	0	0	0	0	0	0	0	0	0	0	0	0	0	0	0	0	0	0	0	0	0	0	0	0	0	0	0	0	0	0	0	0	0	0
2022-10-31	0	0	0	0	0	0	0	0	0	0	0	0	0	0	0	0	0	0	0	0	0	0	0	0	0	0	0	0	0	0	0	0	0	0	0	0	0	0	0	0	0	0	0	0	0	0	0	0	0	0	0	0	0	0	0	0	0	0	0	0	0	0	0	0	0	0	0	0	0	0	0	0	0	0	0	0	0	0	0	0	0	0	0	0	0	0	0	0	0	0	0	0	0	0	0	0	0	0	0	0	0	0	0	0	0	0	0	0	0	0	0	0	0	0	0	0	0	0	0	0	0	0	0	0	0	0	0	0	0	0	0	0	0	0	0	0	0	0	0	0	0	0	0	0	0	0	0	0	0	0	0	0	0	0	0	0	0	0	0	0	0	0	0	0	0	0	0	0	0	0	0	0	0	0	0	0	0	0	0	0	0	0	0	0	0	0	0	0	0	0	0	0	0	0	0	0	0	0	0	0	0	0	0	0	0	0	0	0	0	0	0	0	0	0	0	0	0	0	0	0	0	0	0	0	0	0	0	0	0	0	0	0	0	0	0	0	0	0	0	0	0	0	0	0	0	0	0	0	0	0	0	0	0	0	0	0	0	0	0	0	0	0	0	0	0	0	0	0	0	0	0	0	0	0	0	0	0	0	0	0	0	0	0	0	0	0	0	0	0	0	0	0	0	0	0	0	0	0	0	0	0	0	0	0	0	0	0	0	0	0	0	0	35369574	0	0	0	0	0
2022-11-14	5242880	379956	8806014	10684728	5242880	10485760	15462936	0	0	0	8792761	6437308	0	0	0	0	0	0	0	0	0	0	0	0	0	0	0	0	0	0	0	0	0	0	0	0	0	0	19145545	9025504	0	0	0	0	0	0	0	0	0	0	0	5242880	0	5242880	0	0	0	0	0	0	5242880	0	0	0	8986669	0	6403657	0	0	0	0	0	0	5242880	0	14367461	0	0	0	9920949	0	0	0	0	0	0	6337293	0	0	0	0	0	0	0	0	0	0	0	0	0	0	0	0	0	0	0	0	0	0	0	0	0	0	5242880	0	0	0	0	0	0	0	0	0	0	0	5242880	0	0	0	0	0	0	0	6304580	0	0	0	0	0	0	0	0	0	0	0	0	0	0	0	0	0	0	5242880	0	11646537	5242880	8450070	6238216	0	0	5242880	0	6437308	0	0	0	0	0	10153692	0	11547336	0	0	0	0	0	0	0	0	0	0	0	0	0	0	0	0	0	0	0	0	0	0	0	0	0	0	0	0	0	0	0	0	0	0	0	0	0	0	0	0	0	0	0	0	6403657	0	0	0	0	0	0	0	0	0	0	0	0	0	5242880	0	0	0	0	5242880	0	0	0	0	0	0	0	6370944	700213	0	0	13040057	0	6306936	0	0	0	5242880	0	5242880	0	13603682	1597654	3352648	6403657	0	6370944	6403657	0	0	5242880	0	6403657	0	0	0	0	0	0	0	0	0	0	0	0	6536385	0	6570036	12110961	6337293	0	0	5242880	0	0	0	0	0	0	0	0	0	0	0	0	0	0	0	0	0	0	0	0	0	0	0	0	0	0	6403657	0	0	0
2022-12-12	29377521	100240346	19291774	19246899	40669464	19233616	17204577	46020466	39220390	35744298	24361741	18263413	39477378	38421750	36535744	17196335	19130477	40270694	18393939	42284674	35821180	18290528	19146367	18824833	41092638	39265936	20330281	20680840	42630890	45402110	51559374	28090090	20010497	42434858	25362838	41577466	41071324	18296857	35037986	25792830	23840776	39969964	46306338	37879118	19575717	21656105	51163870	26781803	39531574	18549658	20782048	60723862	118756402	115793776	121985904	0	128482921	54116273	111657654	63309887	52658039	59778219	58132659	111260732	110989253	34923522	90180975	54403376	56099384	16557349	22725706	58426057	19094916	61469688	56004983	133426383	16946776	0	60536704	56395441	64059296	59316878	23922230	81700277	0	59048361	61781300	46358137	59940425	82451987	57100881	58428101	57075433	49392978	14576843	126138812	52047410	66862957	47877468	46396783	49051769	47848508	48471264	20970532	0	47800017	47531070	47593850	47337383	49904589	5242880	47650014	13504474	60521758	69176925	100529676	61185005	48555937	46844967	50571492	0	16420393	47801708	25506522	48706244	47235740	49724563	0	51713948	47804308	91867446	52200330	46325259	47508526	49483404	3201808	16255391	0	90865	47365182	45921782	17926752	64281889	20064793	50845389	47172557	0	48556456	0	49173128	21669064	0	47218640	46225170	16975810	48001260	50393110	0	0	0	14364738	57989996	0	16534559	0	0	0	0	0	47905493	0	47684214	0	18258974	19903406	30590052	21349002	36510863	0	24477809	22076748	0	0	0	0	35200890	0	41652382	19089807	0	5242880	0	5242880	38702420	25113401	21834110	39467858	19420949	0	20850117	0	0	24165842	38518817	28158035	19131723	0	0	20498482	24221922	0	0	28658462	60299296	25384419	118853100	0	7203888	31956657	19245684	27551158	78119306	109133501	0	5242880	21654798	0	0	26836378	74236780	23709720	74619631	86722471	65661434	69904420	0	26173645	0	5242880	0	0	0	19198643	36930159	24575136	0	0	19886710	58735736	17807575	36274430	25929020	0	47640335	37105844	25135752	21102086	0	0	42607585	38376990	0	23291943	21085473	0	62504777	20506600	20729487	21078006	21416717	58650581	53266072	69497161	0	0	73182536	0	69214893	38258377	68592919	0	52166154	0	0	61317248	55571228	47056233	0	69150009	48792199	0	59427473	0	70707910	60353068	0	77687405	136401631	43068373	88528242	94568790	66328916	23180734	24326403	74341678	29630805	61848269	0	47773265	26346880	21975559	23879048	35369574	25517492	0	54820185	25677245	0
2022-12-19	0	0	38583548	0	0	0	0	0	0	0	0	0	0	0	0	0	0	0	0	0	0	0	0	0	0	0	0	0	0	0	0	0	0	0	0	0	0	0	0	0	0	0	0	0	0	0	0	0	0	0	0	0	0	0	0	0	0	0	0	0	0	0	0	0	0	0	0	0	0	0	0	0	0	0	0	0	0	0	0	0	0	0	0	0	0	0	0	0	0	0	0	0	0	0	0	0	0	0	0	0	0	0	0	0	0	0	0	0	0	0	0	0	0	0	0	0	0	0	0	0	0	0	0	0	0	0	0	0	0	0	0	0	0	0	0	0	0	0	0	0	0	0	0	0	0	0	0	0	0	0	0	0	0	0	0	0	0	0	0	0	0	0	0	0	0	0	0	0	0	0	0	0	0	0	0	0	0	0	0	0	0	0	0	0	0	0	0	0	0	0	0	0	0	0	0	0	0	0	0	0	0	0	0	0	0	0	0	0	0	0	0	0	0	0	0	0	0	0	0	0	0	0	0	0	0	0	0	0	0	0	0	0	0	0	0	0	0	0	0	0	0	0	0	0	0	0	0	0	0	0	0	0	0	0	0	0	0	0	0	0	0	0	0	0	0	0	0	0	0	0	0	0	0	0	0	0	0	0	0	0	0	0	0	0	0	0	0	0	0	0	0	0	0	0	0	0	0	0	0	0	0	0	0	0	0	0	0	0	0	0	0	0	0	0	0	0	0	0
2023-01-02	29377521	85591262	19291774	38493798	0	19233616	17204577	23010233	19610195	17872149	19118861	23506293	0	19210875	18267872	17196335	19130477	30621107	18393939	21142337	17910590	0	19146367	0	20546319	30118728	0	20680840	42630890	25322495	17186458	40452850	20010497	0	20119958	0	41071324	18296857	35037986	41099900	18597896	53872753	41356652	18939559	39151434	48555090	47909965	43077846	39531574	14517709	41564096	65966742	118756402	63139768	126199673	116461076	57057792	113475426	74543599	116529341	157974117	119556438	105779558	192262220	125087066	34923522	131119862	108806752	112198768	110271024	22725706	116852114	57284748	61469688	168014949	242198871	33893552	119669543	121073408	118033762	133361472	64559758	47844460	163400554	214677252	130374062	113076840	144317291	54697545	130993156	193036384	116856202	114150866	98785956	43730529	118557226	109337700	52230164	106240696	98036446	103346418	95697016	145413792	56076596	64600616	117566518	142593210	95187700	0	49904589	95062896	63577374	13504474	141348690	46083191	123881772	47215852	145667811	93689934	0	43962439	32840786	95603416	60790926	48706244	94471480	149173689	48688550	46471068	47804308	128157332	46957450	138975777	95017052	155990576	37860896	0	47150450	90865	47365182	97086444	35853504	46728956	40129586	0	94345114	30479736	97112912	94116866	98346256	43338128	47013836	47218640	92450340	16975810	96002520	100786220	94567988	47016607	46717735	28729476	95008472	107860764	33069118	94477288	51687818	90895946	17174687	93029710	47905493	48309330	95368428	99940844	36517948	19903406	28402226	21349002	73021726	20247151	73433427	22076748	21706265	20543075	53800816	44892968	29958010	65821480	41652382	38179614	0	66820582	46942876	53112336	0	39741042	21834110	84178596	44084778	98642444	41700234	67503076	38951642	48331684	66551874	56316070	38263446	21036319	25682186	40996964	86579262	20001314	37351742	28658462	191383648	50768838	0	46632654	45865056	21470897	35289319	60345196	156238612	183291002	20628422	164736026	43309596	85355087	4088995	53672756	137987800	52662320	149239262	162959182	65661434	139808840	19252552	52347290	59800848	94244392	21530140	44815322	53706930	43640166	144053785	49150272	77998408	48768200	39773420	138442992	42936965	47994180	86778665	41530650	84794910	74211688	75407256	42204172	114893442	80105616	85215170	48024335	62134076	118151464	42170946	246034340	114523794	105468690	62188461	42156012	42833434	117301162	144069576	208491483	187125427	237736320	117828552	58431348	179223505	174324434	220113381	171557856	156498462	120496458	147696150	183951744	166713684	146411579	187585055	179250489	66312419	88776588	178282419	50692130	212123730	181059204	187520130	260908768	309590173	70408106	234127446	283410945	198986748	51604348	72979209	153926236	59261610	0	100209484	85060770	42208000	43951118	71637144	106108722	51034984	69776908	109640370	51354490	52542604
2023-01-16	29377521	37080116	0	19246899	0	0	17204577	18250100	0	0	0	0	0	0	0	0	0	0	0	0	0	0	0	0	0	0	0	0	0	0	0	0	0	0	0	0	0	0	0	0	0	0	0	0	0	0	0	0	0	0	0	0	0	0	0	0	0	0	0	0	0	0	0	0	0	0	0	0	0	0	0	0	0	0	0	0	0	0	0	0	0	0	0	0	0	0	0	0	0	0	0	0	0	0	0	0	0	0	0	0	0	0	0	0	0	0	0	0	0	0	0	0	0	0	0	0	0	0	0	0	0	0	0	0	0	0	0	0	0	0	0	0	0	0	0	0	0	0	0	0	0	0	0	0	0	0	0	0	0	0	0	0	0	0	0	0	0	0	0	0	0	0	0	0	0	0	0	0	0	0	0	0	0	0	0	0	0	0	0	0	0	0	0	0	0	0	0	0	0	0	0	0	0	0	0	0	0	0	0	0	0	0	0	0	0	0	0	0	0	0	0	0	0	0	0	0	0	0	0	0	0	0	0	0	0	0	0	0	0	0	0	0	0	0	0	0	0	0	0	0	0	0	0	0	0	0	0	0	0	0	0	0	0	0	0	0	0	0	0	0	0	0	0	0	0	0	0	0	0	0	0	0	0	0	0	0	0	0	0	0	0	0	0	0	0	0	0	0	0	0	0	0	0	0	0	0	0	0	0	0	0	0	0	0	0	0	0	0	0	0	0	0	0	0	0	0	0	0
2023-01-30	29377521	37080116	19291774	19246899	20334732	19233616	17204577	23010233	19610195	17872149	19118861	18263413	19738689	19210875	18267872	17196335	19130477	20135347	18393939	21142337	17910590	18290528	19146367	18824833	20546319	19632968	20330281	20680840	21315445	20079615	22429338	20226425	20010497	21217429	20119958	20788733	20535662	18296857	17518993	20549950	18597896	19984982	20678326	18939559	19575717	21656105	22960495	21538923	19765787	14517709	20782048	60723862	59378201	57896888	54522462	58230538	57057792	54116273	55828827	0	52658039	59778219	52889779	59862035	56172589	34923522	0	54403376	56099384	55135512	11362853	58426057	0	0	56004983	60228643	16946776	53870861	60536704	56395441	64059296	59316878	23922230	0	107338626	59048361	56538420	46358137	54697545	60253698	57100881	58428101	0	49392978	14576843	54035733	52047410	52230164	0	46396783	49051769	47848508	48471264	20970532	48028948	0	47531070	47593850	47337383	0	47531448	47650014	13504474	47116230	46083191	47440352	0	48555937	46844967	50571492	43962439	16420393	47801708	20263642	0	47235740	49724563	48688550	46471068	47804308	0	46957450	46325259	47508526	0	18930448	16255391	47150450	47276785	47365182	45921782	17926752	0	20064793	50845389	47172557	15239868	0	0	49173128	0	0	47218640	46225170	16975810	48001260	50393110	0	0	46717735	14364738	47504236	46066248	16534559	0	51687818	0	17174687	46514855	47905493	0	0	49970422	18258974	19903406	28402226	0	0	20247151	0	0	21706265	20543075	0	22446484	0	0	41652382	19089807	18752570	33410291	20849998	0	21182200	19870521	21834110	39467858	0	49321222	20850117	0	0	24165842	0	28158035	19131723	0	25682186	20498482	43289631	20001314	18675871	0	60299296	0	40245411	23316327	0	21470897	0	27551158	78119306	0	0	79746573	0	74869327	19817635	26836378	0	23709720	0	0	65661434	69904420	19252552	26173645	19933616	73336596	21530140	22407661	26853465	19198643	0	24575136	38999204	0	19886710	0	17807575	23997090	0	20765325	42397455	37105844	25135752	21102086	0	40052808	0	37538575	0	59075732	21085473	0	57261897	0	20729487	21078006	21416717	58650581	48023192	0	58879889	79245440	58914276	0	44091070	0	68592919	0	52166154	0	49232050	61317248	55571228	0	60780725	59750163	0	0	0	25346065	0	60353068	93760065	0	0	32582613	78042482	0	66328916	0	24326403	74341678	29630805	61848269	0	42530385	0	21975559	0	35369574	0	34888454	54820185	0	0
2023-02-06	37473929	52457514	0	0	20334732	0	17204577	23010233	0	17872149	0	6270929	12011884	19210875	18267872	0	6801841	0	23636819	21142337	0	18290528	19146367	0	20546319	14390088	20330281	0	0	20079615	0	0	20010497	21217429	0	20788733	0	18296857	0	20549950	0	0	20678326	0	0	21656105	0	0	0	14517709	20782048	60723862	85592601	0	0	0	0	54116273	55828827	68552767	0	0	52889779	78907565	56172589	0	0	0	0	55135512	11362853	69666194	19094916	61469688	56004983	0	5242880	7067297	60536704	72124081	64059296	0	0	0	120305412	31457280	71133800	0	67452050	0	62343761	58428101	57075433	49392978	0	0	0	52230164	0	46396783	49051769	69482616	31457280	25980545	10485760	0	47531070	0	57823143	49904589	21317048	6403657	13504474	47116230	0	47440352	0	48555937	10485760	0	43962439	16420393	47801708	20263642	48706244	47235740	49724563	0	46471068	68775828	0	0	24557247	63237166	49483404	18930448	16255391	0	47276785	0	45921782	17926752	0	20064793	50845389	0	15239868	0	47058433	49173128	21669064	5242880	47218640	46225170	16975810	48001260	0	0	47016607	46717735	0	0	46066248	16534559	0	0	0	0	0	47905493	48309330	0	75619128	18258974	34563932	28402226	0	36510863	20247151	0	22076748	0	0	0	22446484	29958010	36692957	41652382	19089807	18752570	0	0	26556168	21182200	0	21834110	0	19420949	49321222	36457354	0	0	29408722	33275937	0	19131723	21036319	25682186	20498482	49241150	0	0	28658462	60299296	25384419	36498448	23316327	0	21470897	30046439	0	78119306	0	20628422	0	21654798	74869327	0	0	68993900	0	74619631	81479591	0	69904420	19252552	26173645	0	73336596	21530140	0	0	19198643	32157493	24575136	0	24384100	19886710	58735736	17807575	23997090	20686140	36287770	42397455	37105844	25135752	21102086	38297814	5242880	42607585	37538575	31067038	64517580	21085473	61508585	57261897	52734345	20729487	21078006	21416717	0	48023192	69497161	58879889	43938800	196499861	29215674	90244887	108696990	68592919	57185952	52166154	60248229	49232050	15330208	76542748	47056233	60780725	59750163	48792199	27437027	82154786	0	70707910	60353068	0	61958765	106337871	32582613	78042482	94470315	66328916	23180734	24326403	74341678	29630805	61848269	65833382	89716305	21104000	21975559	0	35369574	25517492	34888454	72940210	30920125	0
2023-02-13	0	0	0	0	0	0	0	0	0	0	0	0	0	0	0	0	0	0	0	0	0	0	0	0	0	0	0	0	0	0	0	0	0	0	0	0	0	0	0	0	0	0	0	0	0	0	0	0	0	0	0	0	0	0	0	0	0	0	0	0	0	0	0	0	0	0	0	0	0	0	0	0	0	0	30839159	0	0	0	0	0	0	0	0	0	0	0	0	0	0	0	0	0	0	0	0	0	0	0	0	0	0	0	0	0	0	0	44730492	0	0	0	0	0	0	0	0	0	0	0	0	0	0	0	0	0	0	0	0	0	0	0	0	0	0	0	0	0	0	0	0	0	0	0	0	0	0	0	0	0	0	0	0	0	0	0	0	0	0	0	0	0	0	0	0	0	0	0	0	0	0	0	0	0	0	0	0	0	0	0	0	0	0	0	0	18511800	0	0	0	0	0	0	0	0	0	0	0	0	0	0	0	0	0	0	0	0	0	0	0	0	0	0	0	0	0	0	0	0	0	0	0	0	0	0	0	0	0	0	0	0	0	0	0	0	0	0	0	0	0	0	0	0	0	0	8388608	0	0	0	0	0	0	0	0	0	0	0	0	0	0	0	0	0	0	0	0	0	0	0	0	0	0	0	0	0	0	0	0	0	0	0	0	0	0	0	0	0	0	0	0	0	0	0	0	0	0	0	0	0	0	0	0	0	0	0	0	0	0	0	0	8388608	0	0	0	0	0	0	0	0	0	0
2023-02-20	29377521	0	0	19246899	20334732	19233616	17204577	23010233	19610195	17872149	19118861	35040629	19738689	19210875	18267872	0	19130477	20135347	18393939	0	17910590	18290528	19146367	18824833	20546319	39265936	20330281	20680840	0	20079615	22429338	20226425	20010497	0	20119958	0	41071324	18296857	0	0	18597896	19984982	0	18939559	19575717	0	0	21538923	19765787	0	0	0	0	57896888	54522462	25165824	57057792	54116273	0	0	52658039	59778219	0	0	0	34923522	45955807	54403376	56099384	55135512	11362853	0	0	61469688	56004983	35062819	0	53870861	0	0	0	59316878	23922230	81700277	107338626	0	0	0	54697545	60253698	0	0	57075433	0	0	0	52047410	0	47877468	46396783	0	47848508	48471264	0	48028948	0	0	0	47337383	49904589	47531448	0	0	0	0	47440352	47215852	48555937	0	0	43962439	16420393	0	20263642	48706244	47235740	49724563	0	0	0	0	0	0	30731310	0	0	0	0	0	0	0	0	0	0	0	0	0	0	0	0	0	0	0	0	0	0	0	0	0	0	0	0	0	0	0	0	0	17174687	0	0	0	0	0	0	0	0	0	0	0	0	0	0	0	0	0	0	0	0	0	0	0	0	0	0	0	0	0	0	0	0	0	0	0	0	0	0	0	0	0	0	0	0	0	0	0	0	0	0	0	0	0	0	0	0	0	0	0	0	0	0	0	0	0	57272826	0	0	0	0	0	0	22407661	0	0	0	0	0	0	0	0	0	0	0	0	0	0	0	0	0	0	0	0	0	0	0	0	0	0	0	0	0	0	0	0	0	0	0	0	0	0	0	0	0	0	0	0	0	0	0	0	0	0	0	0	0	0	0	0	0	0	0	0	0	0	0	0	0	0	41716134	0	0	0	0	0	0	0	0	0	0
2023-02-27	29377521	0	19291774	19246899	20334732	38467232	34409154	0	0	35744298	19118861	0	0	19210875	18267872	0	38260954	20135347	18393939	21142337	0	0	19146367	37649666	0	19632968	20330281	0	42630890	20079615	22429338	20226425	0	0	40239916	20788733	20535662	18296857	17518993	41099900	0	0	0	18939559	19575717	0	22960495	0	19765787	29035418	41564096	60723862	59378201	0	54522462	116461076	57057792	0	55828827	0	52658039	119556438	0	0	56172589	34923522	54344415	54403376	112198768	0	0	0	19094916	122939376	56004983	60228643	0	53870861	0	0	64059296	118633756	23922230	0	107338626	118096722	56538420	0	0	120507396	57100881	0	0	49392978	0	54035733	52047410	104460328	0	0	49051769	0	48471264	41941064	0	47800017	95062140	47593850	0	49904589	47531448	0	27008948	0	46083191	94880704	47215852	48555937	0	50571492	87924878	0	0	20263642	48706244	47235740	0	48688550	0	0	0	46957450	46325259	0	0	0	0	0	0	47365182	0	0	46728956	20064793	0	0	0	48556456	0	0	0	0	0	46225170	0	0	0	47283994	0	0	0	0	46066248	16534559	47238644	0	0	0	46514855	0	48309330	0	0	0	0	28402226	0	0	20247151	0	0	0	20543075	0	22446484	0	30289300	0	0	18752570	0	20849998	0	21182200	0	21834110	0	0	0	0	0	0	24165842	33275937	0	0	21036319	0	20498482	0	0	18675871	0	60299296	0	40245411	0	0	0	0	0	0	86634126	0	79746573	21654798	0	0	0	0	0	74619631	81479591	0	0	19252552	0	0	0	0	0	0	0	0	24575136	0	0	0	58735736	0	0	20686140	0	42397455	0	0	21102086	0	0	0	0	31067038	59075732	0	0	57261897	52734345	20729487	0	0	0	48023192	69497161	0	79245440	0	29215674	0	80193997	0	57185952	0	0	49232050	61317248	0	0	60780725	0	48792199	27437027	0	25346065	70707910	0	93760065	61958765	0	32582613	78042482	94470315	0	0	0	0	0	61848269	50104742	42530385	21104000	21975559	23879048	35369574	25517492	34888454	54820185	25677245	28892742
2023-03-20	0	0	19291774	0	0	0	0	0	0	0	0	0	0	0	0	0	0	0	0	0	0	0	0	0	0	0	0	0	0	0	0	0	0	0	0	0	0	0	0	0	0	0	0	0	0	0	0	0	0	0	0	0	0	0	0	0	0	0	0	0	0	0	0	0	0	0	0	0	0	0	0	0	0	0	0	0	0	0	0	0	0	0	0	0	0	0	0	0	0	0	0	0	0	0	0	0	0	0	0	0	0	0	0	0	0	0	0	0	0	0	0	0	0	0	0	0	0	0	0	0	0	0	0	0	0	0	0	0	0	0	0	0	0	0	0	0	0	0	0	0	0	0	0	0	0	0	0	0	0	0	0	0	0	0	0	0	0	0	0	0	0	0	0	0	0	0	0	0	0	0	0	0	0	0	0	0	0	0	0	0	0	0	0	0	0	0	0	0	0	0	0	0	0	0	0	0	0	0	0	0	0	0	0	0	0	0	0	0	0	0	0	0	0	0	0	0	0	0	0	0	0	0	0	0	0	0	0	0	0	0	0	0	0	0	0	0	0	0	0	0	0	0	0	0	0	0	0	0	0	0	0	0	0	0	0	0	0	0	0	0	0	0	0	0	0	0	0	0	0	0	0	0	0	0	0	0	0	0	0	0	0	0	0	0	0	0	0	0	0	0	0	0	0	0	0	0	0	0	0	0	0	0	0	0	0	0	0	0	0	0	0	0	0	0	0	0	0	0
2023-04-03	0	0	0	0	0	0	0	0	0	0	0	0	0	0	0	0	0	0	0	0	0	0	0	0	0	0	0	0	0	0	0	0	0	0	0	0	0	0	0	0	0	0	0	0	0	0	0	0	5242880	0	0	0	0	0	0	0	0	0	0	0	0	0	0	0	0	0	0	0	0	0	0	0	0	0	0	0	0	0	0	0	0	0	0	0	0	15694741	0	0	0	0	0	0	0	0	0	0	0	0	0	0	0	0	0	0	0	0	0	0	0	0	0	26214400	0	0	0	0	0	0	0	0	0	0	0	0	0	0	0	0	0	0	0	0	0	0	0	0	0	0	0	0	0	0	0	0	0	0	0	0	0	0	0	0	0	0	0	0	0	0	0	10485760	0	0	0	0	0	0	0	0	0	0	0	0	0	0	0	0	0	0	0	0	0	0	0	0	0	0	0	0	0	0	0	0	0	0	0	0	0	0	0	0	0	0	0	0	0	0	0	0	0	0	0	0	0	0	0	0	0	0	0	0	0	0	0	0	0	0	0	0	0	0	0	0	0	0	0	0	0	0	0	0	0	0	0	10485760	0	0	0	0	0	0	0	0	0	0	0	0	0	0	0	0	0	0	0	0	0	0	0	0	0	0	0	0	0	0	0	0	0	0	0	0	0	0	0	0	0	0	0	0	0	0	0	0	0	0	0	0	0	0	0	0	0	0	0	0	0	0	0	0	0	0	0	0	0	0	0	0	0	0
2023-04-10	29377521	31837236	45014140	19246899	20334732	19233616	17204577	23010233	19610195	17872149	19118861	18263413	19738689	19210875	18267872	17196335	19130477	20135347	18393939	21142337	17910590	18290528	19146367	18824833	20546319	19632968	20330281	20680840	21315445	20079615	67288014	20226425	20010497	21217429	20119958	20788733	41071324	18296857	17518993	20549950	18597896	19984982	20678326	18939559	39151434	43312210	22960495	21538923	19765787	14517709	20782048	60723862	27920921	57896888	0	58230538	0	0	0	0	0	59778219	20971520	59862035	112345178	34923522	108688830	54403376	45613624	55135512	11362853	0	0	0	112009966	60228643	0	0	0	0	0	0	0	0	0	118096722	113076840	46358137	109395090	120507396	114201762	116856202	114150866	98785956	19819723	54035733	52047410	52230164	47877468	46396783	49051769	47848508	48471264	20970532	48028948	47800017	95062140	47593850	47337383	49904589	47531448	47650014	13504474	47116230	46083191	47440352	47215852	48555937	46844967	45328612	43962439	16420393	47801708	20263642	0	41943040	0	48688550	0	0	0	0	0	0	49483404	5242880	16255391	47150450	47276785	47365182	45921782	17926752	46728956	20064793	50845389	47172557	15239868	48556456	47058433	49173128	21669064	47013836	47218640	46225170	16975810	42758380	50393110	94567988	47016607	46717735	14364738	47504236	46066248	16534559	94477288	51687818	45447973	34349374	46514855	47905493	48309330	47684214	49970422	18258974	19903406	28402226	21349002	36510863	20247151	24477809	22076748	21706265	20543075	53800816	22446484	59916020	30289300	41652382	19089807	18752570	33410291	20849998	26556168	42364400	19870521	21834110	39467858	19420949	49321222	20850117	33751538	19475821	24165842	33275937	28158035	19131723	21036319	25682186	20498482	38046751	20001314	18675871	28658462	55056416	25384419	35002531	23316327	22932528	21470897	30046439	27551158	78119306	168025372	20628422	79746573	21654798	74869327	19817635	26836378	68993900	23709720	74619631	81479591	131322868	69904420	19252552	52347290	39867232	73336596	21530140	22407661	26853465	38397286	21671733	24575136	38999204	24384100	19886710	58735736	17807575	47994180	20686140	20765325	42397455	37105844	25135752	21102086	38297814	40052808	42607585	37538575	31067038	53832852	21085473	61508585	57261897	52734345	20729487	21078006	5688077	58650581	0	0	0	0	0	0	0	0	0	0	0	0	49232050	0	0	0	0	0	0	27437027	0	0	0	0	0	0	0	0	0	0	10120041	0	0	0	0	0	10485760	0	0	21975559	0	35369574	51034984	34888454	54820185	25677245	28892742
2023-04-17	88132563	111240348	57875322	38493798	81338928	57700848	68818308	69030699	78440780	53616447	76475444	54790239	78954756	76843500	36535744	68785340	57391431	60406041	55181817	63427011	35821180	54871584	38292734	56474499	61638957	58898904	40660562	41361680	63946335	40159230	44858676	40452850	60031491	63652287	60359874	41577466	20535662	36593714	52556979	41099900	18597896	59954946	62034978	18939559	39151434	43312210	45920990	43077846	59297361	43553127	62346144	60723862	178134603	115793776	163567386	174691614	114115584	162348819	111657654	58067007	105316078	119556438	158669337	179586105	112345178	104770566	163033245	163210128	168298152	55135512	22725706	116852114	19094916	184409064	168014949	120457286	50840328	107741722	60536704	112790882	128118592	177950634	47844460	245100831	214677252	59048361	169615260	139074411	164092635	172372486	171302643	136864479	162837691	148178934	58307372	124562451	156142230	104460328	143632404	92793566	147155307	47848508	96942528	62911596	96057896	95600034	47531070	47593850	142012149	99809178	95062896	142950042	40513422	94232460	138249573	94880704	94431704	48555937	46844967	101142984	87924878	32840786	95603416	60790926	97412488	141707220	149173689	97377100	139413204	143412924	92819854	46957450	92650518	142525578	98966808	56791344	32510782	94300900	141830355	94730364	45921782	53780256	140186868	60194379	101690778	141517671	15239868	97112912	141175299	98346256	43338128	94027672	141655920	92450340	50927430	144003780	151179330	94567988	141049821	93435470	43094214	95008472	92132496	49603677	94477288	103375636	90895946	51524061	93029710	95810986	144927990	47684214	199881688	36517948	59710218	85206678	42698004	36510863	60741453	48955618	66230244	65118795	41086150	53800816	67339452	89874030	60578600	124957146	38179614	37505140	66820582	41699996	0	42364400	39741042	65502330	157871432	58262847	98642444	62550351	67503076	38951642	48331684	99827811	56316070	19131723	42072638	51364372	20498482	86579262	60003942	37351742	28658462	180897888	76153257	120736233	23316327	45865056	21470897	60092878	55102316	78119306	259902378	41256844	239239719	43309596	74869327	59452905	53672756	275975600	47419440	149239262	244438773	131322868	69904420	19252552	26173645	59800848	220009788	43060280	22407661	107413860	38397286	43343466	73725408	155996816	48768200	39773420	176207208	53422725	71991270	20686140	62295975	127192365	74211688	50271504	42204172	114893442	120158424	127822755	37538575	62134076	177227196	42170946	123017170	171785691	210937380	41458974	63234018	64250151	117301162	96046384	138994322	117759778	237736320	176742828	87647022	88182140	240581991	137185838	114371904	156498462	180744687	98464100	183951744	166713684	141168699	121561450	179250489	97584398	82311081	178282419	76038195	141415820	181059204	187520130	61958765	299104413	97747839	234127446	188940630	198986748	92722936	48652806	297366712	59261610	123696538	100209484	127591155	42208000	43951118	95516192	106108722	51034984	69776908	164460555	51354490	171174751
2023-04-24	29377521	0	0	19246899	20334732	0	0	23010233	19610195	17872149	19118861	18263413	0	0	18267872	0	19130477	20135347	0	0	17910590	18290528	0	18824833	0	19632968	20330281	0	0	20079615	22429338	20226425	0	0	20119958	0	20535662	18296857	0	20549950	0	0	20678326	0	19575717	21656105	0	0	19765787	14517709	20782048	0	59378201	57896888	0	58230538	0	0	0	58067007	52658039	0	52889779	59862035	0	34923522	0	54403376	0	55135512	11362853	58426057	0	0	56004983	60228643	16946776	53870861	0	56395441	64059296	59316878	23922230	0	107338626	0	56538420	0	54697545	0	57100881	58428101	57075433	0	14576843	54035733	52047410	52230164	47877468	46396783	49051769	47848508	0	20970532	48028948	47800017	0	47593850	47337383	0	47531448	47650014	13504474	47116230	46083191	47440352	0	0	46844967	50571492	43962439	16420393	47801708	20263642	48706244	0	0	48688550	46471068	47804308	46409927	46957450	0	0	49483404	18930448	16255391	47150450	47276785	47365182	0	0	46728956	0	0	47172557	15239868	48556456	47058433	49173128	0	47013836	0	0	0	48001260	50393110	47283994	47016607	46717735	14364738	0	46066248	16534559	47238644	51687818	45447973	17174687	46514855	0	48309330	47684214	49970422	18258974	19903406	28402226	0	36510863	20247151	24477809	22076748	21706265	20543075	26900408	22446484	29958010	30289300	41652382	19089807	18752570	33410291	20849998	26556168	21182200	19870521	21834110	39467858	19420949	49321222	20850117	33751538	19475821	24165842	33275937	28158035	19131723	21036319	25682186	20498482	43289631	20001314	18675871	28658462	60299296	25384419	40245411	23316327	22932528	21470897	30046439	27551158	78119306	86634126	20628422	79746573	21654798	74869327	19817635	26836378	68993900	23709720	74619631	81479591	65661434	69904420	19252552	26173645	19933616	73336596	21530140	22407661	26853465	19198643	21671733	24575136	38999204	24384100	19886710	58735736	17807575	23997090	20686140	20765325	42397455	37105844	0	21102086	38297814	40052808	42607585	37538575	31067038	59075732	21085473	61508585	57261897	52734345	20729487	0	21416717	0	48023192	0	58879889	79245440	58914276	0	0	80193997	0	57185952	0	60248229	0	61317248	0	47056233	79618410	0	48792199	0	59427473	0	70707910	60353068	0	61958765	99701471	32582613	78042482	94470315	66328916	23180734	24326403	74341678	29630805	61848269	50104742	42530385	21104000	21975559	0	35369574	25517492	34888454	54820185	25677245	28892742
2023-05-01	0	37080116	0	19246899	20334732	19233616	0	23010233	19610195	17872149	19118861	18263413	19738689	0	0	0	19130477	0	18393939	21142337	0	18290528	0	18824833	0	19632968	20330281	20680840	0	20079615	22429338	20226425	20010497	0	20119958	20788733	0	18296857	17518993	20549950	0	19984982	20678326	0	19575717	21656105	0	21538923	19765787	0	20782048	0	59378201	57896888	54522462	0	57057792	54116273	0	58067007	0	59778219	52889779	0	56172589	34923522	54344415	54403376	56099384	0	11362853	0	19094916	61469688	56004983	0	16946776	53870861	60536704	56395441	64059296	59316878	0	0	107338626	0	56538420	0	54697545	0	57100881	58428101	57075433	49392978	0	59278613	0	52230164	0	46396783	49051769	47848508	0	20970532	48028948	0	47531070	47593850	47337383	49904589	0	0	13504474	47116230	46083191	47440352	0	48555937	46844967	50571492	43962439	0	47801708	0	48706244	0	49724563	0	46471068	47804308	0	0	46325259	47508526	49483404	18930448	16255391	0	47276785	47365182	0	0	0	20064793	50845389	47172557	0	48556456	0	0	0	47013836	47218640	0	0	0	0	47283994	47016607	46717735	0	0	0	0	47238644	51687818	0	17174687	46514855	0	48309330	0	0	0	19903406	28402226	21349002	36510863	0	24477809	0	21706265	0	26900408	0	0	0	0	19089807	0	33410291	0	26556168	21182200	0	21834110	0	19420949	0	20850117	33751538	0	24165842	33275937	0	19131723	0	0	20498482	43289631	0	18675871	0	0	25384419	40245411	0	22932528	0	0	27551158	0	32484709	20628422	0	21654798	74869327	0	26836378	68993900	23709720	0	0	65661434	69904420	0	0	0	73336596	21530140	22407661	26853465	19198643	0	24575136	0	0	19886710	58735736	0	0	20686140	0	42397455	0	0	21102086	0	0	42607585	37538575	0	0	0	61508585	0	0	20729487	21078006	21416717	58650581	0	0	58879889	0	58914276	0	0	80193997	68592919	57185952	0	0	49232050	0	0	47056233	60780725	59750163	48792199	27437027	0	0	0	60353068	93760065	61958765	99701471	0	0	99713195	66328916	23180734	24326403	0	0	0	50104742	42530385	0	0	23879048	35369574	0	34888454	0	0	0
2023-05-08	29377521	74160232	19291774	38493798	20334732	38467232	34409154	0	19610195	17872149	19118861	36526826	19738689	0	36535744	17196335	0	40270694	36787878	42284674	17910590	36581056	38292734	18824833	20546319	19632968	20330281	41361680	42630890	40159230	44858676	0	20010497	42434858	20119958	20788733	20535662	18296857	17518993	41099900	37195792	19984982	20678326	18939559	19575717	43312210	45920990	0	39531574	29035418	20782048	121447724	118756402	115793776	0	58230538	114115584	54116273	111657654	116134014	105316078	0	105779558	59862035	112345178	34923522	108688830	54403376	131165004	110271024	22725706	41648841	38189832	142490012	187592329	180685929	33893552	73082770	60536704	112790882	128118592	177950634	71766690	163400554	214677252	118096722	56538420	92716274	109395090	60253698	176545523	116856202	114150866	148178934	43730529	108071466	104094820	104460328	47877468	92793566	98103538	47848508	111859360	20970532	96057896	87717494	92261562	95187700	47337383	49904589	95062896	0	67522370	56771723	14831885	47440352	47215852	97111874	0	50571492	43962439	16420393	47801708	0	48706244	47235740	71099740	97377100	68543536	73320797	89679255	46957450	46325259	47508526	98966808	18930448	41406409	47150450	47276785	47365182	91843564	17926752	46728956	40129586	50845389	94345114	15239868	48556456	47058433	49173128	0	47013836	47218640	92450340	43341657	96002520	100786220	94567988	0	0	71823690	95008472	46066248	33069118	94477288	0	45447973	34349374	93029710	47905493	48309330	95368428	49970422	18258974	19903406	56804452	21349002	73021726	20247151	48955618	0	0	20543075	26900408	44892968	29958010	30289300	83304764	19089807	0	66820582	0	0	21182200	39741042	0	39467858	19420949	49321222	41700234	67503076	38951642	24165842	66551874	56316070	19131723	21036319	0	40996964	43289631	20001314	18675871	57316924	120598592	25384419	40245411	0	22932528	42941794	0	27551158	156238612	173268252	41256844	0	43309596	74869327	19817635	53672756	68993900	47419440	149239262	81479591	65661434	139808840	19252552	52347290	39867232	73336596	21530140	44815322	26853465	46785894	21671733	24575136	38999204	24384100	39773420	117471472	35615150	23997090	20686140	20765325	42397455	74211688	50271504	21102086	38297814	80105616	85215170	37538575	62134076	59075732	0	123017170	114523794	105468690	20729487	21078006	0	58650581	48023192	138994322	58879889	0	153331416	58431348	88182140	160387994	68592919	57185952	52166154	120496458	7289010	122634496	111142456	94112466	0	59750163	97584398	54874054	0	50692130	141415820	60353068	0	123917530	199402942	65165226	78042482	188940630	132657832	46361468	24326403	148683356	59261610	61848269	150314226	85060770	21104000	21975559	47758096	0	51034984	34888454	109640370	51354490	57785484
2023-05-15	0	0	0	0	0	0	0	0	0	0	0	0	0	0	0	0	0	0	0	0	0	0	0	0	0	0	0	0	0	0	0	0	0	0	0	0	0	0	0	0	0	0	0	0	0	0	0	0	0	0	0	0	0	0	0	0	0	0	0	0	0	0	0	0	0	0	0	0	0	0	0	0	0	0	0	0	0	0	0	0	0	0	0	0	0	0	0	0	0	0	0	0	0	0	0	0	0	0	0	0	0	0	0	0	0	0	0	0	0	0	0	0	27008948	0	0	0	0	20971520	0	0	0	0	0	0	0	0	0	0	0	0	0	0	0	0	0	0	0	0	0	0	0	0	0	0	0	0	0	0	0	0	0	0	0	0	0	0	0	0	0	0	57458952	0	0	0	0	0	0	0	0	0	0	0	10485760	0	0	0	0	0	0	0	0	0	0	0	0	0	0	0	0	0	0	0	0	0	0	0	0	0	0	0	0	0	0	0	0	0	0	0	0	0	0	0	0	0	0	0	0	0	0	0	0	0	0	0	0	0	0	0	0	0	0	0	0	0	0	0	0	0	0	0	0	0	0	0	0	0	0	0	0	0	0	0	0	0	0	0	0	0	0	0	0	0	0	0	0	0	0	0	0	0	0	0	0	0	0	0	0	0	0	0	0	0	0	0	0	0	0	0	0	0	0	0	0	0	0	0	0	0	0	0	0	0	0	0	0	0	0	0	0	0	0	0	0	0	0	0	0	0
2023-05-22	117510084	0	40540802	19246899	20334732	0	0	46020466	39220390	17872149	19118861	18263413	19738689	0	18267872	17196335	19130477	20135347	0	21142337	0	18290528	0	18824833	20546319	0	20330281	20680840	21315445	0	22429338	0	0	21217429	0	20788733	20535662	18296857	17518993	0	0	19984982	20678326	0	19575717	21656105	22960495	0	19765787	0	20782048	0	59378201	57896888	22132297	58230538	0	54116273	55828827	58067007	0	59778219	52889779	65104915	56172589	0	54344415	54403376	56099384	0	11362853	58426057	19094916	0	56004983	60228643	16946776	0	60536704	56395441	0	59316878	23922230	81700277	107338626	59048361	56538420	46358137	54697545	60253698	57100881	0	0	0	0	54035733	52047410	0	0	0	49051769	47848508	0	0	48028948	0	47531070	0	47337383	49904589	47531448	0	13504474	47116230	46083191	47440352	47215852	48555937	46844967	50571492	43962439	16420393	47801708	20263642	48706244	47235740	49724563	48688550	46471068	47804308	46409927	46957450	51568139	47508526	49483404	18930448	16255391	47150450	47276785	47365182	45921782	17926752	46728956	0	50845389	47172557	15239868	48556456	0	49173128	21669064	47013836	0	46225170	16975810	48001260	50393110	0	47016607	46717735	0	47504236	46066248	16534559	0	0	45447973	0	46514855	47905493	48309330	47684214	49970422	18258974	0	0	21349002	0	0	24477809	22076748	21706265	20543075	26900408	22446484	29958010	30289300	41652382	0	18752570	33410291	0	26556168	21182200	19870521	21834110	39467858	19420949	49321222	20850117	33751538	19475821	24165842	0	28158035	19131723	21036319	25682186	20498482	75840704	20001314	18675871	0	60299296	25384419	40245411	0	22932528	0	30046439	0	0	0	0	0	21654798	74869327	0	0	68993900	0	74619631	0	65661434	0	19252552	0	19933616	73336596	21530140	22407661	26853465	0	21671733	24575136	38999204	24384100	0	58735736	17807575	23997090	0	0	0	0	25135752	21102086	38297814	40052808	42607585	37538575	31067038	59075732	0	61508585	57261897	52734345	20729487	0	0	58650581	48023192	69497161	0	79245440	58914276	29215674	44091070	80193997	0	57185952	0	60248229	0	61317248	0	0	60780725	59750163	48792199	0	59427473	0	0	0	93760065	0	99701471	32582613	0	94470315	66328916	0	24326403	74341678	29630805	61848269	0	42530385	21104000	21975559	23879048	35369574	25517492	34888454	54820185	0	28892742
2023-05-29	0	37080116	38814942	0	20334732	19233616	17204577	23010233	19610195	17872149	19118861	18263413	19738689	19210875	0	17196335	19130477	20135347	18393939	0	17910590	18290528	19146367	18824833	20546319	19632968	0	20680840	21315445	20079615	0	20226425	20010497	21217429	31766495	20788733	20535662	0	17518993	20549950	18597896	0	20678326	18939559	19575717	21656105	22960495	0	19765787	14517709	20782048	60723862	59378201	57896888	54522462	58230538	57057792	0	55828827	58067007	52658039	59778219	0	0	0	34923522	0	54403376	56099384	0	11362853	58426057	0	0	56004983	0	0	0	0	0	64059296	0	23922230	0	107338626	0	0	0	54697545	0	0	0	57075433	0	0	54035733	52047410	0	47877468	92793566	0	0	0	0	96057896	0	47531070	47593850	0	49904589	95062896	0	121540266	0	0	47440352	94431704	48555937	0	0	0	0	47801708	0	48706244	94471480	0	0	0	47804308	46409927	0	92650518	0	49483404	0	16255391	0	47276785	0	45921782	17926752	46728956	20064793	50845389	0	15239868	0	0	49173128	21669064	47013836	47218640	0	0	0	0	47283994	47016607	46717735	100553166	47504236	0	0	0	0	0	17174687	46514855	47905493	0	47684214	0	18258974	19903406	28402226	0	36510863	20247151	0	22076748	21706265	20543075	0	22446484	0	0	0	0	0	33410291	0	0	21182200	0	21834110	0	19420949	49321222	0	33751538	0	0	0	0	19131723	0	0	20498482	0	20001314	0	28658462	60299296	0	40245411	0	0	21470897	0	0	0	0	20628422	79746573	0	74869327	19817635	26836378	0	23709720	0	81479591	0	69904420	0	26173645	19933616	73336596	21530140	0	26853465	0	21671733	0	38999204	24384100	19886710	0	0	23997090	20686140	0	42397455	37105844	25135752	0	38297814	40052808	0	0	31067038	59075732	21085473	61508585	57261897	0	0	21078006	21416717	58650581	0	69497161	0	79245440	0	29215674	44091070	0	68592919	57185952	52166154	60248229	0	61317248	55571228	47056233	60780725	59750163	69763719	27437027	59427473	0	0	60353068	93760065	61958765	99701471	32582613	78042482	94470315	66328916	23180734	24326403	74341678	0	0	50104742	0	21104000	21975559	23879048	35369574	25517492	0	54820185	25677245	28892742
2023-06-05	0	0	17303714	0	0	0	0	0	0	0	0	0	0	0	0	0	0	0	0	0	0	0	0	0	0	0	0	0	0	0	0	0	0	0	0	5242880	0	0	0	0	0	0	0	0	0	0	0	0	0	0	0	0	0	0	0	0	0	0	0	0	0	0	0	0	0	0	0	0	0	0	0	0	0	0	0	0	0	0	0	0	0	0	0	0	0	0	0	0	0	0	0	0	0	0	0	0	0	0	0	0	0	0	0	0	0	0	0	0	0	0	0	0	0	0	0	0	0	0	0	0	0	0	0	0	0	0	0	0	0	0	0	0	0	0	0	0	0	0	0	0	0	0	0	0	0	0	0	0	0	0	0	0	0	0	0	0	0	0	0	0	0	0	0	0	0	0	0	0	0	0	0	0	0	0	0	0	0	0	0	0	0	0	0	0	0	0	0	0	0	0	0	0	0	0	0	0	0	0	0	0	0	0	0	0	0	0	0	0	0	0	0	0	0	0	0	0	0	0	0	0	0	0	0	0	0	0	0	0	0	0	0	0	0	0	0	0	0	0	0	0	0	0	0	0	0	0	0	0	0	0	0	0	0	0	0	0	0	0	0	0	0	0	0	0	0	0	0	0	0	0	0	0	0	0	0	0	0	0	0	0	0	0	0	0	0	0	0	0	0	0	0	0	0	0	0	0	0	0	0	0	0	0	0	0	0	0	0	0	0	0	0	0	0	0	0	0	0	0
2023-06-12	0	0	18750734	0	0	0	0	0	0	0	0	0	0	0	0	0	0	0	0	0	0	0	0	0	0	0	0	0	0	0	0	0	0	0	0	0	0	0	0	0	0	0	0	0	0	0	0	0	0	0	0	0	0	0	0	0	0	0	0	0	0	0	0	0	0	0	0	0	0	0	0	0	0	0	0	0	0	0	0	0	0	0	0	0	0	0	0	0	0	0	0	0	0	0	0	0	0	0	0	0	0	0	0	0	0	0	0	0	0	0	0	0	40513422	0	0	0	0	0	0	0	0	0	0	0	0	0	0	0	0	0	0	0	0	0	0	0	0	0	0	0	0	0	0	0	0	0	0	0	0	0	0	0	0	0	0	0	0	0	0	0	86188428	0	0	0	0	0	0	0	0	0	0	0	0	0	0	0	0	0	0	0	0	0	0	0	0	0	0	0	0	0	0	0	0	0	0	0	0	0	0	0	0	0	0	0	0	0	0	0	0	71305773	0	0	0	0	0	0	0	0	0	0	0	0	0	0	0	0	0	0	0	0	0	0	0	0	0	0	0	0	0	0	0	0	0	0	0	0	0	0	0	0	0	0	0	0	0	0	0	0	0	0	0	0	0	0	0	0	0	0	0	0	0	0	0	0	0	0	0	0	0	0	0	0	0	0	0	0	0	0	0	0	0	0	0	0	0	0	0	0	0	0	0	0	0	0	0	0	0	0	0	0	0	0	0	0	0	0	0	0
2023-06-19	0	0	2388795724	0	0	0	0	0	0	0	0	0	0	0	0	0	0	0	0	0	0	0	0	0	0	0	0	0	0	0	0	0	0	0	0	0	0	0	0	0	0	0	0	0	0	0	0	0	0	0	0	0	0	0	0	0	0	0	0	0	0	0	0	0	0	0	0	0	0	0	0	0	0	0	0	0	0	0	0	0	0	0	0	0	0	0	0	0	0	0	0	0	0	0	0	0	0	0	0	0	0	0	0	0	0	0	0	0	0	0	0	0	0	0	0	0	0	0	0	0	0	0	0	0	0	0	0	0	0	0	0	0	0	0	0	0	0	0	0	0	0	0	0	0	0	0	0	0	0	0	0	0	0	0	0	0	0	0	0	0	0	0	0	0	0	0	0	0	0	0	0	0	0	0	0	0	0	0	0	0	0	0	0	0	0	0	0	0	0	0	0	0	0	0	0	0	0	0	0	0	0	0	0	0	0	0	0	0	0	0	0	0	0	0	0	0	0	0	0	0	0	0	0	0	0	0	0	0	0	0	0	0	0	0	0	0	0	0	0	0	0	0	0	0	0	0	0	0	0	0	0	0	0	0	0	0	0	0	0	0	0	0	0	0	0	0	0	0	0	0	0	0	0	0	0	0	0	0	0	0	0	0	0	0	0	0	0	0	0	0	0	0	0	0	0	0	0	0	0	0	0	0	0	0	0	0	0	0	0	0	0	0	0	0	0	0	0	0
2023-06-26	0	0	318294964	0	0	0	0	0	0	0	0	0	0	0	0	0	0	0	0	0	0	0	0	0	0	0	0	0	0	0	0	0	0	0	0	0	0	0	0	0	0	0	0	0	0	0	0	0	0	0	0	0	0	0	0	0	0	0	0	0	0	0	0	0	0	0	0	0	0	0	0	0	0	0	0	0	0	0	0	0	0	0	0	0	0	0	0	0	0	0	0	0	0	0	0	0	0	0	0	0	0	0	0	0	0	0	0	0	0	0	0	0	27008948	0	0	0	0	0	0	0	0	0	0	0	0	0	0	0	0	0	0	0	0	0	0	0	0	0	0	0	0	0	0	0	0	0	0	0	0	0	0	0	0	0	0	0	0	0	0	0	14364738	0	0	0	0	0	0	0	0	0	0	0	0	0	0	0	0	0	0	0	0	0	0	0	0	0	0	0	0	0	0	0	0	0	0	0	0	0	0	0	0	0	0	0	0	0	0	0	0	0	0	0	0	0	0	0	0	0	0	0	0	0	24090132	0	0	0	0	0	0	0	0	0	0	0	0	0	0	0	0	0	0	0	0	0	0	0	0	0	0	0	0	0	0	0	0	0	0	0	0	0	0	0	0	0	0	0	0	0	0	0	0	0	0	0	0	0	0	0	0	0	0	0	0	0	0	0	0	0	0	0	0	0	0	0	0	0	0	0	0	0	0	0	0	0	0	0	0	0	0	0	0	0	0	0	0	0	0	0
2023-07-03	0	0	16003614	0	0	0	0	0	19610195	0	0	0	0	19210875	18267872	0	0	0	0	21142337	0	0	0	0	0	0	20330281	20680840	0	20079615	22429338	20226425	20010497	21217429	20119958	20788733	0	18296857	17518993	20549950	18597896	19984982	20678326	18939559	0	21656105	22960495	21538923	0	14517709	20782048	0	59378201	0	0	0	57057792	0	0	58067007	0	0	0	0	56172589	34923522	0	0	0	55135512	11362853	58426057	19094916	0	0	0	16946776	53870861	60536704	56395441	64059296	0	23922230	81700277	107338626	0	56538420	46358137	54697545	60253698	57100881	58428101	0	49392978	14576843	54035733	52047410	52230164	0	46396783	49051769	47848508	48471264	20970532	48028948	47800017	0	47593850	47337383	0	47531448	47650014	13504474	47116230	46083191	47440352	47215852	48555937	46844967	50571492	0	16420393	47801708	0	48706244	47235740	49724563	48688550	46471068	47804308	46409927	46957450	46325259	0	49483404	18930448	16255391	47150450	47276785	47365182	45921782	0	46728956	20064793	50845389	47172557	0	48556456	47058433	0	0	62742476	47218640	46225170	16975810	0	50393110	0	47016607	46717735	14364738	47504236	0	0	47238644	51687818	45447973	17174687	46514855	47905493	48309330	47684214	49970422	0	19903406	28402226	21349002	36510863	20247151	24477809	22076748	21706265	20543075	26900408	22446484	29958010	30289300	41652382	19089807	18752570	33410291	20849998	26556168	21182200	19870521	21834110	39467858	19420949	49321222	20850117	33751538	0	24165842	0	28158035	19131723	0	25682186	20498482	0	20001314	18675871	28658462	60299296	0	40245411	23316327	0	21470897	30046439	0	78119306	0	0	79746573	0	74869327	19817635	0	0	23709720	0	81479591	65661434	69904420	0	26173645	19933616	73336596	21530140	22407661	0	19198643	21671733	24575136	0	24384100	0	0	0	23997090	20686140	20765325	42397455	0	25135752	21102086	38297814	40052808	42607585	0	0	59075732	0	61508585	57261897	52734345	20729487	0	21416717	58650581	0	0	58879889	79245440	58914276	29215674	44091070	0	68592919	57185952	52166154	0	49232050	0	55571228	47056233	60780725	59750163	48792199	27437027	59427473	25346065	70707910	60353068	93760065	61958765	99701471	32582613	78042482	94470315	66328916	23180734	24326403	74341678	29630805	61848269	0	42530385	21104000	21975559	23879048	35369574	25517492	34888454	54820185	0	28892742
2023-07-10	29377521	0	17174999	0	0	0	0	0	0	0	0	0	0	0	0	0	0	0	0	0	0	0	0	0	0	0	0	0	0	0	0	0	0	0	0	0	0	0	0	0	0	0	0	0	0	0	0	0	0	0	0	0	0	0	0	0	0	0	0	0	0	0	0	0	0	0	0	0	0	0	0	0	0	0	0	0	0	0	0	0	0	0	0	0	0	0	0	0	0	0	0	0	0	0	0	0	0	0	0	0	0	0	0	0	0	0	0	0	0	0	0	0	148549214	0	0	0	0	5242880	0	0	0	0	0	0	0	0	0	0	0	0	0	0	0	0	0	0	0	0	0	0	0	0	0	0	0	0	0	0	0	0	0	0	0	0	0	0	0	0	0	0	143647380	0	0	0	0	0	0	0	0	0	0	0	0	0	0	0	0	0	0	0	0	0	0	0	0	0	0	0	0	0	0	0	0	0	0	0	0	0	0	0	0	0	0	0	0	0	0	0	0	0	0	0	0	0	0	0	0	0	0	0	0	0	0	0	0	0	0	0	0	0	0	0	0	0	0	0	0	0	0	0	0	0	0	0	0	0	0	0	0	0	0	0	0	0	0	0	0	0	0	0	0	0	0	0	0	0	0	0	0	0	0	0	0	0	0	0	0	0	0	0	0	0	0	0	0	0	0	0	0	0	0	0	0	0	0	0	0	0	0	0	0	0	0	0	0	0	0	0	0	0	0	0	0	0	0	0	0	0
2023-07-17	0	0	16398930	0	0	0	0	0	0	0	0	0	0	0	0	0	0	0	0	0	0	0	0	0	0	0	0	0	0	0	0	0	0	0	0	0	0	0	0	0	0	0	0	0	0	0	0	0	0	0	0	0	0	0	0	0	0	0	0	0	0	0	0	0	0	15728640	0	0	0	0	0	0	0	0	0	0	0	0	0	0	0	0	0	0	0	0	0	0	0	0	0	0	0	0	0	0	0	0	0	0	0	0	0	0	0	0	0	0	0	0	0	0	40513422	0	0	0	0	0	0	0	0	0	0	0	0	0	0	0	0	0	0	0	0	0	0	0	0	0	0	0	0	0	0	0	0	0	0	0	0	0	0	0	0	0	0	0	0	0	0	0	43094214	0	0	0	0	0	0	0	0	0	0	0	0	0	0	0	0	0	0	0	0	0	0	0	0	0	0	0	0	0	0	0	0	0	0	0	0	0	0	0	0	0	0	0	0	0	0	0	0	0	0	0	0	0	0	0	0	0	0	0	0	0	0	0	0	0	0	0	0	0	0	0	0	0	0	0	0	0	0	0	0	0	0	0	0	0	0	0	0	0	0	0	0	0	0	0	0	0	0	0	0	0	0	0	0	0	0	0	0	0	0	0	0	0	0	0	0	0	0	0	0	0	0	0	0	0	0	0	0	0	0	0	0	0	0	0	0	0	0	0	0	0	0	0	0	0	0	0	0	0	0	0	0	0	0	0	0	0
2023-07-24	0	0	17612636	0	0	0	0	0	0	0	0	0	0	0	0	0	0	0	0	0	0	0	0	0	0	0	0	0	0	0	22429338	0	0	0	0	0	0	0	0	0	0	0	0	0	0	0	0	0	0	0	0	0	0	0	0	0	0	0	0	0	0	0	0	0	0	0	0	0	0	0	0	0	0	0	0	0	0	0	0	0	0	0	0	0	0	0	0	0	0	0	0	0	0	0	0	0	0	0	0	0	0	0	0	0	0	0	0	0	0	0	0	0	175558162	0	0	0	0	0	0	0	0	0	0	0	0	0	0	0	0	0	0	0	0	0	0	0	0	0	0	0	0	0	0	0	0	0	0	0	0	0	0	0	0	0	0	0	0	0	0	0	244200546	0	0	0	0	0	0	0	0	0	0	0	0	0	0	0	0	0	0	0	0	0	0	0	0	0	0	0	0	0	0	0	0	0	0	0	0	0	0	0	0	0	0	0	0	0	0	0	0	0	0	0	0	0	0	0	0	0	0	0	0	0	0	0	0	0	0	0	0	0	0	0	0	0	0	0	0	0	0	0	0	0	0	0	0	0	0	0	0	0	0	0	0	0	0	0	0	0	0	0	0	0	0	0	0	0	0	0	0	0	0	0	0	0	0	0	0	0	0	0	0	0	0	0	0	0	0	0	0	0	0	0	0	0	0	0	0	0	0	0	0	0	0	0	0	0	0	0	0	0	0	0	0	0	0	0	0	0
2023-07-31	0	0	33603533	0	0	0	0	0	0	0	0	10352784	0	0	0	0	0	0	0	0	0	0	0	0	0	0	0	0	0	0	0	0	0	0	0	0	0	0	0	0	0	0	0	0	0	0	0	0	0	0	0	0	0	0	0	0	0	0	0	0	0	0	0	0	0	0	0	0	0	0	0	0	0	0	0	0	0	0	0	0	0	0	0	0	0	6370944	0	0	0	0	0	0	0	0	0	0	0	0	0	0	0	0	0	0	0	0	10550993	0	0	49904589	0	0	27008948	0	0	0	0	0	0	0	0	0	0	0	0	0	0	0	0	0	0	0	0	0	0	0	0	0	0	0	0	0	0	0	0	0	0	0	0	0	0	0	0	0	6370944	0	0	0	0	0	28729476	0	0	0	0	0	0	0	0	0	0	0	0	0	0	0	0	0	0	0	0	0	0	0	0	0	0	0	0	0	42236703	0	0	0	0	0	0	0	0	0	0	0	0	0	0	0	0	0	0	0	0	0	0	0	0	0	0	0	0	0	0	0	0	0	0	0	0	0	0	0	0	0	0	0	0	0	0	0	0	0	0	0	0	0	0	0	0	0	0	0	0	0	0	0	0	0	0	0	0	0	0	0	0	0	0	0	0	0	0	0	0	0	0	0	0	0	0	0	0	0	0	0	0	0	0	0	0	0	0	0	0	0	0	0	0	0	0	0	0	0	6304580	0	0	0	0	0	0	0	0	0	0	0	0	0	0	0	0	0
2023-08-07	0	0	66183250	49974770	40669464	0	59444683	33296653	39220390	0	0	0	0	0	0	0	0	0	0	0	0	0	0	0	0	0	0	0	0	0	0	0	0	5242880	0	0	0	0	0	20549950	0	0	0	0	0	21656105	0	0	0	0	0	0	0	0	0	0	0	0	0	0	0	0	0	0	0	0	0	0	0	0	0	0	0	0	0	0	0	0	0	0	0	0	0	0	0	0	0	0	0	0	0	0	0	0	0	0	0	0	0	6370944	0	0	0	0	0	0	0	0	0	0	0	0	0	0	0	0	0	0	0	0	0	0	0	0	0	0	0	0	0	0	0	0	0	0	0	0	0	0	0	0	0	0	0	0	0	0	0	0	0	0	0	0	0	0	0	0	0	0	0	0	14364738	0	0	0	0	0	0	0	0	0	0	0	0	0	0	0	0	0	0	0	0	0	0	0	0	0	0	0	0	0	0	0	0	0	0	0	0	0	0	0	0	0	0	0	0	0	0	0	0	0	0	0	0	0	0	0	0	0	0	0	0	10087328	0	0	0	0	0	0	0	0	0	0	0	0	0	0	0	0	0	0	0	0	0	0	0	0	0	0	0	0	0	0	0	0	0	0	0	0	0	0	0	0	0	0	0	0	0	0	0	0	0	0	0	0	0	0	0	0	0	0	0	0	0	0	0	0	0	0	0	0	0	0	0	0	0	0	0	0	0	0	0	0	0	0	0	0	0	0	0	0	0	0	0	0	0	0	0	0
2023-08-14	29377521	74160232	37739124	38493798	40669464	38467232	34409154	23010233	39220390	35744298	38237722	36526826	19738689	19210875	18267872	34392670	19130477	0	36787878	42284674	35821180	0	19146367	37649666	41092638	19632968	40660562	41361680	21315445	40159230	22429338	0	40020994	42434858	20119958	20788733	20535662	36593714	35037986	20549950	37195792	39969964	41356652	18939559	19575717	21656105	22960495	21538923	39531574	29035418	41564096	121447724	59378201	115793776	54522462	58230538	114115584	108232546	111657654	58067007	105316078	59778219	52889779	119724070	56172589	69847044	108688830	0	112198768	110271024	22725706	58426057	38189832	61469688	112009966	120457286	33893552	107741722	0	112790882	128118592	118633756	47844460	81700277	214677252	59048361	56538420	92716274	109395090	60253698	57100881	116856202	57075433	98785956	29153686	108071466	52047410	104460328	95754936	46396783	49051769	47848508	96942528	41941064	48028948	95600034	95062140	47593850	47337383	49904589	47531448	0	0	47116230	46083191	47440352	47215852	0	0	50571492	43962439	16420393	47801708	20263642	48706244	47235740	49724563	0	46471068	0	46409927	46957450	46325259	47508526	49483404	18930448	0	47150450	47276785	0	45921782	17926752	46728956	20064793	0	47172557	15239868	48556456	47058433	49173128	21669064	47013836	0	46225170	16975810	48001260	50393110	47283994	0	46717735	14364738	47504236	0	16534559	47238644	51687818	45447973	17174687	0	47905493	48309330	47684214	0	18258974	19903406	28402226	0	36510863	25490031	24477809	22076748	0	20543075	26900408	0	29958010	30289300	0	19089807	0	33410291	20849998	26556168	0	19870521	0	39467858	19420949	49321222	0	33751538	19475821	24165842	0	0	0	21036319	25682186	20498482	43289631	20001314	18675871	28658462	60299296	0	40245411	23316327	0	21470897	0	27551158	78119306	86634126	0	79746573	0	0	19817635	0	68993900	0	74619631	0	65661434	0	19252552	0	19933616	0	0	22407661	26853465	19198643	0	24575136	38999204	0	0	58735736	17807575	0	0	0	0	37105844	0	21102086	0	40052808	0	0	0	59075732	0	0	57261897	0	20729487	0	21416717	0	0	69497161	0	79245440	0	0	44091070	29996528	0	0	0	0	0	61317248	0	0	0	59750163	48792199	27437027	0	0	0	0	93760065	61958765	99701471	0	0	94470315	66328916	0	0	74341678	29630805	61848269	0	42530385	21104000	0	23879048	35369574	25517492	0	54820185	25677245	28892742
2023-08-21	58755042	37080116	54683230	0	0	0	0	23010233	0	35744298	38237722	0	19738689	0	0	0	0	20135347	36787878	0	0	18290528	38292734	0	20546319	0	40660562	0	21315445	40159230	44858676	0	0	21217429	0	41577466	20535662	0	0	0	37195792	0	20678326	0	19575717	43312210	0	0	39531574	14517709	20782048	0	0	115793776	54522462	0	0	0	111657654	58067007	0	119556438	0	59862035	0	0	0	0	0	0	0	116852114	0	0	56004983	0	0	0	121073408	0	0	59316878	0	0	214677252	0	0	0	0	0	57100881	0	114150866	0	0	0	0	0	0	46396783	98103538	0	60242368	0	0	0	95062140	0	47337383	49904589	0	0	432143168	0	46083191	47440352	0	0	0	50571492	43962439	16420393	47801708	20263642	0	47235740	49724563	48688550	0	0	46409927	46957450	0	47508526	0	0	0	47150450	47276785	0	45921782	17926752	0	0	50845389	0	15239868	48556456	47058433	0	0	0	47218640	0	0	48001260	0	0	47016607	0	430942140	47504236	56552008	16534559	0	0	0	17174687	46514855	47905493	48309330	0	49970422	0	19903406	28402226	0	36510863	0	0	0	21706265	0	0	22446484	0	0	41652382	0	18752570	33410291	0	0	0	0	21834110	39467858	19420949	0	0	0	19475821	24165842	0	28158035	19131723	0	0	0	43289631	20001314	18675871	0	0	25384419	40245411	0	22932528	0	0	27551158	78119306	86634126	0	0	0	74869327	19817635	0	0	23709720	0	81479591	0	69904420	19252552	26173645	19933616	73336596	21530140	0	26853465	19198643	0	24575136	38999204	0	19886710	58735736	17807575	23997090	20686140	0	42397455	37105844	0	21102086	38297814	40052808	0	0	31067038	59075732	21085473	61508585	57261897	52734345	0	0	21416717	0	0	69497161	58879889	79245440	0	0	44091070	0	68592919	57185952	52166154	60248229	49232050	0	0	47056233	60780725	59750163	48792199	27437027	59427473	0	0	0	93760065	61958765	99701471	32582613	0	0	66328916	23180734	0	74341678	29630805	61848269	0	42530385	0	0	0	35369574	25517492	0	0	0	0
2023-08-28	29377521	74160232	39529154	19246899	0	19233616	17204577	46020466	0	17872149	0	18263413	0	19210875	18267872	17196335	0	40270694	0	0	17910590	18290528	0	18824833	20546319	19632968	40660562	20680840	0	0	22429338	20226425	0	21217429	40239916	0	0	18296857	17518993	41099900	18597896	0	20678326	18939559	0	21656105	0	21538923	39531574	14517709	0	60723862	118756402	57896888	0	58230538	57057792	0	0	0	52658039	59778219	52889779	59862035	56172589	34923522	0	54403376	56099384	0	0	58426057	19094916	61469688	0	60228643	0	53870861	0	112790882	64059296	59316878	23922230	81700277	107338626	59048361	0	92716274	109395090	0	57100881	58428101	0	49392978	14576843	54035733	52047410	52230164	47877468	0	0	0	48471264	20970532	48028948	47800017	47531070	47593850	47337383	49904589	0	47650014	459152116	47116230	0	47440352	0	48555937	46844967	50571492	43962439	32840786	95603416	20263642	0	47235740	49724563	48688550	46471068	47804308	92819854	46957450	0	47508526	49483404	18930448	16255391	47150450	47276785	0	0	17926752	46728956	20064793	0	0	0	48556456	47058433	49173128	0	47013836	0	0	16975810	0	100786220	47283994	94033214	93435470	574589520	47504236	0	0	0	0	45447973	17174687	93029710	47905493	96618660	0	49970422	18258974	39806812	56804452	21349002	0	20247151	0	22076748	0	0	26900408	22446484	29958010	0	41652382	19089807	18752570	33410291	20849998	26556168	21182200	19870521	21834110	39467858	19420949	49321222	0	0	19475821	24165842	0	0	19131723	21036319	25682186	20498482	43289631	20001314	18675871	28658462	60299296	0	0	23316327	0	21470897	30046439	0	78119306	0	20628422	79746573	21654798	74869327	0	0	68993900	23709720	0	81479591	65661434	0	0	26173645	19933616	73336596	21530140	22407661	26853465	19198643	21671733	24575136	38999204	24384100	19886710	58735736	0	23997090	20686140	0	42397455	37105844	25135752	21102086	0	40052808	42607585	37538575	31067038	0	0	61508585	0	52734345	0	0	0	58650581	0	0	58879889	0	58914276	29215674	0	0	0	57185952	52166154	0	49232050	61317248	55571228	47056233	0	59750163	48792199	0	0	0	70707910	60353068	0	0	0	32582613	78042482	94470315	0	0	24326403	0	0	61848269	0	0	0	0	23879048	35369574	0	0	54820185	0	28892742
2023-09-04	0	0	55268607	0	0	0	0	0	0	0	0	0	0	0	0	0	0	0	0	0	0	0	0	0	0	0	0	0	0	0	0	0	0	0	8428228	0	0	0	0	0	0	0	0	0	0	0	0	0	0	0	0	0	0	0	0	0	0	0	0	0	0	0	0	0	0	0	0	0	0	0	0	0	0	0	0	0	0	0	0	0	0	0	0	0	0	0	0	0	0	0	0	0	0	0	0	0	0	0	0	0	0	0	0	0	0	0	0	0	0	0	0	0	27008948	0	0	0	0	0	0	0	0	0	0	0	0	0	0	0	0	0	0	0	0	0	0	0	0	0	0	0	0	0	0	0	0	0	0	0	0	0	0	0	0	0	0	0	0	0	0	0	28729476	0	0	0	0	0	0	0	0	0	0	0	0	0	0	0	0	0	0	0	0	0	0	0	0	0	0	0	0	0	0	0	0	0	0	0	0	0	0	0	0	0	0	0	0	0	0	0	0	0	0	0	0	0	0	0	0	0	0	0	0	0	0	0	0	0	0	0	0	0	0	0	0	0	0	0	0	0	0	0	0	0	0	0	0	0	0	0	0	0	0	0	0	0	0	0	0	0	0	0	0	0	0	0	0	0	0	0	0	0	0	0	0	0	0	0	0	0	0	0	0	0	0	0	0	0	0	0	0	0	0	0	0	0	0	0	0	0	0	0	0	0	0	0	0	0	0	0	0	0	0	0	0	0	0	0	0	0
2023-09-11	58755042	37080116	57827553	0	40669464	38467232	34409154	23010233	19610195	17872149	38237722	18263413	19738689	19210875	36535744	34392670	0	0	36787878	42284674	35821180	36581056	19146367	0	20546319	39265936	40660562	41361680	21315445	20079615	22429338	20226425	20010497	42434858	40239916	20788733	20535662	18296857	17518993	20549950	18597896	39969964	20678326	37879118	39151434	21656105	45920990	43077846	0	14517709	0	0	118756402	115793776	54522462	58230538	0	108232546	55828827	58067007	52658039	119556438	52889779	59862035	56172589	69847044	54344415	54403376	0	55135512	22725706	0	38189832	61469688	112009966	60228643	16946776	53870861	60536704	112790882	0	59316878	0	163400554	0	59048361	113076840	46358137	54697545	60253698	114201762	0	114150866	49392978	14576843	54035733	104094820	52230164	47877468	92793566	49051769	0	48471264	20970532	96057896	47800017	47531070	95187700	94674766	49904589	47531448	47650014	13504474	0	92166382	94880704	94431704	0	93689934	50571492	43962439	16420393	47801708	20263642	48706244	94471480	49724563	48688550	46471068	47804308	92819854	93914900	46325259	0	98966808	18930448	16255391	47150450	47276785	47365182	91843564	0	46728956	20064793	50845389	47172557	30479736	48556456	47058433	98346256	43338128	33978368	47218640	46225170	16975810	48001260	50393110	0	47016607	46717735	14364738	0	0	0	47238644	51687818	45447973	17174687	0	47905493	48309330	0	49970422	18258974	0	28402226	21349002	0	20247151	0	0	21706265	20543075	26900408	22446484	0	0	41652382	19089807	18752570	33410291	0	26556168	21182200	0	21834110	39467858	19420949	49321222	20850117	0	0	0	0	28158035	19131723	21036319	25682186	20498482	43289631	0	18675871	0	60299296	25384419	40245411	23316327	0	0	30046439	27551158	78119306	86634126	0	79746573	0	74869327	19817635	26836378	0	0	74619631	81479591	65661434	69904420	0	0	0	73336596	0	22407661	26853465	19198643	0	24575136	38999204	24384100	0	58735736	17807575	23997090	0	0	42397455	0	25135752	21102086	38297814	40052808	42607585	0	31067038	59075732	21085473	0	57261897	0	0	21078006	21416717	58650581	48023192	0	58879889	0	58914276	29215674	0	80193997	68592919	57185952	52166154	0	49232050	0	55571228	47056233	0	59750163	55096779	27437027	59427473	0	70707910	60353068	0	0	99701471	32582613	0	94470315	66328916	0	24326403	74341678	0	0	0	42530385	0	21975559	23879048	0	45792104	34888454	54820185	25677245	28892742
2023-09-18	0	0	18738997	0	0	0	0	0	0	0	0	0	0	0	0	0	0	0	0	0	0	0	0	0	0	0	0	0	0	0	0	0	0	0	0	0	0	0	0	0	0	0	0	0	0	0	0	0	0	0	0	0	0	0	0	0	0	0	0	0	0	0	0	0	0	0	0	0	0	0	0	0	0	0	0	0	0	0	0	0	0	0	0	0	0	0	0	0	0	0	0	0	0	0	0	0	0	0	0	0	0	0	0	0	0	31457280	0	0	0	0	0	0	0	0	0	0	0	0	0	0	0	0	0	0	0	0	0	0	0	6370944	0	0	0	0	0	0	0	0	0	0	0	0	0	0	0	0	0	0	0	0	0	0	0	0	0	0	0	0	0	0	0	0	0	0	0	0	0	0	0	0	0	0	0	0	0	0	0	0	0	0	0	0	0	0	0	0	0	0	0	0	0	0	0	0	0	0	0	0	0	0	0	0	0	0	0	0	0	0	0	0	0	0	0	0	0	0	0	0	0	0	0	0	0	0	0	0	0	0	0	0	0	0	0	0	0	0	0	0	0	0	0	6304580	0	0	0	0	0	0	0	0	0	0	0	0	0	0	0	0	0	0	0	0	0	0	0	0	0	0	0	0	0	0	0	0	0	0	0	0	0	0	0	0	0	0	0	0	0	0	0	0	0	0	0	0	0	0	0	0	0	0	0	0	0	0	0	0	0	0	0	0	0	0	0	0	0	0	0	0
2023-09-25	29377521	37080116	37774423	19246899	0	19233616	17204577	23010233	19610195	17872149	0	18263413	19738689	19210875	18267872	17196335	19130477	20135347	18393939	21142337	0	18290528	19146367	18824833	20546319	19632968	20330281	0	21315445	20079615	22429338	20226425	0	21217429	20119958	20788733	20535662	18296857	17518993	20549950	0	19984982	20678326	18939559	19575717	21656105	22960495	21538923	19765787	14517709	20782048	0	59378201	57896888	54522462	58230538	57057792	54116273	55828827	58067007	52658039	0	52889779	59862035	65159258	34923522	54344415	54403376	0	55135512	11362853	58426057	19094916	61469688	56004983	60228643	0	0	0	56395441	64059296	59316878	23922230	81700277	107338626	0	56538420	0	54697545	60253698	0	0	57075433	49392978	14576843	54035733	52047410	52230164	47877468	0	49051769	47848508	0	20970532	0	47800017	47531070	47593850	47337383	49904589	0	0	108035792	0	0	0	47215852	0	46844967	50571492	0	16420393	0	20263642	48706244	0	0	48688550	0	0	46409927	46957450	0	0	49483404	18930448	0	0	47276785	0	0	0	0	20064793	0	47172557	0	0	47058433	0	0	0	0	46225170	16975810	0	0	47283994	47016607	0	172376856	0	46066248	0	0	0	45447973	0	0	0	0	47684214	0	0	0	0	0	36510863	0	24477809	0	0	0	0	22446484	0	30289300	0	0	0	0	0	0	21182200	19870521	0	0	0	0	0	0	19475821	0	0	28158035	19131723	21036319	0	20498482	0	0	0	28658462	60299296	25384419	0	0	22932528	21470897	0	27551158	0	86634126	0	0	21654798	0	0	26836378	68993900	0	0	81479591	65661434	69904420	19252552	26173645	19933616	73336596	21530140	22407661	26853465	19198643	21671733	0	38999204	24384100	19886710	0	0	23997090	20686140	20765325	42397455	37105844	25135752	0	38297814	40052808	42607585	0	0	0	21085473	0	57261897	52734345	20729487	21078006	21416717	58650581	48023192	0	58879889	0	84398052	29215674	71365846	80193997	68592919	0	52166154	0	49232050	61317248	55571228	47056233	0	59750163	48792199	27437027	59427473	25346065	70707910	0	0	61958765	99701471	32582613	78042482	94470315	0	0	24326403	74341678	0	0	0	0	21104000	0	23879048	35369574	0	34888454	0	25677245	0
2023-10-02	29377521	0	34824033	0	0	0	0	0	0	0	0	0	0	0	0	0	0	0	0	0	0	0	0	0	0	0	0	0	0	0	0	0	0	0	0	0	0	0	0	0	0	0	0	0	0	0	0	0	0	0	0	0	0	0	0	0	5242880	0	0	0	0	0	0	0	0	0	0	0	0	0	0	0	0	0	0	0	0	0	0	0	0	0	0	0	0	0	0	0	0	0	0	0	0	0	0	0	0	0	0	0	0	0	0	0	0	0	0	0	0	0	0	0	0	0	0	0	0	0	0	0	0	0	0	0	0	0	0	0	0	0	0	0	0	0	0	0	0	0	0	0	0	0	0	0	0	0	0	0	0	0	0	0	0	0	0	0	0	0	0	0	0	0	0	0	0	0	0	0	0	0	0	0	0	0	0	0	0	0	0	0	0	0	0	0	0	0	0	0	0	0	0	0	0	0	0	0	0	0	0	0	0	0	0	0	0	0	0	0	0	0	0	0	0	0	0	0	0	0	0	0	0	26214400	0	0	0	0	0	0	0	0	0	0	0	0	0	0	0	0	0	0	0	0	0	0	0	0	0	0	0	0	0	0	0	0	0	0	0	0	0	0	0	0	0	0	0	0	0	0	0	0	0	0	0	0	0	0	0	0	0	0	0	0	0	0	0	0	0	0	0	0	0	0	0	0	0	0	0	0	0	0	0	0	0	0	0	0	0	0	0	0	0	0	0	0	0	0	0	0
2023-10-09	29377521	0	22286172	19246899	20334732	19233616	0	23010233	0	17872149	19118861	18263413	0	19210875	18267872	17196335	0	20135347	18393939	0	17910590	18290528	0	18824833	20546319	19632968	20330281	20680840	21315445	20079615	22429338	0	20010497	21217429	20119958	20788733	0	18296857	17518993	20549950	18597896	19984982	0	18939559	0	0	0	21538923	19765787	14517709	20782048	60723862	59378201	0	54522462	58230538	0	0	55828827	58067007	52658039	59778219	0	0	56172589	0	0	54403376	0	55135512	0	58426057	19094916	0	56004983	60228643	0	53870861	60536704	0	64059296	59316878	0	0	107338626	59048361	56538420	0	54697545	0	0	58428101	57075433	49392978	0	54035733	52047410	52230164	47877468	0	0	47848508	0	20970532	48028948	47800017	47531070	47593850	0	49904589	0	0	13504474	47116230	46083191	47440352	47215852	48555937	46844967	50571492	0	0	47801708	40527284	0	94471480	0	97377100	46471068	47804308	46409927	0	0	95017052	49483404	0	16255391	0	47276785	0	45921782	17926752	0	40129586	101690778	47172557	15239868	0	47058433	0	21669064	94027672	0	46225170	16975810	48001260	0	47283994	47016607	46717735	28729476	0	0	33069118	47238644	51687818	0	0	46514855	0	0	47684214	0	18258974	19903406	28402226	0	0	20247151	0	22076748	21706265	0	26900408	22446484	29958010	30289300	0	0	18752570	33410291	20849998	0	0	19870521	21834110	0	0	0	0	33751538	19475821	24165842	33275937	28158035	19131723	21036319	0	20498482	0	20001314	0	28658462	60299296	25384419	40245411	23316327	0	0	30046439	27551158	78119306	0	0	79746573	21654798	74869327	19817635	0	68993900	23709720	74619631	81479591	65661434	69904420	19252552	26173645	19933616	73336596	21530140	22407661	26853465	19198643	21671733	24575136	38999204	24384100	19886710	58735736	17807575	23997090	20686140	20765325	42397455	37105844	25135752	21102086	38297814	80105616	42607585	37538575	31067038	59075732	21085473	61508585	57261897	52734345	20729487	21078006	21416717	58650581	48023192	69497161	58879889	79245440	58914276	29215674	0	80193997	68592919	57185952	52166154	0	49232050	61317248	55571228	47056233	0	59750163	48792199	27437027	59427473	25346065	70707910	60353068	93760065	0	99701471	32582613	78042482	94470315	66328916	0	24326403	74341678	29630805	61848269	50104742	42530385	21104000	21975559	23879048	35369574	25517492	34888454	54820185	25677245	28892742
2023-10-16	29377521	0	0	19246899	0	0	0	0	0	0	0	18263413	0	0	0	0	0	0	0	0	0	0	0	0	6503672	0	0	0	0	0	22429338	0	0	0	0	0	0	0	0	0	0	0	0	0	19575717	0	0	0	0	0	0	0	0	0	0	24676106	0	0	0	0	0	0	0	0	0	0	0	0	0	0	0	0	0	0	30839159	51840035	0	0	0	0	0	0	0	0	0	0	0	0	0	0	0	0	0	0	0	0	0	0	0	0	0	0	0	0	0	0	16777216	0	0	0	0	0	0	0	0	0	0	0	0	0	0	0	0	0	0	0	0	0	10485760	0	0	0	0	22342702	0	0	0	0	0	0	0	0	0	0	0	0	0	0	0	0	0	0	0	25165824	0	0	0	0	0	0	0	0	0	0	52724	0	0	0	0	0	0	0	0	0	0	0	0	0	0	0	0	0	0	35289016	0	0	0	0	0	0	0	0	0	0	0	0	0	0	0	0	0	0	0	0	0	0	0	0	0	0	0	0	0	0	0	0	0	0	0	0	0	0	0	0	0	0	0	0	0	0	0	0	0	0	0	0	0	0	0	0	0	0	10810035	0	0	0	0	0	0	0	0	0	0	0	0	0	0	0	0	0	0	0	0	0	0	0	0	0	0	0	0	0	0	0	0	0	0	0	0	0	0	0	0	15677618	0	0	0	0	0	0	0	0	0	0	0	0	0	0	0	0	0	0	0	0	0	0	0	41716134	0	0	0	0	0	0	0	0	0	0
2023-10-23	58755042	81924820	60768618	57740697	40669464	38467232	51613731	55975066	58830585	17872149	19118861	36526826	39477378	57632625	18267872	17196335	19130477	0	18393939	0	17910590	0	0	18824833	20546319	0	20330281	0	0	20079615	44858676	20226425	20010497	21217429	20119958	20788733	41071324	18296857	17518993	20549950	18597896	19984982	20678326	18939559	19575717	21656105	22960495	21538923	19765787	14517709	20782048	60723862	0	57896888	0	0	57057792	54116273	55828827	0	52658039	59778219	52889779	59862035	78790746	34923522	0	54403376	159909544	0	11362853	58426057	0	95024120	56004983	60228643	16946776	53870861	60536704	56395441	64059296	59316878	0	81700277	0	0	113076840	0	54697545	120507396	0	58428101	57075433	98785956	0	54035733	52047410	52230164	0	0	49051769	47848508	48471264	20970532	0	47800017	0	47593850	47337383	49904589	47531448	47650014	81026844	47116230	46083191	47440352	0	48555937	93689934	50571492	0	0	0	0	48706244	47235740	0	48688550	46471068	47804308	0	46957450	46325259	0	0	18930448	16255391	0	47276785	47365182	0	17926752	0	20064793	42456781	0	0	48556456	94116866	49173128	21669064	47013836	47218640	46225170	16975810	48001260	50393110	72449818	47016607	46717735	114917904	47504236	0	33069118	47238644	103375636	45447973	17174687	0	47905493	0	47684214	49970422	18258974	19903406	28402226	21349002	36510863	20247151	0	22076748	21706265	0	0	0	38346618	0	0	19089807	18752570	33410291	20849998	0	33975792	19870521	21834110	39467858	19420949	49321222	20850117	33751538	19475821	24165842	0	28158035	19131723	21036319	25682186	0	0	20001314	18675871	0	60299296	25384419	40245411	0	22932528	21470897	30046439	35939766	78119306	86634126	20628422	146855437	0	74869327	0	26836378	0	39030832	74619631	81479591	65661434	69904420	0	26173645	19933616	73336596	0	22407661	0	19198643	0	0	38999204	0	0	0	0	23997090	20686140	20765325	42397455	37105844	25135752	21102086	38297814	0	0	0	31067038	0	0	61508585	57261897	52734345	0	21078006	21416717	108912554	48023192	0	0	79245440	99197224	0	86034110	80193997	68592919	0	52166154	0	0	61317248	55571228	47056233	60780725	59750163	48792199	38096838	0	25346065	70707910	60353068	0	61958765	0	32582613	156084964	94470315	66328916	23180734	24326403	74341678	0	0	50104742	0	21104000	21975559	23879048	35369574	25517492	34888454	54820185	25677245	57785484
2023-10-30	0	44911068	2983782	19246899	20334732	0	0	0	0	0	8388608	0	0	0	0	0	0	0	0	0	0	0	0	0	0	0	0	0	0	0	0	0	0	0	0	0	0	0	0	0	0	0	0	0	0	0	0	0	0	0	0	0	0	0	0	0	0	0	0	0	0	0	0	0	0	0	0	0	0	0	0	0	19094916	0	0	0	0	0	0	0	0	0	0	0	0	0	0	0	0	0	0	0	0	0	0	0	0	0	0	0	0	0	0	0	0	0	0	0	0	0	0	0	364620798	30339014	0	0	0	41943040	0	0	0	4446388	0	0	0	0	0	0	0	0	0	0	0	0	0	0	0	0	0	0	0	0	0	16777216	0	0	0	0	0	0	0	0	0	0	0	0	0	0	0	0	287294760	0	0	0	0	0	0	0	0	0	0	0	0	0	0	0	21349002	2956431	0	0	0	0	0	0	0	0	0	0	0	0	0	0	0	0	0	0	0	0	40932614	20850117	25362930	0	0	0	0	0	0	0	0	0	0	0	0	0	0	0	0	0	0	0	0	0	0	0	0	0	0	0	0	0	0	0	0	0	0	0	0	0	0	0	0	0	0	0	0	0	0	0	0	0	0	0	0	0	0	16747144	0	0	0	0	0	0	0	0	0	0	0	0	0	0	0	0	0	0	0	0	0	0	0	43427095	0	0	0	0	0	0	0	0	0	0	0	0	0	0	0	0	0	0	0	0	83886080	0	0	0	0	0	0	0	0	0	0	0	0	0	0	0	0	0
2023-11-06	0	0	3174414	0	0	0	0	0	0	0	0	0	0	0	0	0	0	0	0	0	0	0	0	0	0	0	0	0	0	0	0	0	0	0	0	0	0	0	0	0	0	0	0	0	0	0	0	0	0	0	0	0	0	0	0	0	0	0	0	0	0	0	0	0	0	0	0	0	0	10485760	0	0	0	0	0	0	16946776	0	0	0	0	0	0	0	0	0	0	0	0	0	0	0	0	0	0	0	0	0	0	0	0	0	0	0	0	0	47531070	0	0	0	0	0	0	0	0	0	0	0	20630567	0	0	0	0	0	0	0	0	0	0	0	0	0	0	0	0	0	0	0	0	0	0	0	0	0	0	0	0	0	0	0	0	0	0	0	0	0	0	0	0	0	0	0	0	0	0	0	0	0	0	0	0	0	0	0	0	0	0	0	0	0	0	0	0	0	0	0	0	0	0	0	0	0	0	0	0	0	0	0	0	0	0	0	0	0	11380819	0	0	0	0	0	0	0	0	0	0	0	0	0	0	0	0	0	0	0	0	0	0	0	0	0	0	0	0	0	0	0	0	0	0	0	0	0	19198643	0	0	0	0	0	0	0	0	0	0	0	0	0	0	0	0	0	0	0	0	0	0	0	0	0	0	0	0	0	0	0	0	0	0	0	0	0	0	0	0	0	0	0	0	0	0	0	0	0	0	0	0	0	0	0	0	0	0	0	0	0	0	0	0	0	0	0	0	0	0	0	0	0	0	0
2023-11-13	0	12940980	4205635071	0	20334732	19233616	0	0	19610195	17872149	0	18263413	19738689	19210875	0	0	0	0	18393939	0	17910590	18290528	19146367	0	0	0	0	0	21315445	20079615	0	8892776	0	21217429	0	0	0	18296857	17518993	20549950	0	0	0	18939559	0	21656105	0	0	0	0	20782048	60723862	0	0	0	0	0	0	0	0	0	0	0	0	0	0	0	0	0	0	0	0	0	0	0	0	0	0	0	0	0	0	0	0	0	0	0	0	0	0	0	0	0	0	0	0	0	0	0	0	0	0	0	0	0	0	0	0	0	0	0	0	162053688	0	0	0	0	0	0	0	0	0	0	0	0	0	0	0	0	0	0	0	0	0	0	0	0	0	0	0	0	0	0	0	0	0	0	0	0	0	0	0	0	0	0	0	0	0	0	0	258565284	0	0	0	0	0	0	0	0	0	0	0	0	0	0	0	0	0	0	0	0	0	0	0	0	0	0	0	0	0	0	0	0	0	0	0	0	0	0	0	0	0	0	0	0	0	0	0	0	0	0	0	0	0	0	0	0	0	0	0	0	0	0	0	0	0	15728640	0	0	0	0	0	0	0	0	0	0	0	0	0	0	0	0	0	0	0	0	0	0	0	0	0	0	0	0	0	0	0	0	0	0	0	0	0	0	0	0	0	0	0	0	0	0	0	0	0	0	0	0	0	0	0	0	0	0	0	0	0	0	0	0	0	0	0	0	0	0	0	0	0	0	0	0	0	0	0	0	0	0	0	0	0	0	0	0	0	0	0
2023-11-20	58755042	0	3945593606	19246899	0	0	0	23010233	19610195	17872149	0	18263413	19738689	19210875	18267872	17196335	19130477	0	18393939	21142337	17910590	18290528	19146367	18824833	20546319	0	20330281	20680840	0	20079615	0	20226425	20010497	21217429	20119958	20788733	0	18296857	17518993	20549950	0	19984982	20678326	18939559	0	21656105	0	21538923	0	14517709	20782048	60723862	59378201	57896888	0	0	57057792	54116273	55828827	58067007	52658039	59778219	0	59862035	56172589	0	54344415	0	56099384	0	0	0	19094916	61469688	56004983	60228643	16946776	0	60536704	0	0	0	23922230	81700277	0	59048361	56538420	46358137	54697545	0	57100881	58428101	57075433	49392978	14576843	54035733	52047410	52230164	47877468	0	49051769	47848508	48471264	20970532	48028948	47800017	47531070	47593850	47337383	49904589	47531448	47650014	13504474	47116230	46083191	47440352	47215852	48555937	46844967	50571492	43962439	16420393	47801708	20263642	48706244	47235740	49724563	48688550	46471068	47804308	46409927	46957450	46325259	47508526	49483404	18930448	16255391	47150450	47276785	0	45921782	17926752	46728956	20064793	50845389	47172557	15239868	48556456	47058433	49173128	21669064	0	47218640	46225170	16975810	48001260	50393110	47283994	47016607	46717735	14364738	47504236	46066248	0	47238644	51687818	45447973	0	0	47905493	48309330	47684214	49970422	0	19903406	28402226	0	0	0	24477809	22076748	0	0	26900408	0	0	0	41652382	0	0	33410291	0	0	0	0	21834110	39467858	0	0	0	0	0	24165842	0	0	0	0	0	20498482	0	20001314	18675871	0	60299296	0	0	23316327	0	21470897	0	27551158	78119306	86634126	0	0	0	74869327	19817635	0	68993900	0	0	0	65661434	69904420	0	26173645	19933616	73336596	21530140	22407661	26853465	19198643	21671733	24575136	38999204	0	19886710	58735736	17807575	23997090	20686140	0	0	37105844	25135752	21102086	38297814	40052808	42607585	37538575	31067038	0	21085473	61508585	57261897	52734345	20729487	21078006	21416717	58650581	48023192	69497161	58879889	79245440	58914276	29215674	44091070	80193997	68592919	57185952	52166154	60248229	49232050	61317248	55571228	0	60780725	59750163	48792199	27437027	59427473	25346065	0	60353068	93760065	61958765	99701471	32582613	78042482	94470315	66328916	23180734	24326403	0	29630805	0	50104742	0	0	0	23879048	35369574	25517492	34888454	54820185	25677245	28892742
2023-11-27	0	0	5046109	0	0	0	0	0	0	0	0	0	0	0	0	0	0	0	0	0	0	0	0	0	0	0	0	0	0	0	0	0	0	0	0	0	0	0	0	0	0	0	0	0	0	0	0	0	0	0	0	0	0	0	0	0	0	0	0	0	0	0	0	0	0	0	0	0	0	0	0	0	0	0	0	0	0	0	0	0	0	0	0	0	0	0	0	0	0	0	0	0	0	0	0	0	0	0	0	0	0	0	0	0	0	0	0	0	0	0	0	0	13504474	0	0	0	0	0	0	0	0	0	0	0	0	0	0	0	0	0	0	0	0	0	0	0	0	0	0	0	0	0	0	0	0	0	0	0	0	0	0	0	0	0	0	0	0	0	0	0	28729476	0	0	0	0	0	0	0	0	0	0	0	0	0	0	0	0	0	0	0	0	0	0	0	0	0	0	0	0	0	0	0	0	0	0	0	0	0	0	0	0	0	0	0	0	0	0	0	0	0	0	0	0	0	0	0	0	0	0	0	0	0	0	0	0	0	0	0	0	0	0	0	0	0	0	0	0	0	0	0	0	0	0	0	0	0	0	0	0	0	0	0	0	0	0	0	0	0	0	0	0	0	0	0	0	0	0	0	0	0	0	0	0	0	0	0	0	0	0	0	0	0	0	0	0	0	0	0	0	0	0	0	0	0	0	0	0	0	0	0	0	0	0	0	0	0	0	0	0	0	0	0	0	0	0	0	0	0
2023-12-04	0	0	26657225	0	0	0	0	0	0	0	0	0	0	0	0	0	0	0	0	0	0	0	0	0	0	0	0	5242880	21315445	20079615	22429338	20226425	20010497	21217429	20119958	20788733	20535662	18296857	17518993	20549950	18597896	19984982	20678326	18939559	19575717	21656105	22960495	21538923	19765787	14517709	20782048	60723862	59378201	57896888	54522462	58230538	0	54116273	0	0	0	0	0	31457280	0	0	54344415	54403376	56099384	55135512	11362853	58426057	19094916	61469688	56004983	60228643	16946776	53870861	60536704	56395441	64059296	59316878	23922230	81700277	107338626	59048361	56538420	46358137	54697545	60253698	57100881	58428101	57075433	49392978	14576843	54035733	52047410	52230164	47877468	46396783	49051769	47848508	48471264	20970532	48028948	47800017	47531070	47593850	47337383	49904589	47531448	47650014	13504474	47116230	46083191	47440352	47215852	48555937	46844967	45328612	43962439	16420393	47801708	20263642	48706244	47235740	49724563	48688550	46471068	47804308	41167047	46957450	46325259	47508526	49483404	18930448	16255391	47150450	47276785	47365182	45921782	7440992	0	0	0	0	0	0	0	0	0	0	0	0	0	0	0	0	0	0	0	0	46066248	0	0	51687818	45447973	17174687	46514855	47905493	48309330	47684214	49970422	18258974	19903406	28402226	21349002	36510863	20247151	24477809	22076748	21706265	20543075	26900408	22446484	29958010	0	41652382	19089807	18752570	33410291	20849998	0	0	0	0	0	0	0	0	0	0	0	0	0	0	0	0	0	0	0	0	0	0	0	0	0	0	0	0	0	0	0	0	0	0	0	0	0	0	0	0	0	0	0	0	5242880	0	73336596	0	0	26853465	19198643	21671733	24575136	38999204	24384100	19886710	58735736	17807575	23997090	20686140	20765325	42397455	37105844	25135752	21102086	38297814	40052808	42607585	37538575	31067038	53832852	21085473	61508585	57261897	52734345	20729487	21078006	21416717	58650581	48023192	69497161	58879889	136917120	107342792	58431348	77696380	149902234	137185838	114371904	104332308	57581898	0	0	0	0	0	0	0	0	59427473	10485760	70707910	60353068	93760065	61958765	99701471	11611093	0	0	0	0	0	0	0	61848269	50104742	0	21104000	21975559	23879048	35369574	25517492	34888454	54820185	25677245	28892742
2023-12-11	0	0	2866075	0	0	0	0	0	0	0	0	0	0	0	0	0	0	0	0	0	0	0	0	0	0	0	0	0	0	0	0	0	0	0	0	0	0	0	0	0	0	0	0	0	0	0	0	0	0	0	0	0	0	0	0	0	0	0	0	0	0	0	0	0	0	0	0	0	0	0	0	0	0	0	0	0	0	0	0	0	0	0	0	0	0	0	0	0	0	0	0	0	0	0	0	0	0	0	0	0	0	0	0	0	0	0	0	0	0	0	0	0	148549214	0	0	0	0	0	0	0	0	0	0	0	0	0	0	0	0	0	0	0	0	0	0	0	0	0	0	0	0	0	0	0	0	0	0	0	0	0	0	0	0	0	0	0	0	0	0	0	158012118	0	0	0	0	0	0	0	0	0	0	0	0	0	0	0	0	0	0	0	0	0	0	0	0	0	0	0	0	0	0	0	0	0	0	0	0	0	0	0	0	0	0	0	0	0	0	0	0	0	0	0	0	0	0	0	0	0	0	0	0	0	0	0	0	0	0	0	0	0	0	0	0	0	0	0	0	0	0	0	0	0	0	0	0	0	0	0	0	0	0	0	0	0	0	0	0	0	0	0	0	0	0	0	0	0	0	0	0	0	0	0	0	0	0	0	0	0	0	0	0	0	0	0	0	0	0	0	0	0	0	0	0	0	0	0	0	0	0	0	0	0	0	0	0	0	0	0	0	0	0	0	0	0	0	0	0	0
2023-12-18	0	37080116	0	0	0	0	0	0	0	0	0	0	0	0	0	0	0	0	0	0	0	0	0	0	0	0	0	0	0	0	0	0	0	0	0	0	0	0	0	0	0	0	0	0	0	0	0	0	0	0	0	0	0	0	0	0	0	0	0	0	0	0	0	0	0	0	0	0	0	0	0	0	0	0	0	0	0	0	0	0	0	0	0	0	0	0	0	0	0	0	0	0	0	0	0	0	0	0	0	0	0	0	0	0	0	0	0	0	0	0	0	0	0	0	0	0	0	0	0	0	0	0	0	0	0	0	0	0	0	0	0	0	0	0	0	0	0	0	0	0	0	0	0	0	0	0	0	0	0	0	0	0	0	0	0	0	0	0	0	0	0	0	0	0	0	0	0	0	0	0	0	0	0	0	0	0	0	0	0	0	0	0	0	0	0	0	0	0	0	0	0	0	0	0	0	0	0	0	0	0	0	0	0	0	0	0	0	0	0	0	0	0	0	0	0	0	0	0	0	0	0	0	0	0	0	0	0	0	0	0	0	0	0	0	0	0	0	0	0	0	0	0	0	0	0	0	0	0	0	0	0	0	0	0	0	0	0	0	0	0	0	0	0	0	0	0	0	0	0	0	0	0	0	0	0	0	0	0	0	0	0	0	0	0	0	0	0	0	0	0	0	0	0	0	0	0	0	0	0	0	0	0	0	0	0	0	0	0	0	0	0	0	0	0	0	0	0	0
2024-01-01	0	15860996	147273544	0	0	0	0	0	0	0	5242880	0	0	0	0	0	0	0	0	0	0	5242880	0	0	5242880	0	0	0	0	0	0	0	0	0	0	0	0	0	0	0	0	0	0	0	0	0	0	0	0	0	0	0	0	0	0	0	0	0	0	0	0	0	0	0	0	0	0	0	0	0	0	0	0	0	0	0	0	0	0	0	0	0	0	0	0	0	0	0	0	0	0	0	0	0	0	0	0	0	0	0	0	0	0	0	0	0	0	0	0	0	0	0	108035792	0	0	0	0	0	0	0	0	0	0	0	0	0	0	0	0	0	0	0	0	0	0	0	0	0	0	0	0	0	0	0	0	0	0	0	0	0	0	0	0	0	0	0	0	0	0	0	100553166	0	0	0	0	0	0	0	0	0	0	0	0	0	0	0	0	0	0	0	0	0	0	0	0	0	0	0	0	0	0	0	0	0	0	0	0	0	0	0	0	0	0	0	0	0	0	0	0	0	0	0	0	0	0	0	0	0	0	0	0	0	0	0	0	0	0	0	0	0	0	0	0	0	0	0	0	0	0	0	0	0	0	0	0	0	0	0	0	0	0	0	0	0	0	0	0	0	0	0	0	0	0	0	0	0	0	0	0	0	0	0	0	0	0	0	0	0	0	0	0	0	0	0	0	0	0	0	0	0	0	0	0	0	0	0	0	0	0	0	0	0	0	0	0	0	0	0	0	0	0	0	0	0	0	0	0	0
2024-01-08	0	37080116	360273512	19246899	20334732	19233616	17204577	46020466	19610195	17872149	19118861	18263413	19738689	19210875	18267872	34392670	19130477	20135347	18393939	21142337	35821180	18290528	19146367	37649666	41092638	19632968	20330281	20680840	42630890	20079615	0	40452850	40020994	42434858	0	0	41071324	36593714	35037986	41099900	18597896	39969964	20678326	18939559	39151434	0	45920990	43077846	19765787	29035418	0	90123114	30261984	57896888	54522462	58230538	57057792	0	55828827	58067007	52658039	0	52889779	59862035	56172589	34923522	70073055	54403376	56099384	0	11362853	58426057	19094916	61469688	0	60228643	16946776	60507261	60536704	56395441	79787936	59316878	6437308	81700277	0	59048361	56538420	46358137	54697545	60253698	57100881	58428101	57075433	65121618	14576843	0	52047410	0	47877468	46396783	49051769	47848508	0	0	48028948	0	47531070	47593850	47337383	49904589	0	47650014	0	47116230	0	0	47215852	10485760	46844967	19114212	43962439	16420393	0	0	48706244	47235740	0	48688550	0	0	0	46957450	46325259	47508526	0	18930448	0	68086500	47276785	47365182	0	17926752	46728956	0	50845389	0	15239868	0	0	49173128	21669064	52256716	47251360	46225170	16975810	6058220	50393110	47283994	0	51960615	0	52747116	0	0	47238644	51687818	45447973	0	0	47905493	1123410	47684214	49970422	0	19903406	0	21349002	73021726	20247151	24477809	0	21706265	20543075	26900408	22446484	0	30289300	83304764	38179614	37505140	33410291	0	0	21182200	19870521	43668220	39467858	0	0	20850117	33751538	0	0	0	56316070	38263446	0	35636786	20498482	6304580	0	0	28658462	60299296	50768838	62382160	0	45865056	21470897	8096408	5242880	0	127182530	0	0	54478634	74869327	19817635	53672756	13272800	47419440	22190831	81479591	131322868	5242880	0	52347290	19933616	0	0	0	0	19198643	43343466	0	77998408	0	19886710	0	17807575	0	20686140	20765325	84794910	0	25135752	0	38297814	40052808	0	0	31067038	0	21085473	61508585	57261897	0	0	26320886	0	0	48023192	69497161	0	79245440	74443452	34458554	71632130	46055788	84321559	57185952	52166154	60248229	49232050	61317248	0	0	66023605	59750163	48792199	27437027	0	0	5242880	60353068	99002945	0	99701471	37825493	0	0	0	0	34812163	74341678	29630805	61848269	50104742	42530385	0	0	0	0	0	5242880	64774785	0	0
2024-01-15	111340432	74160232	38583548	38493798	20334732	38467232	34409154	46020466	39220390	35744298	38237722	36526826	39477378	19210875	18267872	34392670	38260954	40270694	36787878	42284674	35821180	36581056	38292734	37649666	20546319	39265936	40660562	41361680	21315445	40159230	44858676	40452850	40020994	42434858	20119958	20788733	41071324	36593714	35037986	41099900	37195792	39969964	41356652	37879118	39151434	43312210	45920990	43077846	39531574	14517709	41564096	121447724	118756402	115793776	109044924	116461076	114115584	54116273	111657654	116134014	52658039	119556438	105779558	119724070	56172589	69847044	108688830	108806752	112198768	110271024	22725706	116852114	19094916	122939376	112009966	120457286	33893552	53870861	121073408	112790882	128118592	118633756	47844460	81700277	214677252	118096722	113076840	92716274	109395090	60253698	114201762	116856202	57075433	98785956	29153686	54035733	52047410	104460328	47877468	92793566	49051769	47848508	48471264	0	96057896	0	47531070	95187700	0	49904589	47531448	95300028	13504474	47116230	46083191	47440352	0	48555937	46844967	50571492	87924878	16420393	47801708	20263642	48706244	0	99449126	48688550	46471068	47804308	46409927	0	46325259	47508526	98966808	18930448	16255391	47150450	47276785	94730364	91843564	17926752	0	40129586	101690778	94345114	15239868	48556456	94116866	49173128	21669064	47013836	47218640	0	33951620	48001260	50393110	94567988	47016607	46717735	28729476	47504236	92132496	33069118	47238644	103375636	90895946	17174687	0	47905493	96618660	95368428	49970422	0	19903406	56804452	21349002	73021726	0	48955618	22076748	21706265	41086150	26900408	44892968	29958010	60578600	41652382	19089807	37505140	66820582	20849998	53112336	21182200	39741042	0	39467858	38841898	98642444	20850117	33751538	38951642	48331684	66551874	28158035	19131723	21036319	25682186	20498482	0	40002628	18675871	57316924	120598592	50768838	80490822	0	22932528	21470897	60092878	0	78119306	86634126	41256844	0	21654798	149738654	39635270	53672756	137987800	47419440	74619631	162959182	131322868	139808840	38505104	26173645	19933616	146673192	21530140	44815322	53706930	19198643	21671733	49150272	38999204	48768200	39773420	117471472	35615150	47994180	20686140	20765325	84794910	37105844	75407256	21102086	38297814	80105616	0	75077150	62134076	177227196	42170946	123017170	0	105468690	20729487	21078006	21416717	175951743	96046384	69497161	117759778	79245440	58914276	29215674	88182140	80193997	151321370	114371904	52166154	120496458	49232050	0	111142456	47056233	60780725	119500326	97584398	0	118854946	25346065	141415820	60353068	187520130	61958765	199402942	32582613	156084964	188940630	66328916	23180734	48652806	148683356	59261610	123696538	100209484	42530385	21104000	21975559	47758096	35369574	51034984	34888454	54820185	51354490	57785484
2024-01-22	27373809	93437464	26326358	34151254	59711668	43000340	59478520	45909882	59576681	28755845	50648867	55811075	31286025	44115825	25169728	20204859	57312275	50654865	29722278	51189695	53135250	47763552	30720154	41012099	45610410	32405136	46992371	36933516	46604546	53409473	22429338	5574576	31624194	21217429	37283176	33078266	6171852	29423299	30166318	40755976	36209272	17731838	22868338	25974143	38710818	40469286	38752990	43968430	39824882	22584218	39031948	34122924	83724093	90021592	83165486	107316372	82475204	71163746	22878171	78985302	78245754	59778219	52889779	59862035	0	0	54344415	0	56099384	55135512	11362853	0	19094916	61469688	56004983	0	16946776	53870861	0	56395441	64059296	0	0	81700277	0	59048361	56538420	46358137	0	0	57100881	58428101	57075433	49392978	14576843	0	0	52230164	47877468	46396783	0	47848508	48471264	20970532	0	47800017	0	47593850	0	49904589	0	47650014	40513422	47116230	46083191	0	0	48555937	0	0	43962439	16420393	47801708	20263642	0	47235740	49724563	48688550	0	47804308	0	46957450	46325259	47508526	49483404	0	0	0	47276785	0	45921782	17926752	0	20064793	0	47172557	15239868	48556456	47058433	0	21669064	47013836	47218640	0	16975810	0	50393110	47283994	47016607	0	43094214	0	46066248	16534559	47238644	0	45447973	0	46514855	47905493	48309330	0	49970422	0	19903406	28402226	0	0	0	24477809	0	0	20543075	26900408	22446484	0	0	41652382	19089807	18752570	0	20849998	0	21182200	19870521	21834110	39467858	19420949	0	0	33751538	19475821	0	0	28158035	0	21036319	25682186	0	0	20001314	18675871	0	60299296	0	40245411	23316327	22932528	0	0	0	0	86634126	20628422	0	21654798	74869327	19817635	26836378	0	23709720	0	81479591	65661434	0	0	0	0	73336596	21530140	0	0	0	0	24575136	0	0	19886710	0	0	23997090	20686140	0	42397455	37105844	25135752	21102086	38297814	0	0	0	0	59075732	21085473	0	57261897	52734345	20729487	0	0	0	0	0	58879889	79245440	0	29215674	0	80193997	68592919	0	0	60248229	49232050	0	55571228	0	0	0	0	27437027	0	25346065	70707910	60353068	0	61958765	0	32582613	78042482	94470315	0	0	24326403	74341678	0	0	0	0	0	21975559	23879048	35369574	0	0	54820185	0	28892742
2024-01-29	0	0	0	0	0	0	0	0	0	0	0	0	0	0	0	0	0	0	0	0	0	0	0	0	0	0	0	0	0	0	24882330	21105593	12330497	21334477	20382938	19582077	14391662	2787288	6304580	19747186	14092296	15581782	2190012	16870171	12612517	13054505	21503719	21360187	7233676	0	12897248	26442006	29042493	26897540	26282206	19728138	29636736	25876017	19609555	921600	5309120	6734675	38400358	24177251	132728	17617922	22552619	6039124	27288260	25681792	0	24598144	0	8828544	25350659	11777419	9369176	38519322	21624704	21681841	33342184	7167312	21486774	32777009	0	26316112	30313360	6370944	4313660	5386900	7311456	26924804	20988889	24622906	13163599	4446388	0	0	0	0	0	0	0	0	0	0	0	0	0	0	0	0	54017896	0	0	0	0	0	0	0	0	0	0	0	0	0	0	0	0	0	0	0	0	0	0	0	0	0	0	0	0	0	0	0	0	0	0	0	0	0	0	0	0	0	0	0	0	0	0	0	28729476	0	0	0	0	0	0	0	0	0	0	0	0	0	0	0	0	0	0	0	0	0	0	0	0	0	0	0	0	0	0	0	0	0	0	0	0	0	0	0	0	0	0	0	0	0	0	0	0	0	0	0	0	0	0	0	0	0	0	0	0	0	0	0	0	0	0	0	0	0	0	0	0	0	0	0	0	0	0	0	0	0	0	0	0	0	0	0	0	0	0	0	0	0	0	0	0	0	0	0	0	0	0	0	0	0	0	0	0	0	0	0	0	0	0	0	0	0	0	0	0	0	0	0	0	0	0	0	0	0	0	0	0	0	0	0	0	0	0	0	0	0	0	0	0	0	0	0	0	0	0	0	0	0	0	0	0	0
2024-02-05	0	12874616	0	0	0	38730271	0	0	0	0	0	0	0	0	0	0	0	0	55181817	0	0	0	0	0	0	0	60343667	0	0	0	0	0	0	0	0	0	0	0	0	0	0	0	0	0	0	0	0	0	0	0	0	0	0	0	0	0	0	0	0	0	0	0	0	0	0	0	0	0	0	0	0	0	0	0	0	0	0	0	0	0	0	0	0	0	0	0	0	0	0	0	0	0	0	0	0	0	21911138	2787288	18937880	21190703	19150969	24821024	25043808	19456676	18947348	23341065	25666022	24100030	0	3915476	2521832	17442014	9834854	24471938	21865075	132728	6437308	34033474	0	22833952	6370944	4910936	0	14781150	0	22475296	132728	18070950	21570400	17289108	17250547	8892776	20973247	29302782	23905548	13175004	9045647	6702764	16147185	17873982	132728	18967188	929096	18727197	18896589	3915476	13242552	42796692	17567233	24577528	0	38084468	21108084	21407990	4977300	26970404	21424982	24061338	20308775	22880679	20417608	5508212	19464736	16761503	29362932	20486146	22109713	0	4645480	17595093	0	17783414	25814750	10578974	0	0	0	0	0	0	0	0	0	0	0	0	0	0	0	0	0	0	0	0	0	0	0	0	0	0	0	0	0	0	0	0	0	0	0	0	0	0	0	0	0	0	0	0	0	0	0	0	0	0	0	0	0	0	0	0	0	0	0	0	0	0	0	0	0	0	0	0	0	0	0	0	0	0	0	0	0	0	0	0	0	0	0	0	0	0	0	0	0	0	0	0	0	0	0	0	0	0	0	0	0	0	0	0	0	0	0	0	0	0	0	0	0	0	0	0	0	0	0	0	0	0	0	0	0	0	0	0	0	0	0	0	0	0	0	0	0	0	0	0	0	0	0	0
2024-02-12	0	0	0	0	0	0	0	0	0	0	0	0	0	0	0	0	0	0	0	0	0	0	0	0	0	0	0	0	0	0	0	0	0	0	0	0	0	0	0	0	0	0	0	0	0	0	0	0	0	0	0	0	0	0	0	0	0	0	0	0	0	0	0	0	0	0	0	0	0	0	0	0	0	0	0	0	0	0	0	0	0	0	0	0	0	0	0	0	0	0	0	0	0	0	0	0	0	0	0	0	0	0	0	0	0	0	0	0	0	0	0	0	0	0	0	0	0	0	0	0	0	0	0	0	0	0	0	0	0	0	0	0	0	0	0	0	0	0	0	0	0	0	0	0	0	0	0	0	0	0	0	0	0	0	0	0	0	0	0	0	0	0	0	0	0	0	0	0	0	0	0	0	0	0	5972760	5707304	13209818	6370944	17335731	15199021	13475148	12285465	6437308	22826552	1858192	0	81300	20865182	9976207	8512570	21451979	16131414	5375484	18268992	5640940	0	2706258	0	12908222	0	6370944	15995665	14745042	20578337	22517851	7499132	3384564	16926814	18322774	30796831	12321314	15523615	19584474	26424220	14222819	8194211	12973927	132728	10480994	18416027	14034358	33806170	12211470	17476166	16668173	17425382	23960912	4446388	18139530	19281528	20286300	21340615	0	29194728	9091868	21520000	0	0	0	0	0	0	0	0	0	0	0	0	0	0	0	0	0	0	0	0	0	0	0	0	0	0	0	0	0	0	0	0	0	0	0	0	0	0	0	0	0	0	0	0	0	0	0	0	0	0	0	0	0	0	0	0	0	0	0	0	0	0	0	0	0	0	0	0	0	0	0	0	0	0	0	0	0	0	0	0	0	0
2024-02-19	29377521	37080116	19291774	38493798	20334732	38467232	34409154	46020466	56607758	17872149	44608666	18263413	0	19210875	18267872	17196335	19130477	20135347	18393939	21142337	17910590	18290528	19146367	18824833	20546319	19632968	20330281	20680840	0	20079615	22429338	0	20010497	21217429	20119958	0	0	18296857	17518993	41099900	18597896	19984982	20678326	37879118	19575717	21656105	22960495	21538923	19765787	14517709	0	0	0	0	0	58230538	0	54116273	55828827	58067007	52658039	59778219	52889779	59862035	56172589	34923522	54344415	74710760	56099384	63032828	11362853	58426057	19094916	61469688	0	0	0	0	0	56395441	0	0	0	0	0	118096722	0	0	109395090	0	77806449	58428101	0	0	0	0	0	52230164	0	0	0	0	0	0	0	0	0	0	0	0	0	0	0	0	0	0	0	0	0	0	0	0	0	0	0	0	0	0	0	0	0	0	0	0	0	0	0	0	0	0	0	0	0	0	0	0	0	0	0	0	0	0	0	0	0	0	0	0	0	0	0	0	0	0	0	0	0	0	0	0	0	0	0	0	0	0	21349002	0	0	0	0	0	0	0	0	0	0	0	0	0	6370944	41699996	0	0	19870521	0	39467858	0	0	41700234	0	0	0	0	0	0	0	0	0	0	0	0	0	0	0	0	0	0	21470897	0	0	0	0	0	0	0	0	0	0	0	0	0	0	0	69904420	0	25184993	15657092	18472340	19094684	15838381	132728	16763187	26809613	2190012	0	10867300	10261110	25032364	10551876	18891738	7167312	6503672	34311710	7430980	862732	14220242	19968000	9987404	14308461	23005408	23168346	27590232	12074273	33525945	29141509	16136768	10079887	46296300	14730045	40657821	13130856	28913957	6494277	23461372	22848088	6636400	32801762	15974400	29399783	21813732	26975754	0	0	0	0	0	0	0	0	0	0	0	0	0	0	0	0	0	0	0	0	0	0	74341678	0	0	0	0	0	0	0	0	0	0	0	0	0
2024-02-26	0	0	6901856	0	0	0	0	0	0	0	0	0	0	0	0	0	0	0	0	0	0	0	0	0	0	0	0	0	0	0	0	0	0	0	0	0	0	0	0	0	0	0	0	0	0	0	0	0	0	0	0	0	0	0	0	0	0	0	0	0	0	0	0	0	0	0	0	0	0	0	0	0	0	0	0	0	0	0	0	0	0	0	0	0	0	0	0	0	0	0	0	0	0	0	0	0	0	0	0	0	0	0	0	0	0	0	0	0	0	0	0	0	0	0	0	0	0	0	0	0	0	0	0	0	0	0	0	0	0	0	0	0	0	0	0	0	0	0	0	0	0	0	0	0	0	0	0	0	0	0	0	0	0	0	0	0	0	0	0	0	0	0	0	0	0	0	0	0	0	0	0	0	0	0	0	0	0	0	0	0	0	0	0	0	0	0	0	0	0	0	0	0	0	0	0	0	0	0	0	0	0	0	0	0	0	0	0	0	0	0	0	0	0	0	0	0	0	0	0	0	0	0	0	0	0	0	0	0	0	0	0	0	0	0	0	0	0	0	0	0	0	0	0	0	0	0	0	0	0	0	0	0	0	0	0	0	0	0	0	0	0	0	0	0	0	0	0	0	0	0	0	0	0	0	0	0	0	0	0	0	0	0	0	18058230	13416192	19116140	35279545	26255456	38558383	43117079	20050335	28687873	14594065	6039124	24061524	41536065	11839157	23618271	20030601	24268590	19231944	25778516	17254394	14291203	24459708	7233676	7034584	34977394	21678265	20157092	10813959	13629420	21907548	0	9528602	1367385	6702764	0
2024-03-04	0	0	77167096	0	0	0	0	0	0	0	0	0	0	0	0	0	0	0	0	0	0	0	0	0	0	0	0	0	0	0	0	0	0	0	0	0	0	0	0	0	0	0	0	0	0	0	0	0	0	0	0	0	0	0	0	0	0	0	0	0	0	0	0	0	0	0	0	0	0	0	0	0	0	0	0	0	0	0	0	0	0	0	0	0	0	0	0	0	0	0	0	0	0	0	0	0	0	0	0	0	0	0	0	0	0	0	0	0	0	0	0	0	0	0	0	0	0	0	0	0	0	0	0	0	0	0	0	0	0	0	0	0	0	0	0	0	0	0	0	0	0	0	0	0	0	0	0	0	0	0	0	0	0	0	0	0	0	0	0	0	0	0	0	0	0	0	0	0	0	0	0	0	0	0	0	0	0	0	0	0	0	0	0	0	0	0	0	0	0	0	0	0	0	0	0	0	0	0	0	0	0	0	0	0	0	0	0	0	0	0	0	0	0	0	0	0	0	0	0	0	0	0	0	0	0	0	0	0	0	0	0	0	0	0	0	0	0	0	0	0	0	0	0	0	0	0	0	0	0	0	0	0	0	0	0	0	0	0	0	0	0	0	0	0	0	0	0	0	0	0	0	0	0	0	0	0	0	0	0	0	0	0	0	0	0	0	0	0	0	0	0	0	0	0	0	0	0	0	0	0	0	0	0	0	0	9888236	0	0	0	0	0	0	0	0	0	0	0	0
2024-03-11	124866445	233792996	126071724	133070159	128431260	111996868	114817089	152114209	117323011	133007914	143786763	98241133	131710778	108979861	199810933	157483932	124999134	117461943	94951496	146780550	162074402	130382757	107384183	18957561	102075288	109377700	126685138	133700224	96237819	102379434	94002716	105621319	140925690	115715769	132514640	131679197	155127998	215317511	91048508	147215768	126540148	117966014	169397314	100344235	121963833	108885996	138753987	96792331	66582778	40647330	88965104	162329658	162729233	184878800	79784310	197696722	133225768	198350890	200317907	194557471	186351026	175283423	149220079	170646867	164941603	170007784	179788539	102391976	157924044	194199848	27822530	93756792	78696076	137340232	163720084	121409719	133467452	172799897	106914264	133136641	141964032	138416854	581622786	214282965	250954934	122027661	71280312	122986496	577323134	99945142	147000377	119027581	140807636	138278258	53902780	138671017	116548818	137019632	147421548	80441425	123126649	137163520	121662108	80555468	152435684	87315315	99552132	112963200	150587735	139072981	91733068	68241312	57945756	79138328	101454246	127515404	108312224	138869297	108974367	100891704	321855720	139790367	113093416	146389354	20241020	103975560	82095612	96329238	118550148	104593200	118352316	57691018	40486051	91221458	109855036	58273912	101847853	102142678	90298401	40556156	48852756	56469176	101791612	170263895	91868245	104300531	15444668	37060272	123504552	43020172	200149112	92453292	74108852	129061044	103980966	41315140	53756148	69864280	83976267	89822310	23744894	103555720	40749152	1945600	60975992	98475934	71571642	106170637	76433826	37807573	43624600	77487008	66295966	136160589	210284463	32045216	36695672	77836171	52702458	44413294	61380032	190498127	197889025	22508400	210188524	24095558	19108156	70705916	189861942	176832185	81943773	222373349	5441848	173773158	117181095	195443889	28744828	132518243	21465488	50666870	45166146	23674221	24165842	41704165	13863612	17663187	31690282	48733400	197239033	62115551	20001314	24182295	3318200	60299296	17476443	13658812	23316327	16321504	6835492	30046439	17191440	19383928	0	20628422	79746573	4711844	74869327	106239656	39841178	0	42712272	74619631	0	32548964	69904420	0	0	29748336	0	0	38725582	26853465	19198643	0	24575136	0	24384100	27054022	58735736	0	23997090	20686140	0	42397455	0	25135752	0	0	52064692	42607585	0	0	0	21085473	61508585	0	0	0	21078006	21416717	0	48023192	0	58879889	79245440	58914276	0	0	0	68592919	57185952	52166154	60248229	0	0	55571228	47056233	0	59750163	0	27437027	59427473	25346065	70707910	60353068	0	0	99701471	32582613	78042482	94470315	66328916	23180734	0	0	0	0	50104742	42530385	21104000	21975559	23879048	35369574	25517492	34888454	0	25677245	0
2024-03-18	179314565	102968758	32365482	30064231	34773132	53089456	33331029	29381177	42993166	36585642	39454418	34588957	38270722	34806415	18267872	17196335	46303514	38792874	42778862	43349386	17910590	18290528	46564714	18824833	34747387	19632968	39044306	46013968	54297062	47098222	37277338	35755601	48347922	43086394	39135660	35919725	40877252	18296857	35469730	39065506	35056168	41493860	40288432	26040507	37739978	42755525	39219675	30697155	39041718	14517709	38248228	89845048	59378201	57896888	87753632	73644110	85818300	79206994	94023751	147997950	26167867	30185924	52889779	67427531	85755838	23526106	134193238	25026656	30800324	8494592	0	8964848	36351652	83025520	163200841	140794586	33508984	80799241	196741104	44361412	135949544	59521678	23922230	120273373	172188566	83375341	65364832	114586919	54697545	120507396	73484881	83883269	147399230	105289628	0	130574158	83302654	18574012	64601196	119452525	130847330	105784344	54842208	65297880	122491400	74184198	101433084	70887884	124443250	138070810	67836288	169347166	40513422	53619902	59910382	60182240	117196100	61496917	81511070	101142984	87924878	16420393	122508784	28094594	48706244	25615104	121138233	97377100	46471068	37587208	59019087	70545968	46325259	47508526	81928864	34393260	0	47150450	76021269	47365182	0	47310944	46728956	20064793	50845389	47172557	15239868	0	68779846	49173128	0	47013836	47218640	78947156	16975810	48001260	50393110	0	47016607	46717735	14364738	47504236	46066248	16534559	47238644	51687818	0	17174687	46514855	47905493	48309330	47684214	49970422	0	0	0	21349002	36510863	20247151	24477809	22076748	21706265	20543075	26900408	22446484	0	30289300	41652382	19089807	18752570	33410291	20849998	26556168	21182200	0	21834110	39467858	19420949	49321222	20850117	33751538	19475821	24165842	33275937	28158035	19131723	21036319	25682186	20498482	43289631	20001314	18675871	28658462	60299296	25384419	40245411	23316327	22932528	0	30046439	0	78119306	86634126	20628422	0	21654798	0	0	26836378	68993900	23709720	0	81479591	65661434	69904420	0	0	19933616	73336596	0	22407661	26853465	0	0	24575136	0	24384100	19886710	58735736	17807575	23997090	0	20765325	42397455	37105844	0	0	0	40052808	0	37538575	31067038	59075732	21085473	61508585	0	0	0	21078006	21416717	58650581	48023192	69497161	0	79245440	0	29215674	44091070	0	68592919	57185952	121477800	60248229	49232050	61317248	0	47056233	60780725	0	48792199	27437027	59427473	25346065	70707910	60353068	93760065	61958765	99701471	0	0	94470315	66328916	23180734	24326403	74341678	29630805	61848269	50104742	42530385	21104000	21975559	23879048	35369574	25517492	34888454	54820185	25677245	57785484
2024-03-25	199438741	79971724	22158974	19963699	56942192	47710740	35228354	33784377	54713874	35822889	24228889	20815573	21274689	52796330	43394068	52373738	36650917	38837094	43748602	28802737	53652396	11107752	31839015	31619881	21263119	22522656	24279661	18632840	0	8418944	5939200	4247296	22355725	21729429	21451158	28081277	30205550	19628057	18440593	7804544	26197640	21858510	132728	25208103	24634373	24443049	12152796	24735467	28010259	16772297	22749792	43253074	34495001	19763200	40015222	17715200	23778944	25667641	23470427	27567744	33202039	20992000	17126864	25383563	35692589	27060866	25080159	35766576	29300224	13926400	13202133	9930324	19504516	42832888	44353527	67418787	18103504	24388601	27038012	37340857	34496024	40884878	10123708	46694882	33382400	38568361	33819580	3517292	17629236	21341698	0	38972101	5064708	27808722	15835971	36769745	39394786	22387088	13658812	24293031	18946169	34352064	14562944	3993600	24336036	13110776	33207930	0	4247296	33038917	11776000	32534426	18451446	33853126	34147367	22353796	29398252	22576321	19375744	512000	48253990	25533305	11571200	17908442	24719336	28394140	27311572	30594078	34061068	512000	22859371	37826038	8089600	603020998	40884692	25542228	30021279	10342400	11264000	21851912	35728546	19257952	22484432	26845337	11366400	37402125	17188276	24821800	29752833	42654532	6370944	25224780	35464784	9625600	17999810	17086908	38880090	35734938	35877151	29959139	19630326	0	0	0	0	29206238	19585908	0	0	0	0	0	26609330	0	0	0	9888236	0	31201131	0	0	0	0	0	0	0	0	0	0	74689168	0	0	0	0	0	0	0	0	0	0	0	0	0	0	0	0	0	0	0	0	0	0	0	0	0	0	0	0	0	0	0	0	0	0	0	0	0	0	0	0	0	0	0	0	0	0	0	0	0	0	0	0	0	0	0	0	0	0	0	0	0	0	0	0	0	0	0	0	0	0	0	0	0	0	0	0	0	0	0	0	0	0	0	0	0	0	0	0	0	0	0	0	0	0	0	0	0	0	0	0	0	0	0	63244892	0	0	0	0	0	0	0	0	0	0	0	0	0	0	0	0	0	0	0	0	0	0	0	0
2024-04-01	6901856	16998400	9238144	19963699	1638400	17595216	1740800	27611837	21350995	28520717	17582861	25827121	27645633	9033344	21976416	26900815	18004077	25789491	24793423	28869101	6370944	0	27159631	6370944	21263119	19735368	27381989	24937420	5840032	26932231	11181956	10364544	26586241	28100373	24238446	6238216	21150062	25932637	17109393	21471550	18525824	24513070	3788800	25208103	24899829	22680105	0	27925203	26487463	15644109	10774144	42232306	28987545	23615032	42871006	37955338	23778944	39159477	18761344	43174787	39066691	24899087	46585267	18739200	20846033	108574332	25671384	41805700	18227200	35159672	6370944	23654400	19504516	33078432	18414876	40977443	8250180	41682785	46198228	19148800	28364884	32585344	30025930	55266154	23899656	44939305	37590156	35241513	21417545	26931200	28140400	31314245	39360233	31268178	15703243	20673689	26105618	26899840	13658812	32787623	18946169	36276620	25521560	30286112	18387780	36353361	34269754	19024250	18044544	0	0	37445362	13197274	0	0	0	0	0	27736879	0	0	0	0	0	22434196	0	0	0	0	0	0	0	0	0	0	0	0	0	0	0	0	0	0	0	0	0	0	0	0	0	0	0	0	0	0	0	0	0	0	0	0	25715180	24670216	8836040	29318644	0	0	17248574	34965799	37892437	24307380	34635194	0	9689144	21029806	46027876	31059190	36942607	0	25011953	32346388	21706265	32304839	24055352	18555284	30426134	33197900	28563750	16222607	0	37096691	27374714	33848712	4403200	3307128	22129550	10593964	17270549	39593222	7804544	41796918	4380024	3583656	39451709	36813895	19319446	18974771	19538186	27688626	51094175	26336222	17247488	19994074	39307296	2190012	23473955	8396800	29749108	27125041	38108599	16648768	23028106	74565230	6437308	24882317	10563636	26338944	30030195	24641758	46670700	18066688	19533092	40212391	44669434	29046820	0	27504845	23401324	50244536	28413084	23785625	13574980	5017600	28964277	39946788	18432000	27601688	2867200	38767736	27521683	6437308	21358720	6437308	24170255	23073560	32416880	4446388	9238144	19675208	27977688	46349995	0	23133332	22211873	43713129	43869641	0	29558031	22102006	25000717	62281346	9728000	23302980	46716433	53747840	27362944	6437308	48328738	46511744	36973463	6370944	52370954	45331389	8806400	15237248	34201600	53578817	26544533	76748563	36066944	7065600	34749073	31205009	39907654	39975468	45515773	27748981	77495319	22427201	21312882	39526400	39865496	23385534	22914947	41595822	16406144	24856561	38934144	38697365	23532716	27491267	8930944	0	0	20957752	43999345	9932800	0
2024-04-08	0	0	11746428	0	0	0	0	0	55925302	0	0	0	0	0	0	0	0	0	0	0	0	0	0	0	0	0	0	0	0	0	0	0	0	75279011	0	0	0	0	0	0	0	0	0	0	0	0	0	0	370146831	0	0	0	0	0	0	0	0	0	0	0	0	0	0	0	0	0	0	0	0	0	0	0	0	0	0	0	0	0	0	0	0	0	0	0	0	0	0	0	0	0	0	0	0	0	0	0	0	32481320	0	0	0	0	0	0	0	0	0	0	0	32906189	35711228	0	0	26358670	0	33945696	512818460	18761344	0	31422692	11953704	6304580	37276652	27592222	0	24350612	38446671	0	6304580	34719252	18147527	28122658	14460544	24919182	27062824	25608592	20066679	36830194	35625329	11366400	0	19257952	24939900	10738108	83086945	29969357	22484960	30226856	26954885	57137236	29426156	36591180	0	10621060	17999810	10649600	18490180	35668574	25312827	35525119	6370944	37709184	29477448	26293987	18669044	18919818	23966117	23951338	37553995	0	30286930	34701558	39060386	0	29757738	0	0	24154296	29475667	0	0	0	0	0	11686116	0	0	0	0	0	21122291	0	0	0	0	0	0	0	0	0	0	0	0	0	0	0	0	0	0	0	0	0	0	0	0	0	9290960	0	0	0	0	0	0	0	0	0	0	0	0	0	0	0	0	0	0	0	0	0	0	0	0	0	0	0	0	0	0	0	0	0	0	0	0	0	0	0	0	0	0	0	0	0	0	0	0	0	0	0	0	0	0	0	0	0	0	0	0	0	0	0	0	0	0	0	0	0	0	0	0	0	0	70933060	0	0	0	0	0	0	0	0	0	0	0	0	0	0	0	247604888	0	0	0	0	0	0	0	0	0	0
2024-04-15	0	0	0	0	0	0	0	0	0	0	0	0	0	0	0	0	0	0	0	0	0	0	0	0	0	0	0	0	0	0	0	0	0	0	0	0	0	0	0	0	0	0	0	0	0	0	0	0	0	28297191	0	0	0	0	0	0	0	0	0	0	0	0	0	0	0	0	0	47582552	0	0	0	0	0	0	0	0	0	0	0	0	0	0	0	0	0	0	0	0	0	0	0	0	0	0	0	0	0	0	0	0	0	0	0	0	0	0	0	0	0	0	0	0	0	0	0	0	0	0	0	0	0	99067593	0	0	0	0	40681132	0	0	0	47565254	0	0	0	0	0	0	0	0	0	0	0	0	0	0	0	0	0	0	0	0	0	0	0	0	0	0	0	0	0	0	0	0	0	0	0	0	0	0	26857857	0	0	0	9033344	0	16339780	23294602	0	0	4710400	4915200	0	26058783	35302228	0	9216000	18454144	0	32445214	21517370	0	0	0	0	0	28392730	45838802	0	0	0	0	0	4446388	0	0	0	0	0	0	0	0	0	62386104	0	0	0	0	0	0	0	0	0	0	0	0	0	0	0	0	0	0	0	0	0	0	0	0	0	0	0	0	0	0	0	0	0	0	0	0	0	0	0	0	0	0	0	0	0	0	0	0	0	161231352	0	0	0	0	0	0	0	0	0	0	0	0	0	0	0	0	0	0	0	0	0	0	0	0	0	0	0	0	0	0	0	0	0	0	0	0	0	0	0	0	0	0	0	0	0	0	0	0	0	0	0	0	0	0	0
2024-04-22	36238321	62256624	35921148	46046090	21768332	58959976	60135075	39468849	46403038	96245319	25423441	8396112	43266178	38421750	55213216	43300782	43903682	21978547	24992515	48589254	42072600	41979372	38907134	10925784	69323977	27101772	60064709	67389464	22953845	28498559	44858676	20226425	0	42434858	20119958	0	20535662	0	35037986	41099900	0	19984982	20678326	37879118	19575717	21656105	22960495	43077846	19765787	0	0	121447724	0	57896888	54522462	58230538	57057792	54116273	55828827	0	0	59778219	52889779	59862035	0	0	0	54403376	56099384	0	0	0	19094916	61469688	56004983	60228643	0	53870861	0	56395441	64059296	93560702	23922230	81700277	107338626	0	56538420	0	135667881	60253698	0	58428101	57075433	49392978	14576843	54035733	52047410	52230164	47877468	46396783	0	47848508	48471264	20970532	48028948	47800017	47531070	47593850	0	49904589	47531448	47650014	13504474	47116230	0	47440352	47215852	48555937	46844967	50571492	0	16420393	47801708	20263642	48706244	0	49724563	48688550	46471068	0	46409927	0	46325259	32850180	0	18930448	0	0	0	0	0	0	0	0	0	0	0	0	0	0	0	0	84585048	0	0	0	0	0	0	0	0	0	0	0	0	0	0	0	0	0	0	0	0	0	0	0	0	0	0	0	0	0	0	0	0	0	0	0	0	0	0	0	0	0	0	0	0	0	0	0	0	0	0	0	0	0	0	0	0	0	0	0	0	0	0	0	0	0	0	0	0	0	0	0	0	0	0	0	0	0	0	0	0	0	0	0	0	0	0	0	0	0	0	0	0	0	0	60745800	0	0	0	0	0	0	0	182534716	0	0	0	0	0	0	0	0	0	0	0	0	0	0	0	0	0	0	0	0	471090306	0	0	0	0	0	0	0	0	0	0	0	0	0	0	0	0	0	0	0	0	0	0	0	0	0	0	0	0	0	0	0	0	0	0	0	0	0	0	0	0	0
2024-04-29	0	0	19179196	0	0	0	0	0	0	0	0	0	0	63377620	0	0	0	0	0	0	0	0	0	0	0	0	0	0	0	0	30408354	28182609	20215297	11166620	21451158	3891200	28184646	31994249	9431528	28174314	25029496	19370582	18015926	10408076	20599717	25438509	0	18364523	27193587	0	6702764	31776698	48836021	23724032	45659122	36898674	44750148	43326721	44519955	14681720	204790663	43001003	20627860	32719728	43750433	24044546	34814687	54895952	45308176	42358352	19714781	48751445	19619204	1835008	48006031	49416262	3318200	43202445	24491904	21813837	45316000	0	5773668	67623989	59196866	55558316	0	110528488	17522000	0	0	0	0	0	21020775	0	0	0	0	0	40891937	0	0	0	81685372	0	0	0	0	0	0	0	0	0	0	0	0	0	0	0	0	0	0	0	0	0	0	0	0	0	0	0	0	0	0	0	0	0	0	0	0	0	0	0	0	0	0	0	0	0	0	0	0	0	0	0	0	0	0	0	0	0	0	0	0	0	0	0	0	0	0	0	0	0	0	0	0	0	0	0	0	0	0	0	0	0	0	0	0	0	0	0	0	0	0	0	0	0	0	0	70002632	0	0	0	0	0	0	0	0	0	0	0	0	0	0	0	0	0	0	0	0	0	0	0	0	0	0	0	0	0	0	25019228	0	0	0	0	0	0	0	0	0	0	0	0	0	0	0	0	0	0	0	0	0	0	0	0	0	0	0	0	0	0	0	0	0	0	0	0	0	0	0	0	0	0	0	0	0	0	0	0	0	0	0	0	0	0	0	0	0	0	0	0	0	0	0	0	0	0	0	0	0	0	0	95387234	0	0	0	0	0	0	0	0	0	0	0	0	0	0
2024-05-06	29377521	37080116	19291774	19246899	20334732	19233616	17204577	23010233	19610195	17872149	19118861	18263413	19738689	19210875	18267872	17196335	19130477	20135347	18393939	21142337	17910590	18290528	19146367	18824833	20546319	19632968	20330281	20680840	21315445	20079615	22429338	20226425	20010497	21217429	20119958	20788733	20535662	18296857	17518993	20549950	18597896	19984982	20678326	18939559	19575717	21656105	22960495	0	0	14517709	0	0	59378201	0	54522462	0	0	0	55828827	58067007	0	59778219	0	0	56172589	0	0	0	56099384	0	0	58426057	0	0	0	60228643	0	53870861	0	0	64059296	22099584	23922230	81700277	0	93176637	21362852	7034584	0	102157316	37964369	24510464	69789417	30586506	0	34899221	6968220	35059732	79108792	54523247	0	60036424	26370188	49355616	30989588	70172066	7602176	83394408	78552910	8388608	29836728	165025436	34101616	85538404	83014402	28711836	54686956	62928897	8650752	64126556	164528442	16420393	77515480	20919002	15618972	53396124	7167312	79944524	44141332	109161324	23341255	53262030	79926474	47508526	86241108	19063176	149952719	36798950	81618842	84654256	83350256	22505868	44727156	159696248	93192502	75581822	37769840	78118940	75330266	81462684	31323432	77922252	47218640	73936550	42096176	67246168	66655850	68644302	38659339	84147450	29515908	14565428	82588956	0	6304580	42919118	67173570	42031038	14762864	63255697	62952714	13457112	40159770	18258974	19903406	57811380	42698004	38608015	25086755	54482046	26626056	50047274	29293187	29478544	29879252	66952260	9043968	88955640	26257119	45654664	48634391	47350872	26162952	22623992	48018326	42488572	139695306	47319930	26345472	27806745	58983396	40132946	26394066	80342338	52383910	26026955	5508212	33307422	27262642	64523295	3318200	38662462	31765978	47477300	57532998	40245411	28441259	52046844	28084042	65420214	57750128	0	138602068	48152076	6968220	28352594	62503599	19817635	71770132	121037864	45584432	638544884	148753478	0	76341728	26220772	26173645	19933616	111494312	21530140	45732826	0	19198643	21671733	56576416	38999204	0	0	58735736	17807575	36451994	20686140	0	0	0	25135752	49754764	38297814	40052808	42607585	37538575	31067038	46572308	21085473	0	57261897	52734345	20729487	21078006	21416717	0	48023192	69497161	58879889	0	103377328	29215674	44091070	80193997	68592919	57185952	52166154	60248229	49232050	61317248	55571228	47056233	60780725	59750163	48792199	27437027	47516624	25346065	29399252	34973828	18382828	53423020	0	0	0	0	0	0	0	0	0	0	0	0	0	0	0	25844374	11620448	0	0	100808810	0
2024-05-13	29377521	37080116	31038202	19246899	20334732	19233616	17204577	23010233	19610195	17872149	19118861	18263413	19738689	19210875	18267872	17196335	19130477	20135347	18393939	21142337	17910590	18290528	19146367	18824833	20546319	19632968	20330281	20680840	21315445	20079615	22429338	20226425	106011172	21217429	20119958	20788733	20535662	18296857	17518993	20549950	90700056	19984982	20678326	18939559	19575717	21656105	22960495	21538923	19765787	14517709	20782048	60723862	59378201	57896888	54522462	58230538	57057792	54116273	55828827	58067007	52658039	59778219	52889779	59862035	56172589	552351288	54344415	54403376	56099384	55135512	11362853	58426057	19094916	61469688	56004983	60228643	16946776	53870861	60536704	56395441	64059296	59316878	23922230	81700277	107338626	59048361	56538420	46358137	54697545	60253698	57100881	58428101	57075433	49392978	14576843	54035733	52047410	52230164	47877468	46396783	49051769	47848508	0	144085640	0	0	0	47593850	47337383	0	0	47650014	0	0	46083191	0	0	48555937	0	50571492	0	16420393	0	0	48706244	0	0	0	46471068	0	0	0	46325259	0	0	0	16255391	0	0	47365182	45921782	0	0	0	0	47172557	0	0	0	49173128	0	0	0	46225170	0	48001260	0	0	47016607	103683725	14364738	0	46066248	16534559	0	0	0	0	46514855	0	48309330	0	0	0	0	0	0	171203454	20247151	0	22076748	0	0	0	22446484	0	30289300	0	0	18752570	0	20849998	0	0	19870521	0	0	0	0	0	33751538	0	0	33275937	0	19131723	0	0	20498482	0	0	0	28658462	60299296	25384419	84587174	0	22932528	21470897	30046439	27551158	112757484	86634126	20628422	79746573	0	0	27449495	26836378	68993900	23709720	74619631	81479591	73293294	69904420	0	48415130	26105468	73336596	48628232	22407661	29363581	44292090	49229990	0	77605192	26219108	23863582	140540144	37058598	23997090	41372280	47508378	85018842	43543152	57987944	0	57578522	61362648	45358696	75077150	62265148	59075732	28174829	86412265	56213321	112445190	27896799	42287084	55183762	99045474	146166728	69497161	106578666	140676556	41861524	65247092	139890166	170755806	125085566	63626572	52166154	100573514	98726244	86458624	111142456	55077997	60780725	37954328	146114453	60755486	100504866	26656785	70707910	62675808	244586535	110431894	31986412	48654541	78042482	110854315	111948456	23180734	48652806	110481540	29630805	104560026	78888998	85060770	43387648	27087243	23879048	70739148	0	34888454	82115250	33883197	28892742
2024-05-20	29377521	37080116	19291774	19246899	20334732	19233616	34409154	23010233	71354565	17872149	19118861	18263413	19738689	38421750	18267872	34392670	19130477	20135347	18393939	42284674	17910590	18290528	19146367	18824833	20546319	39265936	20330281	20680840	21315445	20079615	22429338	20226425	20010497	21217429	20119958	20788733	20535662	36593714	17518993	20549950	18597896	19984982	20678326	18939559	19575717	43312210	22960495	21538923	19765787	14517709	20782048	60723862	59378201	57896888	54522462	116461076	57057792	54116273	55828827	58067007	52658039	59778219	52889779	59862035	56172589	34923522	54344415	54403376	56099384	55135512	22725706	116852114	19094916	61469688	56004983	60228643	16946776	53870861	60536704	56395441	128118592	59316878	23922230	81700277	107338626	59048361	56538420	46358137	54697545	60253698	57100881	58428101	0	49392978	14576843	54035733	52047410	52230164	47877468	133776285	49051769	47848508	48471264	20970532	48028948	47800017	47531070	47593850	47337383	0	47531448	47650014	13504474	47116230	46083191	47440352	47215852	48555937	46844967	50571492	43962439	16420393	47801708	20263642	56537196	0	49724563	48688550	46471068	47804308	46409927	46957450	46325259	47508526	49483404	0	16255391	47150450	47276785	47365182	45921782	17926752	46728956	20064793	50845389	0	15239868	48556456	47058433	49173128	21669064	47013836	47218640	46225170	16975810	48001260	50393110	47283994	47016607	0	14364738	47504236	46066248	16534559	47238644	51687818	45447973	17174687	46514855	47905493	48309330	47684214	49970422	62221018	17121912	28402226	21349002	36510863	20247151	24477809	22076748	21706265	20543075	26900408	22446484	29958010	30289300	41652382	19089807	0	33410291	20849998	26556168	21182200	19870521	21834110	39467858	19420949	49321222	20850117	33751538	19475821	24165842	33275937	28158035	0	21036319	25682186	20498482	43289631	20001314	18675871	28658462	0	25384419	40245411	23316327	22932528	21470897	30046439	27551158	78119306	86634126	20628422	79746573	21654798	74869327	19817635	26836378	68993900	23709720	74619631	81479591	65661434	69904420	19252552	26173645	19933616	73336596	21530140	22407661	0	19198643	21671733	24575136	38999204	24384100	19886710	58735736	25704891	23997090	20686140	20765325	42397455	37105844	25135752	21102086	0	40052808	42607585	37538575	31067038	59075732	21085473	61508585	0	52734345	20729487	21078006	0	0	48023192	69497161	0	79245440	58914276	29215674	0	80193997	0	57185952	108158112	608904277	0	61317248	55571228	47056233	93460458	0	0	27437027	59427473	130876515	122053472	60353068	93760065	61958765	0	105416543	6968220	94470315	66328916	52929848	24326403	74341678	33429989	0	523777136	76803234	21104000	0	78661792	35369574	0	40604038	54820185	0	82221778
2024-05-27	29377521	37080116	38583548	19246899	0	19233616	0	0	19610195	0	0	0	19738689	19210875	18267872	0	19130477	20135347	18393939	21142337	0	18290528	19146367	101391640	0	19632968	0	20680840	0	20079615	0	20226425	20010497	0	20119958	0	20535662	18296857	17518993	0	0	19984982	20678326	18939559	19575717	0	22960495	21538923	0	0	20782048	0	59378201	0	0	58230538	0	54116273	0	58067007	11480972	59778219	52889779	0	56172589	0	54344415	0	0	55135512	0	58426057	19094916	0	0	0	16946776	0	0	56395441	64059296	0	23922230	0	107338626	0	0	184434392	0	60253698	0	62267926	0	0	0	0	0	0	47877468	46396783	53642840	47848508	0	0	48028948	0	0	0	47337383	0	47531448	0	13504474	0	0	47440352	201344920	0	0	50571492	43962439	0	0	20263642	48706244	0	49724563	0	0	47804308	0	0	46325259	79367466	57314356	0	16255391	0	47276785	0	0	17926752	46728956	20064793	50845389	0	15239868	0	0	49173128	21669064	47013836	47218640	46225170	0	48001260	0	47283994	0	46717735	14364738	47504236	46066248	16534559	47238644	51687818	0	17174687	46514855	47905493	0	47684214	0	18258974	19903406	28402226	21349002	36510863	20247151	24477809	22076748	21706265	20543075	26900408	22446484	29958010	30289300	0	19089807	12277340	33410291	20849998	0	21182200	19870521	21834110	39467858	0	49321222	20850117	0	19475821	24165842	33275937	28158035	0	21036319	25682186	20498482	43289631	20001314	0	0	60299296	25384419	40245411	23316327	22932528	0	0	27551158	78119306	0	0	0	0	74869327	19817635	26836378	68993900	23709720	74619631	81479591	65661434	69904420	0	26173645	0	0	0	0	26853465	0	21671733	0	0	24384100	19886710	58735736	17807575	23997090	0	20765325	0	37105844	0	21102086	38297814	0	0	37538575	31067038	59075732	0	61508585	57261897	46975526	20729487	21078006	0	58650581	0	69497161	0	79245440	0	29215674	0	80193997	68592919	57185952	52166154	60248229	49232050	0	55571228	0	60780725	59750163	48792199	0	59427473	25346065	0	60353068	93760065	0	99701471	32582613	78042482	0	66328916	23180734	0	74341678	29630805	61848269	50104742	42530385	21104000	21975559	23879048	170239382	25517492	133307178	0	25677245	28892742
2024-06-03	129057420	37080116	0	0	20334732	0	17204577	23010233	19610195	17872149	0	18263413	19738689	19210875	26032460	17196335	248077921	20135347	0	21142337	17910590	0	19146367	18824833	20546319	19632968	0	20680840	21315445	58637099	22429338	0	20010497	21217429	0	20788733	20535662	18296857	0	20549950	18597896	0	20678326	18939559	19575717	33535261	7764588	21538923	19765787	14517709	20782048	60723862	0	57896888	54522462	58230538	57057792	54116273	0	58067007	52658039	59778219	52889779	59862035	56172589	0	54344415	54403376	56099384	0	11362853	58426057	19094916	0	56004983	60228643	0	53870861	60536704	56395441	64059296	0	23922230	81700277	107338626	59048361	0	0	0	0	57100881	58428101	0	177944320	14576843	54035733	0	0	47877468	46396783	49051769	47848508	0	20970532	0	47800017	47531070	0	0	0	47531448	47650014	13504474	12078248	46083191	0	47215852	0	46844967	0	132291359	0	47801708	20263642	7830952	47235740	0	48688550	46471068	47804308	0	0	46325259	47508526	49483404	18930448	16255391	47150450	0	0	45921782	17926752	46728956	0	50845389	47172557	15239868	56452944	0	49173128	0	0	0	46225170	16975810	67114092	0	131011970	47016607	46717735	0	47504236	46066248	0	11613700	59518770	0	36619339	46514855	0	0	47684214	49970422	18258974	0	28402226	21349002	0	0	24477809	0	21706265	20543075	26900408	0	0	30289300	54327906	19089807	18752570	33410291	0	26147416	21182200	0	21834110	0	19420949	49321222	0	0	19475821	24165842	33275937	28158035	19131723	0	25682186	0	51120583	0	0	28658462	60299296	0	0	0	22932528	21470897	30046439	0	78119306	86634126	71360968	79746573	0	0	0	26836378	0	23709720	0	81479591	0	0	19252552	0	0	0	0	0	26853465	0	29502685	24575136	38999204	0	13936440	0	0	0	20686140	0	0	0	80173324	42204172	38297814	40052808	0	0	31067038	0	0	0	0	52734345	20729487	0	21416717	58650581	7830952	0	70626317	0	58914276	0	0	80193997	0	0	52166154	60248229	0	61317248	55571228	0	60780725	59750163	0	27437027	59427473	25346065	70707910	72165860	93760065	0	99701471	32582613	78042482	94470315	66328916	0	24326403	7764588	29630805	61848269	0	42530385	21104000	21975559	23879048	35369574	25517492	44444870	54820185	25677245	0
2024-06-10	0	37080116	7764588	0	0	0	0	0	0	0	0	0	0	0	0	0	0	0	0	0	0	0	0	0	0	0	0	0	0	11945520	0	0	208118668	0	0	0	0	0	0	0	0	0	0	0	80927343	0	0	0	0	0	0	0	0	0	0	0	0	0	0	0	0	0	0	12609160	0	9954600	0	0	0	0	0	0	0	0	0	0	0	0	0	0	0	0	0	0	0	0	0	0	0	0	7830952	0	21435572	0	0	0	0	0	0	0	0	0	0	7830952	7896488	0	0	0	0	0	0	7830952	0	0	0	0	0	0	0	0	0	0	0	0	0	0	7830952	0	0	0	0	0	0	0	0	0	0	0	0	9954600	0	0	0	0	0	0	0	0	0	0	0	0	0	0	0	0	0	0	0	0	0	0	0	0	0	0	0	0	0	0	0	0	0	0	0	0	0	0	0	0	122492880	0	0	0	0	0	0	0	0	0	22630124	0	0	0	0	0	0	0	0	0	0	0	0	0	0	0	0	0	0	0	0	0	0	0	0	0	0	7830952	0	0	19975564	0	0	0	0	0	0	0	0	0	0	0	0	0	0	0	0	7830952	0	0	0	0	0	0	0	0	0	0	0	0	0	0	0	0	0	0	0	0	0	0	0	0	0	0	0	0	0	0	0	0	0	0	0	0	0	0	0	0	0	0	0	0	0	0	0	0	0	0	0	0	0	0	0	0	9490052	0	0	0	0	0	24023768	0	0	0	0	0	0	0	0	0	0	0	0	0	0	0	0	0
2024-06-17	29377521	37080116	45219948	26016027	26705676	19233616	23641885	12476432	10087328	0	19118861	0	19738689	19210875	18267872	17196335	19130477	0	0	21142337	35821180	0	0	18824833	20546319	58898904	0	0	21315445	40159230	0	0	0	0	40239916	0	0	0	0	0	0	0	20678326	18939559	0	0	0	0	0	0	0	60723862	0	0	0	0	0	0	0	0	0	0	0	0	0	0	0	0	0	0	0	0	0	0	0	7764588	0	0	0	0	0	0	0	0	0	0	0	0	0	0	0	0	0	0	14576843	0	0	0	0	0	0	0	0	0	0	0	7830952	0	0	0	0	0	0	0	0	0	0	0	0	0	0	0	0	0	0	0	0	0	0	0	0	0	0	0	0	0	0	0	0	0	0	0	46728956	0	0	0	15239868	0	0	0	0	0	0	0	0	0	50393110	0	0	0	14364738	0	0	0	0	0	0	0	0	0	0	47684214	0	0	0	0	0	0	0	0	0	0	0	0	0	0	0	0	0	0	0	0	0	0	0	0	0	0	0	0	0	0	0	0	0	0	0	0	0	0	0	0	0	0	0	0	0	0	0	0	0	0	0	0	0	0	0	0	0	0	0	0	0	0	0	0	0	0	0	0	0	0	0	0	0	0	0	0	0	0	0	0	0	0	0	0	0	0	0	0	0	0	0	0	0	0	0	0	0	0	0	0	0	0	0	0	0	0	0	0	0	0	0	0	0	0	0	0	0	0	0	0	0	0	0	0	0	0	0	0	0	0	0	13870076	0	0	0	0	0	0	0	0	0	0	0	0	0	0
2024-06-24	58755042	37080116	38583548	19246899	40669464	19233616	7034584	46020466	39220390	17872149	19118861	18263413	19738689	19210875	18267872	17196335	19130477	20135347	18393939	21142337	17910590	18290528	19146367	18824833	0	19632968	20330281	20680840	0	20079615	22429338	20226425	20010497	21217429	20119958	20788733	0	0	17518993	20549950	18597896	0	20678326	18939559	19575717	21656105	0	21538923	19765787	14517709	20782048	60723862	0	57896888	54522462	58230538	57057792	54116273	0	58067007	52658039	59778219	52889779	59862035	56172589	34923522	54344415	7764588	56099384	55135512	11362853	58426057	19094916	0	56004983	60228643	16946776	53870861	60536704	56395441	64059296	59316878	23922230	81700277	107338626	59048361	56538420	46358137	54697545	60253698	57100881	58428101	57075433	49392978	14576843	54035733	52047410	52230164	47877468	46396783	49051769	47848508	48471264	20970532	48028948	47800017	47531070	47593850	47337383	49904589	47531448	47650014	13504474	47116230	46083191	47440352	47215852	48555937	46844967	50571492	43962439	16420393	47801708	0	48706244	47235740	0	48688550	46471068	47804308	46409927	46957450	0	47508526	49483404	18930448	16255391	47150450	47276785	47365182	45921782	0	46728956	0	50845389	47172557	0	48556456	47058433	0	21669064	0	0	46225170	16975810	48001260	50393110	47283994	47016607	0	0	0	46066248	16534559	47238644	51687818	45447973	17174687	0	47905493	48309330	47684214	49970422	18258974	0	28402226	21349002	0	20247151	0	22076748	21706265	20543075	26900408	22446484	59916020	30289300	41652382	19089807	18752570	33410291	20849998	26556168	0	19870521	0	39467858	19420949	49321222	0	33751538	38951642	0	33275937	0	0	21036319	25682186	20498482	43289631	20001314	0	0	0	0	0	0	0	0	30046439	0	78119306	0	20628422	79746573	0	0	19817635	0	0	0	0	81479591	0	0	0	0	0	0	0	0	0	0	0	0	0	0	0	0	0	0	0	0	0	0	0	0	0	0	0	0	0	0	0	0	0	0	0	0	0	0	0	0	0	0	0	0	0	0	0	0	0	0	0	0	0	0	0	0	0	0	0	0	0	0	0	0	0	0	0	0	0	0	0	0	0	0	0	0	0	0	0	0	0	0	0	0	0
2024-07-01	88132563	74160232	38583548	57740697	40669464	57700848	51613731	92040932	39220390	53616447	57356583	54790239	19738689	57632625	36535744	68785340	57391431	60406041	36787878	63427011	35821180	18290528	19146367	56474499	61638957	39265936	40660562	82723360	106577225	40159230	44858676	40452850	40020994	42434858	40239916	83154932	82142648	18296857	17518993	20549950	74391584	19984982	82713304	37879118	39151434	64968315	68881485	64616769	77082913	58070836	20782048	121447724	59378201	57896888	109044924	116461076	114115584	162348819	111657654	174201021	52658039	59778219	105779558	119724070	168517767	69847044	108688830	108806752	56099384	165406536	22725706	116852114	38189832	184409064	112009966	180685929	33893552	53870861	181610112	112790882	128118592	118633756	71766690	81700277	314901752	177145083	169615260	92716274	54697545	60253698	114201762	175284303	114150866	148178934	29153686	108071466	104094820	156690492	95754936	139190349	98103538	191394032	48471264	41941064	48028948	95600034	95062140	47593850	94674766	149713767	142594344	142950042	13504474	94232460	92166382	94880704	141647556	97111874	187379868	151714476	43962439	32840786	47801708	40527284	194824976	141707220	120088330	48688550	92942136	143412924	92819854	93914900	92650518	95017052	98966808	37860896	48766173	141451350	47276785	47365182	137765346	35853504	140186868	20064793	101690778	141517671	45719604	97112912	64843985	98346256	43338128	47013836	47218640	92450340	50927430	96002520	100786220	94567988	141049821	46717735	43094214	112794024	46066248	49603677	94477288	51687818	111734242	51524061	139544565	47905493	48309330	116073996	99940844	18258974	39806812	56804452	42698004	73021726	20247151	48955618	66230244	21706265	61629225	53800816	43284780	89874030	90867900	83304764	19089807	56257710	66820582	20849998	26556168	21182200	39741042	43668220	78935716	58262847	98642444	41700234	67503076	38951642	48331684	99827811	56316070	38263446	42072638	51364372	40996964	104165722	60003942	56027613	57316924	120598592	50768838	160981644	61232734	45865056	64412691	90139317	27551158	0	259902378	41256844	239239719	64964394	149738654	19817635	107345512	137987800	23709720	95457927	162959182	131322868	209713260	57757656	98761955	59800848	220009788	82375972	67222983	80560395	57595929	84924399	49150272	38999204	97536400	59018980	176207208	35615150	71991270	41372280	41530650	127192365	74211688	50271504	63306258	76595628	0	85215170	150154300	62134076	118151464	63256419	61508585	114523794	158203035	20729487	84312024	42833434	175951743	192092768	138994322	58879889	158490880	176742828	58431348	44091070	240581991	205778757	114371904	156498462	180744687	165481702	61317248	222284912	94112466	121561450	119500326	97584398	54874054	118854946	50692130	70707910	120706136	187520130	123917530	199402942	32582613	78042482	283410945	198986748	69542202	72979209	148683356	29630805	144866654	100209484	127591155	84083932	65926677	71637144	70739148	51034984	104665362	54820185	77031735	78092868
2024-07-08	90178131	113075356	19291774	9423688	28218800	25931412	29261297	46544754	47305206	25160597	33499977	37893909	25127421	28561575	8229136	24290659	10286420	20004275	19049299	11547336	18041662	25054688	12675524	27832121	31620827	0	29075425	21860488	20660085	1310720	0	0	0	0	0	0	0	0	0	0	0	0	0	0	0	0	0	0	15529176	0	0	0	0	0	0	0	0	0	0	0	6370944	0	12343704	0	0	0	0	0	8560956	0	10352784	0	0	0	0	0	0	107741722	12741888	6370944	128118592	0	0	0	0	0	0	0	0	0	0	0	0	12343704	0	0	0	0	0	0	6370944	0	13737348	13802884	6304580	0	0	0	0	0	0	0	0	0	0	0	0	0	6370944	0	0	0	0	7830952	0	0	0	0	0	0	0	0	0	0	0	0	0	0	0	6370944	12144612	0	0	6370944	0	0	10485512	0	0	0	0	0	0	0	9888236	0	0	0	0	0	0	0	0	0	0	0	0	0	0	0	0	0	0	0	0	0	0	7830952	0	0	0	0	10087328	0	0	0	0	0	12741888	0	0	0	0	0	0	6370944	6370944	0	0	0	0	0	11879156	0	0	0	0	6304580	0	9954600	0	0	9490052	0	0	0	0	0	0	0	9556416	0	12476432	0	0	0	0	0	0	0	0	0	0	6437308	0	0	0	0	0	0	0	0	0	0	0	8826412	0	0	12476432	0	0	0	0	0	0	0	7830952	0	0	0	0	0	0	0	0	0	0	0	0	6370944	0	9689144	0	0	10020964	0	6370944	0	0	9357324	0	0	0	0	0	0	0	0	0	0	0	6370944	0	0	0	0	0	0	0	0	6370944	0	0	0	0	0	0	0	10153692	0	0	0	0	0	0	10087328	0	0
2024-07-15	0	0	0	0	0	0	0	0	0	0	0	0	0	0	0	0	0	0	0	0	0	0	0	0	0	0	0	0	0	0	8212576	6370944	6702764	27857141	28468574	28077181	29013694	19607577	6968220	50029232	7366404	6769128	5773668	29481499	26930529	8205952	24140143	29822831	6901856	14779853	28740760	8287220	23877437	14774200	19819900	39880458	44816512	43127629	20737404	20985472	6636400	23279232	27795172	23506819	42290425	40901250	29569032	35791152	38273592	5441848	18852049	33414365	6304580	11281880	37785975	31609987	17995352	40946069	42710912	43497145	25253592	45174226	31341750	42229900	94582994	40960425	21097396	35629981	42789741	41903618	41216205	45181425	30076133	36202730	20423499	16505012	38724434	40966128	31231324	32202795	39431929	5773668	9568256	22412324	37380280	40984273	9194912	7340032	13968152	0	33818568	31134942	14159834	26325462	35006655	38822596	22050028	32040865	30329895	15545984	34742439	31538137	36881084	7623580	14490784	31394120	43758055	7233676	7366404	37338296	13321072	38666546	35525771	14898904	28765916	12277340	0	37728046	29137265	30719038	30062070	0	13326040	21506585	25417421	37617425	16026300	38400736	28470925	663640	21931208	31837512	40790896	37076502	24788546	13717600	6901856	9043968	5110028	36633347	5441848	37043192	21686856	40535130	28413956	43051846	0	11812792	3052744	36503761	60509028	36549594	33324278	24427514	28115982	29581874	25198114	21029480	20640367	25727009	25315336	22099481	0	10356344	28752720	35202422	39037756	5640940	24188243	4446388	0	24244498	34098480	0	21312313	0	56653476	132728	0	0	29744610	0	32871118	0	0	0	0	0	27065206	13140072	0	0	0	0	20272611	0	0	0	0	0	35032074	0	9290960	0	0	0	0	0	0	0	0	0	0	0	0	0	0	0	0	0	0	0	0	0	0	0	0	0	0	0	0	0	0	0	0	0	0	0	0	0	0	0	0	0	0	0	0	0	0	0	0	0	0	0	0	0	0	0	0	0	0	0	0	0	0	0	0	0	0	0	0	0	0	0	0	0	0	0	0	0	13936440	0	0	0	0	0	0	0	0	0	0	0	0	0	0	0	0	0
2024-07-22	10020964	10087328	11746428	13936440	0	14069168	11547336	11281880	12277340	9755508	0	7233676	6570036	0	24156496	0	8892776	2190012	11878328	7830952	10153692	19909200	11746428	11149152	10551876	10684604	11547336	0	12410068	0	13737348	8892776	14201896	0	12277340	12609160	11945520	10087328	11746428	9622780	0	0	11547336	0	10020964	9954600	12741888	0	12741888	0	0	0	0	0	0	9622780	0	10419148	13272800	11746428	0	0	0	0	10020964	13140072	0	11812792	13803712	12011884	0	0	9954600	12277340	14069168	0	7366404	0	12675524	0	0	12277340	7432768	10286420	0	10087328	12144612	7100948	12144612	10020964	18581920	12476432	6769128	11215516	11945520	4446388	23492856	6105488	0	11214688	12609160	10020964	10020964	12011884	0	10020964	11613700	12609160	4844572	7764588	11879156	10020964	0	22829216	0	12808252	11746428	7764588	11480972	10153692	10020964	0	0	0	10020964	9755508	0	14600080	10750968	0	11945520	9821872	12144612	0	0	12675524	0	10020964	0	9689144	0	10419148	12741888	10020964	0	0	2787288	10087328	0	12277340	12609160	11547336	10153692	11812792	9954600	0	10020964	10286420	0	0	4446388	10087328	13737348	12078248	0	6835492	0	10286420	13803712	10020964	11547336	10087328	10883696	10087328	12144612	7565496	0	10020964	9158232	0	2190012	12741888	11613700	8826412	10551876	9290960	10020964	12144612	14002804	13670984	10087328	6702764	10020964	34503148	10020964	10283108	11613700	13007344	46918312	19046468	0	30545361	12144612	43145709	39901027	32928811	7366404	44589302	9357324	34764735	41499938	11547336	19842836	47145480	2190012	58809115	41050419	42320752	32663158	50172947	0	48574618	79448102	33031866	36316657	18643316	21523023	36060255	15869400	49654860	8534460	70275667	56081307	2787288	50639888	37474500	23230960	30741012	68954420	15396448	36948001	41574557	14400988	22458165	35347756	44114200	33014732	11741460	23068672	29802899	55334146	13538256	13007344	41409903	50159680	36271656	36417266	42561422	50033904	34021169	39788079	49050026	44647752	32636121	53773433	41030132	82141877	38573123	34671034	20892429	72326533	42365196	23724032	70607977	62500972	22806528	10996676	39702270	59877837	44345144	48668864	35359508	13073708	44428068	35626888	57528792	37171084	53410513	54037271	54104631	36968479	15073280	13388968	47001598	58592332	81321349	61281381	57374512	33572857	43122440	58929683	22192428	12863024	3981840	93952972	36217277	58440025	35727760	51461125	0	40492771	34293228	22393446	43751032	17372712	12675524	6901856	61292716
2024-07-29	0	0	0	0	0	0	0	0	0	0	0	0	0	0	0	0	0	0	0	0	0	0	0	0	0	0	0	0	0	0	0	0	0	0	0	0	0	0	0	0	0	0	0	0	0	0	0	0	0	0	0	0	0	0	0	0	0	0	0	0	0	0	0	0	0	0	0	0	0	0	0	0	0	0	0	0	0	0	0	0	0	0	0	0	0	0	0	0	0	0	0	0	0	0	0	0	0	0	0	0	0	0	0	0	0	0	0	0	0	0	0	0	0	0	0	0	0	0	0	0	0	0	0	0	0	0	0	0	0	0	0	0	0	0	0	0	0	0	0	0	0	0	0	0	0	0	0	0	0	0	0	0	0	0	0	0	0	0	0	0	0	0	0	0	0	0	0	0	0	0	0	0	0	0	0	0	0	0	0	0	0	0	0	0	0	0	0	0	0	0	0	0	0	0	0	0	0	0	0	0	0	0	0	0	28158035	0	0	0	0	0	0	0	0	0	0	0	0	0	0	0	0	0	0	0	0	0	0	0	0	0	0	0	0	0	0	0	0	0	0	0	0	0	0	0	0	0	0	0	0	0	0	0	0	0	0	0	0	0	0	0	0	0	0	0	0	0	0	0	0	0	0	0	0	0	0	0	0	0	0	0	0	0	0	0	0	0	0	0	0	0	0	0	0	0	0	0	0	0	0	0	0	0	0	0	0	0	0	0	0	0	0	0	0	0	0	0	0	0
2024-08-05	29377521	37080116	19291774	0	0	0	0	23010233	19610195	17872149	67842095	28549833	19738689	0	18267872	17196335	0	20135347	18393939	21142337	17910590	18290528	19146367	18824833	20546319	19632968	20330281	20680840	21315445	20079615	0	20226425	20010497	21217429	20119958	20788733	20535662	18296857	17518993	20549950	0	19984982	20678326	0	19575717	21656105	22960495	21538923	19765787	14517709	0	60723862	59378201	57896888	54522462	0	57057792	54116273	55828827	58067007	52658039	59778219	0	59862035	56172589	34923522	54344415	54403376	56099384	0	11362853	58426057	0	69234276	56004983	0	16946776	53870861	60536704	56395441	64059296	0	23922230	81700277	107338626	59048361	0	46358137	0	60253698	57100881	0	57075433	49392978	14576843	54035733	52047410	52230164	0	46396783	49051769	0	48471264	20970532	48028948	47800017	47531070	47593850	47337383	0	47531448	47650014	13504474	47116230	46083191	47440352	47215852	0	46844967	50571492	43962439	16420393	47801708	20263642	48706244	47235740	49724563	48688550	46471068	47804308	46409927	46957450	46325259	47508526	49483404	18930448	16255391	47150450	47276785	47365182	45921782	17926752	46728956	20064793	50845389	47172557	15239868	48556456	47058433	49173128	21669064	47013836	47218640	46225170	16975810	48001260	50393110	47283994	47016607	46717735	14364738	47504236	46066248	16534559	47238644	51687818	45447973	17174687	46514855	47905493	48309330	47684214	49970422	18258974	19903406	28402226	21349002	36510863	20247151	24477809	22076748	21706265	20543075	26900408	22446484	29958010	30289300	41652382	19089807	18752570	33410291	20849998	26556168	21182200	19870521	21834110	39467858	19420949	49321222	20850117	33751538	19475821	24165842	33275937	28158035	19131723	21036319	25682186	20498482	43289631	20001314	18675871	28658462	60299296	25384419	40245411	23316327	22932528	21470897	30046439	27551158	78119306	86634126	20628422	79746573	21654798	74869327	19817635	26836378	68993900	23709720	74619631	81479591	65661434	69904420	19252552	26173645	19933616	73336596	21530140	22407661	26853465	0	21671733	24575136	0	24384100	19886710	58735736	17807575	56913634	20686140	20765325	42397455	37105844	25135752	21102086	38297814	40052808	42607585	37538575	31067038	59075732	21085473	61508585	57261897	52734345	0	21078006	21416717	58650581	0	69497161	58879889	79245440	0	29215674	44091070	80193997	68592919	57185952	52166154	0	49232050	61317248	55571228	47056233	60780725	59750163	48792199	27437027	59427473	25346065	70707910	0	93760065	61958765	99701471	0	78042482	0	66328916	23180734	24326403	74341678	29630805	61848269	0	42530385	0	21975559	23879048	106108722	102069968	104665362	54820185	0	28892742
2024-08-12	0	0	0	0	0	0	0	0	0	0	0	0	0	0	0	0	0	0	0	0	0	0	0	0	0	0	0	0	0	0	0	0	0	0	0	0	0	0	0	0	0	0	0	0	0	0	0	0	0	0	0	0	0	0	0	0	0	0	0	0	0	0	0	0	0	0	0	0	0	0	0	0	0	0	0	0	0	0	0	0	0	0	0	0	0	0	0	0	0	0	0	0	0	0	0	0	0	0	0	0	0	0	0	0	0	0	0	0	0	0	0	0	0	0	0	0	0	0	0	0	0	0	0	0	0	0	0	0	0	0	0	0	0	0	0	0	0	0	0	0	0	0	0	0	0	0	0	0	0	0	0	0	0	0	0	0	0	0	0	0	0	0	0	0	0	0	0	0	0	0	0	0	0	0	0	0	0	0	0	0	0	0	0	0	0	0	0	0	0	0	0	0	0	0	0	0	0	0	0	0	0	0	0	0	0	0	0	0	0	0	0	0	0	0	0	0	0	0	0	0	0	0	0	0	0	0	0	0	0	0	0	0	0	0	0	0	0	0	0	0	0	0	0	0	0	0	0	0	0	0	0	0	0	0	0	0	0	0	0	0	0	0	0	0	0	0	0	0	0	0	0	0	14002804	0	0	0	0	0	0	0	0	0	0	0	0	0	0	0	0	0	0	0	0	0	0	0	0	0	0	0	0	0	0	0	0	0	0	0	0	0	0	0	0	0	0	0	0	0
2024-08-19	0	0	0	0	0	0	0	0	0	0	0	0	0	0	0	0	0	0	0	0	0	0	0	0	0	0	0	0	0	0	0	0	0	0	0	0	0	0	0	0	0	0	0	0	0	0	0	0	0	0	0	0	0	0	0	0	0	0	0	0	0	0	0	0	0	0	0	0	0	0	0	0	0	0	0	0	0	0	0	0	0	0	0	0	0	0	0	0	0	0	0	0	0	0	0	0	0	0	0	0	0	0	0	0	0	0	0	0	0	0	0	0	0	0	0	0	0	0	0	0	0	0	0	0	0	0	0	0	0	0	0	0	0	0	0	0	0	0	0	12078248	0	0	0	0	0	0	0	0	0	0	0	0	0	0	0	0	0	0	9888236	0	0	0	0	0	0	0	0	0	0	0	0	0	0	0	0	0	0	0	0	0	0	0	0	0	0	0	0	0	0	0	0	0	0	0	0	0	0	0	0	0	0	0	0	0	0	0	0	0	0	0	0	0	0	0	0	0	0	0	0	0	0	0	0	0	0	0	0	0	0	0	0	0	0	0	0	0	20639204	0	0	0	0	0	7830952	0	0	0	0	0	0	0	0	0	0	0	0	0	0	0	0	0	0	0	0	0	0	0	0	0	0	0	0	0	0	0	0	0	0	0	0	0	0	0	0	0	0	0	0	0	0	0	0	0	0	0	0	0	0	0	0	0	0	0	0	0	0	0	0	0	0	0	0	0	0	0	0	0	0	0
2024-08-26	26943784	63112164	0	0	7830952	0	7830952	0	0	0	0	18263413	0	0	0	0	0	0	11746428	0	0	0	0	0	0	19632968	0	0	7963680	0	0	0	0	0	0	20788733	0	0	0	0	0	10220056	20041928	9556416	19575717	21656105	0	0	10020964	12542796	0	0	0	0	0	8959140	0	0	0	0	0	0	0	0	12144612	0	0	0	12210976	0	0	0	11879156	0	0	0	0	13737348	0	0	0	0	7897316	0	7963680	0	0	0	0	0	0	7830952	0	0	0	0	0	0	0	0	0	0	14268260	0	0	0	0	29863800	0	0	0	0	10020964	10551876	0	0	0	0	0	0	0	0	0	0	0	0	0	0	0	0	0	0	0	47508526	0	0	0	0	0	0	0	0	0	0	0	0	0	0	0	0	0	7830952	0	46225170	0	10020964	0	47283994	0	0	8892776	0	0	0	47238644	0	10020964	0	0	6304580	13140072	0	0	0	0	7830952	0	0	7830952	10020964	0	0	0	26900408	0	0	0	0	0	0	0	0	0	0	0	10020964	0	0	0	14998264	0	0	6702764	0	0	0	0	0	0	0	0	0	0	0	0	0	12144612	0	0	0	0	7830952	86634126	0	0	0	0	0	0	0	23709720	0	0	0	0	0	0	0	0	12609160	9556416	0	0	7764588	0	0	7830952	0	0	0	45897210	0	10087328	2720924	11680064	0	9622780	9954600	0	0	0	0	7764588	0	0	0	10352784	13007344	10551876	0	58650581	10020964	0	0	0	0	0	7830952	0	11680064	0	0	0	0	0	9888236	0	0	0	0	27437027	12542796	0	9622780	0	0	0	0	0	0	0	10020964	0	0	0	0	0	9888236	0	0	0	0	0	25517492	0	0	0	0
2024-09-02	0	0	0	0	20334732	0	0	0	0	0	38237722	73053652	0	0	12210976	0	0	0	0	0	17910590	0	0	0	0	58898904	0	0	0	0	46316494	0	0	0	0	0	0	0	0	0	0	0	0	0	19575717	43312210	0	0	0	0	0	0	0	0	0	0	0	0	0	0	0	0	70143923	0	0	0	0	0	0	0	0	0	0	149882664	0	180685929	0	0	0	0	0	0	0	0	107338626	0	0	0	0	0	0	0	0	0	0	0	0	0	0	0	0	0	0	0	0	62532329	0	0	0	0	0	26678494	13504474	0	0	0	0	76140354	0	0	0	0	0	0	27734724	0	0	0	0	0	0	0	0	95017052	0	0	0	0	0	100152506	0	0	0	40129586	50845389	0	0	0	0	0	0	0	0	92450340	0	0	29421590	73596468	0	0	0	74036952	0	0	69735544	0	0	0	0	0	27337810	0	0	0	39806812	0	0	52050206	0	0	0	0	0	107601632	23921448	29958010	69896380	0	0	0	11680064	20849998	0	21392880	0	0	0	0	0	0	54428044	0	0	0	0	0	0	0	0	0	0	18675871	0	0	0	0	0	0	0	0	34130796	0	346536504	0	117839013	0	0	0	0	0	47419440	0	0	262645736	0	0	0	0	0	0	23843802	0	57595929	0	49150272	0	0	0	0	0	27022660	0	0	0	0	0	0	0	0	0	0	0	38104212	0	40537065	147118257	0	0	0	0	76369273	0	0	0	0	117828552	0	0	79106880	119057016	0	0	0	49232050	0	0	0	0	0	0	0	0	13737348	0	0	90109053	0	0	0	0	0	0	25389948	0	0	0	0	0	0	21236480	43951118	0	0	25517492	0	0	0	0
2024-09-09	100785047	0	19291774	0	0	0	0	0	0	0	0	0	0	0	0	0	0	0	0	0	0	18290528	0	0	0	10352784	0	0	0	0	0	20226425	0	0	0	20788733	0	0	17518993	0	0	0	20678326	0	0	0	0	0	0	0	0	0	76366889	0	0	0	0	0	0	0	0	78625099	0	0	0	34923522	0	0	0	0	0	0	0	0	0	0	0	0	0	50089869	83768908	76504658	2950710	0	0	0	0	0	72482601	0	0	0	0	0	0	0	0	59595368	0	0	0	0	0	0	0	0	0	0	63861523	0	32784312	0	0	0	0	58799000	0	0	0	0	0	0	0	0	0	0	0	0	62331568	0	0	0	0	0	0	0	0	70974630	0	0	0	0	0	0	0	44118821	0	0	0	58533544	0	0	0	0	0	0	0	0	0	0	0	0	60732196	0	0	30716298	62943599	0	0	0	0	47684214	0	0	0	0	0	0	0	0	0	0	45900585	0	0	0	0	0	19089807	0	0	0	26556168	0	0	0	0	38841898	0	0	0	0	0	0	0	0	0	0	20498482	0	0	0	0	0	4412899	0	25661134	0	21470897	0	0	99488018	0	0	0	22338076	11812792	0	0	0	0	0	0	0	0	0	0	0	0	0	0	32735410	0	0	0	0	0	19886710	0	0	0	0	0	21425935	0	0	0	0	0	0	0	0	0	21199426	0	0	0	7830952	0	0	0	9357324	86884033	56821613	0	0	0	0	0	0	36214432	10223114	0	0	72735440	0	38424756	0	0	0	0	0	0	0	95486328	0	0	0	0	0	0	0	0	27681286	0	0	58794533	0	0	0	0	0	0	0	0	0	0	36813964
2024-09-16	66838202	119446300	19291774	26337911	27302952	46558672	63803179	33346457	47106114	17872149	6702764	26028001	40263810	44726330	44421468	17196335	19130477	60274969	43814182	0	42721380	24727836	46249790	39091458	49048038	46423312	48742066	47865352	49861254	21390335	53671840	47747922	67258543	51120262	48190348	48932278	6304580	45403566	28790937	51240344	44953756	19984982	28442914	47302806	6304580	51387090	32510287	38594471	30379059	36199418	41957312	161331138	90661105	38498232	74143270	85036998	45679244	85112290	88312659	107335382	95649746	0	52889779	59862035	56172589	34923522	54344415	54403376	56099384	55135512	11362853	58426057	19094916	61469688	56004983	60228643	16946776	53870861	60536704	56395441	64059296	59316878	23922230	81700277	107338626	59048361	56538420	46358137	54697545	0	57100881	58428101	57075433	49392978	14576843	54035733	52047410	52230164	47877468	0	49051769	47848508	48471264	20970532	48028948	47800017	47531070	47593850	47337383	49904589	47531448	47650014	13504474	0	46083191	47440352	47215852	0	46844967	50571492	43962439	16420393	47801708	20263642	48706244	47235740	49724563	48688550	46471068	47804308	46409927	46957450	46325259	47508526	49483404	18930448	16255391	47150450	47276785	47365182	0	17926752	46728956	20064793	50845389	47172557	0	48556456	0	59061364	21669064	47013836	47218640	0	16975810	48001260	50393110	47283994	47016607	46717735	14364738	0	46066248	16534559	0	51687818	0	17174687	46514855	47905493	48309330	0	49970422	0	0	0	21349002	36510863	20247151	0	22076748	21706265	20543075	0	0	29958010	30289300	0	19089807	18752570	0	20849998	0	21182200	19870521	21834110	0	19420949	49321222	20850117	33751538	19475821	24165842	33275937	28158035	19131723	21036319	25682186	0	43289631	20001314	18675871	28658462	60299296	0	40245411	23316327	0	21470897	30046439	27551158	0	86634126	20628422	79746573	21654798	74869327	19817635	26836378	68993900	23709720	74619631	81479591	65661434	69904420	19252552	0	19933616	73336596	0	22407661	26853465	0	21671733	0	0	0	19886710	58735736	17807575	0	20686140	20765325	0	37105844	25135752	21102086	38297814	0	42607585	37538575	38499806	0	21085473	61508585	57261897	52734345	0	21078006	21416717	0	0	69497161	58879889	79245440	58914276	37046626	44091070	80193997	68592919	57185952	52166154	60248229	49232050	61317248	55571228	47056233	60780725	59750163	48792199	27437027	59427473	25346065	70707910	60353068	0	61958765	99701471	32582613	78042482	94470315	66328916	23180734	24326403	74341678	29630805	61848269	50104742	42530385	21104000	21975559	23879048	35369574	25517492	34888454	54820185	25677245	28892742
2024-09-23	181508006	249455008	182518742	134728293	122008392	115401696	137636616	230102330	117661170	125105043	95594305	109580478	118432134	115265250	109607232	103178010	125268622	161082776	91969695	132267719	107463540	146324224	172317303	150598664	153115193	157063744	168415916	165446720	127892670	160636920	157005366	161811400	140073479	148522003	120719748	83154932	138506754	128077999	87594965	82199800	74391584	99924910	41356652	56818677	97878585	64968315	68881485	64616769	59297361	43553127	83128192	242895448	242755684	57896888	272612310	174691614	171173376	162348819	55828827	174201021	105316078	222335660	189487436	102815782	211670924	104377350	312907706	133456784	226116252	153558472	78918150	325411922	102303448	111889336	255200723	230256092	91171188	182016511	249513220	150049811	272884984	158551978	72815266	217431267	399732232	206959699	136145512	139074411	95430002	227177464	100507098	87384953	114150866	78652204	63954936	178280391	191150280	181126188	194628980	72928582	183999040	175534320	276920580	85323920	175076432	200638908	220484918	74859824	234634227	215596701	179332928	149320986	40513422	133185546	115574117	154797488	146558492	60805249	107649806	123402924	123065501	39211730	219005860	108399286	127136352	170513144	140419893	136065842	175059944	173879048	138282221	77793044	212700343	59686506	173247244	64290476	48766173	131962582	70043106	106175070	122393242	24297696	53020412	48008686	135204607	180396012	67652300	155237624	82849518	180570656	58067624	200568456	125140848	129128658	86320842	153994160	79369900	157665078	108077666	170880156	21465686	170631412	149915488	57169173	166148048	119850716	147876475	58625009	173930996	134637487	168989000	126490954	140427218	61410010	86232636	57984100	112402510	118465233	67178761	96469444	66099172	72745687	62415657	64676232	48876464	66155892	97094524	173388592	39097118	25123514	106998345	62549994	61446048	71823884	87892096	93392124	130855414	86228192	104069388	88764360	108489946	86517356	54740840	70515250	92835969	45888682	84538492	51888660	48487816	106098245	87766532	76014204	71371312	157855588	96425868	150809364	77116293	75112100	74476764	72727126	105486040	273759006	162782492	90006196	149531674	21654798	205756673	19817635	26836378	195925036	47419440	149239262	264524129	131322868	209713260	38505104	26173645	19933616	146673192	21530140	22407661	80560395	0	0	0	77998408	48768200	0	12410068	0	23997090	0	41530650	42397455	74211688	50271504	42204172	52035162	0	42607585	37538575	0	53832852	21085473	61508585	57261897	52734345	20729487	21078006	21416717	58650581	48023192	69497161	58879889	0	53671396	29215674	0	74951117	68592919	57185952	52166154	60248229	49232050	61317248	0	54887185	60780725	59750163	48792199	27437027	0	0	70707910	60353068	93760065	0	99701471	7830952	78042482	94470315	0	23180734	24326403	0	29630805	0	0	0	0	21975559	0	35369574	25517492	34888454	54820185	25677245	28892742
2024-09-30	0	0	19291774	19246899	0	19233616	17204577	23010233	19610195	27295837	0	28350741	19738689	19210875	0	0	19130477	0	0	21142337	17910590	18290528	19146367	18824833	0	19632968	20330281	20680840	21315445	20079615	0	29915569	0	0	20119958	20788733	28366614	24667801	17518993	31765466	18597896	19984982	33486578	0	19575717	25770673	22960495	21538923	0	7830952	20782048	60723862	9423688	57896888	54522462	58230538	57057792	0	55828827	0	64935379	59778219	57468895	0	56172589	69847044	0	54403376	0	0	10286420	58426057	19094916	15927360	56004983	60228643	16946776	53870861	60536704	6702764	64059296	0	0	0	0	59048361	56538420	0	0	64368266	0	58428101	57075433	0	14576843	54035733	52047410	52230164	0	46396783	49051769	0	57961316	25085100	48028948	0	47531070	13670984	47337383	49904589	47531448	0	0	0	0	94880704	0	48555937	10020964	45328612	0	16420393	47801708	20263642	0	47235740	49724563	0	46471068	47804308	41167047	0	46325259	47508526	49483404	0	16255391	0	0	53802490	56009110	17926752	46728956	24577545	50845389	47172557	22606272	48556456	0	49173128	0	47013836	47218640	46225170	29186786	0	50393110	94567988	0	46717735	14364738	47504236	46066248	16534559	47238644	0	45447973	21289255	0	0	0	47684214	49970422	18258974	0	0	0	50049119	0	0	0	0	20543075	0	22446484	29958010	30289300	41652382	26389847	18752570	41241243	20849998	26556168	21182200	0	4114568	0	0	0	0	33751538	0	24165842	33275937	0	29219051	0	8030044	0	54505023	20001314	18675871	6636400	55056416	25384419	35002531	23316327	22932528	21470897	30046439	8959140	0	142368132	0	79746573	47824004	0	19817635	56970960	68993900	52393428	32636928	6370944	52781354	53964972	27851720	22241485	48939228	0	27098092	28785229	31900441	20116147	4512752	10314696	35382320	29032892	6304580	27080772	6636400	42159298	28512124	0	42790671	5242756	34015280	37479090	32805914	15204352	51108801	54116327	9306112	23154784	28576325	23330816	23707465	37413480	21384847	29030094	11811964	29014937	12277340	30625888	25718673	44118144	66620780	15794632	49385286	10223616	62863591	58273088	39673168	27846825	35535292	26058880	14439324	52780097	46442293	11857752	48042199	5592916	24231512	30344893	24570566	42134060	56835320	42035821	81671495	24215533	31541736	63840619	32585344	917504	24326403	11059728	33156377	31808848	19619028	14069168	22283648	24432683	31970488	56161750	8833160	18235444	41719485	7167312	4980736
2024-10-07	29377521	37080116	19291774	0	20334732	19233616	0	0	19610195	17872149	19118861	18263413	19738689	19210875	18267872	17196335	19130477	20135347	18393939	21142337	17910590	18290528	19146367	18824833	20546319	19632968	20330281	20680840	21315445	20079615	22429338	20226425	20010497	21217429	20119958	20788733	20535662	18296857	17518993	20549950	18597896	19984982	20678326	18939559	19575717	21656105	22960495	21538923	19765787	14517709	20782048	60723862	59378201	57896888	54522462	58230538	57057792	54116273	55828827	58067007	52658039	59778219	0	59862035	56172589	34923522	0	54403376	63930336	55135512	0	0	0	61469688	62375927	0	16946776	53870861	60536704	0	0	59316878	23922230	81700277	0	59048361	0	46358137	0	0	57100881	0	57075433	49392978	14576843	54035733	0	52230164	0	46396783	49051769	47848508	48471264	20970532	48028948	47800017	47531070	47593850	47337383	49904589	47531448	0	13504474	47116230	46083191	0	47215852	48555937	0	50571492	43962439	32840786	47801708	40527284	0	94471480	49724563	48688550	46471068	95608616	0	46957450	46325259	0	0	37860896	0	0	47276785	0	45921782	35853504	46728956	40129586	50845389	47172557	0	48556456	0	49173128	0	47013836	0	46225170	0	0	50393110	47283994	47016607	46717735	14364738	47504236	46066248	16534559	47238644	51687818	45447973	17174687	46514855	47905493	48309330	47684214	9821872	0	19903406	0	21349002	0	20247151	24477809	22076748	21706265	20543075	26900408	22446484	0	0	41652382	19089807	18752570	33410291	20849998	0	21182200	19870521	21834110	39467858	0	0	20850117	33751538	0	24165842	33275937	0	19131723	21036319	25682186	20498482	43289631	20001314	0	28658462	60299296	25384419	40245411	0	0	21470897	30046439	27551158	0	0	20628422	79746573	21654798	74869327	19817635	26836378	68993900	23709720	0	81479591	65661434	69904420	19252552	26173645	19933616	0	21530140	0	0	19198643	21671733	24575136	0	0	0	0	17807575	0	0	20765325	0	0	0	0	38297814	0	42607585	0	0	0	0	0	0	52734345	0	0	0	0	0	0	58879889	0	0	0	0	80193997	0	0	52166154	0	49232050	0	55571228	0	60780725	0	0	0	0	25346065	70707910	60353068	0	0	99701471	32582613	78042482	94470315	66328916	23180734	24326403	74341678	0	0	0	42530385	21104000	21975559	23879048	35369574	25517492	34888454	54820185	25677245	28892742
2024-10-14	0	0	0	0	0	0	0	0	0	0	0	0	0	0	0	0	0	0	0	0	0	0	0	0	0	0	0	0	7897316	0	0	0	0	0	0	0	0	0	0	0	0	0	0	0	0	0	0	0	0	0	0	0	0	0	0	0	0	0	0	0	0	0	0	0	0	0	0	0	0	0	0	0	0	0	0	0	0	0	0	0	0	0	0	0	0	0	0	0	0	0	0	0	0	0	0	0	0	0	0	0	0	0	0	0	0	0	0	0	0	0	0	0	0	0	0	0	0	0	0	0	0	0	0	0	0	0	0	0	0	0	0	0	0	0	0	0	0	0	0	0	0	0	0	0	0	0	0	0	0	0	0	0	0	0	0	7830952	0	0	0	0	0	0	0	0	0	0	0	0	0	0	0	0	0	0	0	0	0	0	0	0	0	0	0	0	0	0	0	0	0	0	0	0	0	0	0	0	0	0	0	0	0	0	0	0	0	0	0	0	0	0	0	0	0	0	0	0	0	0	0	0	0	0	0	0	0	0	0	0	0	0	0	0	0	0	0	0	0	0	0	0	0	0	0	0	0	0	0	0	0	0	0	0	0	0	0	0	0	0	0	0	0	0	0	0	0	0	0	0	0	0	0	0	0	0	0	0	0	0	0	0	13007344	9622780	0	0	0	0	0	0	0	0	0	0	0	0	0	0	0	0	0	0	0	0	0	0	0	0	13206436	0	0	0	0	0	0	0	0	0	0	0
2024-10-21	29377521	31837236	19291774	19246899	20334732	19233616	17204577	23010233	19610195	17872149	19118861	18263413	19738689	19210875	18267872	17196335	19130477	20135347	18393939	21142337	17910590	18290528	19146367	18824833	20546319	19632968	20330281	20680840	21315445	20079615	22429338	20226425	20010497	21217429	20119958	20788733	20535662	18296857	17518993	20549950	18597896	0	20678326	0	19575717	0	0	21538923	0	0	20782048	60723862	59378201	57896888	0	0	0	0	0	0	52658039	59778219	52889779	59862035	56172589	34923522	54344415	54403376	56099384	55135512	11362853	58426057	19094916	61469688	56004983	60228643	16946776	53870861	0	0	0	0	0	81700277	107338626	59048361	56538420	46358137	54697545	0	57100881	58428101	57075433	49392978	14576843	54035733	52047410	52230164	47877468	46396783	49051769	47848508	48471264	20970532	48028948	47800017	47531070	47593850	47337383	49904589	47531448	47650014	13504474	47116230	46083191	47440352	47215852	48555937	46844967	45328612	43962439	16420393	47801708	20263642	48706244	47235740	49724563	48688550	46471068	47804308	41167047	0	46325259	0	0	0	0	0	0	0	0	0	20971520	0	50845389	55003509	15239868	48556456	47058433	49173128	21669064	47013836	47218640	46225170	16975810	42758380	50393110	47283994	47016607	46717735	14364738	47504236	46066248	16534559	47238644	51687818	45447973	17174687	0	0	0	0	0	0	0	0	0	0	0	0	0	0	0	0	0	0	0	0	0	0	0	0	0	0	0	0	0	0	49321222	0	33751538	0	24165842	33275937	28158035	19131723	21036319	0	0	38046751	0	0	0	55056416	0	35002531	23316327	22932528	21470897	30046439	27551158	78119306	0	20628422	79746573	21654798	74869327	19817635	0	0	23709720	74619631	0	65661434	69904420	19252552	26173645	19933616	77451164	21530140	22407661	26853465	19198643	21671733	24575136	38999204	24384100	19886710	58735736	17807575	23997090	20686140	20765325	42397455	37105844	25135752	21102086	0	0	0	0	31067038	53832852	21085473	61508585	57261897	52734345	20729487	21078006	0	0	0	69497161	58879889	79245440	53671396	29215674	0	74951117	68592919	57185952	52166154	60248229	49232050	61317248	55571228	47056233	60780725	0	48792199	27437027	74093917	25346065	70707910	60353068	0	61958765	99701471	32582613	78042482	94470315	66328916	23180734	24326403	0	0	0	0	0	0	21975559	0	35369574	25517492	34888454	54820185	25677245	28892742
2024-10-28	7830952	7499132	29445466	25684207	30355696	7830952	7432768	6636400	9954600	0	7896488	0	7565496	7897316	8428228	7897316	10618240	10352784	5972760	8295500	7631860	8361864	6769128	7830952	10153692	6636400	0	6171852	4114568	5840032	13405528	8361864	0	8361864	10220056	5441848	6636400	0	0	0	11149152	6171852	8826412	9290960	9490052	6901856	6636400	0	7896488	9290960	0	0	6570036	8361864	7830952	7565496	5110028	10153692	7698224	9290960	0	7167312	8560956	7897316	14600080	7300040	9689144	7897316	7631860	0	6702764	7897316	10153692	7698224	10153692	6105488	0	0	9290960	10220056	5508212	7830952	5309120	0	0	5176392	10087328	8361864	0	8361864	8627320	14400988	10153692	5176392	0	10153692	0	6769128	10352784	15794632	8494592	8428228	4711844	6901856	7963680	6636400	8627320	0	5309120	0	6636400	7698224	7897316	10153692	0	6171852	7366404	4977300	10286420	18980104	0	0	7897316	11016424	6570036	7897316	6370944	7300040	8428228	0	6636400	0	8295500	7963680	6636400	8428228	7499132	6835492	0	0	0	7100948	5308292	10153692	0	10153692	5773668	6702764	6769128	0	0	7897316	0	10153692	9556416	9158232	7499132	0	7764588	10153692	9423688	8560956	7233676	7830952	9755508	0	7830952	10087328	7897316	0	8361864	0	0	6570036	7897316	0	0	0	10153692	0	0	0	0	10087328	0	7830952	10220056	6835492	0	0	7830952	8494592	8428228	7698224	10153692	5574576	7830952	6503672	0	7897316	4114568	9290960	6769128	8428228	0	9622780	7233676	5309120	0	0	10087328	0	2190012	7897316	0	10352784	7897316	10153692	0	10352784	10153692	10153692	0	7897316	0	0	0	7764588	8826412	7963680	0	0	10352784	7896488	0	8560956	7631860	0	0	7366404	0	0	8030044	5309120	9490052	9821872	6636400	10153692	0	9091868	9622780	7897316	0	7167312	5176392	8892776	7897316	0	0	0	9954600	0	5176392	6702764	7499132	9224596	6570036	6769128	8760048	0	7565496	7565496	8627320	6171852	9290960	5110028	0	4114568	5508212	0	8295500	7432768	6503672	8826412	6636400	4977300	10153692	0	0	8560128	6304580	0	4910936	0	8760048	7233676	0	7100948	9224596	0	6702764	6039124	0	7830952	7830952	10153692	6636400	7830952	5574576	6304580	10352784	0	0	0	9821872	7897316	6769128	0
2024-11-04	0	0	0	0	0	0	0	0	0	0	0	0	0	0	0	0	0	0	0	0	0	0	0	0	0	0	0	0	0	0	0	0	0	0	0	0	0	0	0	0	0	0	0	0	0	0	0	0	0	0	0	0	0	0	0	0	0	0	0	0	0	0	0	0	0	0	0	0	0	0	0	0	0	0	0	0	0	0	0	0	0	0	0	0	0	0	0	0	0	0	0	0	0	0	0	0	0	0	0	0	0	0	0	0	0	0	0	0	0	0	0	0	0	0	0	0	0	0	0	0	0	0	0	0	0	0	0	0	0	0	0	0	0	0	0	0	0	0	0	0	0	0	0	0	0	0	0	0	0	0	0	0	0	0	0	0	0	0	0	0	0	0	0	0	0	0	0	0	0	0	0	0	0	0	0	0	0	0	0	0	0	0	0	0	0	0	0	0	0	0	0	0	0	0	0	0	0	0	0	0	0	0	0	0	0	0	0	0	0	0	0	0	0	0	8959140	0	0	0	0	0	0	0	0	0	0	0	0	0	0	0	0	0	0	0	0	0	0	0	0	0	0	0	0	0	0	0	0	0	0	0	0	0	0	0	0	0	0	0	0	0	0	0	0	0	0	8892776	0	0	0	0	0	0	0	0	0	0	0	0	0	0	0	0	0	0	8826412	0	0	0	0	0	0	0	0	0	0	0	0	0	0	0	0	0	0	0	0	0	0	0	0	0	0	0	0	0	0	0	0	0
2024-11-11	5707304	0	19291774	4114568	4114568	0	0	0	0	0	0	0	0	0	0	0	4048204	7167312	4114568	0	0	0	0	0	0	4711844	0	0	8361864	0	4180932	0	0	9556416	0	8229136	0	0	4114568	0	4048204	0	0	4048204	0	4114568	9689144	0	0	0	0	0	0	0	0	0	0	4114568	9821872	0	0	0	0	4114568	0	0	0	0	0	18913740	0	8892776	0	0	0	0	8494592	0	0	0	0	0	4645480	6437308	9888236	4114568	0	4114568	0	0	4114568	4114568	4048204	0	0	0	0	0	9091868	4114568	0	4114568	0	0	0	0	0	0	4114568	0	9954600	0	6437308	8494592	0	0	0	0	0	7232848	0	20534961	0	0	4114568	9755508	0	7432768	0	4114568	0	4114568	0	6105488	0	4114568	0	4844572	4114568	0	0	0	8030044	0	4114568	4114568	0	4114568	4114568	0	0	4114568	0	0	0	4114568	0	0	0	11016424	4711844	0	8361864	7100948	0	0	0	0	4114568	0	0	12476432	5840032	7897316	0	0	10020964	0	0	4512752	0	0	0	0	0	0	0	0	0	0	0	4114568	8295500	9954600	0	0	0	9888236	0	9423688	0	0	0	4114568	9821872	0	0	0	5840032	0	0	0	0	0	4844572	4114568	0	0	7698224	0	0	6304580	0	9821872	6503672	4114568	0	4711844	0	0	0	9888236	0	0	0	0	0	4048204	0	0	0	4114568	9888236	0	0	0	0	4910936	8162772	0	0	0	0	7499132	7565496	0	0	0	8096408	9888236	0	0	0	9888236	0	22165576	0	0	0	0	0	0	0	4114568	0	0	0	9689144	8361864	0	0	4114568	4114568	0	0	6503672	0	0	0	4711844	4114568	0	0	0	0	5242756	0	0	4114568	9954600	0	0	0	11613700	0	4048204	0	0	0	0	0	10020964	0	5176392	9887408	0	0	0
2024-11-18	0	0	0	0	0	10220056	0	0	0	0	0	18263413	0	0	0	0	38260954	0	0	0	0	0	0	0	0	0	0	0	0	0	0	0	0	21217429	0	0	0	0	0	0	0	0	0	0	0	9954600	0	0	0	0	0	0	0	0	0	0	16325544	0	0	0	0	0	0	59862035	0	0	0	0	0	0	0	0	0	0	0	0	0	0	0	0	0	0	0	0	0	0	0	0	0	0	0	0	0	0	0	0	0	0	0	0	0	0	0	0	0	6636400	0	0	0	0	0	0	0	0	0	0	0	0	0	0	0	0	0	0	0	0	0	0	0	0	0	0	0	0	0	0	0	47150450	0	0	0	0	0	0	0	0	0	0	0	0	0	6171852	0	0	0	0	0	0	0	0	14364738	0	0	0	0	0	0	0	0	0	0	13670984	0	0	0	0	0	7366404	0	0	0	0	0	0	0	0	0	0	0	0	0	0	0	0	0	0	0	0	0	0	0	0	0	0	0	0	0	0	0	0	0	0	0	0	0	0	0	22932528	0	0	0	0	0	0	0	0	0	0	14069168	0	0	0	0	0	0	0	0	0	0	0	0	0	0	0	0	0	0	0	0	0	0	0	0	0	0	0	0	0	0	0	0	0	0	0	0	0	0	0	0	0	8162772	0	0	0	0	0	0	0	0	0	0	0	0	0	0	0	0	0	0	0	0	0	0	0	10020964	0	0	0	0	0	9025504	0	0	0	0	0	0	0	0	0	0	0	0	0	0	0	0	0
2024-11-25	29377521	44977432	19291774	19246899	20334732	19233616	17204577	0	39220390	17872149	0	18263413	19738689	19210875	0	17196335	19130477	20135347	18393939	0	17910590	18290528	19146367	18824833	20546319	19632968	20330281	20680840	0	20079615	22429338	20226425	20010497	0	20119958	0	0	18296857	0	20549950	0	19984982	20678326	0	19575717	0	22960495	0	19765787	14517709	20782048	60723862	0	57896888	0	0	57057792	54116273	55828827	0	0	0	52889779	0	56172589	34923522	0	54403376	0	55135512	11362853	58426057	19094916	0	56004983	60228643	0	0	60536704	0	0	59316878	23922230	0	0	0	56538420	46358137	0	60253698	57100881	58428101	0	49392978	14576843	0	52047410	56344732	47877468	0	49051769	0	0	0	0	47800017	47531070	51642054	0	0	0	0	13504474	47116230	46083191	47440352	47215852	0	46844967	50571492	43962439	16420393	0	20263642	48706244	57721252	49724563	58576786	46471068	47804308	46409927	46957450	0	47508526	49483404	0	16255391	0	47276785	47365182	45921782	17926752	46728956	0	0	47172557	15239868	0	47058433	49173128	21669064	47013836	47218640	46225170	16975810	0	50393110	47283994	47016607	46717735	14364738	0	46066248	16534559	47238644	51687818	45447973	17174687	46514855	0	48309330	47684214	0	18258974	19903406	28402226	21349002	36510863	20247151	24477809	26257680	0	20543075	26900408	0	0	30289300	41652382	19089807	18752570	33410291	41699996	26556168	21182200	0	21834110	47298810	19420949	0	20850117	33751538	19475821	24165842	33275937	28158035	19131723	21036319	25682186	20498482	43289631	0	18675871	28658462	60299296	25384419	40245411	23316327	22932528	21470897	30046439	0	78119306	86634126	20628422	79746573	21654798	74869327	0	26836378	0	23709720	74619631	81479591	0	69904420	19252552	26173645	19933616	73336596	0	22407661	36542609	19198643	21671733	24575136	38999204	24384100	0	58735736	17807575	23997090	0	24879893	42397455	37105844	25135752	0	38297814	40052808	42607585	0	31067038	59075732	21085473	61508585	57261897	0	20729487	21078006	21416717	58650581	48023192	69497161	58879889	0	58914276	29215674	44091070	80193997	68592919	57185952	0	60248229	49232050	61317248	55571228	47056233	60780725	59750163	0	27437027	59427473	25346065	70707910	60353068	93760065	0	99701471	32582613	78042482	94470315	66328916	23180734	0	74341678	29630805	61848269	50104742	0	21104000	21975559	0	35369574	25517492	34888454	0	29791813	28892742
2024-12-02	29377521	43650152	19291774	19246899	20334732	38467232	34409154	46020466	19610195	35744298	38237722	36526826	39477378	19210875	18267872	34392670	38260954	0	36787878	21142337	35821180	36581056	38292734	37649666	20546319	19632968	40660562	41361680	42630890	20079615	61635892	20226425	40020994	21217429	40239916	41577466	50826832	36593714	35037986	41099900	18597896	39969964	41356652	37879118	30762826	56579707	22960495	43077846	39531574	14517709	20782048	121447724	59378201	115793776	109044924	99683860	114115584	116063498	111657654	116134014	52658039	119556438	52889779	0	160129159	69847044	100300222	108806752	154141808	55135512	22725706	116852114	38189832	173271024	159626341	18285603	16946776	53870861	121073408	112790882	0	118633756	47844460	163400554	189511428	59048361	113076840	113908587	0	60253698	114201762	58428101	57075433	98785956	29153686	0	104094820	52230164	47877468	46396783	0	47848508	82025696	20970532	96057896	47800017	47531070	47593850	94674766	0	47531448	47650014	27008948	47116230	92166382	47440352	94431704	48555937	46844967	50571492	87924878	32840786	95603416	20263642	15151812	116541396	99449126	122542924	0	95608616	92819854	46957450	0	134136970	49483404	37860896	48766173	94300900	47276785	94730364	45921782	17926752	0	20064793	84399821	47172557	0	0	94116866	0	21669064	65463028	47218640	88168210	16975810	48001260	42004502	77790772	47016607	46717735	14364738	0	92132496	33069118	72404468	155063454	0	17572158	46514855	47905493	96618660	47684214	149911266	36517948	19903406	0	42698004	73021726	40494302	24477809	44153496	43412530	41086150	80701224	44892968	25165824	60578600	83304764	38179614	37505140	33410291	54161386	79668504	29570808	19870521	21834110	39467858	19420949	147963666	20850117	33751538	38951642	48331684	66551874	5574576	19131723	42072638	51364372	40996964	86579262	20001314	18675871	28658462	120598592	50768838	0	23316327	68797584	0	30046439	35939766	78119306	148102428	61885266	239239719	0	124572830	19817635	53672756	0	71129160	74619631	162959182	180207086	69904420	19252552	9396429	31478624	146673192	21530140	44815322	53706930	65984537	21671733	24575136	38999204	48768200	19886710	58735736	35615150	63602662	20686140	20765325	84794910	74211688	50271504	21102086	76595628	0	85215170	108631582	70522684	84597032	21085473	61508585	114523794	52734345	20729487	42156012	42833434	108912554	48023192	138994322	117759778	79245440	117828552	58431348	121736572	0	137185838	57185952	52166154	60248229	130918934	61317248	172819172	94112466	0	119500326	146376597	73922473	118854946	0	212123730	60353068	93760065	0	99701471	65165226	139307748	283410945	132657832	23180734	24326403	223025034	0	123696538	141925618	0	21104000	21975559	23879048	26980966	42646376	34888454	164460555	0	28892742
2024-12-09	29377521	74160232	19291774	19246899	20334732	19233616	17204577	23010233	39220390	17872149	19118861	18263413	19738689	19210875	36535744	17196335	38260954	0	36787878	42284674	17910590	36581056	19146367	18824833	41092638	0	20330281	20680840	21315445	20079615	22429338	20226425	40020994	21217429	20119958	20788733	20535662	0	17518993	41099900	37195792	59954946	0	18939559	19575717	21656105	22960495	0	19765787	0	4004832	60723862	118756402	57896888	54522462	174691614	57057792	0	55828827	0	105316078	119556438	52889779	59862035	112345178	69847044	54344415	54403376	56099384	55135512	11362853	116852114	38189832	122939376	56004983	60228643	16946776	107741722	121073408	0	128118592	59316878	23922230	163400554	0	59048361	113076840	46358137	54697545	60253698	114201762	0	114150866	98785956	29153686	54035733	52047410	104460328	47877468	92793566	49051769	47848508	48471264	20970532	96057896	47800017	95062140	47593850	94674766	99809178	47531448	95300028	0	94232460	46083191	47440352	94431704	97111874	93689934	50571492	87924878	32840786	95603416	40527284	97412488	47235740	99449126	48688550	92942136	95608616	46409927	46957450	92650518	95017052	98966808	37860896	16255391	47150450	94553570	47365182	91843564	35853504	93457912	40129586	50845389	94345114	30479736	97112912	94116866	49173128	43338128	94027672	94437280	46225170	16975810	96002520	50393110	47283994	47016607	46717735	14364738	47504236	46066248	16534559	94477288	51687818	90895946	34349374	46514855	47905493	61041910	47684214	49970422	0	0	28402226	21349002	64633118	20247151	48955618	49453028	21706265	44852009	26900408	22446484	59916020	60578600	41652382	38179614	37505140	66820582	24922780	70804780	21182200	19870521	21834110	78935716	55831082	65088012	20850117	33751538	38951642	48331684	132080715	28158035	38263446	50590844	0	40996964	129868893	60003942	37351742	57316924	120598592	50768838	80490822	23316327	45865056	42941794	30046439	82653474	156238612	173268252	20628422	0	21654798	224607981	59452905	53672756	206981700	23709720	74619631	162959182	131322868	69904420	38505104	26173645	39867232	73336596	64590420	67222983	53706930	57595929	21671733	24575136	77998408	48768200	39773420	58735736	35615150	47994180	62058420	41530650	84794910	74211688	75407256	42204172	76595628	120158424	0	75077150	93201114	59075732	21085473	123017170	146619867	80302866	62188461	21078006	21416717	153071358	87657776	0	156449990	79245440	58914276	58431348	88182140	160387994	137185838	0	104332308	60248229	98464100	122634496	55571228	47056233	121561450	59750163	97584398	54874054	59427473	50692130	141415820	60353068	93760065	123917530	199402942	32582613	78042482	188940630	132657832	23180734	48652806	74341678	29630805	0	100209484	85060770	42208000	21975559	23879048	70739148	25517492	34888454	54820185	51354490	28892742
2024-12-23	0	0	0	0	0	0	0	0	0	0	0	0	0	0	0	0	0	0	0	0	0	0	0	0	0	0	0	0	0	0	0	0	0	0	0	0	0	0	0	0	0	0	0	0	0	0	0	0	0	0	0	0	0	0	0	0	0	0	0	0	0	0	0	0	0	0	0	0	0	0	0	0	0	0	0	0	0	0	0	0	0	0	0	0	0	0	0	0	0	0	0	0	0	0	0	0	0	0	0	0	0	0	0	0	0	0	0	0	0	0	0	0	0	0	0	0	0	0	0	0	0	0	0	0	0	0	0	0	0	0	0	0	0	0	0	0	0	0	0	0	0	0	0	0	0	0	0	0	0	0	0	0	0	0	0	0	0	0	0	0	0	0	0	0	0	0	0	0	0	0	0	0	0	0	0	0	0	0	0	0	0	0	0	0	0	0	0	0	0	0	0	0	0	0	0	0	0	0	0	0	0	0	0	0	0	0	0	0	0	0	0	0	0	0	0	0	0	0	0	0	0	0	0	0	0	0	0	0	0	0	0	0	0	0	0	0	0	0	0	0	0	0	0	0	0	0	0	0	0	0	0	0	0	0	0	0	0	0	0	0	0	0	0	0	0	0	0	0	0	0	0	0	0	0	0	0	0	0	0	0	0	0	0	0	0	0	0	0	0	0	0	0	0	0	0	0	0	0	0	0	0	0	0	0	0	0	0	0	0	0	0	0	35369574	25517492	34888454	0	0	0
2024-12-30	29377521	37080116	19291774	0	20334732	19233616	17204577	23010233	19610195	17872149	19118861	18263413	0	19210875	18267872	17196335	19130477	20135347	0	21142337	17910590	18290528	19146367	18824833	0	19632968	20330281	20680840	21315445	0	22429338	20226425	20010497	21217429	0	20788733	20535662	18296857	17518993	20549950	18597896	19984982	20678326	18939559	19575717	21656105	22960495	21538923	19765787	14517709	20782048	60723862	59378201	57896888	54522462	58230538	57057792	54116273	55828827	58067007	52658039	59778219	52889779	59862035	56172589	34923522	54344415	54403376	56099384	55135512	11362853	58426057	19094916	61469688	56004983	60228643	16946776	53870861	60536704	56395441	64059296	59316878	23922230	81700277	107338626	59048361	56538420	46358137	54697545	60253698	57100881	58428101	57075433	49392978	14576843	54035733	52047410	0	47877468	46396783	49051769	47848508	48471264	20970532	48028948	0	47531070	47593850	47337383	49904589	0	47650014	13504474	47116230	0	47440352	47215852	48555937	46844967	50571492	0	16420393	47801708	20263642	48706244	47235740	49724563	48688550	0	47804308	46409927	46957450	46325259	47508526	0	0	16255391	47150450	47276785	47365182	45921782	17926752	46728956	20064793	50845389	47172557	15239868	0	47058433	49173128	21669064	47013836	47218640	0	16975810	48001260	50393110	47283994	47016607	46717735	14364738	47504236	46066248	0	0	51687818	45447973	17174687	46514855	0	48309330	47684214	49970422	18258974	0	28402226	21349002	36510863	0	24477809	0	21706265	20543075	26900408	22446484	29958010	30289300	41652382	0	18752570	0	20849998	26556168	21182200	19870521	21834110	0	19420949	49321222	20850117	33751538	19475821	0	33275937	28158035	19131723	21036319	25682186	20498482	43289631	20001314	18675871	28658462	60299296	25384419	40245411	23316327	22932528	21470897	30046439	27551158	78119306	86634126	20628422	79746573	21654798	74869327	19817635	26836378	68993900	23709720	74619631	81479591	65661434	69904420	19252552	26173645	19933616	73336596	21530140	22407661	26853465	19198643	21671733	24575136	38999204	24384100	19886710	58735736	17807575	23997090	20686140	20765325	42397455	37105844	25135752	21102086	38297814	40052808	42607585	0	31067038	59075732	0	61508585	0	52734345	20729487	0	0	58650581	48023192	0	58879889	79245440	0	29215674	0	80193997	68592919	0	52166154	60248229	0	0	55571228	47056233	0	59750163	48792199	0	0	25346065	70707910	60353068	93760065	0	0	0	78042482	94470315	66328916	23180734	24326403	0	0	61848269	0	0	21104000	21975559	0	0	0	34888454	54820185	25677245	0
2025-01-20	29377521	37080116	19291774	19246899	0	0	0	0	19610195	17872149	19118861	18263413	0	0	18267872	0	0	20135347	0	21142337	0	0	19146367	18824833	0	0	0	20680840	21315445	20079615	22429338	0	0	0	20119958	0	0	18296857	17518993	20549950	0	19984982	20678326	18939559	0	0	22960495	21538923	0	0	0	0	59378201	57896888	0	0	57057792	54116273	0	58067007	52658039	0	0	59862035	0	34923522	0	54403376	0	55135512	11362853	0	19094916	61469688	56004983	0	16946776	53870861	60536704	0	64059296	59316878	23922230	81700277	107338626	59048361	56538420	46358137	54697545	60253698	57100881	58428101	57075433	49392978	14576843	54035733	52047410	70214808	47877468	46396783	49051769	47848508	48471264	20970532	48028948	47800017	47531070	47593850	47337383	49904589	47531448	47650014	13504474	47116230	46083191	47440352	47215852	0	0	50571492	43962439	16420393	47801708	20263642	48706244	47235740	49724563	0	46471068	47804308	46409927	46957450	46325259	47508526	49483404	18930448	0	0	47276785	47365182	45921782	17926752	46728956	20064793	50845389	0	15239868	48556456	47058433	49173128	21669064	47013836	47218640	46225170	16975810	0	50393110	47283994	47016607	46717735	14364738	47504236	46066248	16534559	0	51687818	45447973	17174687	46514855	47905493	48309330	47684214	49970422	18258974	19903406	28402226	21349002	36510863	20247151	24477809	22076748	0	20543075	0	22446484	29958010	30289300	41652382	19089807	18752570	33410291	0	26556168	21182200	0	21834110	39467858	19420949	49321222	20850117	33751538	0	0	33275937	28158035	19131723	21036319	0	20498482	43289631	20001314	18675871	0	60299296	25384419	40245411	23316327	22932528	0	30046439	27551158	78119306	86634126	0	79746573	21654798	74869327	19817635	26836378	0	23709720	0	81479591	65661434	69904420	19252552	26173645	19933616	73336596	21530140	22407661	26853465	19198643	21671733	24575136	0	24384100	0	58735736	17807575	23997090	20686140	20765325	42397455	0	25135752	21102086	38297814	40052808	42607585	37538575	31067038	59075732	0	61508585	0	52734345	20729487	21078006	21416717	58650581	48023192	69497161	58879889	79245440	58914276	0	0	80193997	68592919	57185952	52166154	60248229	0	61317248	55571228	47056233	0	59750163	48792199	27437027	59427473	25346065	70707910	60353068	0	61958765	0	0	78042482	0	66328916	23180734	0	74341678	29630805	61848269	0	0	21104000	0	23879048	35369574	0	0	54820185	25677245	0
2025-01-27	58755042	0	9888236	0	0	0	0	0	0	0	0	0	0	0	0	0	0	0	0	0	0	0	0	0	0	0	0	0	0	0	0	0	0	0	0	0	0	0	0	0	0	0	0	0	0	0	0	0	0	0	0	0	0	0	0	0	0	0	0	0	0	0	0	0	0	0	0	0	0	0	0	0	0	0	0	0	0	0	0	0	0	0	0	0	0	0	0	0	0	0	0	0	0	0	0	0	0	0	0	0	0	0	0	0	0	0	0	0	0	0	0	0	0	0	0	0	0	0	0	0	0	0	0	0	0	0	0	0	0	0	0	0	0	0	0	0	0	0	0	0	0	0	0	0	0	0	0	0	0	0	0	0	0	0	0	0	0	0	0	0	0	0	0	0	0	0	0	0	0	0	0	0	0	0	0	0	0	0	0	0	0	0	0	0	0	0	0	0	0	0	0	0	0	0	0	0	0	0	0	0	0	0	0	0	0	0	0	0	0	0	0	0	0	0	0	0	0	0	0	0	0	0	0	0	0	0	0	0	0	0	0	0	0	0	0	0	0	0	0	0	0	0	9622780	0	0	0	0	0	0	0	0	0	0	0	0	0	0	0	0	0	0	0	0	0	0	0	0	0	0	0	0	0	0	0	0	0	0	0	0	0	0	0	0	0	0	0	0	0	0	0	0	0	0	0	0	0	0	0	0	0	0	0	0	0	0	0	0	0	0	0	0	0	0	0	0	0	0	0
2025-02-03	0	0	0	0	0	0	0	0	0	0	0	0	0	0	0	0	0	0	0	0	0	0	0	0	0	0	0	0	0	0	0	0	0	0	0	0	0	0	0	0	0	0	0	0	0	0	0	0	0	0	0	0	0	0	0	0	0	0	0	0	0	0	0	0	0	0	0	0	0	0	0	0	0	0	0	0	0	0	0	0	0	0	0	0	0	0	0	0	54697545	0	0	0	0	0	0	0	0	0	0	0	0	0	0	0	0	0	0	0	0	0	0	0	0	0	0	0	0	0	0	0	0	0	0	0	0	0	0	0	0	0	0	0	0	0	0	0	0	0	0	0	0	0	0	0	0	0	0	0	0	0	0	0	0	0	0	0	0	0	0	0	0	0	0	0	0	0	0	0	0	0	0	0	0	0	0	0	0	0	0	0	0	0	0	0	0	0	0	0	0	0	0	0	0	0	0	0	0	0	0	0	0	0	0	0	0	0	0	0	0	0	0	0	0	0	0	0	0	0	0	0	0	0	0	0	0	0	0	0	0	0	0	0	0	0	0	0	0	0	0	0	0	0	0	0	0	0	0	0	0	0	0	0	0	0	0	0	0	0	0	0	0	0	0	0	0	0	0	0	0	0	0	0	0	0	0	0	0	0	0	0	0	0	0	0	0	0	0	0	0	0	0	0	0	0	0	0	0	0	0	0	0	0	0	0	0	0	0	0	0	0	0	0	0	0	0	0	0	0
2025-02-10	0	0	0	0	0	0	0	0	0	0	0	0	0	0	0	0	0	0	0	0	0	0	0	0	0	0	0	0	0	0	0	0	0	0	0	0	0	0	0	0	0	0	0	0	0	0	0	0	0	0	0	0	0	0	0	0	0	0	0	0	0	0	0	0	0	0	0	0	0	0	0	0	0	0	0	0	0	0	0	0	0	0	0	0	0	0	0	0	0	0	0	0	0	0	0	0	0	0	0	0	0	0	0	0	0	0	0	0	0	0	0	0	0	0	0	0	0	0	0	0	0	0	0	0	0	0	0	0	0	0	0	0	0	0	0	0	0	0	0	0	0	0	0	0	0	0	0	0	0	0	0	0	0	0	0	0	0	0	0	0	0	0	0	0	0	0	0	0	0	0	0	0	0	0	0	0	0	0	0	0	0	0	0	0	0	0	0	0	0	0	0	0	0	0	0	0	0	0	0	0	0	0	0	0	0	0	0	0	0	0	0	0	0	0	0	0	0	0	0	0	0	0	0	0	0	0	0	0	0	0	0	0	0	0	0	0	0	0	0	0	0	0	19198643	0	0	0	0	0	0	0	0	0	0	0	0	0	0	0	0	0	0	0	0	0	0	0	0	0	0	0	0	0	0	0	0	0	0	0	0	0	0	0	0	0	0	0	0	0	0	0	0	0	0	0	0	0	0	0	0	0	0	0	0	0	0	0	0	50104742	0	0	0	0	0	0	0	0	0	0
2025-02-24	0	0	19291774	0	0	0	0	0	0	0	0	0	0	0	0	0	0	0	0	0	17910590	0	0	0	0	0	0	0	0	0	0	0	0	0	20119958	0	0	0	0	0	0	0	0	0	0	0	0	0	0	0	0	60723862	0	0	0	0	0	0	0	0	0	4180932	0	0	0	0	0	0	0	0	0	58426057	0	0	0	0	0	0	0	0	0	0	0	0	0	0	8030044	4114568	0	4114568	0	0	0	49392978	0	0	0	0	0	0	0	0	0	0	0	0	0	47593850	0	0	0	47650014	13504474	0	46083191	47440352	47215852	0	46844967	50571492	43962439	16420393	47801708	20263642	0	47235740	49724563	48688550	46471068	47804308	46409927	0	0	47508526	49483404	0	16255391	47150450	0	0	0	17926752	46728956	20064793	50845389	0	15239868	0	0	49173128	21669064	47013836	47218640	0	16975810	0	50393110	47283994	47016607	46717735	0	0	46066248	0	0	0	45447973	0	46514855	47905493	0	47684214	49970422	0	0	28402226	21349002	36510863	20247151	0	22076748	0	20543075	26900408	0	39580790	9423688	0	0	0	33410291	20849998	26556168	0	19870521	0	39467858	0	0	20850117	33751538	19475821	0	33275937	0	0	21036319	25682186	20498482	43289631	0	18675871	28658462	0	0	0	0	22932528	21470897	0	27551158	0	86634126	20628422	79746573	21654798	0	19817635	0	68993900	0	74619631	0	0	69904420	0	0	0	73336596	21530140	22407661	0	19198643	0	0	38999204	0	0	0	0	0	0	0	0	37105844	0	0	0	0	42607585	37538575	0	59075732	21085473	0	57261897	52734345	0	0	0	0	48023192	69497161	58879889	79245440	58914276	29215674	0	80193997	68592919	57185952	52166154	60248229	0	0	55571228	47056233	60780725	59750163	48792199	27437027	59427473	25346065	70707910	60353068	93760065	0	0	0	78042482	0	66328916	23180734	24326403	74341678	29630805	61848269	50104742	42530385	21104000	21975559	23879048	0	25517492	0	54820185	33640925	57785484
2025-03-03	0	0	0	0	0	0	0	0	0	0	0	0	0	0	0	0	0	0	0	0	0	0	0	0	0	0	0	0	0	0	0	0	0	0	0	0	0	0	0	0	0	0	0	0	0	0	0	0	0	0	0	0	0	0	0	0	0	0	0	0	0	0	0	0	0	0	0	0	0	0	0	0	0	0	0	8295500	0	0	0	0	0	0	0	0	0	0	0	0	0	0	0	0	0	0	0	0	0	0	0	0	0	0	0	0	0	0	0	0	0	0	0	0	0	0	0	0	0	0	0	0	0	0	0	0	0	0	0	0	0	0	0	0	0	0	0	0	0	0	0	0	0	0	0	0	0	0	0	0	0	0	0	0	0	0	0	0	0	0	0	0	0	0	0	0	0	0	0	0	0	0	0	0	0	0	0	0	0	0	0	0	0	0	0	0	0	0	0	0	0	0	0	0	0	0	0	0	0	0	0	0	0	0	0	0	0	0	0	0	0	0	0	0	0	0	0	0	0	0	0	0	0	0	0	0	0	0	0	0	0	0	0	0	0	0	0	0	0	0	0	0	0	0	0	0	0	0	0	0	0	0	0	0	0	0	0	0	0	0	0	0	0	0	0	0	0	0	0	0	0	0	0	0	0	0	0	0	0	0	0	0	0	0	0	0	0	0	0	0	0	0	0	0	0	0	0	0	0	0	0	0	0	0	0	0	0	0	0	0	0	0	0	0	0	0	0	0	0	0
2025-03-10	0	5375484	0	0	0	0	0	0	0	0	0	0	0	4114568	0	0	0	0	0	0	0	409600	0	0	0	0	0	4114568	0	0	0	0	0	0	409600	0	0	0	0	0	0	4579116	0	0	0	0	4114568	0	0	0	0	0	0	0	0	0	0	0	0	0	0	0	0	0	409600	0	5110028	0	0	0	0	0	4579116	0	0	4457804	0	0	0	0	0	0	0	409600	0	0	0	0	0	0	0	409600	4114568	4048204	0	0	0	0	0	0	0	4114568	0	0	0	0	0	0	0	0	409600	0	0	0	0	0	0	0	0	0	0	0	0	0	0	0	0	0	0	0	0	0	409600	0	409600	0	0	4114568	0	0	0	0	0	0	0	0	0	0	0	0	0	0	0	0	0	5309120	0	4645480	0	0	0	0	0	0	0	0	0	5176392	0	0	0	0	0	0	0	0	0	0	0	0	4114568	0	0	0	0	0	0	0	0	0	0	0	0	0	0	409600	0	0	0	0	0	0	0	0	0	0	0	0	0	0	0	0	1194552	0	0	0	0	409600	0	0	0	0	0	0	0	0	0	0	0	0	0	0	4114568	4380024	0	0	0	0	0	0	0	0	0	0	0	0	0	0	0	0	0	4711844	0	0	0	0	0	0	0	0	0	0	0	0	0	0	0	0	0	0	0	0	0	0	0	0	0	0	0	0	0	0	0	409600	0	0	0	0	0	0	0	0	0	0	0	0	0	0	0	0	0	0	0	0	0	0	0	0	0	4380024	0	0	0	0	0	0	0	0
2025-03-17	88132563	37080116	19291774	38493798	0	19233616	17204577	23010233	19610195	17872149	19118861	18263413	19738689	19210875	18267872	17196335	19130477	20135347	0	21142337	17910590	18290528	0	18824833	20546319	19632968	20330281	20680840	21315445	0	22429338	20226425	20010497	21217429	20119958	20788733	20535662	0	17518993	20549950	18597896	19984982	0	0	19575717	21656105	22960495	21538923	19765787	14517709	20782048	60723862	0	57896888	54522462	58230538	57057792	54116273	55828827	58067007	52658039	0	52889779	59862035	56172589	34923522	54344415	54403376	56099384	55135512	11362853	58426057	19094916	61469688	56004983	60228643	0	0	60536704	56395441	64059296	59316878	23922230	81700277	107338626	59048361	56538420	0	54697545	60253698	0	58428101	57075433	49392978	14576843	54035733	52047410	52230164	47877468	0	49051769	47848508	0	20970532	48028948	47800017	47531070	47593850	47337383	0	47531448	47650014	13504474	47116230	46083191	47440352	47215852	48555937	46844967	50571492	43962439	16420393	47801708	20263642	48706244	0	49724563	48688550	46471068	47804308	46409927	46957450	0	47508526	49483404	18930448	16255391	0	47276785	47365182	45921782	17926752	46728956	20064793	50845389	0	15239868	48556456	47058433	49173128	21669064	47013836	47218640	46225170	16975810	0	50393110	47283994	47016607	46717735	14364738	47504236	0	0	47238644	51687818	45447973	17174687	46514855	47905493	48309330	0	49970422	18258974	19903406	0	21349002	36510863	20247151	24477809	22076748	21706265	20543075	26900408	22446484	29958010	0	41652382	0	18752570	33410291	20849998	26556168	21182200	19870521	21834110	39467858	19420949	0	20850117	33751538	19475821	24165842	33275937	28158035	19131723	21036319	25682186	0	43289631	20001314	18675871	0	0	25384419	40245411	23316327	0	21470897	30046439	0	78119306	86634126	20628422	79746573	0	0	0	0	0	23709720	74619631	0	65661434	69904420	0	26173645	0	73336596	21530140	0	26853465	19198643	0	24575136	0	24384100	0	58735736	17807575	23997090	0	20765325	42397455	37105844	25135752	0	38297814	0	42607585	0	31067038	59075732	21085473	61508585	57261897	52734345	0	21078006	0	0	48023192	69497161	0	79245440	58914276	29215674	44091070	0	68592919	0	52166154	60248229	49232050	61317248	55571228	47056233	0	59750163	0	27437027	0	25346065	70707910	60353068	93760065	0	99701471	0	0	94470315	0	0	24326403	74341678	29630805	61848269	0	0	21104000	21975559	23879048	35369574	25517492	34888454	54820185	25677245	28892742
2025-03-24	29377521	37080116	19291774	19246899	20334732	19233616	17204577	23010233	19610195	17872149	19118861	18263413	19738689	19210875	18267872	17196335	19130477	20135347	18393939	21142337	17910590	18290528	19146367	18824833	20546319	19632968	20330281	20680840	21315445	20079615	22429338	20226425	20010497	21217429	20119958	20788733	20535662	18296857	17518993	20549950	18597896	19984982	20678326	18939559	19575717	21656105	22960495	21538923	19765787	14517709	20782048	60723862	59378201	57896888	54522462	58230538	57057792	54116273	55828827	58067007	52658039	59778219	52889779	59862035	56172589	34923522	54344415	54403376	56099384	55135512	11362853	58426057	19094916	61469688	56004983	60228643	16946776	53870861	60536704	56395441	64059296	59316878	23922230	81700277	107338626	59048361	56538420	46358137	54697545	60253698	57100881	58428101	57075433	49392978	14576843	54035733	52047410	52230164	47877468	46396783	49051769	47848508	48471264	20970532	48028948	47800017	47531070	47593850	47337383	49904589	47531448	47650014	13504474	47116230	46083191	47440352	47215852	48555937	46844967	50571492	43962439	16420393	47801708	20263642	48706244	47235740	49724563	48688550	46471068	47804308	46409927	46957450	46325259	47508526	49483404	18930448	16255391	47150450	47276785	47365182	45921782	17926752	46728956	20064793	50845389	47172557	15239868	48556456	47058433	49173128	21669064	47013836	47218640	46225170	16975810	48001260	50393110	47283994	47016607	46717735	14364738	47504236	46066248	16534559	47238644	51687818	45447973	17174687	46514855	47905493	48309330	47684214	49970422	18258974	0	0	21349002	36510863	0	24477809	0	21706265	20543075	26900408	22446484	0	0	41652382	19089807	0	33410291	20849998	26556168	21182200	19870521	21834110	39467858	19420949	49321222	20850117	33751538	19475821	24165842	33275937	28158035	19131723	0	25682186	20498482	43289631	20001314	18675871	0	60299296	25384419	40245411	23316327	22932528	21470897	0	27551158	78119306	86634126	20628422	0	21654798	74869327	19817635	26836378	68993900	23709720	74619631	81479591	65661434	0	19252552	0	0	73336596	21530140	22407661	0	19198643	21671733	24575136	38999204	24384100	0	58735736	17807575	23997090	0	20765325	42397455	0	25135752	21102086	38297814	40052808	42607585	37538575	0	59075732	21085473	61508585	0	52734345	20729487	21078006	21416717	58650581	48023192	69497161	58879889	79245440	0	29215674	44091070	80193997	68592919	57185952	52166154	60248229	49232050	61317248	55571228	0	60780725	59750163	48792199	27437027	59427473	25346065	70707910	60353068	93760065	61958765	0	32582613	78042482	94470315	66328916	23180734	24326403	74341678	29630805	61848269	0	42530385	21104000	21975559	0	35369574	0	34888454	0	25677245	28892742
2025-03-31	0	0	0	0	0	0	0	0	0	0	0	0	0	0	0	0	0	0	0	0	0	0	0	0	0	0	0	0	0	0	0	0	0	0	0	0	0	0	0	0	0	0	0	0	0	0	0	0	0	0	0	0	0	0	0	0	0	0	0	0	0	0	0	0	0	0	0	0	0	0	0	0	0	0	0	0	0	0	0	0	0	0	0	0	0	0	0	0	0	0	0	0	0	0	0	0	0	0	0	0	0	0	0	0	0	0	0	0	0	0	0	0	0	0	0	0	0	0	0	0	0	0	0	0	0	0	0	0	0	0	0	0	0	0	0	0	0	0	0	0	0	0	0	0	0	0	0	0	0	0	0	0	0	0	0	0	0	0	0	0	0	0	0	0	0	0	0	0	0	0	0	0	0	0	0	0	0	0	0	0	0	0	0	0	0	0	0	0	0	0	0	0	0	0	0	0	0	0	0	0	0	0	0	0	0	0	0	0	0	0	0	0	0	0	0	0	0	0	0	0	0	0	0	0	0	0	20241020	0	0	0	0	0	0	0	0	0	0	0	0	0	0	0	0	0	0	0	0	0	0	0	0	0	0	0	0	0	0	0	0	0	0	0	0	0	0	0	0	0	0	0	0	0	0	0	0	0	0	10352784	0	0	0	0	0	0	0	0	0	0	0	0	0	0	0	0	0	0	0	0	0	0	0	0	0	0	0	0	0	0	0	0	0	0	0	0	0	0	0	0
2025-04-07	29377521	37080116	0	0	0	0	0	0	0	0	0	0	0	0	0	0	0	0	0	0	0	0	0	0	0	0	0	0	0	0	0	0	0	0	0	0	0	0	0	0	0	0	0	0	0	0	0	0	0	0	0	0	0	0	0	0	0	0	0	0	0	0	0	0	0	0	0	0	0	0	0	0	0	0	0	0	0	0	0	0	0	0	0	0	0	0	0	0	0	0	0	0	0	0	0	0	0	0	0	0	0	0	0	0	0	0	0	0	0	0	0	0	0	0	0	0	0	0	0	0	0	0	0	0	0	0	0	0	0	0	0	0	0	0	0	0	0	0	0	0	0	0	0	0	0	0	0	0	0	0	0	0	0	0	0	0	0	0	0	0	0	0	0	0	0	0	0	0	0	0	0	0	0	0	0	0	0	0	0	0	0	0	0	0	0	0	0	0	0	0	0	0	0	0	0	0	0	0	0	0	0	0	0	0	0	0	0	0	0	0	0	0	0	0	0	0	0	0	0	0	0	0	0	0	0	0	0	0	0	0	0	0	0	0	0	0	0	0	0	0	0	0	0	0	0	0	0	0	0	0	0	0	0	0	0	0	0	0	0	0	0	0	0	0	0	0	0	0	0	0	0	0	0	0	0	0	0	0	0	0	0	0	0	0	0	0	0	0	0	0	0	0	0	0	0	0	0	0	0	0	0	0	0	0	0	0	0	0	0	0	0	0	0	0	0	0	0	0
2025-04-14	0	0	0	0	0	0	0	0	0	0	0	0	0	0	0	0	0	0	0	0	0	0	0	0	0	0	20330281	20680840	0	0	0	0	0	0	0	0	0	0	0	0	0	0	0	0	0	0	0	0	0	0	0	0	0	0	0	0	0	0	0	0	0	0	0	0	0	0	0	0	0	0	0	0	0	0	0	0	0	0	0	0	0	0	0	0	0	0	0	0	0	0	0	0	0	0	0	0	0	0	0	0	0	0	0	0	0	0	0	0	0	0	0	0	0	0	0	0	0	0	0	0	0	0	0	0	0	0	0	0	0	0	0	0	0	0	0	0	0	0	0	0	0	0	0	0	0	0	0	0	0	0	0	0	0	0	0	0	0	0	0	0	0	0	0	0	0	0	0	0	0	0	0	0	0	0	0	0	0	0	0	0	0	0	0	0	0	0	0	0	0	0	0	0	0	0	0	0	0	0	0	0	0	0	0	0	0	0	0	0	0	0	0	0	0	0	0	0	0	0	0	0	0	0	0	0	0	0	0	0	0	0	0	0	0	0	0	0	0	0	0	0	0	0	0	0	0	0	0	0	0	0	0	0	0	0	0	0	0	0	0	0	0	0	0	0	0	0	0	0	0	0	0	0	0	0	0	0	0	0	0	0	0	0	0	0	0	0	0	0	0	0	0	0	0	0	0	0	0	0	0	0	0	0	0	0	0	0	0	0	0	0	0	0	0	0	0	0	0	0
2025-04-21	29377521	37080116	19291774	19246899	20334732	19233616	17204577	23010233	19610195	17872149	19118861	18263413	19738689	19210875	18267872	17196335	19130477	20135347	18393939	0	0	0	0	0	0	0	0	0	0	0	0	0	0	0	0	0	0	0	0	0	0	0	0	0	0	0	0	0	0	0	0	0	0	0	0	0	0	0	0	0	0	0	0	0	0	0	0	0	0	0	0	0	0	0	0	0	0	0	0	0	0	0	0	0	0	0	0	0	0	0	0	0	0	0	0	0	0	0	0	0	0	0	0	0	0	0	0	0	0	0	0	0	0	0	0	0	0	0	0	0	0	0	0	0	0	0	0	0	0	0	0	0	0	0	0	0	0	0	0	0	0	0	0	0	0	0	0	0	0	0	0	0	0	0	0	0	0	0	0	0	0	0	0	0	0	0	0	0	0	0	0	0	0	0	0	0	0	0	0	0	0	0	0	0	0	0	0	0	0	0	0	0	0	0	0	0	0	0	0	0	0	0	0	0	0	0	0	0	0	0	0	0	0	0	0	0	0	0	0	0	0	0	0	0	0	0	0	0	0	0	0	0	0	0	0	0	0	0	0	0	0	0	0	0	0	0	0	0	0	0	0	0	0	0	0	0	0	0	0	0	0	0	0	0	0	0	0	0	0	0	0	0	0	0	0	0	0	0	0	0	0	0	0	0	0	0	0	0	0	0	0	0	0	0	0	0	0	0	0	0	0	0	0	0	0	0	0	0	0	0	0	0	0	0	0	0	0	0
2025-05-05	0	37080116	10551876	0	0	0	0	0	0	0	0	0	0	0	0	0	0	0	0	0	0	0	0	0	0	0	0	0	0	0	0	0	0	0	0	0	0	0	0	0	0	0	0	0	0	0	0	0	0	0	0	0	0	0	0	0	0	0	0	0	0	0	0	0	0	0	0	0	0	0	0	0	0	0	0	0	0	0	0	0	0	0	0	0	0	0	0	0	0	0	0	0	0	0	0	0	0	0	0	0	0	0	0	0	0	0	0	0	0	0	0	0	0	0	0	0	0	0	0	0	0	0	0	0	0	0	0	0	0	0	0	0	0	0	0	0	0	0	0	0	0	0	0	0	0	0	0	0	0	0	0	0	0	0	0	0	0	0	0	0	0	0	0	0	0	0	0	0	0	0	0	0	0	0	0	0	0	0	0	0	0	0	0	0	0	0	0	0	0	0	0	0	0	0	0	0	0	0	0	0	0	0	0	0	0	0	0	0	0	0	0	0	0	0	0	0	0	0	0	0	0	0	0	0	0	0	0	0	0	0	0	0	0	0	0	0	0	0	0	0	0	0	0	0	0	0	0	0	0	0	0	0	0	0	0	0	0	0	0	0	0	0	0	0	0	0	0	0	0	0	0	0	0	0	0	0	0	0	0	0	0	0	0	0	0	0	0	0	0	0	0	0	0	0	0	0	0	0	0	0	0	0	0	0	0	0	0	0	0	0	0	0	0	0	0	0	0	0
2025-05-12	29377521	0	0	0	0	0	0	0	0	0	0	0	0	0	0	0	0	0	0	0	0	0	0	0	0	0	0	0	0	0	0	0	0	0	0	0	0	0	0	0	0	0	0	0	0	0	0	0	0	0	0	0	0	0	0	0	0	0	0	0	0	0	0	0	0	0	0	0	0	0	0	0	0	0	0	0	0	0	0	0	0	0	0	0	0	0	0	0	0	0	0	0	0	0	0	0	0	0	0	0	0	0	0	0	0	0	0	0	0	0	0	0	0	0	0	0	0	0	0	0	0	0	0	0	0	0	0	0	0	0	0	0	0	0	0	0	0	0	0	0	0	0	0	0	0	0	0	0	0	0	0	0	0	0	0	0	0	0	0	0	0	0	0	0	0	0	0	0	0	0	0	0	0	0	0	0	0	0	0	0	0	0	0	0	0	0	0	0	0	0	0	0	0	0	0	0	0	0	0	0	0	0	0	0	0	0	0	0	0	0	0	0	0	0	0	0	0	0	0	0	0	0	0	0	0	0	0	0	0	0	0	0	0	0	0	0	0	0	0	0	0	0	0	0	0	0	0	0	0	0	0	0	0	0	0	0	0	0	0	0	0	0	0	0	0	0	0	0	0	0	0	0	0	0	0	0	0	0	0	0	0	0	0	0	0	0	0	0	0	0	0	0	0	0	0	0	0	0	0	0	0	0	0	0	0	0	0	0	0	0	0	0	0	0	0	0	0	0
2025-06-02	0	37080116	0	0	0	0	0	0	0	0	0	0	0	0	0	0	0	0	0	0	0	0	0	0	0	0	0	0	0	0	0	0	0	0	0	0	0	0	0	0	0	0	0	0	0	0	0	0	0	0	0	0	0	0	0	0	0	0	0	0	0	0	0	0	0	0	0	0	0	0	0	0	0	0	0	0	0	0	0	0	0	0	0	0	0	0	0	0	0	0	0	0	0	0	0	0	0	0	0	0	0	0	0	0	0	0	0	0	0	0	0	0	0	0	0	0	0	0	0	0	0	0	0	0	0	0	0	0	0	0	0	0	0	0	0	0	0	0	0	0	0	0	0	0	0	0	0	0	0	0	0	0	0	0	0	0	0	0	0	0	0	0	0	0	0	0	0	0	0	0	0	0	0	0	0	0	0	0	0	0	0	0	0	0	0	0	0	0	0	0	0	0	0	0	0	0	0	0	0	0	0	0	0	0	0	0	0	0	0	0	0	0	0	0	0	0	0	0	0	0	0	0	0	0	0	0	0	0	0	0	0	0	0	0	0	0	0	0	0	0	0	0	0	0	0	0	0	0	0	0	0	0	0	0	0	0	0	0	0	0	0	0	0	0	0	0	0	0	0	0	0	0	0	0	0	0	0	0	0	0	0	0	0	0	0	0	0	0	0	0	0	0	0	0	0	0	0	0	0	0	0	0	0	0	0	0	0	0	0	0	0	0	0	0	0	0	0	0
2025-06-09	58755042	37080116	0	0	0	0	0	0	0	0	0	0	0	0	0	0	0	0	0	0	0	0	0	0	0	0	0	0	0	0	0	0	0	0	0	0	0	0	0	0	0	0	0	0	0	0	0	0	0	0	0	0	0	0	0	0	0	0	0	0	0	0	0	0	0	0	0	0	0	0	0	0	0	0	0	0	0	0	0	0	0	0	0	0	0	0	0	0	0	0	0	0	0	0	0	0	0	0	0	0	0	0	0	0	0	0	0	0	0	0	0	0	0	0	0	0	0	0	0	0	0	0	0	0	0	0	0	0	0	0	0	0	0	0	0	0	0	0	0	0	0	0	0	0	0	0	0	0	0	0	0	0	0	0	0	0	0	0	0	0	0	0	0	0	0	0	0	0	0	0	0	0	0	0	0	0	0	0	0	0	0	0	0	0	0	0	0	0	0	0	0	0	0	0	0	0	0	0	0	0	0	0	0	0	0	0	0	0	0	0	0	0	0	0	0	0	0	0	0	0	0	0	0	0	0	0	0	0	0	0	0	0	0	0	0	0	0	0	0	0	0	0	0	0	0	0	0	0	0	0	0	0	0	0	0	0	0	0	0	0	0	0	0	0	0	0	0	0	0	0	0	0	0	0	0	0	0	0	0	0	0	0	0	0	0	0	0	0	0	0	0	0	0	0	0	0	0	0	0	0	0	0	0	0	0	0	0	0	0	0	0	0	0	0	0	0	0	0
2025-06-16	0	0	94757702	0	0	0	0	0	0	0	0	0	0	0	0	0	0	0	0	0	0	0	0	0	0	0	0	0	0	0	0	0	0	0	0	0	0	0	0	0	0	0	0	0	0	0	0	0	0	0	0	0	0	0	0	0	0	0	0	0	0	0	0	0	0	0	0	0	0	0	0	0	0	0	0	0	0	0	0	0	0	0	0	0	0	0	0	0	0	0	0	0	0	0	0	0	0	0	0	0	0	0	0	0	0	0	0	0	0	0	0	0	0	0	0	0	0	0	0	0	0	0	0	0	0	0	0	0	0	0	0	0	0	0	0	0	0	0	0	0	0	0	0	0	0	0	0	0	0	0	0	0	0	0	0	0	0	0	0	0	0	0	0	0	0	0	0	0	0	0	0	0	0	0	0	0	0	0	0	0	0	0	0	0	0	0	0	0	0	0	0	0	0	0	0	0	0	0	0	0	0	0	0	0	0	0	0	0	0	0	0	0	0	0	0	0	0	0	0	0	0	0	0	0	0	0	0	0	0	0	0	0	0	0	0	0	0	0	0	0	0	0	0	0	0	0	0	0	0	0	0	0	0	0	0	0	0	0	0	0	0	0	0	0	0	0	0	0	0	0	0	0	0	0	0	0	0	0	0	0	0	0	0	0	0	0	0	0	0	0	0	0	0	0	0	0	0	0	0	0	0	0	0	0	0	0	0	0	0	0	0	0	0	0	0	0	0	0
2025-06-30	0	0	19291774	0	0	0	0	0	0	0	0	0	0	0	0	0	0	0	0	0	0	0	0	0	0	0	0	0	0	0	0	0	0	0	0	0	0	0	0	0	0	0	0	0	0	0	0	0	0	0	0	0	0	0	0	0	0	0	0	0	0	0	0	0	0	0	0	0	0	0	0	0	0	0	0	0	0	0	0	0	0	0	0	0	0	0	0	0	0	0	0	0	0	0	0	0	0	0	0	0	0	0	0	0	0	0	0	0	0	0	0	0	0	0	0	0	0	0	0	0	0	0	0	0	0	0	0	0	0	0	0	0	0	0	0	0	0	0	0	0	0	0	0	0	0	0	0	0	0	0	0	0	0	0	0	0	0	0	0	0	0	0	0	0	0	0	0	0	0	0	0	0	0	0	0	0	0	0	0	0	0	0	0	0	0	0	0	0	0	0	0	0	0	0	0	0	0	0	0	0	0	0	0	0	0	0	0	0	0	0	0	0	0	0	0	0	0	0	0	0	0	0	0	0	0	0	0	0	0	0	0	0	0	0	0	0	0	0	0	0	0	0	0	0	0	0	0	0	0	0	0	0	0	0	0	0	0	0	0	0	0	0	0	0	0	0	0	0	0	0	0	0	0	0	0	0	0	0	0	0	0	0	0	0	0	0	0	0	0	0	0	0	0	0	0	0	0	0	0	0	0	0	0	0	0	0	0	0	0	0	0	0	0	0	0	0	0	0
2025-07-07	0	37080116	0	0	0	0	0	0	0	0	0	0	0	0	0	0	0	0	0	0	0	0	0	0	0	0	0	0	0	0	0	0	0	0	0	0	0	0	0	0	0	0	0	0	0	0	0	0	0	0	0	0	0	0	0	0	0	0	0	0	0	0	0	0	0	0	0	0	0	0	0	0	0	0	0	0	0	0	0	0	0	0	0	0	0	0	0	0	0	0	0	0	0	0	0	0	0	0	0	0	0	0	0	0	0	0	0	0	0	0	0	0	0	0	0	0	0	0	0	0	0	0	0	0	0	0	0	0	0	0	0	0	0	0	0	0	0	0	0	0	0	0	0	0	0	0	0	0	0	0	0	0	0	0	0	0	0	0	0	0	0	0	0	0	0	0	0	0	0	0	0	0	0	0	0	0	0	0	0	0	0	0	0	0	0	0	0	0	0	0	0	0	0	0	0	0	0	0	0	0	0	0	0	0	0	0	0	0	0	0	0	0	0	0	0	0	0	0	0	0	0	0	0	0	0	0	0	0	0	0	0	0	0	0	0	0	0	0	0	0	0	0	0	0	0	0	0	0	0	0	0	0	0	0	0	0	0	0	0	0	0	0	0	0	0	0	0	0	0	0	0	0	0	0	0	0	0	0	0	0	0	0	0	0	0	0	0	0	0	0	0	0	0	0	0	0	0	0	0	0	0	0	0	0	0	0	0	0	0	0	0	0	0	0	0	0	0	0
2025-07-21	0	0	0	0	0	0	0	0	0	0	0	0	0	0	0	0	0	0	0	0	0	0	0	0	0	0	0	0	0	0	0	0	0	0	0	0	0	0	0	0	0	0	0	0	0	0	0	0	0	0	0	0	0	0	0	52428800	0	0	0	0	0	0	0	0	0	0	54344415	0	0	0	0	0	0	0	3576183	52428800	0	0	0	0	0	0	0	0	0	0	0	0	0	0	0	0	0	0	0	0	0	0	0	0	0	0	0	0	0	0	47531070	0	0	0	0	0	0	0	0	0	0	0	0	0	0	0	0	0	0	0	0	0	0	0	0	0	0	47508526	0	0	0	0	0	0	0	0	0	0	0	0	0	0	0	0	0	0	0	0	0	0	0	0	0	0	0	0	0	0	0	0	0	0	0	0	0	0	0	0	0	0	0	0	0	0	0	0	0	26900408	0	0	0	0	0	0	0	0	0	0	0	0	0	0	0	0	0	0	0	0	0	0	0	0	0	0	0	0	0	0	0	0	0	0	0	0	0	0	0	0	0	0	0	0	0	0	0	0	0	104857600	0	0	0	0	0	0	22407661	0	19198643	0	0	0	0	0	0	0	0	0	0	0	0	0	0	0	0	0	0	0	0	0	0	0	0	0	0	0	0	0	0	0	0	0	0	0	0	0	0	0	0	0	0	0	0	0	0	0	0	0	0	0	0	0	0	0	0	0	0	0	0	0	0	0	0	50104742	0	0	0	0	0	0	0	0	0	0
2025-07-28	0	232120008	0	19246899	0	19233616	17204577	0	0	0	0	0	19738689	0	0	17196335	0	0	0	21142337	0	18290528	0	18824833	0	0	0	20680840	0	20079615	0	0	0	0	0	0	0	18296857	0	0	0	0	0	18939559	19575717	0	0	0	0	0	0	0	0	57896888	0	0	0	54116273	0	0	0	0	0	0	56172589	34923522	0	0	0	55135512	0	0	19094916	0	0	0	0	1442061	0	0	0	0	0	0	107338626	0	4109620	0	0	0	0	0	0	0	14576843	0	0	0	0	0	49051769	0	0	0	48028948	0	47531070	0	47337383	0	0	0	0	0	0	47440352	0	0	46844967	0	0	0	47801708	0	0	0	49724563	0	0	0	0	0	0	0	49483404	18930448	0	0	0	47365182	0	0	0	0	50845389	0	15239868	0	47058433	49173128	0	0	0	0	16975810	0	0	47283994	0	0	0	0	0	0	0	0	0	0	0	0	0	47684214	0	18258974	0	0	21349002	0	0	0	22076748	0	0	0	0	0	30289300	0	19089807	0	0	0	0	21182200	0	0	0	0	0	20850117	33751538	0	0	0	0	0	0	0	0	0	20001314	0	0	0	0	0	0	0	21470897	0	0	78119306	0	0	79746573	0	0	0	0	0	23709720	22190831	0	0	0	0	0	0	0	0	0	0	19198643	0	0	0	24384100	0	0	0	0	0	0	0	37105844	0	0	0	0	0	0	0	0	0	0	0	0	0	0	0	0	0	0	0	0	0	0	0	0	68592919	57185952	0	0	0	0	0	0	60780725	0	0	0	0	0	18279110	0	0	61958765	0	0	0	0	0	0	0	52428800	0	0	0	0	0	0	0	0	0	0	0	0	0
2025-08-04	58755042	28403792	0	0	0	0	0	0	0	0	19118861	0	0	0	0	0	19130477	0	0	0	0	0	19146367	0	0	0	0	0	0	0	44858676	0	0	21217429	40239916	0	0	0	17518993	0	0	0	0	0	0	0	0	0	0	0	0	60723862	59378201	0	0	0	0	0	0	0	0	0	52889779	0	0	0	0	54403376	0	0	0	0	0	0	0	0	0	0	0	0	0	0	0	0	0	59048361	0	0	0	0	0	0	0	49392978	0	0	0	0	47877468	0	0	47848508	0	0	0	0	0	47593850	0	0	0	0	13504474	0	0	0	0	0	0	0	0	0	0	0	48706244	0	0	0	46471068	0	0	0	0	0	0	0	0	0	47276785	0	0	17926752	0	0	0	0	0	48556456	0	0	0	0	0	46225170	0	48001260	0	0	0	0	0	0	0	0	0	0	0	0	0	0	0	0	49970422	0	19903406	28402226	0	0	0	24477809	0	0	0	0	22446484	29958010	0	0	0	0	0	20849998	0	0	0	0	0	0	0	0	0	0	0	0	0	0	0	0	20498482	0	0	0	0	0	0	0	0	0	0	0	27551158	0	0	0	0	0	0	0	0	0	0	0	0	0	0	0	0	19933616	73336596	21530140	0	0	0	0	0	0	0	0	0	0	0	0	0	0	0	0	0	0	40052808	0	0	0	0	21085473	61508585	0	0	0	0	21416717	0	0	0	0	0	0	0	44091070	0	0	0	52166154	0	0	0	0	0	0	0	0	0	0	0	0	0	0	0	0	0	0	0	0	0	0	0	0	0	0	0	0	21975559	23879048	35369574	0	0	0	0	0
2025-08-11	0	0	0	0	0	0	0	0	19610195	17872149	0	0	0	0	18267872	0	0	20135347	0	0	0	0	0	0	0	0	0	0	21315445	0	0	0	0	0	0	0	0	0	0	0	18597896	0	0	0	0	21656105	0	0	0	0	20782048	0	0	0	0	0	57057792	0	108257627	5638207	52428800	0	0	0	0	0	0	0	0	0	0	58426057	0	0	0	0	16946776	0	0	0	0	59316878	23922230	81700277	0	0	0	46358137	0	0	0	0	0	0	0	54035733	0	0	0	0	0	0	0	20970532	0	0	0	0	0	49904589	0	0	0	47116230	46083191	0	0	0	0	0	0	16420393	0	20263642	0	0	0	0	0	47804308	0	0	0	0	0	0	16255391	0	0	0	0	0	0	0	0	0	0	0	0	0	21669064	0	0	0	0	0	0	0	47016607	0	0	0	0	16534559	0	0	0	0	0	0	0	0	0	0	0	0	0	36510863	0	0	0	21706265	20543075	0	0	0	0	41652382	0	0	33410291	0	0	0	0	21834110	0	19420949	49321222	0	0	19475821	0	0	0	0	0	0	0	0	0	18675871	0	60299296	0	40245411	0	0	0	0	0	0	0	20628422	0	0	74869327	19817635	26836378	0	0	0	0	0	69904420	19252552	0	0	0	0	0	0	0	0	0	0	0	0	0	0	0	0	20765325	0	0	0	0	0	0	0	0	31067038	0	0	0	0	0	0	0	0	0	0	69497161	0	79245440	0	0	0	0	0	0	0	60248229	0	0	55571228	0	0	59750163	48792199	0	0	0	0	0	93760065	0	99701471	0	0	52428800	0	0	24326403	0	0	0	0	0	0	0	0	0	0	0	2391385	0	28892742
2025-08-18	0	37080116	0	0	0	0	0	0	0	0	0	0	0	0	0	0	0	0	0	0	17910590	0	0	0	0	0	20330281	0	0	0	0	0	0	0	0	0	0	0	0	0	0	0	0	0	0	0	0	0	0	0	0	0	0	0	0	0	0	0	0	0	0	0	0	0	0	0	0	0	0	0	11362853	0	0	0	0	0	0	0	0	0	0	0	0	0	2481026	0	0	0	0	0	0	0	0	0	0	0	0	0	0	0	0	0	0	0	0	0	0	0	0	0	0	0	0	0	0	0	0	0	0	0	0	0	0	0	0	0	0	0	0	0	0	46957450	46325259	0	0	0	0	0	0	0	0	0	0	0	0	0	0	0	0	0	0	0	0	0	0	0	0	0	0	0	0	0	0	0	47238644	0	0	0	0	0	48309330	0	0	0	0	0	0	0	0	0	0	0	0	0	0	0	0	0	0	0	0	0	0	0	0	0	0	0	0	0	0	0	0	33275937	0	0	0	0	0	86579262	0	0	0	0	0	0	0	0	0	0	0	0	52428800	0	0	0	0	0	0	0	0	0	52428800	0	0	0	0	0	0	0	0	26853465	0	0	0	0	0	19886710	58735736	17807575	0	0	0	0	0	0	0	0	0	0	0	0	0	0	0	0	0	0	0	0	0	0	0	0	0	58914276	29215674	0	0	0	0	0	0	0	0	0	0	0	0	0	0	59427473	25346065	0	0	0	0	0	0	0	0	0	0	0	0	0	0	0	42530385	0	0	0	0	0	34888454	0	0	0
2025-08-25	29377521	37080116	19291774	0	20334732	38467232	17204577	0	19610195	17872149	19118861	18263413	19738689	19210875	0	0	19130477	0	18393939	21142337	17910590	18290528	19146367	18824833	20546319	19632968	20330281	20680840	21315445	0	22429338	0	20010497	42434858	20119958	20788733	20535662	0	17518993	41099900	0	19984982	20678326	0	19575717	21656105	22960495	0	19765787	29035418	20782048	121447724	0	57896888	54522462	58230538	0	0	55828827	58067007	52658039	59778219	0	0	56172589	0	54344415	54403376	0	0	11362853	58426057	19094916	0	0	0	0	53870861	60536704	0	64059296	0	23922230	0	107338626	0	113076840	0	54697545	0	57100881	0	0	0	0	54035733	0	0	47877468	0	49051769	0	0	0	0	0	0	47593850	0	49904589	0	0	13504474	0	0	0	47215852	0	0	50571492	0	0	0	20263642	0	47235740	0	48688550	0	0	46409927	0	46325259	0	49483404	0	16255391	0	0	47365182	0	0	0	0	0	0	0	0	0	0	0	0	0	0	33951620	0	0	0	0	0	0	0	0	0	0	0	0	0	46514855	0	0	0	0	0	0	0	0	36510863	0	0	22076748	0	20543075	0	0	29958010	30289300	0	0	18752570	0	0	26556168	0	19870521	0	0	38841898	49321222	0	0	38951642	24165842	0	0	0	0	25682186	20498482	0	20001314	18675871	28658462	60299296	25384419	40245411	23316327	22932528	21470897	30046439	27551158	78119306	0	0	87179341	21654798	74869327	0	26836378	0	23709720	149239262	81479591	65661434	69904420	38505104	26173645	19933616	73336596	0	0	26853465	19198643	21671733	24575136	77998408	48768200	19886710	58735736	17807575	23997090	0	20765325	42397455	37105844	25135752	0	0	40052808	42607585	37538575	31067038	0	21085473	61508585	57261897	52734345	20729487	21078006	0	58650581	48023192	138994322	0	79245440	0	29215674	44091070	80193997	68592919	57185952	52166154	120496458	49232050	61317248	111142456	47056233	121561450	59750163	48792199	27437027	59427473	25346065	70707910	60353068	93760065	61958765	99701471	32582613	78042482	94470315	66328916	23180734	24326403	148683356	29630805	61848269	50104742	42530385	21104000	21975559	23879048	35369574	25517492	34888454	54820185	25677245	28892742
2025-09-01	0	0	0	0	0	0	0	0	0	0	0	0	0	19210875	0	0	0	0	0	0	0	0	0	0	0	0	0	0	0	20079615	0	0	0	0	0	0	0	0	0	0	0	0	0	18939559	0	0	22960495	0	0	0	0	0	0	0	0	0	0	54116273	0	0	0	0	0	59862035	0	0	0	0	0	0	0	0	0	0	0	0	0	0	0	0	0	0	0	0	0	0	0	0	0	60253698	0	0	52428800	0	14576843	0	0	0	0	0	0	0	0	20970532	0	0	0	0	0	0	0	0	0	0	0	0	0	0	0	0	0	16420393	0	20263642	0	0	0	0	0	0	0	0	0	0	98966808	0	16255391	0	0	0	0	0	0	0	0	0	0	0	0	0	0	0	47218640	0	0	0	0	0	47016607	0	0	0	46066248	16534559	0	0	0	0	0	47905493	0	47684214	0	0	0	0	0	0	0	0	0	0	0	0	0	0	0	0	0	0	0	0	26556168	0	0	0	0	0	0	0	0	0	0	0	0	0	21036319	0	0	0	0	0	0	60299296	0	0	0	0	0	0	0	0	0	20628422	0	0	0	0	0	0	0	0	0	0	0	0	0	0	0	0	0	0	0	0	0	0	0	0	0	0	0	0	0	0	0	0	0	0	0	42607585	0	0	0	0	0	0	0	0	0	21416717	0	0	0	0	0	0	0	0	0	0	57185952	0	0	0	0	0	47056233	0	0	0	0	0	0	70707910	0	0	0	0	32582613	0	0	0	0	0	0	0	61848269	0	0	0	0	0	0	0	0	0	0	0
2025-09-08	29377521	37080116	38583548	19246899	40669464	19233616	17204577	46020466	19610195	17872149	19118861	18263413	19738689	19210875	18267872	17196335	0	20135347	0	63427011	17910590	18290528	19146367	0	0	0	20330281	0	21315445	0	22429338	20226425	20010497	0	20119958	20788733	20535662	18296857	17518993	20549950	0	19984982	0	0	19575717	21656105	22960495	21538923	39531574	0	0	0	59378201	57896888	54522462	0	0	54116273	55828827	58067007	52658039	0	52889779	59862035	0	34923522	54344415	54403376	56099384	0	0	58426057	0	0	0	60228643	16946776	107741722	60536704	56395441	0	0	23922230	81700277	107338626	0	56538420	46358137	109395090	60253698	57100881	0	57075433	0	14576843	0	52047410	52230164	47877468	0	49051769	47848508	0	0	48028948	47800017	47531070	0	47337383	0	0	0	13504474	47116230	46083191	0	0	48555937	0	0	43962439	16420393	47801708	20263642	48706244	47235740	49724563	0	0	0	46409927	0	46325259	0	0	18930448	16255391	47150450	47276785	47365182	45921782	0	46728956	0	50845389	47172557	0	0	0	98346256	0	47013836	47218640	0	16975810	0	8450070	47283994	47016607	46717735	14364738	0	46066248	0	0	51687818	45447973	17174687	0	0	48309330	47684214	0	18258974	19903406	0	21349002	36510863	40494302	24477809	22076748	21706265	20543075	0	22446484	29958010	30289300	41652382	0	18752570	0	20849998	0	21182200	19870521	21834110	39467858	0	49321222	20850117	33751538	19475821	72497526	33275937	28158035	38263446	21036319	25682186	20498482	43289631	20001314	37351742	57316924	60299296	25384419	40245411	23316327	22932528	42941794	30046439	27551158	156238612	0	20628422	159493146	0	74869327	19817635	26836378	85559000	23709720	74619631	81479591	0	69904420	19252552	0	19933616	73336596	43060280	22407661	26853465	38397286	43343466	0	38999204	48768200	19886710	58735736	17807575	47994180	20686140	0	42397455	37105844	50271504	21102086	38297814	40052808	42607585	75077150	31067038	59075732	21085473	123017170	57261897	52734345	20729487	21078006	21416717	58650581	0	69497161	117759778	79245440	0	29215674	44091070	80193997	137185838	57185952	52166154	0	49232050	122634496	55571228	47056233	121561450	59750163	48792199	0	59427473	50692130	70707910	60353068	93760065	61958765	199402942	32582613	78042482	94470315	132657832	23180734	24326403	74341678	59261610	61848269	50104742	42530385	21104000	21975559	23879048	35369574	25517492	69776908	54820185	51354490	28892742
2025-09-15	17499121	26052344	70241032	105092298	29938256	8494592	35530946	52100302	20375891	0	0	4247296	0	0	0	0	0	0	0	0	0	0	0	0	0	0	0	0	0	0	0	0	0	0	0	0	0	0	0	0	0	0	0	0	0	0	0	0	0	0	0	0	0	0	0	0	0	0	0	0	0	0	0	0	0	0	0	0	0	0	0	0	0	0	0	0	0	0	0	0	0	0	0	0	0	0	0	0	0	0	0	0	0	0	0	0	0	0	0	0	0	0	0	0	0	0	0	0	0	0	0	0	0	0	0	0	0	0	0	0	0	0	0	0	0	0	0	0	0	0	0	0	0	0	0	0	0	0	0	0	0	0	0	0	0	0	0	0	0	0	0	0	0	0	0	0	0	0	0	0	0	0	0	0	0	0	0	0	0	0	0	0	0	0	0	0	0	0	0	0	0	0	0	0	0	0	0	0	0	0	0	0	0	0	0	0	0	0	0	0	0	0	0	0	0	0	0	0	0	0	0	0	0	0	0	0	0	0	0	0	0	0	0	0	0	0	0	0	0	0	0	0	0	0	0	0	0	0	0	0	0	0	0	0	0	0	0	0	0	0	0	0	0	0	0	0	0	0	0	0	0	0	0	0	0	0	0	0	0	0	0	0	0	0	0	0	0	0	0	0	0	0	0	0	0	0	0	0	0	0	0	0	0	0	0	0	0	0	0	0	0	0	0	0	0	0	0	0	0	0	0	0	0	0	0	0	0	0
2025-09-22	0	0	153024860	94014223	111930164	0	124935508	201700725	0	0	0	0	0	0	0	0	0	0	0	0	0	0	0	0	0	0	0	0	0	0	0	0	0	0	0	0	0	0	0	0	0	0	0	0	0	0	0	0	0	0	0	0	0	0	0	0	0	0	0	0	0	0	0	0	0	0	0	0	0	0	0	0	0	0	0	0	0	0	0	0	0	0	0	0	0	0	0	0	0	0	0	0	0	0	0	0	0	0	0	0	0	0	0	0	0	0	0	0	0	0	0	0	0	0	0	0	0	0	0	0	0	0	0	0	0	0	0	0	0	0	0	0	0	0	0	0	0	0	0	0	0	0	0	0	0	0	0	0	0	0	0	0	0	0	0	0	0	0	0	0	0	0	0	0	0	0	0	0	0	0	0	0	0	0	0	0	0	0	0	0	0	0	0	0	0	0	0	0	0	0	0	0	0	0	0	0	0	0	0	0	0	0	0	0	0	0	0	0	0	0	0	0	0	0	0	0	0	0	0	0	0	0	0	0	0	0	0	0	0	0	0	0	0	0	0	0	0	0	0	0	0	0	0	0	0	0	0	0	0	0	0	0	0	0	0	0	0	0	0	0	0	0	0	0	0	0	0	0	0	0	0	0	0	0	0	0	0	0	0	0	0	0	0	0	0	0	0	0	0	0	0	0	0	0	0	0	0	0	0	0	0	0	0	0	0	0	0	0	0	0	0	0	0	0	0	0	0	0
2025-09-29	0	37080116	85485014	33947935	20334732	19233616	17204577	23010233	0	0	19118861	18263413	19738689	0	18267872	17196335	19130477	0	18393939	0	17910590	18290528	19146367	18824833	20546319	0	0	20680840	21315445	20079615	0	20226425	20010497	0	20119958	0	20535662	18296857	17518993	0	18597896	19984982	20678326	0	0	43312210	0	0	0	0	0	0	0	57896888	109044924	0	0	0	0	0	0	0	0	0	0	0	0	0	0	0	0	0	0	0	0	0	0	0	0	0	0	0	0	0	0	0	0	0	0	0	0	0	0	0	0	0	0	0	0	0	0	0	0	0	0	0	0	0	0	0	0	0	0	0	0	0	0	0	0	0	0	0	0	0	0	0	0	0	0	0	0	0	0	0	0	0	0	0	0	0	0	0	0	0	0	0	0	0	0	0	0	0	0	0	0	0	0	0	0	0	0	0	0	0	0	0	0	0	0	0	0	0	0	0	0	0	0	0	0	0	0	0	0	0	0	0	0	0	0	0	0	0	0	0	0	0	0	12940980	0	0	0	0	0	0	0	0	0	0	0	0	0	0	0	0	0	0	0	0	0	0	0	0	0	0	0	0	0	0	0	0	0	0	0	0	0	0	0	0	0	0	0	0	0	0	0	0	0	0	0	0	0	0	0	0	0	0	0	0	0	0	0	0	0	0	0	0	0	0	0	0	0	0	0	0	0	0	0	0	0	0	0	0	0	0	0	0	0	0	0	0	0	0	0	0	0	0	0	0	0	0	0	0	0	0	0	0	61848269	0	0	0	21975559	0	0	0	0	0	0	0
2025-10-06	85923088	176589128	146923846	109273230	47068260	51196144	79934589	142565839	41017238	77684036	33545890	76802908	61513155	57946289	52280752	47837341	53802479	75462100	33933538	76679940	61352970	75604788	57519425	73545396	48900070	61051504	75763740	42773204	43525050	64043049	66674714	20172921	61070067	45037358	44921704	39413174	36024840	26461073	54571487	62278210	65948432	63065526	33369452	52880781	55457159	0	48501002	40090778	55612061	47310223	40433088	71701998	85975703	48842744	44714548	66556652	69334272	75078367	78490221	82061978	34039807	64767625	59410926	63769450	67220991	51277708	39371939	37538804	70795884	33587292	27245610	36260961	37474132	60013716	37453115	39067854	58735260	42850450	60351308	80389499	86381220	40082640	60981542	70331470	92219962	70164247	79951440	83033648	68994463	60018636	59084910	80613199	61085590	77341034	49834985	25863629	70631490	75861956	57524456	28828615	67164539	27043840	56514540	29252140	56382400	54112010	30497734	74773714	51517670	36570610	63252912	38569286	23052828	50298252	58824309	45132872	47805112	58062538	60984790	65102644	44254338	34372178	49898080	33100980	43979476	47381784	81717716	41769638	69277456	41336616	37353475	55234864	56401674	48812920	10673804	66459440	36302126	77068570	75965079	73845086	56025020	55005892	45234664	32775354	71780047	33090253	19264896	70695100	80321915	70432196	41116756	36053872	69495348	48578920	49579862	70633320	63704422	57067512	62593953	44627806	25410588	36061156	75183544	53751461	53929432	59225212	25191341	8295500	29210355	55646666	62737926	76428822	73271846	47953258	28147190	69854930	61645110	71901173	23325959	54613971	63039476	59187847	57276021	69020884	24038532	62770902	63175680	49760752	50323757	45440446	81817282	55925422	66268408	28208600	42375658	46884098	47820076	52675479	102201594	58703439	84590922	34615906	73907048	22663272	35426470	20771223	34188938	63530858	12542796	55356807	81269914	21563083	63589398	92413972	59191993	76314222	53602117	58767060	48429763	62173457	65788558	103751222	117695942	47127906	85399983	48268586	86068063	38305170	45458680	70422368	45874568	121907073	112248969	95061366	102832124	45831460	34159125	33332200	109980500	39397468	42015242	47372090	32465238	57709863	15154336	81396176	62156300	51067126	78843376	36841130	62995818	22031644	62131056	93031198	63160740	53860280	33935836	60990184	92951452	87878670	55316013	33931074	64458928	53576971	40194138	102786659	39613253	39713566	25557954	42045662	77263173	75874684	84860363	76597522	101125104	121874996	67401580	81991646	105521606	73804226	99105088	112113844	46936336	42093690	98124176	101566852	46189266	56193870	80219373	115754045	21106795	88389523	40315138	89581132	65278164	74227640	103548182	71061878	45589358	44082818	118463113	54909012	43635592	40024110	118782934	67468739	43925105	36187936	64326523	41835536	48449493	34887124	26317900	26644992	60525972	40925213	16870845	29665590
2025-10-13	188303692	83039260	50317872	85718723	74949232	75141260	73251904	61658999	57544017	81201328	75320916	53653523	57133131	62989953	46091472	47574758	72488764	87473984	72446192	51480042	87389414	66376144	65284013	58609975	86982808	105445644	72252435	86943520	63960295	85634663	52596168	64633331	85592009	50135487	76505900	86723664	79615176	72113217	37022510	89386436	73978476	85016464	15263720	85081891	75690464	69470407	71045845	52832666	79679748	38795946	56559540	96876374	117644467	131603308	65638050	103912112	90036952	105128164	128226203	111373153	65333726	110886895	124962688	116894320	97234128	56766664	122647687	101818772	69133756	83405248	71118590	133516329	70767332	117897960	113915036	99277929	41745296	131135417	90891964	73200318	136850696	92054570	82127212	122196348	152490530	127070745	84974748	86172012	78554799	135089038	87762811	117677946	84716867	117105322	49834985	105047184	122034186	76080948	70393708	91709576	115501677	97946776	88132304	66372828	97005860	108091292	80874962	55512204	90560352	82274270	97221208	81131870	40684730	114165490	70516477	100393028	107897536	83170319	84637732	84692128	76921073	61178860	39183740	79408396	134170220	86659320	70912054	118849116	73553636	105635176	87812772	99081872	89281264	79478606	74278776	50417996	82958054	125844658	99570340	66505100	74432812	59253188	117930716	50428178	94875407	87605755	38197972	108528164	89057687	110090376	77720760	72055336	79715404	97219940	83938262	91058652	144930316	77644018	65460450	58729778	64823980	78388232	83333456	57136025	130652792	95142398	74768027	65562584	47800338	91288540	62250840	112476978	49023170	48550534	35779050	112258462	78742552	84786449	52027402	76933196	80424736	74581348	72187096	72433988	47214332	83169332	63341336	77705292	45207114	79339854	147171606	75872388	104109688	76334200	67231220	31577514	110520218	60572795	112620742	58504347	122609768	43044134	66910322	92127179	70610561	71471192	51449317	71949802	72162994	124599687	71333784	72183164	69628522	102511272	61912917	120509357	93208095	65934372	85715693	100113343	98321474	173608866	154641448	93212954	161435238	87061922	139512140	83253311	82290040	141442012	49989136	155185988	183173727	128075768	173666396	41526488	52095106	76353544	144212440	69437612	80350697	81238040	78176715	84047432	92560944	108576400	78318072	82081254	90293608	88884171	66114926	73128312	53649467	152934659	89696208	74689480	51567394	113087592	87153300	65175067	104475028	103904050	145063024	74134764	101144027	177424793	116384291	83276244	70767466	80175848	129086860	168844804	125732318	92391054	185278104	175305748	84101032	86106214	139817720	45180455	110368764	100380688	120452053	134096962	103698752	131409416	85434501	85236614	171290453	102646286	50774546	24171863	28475901	97173162	81836436	130802456	69932442	128514330	97684520	132610324	205154399	123579140	55598334	81508228	126286708	77902192	89719750	95920536	48588902	63284216	30418091	21826440	67144144	41145372	103068774	65459274	85667116	91532688
2025-10-20	21613689	42123780	0	4778208	17262732	19896912	35301870	40798066	40118814	37094066	37949090	37829142	8361864	15422075	18997532	34513638	6968220	22325359	19057235	38188674	4910936	4645480	38540722	4247296	41346334	19200192	24444849	19844172	4114568	15574015	26881434	44646642	39040182	21290945	16023958	37276666	20535662	17767389	35797974	20870010	19141668	40807732	4180932	13512359	55795031	39216210	25110895	21538923	19820391	11036109	20083816	28956686	23373264	86899508	27573794	82615572	84769972	58761753	3276800	29842087	76867446	31124787	24115379	84191270	78776546	41436822	3276800	4114568	82551664	23681244	13224621	62112457	19367524	11173820	60716827	31425359	0	28543469	84516872	65081973	99198688	24251332	4247296	31217077	142606220	84714322	23832520	23145109	9560336	90793928	9505732	22631844	28784149	53573910	25569686	83460874	4114568	81029296	55769420	24315863	25313537	2457600	55477652	39803524	26598464	70409634	69666940	73292668	8824968	49904589	24811508	70025796	36159118	7084168	3788800	67949504	51330420	20395937	22064167	21918060	62324878	34137394	24882676	38805052	52820812	6843332	75760134	71572300	0	4114568	69081622	18797450	1638400	73122020	20709004	4380024	32680990	69315300	9848968	70083736	18785782	17926752	19592956	0	54429389	73166882	23469004	23366056	26597001	72493660	38013328	70953080	27875768	24432538	0	25203540	53260310	52964890	73048366	23798703	29260044	23254004	24339980	13360159	73993024	71734036	64988746	16374055	23866987	52484609	20987098	21162614	77004688	35614916	38494180	33335994	20548370	55920926	4910936	46133394	16854348	41877974	20543075	50608948	26561052	50820988	35001144	71300788	27753382	22867138	30487150	20849998	45637136	36118000	39067430	18371078	65243774	38837634	86042980	40218838	29059706	19475821	28280410	58270334	50035078	35722014	38163970	30820754	34443364	77057506	13652514	35527110	46769724	90813052	16987619	62607879	42555222	27644372	4180932	34661591	17925558	97472906	114710294	24942082	89589833	21654798	81050807	38937038	21302514	102147800	44257900	95907430	106881462	65661434	88483264	33180304	42312090	24446368	99569564	18271908	41557090	21475161	18090811	16449333	0	7152804	45324080	33834220	82571640	22453055	44531148	17120708	24879893	76928678	4114568	45964952	4313660	69622456	87285272	67166117	24696968	49129276	91504288	40714170	44869768	73133897	37290513	15609487	25657122	38225434	101123406	85927352	16430785	82480674	83426372	25607152	35541298	76936708	122892126	96635438	96703456	23877768	12650797	53346618	86423816	34681628	51967169	91299946	97996326	73760331	21173159	31299245	17768465	17100800	87118936	124505795	90023130	120181471	18246613	100697158	24901768	31410516	21320066	45599374	94514478	52607054	81304269	23805696	67967122	4446388	43169054	23879048	61011148	25517492	60970508	26557785	46994478	29609542
2025-10-27	78180231	83304716	103662286	102110631	94733796	118784196	92543749	66702663	97698523	91928653	113445922	115270726	127207242	64449961	109538804	88573734	95725802	124076846	62082641	106136345	114078620	94987124	102628782	86556261	91893744	95138228	78683756	115746832	149284931	89107116	116085410	84806252	110196270	121772910	81748656	101287041	82137008	76245948	101378386	144961882	108014516	113072890	122672116	102907910	136058559	96719656	135534514	111475643	115537782	73543688	81662544	167715640	128657501	175873912	151426068	108623956	124515372	107718492	153554478	219990533	186248033	151317837	110928868	103495133	142080238	104688692	94772125	132400084	136810532	160879824	54093036	129919248	99293088	128256568	143653170	159120997	72473388	182215003	149195536	131571273	169535896	107970580	159078032	192611376	147441320	120898893	127529760	103246816	122765721	122730346	116377992	127105888	133888021	145412496	83211698	115351867	140851936	153618440	212487708	68304698	129786717	110825656	117664892	75331968	110171584	122795753	132446742	170465906	119634499	157702388	107071244	128405610	72078500	163202826	121901966	106963064	108655736	139939137	107751963	160811196	98577092	78431313	141581808	118574354	131250204	65663244	129842803	128089734	107138052	162342052	118877003	137910936	106739260	129992026	118476920	43781596	64043296	126939630	124643760	150791400	123091934	73186340	123315828	122146507	151190922	106412419	56818564	146163856	159000507	110428248	124279364	79387492	66956324	104810400	72632276	149563584	179575626	140817018	181006320	150424078	69668552	131089480	150340680	57467845	108676620	83013440	130317518	78751167	126534363	127302497	163222302	163314610	154573736	89301542	79406760	131812544	145033142	122165823	72964257	138050839	104048212	107228661	96322767	110891928	84341336	105575806	135508148	131779704	93148382	90084524	205453256	101062110	116044044	107134896	93462713	95439046	123461198	101369118	209672122	89875385	173741542	73545472	82733460	114544452	131596210	92441507	85101604	141330394	80931484	177567390	58363380	98651138	62101596	96993088	67885677	161392914	73040104	102856036	64351804	138409669	124741624	219616106	200122796	78963660	221502511	115237018	189332391	101304319	54019636	137153204	92678232	194455887	206312686	172281006	219418152	90609784	127176142	108756648	194757380	92421364	87916193	102995781	68182312	66469911	84309292	160815940	123184412	69195568	151793524	76668640	83861696	94826932	93375497	185010414	148494484	121524272	95391466	133305452	116709764	160821588	139289859	78151958	109701228	99205309	152022769	158409880	224605810	80688048	112401136	118106942	193566744	210863532	180166749	189954867	177416892	224739668	118774352	216207292	255343166	166492739	236295176	286848260	176546699	186511046	158748212	240010852	193946695	167494579	159781009	154577895	111904919	158155325	117805569	185512096	178485600	293292412	144849153	302677700	118786917	136154502	219802571	117510608	116306696	98600267	229162328	131685642	167233770	259873596	138209462	109433412	122429520	109788524	199667292	113050304	181777008	151556996	72637887	131591018
2025-11-03	213635277	244673792	206136072	277934153	312914168	234383264	216208436	289156417	230602781	208564947	260178307	199796822	193197457	229029547	174229140	189307541	215189560	216105670	189643598	268645100	204048540	182374720	239253400	192070083	236576513	212962168	245437476	262064076	249421340	277491202	305569342	210410034	219846980	234060515	189390938	218355854	215790854	165413269	203523156	187876500	190341996	243062472	312625808	213366668	208776410	227519139	275890628	199554859	251438627	156514742	226904852	367434616	374933839	340552420	324354006	370734484	342361448	310330267	320607206	418791762	299275951	295238188	366765538	390327151	304694942	282560610	396352906	292125196	352811752	238800240	172779229	444036115	182529700	321507756	333929745	362138529	192222680	360417561	382316076	347337351	369938992	429650602	217376814	365074638	485017540	348573202	346533604	273636658	269575921	383084006	365759844	313902513	383680689	302149162	167068178	343331919	306004018	338230564	318505200	309495516	337136285	286180216	360166676	228332536	345487296	352266061	300571528	202905392	290154431	324106503	247715072	286320946	145890526	293862842	328248597	211442540	303550900	305321931	302659557	304183328	271809873	222520733	273073072	245481486	324787752	242583584	315452525	335367606	253968416	295212740	253737107	278717816	360296386	286565964	330248072	219744916	195975211	287336650	373039973	372383414	317926016	220032040	306957872	226078472	388348686	327004644	188482848	382173744	327869703	347834276	237141080	286471476	306803588	303896036	200164266	276689040	320325766	218778394	249831016	295778360	191648402	331942840	305249196	202497345	370624732	330043980	292743596	169916666	234357828	309279615	323537330	313948970	288329114	206153018	176982608	293308930	258107570	292244598	276332009	212675310	233093188	205505075	198343898	303458120	182236380	254323616	246060160	288023514	190448056	157270218	372115415	209730016	298266200	249458696	231567432	225785910	388428034	195962942	280304028	204800953	298341360	141693316	231050898	355993762	242604588	141149620	160254347	214095132	128805254	280131931	160320392	177803350	242060012	259472868	208037055	317601703	213685129	239514628	166260313	213734614	218874888	302028172	551894206	188066042	435728995	161727750	392272092	189999478	226960920	349857088	262679952	399361828	455473138	377881040	389693972	170800420	160924456	189357488	360089200	184290008	197267958	281175509	217554968	161732859	153952140	335106672	257884288	110496116	341852740	171653744	220034606	215004084	182769154	245775854	288961400	199408320	202707186	354924680	267436204	393063574	331183540	299579828	393601164	203188826	349848254	304461879	407474719	202483306	239866900	157346691	382465177	397862500	395332374	300262001	390763068	473283216	236151828	313437484	450773587	250737000	439601140	390148964	294676051	411630880	267615108	390351064	402569525	300165015	421995662	357424906	213788874	335647376	252413336	375262980	297866760	451224914	267916976	609582842	202003308	477392264	725330987	394995684	192345142	195402776	524693370	206656536	404459370	372138578	293635947	229870388	204577621	237807840	399529094	289312544	333273494	473229644	259819996	233924946
2025-11-10	282257580	221541464	149513620	229436208	158334784	233985080	172959187	202012189	198613190	207702215	165265088	218499819	220734335	221412797	174827244	160712059	178082446	192280994	140833757	230030463	240521872	206340220	88197061	195321919	189003723	199668372	150235071	187596988	171910188	169491871	163311802	186587093	148572812	178815000	217987926	229468303	139923834	220025997	172179069	239423696	135745976	170986988	136608556	174462794	227077444	207662649	205112516	217111598	170564327	119327539	123216524	347967544	362576999	226902404	246804066	267418960	301754124	297119468	287674434	295517324	344288220	334400652	295572270	241171879	221103808	207818208	264556546	191302732	280864092	251241692	128906249	235867472	168051584	294971544	245648039	332295271	122778080	230373264	268494960	238926425	254863528	255437902	199657626	273896069	325151134	282694369	254945560	220785000	265459762	320130366	214278815	258941987	235262252	218998350	140943999	321428054	235864638	256869448	233943980	198463080	171992709	191021684	231638032	106641392	208933580	193381715	194507610	287074444	210581189	281121199	209377204	206351320	79731282	249357112	173694661	268031964	227058552	177788806	227386948	229425080	176105380	112872042	245492536	213667276	249270452	212796600	294659710	302092560	212656892	202643032	307233812	258873948	177761805	259093346	245351056	79044740	138833771	199396594	232895511	238011008	186226956	158260308	181696512	131831420	191741734	258598434	98533828	276437076	213415372	314366104	160883368	191554596	268173964	235963516	114560950	227180868	214049696	243686000	244832275	221363226	144971564	199613064	233051344	197939224	184095188	293341248	187563499	153790214	265729878	317571988	240550512	215392114	251008428	207244418	161808754	192932856	161267852	295467965	167527035	213007130	192615364	154007268	149417856	165893416	207151720	206924542	179372372	281249090	146126699	156075666	214664080	173353376	232784096	156791152	207194131	176477104	303258022	167422158	286914250	203454539	259392824	154368840	207777704	250477501	201667263	174131337	102892895	246669890	128738890	337277939	156519174	136833636	196413456	206352644	140813453	208704957	183067519	184489260	174126590	154149353	218211248	363875844	560341118	154750032	339693085	144422376	267602653	160893703	183718564	372424288	205391504	274316913	398672773	353632820	272234668	187714552	154912195	160139856	300526620	170492692	148290892	159047251	132853537	178882901	175408168	318396136	152147628	150767644	218535148	193186813	152842378	141392624	139731320	261872728	265936736	191238440	187197610	249448348	286781208	289380613	299384178	208477566	241007088	154039964	289702484	297958080	373765597	164438812	165739860	190594825	354978445	334562316	293168939	316672230	356742692	347513432	247455686	298652212	300405201	335869751	398306680	314419414	276647148	274351884	335303300	375823524	362836222	312857016	335796033	356717527	214411802	275933992	201822885	323040680	312268080	551422209	300667784	521209163	208037412	378667256	427469197	263148236	246419580	114461951	447281480	228387002	326397844	330262318	244601822	181942472	164048823	143614856	303029438	188937764	255555768	282680425	171439452	180407046
2025-11-17	73866571	97042064	134734598	76304461	132245640	114935084	89756461	123981638	101680363	127917019	123980651	94256640	69476835	94630471	105623328	97333782	109396786	80306672	89435376	62828286	95087638	104547588	80696528	95187102	34338271	71624376	89567452	111300444	86187368	83686793	109763706	97413677	73613691	88813800	70104722	128621967	88839772	75184124	69532268	61680934	67777788	80636440	121411200	120003925	79605940	122681634	141341737	111741099	133101797	48305683	121033808	173209204	139690451	95971264	158209088	147572496	104502860	126283053	162024106	140196275	105830260	120517308	145428047	138058095	140875473	93336838	100039845	130812712	131259544	127073404	62189444	97464623	81175716	163093660	141355783	149030387	71477148	178931395	137606340	121402864	115198976	201108458	111170198	157196379	199217296	70547380	145787704	119613169	131344686	172464760	175724975	132123611	163854962	145294760	81111631	114820955	131776834	105891976	150744976	135981978	108106420	122535148	166300340	112400676	137377364	100089595	131587586	80217694	100512064	126874924	133015236	115851356	67387578	115163024	124298607	115951288	153530860	179254223	101396740	120902440	113609915	99198871	96099624	93503418	134888464	129955032	130600154	119109210	85385684	141673744	100222840	86495886	84677093	133243862	124781500	108449208	71276972	132458914	142475353	124971618	132275130	76902724	100679756	96737557	94875407	108888236	56154924	123593824	136011438	125046484	78318036	138695848	67288144	87729888	70665462	110401592	132623954	144696204	81783809	147959417	69204004	126555340	128682356	98211962	105248180	122498628	81859347	88307583	97559480	140354510	109178060	104364834	127670500	109745166	121972646	160348598	143814120	127454859	89420555	78372283	100796376	84137764	61987865	108512108	111565340	90636348	138165596	122641828	120039032	84980794	154514422	68202762	112881404	97508216	75725812	75010684	139704164	89252473	160887980	106068201	142320746	82770068	132390078	116524300	126237850	125289560	60414196	108981750	78608744	183208330	108973126	102501078	79320888	148862368	99007263	100673143	116097010	111284264	69329104	34796863	80587730	229553858	304479574	116487752	281038219	83559432	209541980	103301810	79768208	220757156	106722740	280202541	204261180	160211272	233730068	82778832	98959449	31199816	247154052	110029632	86220496	128850966	84282203	83051972	92694500	197656292	74168184	114887210	146194552	76137728	87445352	65033108	71753836	194955925	179414928	128957040	108377544	158215946	158591228	179736506	157483155	110880110	115348780	94161645	178489676	198309323	130160628	126985597	112135680	104682789	195399973	153740288	211023741	114133647	144290020	225702696	133678204	209264246	219205984	143498747	145617996	197442676	192955478	203566594	166417544	174652000	189891281	193509786	199694521	228588074	104007603	107003809	114525193	187598308	167542252	220193038	167663793	330570614	136697446	172984254	282308568	167547156	103813042	59837073	199874828	113818593	161576236	199543720	178986255	118206568	104729938	58577464	112998130	141453788	105128534	161988329	115972870	121317802
2025-11-24	91033872	126317536	63697198	82670692	103966484	126880604	110707406	120132526	118008050	79608592	96540249	110957066	143729787	111910738	84086536	65357437	132434732	127645469	135667788	71844579	91116676	94124392	87415359	59402822	37324651	90890932	110991050	115149556	136282454	79285244	105865354	92104557	89839305	126152934	142695146	80618176	123869152	123376263	100316562	95890108	120652512	67180094	107911946	98328794	100635613	117770698	147619565	107294711	99632867	69296392	100618172	154258396	149658187	183954816	123055906	91576912	109124700	100412056	160674053	165565585	143047011	145739480	78457394	139474915	121490789	153484626	167370146	109439904	146695400	136681240	49447556	175335307	79129196	167407320	149709051	190144890	91852456	171891171	202379532	160262390	151782596	123727320	151072434	173340025	141402196	158206800	194425300	91848135	136989546	200993714	160780778	133014004	166443158	146341592	106216425	164605326	125142276	120804596	128746512	113391579	140068430	69946544	158241796	129323496	118099572	117404589	149561502	149939216	134247070	144786590	89597976	154906730	62895748	154725014	118372570	75514724	166102568	87815799	117812168	165402200	72582793	101258342	168222752	88725210	134911984	139564996	113891328	137623660	133729596	103378800	99921692	125855862	130991530	98774094	149077736	136502536	83919823	155154676	113401148	175801688	163558550	86124032	160454084	107617022	159686546	142070222	79932572	117360848	165829535	152954744	102294160	124247484	116403280	106050616	77368226	85597680	82326986	135375170	118699264	121830387	67876724	148681156	134177020	78924412	150616656	192877282	77147503	67704085	143101310	157856038	150928888	116592584	102761580	94181052	61147806	117059502	133220350	93206081	121772018	104715190	116856464	102252189	111034750	109576596	62691908	79644544	115103852	127930592	79875582	87170806	147282946	121075440	155421232	95716388	80636748	101544534	126471044	94229773	104948696	88159488	146227626	69563632	86781664	159854550	106983251	109163817	95731322	74073450	96070918	182876510	103151564	93011026	110098342	142736936	102857940	149840045	111186074	61288892	86113877	104830895	44345708	204396808	265335926	80670158	243495633	61342294	201755446	92278815	82422768	159136348	79695548	172506992	185791837	162774788	153591356	79801140	102277649	94413288	260775052	124983340	111910194	109324981	92179519	128626162	104132452	203243512	119667120	109434292	92248904	80451388	141083846	96288144	75602948	178828720	132584684	70451280	70746590	158417430	136766824	197263128	161000447	95749648	142148500	47221074	79760850	170703529	181303548	123321630	112002952	111072358	231244992	219195824	179603789	127381648	182242440	218649172	109085208	127180988	162173299	147558112	218080404	153391252	139697691	120274336	163045376	165969332	216167781	164359002	190841983	182002323	124450758	153509845	106988237	126447502	186210884	323717738	186296673	298177278	167887171	249757770	251995027	213415960	119293076	98135719	178525666	130491090	171414702	202838516	130606417	124511148	112186085	83515696	155680948	133457080	114018834	151735469	85792348	136170134
2025-12-01	198569893	92993860	134282154	157522536	107284684	119116360	123797415	153184079	145252248	124135426	99217985	105352741	110016037	113044978	94656184	108627422	105527318	122725290	85586264	127809594	108817296	142186420	66164213	85557280	145280045	121959504	79413760	160758532	120323666	95124715	184578704	132968451	152274548	118326729	134133184	97341904	163607790	99105202	121220119	126082792	62136848	88416574	138318538	84020067	160153080	65687659	117197355	128236358	109532863	87187678	101945452	171313506	136488453	200691336	104782014	222792562	130532300	199755991	135045259	143486661	130836035	156619395	182912169	207390170	83715643	134643510	131341371	206644532	99242452	130453728	58273968	150180089	132512772	215120816	134105281	192378022	83712080	204192423	199802144	151745929	250451648	257505320	127394204	255173030	261532820	196390475	137824024	160017802	203976191	160121056	209573862	176973033	176006537	153020282	114289596	193927762	179535368	145181160	233158340	164081322	126833141	216105208	179304424	104531636	179893080	181811286	176995008	147423780	125800213	175691078	180008588	150428006	98192134	170887720	162273286	174689056	178512400	66424402	154695066	162750204	156836642	93590790	182236052	89986126	110841708	173134728	209783869	186904124	189501252	162243752	163678858	121385402	130701019	269316222	170681248	51339940	92775119	136042816	120755380	237705174	195522686	104780788	206708864	87942472	156816417	209509451	97713608	154790832	191002811	185051608	112065348	158606088	161718132	167749184	108968222	190429992	150239436	149076228	206133588	167171258	78525078	163502484	135014236	55378494	135885036	154377582	94436138	111950236	166712522	200386047	152244634	173542444	111241524	109816892	108269306	153889956	166780328	209044148	106383675	82986335	145700232	141210147	86380052	145841292	137675920	155334970	95586208	206861998	99755142	81706814	193345173	104749896	126010312	109598548	71868959	115083144	256499770	113248274	132421536	103899577	149895114	128155060	132410648	125336752	161912141	123583696	124139784	127810288	129983370	236372498	160327672	108705734	170870870	199528912	118883470	199615289	139678793	153485632	107584774	83215848	125540812	307380134	270181326	110390448	303524670	100701478	346287775	112295542	106272766	255601696	122402416	145859060	311691368	213993550	306889400	73894744	156233767	118726928	228731720	86610476	98580449	105871532	117065110	129003990	93421616	243828996	69914080	98970514	202324280	114589062	112039718	164021544	100549205	238291565	223288364	141557104	132665102	159747270	222799776	191479801	145042552	186298216	162997800	113989434	150576730	231519157	288204871	155413308	119800344	89163872	175273180	227552600	314563736	211056874	304702080	211267776	153187462	258051270	325267867	249573897	241928620	261740670	221024984	276778400	207087008	152331132	140433869	183056701	272530366	197398162	172264576	149518570	122766433	240626860	205119676	355576743	201468628	445930317	138292314	239861972	328532942	263636552	131440164	105436447	210467726	129381058	287751300	253108238	183973459	105119752	121794561	113632960	207099542	127484320	184873628	223743930	95407632	179888510
2025-12-08	178236583	92861132	84111108	98858795	77479156	79521284	35398218	111370197	85219948	123006083	53039759	61683567	62309523	78345664	80370152	69534668	78461524	81434860	82677015	68592743	94092178	98836236	64354917	95182753	46112782	85162632	75631012	68292564	98526205	84196180	132391792	112012022	75189644	89278348	69772902	69041179	68006882	77374136	81411424	101629126	84360096	110219238	88506296	85081891	84052328	74115887	63526018	74703065	90430716	56421776	101945452	122898396	155548057	95635180	85029402	128695674	62746596	101212688	128226203	96892665	146348775	69744925	124763596	138303539	101577772	81192226	112036324	89753016	132858676	139563408	66985837	137401821	56443472	151720748	152760131	144112098	54420820	97909739	166529756	131644789	153659120	86886382	110373002	192669349	182205348	116334828	141890036	116636417	116734437	94247400	133793337	132084908	142273405	121714422	53129604	140555669	89759246	136911148	83167576	116842507	102863664	75090264	98485392	61210820	94754504	101181596	118919432	97421920	56030422	78576454	76457904	81861530	45396574	61214752	98869091	90597564	106958468	119515805	61703034	63829840	108928399	73257108	121510144	41197388	126062052	93834472	104435087	81255048	83901024	95348756	104271044	112914882	101185384	69751072	79919716	46900704	48015881	115303854	113202056	124241614	105833030	72788156	77569508	75306216	102984304	85676179	38463428	105874292	44266809	133489376	73539828	120993516	105002976	83895154	66194968	53226828	99013372	97225064	91631348	100776975	36655874	69423876	126850572	44240414	89133428	80057826	112957957	53303097	72763397	104181724	108357416	91796724	84870898	35840072	62284848	76603358	99224558	86113729	43864630	65298575	75646528	63169687	76168936	140190724	62492816	75048304	96223040	114479056	75820763	82850848	115395266	72288732	87848376	68569612	71412152	59360530	115657772	93367041	130762436	78204888	112692648	56768431	64190334	105662748	83462100	53951805	38635326	46209436	86979050	140765105	31419596	80606175	108338974	59478376	14732808	99676572	104416946	70114476	77287465	75185804	70234946	128335684	176070212	75247276	172907029	62935030	168036485	87434243	78308200	157765932	81462716	165257965	153852528	102386086	147571864	72832920	33639629	70978060	177160248	70034888	72814968	82208880	73935624	24678469	43050560	127179296	66270868	72314676	130472868	58082165	82866236	34573236	70625648	145435527	64773512	45772968	75238076	121029670	101114224	86017215	144644368	65675526	105448440	58288815	60455191	159971876	103432651	63950373	84055894	41979298	116611869	147966620	141897647	126695409	147173932	151006936	54533968	81726190	172269648	96803081	207214264	111715660	147636644	148912778	138950764	176106500	114240043	142492308	127026492	112435845	85555368	116321203	62558531	115176524	78378824	116056080	103282726	231053680	95289020	94618002	228525048	128091892	93841220	61297081	164863312	93962280	113754866	194633200	85705084	55572884	42652446	61556528	115177074	91183520	106920362	123087596	81080504	100810444
2025-12-15	293804160	310593540	224577218	243057645	198266152	216224792	133742110	259248171	226976270	186424169	218278806	236916015	244783755	227112630	210284080	204661145	196631661	232832177	218446606	258728939	207942042	127282804	199884882	250399253	299277294	235608708	195016188	258623376	270245676	236350954	293759182	238124466	121364340	200302632	194584892	237575694	240316582	251645811	167075437	162505498	158135312	211304318	198111794	219944554	213580861	199489220	277776749	294868439	192510412	171405930	222146644	347659364	411747911	333965588	299985356	428837402	374860140	381181231	325147352	471326742	412272369	291950797	344273743	454912999	334315996	199125318	477468204	273714468	274463092	212465332	166490339	406136558	248700072	385692516	237560158	524197280	188441536	434522209	387694552	310585173	416455848	365750804	235161372	304963018	700771650	431549033	390779956	396283619	374233318	413775474	444629602	298267364	425391801	365077710	180361212	388873449	381936402	393728380	250705052	352810118	210687848	210693164	463417236	175274184	286569216	260324741	336769000	333343238	285815635	220934187	310210120	387847706	131704754	338665306	158333602	295889860	308877596	354160638	269219005	346385764	222378797	142956212	190829812	161770854	386754332	231232476	302802151	334496282	276276932	272850632	220722361	343672908	292612517	287721162	392934272	132235720	172542894	334277496	342306466	337182740	302736906	194339712	245060380	183141485	148590237	339410326	146490472	337767936	273979024	382901672	238316308	319108124	326192540	344192600	185777612	261739316	339277400	252973282	403816385	256037720	114222774	391045040	293279256	154176660	381800868	315686770	230642218	199049541	241011458	323687236	368670598	356295338	221094694	117281086	347960996	242080950	135646716	188534707	196516275	225553434	168110080	185496540	253004903	226747160	215817940	274855694	258691108	302656884	171292823	206631542	338245265	193686698	231516416	156330888	153169347	219439174	321035340	215619478	434670984	178307696	309571248	132459627	212359166	252470628	206262992	217810176	192353030	253625938	153384604	360767839	169279464	131898746	203949714	414793380	223639611	282333750	210136123	188111892	115727145	232094147	218013338	360165920	601932272	123225850	641886235	154992562	358848865	172668152	228963092	295576052	157484312	459161009	554427025	478997144	483542984	186119868	220786120	183737752	503470656	240259504	258090168	182397728	197265635	231716419	200023436	385991488	234524524	188040966	311833360	178218930	203756574	190598264	167756116	291740724	270717420	184274196	129276306	259766998	315361640	322556936	154791320	241593410	409338792	210295125	241388053	359214451	483374919	174867932	161185734	134774565	548440682	328607848	381255219	418420873	453591148	477018100	238159164	316012416	395241876	265267250	469797604	314106416	479026499	463260698	215058936	510538212	428748301	290856076	410631524	408745685	196870560	320370765	265363911	387922542	383370416	717290766	336525345	758476483	321188095	322335850	471023169	492079852	210936966	209841631	489052428	212662585	311033354	367970240	297712830	203883236	138916473	151121304	296791804	252747664	252818782	397959993	193211299	261224608
2025-12-22	0	0	0	0	0	0	0	0	0	0	0	0	0	0	0	0	0	0	0	0	0	0	0	0	0	0	0	0	0	0	11943578	0	0	0	0	0	0	0	0	0	0	0	0	0	0	0	0	0	0	0	0	0	0	0	0	0	0	0	0	0	0	0	21432499	0	0	0	0	0	66585144	0	0	0	0	47185920	0	0	0	0	0	0	0	0	0	0	0	0	0	41115257	0	0	0	0	0	0	0	0	0	0	0	0	0	0	31457280	0	0	0	0	0	0	0	0	0	0	0	0	0	0	0	0	0	0	0	0	0	32977604	36749980	0	36700160	0	0	0	0	0	0	0	0	0	0	0	0	0	0	0	0	26214400	0	0	0	0	0	0	0	0	0	0	0	45150230	0	0	0	0	0	0	0	0	0	0	0	0	0	43066450	0	0	0	0	0	0	0	0	13992049	0	0	0	0	0	0	0	0	0	0	0	15607118	0	15939320	0	0	0	0	0	0	0	0	0	0	0	0	0	0	0	0	0	0	0	0	0	0	0	0	0	0	22308278	0	0	0	0	0	0	0	0	0	0	0	0	0	0	0	0	0	0	0	0	0	0	0	0	0	0	0	0	0	18754210	0	0	0	0	0	0	0	0	0	37538575	31067038	0	0	0	0	0	0	0	0	0	0	0	0	0	0	0	26214400	0	0	0	0	0	0	0	0	0	0	0	0	0	0	0	0	0	0	0	0	0	52428800	0	0	0	0	0	0	0	0	0	0	0	0	26214400	15031732	0	0	0	0
2025-12-29	21613689	17624116	0	4114568	4247296	19896912	17632745	21902401	26614355	19221917	14733056	19101181	20504385	15422075	18864804	0	18155373	4645480	19389055	4711844	0	4114568	0	18187257	4114568	0	19969577	4247296	38100546	4114568	23574306	20040193	24108034	4778208	16023958	4114568	15722862	17900117	4380024	21732742	17535948	8030044	20932022	13512359	0	4180932	23805759	3915476	4114568	15150677	35622984	19149462	30007969	51961852	27640158	27969034	32090760	19095473	8785012	11711579	23371639	31191151	17049779	23908096	8331880	19153922	7656824	23684820	22204984	4114568	13224621	62173897	28441352	25527288	28237115	30960811	16658144	9989192	37619584	4505600	23775368	20070400	21477490	7972277	31153026	29913257	4114568	6048752	24436041	30606594	28845633	25455301	24205033	6090496	4247296	18298133	27340126	29130952	4512752	6217516	7084168	24586240	4844572	4114568	22019348	24128149	2252800	4644652	23701551	23316378	22257216	21845214	9203674	46816966	64211182	23455576	23267112	23365537	3993600	22050788	4216968	17186089	25280860	14426842	27630412	24623908	41522498	22883750	24890732	21807568	23003515	25062418	25353739	21498926	2252800	4114568	16027415	26345782	0	5632000	6018424	13933152	24238436	39107030	3584000	25994325	10836668	50021772	52949370	19272328	26830024	5542460	21106640	24432538	4114568	63003468	4711844	21479194	7252932	70711893	14895306	63037280	21592648	17474727	21843444	9367296	24119889	16374055	23933351	4096000	25011026	4645480	26967902	17355942	0	19288626	20946554	55721710	19410483	20195577	19044360	15459865	4247296	23708540	32482088	20862978	44788520	25268382	4844572	24807540	31349882	20212422	18261768	19448552	5043664	18371078	28203858	18686681	20172800	35905054	12770772	4644652	4114568	23855137	614400	16590291	4114568	18411786	18789454	33701511	0	17547559	18111262	9234568	21367643	20769732	19769807	19843208	12869297	21012063	22040126	23788094	49481494	14382022	56296973	17372566	17934927	19119403	42564192	24793660	9954600	38900599	79253639	21094400	36112420	4180932	16138445	18723384	41472728	18271908	15034861	17227865	18488995	21426633	19909572	32193008	20409068	4114568	27503736	4114568	4114568	0	17772549	34929407	6041600	25872864	20571050	26214614	35983292	4114568	20582400	22707718	5110028	15248673	65692873	64204434	90024858	4512752	4114568	21188741	38989781	24727296	17817600	32824281	20487452	56409032	1945600	4114568	82787337	72258839	18218304	38610076	32004397	18018618	34787464	38796196	16559601	30651949	42360731	38673167	4313660	19968000	21949397	21547188	26765868	25324572	15470609	24594568	6638532	921600	125317995	31410516	21253702	21272971	20907446	4180932	35098693	20881256	18363985	36778888	15728640	4247296	4114568	18349492	30727534	26557785	21649053	4831368
2026-01-05	114306661	159349200	110338848	142124749	116177460	112292812	106430126	123848910	126967190	92127745	99327537	101014117	132710434	102268383	105057932	79419203	133392191	127768954	133533373	146002687	101525318	79586628	117228862	86021828	74942841	94939136	96602036	126100952	93819228	114614206	114830202	96550945	113249014	122230306	117114772	124411374	125660980	131388144	107159553	136712792	130938932	93776512	104870962	111044785	88299624	118327965	173310268	85188577	96114747	80863413	161543376	210270852	195059214	212006120	191034728	218708264	149853440	240603629	127834356	168434282	134419691	138376857	184206996	127313468	132911793	166169778	149201815	155548628	210127836	251184660	88572322	193302759	114933464	228412460	199916181	163563275	125391012	227125557	147883212	209726954	113059548	176437458	120701340	282527941	363818310	293829530	185797980	124192285	59498162	162058474	176208586	160591233	177572986	158815338	98782829	137233656	166350636	163785724	180013908	106713779	163225515	184481880	102923224	108485200	192333820	237192479	176659270	174706806	172478650	161532932	153381420	187281758	63205818	129262922	160283851	120132220	167185164	250738019	159129694	167386456	99542224	111940759	158934860	126139850	192963792	168953796	149619275	242741824	181419868	152867116	137790743	132638882	188027616	205866910	124840712	107453748	67361496	149016040	207158451	225872018	148493416	105580444	207214572	101316673	218495959	164989261	97292248	166609552	213479701	153277952	124295044	182712308	178759376	152410296	79931488	196833396	113176000	153655344	193549116	146027274	86186364	155494160	177800456	119270345	257768280	262891536	174618002	100699798	143467378	157240194	163892406	194917416	93747328	96973578	96404798	113963226	136409962	128954207	106807923	121770738	111128804	99265809	146754356	173237676	71385592	127102424	147455112	111024074	92750198	106056104	190405330	123236854	126220568	62924772	119704178	68983310	172596400	114111006	305523340	77683543	283589314	73678200	136172826	212240632	140732986	125355924	90283735	113788498	73034168	200863452	103947932	116432301	74743216	166923348	151298965	149980789	81136512	85191572	124364228	153225260	150626404	407694798	312729042	132974456	212033847	87561406	290085398	130185801	182192192	191940144	131029008	212539684	229254827	179820984	322030796	128037384	107418005	131660964	231025536	99567240	111711102	127329817	147273972	115353362	136873248	167572424	70982712	140647512	119668704	97860779	87378988	82019884	123611475	205715982	133177008	116283380	113620300	178635290	287058252	167519134	195713085	126877224	239366704	130248614	218665267	258107356	245958303	115941279	117312072	156664196	274374304	323947048	225974230	170291057	222189668	241230016	115211740	179997648	318724112	136923848	360075032	222556316	207353922	220208898	226655792	214410076	229276454	207014616	272434709	198342307	144960277	183747266	128444546	193133054	179150176	432592096	213919691	314567330	184545911	312024944	368373211	157369696	137280072	162618272	305561290	154197343	183457145	254365384	135555521	109698868	108005153	98174824	142158614	178784072	175536316	180484022	138086471	149934772
2026-01-12	0	111240348	19291774	38493798	40669464	19233616	0	46020466	19610195	17872149	19118861	80831305	98693445	0	18267872	17196335	38260954	20135347	20010662	63427011	53731770	18290528	19146367	18824833	61638957	48413144	91165645	72528280	96091465	80318460	68745832	40452850	0	0	40239916	41577466	82142648	36593714	17518993	51164090	37195792	19984982	20678326	18939559	78302868	75454075	22960495	21538923	59297361	14517709	41564096	0	59378201	0	109044924	174691614	114115584	54116273	55828827	116134014	105316078	119556438	158669337	299310175	168517767	34923522	261236315	54403376	224397536	110271024	34088559	175278171	57284748	307348440	472587567	180685929	50840328	107741722	71022464	112790882	128118592	307070150	71766690	163400554	322015878	59048361	56538420	206404068	174578395	180761094	57100881	292140505	57075433	98785956	43730529	108071466	104094820	104460328	95754936	139190349	98103538	95697016	193885056	20970532	48028948	47800017	227169590	47593850	47337383	99809178	47531448	142950042	27008948	94232460	194818524	47440352	94431704	48555937	46844967	151714476	87924878	49261179	47801708	40527284	156604492	94471480	198898252	184268440	92942136	47804308	139229781	93914900	149461537	248028390	98966808	56791344	96478844	47150450	94553570	142095546	137765346	35853504	46728956	60194379	152536167	94345114	45719604	242782280	141175299	147519384	43338128	94027672	47218640	241611610	33951620	48001260	262451310	246905730	94033214	140153205	28729476	274539656	138198744	33069118	188954576	103375636	45447973	62009821	46514855	276947198	96618660	143052642	149911266	36517948	89031270	56804452	42698004	36510863	20247151	73433427	22076748	65118795	41086150	118087392	56853692	190233820	90867900	41652382	38179614	37505140	66820582	104128468	132780840	74243040	39741042	65502330	186853530	38841898	147963666	41700234	67503076	38951642	48331684	33275937	84474105	19131723	42072638	77046558	40996964	86579262	60003942	56027613	28658462	120598592	137407855	120736233	116581635	91730112	21470897	90139317	93139234	312477224	408004806	41256844	318986292	43309596	299477308	39635270	26836378	137987800	47419440	223858893	162959182	559495626	139808840	38505104	120382465	79734464	220009788	64590420	134445966	26853465	57595929	43343466	73725408	116997612	73152300	109919310	117471472	0	71991270	41372280	41530650	84794910	74211688	75407256	42204172	76595628	40052808	85215170	177207115	175916468	295378660	105313412	123017170	229047588	158203035	41458974	42156012	0	293252905	96046384	138994322	176639667	406712960	117828552	58431348	254060660	80193997	137185838	114371904	104332308	120496458	295392300	61317248	166713684	141168699	182342175	111111718	146376597	82311081	178282419	86523955	424247460	160087684	187520130	61958765	299104413	32582613	234127446	377881260	321158820	46361468	24326403	148683356	29630805	185544807	150314226	85060770	63312000	65926677	47758096	130992536	112555728	69776908	164460555	51354490	57785484
2026-01-19	95724741	107605288	90787670	63104077	87851196	106705948	62500936	88850164	69852029	83590432	75742276	63143575	113965114	86580852	112658256	83611895	86529569	93407435	64538453	102818145	114004566	71423856	90071320	82190349	82680908	57534212	80969016	100480948	51373470	79145364	99390472	70539727	99845621	101543789	85911020	83525332	40537592	44625202	85923073	103432714	63716724	95710486	84563830	76465820	98916201	83712312	116258975	111807807	68232981	71404033	39661196	170327476	171597820	119022168	122203904	146385280	148888016	164089009	200030995	221648260	71389286	91777844	271691085	81236853	175745218	146668632	158085239	82779432	116111288	155788936	51103080	289830707	71895520	102023944	159223288	141934090	79264912	65947942	177390208	188172958	239336892	188403676	105186710	138190278	122908440	159575362	160151488	162795462	110612051	209105736	66596339	132266198	93199699	169843426	81908343	181993190	66799144	159313228	152180776	172993743	81946175	127119704	104884532	106043624	149210720	168811782	148484618	97152200	109405485	129314547	143195268	123262558	38009248	101807836	113806328	82007524	191274648	110666679	93112670	99835008	102617765	72425048	124208004	60269710	157158848	139020768	135927684	98132888	73951820	155828588	144258999	174586820	165387614	125941744	99692472	65994892	75255023	169212360	138068132	158311930	146067702	149039496	179512632	104790466	75629159	135390917	58746960	124626696	214314443	149580412	99456188	229802200	78321760	154507198	96363840	93344108	139502772	78440386	143757983	124119408	55467000	138770432	149359660	69025104	127391544	137018316	117475820	66495944	125749808	116806391	197045370	150120222	136184946	84829090	114302636	141789660	88369596	180674945	103131839	155012103	110332436	113539306	97375651	120928572	112111704	112903630	130162360	124712802	94887173	81109538	160095248	76841784	96385400	85239060	80978540	84844766	141466800	112987082	152982824	99585089	134431432	84526701	141131902	168114510	122769535	86421983	68298965	126302072	61661046	184832770	85225936	106952175	101838180	160743312	98247396	127577168	91053976	100226784	89539085	93088336	123741706	225025694	238602708	85541880	249921996	67834424	233970195	124241186	76077806	185310432	93782488	272122539	143349822	156392974	500077020	106013224	104168989	95291700	199563732	91233208	96881729	92938048	74864720	88008916	145425292	139412832	77382168	60191798	202058824	63143297	107195146	89500792	84236664	148503114	160310692	71240540	66917078	139394290	109355500	135065371	165656861	155094530	161815352	113005789	190350285	185784172	177557524	73649489	95105122	89296600	245395448	180258448	199815424	208687820	285307648	364890760	148434756	175871806	232776632	202546411	220481280	215928012	133324164	203587362	200657948	220113336	220653369	149468267	192377357	172297302	108745099	152197020	96701640	234985920	204574604	286504805	197783242	269984499	104778316	248064842	261803695	163740296	92649144	151102061	236189004	105726864	132346916	133837706	157863110	131280524	64339666	131074700	130146212	113117356	118251070	162266496	114670057	176040226
2026-01-26	116961593	220730136	114558458	138269585	77670156	97692952	122719786	128826210	44799986	84231584	94615693	68507408	95754888	107265258	90143088	89978890	63387506	118411630	98671083	119134478	80476680	104185660	99643679	118550751	132338941	46231336	111683326	68491656	98194385	131353848	95961204	80359864	74924188	132902887	112384236	150177407	63560494	89766041	92229004	130728396	107350876	125799232	108575586	122311893	95857405	70492222	110042903	109152999	77976729	27560745	115085524	99611508	147584377	81245432	104317466	116322524	124516816	115149128	115500751	174704013	162229523	179449355	133222012	144342663	110241472	112658886	141146807	208751964	99272436	190370584	64526669	137335457	66796256	158000660	190700181	181122668	78977060	204314835	162623828	162003177	197159100	142566492	151924314	120139064	128875654	164136263	150698640	148408846	139054670	168025552	198171179	97667919	82146498	126190794	78566218	106883232	195727154	172948000	173482204	91157964	161052283	87703688	148675408	115201856	157217916	85497355	89764162	157155994	125805304	147995733	173538324	116051136	78303856	120903132	70914661	148072180	163457264	81361711	154975418	166092148	107121296	110577663	132331920	99432188	139092916	87624752	128697584	101213484	138104720	100591512	154469226	134646240	116320731	87923270	107313604	62887276	105156675	167984344	162862141	163068740	126464604	103516336	135542380	121217411	107164408	167005323	66176136	133885484	119702892	79183632	123549360	142677688	159520596	142036812	96106980	109627236	154088548	66651024	134580247	132058030	44619554	157976232	108377032	100999250	147784392	178325882	151494198	92156695	96895840	91373472	128282690	131778986	171629656	75927440	103381872	93855400	95930828	126659319	115141625	87086888	136143568	123161962	76235300	147418004	82748600	76584242	131129568	124006712	50191029	112678708	138058350	84499708	154557028	46724156	101227301	110757380	191865798	117272527	220105278	76688083	92090054	94813121	89152420	156071802	74941345	102063826	124133921	122226010	115714986	182742228	79828376	60110133	156401702	220213368	134875381	130866563	131619521	106572420	57189811	113463218	111926094	182018038	224549438	133856402	188745537	110325254	217683857	57690029	119652312	224339188	118046324	182089748	187144769	133941318	252707096	118954204	85904076	109088468	274303268	110626908	116887494	111689465	96201162	50286034	72141336	250561056	153908164	105441630	224952332	61267637	83131692	84211348	72072653	186771201	187438288	109123300	109903916	143086298	138425924	206219352	155645938	118988278	202746212	87455153	169832206	206478609	211720534	126066349	96904516	72355155	180906967	154105804	163438460	160074301	163298440	179623356	124502700	124837690	262516186	147441408	264475132	185564020	168475645	222681010	135528728	222485248	197101714	202011869	234197579	184133366	102083047	190721881	89399952	190966754	157355832	321715402	223590859	397311311	151504142	229715776	259158166	263409896	89461196	112868527	238476306	154613435	231957643	172452076	139963122	71910708	82119420	79939356	124850296	91780796	176799326	139520978	102995013	159279388
2026-02-02	56877387	58845108	55136242	86266452	92344940	43842028	74814656	93033253	49246374	57997571	44146983	34419614	41141498	63220476	56992596	53080097	60145060	32488294	62149005	86900244	40238340	48391500	53603949	41421699	75037288	48906892	56258711	87208012	46909614	24732247	70794990	28269329	52775395	41785522	40476144	58356575	39873952	45156114	58686055	50500068	37486968	76347496	75233496	30833363	55921707	47530278	65981858	64283917	64660382	60384179	60317812	92851000	47460006	98415492	83376080	79527078	77696136	86907130	55592450	84615325	78410417	74471964	89068428	105025893	50489629	60236848	52388842	63020816	83139588	55235528	23046493	80710911	57239840	89456480	52198050	66699830	50239888	93231804	111553932	65037546	96999460	69595066	51515936	89926250	74981576	85890659	116825264	86304740	116530325	87771578	61407650	125236968	146925944	79700154	66578135	88717827	71378260	93926556	69103772	65668249	109762096	77873288	47279972	55901700	42025584	63285922	95050728	73247342	62943325	86455202	67963312	92025992	36814696	63850458	48865142	50813768	62576088	78790295	60610126	74194512	68221681	47642791	60084576	66666508	55713612	83622256	84242780	74812442	56171664	111651812	75463189	86286480	93594924	78408254	112830100	33561540	32386650	55865964	81434023	58369148	45759300	42134564	61154776	32775354	48340378	59018214	56752200	80052080	49501894	93430768	69491624	120243060	25221208	74135382	38791042	49411620	75013398	81625858	74558729	88907012	37754636	59116068	85349244	46241133	60985404	69597940	77678415	45140325	131197463	91985759	28902226	58891952	56112866	48152350	57763242	89077192	58127818	77182441	38754602	77331380	42402380	58856027	45188585	37227884	58776432	62812646	50201264	104677540	36048882	41597632	97396120	55859058	65936588	38299828	43088321	51131394	67771332	75344000	87603370	43051102	47964850	52189315	62199414	108770784	65483409	51098153	56227525	76868922	54642898	82701073	44360576	47567337	79052210	96860360	29663143	140583051	74794548	44752616	72223276	81299792	26420150	167046048	119139320	47260634	113567135	61725676	126503076	53243641	66960286	110147128	82325448	138385896	132474448	79010630	165743360	54856964	36662622	67128948	90268988	40791112	38232494	39184698	41026194	66943894	44709660	97508120	61625388	40968728	75199940	45804825	41068116	56936700	70028372	108040810	80869796	79401324	51700122	73045272	48659944	97170219	109998094	50993932	99952332	54174247	102501457	103359315	86869026	43629042	43351320	50142070	68940578	108532992	146883819	98317516	78614528	130800204	44292868	69805844	90722502	69291474	104755976	83723324	53257787	116990110	135541392	108077532	117690971	30045935	127660557	117447196	42678138	62797582	72299180	83987838	110022612	100322182	108025568	133063118	44722362	74376916	120268466	107106164	59845630	64615281	88133252	81286756	120571147	87913896	128605333	50263764	29976922	60767476	33870710	69383100	91651690	63368430	77831020	58641132
2026-02-09	61390139	51905596	39965088	54669797	60083696	59690736	48650939	48184826	56614921	57864843	34275894	42914206	32514178	35091446	48232548	48633709	18420829	61938877	30007295	59899059	35659224	52638796	63906436	67705364	83067332	72619836	71450080	56214316	48037802	66808812	67338354	76643480	56823599	75142816	61742858	78361800	59313198	35866598	63824964	80427296	59615016	43039144	79679884	58230368	39802970	48061190	70859613	58377521	30903179	42465651	61047816	67786960	86639343	87140588	60124888	76407626	69797376	79526887	97538880	72887276	58249214	107119342	96001300	70405850	63667319	88182280	100729480	56179960	60307344	39867596	45712987	93339892	33293200	100099388	71911689	85638122	45925400	12909208	58900848	56092710	80391404	80157076	59919718	133429264	77708046	80331134	79752348	48499486	52131758	91620690	86552579	81506126	60699166	52750244	45720417	64137258	57932088	72278300	59183556	55492182	29959017	90580372	103718176	26995764	57776044	58499874	36997830	60754960	65451222	70185362	71681140	60149044	40950186	83607320	85187488	27490920	47141472	52189702	82795261	65102644	40839446	42866770	77816720	75028372	78776668	71806600	49817998	64321568	58020228	90802856	49024082	67489030	70429533	38247618	90537816	56215524	48015881	47504100	54245106	105912024	50715900	31850604	38118140	56396707	72642091	52917746	13206436	35245556	84544935	74673440	29550700	94301232	36300420	74027618	41217998	78463444	82526078	75480414	58719174	90051980	51949364	40308452	34334536	39395842	56694232	78607790	73411863	38057230	39372110	77856911	58600820	81074302	64673822	25717806	41627936	44462948	49325876	54501286	4247296	50080298	35568996	59717931	19357463	76302012	53931860	42962252	72366372	78169840	39639153	62821516	118206762	44804868	47054712	57217468	45959314	18371078	75824842	18620317	108970722	74621232	106093728	57432071	86118024	66402778	35426470	48709049	54568425	86189940	50262874	78188321	26195310	63290388	64325512	87758520	27804951	50234259	57982141	28680888	42661414	62668333	62005810	128761442	145971202	12609160	97216750	35276044	120387960	34256966	36897724	46250836	61379084	108033092	129161268	67647058	99497368	73230276	57012327	52520132	88097228	54948452	57647379	55490963	37110718	41658714	19932544	108310944	65209044	36920524	52009864	35447486	67044022	60519152	58162219	113150838	56394088	28991972	51965578	65303844	71777792	63585594	88272652	54975772	125400564	58554271	70193690	103836664	108619703	71529816	59750214	29948789	126459395	84966552	98365131	129173476	55954144	62809108	56413204	55624506	148240240	78067546	109094256	81533812	100899400	95835054	65659452	116985864	58798426	87841279	107315073	60673702	46460886	118560580	71688223	67834852	43649276	169476764	103313724	117759510	59518047	86339426	127090433	71381988	85744812	86816520	115734832	26626269	58470169	120389872	76375747	24899608	38405150	57441960	93237580	86604404	56411404	102581876	67800811	69578526
2026-02-16	8790513	44628388	46118028	35329475	50428204	36107308	29999281	31511977	35216807	30214698	38788646	10991981	32514178	19536643	38194156	21365507	32859818	32488294	23171803	26270933	8229136	23364176	38125070	22301825	9755508	38002200	39673698	31326480	4247296	24002243	43166772	40677662	22878797	38068310	4645480	20934321	15722862	31818394	36027050	20936374	28594192	38128208	16684726	17626927	25210605	44344806	10844084	26515879	24067687	20857981	9888236	32739434	53115777	29728360	10499404	32349058	8891332	51335282	43887422	6867007	35010303	17645262	38280490	32847003	7800968	45494412	32046935	49687016	48952704	31463644	22600130	11553732	33359564	18100344	9253480	35075379	29268084	28243421	10276872	51653474	36425600	51459356	4048204	62434154	31153026	28601028	33879136	42251642	46209682	61213188	52846694	41352466	32445929	23528966	10992843	53408434	31189238	26891012	31084968	28098611	25313537	29298084	42568128	14519332	48153264	22609617	50314440	6638532	23105719	12439296	48130548	7168000	18407348	44359052	22508015	48012932	44581472	50912006	34884179	25381092	8530628	8959140	32895940	0	36468584	28804840	46695658	26998318	22226544	45982096	43035986	6264968	27279959	42997852	45532576	32964264	15695595	50910808	49373438	27620550	45361116	36692716	43300480	33107174	50264246	48006810	25920632	32258832	53194002	27441152	20790652	40779672	26614852	41606436	20995130	47919152	33384394	41524788	51399878	44694170	15691674	7941192	29888148	4247296	28789176	33528082	29571365	32814474	47500634	30004061	16144264	6524716	31864190	26482748	33133344	37758052	32867604	24320999	34573670	20195577	20968916	0	19025643	4778208	4380024	37744116	41907208	25268382	11819407	16518338	11059200	19946966	38161936	14935800	23510569	28513020	36499358	18620317	36058118	4114568	13368048	26254042	24980434	55805854	4861696	29066014	30140734	25616922	32004332	38996932	18231630	29587910	8627320	10030936	25283119	37424896	35159590	0	29853162	20879335	22305582	62151580	78976420	22611158	22830741	8560956	47355155	23698519	41012292	33153900	36649972	76891358	41512782	21094400	26492716	18042320	36626586	23767048	41876620	37141092	20012161	39167574	22736291	4114568	34489604	32989376	20608160	32009588	63502064	21971039	37019912	17452528	31496894	34730315	58647988	37278376	31414004	40172656	21094400	24558532	39358118	2662400	11824896	23477809	60704466	24172805	33667868	23838623	19518830	4844572	32923562	55328320	16961697	47001378	42948744	87026164	43562864	28731070	62679333	46629302	26028168	58506004	37247153	81400092	58367660	57666136	71603034	42888132	4759296	77279970	4977300	30569241	39556594	16352078	35061368	44849156	25831190	75037096	27409109	59951376	81178327	59488128	21386430	25719359	62580326	40643378	46759546	44421496	43402538	21315952	21591679	0	29888870	22464060	50502532	24733153	22371561	25936002
2026-02-23	112580441	89914808	50623490	98400299	63155696	63009280	84371072	71128695	65109513	34461994	106500878	41810982	114097842	75425648	90873436	95951898	46436075	93805619	23105783	51594202	63752952	79092096	46619662	54602071	49708198	92518260	73308272	57117348	55863887	55474941	112196686	72595276	43353842	71032995	56481534	115903922	93448074	48409394	72223208	57898186	51306656	58378646	72297878	99508698	77681384	34682017	78040817	106963235	24067687	77642249	49493184	143213896	150596660	53034916	66244268	118216810	159214272	138132157	111114421	141885964	42161179	120173382	110397956	110318674	74991975	121835258	92745858	113646808	56458232	44380348	52098540	156066184	70826544	111642688	135946716	161218119	50173524	121645223	35318864	91766764	63229696	140753208	127792388	180784759	199359496	144540836	90152100	78954263	38110945	112558496	134346820	103267664	121834563	48569312	35854934	145562992	81688558	163975764	107459208	67240285	79010786	107046216	58477264	54521948	161055744	57238958	85119024	123696976	71370109	147852717	118351680	104082330	46976450	128270912	81072920	120873372	117956256	87350726	61141038	110618584	87253468	63465908	112661424	66371966	83035724	92050484	136353215	124004052	94887772	76516496	47084190	103811802	136668347	92781268	105368764	56142008	47712945	150354638	142767703	95378028	94999282	72721792	88957984	70461644	117000285	163013670	55823104	75871148	127911260	123327760	83510108	53256104	124876760	118639352	79624602	83043388	95420226	98803338	102483945	28908731	45747742	120095544	116657816	39451134	96721688	93559634	53425798	55431009	59293123	143459897	122944224	55730756	109348074	17422306	51790482	121461258	108229856	54347443	47647378	94090044	67286772	85605956	77620004	74763124	81554736	52647064	34706460	98282186	68779564	64259380	94230475	89450944	96474596	53766540	71875872	73363688	144558382	96462446	153646464	65294863	74512190	55219915	42084122	135819577	32878475	42670634	51569498	88587228	84905330	104157277	85782666	55331925	58982488	137827788	72897913	107068470	66837781	75781552	51655879	88165984	119958958	168782718	195395548	22677522	247989184	101881228	79574989	83951543	54085670	189358636	57198152	173462428	121871749	182506358	219381208	42190128	87565996	86598016	207259056	22784660	57189227	52775014	60954841	59368963	78333644	121538356	33084592	8494592	153856104	48605026	82679248	50747828	57352848	142009284	77436428	104868896	21016122	114841168	147815020	104666677	131732477	107887796	155963216	64324707	73001839	167758599	118781790	80366200	95569670	67083515	109225523	162598404	124423627	100595391	215770872	192122524	100930914	119038848	174289647	75218757	249363420	173757278	99527900	192521218	81105768	135922168	170548627	65219374	132505129	83515011	86642844	167576469	109095449	189144086	160991692	155070912	72528435	281344119	31656405	186540054	290702571	77354748	91056408	67005073	190762982	111382109	86885309	204591154	146505513	63204992	60152936	72369184	89533882	82489836	129006722	166413868	50598146	106461700
2026-03-02	47817910	28373296	86274712	36031934	61084864	40751460	22983609	41233730	35144735	44452630	60379755	39015854	20673149	21002359	38562012	45863545	9755508	58861513	44634617	61840739	14085754	39777256	29348955	37519826	79989968	40027368	38103794	62342636	21641213	24279115	49372872	64624100	63217375	29766625	52529678	22297637	80288444	23226361	19847097	54862566	29481248	59548234	65044946	37206950	56541815	40518526	11092760	31692271	30474667	27210786	4910936	57432826	86461546	55256288	51576106	0	11059200	57589178	27277795	29377539	30461678	30992059	17049779	0	23400325	0	18757768	3379200	0	23391512	0	0	0	22914424	0	0	4313660	0	0	23832241	24439008	0	0	0	31153026	0	0	0	22972113	25384194	24332881	11848961	0	25305802	15107411	4180932	22761010	0	26970400	19670383	0	0	0	18899356	0	2662400	0	0	14876583	23316378	0	26490694	0	20901830	22773471	25486452	21513452	7482352	0	3788800	0	17252453	0	0	3993600	0	0	10391296	0	0	18557127	0	4247296	0	0	18937600	0	0	0	0	0	0	5650568	18444961	0	0	0	0	18591233	23061128	0	0	6831916	0	0	0	21823510	50218472	3072000	0	0	0	24273616	0	0	0	0	16971331	23800623	0	0	4512752	0	0	0	0	0	0	0	0	20968916	0	18826551	19015608	4114568	0	17386900	0	0	16717430	30487150	0	19080968	14935800	0	0	0	0	24287368	0	8722568	5110028	4247296	0	0	0	12946719	0	0	33236963	0	0	0	25261028	21102187	12411179	19570715	0	17050229	4747880	0	40213838	50211498	18828410	2764800	0	0	0	0	0	5110028	20684800	7596168	0	0	0	0	18723384	15378196	0	0	21167961	0	4114568	0	0	16294500	13947510	0	4512752	20666786	13006140	0	23968752	10687080	0	4114568	26214614	25208968	0	12374239	0	32494920	19960517	0	20077552	37489605	19790419	19983378	0	41875549	6304580	33982929	0	0	921600	0	0	19675597	32422543	0	0	4114568	0	0	69363256	17355969	26271925	0	34558599	0	0	0	0	18841600	0	0	37219910	18246613	0	0	31410516	4180932	21272971	0	0	15642693	0	0	0	0	0	0	0	0	0	4180932	0
2026-03-09	58755042	37080116	38583548	19246899	20334732	57700848	34409154	23010233	0	0	19118861	0	19738689	0	0	17196335	19130477	0	18393939	21142337	17910590	0	19146367	18824833	20546319	0	0	20680840	33128237	20079615	22429338	17719188	20010497	21217429	20119958	20788733	20535662	0	0	20549950	37341380	0	20678326	18939559	19575717	39216210	22960495	21538923	19765787	14517709	40799500	0	59378201	57896888	54522462	58230538	57057792	54116273	55828827	0	52658039	59778219	52889779	0	56172589	34923522	54344415	54403376	56099384	55135512	20472906	58426057	0	61469688	0	60228643	16946776	53870861	91010996	56395441	0	69090724	0	27624824	107338626	59048361	56538420	47894137	0	60253698	0	0	57075433	0	14576843	54035733	52047410	6553600	47877468	46396783	0	47848508	0	20970532	48028948	47800017	71595072	0	47337383	49904589	47531448	0	13504474	0	46083191	47440352	47215852	0	0	0	43962439	0	0	0	0	0	0	48688550	0	0	0	46957450	0	0	0	0	0	0	47276785	0	20424182	0	0	0	50845389	0	23601732	27546988	0	0	0	0	0	0	0	48001260	0	0	0	0	0	47504236	0	0	0	0	0	17174687	46514855	0	16872530	0	0	0	19903406	28402226	0	36510863	20247151	0	22076748	0	0	0	22446484	0	30289300	41652382	19089807	18752570	33410291	20849998	26556168	0	19870521	0	50589484	0	49321222	20850117	0	19475821	24165842	33275937	50052202	19131723	0	25682186	0	0	0	18675871	28658462	60299296	25384419	40245411	0	22932528	21470897	0	27551158	78119306	0	0	79746573	21654798	137366822	19517587	0	68993900	0	74619631	81479591	0	69904420	19252552	21151781	19933616	73336596	18338272	22407661	26853465	13976243	21671733	24575136	38999204	0	19886710	70632704	17807575	23997090	20686140	20765325	42397455	37105844	0	21102086	38297814	0	42607585	37538575	31067038	59075732	21085473	0	57261897	52734345	20729487	21078006	21416717	58650581	48023192	69497161	58879889	0	58914276	29215674	44091070	80193997	68592919	57185952	52166154	0	49232050	72989064	55571228	47056233	60780725	0	48792199	0	59427473	25346065	70707910	0	163474953	14873333	0	0	0	94470315	0	0	24326403	74341678	29630805	0	0	42530385	0	21975559	23879048	0	25517492	34888454	54820185	25677245	0
2026-03-16	28913729	83134332	97840066	48569022	41228228	55177984	47542830	39822962	53562177	16368265	42256721	75409264	40546313	21527563	63894452	40205481	36244382	41381070	63619780	47431838	31002866	15931408	1194552	49916291	54900913	23182032	9091868	71943920	64823027	28714087	45612862	32448526	71340532	41531965	24584914	24849797	46178532	36795694	27171757	42735480	18316464	21884574	34763096	32333838	42332517	58387619	70501041	59240253	39906238	16743413	86067044	36986730	42814526	62854076	65646992	63238108	93092584	73551995	90213876	44805502	72985005	88857828	84822569	54010778	58885294	40507484	127499136	71901100	64780688	65245788	23064678	66313690	13803712	105775372	82226993	68068922	74221248	65917479	31612028	56284650	113142968	26990594	39304960	33796676	70623352	125405485	63133148	92426155	50667830	88302490	91330787	63489567	85544319	45037028	46052237	78984463	87340516	57730992	38971556	51107894	84567931	85731536	65141860	58077328	14559368	42733589	73707650	49672172	62545141	83686482	59138344	71828764	9800950	70204622	54433666	53375556	93182952	76484335	58341990	48421288	55735310	38884930	86905520	15024118	104658096	56751924	29486499	100002910	46074708	71085720	36255959	29214052	102043852	87525086	66646916	38074292	21004715	31101846	57555155	86985158	47198608	35630892	49870516	43327230	55440638	60146402	28707920	83502868	54720374	50562592	74933472	88626044	52636004	74492166	63407680	53958276	54118984	88726806	76037993	55030174	33108812	72637052	43716208	26720318	59724488	69970498	67913279	42039070	44415774	88604752	103983856	69837742	92290716	54987842	56568690	58729076	73391538	61090578	39550970	58396719	56734896	50693255	38449470	89913596	57168932	47524244	59027676	48123250	23638814	46303178	60000228	66875482	46656528	34845000	44915203	55179598	65433220	52940935	72848096	56977975	86883908	31364070	21264050	10385932	65108302	34574226	51449317	23550354	51258334	97122693	29163220	51156210	31448982	61359332	72065044	58862690	54597577	33403544	21695709	1230588	37436574	93204978	109665404	48455186	152493783	52250426	104320853	23233971	33380432	41806072	47268212	79223726	134055905	75917040	95399356	28461468	40800405	63460628	27734720	34154712	53031666	81041103	46295511	84180160	79066536	67556980	49480776	19920270	76918820	36973858	59583672	26478032	862732	57846177	81152812	78879508	45549536	62073610	34678080	101022594	92698065	52321212	66835928	34626961	63620630	84906054	106485395	33076338	60555224	54673447	112745704	121848776	81137978	93496643	88117760	115970456	58781264	97275998	138331567	116998624	53254852	94859704	101496676	113903392	36703772	58523360	86968083	105320218	107617318	96493217	52433646	92437727	63193631	59398808	45607468	91461512	73391167	148499454	54884582	156260394	150693714	51789904	60376542	39226914	135509448	49801610	89205432	130344472	45990734	59090176	39865158	41787372	64356856	35272312	83950990	70170362	37937614	50849792
2026-03-23	80637376	111230845	77559228	73198796	40791876	71423432	83035817	62748879	71340932	60941396	55423843	60339851	20371657	21593927	16589172	33510338	52169031	4910936	71752224	34281794	39498170	39132872	29062358	35609778	30545438	33953996	5110028	44705944	60827983	50424881	3191180	42867674	66105616	52751879	53868374	41391234	57959166	44036988	30558450	38059328	18597896	29832364	37363052	57019036	67817768	34044838	20726263	57448769	19886755	22329834	45142944	110517650	28616020	25082880	7100948	95562134	14331736	23414841	46553054	84458166	100239085	11922483	10020964	72494371	22603957	7442396	10800896	34828608	49121812	92009232	31094722	82940590	4844572	38736888	69852662	133169140	12543576	113378675	131278208	47059641	133260132	58608330	60214058	136759430	107465802	118489492	18209388	6115116	21400077	79464318	95120426	39721841	57501934	22596294	34396442	145216248	60649010	63765896	59419440	6947520	11513776	8229136	95131156	33750508	49825224	25272017	72192348	95703270	24961023	82113743	38642284	113336952	13318242	47793200	49005669	21750812	23316352	58510537	44128334	77440640	67670034	17584273	36176988	19801498	81844868	107469696	19499095	10258568	104906228	26773796	8760048	84711486	23099027	44988772	58110724	49008944	17288331	37980900	64694271	43315248	31486270	32792288	102606032	18644053	1327280	49369782	39766856	4114568	21067401	80203988	59202164	72049152	96270988	69019308	38411454	25269904	58622246	65700902	20392607	55062819	30255160	10440536	38758920	29894718	109131472	59309138	93953207	45808229	88087705	30070425	42124736	34302686	90280218	47346698	38494180	20460346	43585918	85885068	41183053	61683491	59882544	14201896	4180932	19612884	31803808	34138942	38651164	70372096	23638814	46037378	65091993	60144178	51300908	19514916	23178749	37544576	75303576	33926698	93367342	40484294	9216000	30965886	50670516	44679473	796368	29329385	35665757	8760048	50877618	76714614	34976500	40570774	75763228	86038832	47583657	21711011	51801349	39004256	30118618	10256092	81323374	120929180	148536692	33144068	87838866	37294060	148061677	69733104	61699306	59159288	60757876	55826927	159888489	37863440	26028168	47108056	93619356	36931536	141891448	40399324	64097479	49348706	27560507	21671733	46483668	84447680	60148600	29185920	23560940	30913346	75219728	48087800	31094446	80600365	55779688	4711844	36145448	84453072	60152024	73471286	63181626	39010244	104397620	8760048	50646001	127676608	36196096	50394993	69569656	44384551	77755161	143145568	150146748	57170406	61042128	119565088	52025124	97934820	75232055	105544238	120062472	111825988	103916942	82165376	91965876	70592056	110039099	23990342	167115852	139925397	75980849	98474307	62467891	127983802	80820132	123566727	126340538	231930013	76480411	151681832	150215962	139930268	62593306	76470616	86159766	38951818	16239969	66787598	65351967	8229136	14452563	30296592	50766540	19145860	4114568	75764538	84912008	70126906
2026-03-30	58755042	74160232	57875322	38493798	0	19233616	34409154	46020466	39220390	53616447	38237722	73053652	59216067	38421750	0	34392670	38260954	20135347	55181817	21142337	35821180	0	19146367	18824833	20546319	39265936	20330281	41361680	42630890	60238845	44858676	0	20010497	21217429	40239916	41577466	0	18296857	35037986	20549950	18597896	19984982	0	18939559	39151434	21656105	45920990	21538923	39531574	14517709	41564096	60723862	59378201	57896888	54522462	116461076	0	0	111657654	0	52658039	0	52889779	59862035	56172589	34923522	54344415	54403376	56099384	0	0	58426057	38189832	61469688	112009966	120457286	33893552	53870861	60536704	56395441	0	177950634	47844460	81700277	0	118096722	113076840	92716274	54697545	120507396	114201762	116856202	0	49392978	29153686	54035733	104094820	52230164	95754936	46396783	98103538	95697016	0	20970532	96057896	47800017	95062140	95187700	94674766	49904589	0	47650014	13504474	94232460	92166382	0	94431704	48555937	46844967	101142984	87924878	16420393	143405124	0	48706244	0	49724563	0	92942136	95608616	46409927	0	46325259	47508526	98966808	37860896	32510782	47150450	94553570	0	91843564	0	0	20064793	50845389	47172557	0	48556456	47058433	49173128	43338128	47013836	47218640	46225170	16975810	48001260	50393110	47283994	94033214	93435470	0	47504236	92132496	33069118	0	51687818	45447973	0	139544565	95810986	48309330	0	99940844	0	39806812	28402226	42698004	35504740	20247151	48955618	22076748	21706265	0	26900408	44892968	29958010	0	83304764	38179614	56257710	33410291	20849998	53112336	42364400	39741042	43668220	39467858	19420949	49321222	0	33751538	38951642	24165842	0	56316070	19131723	42072638	51364372	40996964	43289631	20001314	18675871	57316924	0	50768838	40245411	23316327	22932528	21470897	30046439	27551158	156238612	0	0	0	21654798	74869327	0	53672756	68993900	47419440	74619631	81479591	0	139808840	38505104	52347290	19933616	146673192	21530140	44815322	26853465	19198643	43343466	0	116997612	24384100	19886710	58735736	35615150	47994180	0	0	42397455	74211688	25135752	42204172	76595628	40052808	127822755	75077150	0	0	21085473	0	0	105468690	20729487	21078006	42833434	117301162	96046384	69497161	58879889	79245440	117828552	29215674	88182140	80193997	68592919	114371904	104332308	60248229	49232050	61317248	55571228	47056233	121561450	59750163	0	0	0	0	70707910	60353068	93760065	0	203517510	0	0	188940630	66328916	23180734	48652806	74341678	0	0	100209484	58192289	0	0	23879048	35369574	0	0	0	25677245	0
2026-04-06	603121	41327412	7737010	26998283	20334732	0	8494592	0	0	0	0	0	0	0	0	0	0	0	0	0	17910590	18290528	0	0	0	0	0	0	0	0	0	0	0	0	0	0	0	0	0	0	0	19984982	0	0	0	21656105	0	0	0	0	0	0	0	115793776	0	0	0	0	0	0	0	0	0	0	0	0	0	0	0	0	0	0	0	0	0	0	0	97140189	0	0	0	118633756	0	0	0	0	0	0	0	0	114201762	0	0	0	0	54035733	0	0	0	0	0	0	0	0	0	0	0	0	0	0	0	0	0	0	0	0	0	0	0	0	0	0	0	0	0	47235740	0	48688550	0	0	46409927	0	0	47508526	0	37860896	0	0	0	47365182	45921782	0	46728956	20064793	0	47172557	0	0	0	0	0	0	0	0	0	0	0	0	0	0	0	0	0	0	0	0	0	0	0	0	0	0	0	0	0	0	0	0	0	0	22076748	0	0	0	0	0	0	0	0	0	0	0	0	0	0	0	0	0	0	0	0	0	0	0	0	19131723	0	0	0	0	0	0	0	0	0	0	0	0	0	0	0	0	0	0	0	0	0	0	0	0	0	59063960	0	0	0	0	0	0	0	0	0	0	0	21671733	0	0	0	0	0	0	23997090	0	0	0	0	25135752	0	0	0	0	37538575	31067038	0	0	0	0	0	0	0	0	0	0	0	0	0	0	0	0	0	0	0	0	0	0	0	0	0	0	0	0	0	0	0	0	0	0	0	0	0	0	0	0	23180734	0	0	0	0	50104742	0	0	0	0	0	25517492	0	0	0	5939200
2026-04-13	58755042	37080116	0	0	0	0	17204577	0	19610195	17872149	38237722	18263413	19738689	0	0	17196335	19130477	20135347	36787878	0	17910590	36581056	0	0	0	0	0	0	0	20079615	0	0	20010497	21217429	0	41577466	20535662	0	0	0	18597896	19984982	0	18939559	19575717	21656105	0	0	19765787	0	0	0	0	57896888	54522462	0	0	0	0	58067007	52658039	0	0	0	56172589	34923522	54344415	0	0	0	34088559	58426057	19094916	0	0	60228643	0	0	0	56395441	0	59316878	0	0	107338626	0	56538420	0	54697545	60253698	0	0	114150866	0	14576843	0	52047410	52230164	47877468	0	0	47848508	48471264	0	0	0	0	47593850	0	0	47531448	47650014	13504474	0	0	47440352	94431704	48555937	46844967	0	0	0	95603416	0	0	47235740	49724563	48688550	46471068	47804308	0	57575690	0	47508526	49483404	18930448	16255391	47150450	0	47365182	0	17926752	93457912	0	0	47172557	15239868	97112912	94116866	49173128	0	0	47218640	46225170	0	48001260	0	0	47016607	0	0	0	0	16534559	0	0	45447973	17174687	46514855	0	0	0	0	18258974	19903406	0	21349002	36510863	0	0	0	21706265	0	0	0	29958010	30289300	0	0	0	0	0	26556168	0	19870521	21834110	0	0	49321222	0	0	0	0	33275937	28158035	19131723	0	25682186	20498482	43289631	0	18675871	28658462	0	0	0	23316327	0	0	0	0	78119306	0	0	79746573	0	0	0	0	0	0	0	81479591	0	0	0	26173645	0	0	0	22407661	26853465	38397286	0	24575136	0	24384100	0	58735736	0	23997090	20686140	0	0	37105844	25135752	21102086	45929674	0	0	37538575	31067038	59075732	0	0	0	0	0	0	21416717	0	0	0	0	0	0	0	0	0	0	0	0	60248229	49232050	0	0	47056233	0	0	48792199	0	0	0	0	0	93760065	61958765	0	0	78042482	0	81327180	0	24326403	0	0	123696538	50104742	0	0	0	23879048	0	0	0	54820185	0	0
2026-04-20	29377521	18486848	0	35368638	21908212	34883232	17204577	17787833	50441977	19553737	14715661	15130992	4114568	34632950	62319488	26405470	37352214	4645480	4247296	17709977	35839748	14604128	25185491	18824833	0	21456568	24577577	45476248	4512752	16237655	204800	9357324	26329725	16711829	0	0	20368342	13586457	0	102400	19112832	36693164	0	15674702	46704826	32425641	35373790	1526372	42921553	22072218	24896616	127737656	85870573	28936256	65611264	24915946	86125224	2457600	4180932	29377539	112982176	81272593	33339975	19926035	24591060	39843844	24870064	54403376	78853064	40698552	18817382	44098309	12210976	66446988	16810380	68789599	29201720	72823322	102931968	81156778	27400096	4114568	49447924	104396765	129222492	29913257	18855220	5951097	20188745	11108440	80356258	663640	19789633	55483474	20085055	85031466	9742648	7283604	37112504	18031983	67281138	74825984	20004064	8560956	19201388	22609617	19883070	19790290	56095987	23316378	70384496	36522428	9203674	26379312	18453759	41018304	21513452	44690570	82986101	43908536	102400	18048821	17798508	20263642	23515844	73037780	27094163	63128050	19847068	73184460	66707854	88853150	81415470	0	67939608	18605780	11647391	51331382	57125753	11264000	95120364	31859904	25042512	4114568	13870764	30772533	47749872	0	47921165	19935968	36651648	6638532	27474008	46225170	862732	29750196	23070878	0	5906396	16714535	15094398	28783604	20159048	17408363	24255036	24957154	0	24518974	4571815	39490986	22537298	1945600	16895222	18258974	19903406	18469426	36475730	64036590	0	59937106	38931096	41280698	15641079	13718436	43697728	45637038	49832776	45314364	15933975	19416210	58319039	31664796	16195560	35508640	0	26745046	25311368	18885773	60959244	15320517	18175140	4645480	32971684	0	28158035	23218838	21899051	17387786	48388246	17408000	24845886	48401726	53239492	35965576	33975238	57696943	44081594	35980928	4380024	34993411	23500134	28511832	929096	21416606	43516446	0	15548432	30009670	28005278	13337540	11613700	38297600	112302426	7805434	39120332	32102800	40065521	14608816	8331536	14157340	30069722	74808527	53150450	42368362	43844040	67807648	57703104	18792082	64615044	17807575	44531148	20971024	35080550	55794909	74211688	35554900	23073406	8428228	117658288	85215170	4313660	41025558	0	40448714	36902236	90009051	45463945	36338974	33753530	21416717	28822609	74583344	21865804	62928093	35980524	107969592	53187118	39660498	43699365	10485512	125505320	68738332	63358567	73535166	110858496	34681628	55773437	6918325	119602726	56274895	16992227	26454673	61233727	117147020	730004	41369600	43800430	113056817	43861762	96780374	61747200	19981204	4247296	4910936	45714310	26559905	15377237	4977300	27339938	21581408	30043286	4180932	72174604	24023768	39135750	4048204	41626490	7061336
2026-04-27	0	0	0	9625600	0	0	0	0	0	0	0	0	0	0	0	0	0	0	0	0	0	0	0	0	0	0	0	0	0	0	0	0	0	0	0	0	0	0	0	0	0	0	0	0	0	0	0	0	0	0	0	0	0	0	0	0	0	0	0	0	0	0	0	0	0	0	0	0	0	0	0	0	0	0	0	0	0	0	0	0	0	0	0	0	0	0	0	0	0	0	0	0	0	0	0	0	0	0	0	0	0	0	0	0	0	0	0	0	0	0	0	0	0	0	0	0	0	0	0	0	0	0	0	0	0	0	0	0	0	0	0	0	0	0	0	0	0	0	0	0	0	0	0	0	0	0	0	0	0	0	0	0	0	0	0	0	0	0	0	0	0	0	0	0	0	0	0	0	0	0	0	0	0	0	0	0	0	0	0	0	0	0	0	0	0	0	0	0	0	0	0	0	0	0	0	0	0	0	0	0	0	0	0	0	0	0	0	0	0	0	0	0	0	0	0	0	0	0	0	0	0	0	0	0	0	0	0	0	0	0	0	0	0	0	0	0	0	0	10950060	0	0	0	0	0	0	0	0	0	0	0	0	0	0	0	0	0	0	0	0	0	0	0	0	0	0	0	0	0	0	0	0	0	0	0	0	0	0	0	0	0	0	0	0	0	0	0	0	0	0	0	0	0	0	0	0	0	0	0	0	0	0	0	0	0	0	0	0	0	0	0	0	0	0	0	0	0	0	0
