week_start	XCaMPgf/XCaMPgf_ANM471996_cell01.nwb	XCaMPgf/XCaMPgf_ANM478343_cell01.nwb	XCaMPgf/XCaMPgf_ANM478343_cell02.nwb	XCaMPgf/XCaMPgf_ANM478343_cell03.nwb	XCaMPgf/XCaMPgf_ANM478343_cell04.nwb	XCaMPgf/XCaMPgf_ANM478343_cell05.nwb	XCaMPgf/XCaMPgf_ANM478343_cell06.nwb	XCaMPgf/XCaMPgf_ANM478343_cell07.nwb	XCaMPgf/XCaMPgf_ANM478345_cell01.nwb	XCaMPgf/XCaMPgf_ANM478345_cell03.nwb	XCaMPgf/XCaMPgf_ANM478345_cell04.nwb	jGCaMP7f/jGCaMP7f_ANM471991_cell01.nwb	jGCaMP7f/jGCaMP7f_ANM471991_cell02.nwb	jGCaMP7f/jGCaMP7f_ANM471991_cell03.nwb	jGCaMP7f/jGCaMP7f_ANM471991_cell04.nwb	jGCaMP7f/jGCaMP7f_ANM471991_cell05.nwb	jGCaMP7f/jGCaMP7f_ANM478346_cell01.nwb	jGCaMP7f/jGCaMP7f_ANM478347_cell01.nwb	jGCaMP7f/jGCaMP7f_ANM478347_cell02.nwb	jGCaMP7f/jGCaMP7f_ANM478347_cell04.nwb	jGCaMP7f/jGCaMP7f_ANM478404_cell01.nwb	jGCaMP7f/jGCaMP7f_ANM478404_cell02.nwb	jGCaMP7f/jGCaMP7f_ANM478404_cell03.nwb	jGCaMP7f/jGCaMP7f_ANM478404_cell04.nwb	jGCaMP7f/jGCaMP7f_ANM478404_cell05.nwb	jGCaMP7f/jGCaMP7f_ANM478404_cell06.nwb	jGCaMP7f/jGCaMP7f_ANM478404_cell07.nwb	jGCaMP7f/jGCaMP7f_ANM478406_cell01.nwb	jGCaMP7f/jGCaMP7f_ANM478406_cell03.nwb	jGCaMP7f/jGCaMP7f_ANM478406_cell04.nwb	jGCaMP7f/jGCaMP7f_ANM478406_cell05.nwb	jGCaMP7f/jGCaMP7f_ANM478406_cell06.nwb	jGCaMP7f/jGCaMP7f_ANM478406_cell07.nwb	jGCaMP7f/jGCaMP7f_ANM478406_cell08.nwb	jGCaMP8f/jGCaMP8f_ANM471993_cell01.nwb	jGCaMP8f/jGCaMP8f_ANM471993_cell02.nwb	jGCaMP8f/jGCaMP8f_ANM471993_cell03.nwb	jGCaMP8f/jGCaMP8f_ANM471994_cell01.nwb	jGCaMP8f/jGCaMP8f_ANM471994_cell02.nwb	jGCaMP8f/jGCaMP8f_ANM471994_cell03.nwb	jGCaMP8f/jGCaMP8f_ANM471994_cell04.nwb	jGCaMP8f/jGCaMP8f_ANM471994_cell05.nwb	jGCaMP8f/jGCaMP8f_ANM471994_cell06.nwb	jGCaMP8f/jGCaMP8f_ANM471994_cell07.nwb	jGCaMP8f/jGCaMP8f_ANM471994_cell08.nwb	jGCaMP8f/jGCaMP8f_ANM478342_cell01.nwb	jGCaMP8f/jGCaMP8f_ANM478342_cell03.nwb	jGCaMP8f/jGCaMP8f_ANM478342_cell04.nwb	jGCaMP8f/jGCaMP8f_ANM478348_cell01.nwb	jGCaMP8f/jGCaMP8f_ANM478349_cell01.nwb	jGCaMP8f/jGCaMP8f_ANM478349_cell02.nwb	jGCaMP8f/jGCaMP8f_ANM478349_cell03.nwb	jGCaMP8f/jGCaMP8f_ANM478349_cell04.nwb	jGCaMP8f/jGCaMP8f_ANM478349_cell05.nwb	jGCaMP8f/jGCaMP8f_ANM478349_cell06.nwb	jGCaMP8f/jGCaMP8f_ANM478349_cell07.nwb	jGCaMP8f/jGCaMP8f_ANM478407_cell01.nwb	jGCaMP8f/jGCaMP8f_ANM478407_cell02.nwb	jGCaMP8f/jGCaMP8f_ANM478407_cell03.nwb	jGCaMP8f/jGCaMP8f_ANM478407_cell04.nwb	jGCaMP8f/jGCaMP8f_ANM478407_cell05.nwb	jGCaMP8f/jGCaMP8f_ANM478407_cell06.nwb	jGCaMP8f/jGCaMP8f_ANM478407_cell07.nwb	jGCaMP8f/jGCaMP8f_ANM478410_cell01.nwb	jGCaMP8f/jGCaMP8f_ANM478410_cell03.nwb	jGCaMP8f/jGCaMP8f_ANM478410_cell04.nwb	jGCaMP8f/jGCaMP8f_ANM478410_cell05.nwb	jGCaMP8f/jGCaMP8f_ANM478410_cell06.nwb	jGCaMP8f/jGCaMP8f_ANM478411_cell01.nwb	jGCaMP8f/jGCaMP8f_ANM478411_cell02.nwb	jGCaMP8f/jGCaMP8f_ANM478411_cell03.nwb	jGCaMP8f/jGCaMP8f_ANM478411_cell04.nwb	jGCaMP8f/jGCaMP8f_ANM478411_cell05.nwb	jGCaMP8f/jGCaMP8f_ANM478411_cell06.nwb	jGCaMP8m/jGCaMP8m_ANM472179_cell01.nwb	jGCaMP8m/jGCaMP8m_ANM472179_cell02.nwb	jGCaMP8m/jGCaMP8m_ANM472179_cell03.nwb	jGCaMP8m/jGCaMP8m_ANM472179_cell04.nwb	jGCaMP8m/jGCaMP8m_ANM472179_cell05.nwb	jGCaMP8m/jGCaMP8m_ANM472180_cell01.nwb	jGCaMP8m/jGCaMP8m_ANM472180_cell02.nwb	jGCaMP8m/jGCaMP8m_ANM472180_cell03.nwb	jGCaMP8m/jGCaMP8m_ANM472180_cell04.nwb	jGCaMP8m/jGCaMP8m_ANM472180_cell05.nwb	jGCaMP8m/jGCaMP8m_ANM472180_cell06.nwb	jGCaMP8m/jGCaMP8m_ANM479115_cell01.nwb	jGCaMP8m/jGCaMP8m_ANM479115_cell02.nwb	jGCaMP8m/jGCaMP8m_ANM479115_cell03.nwb	jGCaMP8m/jGCaMP8m_ANM479115_cell04.nwb	jGCaMP8m/jGCaMP8m_ANM479115_cell05.nwb	jGCaMP8m/jGCaMP8m_ANM479115_cell06.nwb	jGCaMP8m/jGCaMP8m_ANM479115_cell07.nwb	jGCaMP8m/jGCaMP8m_ANM479115_cell08.nwb	jGCaMP8m/jGCaMP8m_ANM479115_cell09.nwb	jGCaMP8m/jGCaMP8m_ANM479117_cell01.nwb	jGCaMP8m/jGCaMP8m_ANM479117_cell02.nwb	jGCaMP8m/jGCaMP8m_ANM479117_cell03.nwb	jGCaMP8m/jGCaMP8m_ANM479117_cell04.nwb	jGCaMP8m/jGCaMP8m_ANM479117_cell05.nwb	jGCaMP8m/jGCaMP8m_ANM479117_cell06.nwb	jGCaMP8m/jGCaMP8m_ANM479117_cell07.nwb	jGCaMP8m/jGCaMP8m_ANM479118_cell01.nwb	jGCaMP8m/jGCaMP8m_ANM479118_cell02.nwb	jGCaMP8m/jGCaMP8m_ANM479118_cell03.nwb	jGCaMP8m/jGCaMP8m_ANM479118_cell04.nwb	jGCaMP8m/jGCaMP8m_ANM479118_cell05.nwb	jGCaMP8m/jGCaMP8m_ANM479118_cell06.nwb	jGCaMP8m/jGCaMP8m_ANM479569_cell01.nwb	jGCaMP8m/jGCaMP8m_ANM479569_cell02.nwb	jGCaMP8m/jGCaMP8m_ANM479569_cell03.nwb	jGCaMP8m/jGCaMP8m_ANM479569_cell04.nwb	jGCaMP8m/jGCaMP8m_ANM479569_cell05.nwb	jGCaMP8m/jGCaMP8m_ANM479569_cell06.nwb	jGCaMP8m/jGCaMP8m_ANM479569_cell07.nwb	jGCaMP8m/jGCaMP8m_ANM479569_cell08.nwb	jGCaMP8m/jGCaMP8m_ANM479570_cell01.nwb	jGCaMP8m/jGCaMP8m_ANM479570_cell02.nwb	jGCaMP8m/jGCaMP8m_ANM479570_cell03.nwb	jGCaMP8m/jGCaMP8m_ANM479570_cell04.nwb	jGCaMP8m/jGCaMP8m_ANM479570_cell05.nwb	jGCaMP8m/jGCaMP8m_ANM479570_cell06.nwb	jGCaMP8s/jGCaMP8s_ANM472181_cell01.nwb	jGCaMP8s/jGCaMP8s_ANM472181_cell02.nwb	jGCaMP8s/jGCaMP8s_ANM472181_cell03.nwb	jGCaMP8s/jGCaMP8s_ANM472181_cell04.nwb	jGCaMP8s/jGCaMP8s_ANM472181_cell05.nwb	jGCaMP8s/jGCaMP8s_ANM472182_cell01.nwb	jGCaMP8s/jGCaMP8s_ANM472182_cell02.nwb	jGCaMP8s/jGCaMP8s_ANM472182_cell04.nwb	jGCaMP8s/jGCaMP8s_ANM472182_cell05.nwb	jGCaMP8s/jGCaMP8s_ANM472182_cell06.nwb	jGCaMP8s/jGCaMP8s_ANM472182_cell07.nwb	jGCaMP8s/jGCaMP8s_ANM472182_cell08.nwb	jGCaMP8s/jGCaMP8s_ANM472182_cell09.nwb	jGCaMP8s/jGCaMP8s_ANM479116_cell01.nwb	jGCaMP8s/jGCaMP8s_ANM479116_cell02.nwb	jGCaMP8s/jGCaMP8s_ANM479116_cell03.nwb	jGCaMP8s/jGCaMP8s_ANM479116_cell04.nwb	jGCaMP8s/jGCaMP8s_ANM479116_cell05.nwb	jGCaMP8s/jGCaMP8s_ANM479116_cell06.nwb	jGCaMP8s/jGCaMP8s_ANM479119_cell01.nwb	jGCaMP8s/jGCaMP8s_ANM479119_cell02.nwb	jGCaMP8s/jGCaMP8s_ANM479119_cell03.nwb	jGCaMP8s/jGCaMP8s_ANM479119_cell04.nwb	jGCaMP8s/jGCaMP8s_ANM479119_cell05.nwb	jGCaMP8s/jGCaMP8s_ANM479119_cell06.nwb	jGCaMP8s/jGCaMP8s_ANM479119_cell07.nwb	jGCaMP8s/jGCaMP8s_ANM479119_cell08.nwb	jGCaMP8s/jGCaMP8s_ANM479119_cell09.nwb	jGCaMP8s/jGCaMP8s_ANM479120_cell01.nwb	jGCaMP8s/jGCaMP8s_ANM479120_cell02.nwb	jGCaMP8s/jGCaMP8s_ANM479120_cell03.nwb	jGCaMP8s/jGCaMP8s_ANM479120_cell04.nwb	jGCaMP8s/jGCaMP8s_ANM479120_cell06.nwb	jGCaMP8s/jGCaMP8s_ANM479120_cell07.nwb	jGCaMP8s/jGCaMP8s_ANM479120_cell08.nwb	jGCaMP8s/jGCaMP8s_ANM479571_cell02.nwb	jGCaMP8s/jGCaMP8s_ANM479571_cell04.nwb	jGCaMP8s/jGCaMP8s_ANM479571_cell05.nwb	jGCaMP8s/jGCaMP8s_ANM479571_cell06.nwb	jGCaMP8s/jGCaMP8s_ANM479571_cell07.nwb	jGCaMP8s/jGCaMP8s_ANM479572_cell01.nwb	jGCaMP8s/jGCaMP8s_ANM479572_cell02.nwb	jGCaMP8s/jGCaMP8s_ANM479572_cell03.nwb	jGCaMP8s/jGCaMP8s_ANM479572_cell04.nwb	jGCaMP8s/jGCaMP8s_ANM479572_cell05.nwb	jGCaMP8s/jGCaMP8s_ANM479572_cell06.nwb	jGCaMP8s/jGCaMP8s_ANM479572_cell07.nwb	jGCaMP8s/jGCaMP8s_ANM479572_cell08.nwb	jGCaMP8s/jGCaMP8s_ANM479572_cell09.nwb
2022-01-17	1332605196	2877292544	2060945396	2382364672	734735838	3614245014	1174405120	1375137930	2292393867	3179282432	1434451968	3939225260	268910852	822083584	1757550439	10049552384	1499098613	3598712832	5590587199	870065958	16054795066	343932928	2558525440	1157416109	1744830464	511705088	3257709362	2179899305	603979776	2424307712	5293211648	3003792684	1988100096	2399141888	5454747542	7918845952	8145338368	5100273664	1392508928	679477248	1107296256	6132072448	687865856	9395240960	553648128	5397910793	1518338048	1166016512	6274678784	6456659736	5779667731	788529152	3154116608	1509949440	1487747100	11257729059	11996227681	2453236893	2223458090	1551132565	905969664	1719664640	1149239296	1400897536	2323644416	1463538785	2772330054	2340421632	7742685184	5121523245	7086298615	4477743852	889192448	4706009088	1753219072	5636332020	12599689216	4748635273	1589970848	8455716864	6119347581	5603590144	5443038126	998244352	9839837184	5114475382	1065353216	629145600	2170074581	5234491392	4117005742	1691680352	612368384	9934217369	6737071177	21020750350	3736667135	2152203073	5885184143	7226711572	1585446912	1828716544	4362076160	4253383836	8452831857	4811852035	4966055936	3623215845	1803550720	9084862464	6742167816	1434451968	8103395328	2914768384	1233125376	4143972352	2608857088	8867073931	7172259840	1996488704	3489363176	7321003385	10645143552	8757706752	8271207229	12271398219	6317026245	3003121664	612211392	2781230104	2390753280	6285253361	3909091328	964689920	3317357584	7784628224	5877386742	6845104128	7666239307	9252634624	10071626248	8595499295	20542313064	4680843264	2063597568	8271167488	3489660928	4966055936	7579786204	7692353536	2542193375	1707900947	1025714741	5251496190	607479485	3414163456	855638016	6207569920	10211163303	9080629982	6148849664	6845104128	4784863553	3462524589	10880024576	14767341432	1199570944	1476395008	1297024559	7148622474
2022-01-24	0	0	0	0	0	0	0	0	0	0	0	0	0	0	0	0	0	0	0	0	0	0	0	0	0	0	0	0	0	0	0	0	0	0	0	0	0	0	0	0	0	0	0	0	0	0	0	0	0	0	0	0	0	0	0	0	0	0	0	0	0	0	0	0	0	0	0	0	0	0	0	0	0	0	0	0	0	0	0	0	0	0	0	0	0	0	0	0	0	0	0	0	0	0	0	0	0	0	0	0	0	0	0	0	0	0	0	0	0	0	0	0	0	0	0	0	0	0	0	0	0	0	0	0	0	0	0	0	2046663360	0	0	0	0	0	0	0	0	0	0	0	0	0	0	0	0	0	0	0	0	0	0	0	0	0	0	0	0	0	0	0	0	0	0	0	0	0	0	0	0	0
2022-01-31	0	0	0	0	0	0	0	0	0	0	0	0	0	0	0	0	0	0	0	0	0	0	0	0	0	0	0	0	0	0	0	0	0	0	0	0	0	0	0	0	0	0	1709176977	0	0	0	0	0	0	0	0	0	0	0	0	0	0	0	0	0	0	0	0	0	0	0	0	0	0	0	0	0	0	0	0	0	0	0	0	0	0	0	0	0	0	0	0	0	0	0	0	0	0	0	0	0	0	0	0	0	0	0	0	0	0	0	0	0	0	0	0	0	0	0	0	0	0	0	0	0	0	0	0	0	0	0	0	0	0	0	0	0	0	0	0	0	0	0	0	0	0	0	0	0	0	0	0	0	0	0	0	0	0	0	0	0	0	0	0	0	0	0	0	0	0	0	0	0	0	0
2022-04-11	1613024901	2301182273	4171139615	2242079220	1186738218	4571179272	1242484880	1424439140	1612983412	2842804570	2584888858	3593028462	951506053	1819917489	2358793421	15766154402	2234996027	4508711465	2372971944	2537608987	8366617047	923377745	2758854962	144552	3760463103	1640854272	3297801559	2691123008	1755739195	3021289012	6842107894	3519194728	2438343637	4114948304	4451020865	7704288843	12683381805	5563460141	4079240835	1234822101	1391041730	6459125414	561530878	10759074124	1317297377	1888448967	2481199660	2116266003	6792767204	8328631338	6424118866	1603918800	4110765541	1817648159	1556762371	6223211797	9806047954	2937183240	2527625367	1606272514	972385864	1917658147	2533954582	1122608321	4800749791	2703014487	3683356192	2274431226	10160219480	5998683848	8086307234	4902415724	1383697802	3560820307	2416971323	4112820326	9663587094	4717388848	2015900434	9145100350	4853809897	7279924808	6003855102	1601086906	8755611058	8000104213	2052157046	1435972523	2437737821	6347617282	6506687781	3146939328	1248642767	4295057300	8388765457	7686472052	6061101468	2589011762	4423172760	11982668980	4178911587	2522602251	5404220158	5167374248	5974813131	4719010610	1204925514	1827374472	1246494204	9280444758	4876618274	1645601252	8234984876	4816276289	3809792584	2928632295	3064364829	3924852878	9605563563	3967875288	5409085271	9443806236	13502035443	10328828596	2675257484	12458089420	7507696056	3473365333	1332690007	4565643697	2788663169	8364981054	6536524814	402088887	1111529979	12390558485	8968769710	9455958676	9650216073	8913503539	4189324640	9477555354	9287138199	6246141593	2454893707	6226591367	5134603266	4903355804	10235088763	6667902259	3747110074	1887904068	1686710891	2686779768	758025760	4213634032	916441648	3849312764	9962731574	10597814200	5699567042	4718350681	3982142247	1735011172	7904080162	5964986437	395121425	292127824	925438627	12285118864
2022-05-02	0	0	0	0	0	0	0	0	0	0	0	0	0	0	0	0	0	0	0	0	0	0	0	0	0	0	0	0	0	0	0	0	0	0	0	0	0	0	0	0	0	0	0	0	0	0	0	0	0	0	0	0	0	0	0	0	0	0	0	0	0	0	0	0	0	0	0	0	0	0	0	0	0	0	0	0	0	0	0	571503240	0	0	0	0	0	0	0	0	0	0	0	0	0	0	0	0	0	289652852	0	0	0	0	0	0	0	0	0	0	0	0	0	0	0	0	0	0	0	0	0	0	0	0	0	0	0	0	1717865179	0	0	0	0	0	0	0	0	0	0	0	0	0	0	0	0	0	0	0	0	0	0	0	0	0	0	0	0	0	0	0	0	0	0	0	0	0	0	0	0	0	0	0
2022-05-16	0	0	0	0	0	0	0	0	0	0	0	0	0	0	0	0	0	0	0	0	0	0	0	0	0	0	0	0	0	0	0	0	0	0	0	0	0	0	0	0	0	0	0	0	0	0	0	0	0	0	0	0	0	0	0	0	0	0	0	0	0	0	0	0	0	0	0	0	0	0	0	0	0	0	0	0	0	0	0	0	0	0	0	0	0	0	282600	0	0	0	0	0	0	0	0	0	0	0	0	0	0	0	0	0	0	0	0	0	0	0	0	0	0	0	0	0	0	0	0	0	0	0	0	0	0	0	221166339	0	0	0	0	0	0	0	0	0	0	0	0	0	0	0	0	0	0	0	0	0	0	0	0	0	0	0	0	0	0	0	0	0	0	0	0	0	0	0	0	0	0	0
2022-06-27	0	0	0	0	0	0	0	0	0	0	0	0	0	0	0	0	0	0	0	0	0	0	0	0	0	0	0	0	0	0	0	0	0	0	0	0	0	0	0	0	0	0	0	0	0	0	0	0	0	0	0	0	0	0	0	0	0	0	0	0	0	0	0	0	0	0	0	0	0	0	0	0	0	0	0	0	12641873	0	0	0	0	0	0	0	0	0	0	0	0	0	0	0	0	0	0	0	0	0	0	0	0	0	0	0	0	0	0	0	0	0	0	0	0	0	0	0	0	0	0	0	0	0	0	0	0	0	0	0	0	0	0	0	0	0	0	0	0	0	0	0	0	0	0	0	0	0	0	0	0	0	0	0	0	0	0	0	0	0	0	0	0	0	0	0	0	0	0	0	0	0
2022-07-04	0	0	0	0	0	0	0	0	0	0	0	0	0	0	0	0	0	0	0	0	0	0	0	0	0	0	0	0	0	0	0	0	0	0	0	0	0	565938344	0	0	0	9261750452	0	0	0	0	0	0	0	0	0	0	0	0	0	0	0	0	0	0	0	0	0	0	0	0	0	0	0	0	0	0	0	0	0	6041408349	1171809025	0	4065318445	13787892010	8216747024	6504268541	2885912957	0	1244990664	7156841625	60059420	2102116035	4292392405	5745033649	0	0	488973957	0	0	723615277	0	2163244629	0	0	7859233673	6085084520	10047566441	0	0	4332628397	3972961232	3619848305	1974792653	5248327817	2768917156	0	244197736	1028665808	61718520	1854943200	67539761	1863404141	0	0	0	0	0	0	0	0	0	0	0	0	0	0	0	0	0	0	0	0	0	0	0	0	0	0	0	0	0	0	0	0	0	0	0	0	0	0	0	0	0	0	0	0	0	0	0	0	0	0	0	0
2022-07-11	1047392524	2341375818	2979497972	2621440000	545259520	3456944498	817889280	955707530	1384120320	3061841920	1567545660	2777403052	331825412	918531305	1077687387	11805590298	1929379840	3325701161	1299814207	2243952640	6096406748	1090519040	2384447708	1073530029	3130496001	830111135	3316429618	2678048988	1295089569	1740636160	4613734400	2933158156	1789431351	2181038080	3995274858	4337055444	8975810560	5321704526	3550059591	865815746	2221237391	4334799068	947896685	6522142720	793532204	2226988737	2176325244	1021298908	6187927286	5018013464	6361825635	2298734661	2594162908	1903443041	1384120320	10674720803	8368154721	2153760988	1755302108	2582931349	926437723	1356843228	2033081095	2211871824	3481272320	1593562209	2086432753	1991873841	7224112379	3921674240	4823449600	2768240640	1195376640	2658736568	3271557120	4004747764	5386396936	4866075785	2055208960	6794772480	5194631388	4441647588	5636393301	1254242004	9929291171	6606028800	1447170119	545259520	1971322880	5332841539	4718592000	2768240640	1321205760	7906263040	6291456000	8792242922	3304653823	2294290877	5455253867	5242880000	4665257061	3123751897	5912676814	3997531292	6527646321	3502243840	5479886695	1370197089	1454431708	6780391174	5386062341	1262809707	9151780289	3766212096	3942645760	3139422428	2396590418	6396313600	9521070080	4278473651	3971708136	8131971468	9625927680	8309954393	4781546301	11974737920	8283750400	3719178767	1061001920	2999179913	1526672672	4921685106	4199821534	928851272	1035810532	4480894331	5494538240	5722903522	7144034343	7270811868	8660228836	6238644647	5615488145	4152360960	2033000666	8279632500	3530652086	5515509760	8078588940	5433873827	5194631388	960629924	1055074869	7025459200	838860800	4289714597	897593436	7355407676	7438517664	9346915992	4194304000	4468390514	4202664045	1027604480	8247089362	5896388472	727697628	1065199217	1272957148	10344666168
2022-07-18	0	0	0	0	0	0	0	0	0	0	0	0	898056452	0	0	0	0	0	0	0	0	0	0	0	0	0	0	0	0	0	0	0	0	0	0	0	0	0	110697136	0	3609905106	0	0	0	0	0	0	0	0	0	0	0	0	0	0	0	0	0	0	0	0	0	0	0	0	0	0	0	0	0	0	0	0	0	0	0	0	0	0	0	0	0	0	0	0	0	0	0	0	0	0	0	0	0	0	0	0	0	0	0	0	0	0	0	0	0	0	0	0	0	0	0	0	0	0	0	0	0	0	0	0	0	0	0	0	0	0	0	0	0	0	0	0	0	0	0	0	0	0	0	0	0	0	0	0	0	0	0	0	0	0	0	0	0	0	0	0	0	0	0	0	0	0	0	0	0	0	0	0	0
2022-07-25	0	4627271498	0	0	1430990302	0	1759464505	0	0	8623999615	0	6866849452	1796112904	0	0	0	0	0	0	3738969894	0	0	5828603093	1912390829	3952174440	0	6000784178	0	2003077310	6015067678	0	5939805484	0	1631119212	0	0	0	4426017405	0	0	0	2154053684	0	2826170497	941249560	0	3804933300	258299617	11896296286	1348946408	0	1189727305	0	3853794401	0	9630121984	0	3921243293	0	7682445098	366834477	4019627810	3878574855	4015422544	7934568279	0	5741897286	0	0	5214169148	0	7858352876	920827301	5851715539	0	7724620308	5826798856	7927917705	4005889952	0	2439842857	0	0	2237931804	0	0	0	2102116035	3859382708	0	10760783278	731578957	0	0	0	0	0	0	0	4873680241	0	0	0	0	264936017	4157781041	11771342695	4051034853	0	7043130373	0	989595265	2559892340	820669165	0	7502075089	0	0	0	0	0	0	5117461940	12850735320	0	0	0	0	2046663360	7973778456	3944040312	0	11539853534	0	0	8172168269	0	0	4190712445	11281820997	14433702408	1803064405	0	0	3449329469	2461245716	0	586875717	0	0	8305167071	1993113619	2040736309	8341374685	0	0	2120794700	0	0	0	10041627332	8711706067	0	2162290349	4461205185	10531094392	0	0	0	0
2022-08-01	0	0	0	5941497640	0	0	0	0	975382411	0	0	0	16165016136	883042744	0	21892575930	0	0	0	0	617064430	1023410176	0	1064665088	3749042669	0	0	0	0	0	2077511592	2189426688	0	804594217	5881227437	3706594944	511412888	1059571649	0	0	1538579068	0	0	11842812422	0	1774032137	0	0	0	10424471320	0	4654759623	0	1370766433	1325400064	0	0	0	0	0	0	0	0	0	0	0	0	0	0	10872192090	0	0	0	2546603987	4348448092	393452020	0	0	0	5226102784	2872956285	11694247530	16607106908	0	7039291704	0	0	0	0	0	0	1248427724	1070988339	0	21224197193	35809669916	0	0	0	3911937081	4394738569	5710940880	0	9722756252	5709757041	3914270979	5041553408	1283457024	0	795119366	0	0	6223217956	0	0	0	0	7373901707	17316401500	4289291975	0	8579687790	3956267668	0	7458504791	0	6702497792	2385390095	0	0	0	0	0	1323115848	0	0	6665218085	0	9773563844	0	39255979024	12454258975	0	6923869793	705517566	0	0	14119896686	0	0	0	0	536870912	10091950588	0	0	0	1154228480	0	51690220408	716520416	0	4050387410	1275068416	9974524437	0	0	0	0	0
2022-08-08	2146300172	2147483648	536870912	0	1430990302	4797038742	685722681	1710682250	0	0	1610612736	2684354560	12572790328	0	536870912	2589527182	3772411381	6278491177	0	2128357158	7461166493	0	2070506709	0	4067577968	536870912	2242687794	4058947497	0	1073741824	3637792680	0	1073741824	2147483648	4305508246	9156484159	5368709120	4831838208	2837027911	1893420226	1462421458	1725390927	1709176977	9275898374	536870912	2147483648	2194320564	604185612	3843232606	7991775000	5905580032	0	2147483648	0	0	0	6979321856	2310630557	2651277098	2684354560	536870912	2945885986	3341703943	4015422544	1610612736	2147483648	0	3036255537	7349646997	0	8990512631	5173998316	1988499505	0	2844246568	3221225472	0	2559208585	2684354560	0	3221225472	6442450944	0	2237931804	0	11137495926	1610612736	1073741824	3218650581	3758096384	4318332334	2147483648	1465252915	9892274329	0	0	4831838208	1073741824	5905580032	9139314196	4101137289	0	5057038798	0	6979321856	4831838208	0	0	1610612736	7516192768	6993826056	1073741824	7409061093	2684354560	3635517957	3221225472	2684354560	9663676416	0	5005036942	2684354560	10307741038	12884901888	0	0	13421772800	0	0	972921536	2147483648	536870912	9663676416	6171144414	0	1407020552	5368709120	3758096384	3221225472	6442450944	8569809686	0	8327063839	8589934592	2147483648	3062716414	7090561432	4073828570	0	5368709120	6801216931	2147483648	1993113619	0	0	536870912	2684354560	1073741824	12164191328	9431022759	0	8053063680	1610612736	0	0	10737418240	5162385272	0	2133306817	536870912	11770745482
2022-08-15	0	0	0	0	0	0	0	0	0	0	0	0	4490282260	0	0	0	0	0	0	0	0	0	0	0	0	0	0	0	0	0	0	0	0	0	0	0	0	0	0	0	0	0	0	0	0	0	0	0	0	0	0	0	0	0	0	0	0	0	0	0	0	0	0	0	0	0	0	0	0	0	0	0	0	0	0	0	0	0	0	0	0	0	0	0	0	0	0	0	0	0	0	0	0	0	0	0	0	0	0	0	0	0	0	0	0	0	0	0	0	0	0	0	0	0	0	0	0	0	0	0	0	0	0	0	0	0	0	0	0	0	0	0	0	0	0	0	0	0	0	0	0	0	0	0	0	0	0	0	0	0	0	0	0	0	0	0	0	0	0	0	0	0	0	0	0	0	0	0	0	0
2022-08-22	0	0	0	5093066644	1430990302	6944522390	0	1710682250	0	24254018683	3371096380	6866849452	2694169356	0	0	21916880014	3772411381	7352233001	0	3738969894	0	0	5828603093	1912390829	0	1944396515	6000784178	0	0	0	10080243624	0	3912267707	0	0	32318930746	1569684001	8954357594	5521382471	0	0	0	1709176977	27050640606	1886121783	7708813842	0	0	11896296286	0	11819465491	21800105	0	3853794401	0	39182252805	0	0	3725018922	0	0	4019627810	0	0	0	0	0	0	15939581589	0	0	7858352876	1988499505	0	0	8094194164	56042822692	0	0	13787892010	0	12281450090	0	2237931804	15780347144	0	0	0	4292392405	0	10760783278	0	0	0	0	13458970887	0	0	0	0	0	6085084520	0	8170863772	0	0	11771342695	4051034853	0	14728597254	0	2128947599	14925253861	8442861056	0	0	0	12558061451	16635766958	6260614855	0	0	0	106128374867	0	23075925323	0	0	0	7973778456	0	0	0	1935484232	0	15490942331	0	0	13924140875	0	14433702408	14232643871	0	0	0	12459270552	0	9950758510	16597539804	13780538787	0	0	0	12289538302	2058708669	0	2120794700	0	0	16882035422	0	8711706067	6554859841	0	0	0	0	0	2169439791	0
2022-08-29	0	0	0	0	5723961208	0	0	0	0	0	0	0	0	0	0	0	0	0	0	0	0	0	0	0	0	0	0	0	2003077310	0	0	0	0	0	0	0	0	53726145564	0	0	0	0	0	0	0	0	0	6833120743	0	2476802566	5579223263	2367008988	7968762150	3853794401	3811008451	16192779510	29381869015	3937336762	0	0	0	0	3878574855	4015422544	3839307129	3921400929	0	4109997361	840733900	0	10064254455	7858352876	2005596184	5191219620	0	0	0	0	0	0	0	0	0	0	0	0	0	0	0	0	0	0	0	1455395841	0	0	0	0	0	0	0	0	0	0	0	0	0	0	4180729308	0	43530056472	0	0	0	0	8412708406	0	0	0	0	0	0	0	0	0	0	0	0	0	0	0	0	0	0	0	0	0	0	0	0	0	0	0	0	0	0	0	0	0	0	0	0	0	0	0	0	0	0	0	0	0	0	0	0	0	31593283176	0	0	0	0
2022-09-05	0	0	0	0	11447922416	0	0	0	0	0	0	0	0	0	0	0	0	0	0	0	0	0	0	0	0	0	0	0	0	0	0	0	0	0	0	0	0	0	0	0	0	0	0	0	0	0	0	0	0	0	0	0	0	0	0	0	0	0	0	0	0	0	0	0	0	0	0	0	0	0	0	0	0	0	0	0	0	0	0	0	0	0	0	0	0	0	0	0	0	0	0	0	0	0	0	0	0	0	0	0	0	0	0	0	0	0	0	0	0	0	0	0	0	0	0	0	0	0	0	0	0	0	0	0	0	0	0	0	0	0	0	0	0	0	0	0	0	0	0	0	0	0	0	0	0	0	0	0	0	0	0	0	0	0	0	0	0	0	0	0	0	0	0	0	0	0	0	0	0	0
2022-09-12	0	0	0	0	0	0	0	0	0	0	0	0	0	0	0	0	0	0	0	0	0	0	0	0	0	0	0	0	0	0	0	0	0	0	0	0	0	0	0	0	0	0	0	0	0	0	0	0	0	0	0	0	0	0	0	0	0	0	0	0	0	0	0	0	0	0	0	0	0	0	0	0	0	0	0	0	0	0	0	0	0	0	0	0	0	0	0	0	0	0	0	0	0	0	0	0	0	0	0	0	0	0	0	0	0	0	0	0	0	0	0	0	0	0	0	0	0	0	0	0	0	0	0	0	0	0	0	0	2046663360	0	0	0	0	0	0	0	0	0	0	0	0	0	0	0	0	0	0	0	0	0	0	0	0	0	0	0	0	0	0	0	0	0	0	0	0	0	0	0	0	0
2022-10-03	0	0	0	0	0	0	0	0	0	0	0	0	898056452	0	0	0	0	0	0	0	0	0	0	0	0	0	0	0	0	0	0	0	0	0	0	0	0	0	0	0	0	0	0	0	0	0	0	0	0	0	0	0	0	0	0	0	0	0	0	0	0	0	0	0	0	0	0	0	0	0	0	0	0	0	0	0	0	0	0	0	0	0	0	0	0	0	0	0	0	0	0	0	0	0	0	0	0	0	0	0	0	0	0	0	0	0	0	0	0	0	0	0	0	0	0	0	0	0	0	0	0	0	0	0	0	0	0	0	0	0	0	0	0	0	0	0	0	0	0	0	0	0	0	0	0	0	0	0	0	0	0	0	0	0	0	0	0	0	0	0	0	0	0	0	0	0	0	0	0	0
2022-11-14	0	0	0	0	0	0	0	12011884	0	0	0	0	0	0	0	5242880	0	5242880	5242880	0	0	0	0	0	0	0	0	0	0	5242880	5242880	5242880	0	0	0	10485760	5242880	4761434	0	4446388	0	0	0	10485760	0	0	2190012	0	10485760	5242880	5242880	0	5242880	0	0	5242880	0	0	5242880	0	9257309	0	0	5242880	5242880	0	0	0	10485760	0	0	5242880	0	5242880	2190012	5242880	5242880	0	5242880	10485760	20971520	5242880	0	5242880	5242880	0	0	0	0	5242880	20971520	0	0	13835666	10485760	20539437	5242880	0	0	10485760	5242880	5242880	8397442	0	260721	7276803	16871851	0	0	0	0	0	0	0	0	0	0	0	10485760	0	6403657	5242880	0	0	0	6403657	0	7897316	0	0	0	15728640	0	9721857	0	16889417	5242880	0	26877420	5242880	15993848	0	0	10053677	0	0	0	0	0	6403657	5242880	0	0	0	0	10485760	0	5242880	16856704	11613824	0	16292017	10485760	0	15861120	0	0	0	0	0
2022-11-21	0	4627271498	0	5093066644	0	6944522390	1759464505	1710682250	0	6359075455	3371096380	6866849452	898056452	1896944860	0	0	0	0	3795425087	3738969894	0	0	5828603093	1912390829	0	1944396515	6000784178	5669560233	2003077310	6015067678	0	0	3912267707	5881669715	0	10767096895	0	8954357594	0	3786840452	0	9241583695	1709176977	14644607494	0	3854406921	3804933300	0	11896296286	0	11819465491	0	7968762150	3853794401	0	19419844643	0	0	0	0	1813547135	4019627810	3878574855	0	7934568279	0	0	4109997361	0	0	20128508910	7858352876	1988499505	0	0	8094194164	14299292936	0	4005889952	0	0	12281450090	12363639726	0	16577139000	0	0	0	0	0	10760783278	0	0	16871596185	0	0	7561872383	0	9760721039	15581765140	0	0	0	0	10197662321	8049854723	0	4051034853	0	0	0	0	14925253861	8442861056	0	8412708406	0	12558061451	16635766958	6260614855	8270869736	14602708334	18653108884	18486596850	8262818621	0	0	0	2046663360	0	3944040312	0	11539853534	0	1943891464	0	0	12206655137	13924140875	16086002454	0	14232643871	0	0	4136458238	0	6221312218	9950758510	0	13780538787	8305167071	0	2040736309	12289538302	0	8253331877	2120794700	14848545888	0	0	0	8711706067	0	0	0	0	2018521694	2133306817	0	0
2022-11-28	0	0	0	0	0	0	0	0	0	0	0	0	0	0	0	0	0	0	0	0	0	0	0	0	0	0	0	0	0	0	0	0	0	0	0	0	0	0	35636530	0	0	0	0	0	0	0	0	0	0	0	0	0	0	0	0	0	0	0	0	0	0	0	0	0	0	0	0	0	0	0	0	0	0	0	0	0	0	0	0	0	0	0	0	0	0	0	0	0	0	0	0	0	0	0	0	0	0	0	0	0	0	0	0	0	0	0	0	0	0	0	0	0	0	0	0	0	0	0	0	0	0	0	0	0	0	0	0	428336052	0	0	0	0	0	0	0	0	0	0	0	0	0	0	0	0	0	0	0	0	0	0	0	0	0	0	0	0	0	0	0	0	0	0	0	0	0	0	0	0	0	0
2022-12-12	196070698	324020365	124733149	175666360	185218599	94072113	315787052	167431792	54019730	47185920	26214400	26214400	153331677	44066068	31457280	26214400	167772160	162529280	319980501	186284104	167772160	282209116	68157440	110461843	26214400	130635685	20971520	55813116	79005059	26214400	152075861	141557760	193986560	214958080	199229440	0	0	0	0	52658427	5242880	31457280	56806646	24288589	0	30063264	53921025	29830521	26214400	99614720	120586240	152043520	183500800	193986560	111359342	47185920	58932100	93142769	65301734	62914560	122374278	5242880	30992360	5242880	15728640	62482353	68157440	39586277	10485760	41943040	47185920	66497844	91880295	83886080	15728640	64804969	36700160	43336064	68157440	164652432	73400320	178257920	0	99545806	235929600	204472320	179482263	162924542	0	28603256	76717389	10485760	22596721	19477489	0	20971520	0	12343704	0	13770061	27772865	0	0	0	0	0	0	0	0	0	0	0	0	0	0	0	0	0	0	0	0	0	0	0	0	0	0	0	0	0	0	0	0	0	0	0	0	0	0	0	0	0	0	0	0	0	0	0	0	0	0	0	0	0	0	0	0	0	0	0	0	0	0	0	0	0	0	0	0	0
2022-12-19	0	0	0	0	0	0	0	0	0	0	0	0	0	0	0	0	0	0	0	0	0	0	0	0	0	0	0	0	0	0	0	0	0	0	0	0	0	0	0	0	0	0	0	0	0	0	0	0	0	0	0	0	0	0	0	0	0	0	0	0	0	0	0	0	0	0	0	0	0	0	0	0	0	0	0	0	0	0	0	0	0	0	0	0	0	0	0	0	0	0	0	0	0	0	0	0	36700160	115343360	152043520	89128960	104857600	209715200	186817869	235929600	104857600	241172480	15728640	5242880	5242880	0	0	50369338	0	5242880	17353841	15628253	31457280	28237537	10485760	41943040	73400320	15728640	5242880	0	0	0	0	15728640	64239414	36700160	73400320	0	167772160	120849766	173675882	142486360	94371840	62914560	99614720	146800640	162529280	167772160	280161481	225443840	288121053	243161594	185889656	41212912	10485760	53589453	52428800	89688601	125990453	95797949	101338006	57671680	173341636	52428800	131072000	71375377	117466512	78643200	52428800	40015671	20971520	41943040	20971520	5242880	0	15561889
2022-12-26	0	0	0	0	0	0	0	0	0	0	0	0	0	0	0	0	0	0	0	0	0	0	0	0	0	0	0	0	0	0	0	0	0	0	0	0	0	0	0	0	0	0	0	0	0	0	0	0	0	0	0	0	0	0	0	0	0	0	0	0	0	0	0	0	0	0	0	0	0	0	0	0	0	0	0	0	0	0	0	0	0	0	0	0	0	0	2285991795	0	0	0	0	0	0	0	0	0	0	0	0	0	0	0	0	0	0	0	0	0	0	0	0	0	0	0	2708975604	0	4304998738	0	0	0	0	0	0	0	0	0	0	0	0	0	0	0	0	0	0	0	0	0	0	0	0	0	0	0	0	0	0	0	0	0	0	0	0	0	0	0	0	0	0	0	0	0	0	0	0	0	0	0	0	0
2023-01-02	61616684	83550400	74923080	100571469	60024831	141557760	277635417	250657060	183500800	136314880	33347565	36169000	95960592	0	58931038	0	31457280	83785693	26214400	9987313	15728640	137536107	26214400	179478155	66763176	243652197	312448532	167506332	361356056	168632575	180646528	47185920	36700160	104690353	47185920	36700160	96959416	57671680	78643200	76418297	0	94371840	244745797	83886080	206689504	47185920	62914560	115343360	89128960	0	52428800	66597045	45891105	45957097	78643200	57671680	115343360	54220380	137437030	72437077	106912458	68157440	52428800	237446640	0	89128960	68157440	57671680	78643200	148325454	26214400	52428800	150113492	69184001	99614720	12343704	53722181	57671680	40018112	115873776	5242880	15362921	0	50269378	0	41943040	46553877	138035740	83886080	73400320	10485760	66464069	156956415	20971520	41943040	52892728	0	10485760	18581920	15263720	31457280	41643685	84914005	115343360	162529280	52428800	15728640	0	18316464	14069168	108672813	167569526	99614720	62914560	78643200	94371840	68157440	41943040	173015040	57671680	62914560	20971520	24919461	65767964	32684297	81595681	131072000	52428800	151442702	136314880	153168910	120586240	73400320	179184218	170854943	70745388	62914560	68157440	89094937	62914560	73400320	50835196	48380224	26214400	15728640	15728640	79405669	60823129	15728640	26214400	78643200	241232489	233334622	78643200	50568430	157286400	214752028	88597800	178257920	62914560	107079829	152043520	57671680	107643206	68157440	112586786	38258377	15728640	57671680	36700160
2023-02-13	690756935	94766854	217235629	93336910	40911999	131496045	118024153	85274926	122235149	3696387114	95825864	404511913	118590592	573927334	91247686	835560369	156615288	232631084	16756441	131727905	257713917	111422342	66229396	40811984	88892233	53686600	659467716	647654041	97519553	196033628	319350469	477391591	190920951	178116286	723637124	788939245	6403657	159666211	255723880	56972087	155454387	94466809	74160363	1176983720	106642258	175529028	103656816	149315248	101465866	111419583	88890412	86834949	105615961	575486419	146358822	9555152556	552989961	151701593	132027895	128541550	623077060	132192398	122703284	103193206	483958428	92642268	181100845	136736980	706818954	291496835	168593521	174268112	26412872	172675376	223640169	136040627	14275971398	157842553	647122191	215609187	184983553	185215413	163448021	121308812	1244112422	152963392	76713087	44728398	144800620	289335011	470681576	682560567	91513142	225697453	1155251731	288904004	185049917	109266036	739966365	418182014	307288653	201341810	269493941	350663616	849692204	255594904	272581329	209073685	207580081	83217642	124031502	95594997	74093999	423335149	150145267	158041645	125391495	64734909	44893839	75023095	211064605	11314593	0	9343014130	732964439	0	25781062	675427789	66959400	219891955	178979956	20439174	211844310	70311251	97185912	181434486	27374681	136239664	107406906	62182130	530658944	584643768	129804232	188501893	695102425	557138180	109097781	159700800	118157819	147721629	141650730	110252199	87497706	88827745	94565003	160628903	75718510	94399562	172972607	214919902	0	0	0	0	0	0	0	0	0	0
2023-02-20	0	0	0	0	0	0	0	0	0	0	0	0	0	0	0	0	0	0	0	0	0	0	0	0	0	0	0	0	0	0	0	0	0	0	0	0	0	0	0	0	0	0	0	0	0	0	0	0	0	0	0	0	0	0	0	8061669411	0	0	0	0	0	0	0	0	0	0	0	0	0	0	0	0	0	0	0	0	0	0	0	0	0	0	0	0	0	0	0	0	0	0	0	0	0	0	0	0	0	0	0	0	0	0	0	0	0	0	0	0	0	0	0	0	0	0	0	0	0	0	0	0	0	0	0	0	0	0	0	0	0	0	0	0	0	0	0	0	0	0	0	0	0	0	0	0	0	0	0	0	0	0	0	0	0	0	0	0	0	0	0	99077810	321822424	827064894	188932680	61119368	243978445	285523192	67291220	10053677	82854047	139726119
2023-03-20	0	0	0	0	1430990302	0	0	0	0	0	0	0	0	0	0	0	0	0	0	0	0	0	0	0	0	0	0	0	0	0	0	0	0	0	0	0	0	0	0	0	0	0	0	0	0	0	0	0	0	0	0	0	0	0	0	0	0	0	0	0	0	0	0	0	0	0	0	0	0	0	0	0	0	0	0	0	0	0	0	0	0	0	0	0	0	0	0	0	0	0	0	0	0	0	0	0	0	0	0	0	0	0	0	0	0	0	0	0	0	0	0	0	0	0	0	0	0	0	0	0	0	0	0	0	0	0	0	0	0	0	0	0	0	0	0	0	0	0	0	0	0	0	0	0	0	0	0	0	0	0	0	0	0	0	0	0	0	0	0	0	0	0	0	0	0	0	0	0	0	0
2023-04-03	0	0	0	0	0	0	0	0	0	0	0	0	0	0	0	0	0	0	0	0	0	0	0	0	0	0	0	0	0	0	0	0	0	0	0	0	0	0	0	0	0	133287873	0	0	0	0	0	0	0	0	0	195498136	155221644	0	0	0	0	0	0	0	289273172	0	0	0	0	0	0	0	0	0	0	0	0	0	249971404	0	0	0	0	0	193680051	0	0	0	0	0	209706488	0	0	0	0	0	0	0	0	0	0	0	0	0	0	0	0	0	0	0	0	0	0	210071021	0	0	0	0	321890609	0	189595437	0	0	0	0	0	0	0	279382177	0	0	0	2046663360	0	0	108933223	0	0	0	0	0	0	0	0	0	0	0	0	0	0	0	0	0	0	150507924	0	0	0	0	0	0	0	0	0	0	0	0	161458922	0	83683128	0	0	0	0
2023-04-10	0	0	0	0	0	0	0	0	0	0	0	0	0	0	0	0	0	0	0	0	0	1935831414	0	0	0	0	0	0	0	118556003	0	0	0	0	0	0	177150835	0	0	0	0	0	0	0	0	0	0	0	0	0	0	3831765063	0	3853794401	0	0	0	0	0	0	0	0	0	0	0	0	0	0	0	173372667	0	0	0	5851715539	0	0	0	0	0	13787892010	0	0	0	0	0	0	0	0	0	0	0	83185867	0	0	0	0	0	0	0	0	0	0	140953384	0	0	0	0	0	0	0	0	0	0	0	0	0	0	0	0	0	0	0	0	18486596850	0	0	0	0	0	0	0	0	0	3870968464	0	0	95993181	0	0	0	0	0	0	0	0	0	0	0	0	0	0	0	0	0	0	0	0	0	0	0	0	0	6554859841	0	0	0	0	0	0	0
2023-04-17	0	0	0	0	0	0	227688373	0	0	0	0	0	0	0	0	0	0	0	0	0	0	0	0	0	0	0	0	0	0	0	0	0	0	0	0	205988228	0	0	0	0	0	0	0	0	0	0	0	0	114871449	0	0	0	0	0	0	0	0	0	0	0	0	0	0	0	0	0	0	0	0	0	0	0	0	0	0	0	0	0	0	0	0	0	243514780	0	0	0	0	351950742	0	0	139923335	0	0	0	0	0	0	0	0	0	0	0	0	0	0	0	168527212	0	0	0	0	0	0	0	0	0	0	128376054	0	0	0	0	0	0	0	0	0	0	0	0	0	0	0	0	0	0	0	0	0	0	0	0	0	201240912	89754027	0	0	109861436	189960908	0	0	0	0	0	0	0	0	0	0	0	0	0	0	0	0	0	0	0	0	0
2023-04-24	0	0	0	0	0	0	0	0	0	220851005	0	0	0	0	0	0	0	0	89688601	0	0	0	0	0	0	0	0	0	0	0	0	0	0	0	0	0	0	0	0	0	0	0	0	0	0	0	0	0	0	0	0	0	0	0	0	79734939	0	0	0	0	0	0	0	0	0	0	0	0	0	0	0	0	0	0	0	0	235352063	0	0	0	0	0	0	0	0	0	0	0	0	0	0	0	0	0	0	0	0	0	0	0	0	0	94234066	0	0	0	0	0	0	71405788	0	0	0	0	0	0	0	0	0	143174233	0	83153154	0	0	0	0	0	0	96823200	0	143574293	0	0	0	0	105182305	216237355	0	0	0	0	0	68586725	0	0	0	0	0	0	0	0	0	0	0	0	0	0	0	0	0	58994782	0	0	0	0	0	0	0	0	0
2023-05-01	0	0	0	0	0	0	0	0	0	0	0	0	0	0	0	0	0	0	0	0	0	338948143	0	0	0	0	0	0	196164480	0	0	0	0	0	0	0	83152216	178713617	0	0	0	0	0	0	0	160099867	0	0	0	0	0	0	0	0	0	0	0	153128833	0	0	0	0	0	203628305	0	0	0	0	0	0	224504722	0	0	0	0	0	0	0	0	150939759	0	0	0	0	0	0	0	0	0	0	0	0	0	0	144102556	0	0	0	0	0	0	0	0	0	0	0	0	0	0	0	0	271953106	0	233793861	0	186211756	0	0	0	0	0	14602708334	154390742	0	0	0	0	0	0	0	0	0	0	276463099	0	0	0	0	0	0	0	215676544	0	0	0	88690382	0	0	0	0	0	0	0	0	208709152	0	0	0	0	0	0	0	0	0	0	0	0	169753484	0	0
2023-05-08	349594351	0	0	0	0	100139579	0	0	0	0	0	0	0	0	0	0	0	0	75453992	0	0	0	0	0	0	0	0	0	0	0	0	0	0	0	0	0	0	0	0	0	0	0	0	0	0	0	0	112050565	0	0	0	0	0	0	0	9915768902	147722567	0	522537169	0	0	0	0	0	0	0	0	63607604	0	0	0	0	243548431	0	0	0	6138783702	0	0	0	0	0	0	0	0	0	0	0	193477262	0	0	0	0	0	0	0	0	0	0	0	0	0	0	0	0	233262949	0	0	0	0	0	0	0	0	0	0	0	0	0	0	0	0	0	165045322	0	0	0	199582695	0	0	0	0	118656956	0	0	0	0	0	0	0	0	0	0	0	0	0	0	0	0	0	0	349927109	0	0	0	0	0	0	154922592	0	0	9920066	0	0	0	0	0	0	0	0
2023-05-15	322686204	161390737	404505402	0	0	0	0	323346092	282702253	0	0	0	0	0	0	0	0	0	0	0	223540099	0	164113537	0	0	268632147	0	0	0	0	167398141	0	0	0	0	0	0	0	0	0	0	0	0	0	0	0	0	0	0	0	0	0	0	0	0	0	0	0	0	0	256520193	0	0	0	0	0	0	0	0	0	0	0	0	0	0	0	0	220986547	0	0	0	0	0	185251823	0	0	0	0	0	0	0	0	264851275	0	0	0	0	0	267471246	0	227458389	0	185812689	0	0	0	0	0	0	0	0	0	93968610	0	0	0	0	0	0	0	0	0	0	0	0	0	0	0	0	0	0	0	0	0	161923470	0	0	0	0	0	0	130401508	0	0	0	0	0	0	0	0	0	0	0	0	0	0	0	0	0	0	0	0	0	0	0	0	0	0	0	0
2023-05-22	52428800	0	0	0	169386192	0	0	0	0	0	0	0	0	0	0	0	0	0	0	0	0	0	0	0	0	0	0	0	0	0	0	0	296305935	203033678	0	0	0	0	0	0	0	0	0	0	0	0	0	0	0	0	0	0	0	0	0	0	0	0	0	0	0	151238038	0	0	0	0	0	0	0	0	0	0	0	0	0	0	0	0	0	0	0	0	171410763	0	0	0	1071392	56373873	0	0	0	199483618	0	0	0	0	0	0	0	0	0	0	0	0	0	0	172938073	0	0	287115928	0	0	0	0	0	0	0	0	0	157013582	0	207115588	0	114076902	0	121873320	0	338847190	0	0	0	0	0	0	0	0	0	0	0	0	0	0	0	0	0	0	272482142	0	0	0	0	0	0	0	0	0	0	0	0	0	8826412	0	0	0	0	0	0	0	0	0
2023-05-29	203233653	0	0	0	0	0	0	0	0	0	0	0	0	0	0	0	0	0	0	0	0	0	0	0	0	0	179278125	231802058	0	0	0	0	0	0	0	0	0	0	0	0	0	272848551	0	0	0	0	0	191752681	0	0	0	148884406	0	0	0	0	0	0	0	0	0	0	0	23657359	0	0	0	0	0	0	0	0	0	0	0	243948436	0	0	0	0	0	0	0	0	0	0	143563276	0	0	0	0	0	0	0	0	0	0	81360388	0	0	0	0	0	0	0	0	0	0	0	0	0	0	0	0	0	0	0	0	0	0	326864212	0	0	0	320926924	0	0	0	583455404	0	0	0	0	124892413	0	0	0	0	0	0	0	0	0	0	0	0	0	0	0	0	0	0	0	0	0	0	0	0	256422164	0	0	0	0	0	0	0	0	249286682	0	0
2023-06-05	0	297532262	0	0	216043781	0	0	0	0	0	0	0	0	0	0	0	0	0	0	0	0	0	0	0	0	78605813	0	0	0	0	0	0	0	0	0	0	16972454924	0	5521382471	0	3609905106	9241583695	0	14644607494	0	3854406921	0	0	274271266	11761485084	11819465491	3831765063	7968762150	0	3794614300	0	46809987363	3921243293	3725018922	0	0	0	2190012	4015422544	0	30526502	0	4109997361	15939581589	183292678	0	0	169223565	5851715539	0	8094194164	0	8174917009	0	13787892010	0	0	0	0	0	0	1163520	0	0	0	0	0	0	0	0	210533693	0	0	0	0	0	0	0	0	0	0	0	0	0	0	0	0	0	0	300153171	0	0	0	0	0	0	0	0	0	0	0	0	0	0	368640046	0	0	0	0	295177747	0	0	0	0	0	0	0	0	0	142711561	0	0	0	0	56373928	0	0	0	0	0	0	0	0	0	0	0	0	0	0	0	0	0	0	0	0
2023-06-12	0	0	0	0	0	0	206619155	0	0	0	12807314	0	0	0	0	0	0	0	0	0	0	0	75386745	219690104	0	0	0	0	0	0	0	0	0	0	93040452	0	0	0	0	0	3609905106	0	1709176977	0	0	0	0	0	0	0	0	0	0	0	0	0	111422397	0	0	0	0	0	0	0	0	0	0	0	0	0	0	0	0	0	0	0	0	0	0	0	362901850	12281450090	12363639726	2237931804	0	0	1129648	2102116035	4292392405	0	0	4250205792	2002123827	146094359	0	0	7561872383	3871867713	0	0	7859233673	0	12036360654	0	239632017	0	0	0	0	14728597254	14510018824	2128947599	14925253861	8442861056	0	0	63209365	0	0	6260614855	0	10108436206	0	0	0	23075925323	28940852314	6277704207	2046663360	7973778456	3944040312	12014672625	0	1935484232	0	101634121	12152065526	12206655137	13924140875	16274668795	14433702408	28465287742	14326354536	8425430625	0	262028515	0	9950758510	16597539804	13780538787	0	1993113619	0	12289538302	0	8253331877	0	0	0	0	0	0	0	0	17597809999	0	0	2133306817	2169439791	0
2023-06-19	0	0	0	0	0	0	0	0	0	0	0	0	0	0	0	0	0	0	0	0	0	0	0	0	0	0	0	0	0	0	0	0	0	0	0	0	0	0	0	0	0	0	0	0	0	0	0	0	0	0	0	0	0	0	0	0	0	0	0	0	0	0	0	0	0	0	0	0	0	0	0	0	0	0	0	0	0	0	0	0	0	0	0	0	0	0	172919430	0	0	0	0	0	0	0	0	0	0	0	0	0	0	0	0	0	0	0	0	0	0	0	0	0	0	0	0	0	0	0	0	0	0	0	0	0	0	0	0	0	0	0	0	0	0	0	0	0	0	0	0	0	0	0	0	0	0	0	0	0	0	0	0	0	0	0	0	0	0	0	0	0	0	0	0	0	0	0	0	0	0	0
2023-06-26	0	79469483	0	0	0	277755845	0	315552433	0	0	200414755	0	0	0	0	130500585	0	0	0	0	0	0	0	0	0	0	0	0	0	0	309915190	0	276132272	0	0	0	0	0	0	0	0	0	0	0	0	0	0	0	0	0	0	0	0	0	0	0	0	0	0	0	0	0	0	0	0	0	0	0	0	0	0	0	0	0	0	0	0	0	0	0	0	0	0	0	0	0	112215932	335627129	0	0	0	0	0	0	0	0	0	107374138	0	0	0	0	0	0	0	0	0	0	0	0	0	0	0	0	0	0	0	196899174	0	0	366779868	0	73462134	0	0	0	0	0	0	0	0	0	0	0	0	0	0	0	0	0	0	0	0	0	0	100272307	0	0	0	0	0	0	0	0	0	0	0	0	0	0	0	0	19842836	0	0	0	0	0	0	0
2023-07-03	0	0	0	0	0	0	360046157	0	0	0	0	0	0	0	0	0	0	0	0	114839619	72270396	172942818	118357904	0	0	0	0	0	0	0	0	97885024	0	0	0	0	0	0	0	0	0	0	0	0	0	0	0	0	0	0	0	0	0	0	0	0	0	0	0	0	0	0	0	0	0	0	0	0	168690832	0	0	0	0	0	0	0	0	0	0	0	0	0	0	0	0	0	23412479	0	0	261534896	0	0	0	0	0	0	0	0	0	243223122	0	0	0	0	0	0	268171351	0	0	0	0	0	0	0	0	0	0	0	0	0	0	0	0	0	0	171610903	0	0	0	0	0	139658817	0	0	0	260039416	129570661	0	0	0	0	0	0	0	0	0	0	0	0	0	0	0	0	0	0	0	502462583	0	0	0	0	372784623	0	0	0	0	0	0	0	92376204
2023-07-10	2683171084	0	0	0	0	0	0	0	0	329164612	0	0	0	0	0	192018735	0	0	0	0	0	0	0	0	0	0	0	0	0	0	0	0	0	275608864	0	0	0	0	349205712	0	0	211434876	0	0	0	0	0	0	0	0	0	0	0	0	0	0	0	0	0	0	0	96559620	0	0	0	0	0	137505380	0	0	0	0	0	0	0	0	0	0	0	0	0	0	0	0	0	0	1208160	0	0	0	0	0	0	0	0	162326344	0	0	0	199357456	0	0	0	0	208314940	0	0	0	0	0	0	199223900	0	0	0	0	0	0	0	0	0	0	0	163454532	0	148002251	0	0	0	0	0	0	0	0	0	0	0	0	0	0	0	0	0	0	0	0	0	0	0	0	186350112	0	0	0	0	0	0	0	0	0	0	0	0	0	0	0	0	0	0	0
2023-07-17	0	0	0	0	0	0	0	0	0	0	0	307196307	0	0	0	0	0	156381662	0	0	193445487	0	0	0	0	0	0	0	0	0	0	0	0	0	253045932	0	0	0	132625171	0	0	0	0	0	0	0	0	0	0	0	0	0	0	0	0	0	0	0	0	0	0	0	0	250222179	0	0	0	0	0	0	0	0	61152081	0	0	0	0	0	0	0	0	0	0	0	0	0	997576	0	0	52094802	0	0	0	0	0	0	0	0	0	0	0	0	0	354515660	0	119086915	0	0	0	0	0	0	0	0	0	257291352	0	0	0	0	0	0	301717884	0	0	0	0	0	0	0	0	0	0	0	0	0	0	0	136175286	0	404504629	0	0	0	351826511	0	0	0	0	0	0	0	0	0	107376952	0	0	0	0	0	0	0	0	0	0	0	0	0	0	0
2023-07-24	2683171084	4627271498	0	0	1430990302	0	0	1710682250	2846041995	6359075455	294215993	6866849452	898056452	1896944860	3619821415	0	3772411381	7352233001	3795425087	0	0	1935831414	5828603093	0	0	2119225493	6000784178	0	0	6015067678	10080243624	0	261300332	5881669715	0	0	16972454924	8954357594	5521382471	0	3609905106	9241583695	0	0	191984541	3854406921	3997149591	0	0	11749871384	11819465491	0	7968762150	0	3794614300	19419844643	15603329121	3921243293	0	0	1813547135	4019627810	3920549616	0	0	3921400929	5741897286	4109997361	15939581589	328027982	0	0	0	0	0	8270614995	14299292936	0	725108936	13787892010	10263319933	0	0	0	16577139000	0	2808075760	0	4292392405	8672424239	21521566556	4586960061	0	16871596185	289737720	13458970887	0	3871867713	9760721039	0	7859233673	6085084520	0	0	0	141050640	11771342695	0	0	14728597254	0	2347146913	14925253861	16885722112	6319872517	0	670641945	0	0	6260614855	0	0	0	0	0	0	0	6277704207	0	15947556912	7888080624	0	0	1935484232	0	0	12152065526	12206655137	0	16086002454	14433702408	14232643871	14326354536	8425430625	4136458238	0	6507928954	0	16597539804	13780538787	0	0	0	0	2058708669	8253331877	0	14848545888	14799731879	0	0	8711706067	0	0	35195619998	0	2018521694	2404131845	2339061540	17676325514
2023-07-31	0	4627271498	0	0	0	6944522390	0	1710682250	0	0	3371096380	0	15893709	1896944860	3626125995	21916880014	0	7352233001	3806109691	0	23512267578	3882878344	10451861	1912390829	5678190704	1944396515	6000784178	5669560233	0	6015067678	0	5939805484	3912267707	0	0	10767096895	16972454924	8954357594	0	10020964	0	0	1711366989	14644607494	0	0	3804933300	3825411084	11896296286	0	0	0	19710108	10020964	0	19552304373	15603329121	3921243293	3725018922	0	12808252	0	0	0	6868205	0	0	4109997361	0	0	0	7858352876	0	5851715539	6065472040	16188388328	14299292936	0	0	13787892010	10269690877	0	0	0	16577139000	0	1829545252	2102116035	4293520593	8672424239	10767154222	4250205792	10153692	0	13552922924	0	7571627891	3876314101	9760721039	15600678880	7859233673	0	12036360654	0	10197662321	0	11777713639	0	4180729308	14728597254	0	2128947599	0	8442861056	6370944	8412708406	4304998738	12558061451	16635766958	6260614855	8270869736	0	18653108884	18486596850	4537904116	23075925323	0	11227253360	2046663360	7973778456	3782748	0	11539853534	1935484232	0	0	0	12206655137	13924140875	16086002454	0	0	0	0	4136458238	0	6221312218	0	0	13780538787	10352784	1993113619	0	0	2058708669	8262589186	2127165644	14848545888	0	16882035422	0	0	6554859841	0	6570036	0	0	0	2169439791	0
2023-08-07	0	0	0	0	0	0	0	0	446493680	0	0	0	0	0	0	0	0	138301748	0	0	0	0	0	0	0	0	0	0	0	0	0	0	0	0	0	0	0	0	0	432358976	0	265718972	0	0	0	0	0	0	0	0	0	0	0	0	0	0	0	0	0	0	0	0	0	0	0	0	0	0	0	0	0	0	0	0	0	0	0	0	0	0	0	0	0	0	307464412	26280144	1459592	0	0	0	12675524	0	0	280586164	0	0	0	0	0	198295632	0	95165976	217474828	0	0	0	0	0	0	0	0	0	0	182102816	0	0	0	0	0	0	0	0	0	0	0	0	0	0	0	0	0	0	0	0	0	0	0	0	0	0	0	0	0	0	0	0	0	0	0	0	0	0	10352784	233600452	0	0	217008624	0	0	0	0	0	0	0	0	0	0	0	0	17676325514
2023-08-14	0	0	0	0	0	0	0	356106740	0	0	0	0	0	0	0	0	0	0	0	0	0	0	0	0	0	198826544	0	0	0	0	0	0	377808596	0	0	0	113215328	0	0	0	0	0	0	0	0	0	0	0	0	0	0	0	0	0	430370540	0	0	0	0	0	268972464	0	94170516	0	0	0	0	152106288	0	0	0	0	549759376	0	0	0	0	0	278202762	0	0	0	0	125361596	0	0	1222912	0	0	0	0	0	0	0	0	0	0	0	0	0	0	345026436	0	0	0	0	0	0	0	0	0	0	0	0	0	0	0	0	0	257491492	0	0	0	0	0	0	0	0	0	0	0	0	0	0	0	0	0	0	0	296845344	0	0	0	0	0	0	0	0	0	139561836	0	0	0	329430068	0	0	0	0	0	0	0	0	0	0	0	0	0	0	0	0
2023-08-21	0	0	6377479008	348144716	1430990302	6944522390	257092480	1710682250	0	0	0	6869039464	898056452	0	3619821415	0	3772411381	7352233001	0	3738969894	0	0	5828603093	1912390829	0	1944396515	0	224907596	0	0	10080243624	5939805484	3912267707	0	0	0	0	243754972	0	0	0	0	0	0	0	0	0	0	0	0	0	0	30859260	0	0	0	0	0	0	0	0	0	0	0	0	0	0	0	0	0	0	0	0	0	0	0	0	0	183363732	0	0	0	231608704	0	0	0	807128	0	154627292	0	0	0	0	0	0	0	0	0	0	0	0	0	0	0	0	0	0	0	0	0	0	0	0	391481236	0	0	0	0	0	0	0	0	0	0	0	114477072	0	0	328169980	0	0	0	0	0	0	196238348	0	0	0	0	0	0	0	0	0	0	0	0	0	0	0	0	0	0	0	0	0	733867496	0	0	0	0	263729708	0	0	0	0	0	0	0
2023-08-28	0	309521696	0	0	1430990302	0	0	0	409728852	0	0	0	0	0	0	233667644	0	0	0	0	0	0	0	0	0	0	0	0	0	0	0	0	0	0	0	0	134253544	0	0	0	0	0	0	0	0	325116408	0	0	0	0	0	268439896	0	0	0	0	0	0	0	0	0	0	0	0	0	0	0	0	0	0	0	0	0	0	0	0	0	226301240	0	0	0	0	0	0	211833060	0	1176064	0	0	0	123171584	0	0	0	0	0	0	0	0	0	0	0	0	0	0	0	191460140	0	0	0	0	0	178651888	0	0	0	0	0	0	0	0	0	167634636	0	0	0	0	223085094	0	0	0	0	0	0	0	0	8560956	0	0	0	0	0	0	0	0	0	0	0	0	132328988	0	0	0	0	0	0	0	0	0	0	0	0	0	234994096	0	0	0	101935104	0	0
2023-09-04	0	0	0	0	0	0	0	0	0	0	0	0	328633700	313701800	0	0	0	265456000	0	191526504	0	0	0	0	0	0	0	0	0	0	0	0	0	0	0	0	0	0	0	0	0	239308584	0	0	0	0	0	0	0	0	222120308	0	0	0	0	0	0	0	0	192322872	0	0	0	0	0	0	0	0	0	211302976	0	0	0	0	0	0	0	0	0	0	0	0	0	0	0	219266656	1269392	0	0	0	0	0	0	0	0	0	0	0	0	0	158278140	0	0	0	0	0	0	0	0	264925088	0	223978500	0	0	0	0	0	0	0	0	0	0	0	0	0	0	0	0	0	0	0	0	125692588	0	0	0	0	0	0	0	0	0	0	0	0	0	77911336	0	85277740	0	0	0	0	0	0	0	0	0	0	0	0	0	0	0	0	0	0	0	269039656	0
2023-09-11	219598476	0	0	0	0	0	0	0	0	0	0	0	0	0	0	0	0	0	0	0	0	307330856	0	0	0	0	0	0	0	0	0	0	0	0	0	0	0	0	0	0	0	0	0	0	0	0	0	0	0	0	0	0	0	0	169227372	0	0	341375588	0	0	0	0	0	131732540	0	0	0	0	0	0	0	213360260	0	169891840	0	0	0	0	0	0	0	0	0	0	0	0	651432	0	0	0	0	0	0	0	0	0	0	291801680	0	0	0	0	242560420	0	0	0	0	93571584	0	0	0	0	0	0	0	0	0	0	0	0	0	0	0	0	0	0	0	0	0	0	0	0	0	0	0	0	0	0	0	229752168	0	0	0	0	0	0	0	0	0	0	0	0	0	0	0	0	0	0	0	0	0	325515420	0	0	0	0	0	0	0	0
2023-09-18	0	0	0	0	0	0	0	304012656	0	0	0	0	0	0	0	0	0	0	163851060	0	0	0	0	0	0	236454932	0	0	0	0	0	0	0	0	0	0	0	0	0	0	267181464	0	0	0	0	0	0	49640272	0	0	0	0	0	175465588	0	0	0	0	110429696	0	0	0	0	0	0	0	0	0	0	0	0	0	0	0	0	0	0	0	0	0	0	0	0	0	0	0	793488	0	0	174271864	0	0	243423152	0	0	0	0	0	0	0	0	0	0	0	0	0	0	0	0	0	0	0	0	0	231874988	0	0	107310588	0	0	0	0	0	0	0	0	190000132	0	0	0	0	0	0	0	0	0	0	0	0	0	0	0	125359940	0	92113232	0	0	0	0	0	0	0	0	0	0	0	0	0	0	0	0	0	0	0	0	0	0	0	0	0
2023-09-25	0	0	0	0	1430990302	0	0	0	0	0	0	0	0	0	0	0	0	0	0	0	0	0	0	0	0	0	0	0	0	0	0	223314032	0	0	114278808	0	0	0	0	72137668	0	0	0	0	0	0	0	0	0	0	0	0	0	0	0	0	73929496	0	0	0	0	0	0	0	0	0	0	0	0	0	0	0	0	0	0	0	0	0	0	0	0	0	0	0	0	0	1250952	0	0	0	0	0	0	0	0	0	0	0	0	0	0	0	0	0	0	0	0	0	201214820	0	0	0	0	0	0	0	0	0	0	0	0	0	0	0	0	0	0	0	0	0	0	0	0	0	0	0	0	9954600	0	0	0	0	0	0	0	0	0	0	0	0	0	0	0	0	0	0	233134248	0	0	169957376	35172920	0	0	0	0	0	0	0	0	0
2023-10-02	0	261008784	0	131002536	0	0	0	0	0	0	0	0	0	0	0	0	0	0	0	0	54219388	0	0	237781384	328367416	0	0	0	0	0	0	0	0	0	0	187742928	0	0	0	0	0	0	0	0	0	0	0	0	0	0	0	0	0	0	61917612	0	0	0	0	0	0	279325248	0	0	0	0	0	0	0	0	0	0	0	0	0	0	225571236	0	0	0	0	0	0	0	0	0	565192	0	0	0	0	0	0	0	0	0	0	0	0	0	0	0	0	0	0	0	0	0	0	0	0	0	0	0	0	0	0	0	0	0	0	0	0	0	0	0	0	0	0	0	0	0	0	0	294920788	0	0	0	0	0	0	0	0	0	0	0	0	0	0	0	0	0	353586564	0	325380208	0	0	0	0	0	300628092	0	0	0	0	0	2018521694	0	0	0
2023-10-09	0	0	0	0	0	53887568	0	0	0	0	0	0	252050472	0	0	0	0	0	0	263862436	0	0	260611428	0	0	0	0	0	0	0	0	0	0	192588328	2732667902	0	33944909848	8954357594	27474696	1893420226	121512484	0	0	0	0	0	0	0	0	0	0	0	0	93307784	0	0	0	0	0	0	0	0	0	0	0	0	0	0	0	0	0	0	0	0	0	190994764	0	0	0	127087060	0	0	0	0	0	0	418920	0	0	0	0	0	0	0	0	0	0	0	0	0	0	0	0	0	242093388	0	0	0	0	0	0	0	18183736	0	0	0	0	0	0	0	0	0	0	0	0	0	0	0	0	0	134254372	0	0	0	0	0	0	0	0	0	0	0	0	0	0	0	324188140	193716516	0	0	0	0	0	0	0	0	0	0	0	0	0	0	0	0	0	0	0	0	0	0
2023-10-16	0	0	0	0	0	0	0	0	24355588	2424307712	0	0	0	93307784	0	0	0	0	0	0	0	141354492	0	0	0	0	0	0	0	96028708	0	0	0	0	0	0	0	0	0	0	0	0	229883240	0	0	0	0	0	0	0	0	0	0	0	0	8002949155	0	0	0	0	150513552	0	0	0	0	0	0	0	189071036	0	0	0	0	0	0	0	6799877384	217274908	0	0	0	113017892	0	0	0	0	91312	0	0	0	0	0	0	0	0	0	0	0	0	0	0	0	0	0	0	0	0	0	0	0	0	0	0	0	0	0	134850820	0	0	0	0	0	0	0	0	0	0	0	0	0	0	0	0	0	0	0	0	0	0	0	0	0	8892776	0	0	0	0	0	0	0	0	0	0	106910748	0	0	0	0	0	0	0	0	0	0	0	0	0	0	0	0
2023-10-23	0	0	0	0	1430990302	0	0	0	0	0	0	0	0	0	0	0	0	0	0	0	0	0	0	0	0	0	0	0	0	0	0	0	0	0	143020684	0	0	0	0	0	0	9241583695	0	0	0	0	0	0	0	0	0	0	0	2251570273	0	0	0	0	0	0	0	0	0	0	0	0	0	0	0	0	0	0	0	0	0	0	0	0	0	0	0	0	0	0	0	0	0	0	0	0	0	0	0	0	0	0	0	0	0	0	0	0	0	0	0	0	0	0	0	0	0	124230924	0	0	0	0	0	0	8674977966	0	0	0	0	0	0	0	0	3526240783	0	0	0	0	0	0	0	0	0	0	0	0	0	0	0	0	0	0	0	4682712686	0	0	0	0	0	0	0	0	0	0	0	0	0	0	0	0	0	0	0	0	0	0
2023-10-30	0	80366804	12544053224	0	1430990302	55214848	3518929010	1710682250	0	6477534367	3371096380	0	0	999363804	3619821415	21916880014	0	0	0	5584463654	18328107834	0	340246572	1912390829	0	345356600	0	5669560233	2003077310	0	10080243624	5939805484	3912267707	0	0	10767096895	16972454924	8954357594	0	0	2222981120	155954572	1709176977	0	0	0	0	3825411084	11896296286	47914808	0	0	7968762150	3853794401	3794614300	0	15603329121	0	0	3841222549	1813547135	0	0	0	3639600983	0	0	4109997361	22240652586	0	0	7858352876	1988499505	0	0	8094194164	0	0	7161333840	13787892010	10263319933	24562900180	0	0	7390363648	0	6437603013	2102116035	0	0	0	309050224	170950352	0	15461223497	0	7651064771	3958804553	0	0	0	8341620072	12036360654	0	0	8049854723	16591000	0	4180729308	14728597254	0	0	14925253861	8442861056	12902391962	0	0	6140461056	16635766958	7234581867	0	14602708334	18653108884	18486596850	12566214266	23075925323	0	6277704207	0	15947556912	3944040312	12014672625	0	3870968464	0	771844052	12269860798	12206655137	0	16086002454	14433702408	0	0	8425430625	1543489012	0	0	0	0	0	0	1993113619	0	12289538302	2058708669	0	0	0	14799731879	14349402880	10732518368	0	0	2162290349	0	10531094392	2018521694	2171267025	5317137037	0
2023-11-06	0	0	0	0	0	0	0	0	0	0	0	0	0	0	0	0	0	125427960	0	0	0	0	0	0	0	0	0	0	0	0	0	0	0	0	0	0	0	0	0	0	0	0	0	0	0	0	0	0	0	0	0	0	0	0	111622592	0	0	0	0	0	0	189335664	0	0	0	0	0	0	0	0	0	0	805306368	0	0	0	0	0	0	0	0	0	0	0	0	0	0	0	0	0	0	297440964	0	0	0	0	0	0	0	0	0	0	0	0	0	0	0	0	0	0	0	0	179846440	0	0	0	0	296313604	0	0	0	129409800	0	120517024	0	0	0	0	0	0	0	0	0	401367816	0	0	0	0	0	96625984	0	0	0	0	0	6053466760	0	0	0	0	0	0	0	0	0	0	0	0	0	0	0	0	0	0	0	0	0	0	0	192122124
2023-11-13	0	0	0	0	1430990302	0	0	36832020	69217652	0	0	0	0	0	0	0	0	0	0	0	0	0	0	0	0	0	0	0	0	0	0	0	0	0	0	0	0	0	0	263199624	0	0	0	0	0	0	0	0	0	0	0	0	0	0	0	0	0	0	0	0	0	0	0	0	0	0	0	0	0	120649752	0	0	0	0	0	0	67757644	0	0	0	16391908	0	0	0	0	0	385582011	0	0	0	0	0	0	0	0	0	0	0	0	0	0	0	0	97024168	0	0	0	0	0	0	0	0	0	0	0	0	0	0	0	0	0	0	0	0	0	0	0	0	0	0	0	10020964	0	0	0	0	0	0	0	0	0	0	0	0	0	0	0	0	0	0	0	0	0	0	0	0	0	0	0	0	0	0	0	0	0	0	0	0	0	0
2023-11-20	0	0	0	0	0	0	0	0	0	0	0	0	0	0	0	0	0	0	0	0	0	0	0	0	0	0	0	0	0	0	0	0	0	0	0	0	0	0	0	0	0	0	0	0	0	0	0	0	0	0	0	0	0	0	0	0	0	0	0	0	0	0	0	0	0	0	0	0	0	0	0	0	0	0	0	0	0	0	0	0	0	0	0	0	0	0	407800856	0	0	0	0	0	0	0	0	0	0	0	0	0	0	0	0	0	0	0	0	0	0	0	0	0	0	0	0	0	0	0	0	0	0	0	0	0	0	0	0	0	0	0	0	0	0	0	0	0	0	0	0	0	0	0	0	0	0	0	0	0	0	0	0	0	0	0	0	0	0	0	0	0	0	0	0	0	0	0	0	0	0	0
2023-11-27	0	4627271498	6272026612	5093066644	0	0	0	0	2846041995	0	0	6866849452	0	1896944860	3619821415	0	3772411381	7352233001	0	0	0	1935831414	5828603093	0	0	1944396515	0	0	0	0	10080243624	0	0	11763339430	0	0	0	0	11050529530	1893420226	3609905106	0	1709176977	14644607494	1886121783	0	0	3825411084	0	0	0	3831765063	0	7707588802	3794614300	19419844643	0	3921243293	3725018922	3841222549	1813547135	9556416	20373748	4015422544	0	3921400929	11483794572	0	15939581589	10188242477	0	7858352876	3976999010	5851715539	6084346160	3497236980	14319493344	2248830089	0	13811637446	6358338036	6291983978	0	0	6304568336	19607414508	105088	0	0	8698159603	7556940264	0	0	0	0	13477021895	6704965144	0	5935443832	5885589608	0	0	7289035720	1459977372	4845730417	8067932475	6890895288	4051034853	0	12425544128	14534719108	0	0	8460501004	6340604829	8436559826	0	5725755376	23289090396	6006136352	8296924044	14624422238	0	18486596850	8283470701	23075925323	0	6277704207	0	7993501440	0	5481343688	11559549774	1935484232	1943891464	15490942331	0	12206655137	27848281750	0	0	14232643871	0	0	4136458238	12459270552	0	9950758510	0	0	2978400991	1993113619	2040736309	0	2058708669	0	2120794700	14848545888	29599463758	16882035422	0	7034138520	6554859841	0	0	0	2018521694	2133306817	2169439791	11158377098
2023-12-04	72216844	65965898	62914560	0	0	0	0	0	0	78105215	0	0	22495492	19993820	33691495	152043520	49966581	10485760	52008767	58468134	174611869	27423094	0	24954029	78794864	25502435	13415218	0	26511550	0	108285864	83508524	48265147	72558675	0	0	0	83404634	0	0	60939274	0	20969617	163772934	0	0	0	0	141759326	125829120	0	0	0	0	0	0	0	57240733	0	45377429	25725055	0	0	0	106948439	46912609	0	0	6469269	0	94371840	30733036	27662385	0	0	98802164	0	63597705	42272672	281350740	113104253	117968490	137243566	0	0	62914560	0	25935555	45659605	116044079	0	45416032	0	0	0	68157440	96011263	0	0	199155220	0	0	0	0	136575601	0	158363495	50717413	0	369696268	10485760	26552719	343579082	0	75602437	0	10485760	142921611	0	0	0	0	229628564	0	104897341	0	0	0	28154560	93729816	48580472	155278065	16003294	27075912	0	0	0	16959137	208766795	194833174	0	0	170578536	0	0	54616472	81899738	0	16597539804	0	0	27033619	27470389	0	34956989	116382117	23642700	141557760	0	0	126172128	108139987	74660161	33681069	0	0	0	0	19858991	180834954
2023-12-11	0	0	6272026612	5093066644	1430990302	0	0	0	2846041995	6359075455	0	6867021244	914966836	1913812108	16952176	21916880014	0	292451188	0	3738969894	154361816	16958680	5828823357	1978561170	218091849	82823831	0	5669560233	33644480	12047088204	10097379920	6139490130	3946087667	5881669715	99949718	11279824945	16972454924	106771082	5753150898	1961851766	148581332	425352	1726046369	14695561894	1886121783	0	3821889884	3825411084	0	17369576	11969734315	3831816087	225512	3887513345	152575678	0	15620463025	4070640949	3725092922	3875096277	1896200208	149449135	3878574855	4015422544	7951500399	148900108	5957286109	0	15956878917	17098616	10098402599	8386289426	17004776	0	6309495261	44168	14334114396	8221811409	0	34075624	10617495691	441839770	688241022	198225211	0	522487191	2233725631	16959240	4448744646	280027506	10438339488	4283892848	2089460681	0	33995880	486277168	288820981	3872025945	3553768399	15599226684	7859233673	236885819	364077164	17202168	364810951	4506706372	11771342695	16913408	94056	532654829	17275936	0	17399912	8459781616	6319872517	5132835398	4321910082	435005942	33842953895	225689625	8270869736	476511029	19302190456	639636953	269541438	0	17570480	155316809	137472	8007671104	135035990	12081082697	17100984	0	102189200	298936	12516045775	439565569	34114176	16086002454	17135088	14704442863	14343717328	297059103	4136492166	66168055	217530391	169217963	0	13781167467	8569566761	99437864	0	12709617364	16864928	8253331877	0	531433561	487737438	557033079	0	16975488	228638633	103548875	17468200	327480	16820296	103187519	43808	0
2023-12-18	0	0	0	0	0	0	0	0	0	0	0	0	0	0	0	0	0	0	0	0	0	0	0	0	0	0	0	0	0	0	0	0	0	0	0	0	0	0	0	0	40017492	0	0	0	0	0	0	0	0	0	0	0	0	0	0	0	0	0	0	0	0	0	0	0	0	0	0	0	0	0	0	0	0	0	0	0	0	0	0	0	0	0	0	0	0	0	0	0	0	0	0	0	0	0	0	0	0	0	0	0	0	0	0	0	0	0	0	0	0	0	0	0	0	0	0	0	0	0	0	0	0	0	0	0	0	0	0	0	0	0	0	0	0	0	0	0	0	0	0	0	0	0	0	0	0	0	0	0	0	0	0	0	0	0	0	0	0	0	0	0	0	0	0	0	0	0	0	0	0	0
2024-01-01	0	0	0	0	1430990302	0	0	0	0	0	0	0	0	0	0	0	0	0	0	0	0	0	0	0	0	0	0	0	0	0	0	0	0	0	0	0	0	0	0	0	0	0	0	0	0	0	0	0	0	0	0	0	0	0	0	0	0	0	0	0	0	0	0	0	0	0	0	0	0	0	0	0	0	0	0	0	0	0	0	0	0	0	0	0	0	0	0	0	0	0	0	0	0	0	0	0	0	0	0	0	0	0	0	0	0	0	0	0	0	0	0	0	0	0	0	0	0	0	0	0	0	0	0	0	0	0	0	0	0	0	0	0	0	0	0	0	0	0	0	0	0	0	0	0	0	0	0	0	0	0	0	0	0	0	0	0	0	0	0	0	0	0	0	0	0	0	0	0	0	0
2024-01-08	0	0	0	0	0	0	0	0	0	0	0	0	0	0	0	0	0	0	0	0	0	1935831414	0	0	0	0	0	0	0	0	0	0	0	0	0	0	0	0	0	0	0	0	0	0	0	0	0	0	0	0	0	0	0	0	0	0	0	0	0	0	0	0	0	0	0	0	0	0	0	0	0	0	0	0	6065472040	0	0	0	0	0	0	0	0	0	0	0	0	0	0	0	0	0	0	0	0	0	0	0	0	0	0	0	0	0	0	0	0	0	0	0	0	0	0	0	0	0	0	0	0	0	0	0	0	0	0	0	0	0	0	0	3944040312	0	0	0	0	0	0	0	0	0	0	0	0	0	0	0	0	0	0	0	0	0	0	0	0	0	0	0	0	0	0	0	0	0	0	0	0	0	0	0
2024-01-15	207252288	336464652	264326984	355576656	58001308	116933368	43468420	94635064	94567872	426188780	131931632	411919692	26611964	103129656	313635436	378206780	178054612	101536920	29465616	396590436	204067644	38358392	116734276	222317744	39420216	51630364	286227104	85344104	18781012	174470128	210838428	211169420	346419252	192056588	301090984	233865908	153964480	259947788	331022804	30991988	97555080	239175856	272755212	212364800	45857524	373893120	159207236	113017892	176792868	156087300	316223632	80034984	178452796	114210788	341440296	240766936	182434636	58598584	99544344	148456268	9290960	296846172	105584296	127881772	273353316	257425956	54816664	79304980	0	10684604	0	9821872	6769128	11613700	0	0	0	0	0	10551876	17055548	0	0	10551048	0	6370944	0	8892776	10220056	0	0	22165576	0	0	0	0	20572840	0	2190012	11613700	28470156	15728268	0	11414608	23028308	9357324	6370944	22563760	0	0	0	25948324	0	0	0	0	0	0	0	0	0	0	0	0	0	0	0	0	0	0	0	0	0	0	0	0	0	0	0	0	0	0	0	0	0	0	0	0	0	0	0	0	0	0	0	0	0	0	0	0	0	0	0	0	0	0	0	0	0	0
2024-01-22	0	0	6272026612	0	1430990302	0	0	0	0	0	0	0	0	0	0	0	0	0	0	0	0	0	0	0	0	0	0	0	0	0	0	0	0	0	0	0	0	0	0	0	0	0	0	0	0	0	0	0	0	0	0	0	0	0	0	0	0	0	0	0	0	0	0	0	0	0	0	0	0	0	0	0	0	0	13129344	4352941529	0	0	10006136	17719188	6370944	17176218	13175726	13979032	24042612	31901420	9308130	6636400	2549205	4446388	0	8205112	5906396	17272985	24650441	0	9964811	4638597	15494663	24727940	28497478	8298532	17818242	12268660	4380024	4313660	39527026	7097241	8873052	27981938	0	6304580	43480470	22840500	15647601	5975606	7006726	13344651	10020964	9134467	9032936	10485512	5640940	11613700	18735945	0	0	6370944	39013016	14873324	0	0	11547336	106115208	48644812	0	0	0	9224596	0	0	0	0	9954600	0	0	0	8096408	0	0	0	16458272	37097476	0	8785213	0	90918680	0	0	11547336	10419148	6304580	0	17321004	0	0	67824008	83219628	8162772	15462812
2024-01-29	5923084	17310276	15618024	0	0	0	0	2445450	5707304	6968220	0	8404652	7432768	0	0	0	6370944	6636400	12386995	10812838	13648917	10087328	9972869	0	11271152	2380515	3830578	0	9091868	7760956	11251624	6647084	0	0	6968220	0	0	0	0	0	0	0	0	0	0	0	0	8914968	0	0	0	0	0	0	4995100	0	0	0	0	0	1374335	0	0	0	0	4293729	0	0	0	0	0	0	0	0	0	0	0	8806400	0	0	0	0	0	0	0	0	0	0	0	4446388	0	0	0	17272985	0	6370944	0	0	0	22272472	0	0	0	0	0	0	0	4446388	0	0	0	10442551	0	0	0	0	0	0	12378246	0	0	22813678	4711844	0	3384564	29909787	0	6437308	2247360	8429268	0	13699825	13504734	1353032	0	17995131	4778208	6370944	18652963	10226454	16179200	16042271	22427880	10220056	7034584	9224596	11077986	9888236	9873356	0	16000199	0	6702764	265456	4645480	0	9347756	16315488	0	0	16221376	0	6994241	0	20070411	0	2662400	6304580	2246191	17612800
2024-02-05	0	0	0	0	0	0	0	0	0	0	0	0	0	0	0	0	0	0	0	0	0	0	0	0	0	0	0	0	0	0	0	0	0	0	0	12127295	17267724	0	5913671	4446388	4298706	0	0	20508498	10419148	0	0	0	0	13909784	2190012	9379307	6370944	6472629	0	26006807	21246009	4995386	7350542	2860949	0	0	2530055	8896968	8808279	0	0	0	0	0	0	0	2246705	0	0	0	0	0	0	0	0	0	0	0	0	0	0	0	0	0	0	0	0	0	0	0	0	0	0	0	0	0	0	0	0	0	0	0	0	0	0	0	0	0	0	0	0	0	0	0	0	0	0	0	0	0	0	0	0	0	0	0	0	0	0	0	0	0	0	0	0	0	0	0	0	0	0	0	0	0	0	0	0	0	0	0	0	0	0	0	0	0	0	0	0	0	0	0	0	0
2024-02-12	0	0	0	0	0	0	0	0	0	0	0	0	37701416	0	0	0	0	0	0	0	0	0	0	0	0	0	0	0	0	0	0	0	0	0	0	0	0	0	0	0	0	0	0	0	0	0	0	0	0	18910993956	0	0	0	0	0	19547079291	0	0	0	0	0	0	3911955947	0	6915531192	0	0	0	7426837104	6773799472	7814890208	7184364832	0	0	0	0	0	0	0	0	0	0	0	0	0	0	0	0	0	0	0	0	0	0	0	0	0	0	0	0	0	0	0	0	0	0	0	0	0	0	0	0	0	0	0	0	0	0	0	0	0	0	0	0	0	0	0	0	0	0	0	0	0	0	0	0	0	0	0	0	0	0	0	0	0	0	0	0	0	0	0	0	0	0	0	0	0	0	0	0	0	0	0	0	26611964	0	0	0	0	0
2024-02-19	19751852	0	0	0	0	0	0	0	0	0	0	0	0	0	0	0	0	0	0	0	0	0	0	0	0	0	0	0	0	0	0	0	0	0	36891576	27607424	0	0	0	0	0	46530724	559602520	0	694962791	0	0	0	0	0	0	0	0	0	0	0	0	0	0	0	0	0	0	0	0	0	0	240936332	0	0	0	0	0	0	0	0	0	0	0	0	0	0	0	0	31226016	0	0	0	0	0	0	0	0	0	0	0	0	0	0	0	0	0	0	0	0	0	0	0	0	0	0	0	0	0	0	0	0	0	0	0	0	0	0	0	0	0	0	0	0	0	0	0	0	0	0	0	0	0	0	0	0	0	0	0	0	0	0	0	0	0	0	0	0	0	0	0	0	0	0	0	0	0	0	0	0	0	0	0	0	0
2024-03-04	53270144	0	0	0	0	0	250456908	0	0	0	0	65670720	0	0	0	34955260	0	0	0	0	0	0	0	0	0	0	0	0	157879956	0	0	0	0	0	0	0	16972454924	8954357594	0	245745892	0	0	0	0	0	0	0	0	0	0	0	0	0	0	0	0	0	0	0	0	0	0	0	0	156552676	0	0	20971024	0	0	0	0	0	0	0	0	0	0	0	0	0	0	0	0	0	0	34516782	0	0	0	0	0	0	0	0	0	0	0	0	0	0	0	0	0	0	0	0	0	0	0	0	0	0	0	0	0	0	0	0	0	0	0	0	0	0	0	0	0	0	0	0	0	0	0	0	0	0	0	0	0	0	0	0	0	0	0	0	0	0	0	0	0	0	0	0	0	0	0	0	0	0	0	0	0	0	0	0	0	302153636	0
2024-03-11	10676672	13481462	46956108	8560956	8778846	404425586	4114568	44306846	7897316	38655318	12726424	2190012	2056452	285763384	4833827	20639204	23161620	108100337	8537883	8826412	13720989	72996381	13357433	47357432	131255834	47357488	30244034	37675457	7388030	6800494	2057284	16770448	4816435	6370944	51286819	259381051	17267724	41500217	8103683	14216542	15197356	0	37613724	22366690	38711431	2528521	4380024	25429092	103025560	16099796	8428228	6702764	12767054	109967956	23161620	24607455	25493305	430240674	296379968	114554444	7499132	5792222	23161620	0	186113195	16637433	30351706	27010732	349417207	2190012	85094839	8983276	4436717	137543626	37763812	36596244	128149789	11003717	27674372	9158232	64077165	174692966	80907883	12675524	101368444	18140722	274722363	5441848	89129329	4446388	17606114	112025294	6903015	114621694	179420915	247612118	36518423	2683713	16556487	435485520	458903623	70664108	111317916	141741022	7167312	69249322	14533716	0	107512614	4645480	120125806	8229136	0	184403473	3635717	165827261	14904042	100495499	148646675	9134467	20971608	104919391	229050194	5791318	6901856	4778208	125184118	23294348	8551940	2190012	109238076	99304194	97697024	6437308	57487998	217557688	117864197	21900057	284073488	246965304	22435932	0	20503324	93420727	0	9689144	13201634	103379110	302413083	99261789	327626417	5178543	0	108757742	5441848	83902581	67199502	24279168	244595039	174674797	8760048	4941267	11838813	1659100	20070411	82095178	61901204	55101022	49481398	22096702
2024-03-18	2695739788	9755508	6276473000	5093066644	4815804	13915341550	1761437810	8816394	0	6359075455	3375997560	6869039464	902169356	9803156	0	0	0	7367835346	6304580	9072038	11756133789	2212214	7233676	7233676	13137648	1950767459	12856082	5669560233	0	14565082	6968220	5939805484	0	12123859	18540527806	10773467839	16996233868	9290960	5527296142	1903586028	3618466062	16733075	1714870742	0	1886121783	0	4254900	11292976	11909994172	13909784	11840125422	3831765063	9025504	4680801	3800985244	19700165351	6304580	3928476969	0	9539093	8408919	4028980028	3881104910	4018198688	16313119	7847095587	7394886	8226365666	15957806378	11730477	10064254455	7874171644	6304580	13437719	19847060	8554737512	38019216	31232030	4414076640	15808810	6370944	60288702	63959768	8603548	16619178856	44643308	2695441014	2110132470	4299426989	8688837354	10815061628	105334528	2019712605	16919872661	49355830	22510667	7574019710	3899932802	9774230490	42487660	32213862	14874276	12090777166	8189180236	18119377	8072393149	11804565141	4055875718	4303484092	24331918	30802448	19502874	14964951583	8465701556	87188550	22453848	4403165954	12558326907	16655410702	27403401	9237736	16237934	7366404	46921344	8294715935	23083756275	6901856	6933007	2064629972	7990512844	37529180	33277205	11560236154	0	1949701316	15497313275	12158502834	20174593	20516863	18008854	43937868	16042271	0	257058902	6370944	13779352	13926836	9968943964	16646331736	13788170647	34130521	2004399801	27558742	13621502	229553076	6370944	12538936	6901856	6304580	16900254772	33570940	24283522	6569021394	0	25512259	28907692	2027567932	8836161	6738573	17711626142
2024-03-25	44161884	13456842	13177000	345586364	21871352	13670984	17507698	8878448	29346461	33203709	5003580	21936456	15992892	11255864	9816835	12108558	22646183	7100948	14533234	9957602	24187933	16851620	16757333	9032101	27927536	1393644	13405528	22491886	21957782	16157068	9942912	25163652	25274074	27882746	12847834	18974203	34880524	23429978	14508875	5924214	19507478	17070603	1656977	74410770	11823861	13863561	12764700	8903872	32452984	28068148	0	9821872	26708850	5704801	6769128	30536683	0	6039124	0	3782549	2019063	9394790	124597470	17162140	18874907	17378853	24663016	17849361	35020933	15416877	18857643	11236076	16268378	7542739	8295500	6570092	32467472	18037010	11390660	33931890	18734077	145486676	55054162	7631860	12741888	42573164	2738071	10553198	6941610	0	20329170	17492920	8892776	3517292	47450812	20844415	26957054	0	0	48825200	10551876	15012168	22960730	18207516	26765953	11190711	23048875	2190012	3321308	33831942	563751204	10296619	0	0	4966917	6105488	4403538	15085451	0	2190012	0	6304580	24910484	29444848	17936001	52821323	25826521	18630195	11684864	17627456	4814712	22221169	35393026	0	3546128	27438075	25674870	23227681	0	30318998	32716988	24825495	0	23866033	11079676	43555248	17532762	3849112	33264088	16647587	30734462	0	9383289	22702298	9809213	30730698	17595864	23776796	0	30394624	14412768	14276106	22473790	9352493	47170386	6370944	2777694	8449979	6304580	2190012
2024-04-01	6702764	4634357396	8730612	5099618088	1437361246	8765590	1765769085	8918794	0	6359075455	3376099960	6866849452	898056452	1899387320	0	21937254794	5115381	7363000402	3798875774	0	17816989	0	5828603093	10093925	5687005408	20552835	6304580	0	2003077310	0	13592932	8387884	3919634111	0	6884318	10842994606	16972454924	9033481806	5527924943	1968011842	7189300	2538060	7081552	94906288	1892758183	3860976957	71161917	3836903152	11913617784	21698960	11901653796	12457275	7985322312	3853881361	3872758284	19422938814	29923761	3921419261	3798110506	3851817853	67866000	8108767754	2190012	4446388	7934718503	3927880393	5757296376	4114573922	21315717	68574402	10068996979	7858813932	2057438573	6636400	7844792	13849148	14385118475	6498128	3073952	13863107924	6901516	574720	12439276382	2402580295	16600016784	14914349620	2879447	2171858797	79542491	8684583390	14033590	80295644	77140738	6370944	15531308532	8907233298	217872746	3880694070	67623785	15648811182	16384869	6092692632	16025502	8248660340	10283168328	7537186	6624915300	75618280	11013092	14821113354	89450424	3466447	90862478	69981709	2787288	8495378330	79643898	12627749332	93613666	173272	9237736	435096	27445208	511984	8334724824	23105909017	73961464	977998504	4859652	243064	70735456	7614324	11621381003	8235976	1945762448	15508744239	85917471	12223892730	430376	0	25157556	597288	14411902761	77127098	3692628	85010785	6644120	5134360	8822604	6836140	3782748	9666675	3078709	286715636	9809213	18550821	2957900	14848545888	14825598882	28980290	10732518368	8711706067	6562878082	0	27268395	19449336	7091354	2133306817	2169439791	6304580
2024-04-08	0	0	0	0	0	0	0	0	0	0	0	0	0	0	0	0	107755851	0	0	0	0	0	0	0	0	0	0	0	0	0	0	0	0	0	0	0	0	0	96548110	0	0	0	0	0	0	0	67762352	3898056708	0	0	0	0	0	0	0	0	0	0	0	0	0	0	0	0	0	0	0	0	0	0	0	0	0	0	0	0	0	0	0	0	0	0	0	0	0	0	0	0	0	0	126477952	0	0	0	0	0	0	0	0	388546560	0	0	0	0	0	0	0	0	0	0	0	0	0	0	9290960	0	0	0	0	0	0	0	0	0	0	0	170184704	36268848911	2091488888	0	0	0	0	17005608	0	0	0	0	0	0	0	0	0	0	0	0	0	0	0	0	0	0	0	0	0	0	0	0	0	0	0	0	0	0	0	0	0	0	0	0
2024-04-15	91119884	108743790	122880000	121444244	12078248	121241600	26842613	48525496	71065600	97711744	40960000	34416167260	4490282260	11428933740	21718928490	158183081902	22681589811	29408932004	7590850174	18694849470	98071140904	13550819898	25974112515	1912390829	36183217072	15555172120	26918842586	11339120466	2003077310	43896056820	75026992408	29114324748	19561338535	38886326166	63961425178	95725539396	97150696040	31192416630	36438987399	11360521356	21659430636	68654158861	6836707908	128879982026	11316730698	26585095606	34656124588	34838776964	47585185144	73483883016	46826406453	11495295189	35947504328	23122766406	22767685800	100531353866	69092343786	31369946344	18625094610	8812131774	3627094270	27684889436	11635724565	8449691088	51261351222	15981248412	30713048346	25102190294	65796140871	62494859542	66935984623	55568900264	9424538136	30806314003	31375006112	40470970820	53938768084	41774035109	17052358344	91884759476	59549761196	101238728576	56850148788	10043851868	71523647172	77105797928	7903033101	15134919161	35700547220	60243114826	17534909660	17000823168	6551206073	92793578920	75141643936	112988117417	22685617149	15487470852	76434321261	78024401372	61667876126	54765760680	57110491514	28905736696	50988311605	55162955739	110336830194	16204139412	33445834464	122713872486	123008416136	13019651911	75926138775	33771444224	25279490068	38780440176	12914996214	108186219363	91148230526	36089703739	46695620516	56368417770	82568886192	119193744222	80182720145	129730807781	74837907211	87422518767	18604607688	46205927472	35496362808	71329387317	41823900998	5806452696	1943891464	100758818730	50800821250	74453070148	103273907310	125265869260	78424701020	87644244887	105296486788	52017492321	16545832952	78929352372	17757232036	70215394668	83844554484	124024849083	49831002426	7972454476	8162945236	21331433702	8234834676	33013327508	10603973500	129767214084	93557519579	119263507234	80670495488	56916895795	32774299205	8649161396	87508474297	71901796176	8178489396	10666534085	8677759164	122580822392
2024-04-22	0	0	0	0	0	0	0	0	0	0	0	18320666452	936433888	5690834580	10997418817	99373043766	11378410983	14829286811	12180159817	11292238880	35554118271	4033747892	17598090356	7676721460	11471979608	7796880940	227404466	16186153134	8033024950	18086163034	32460071940	27804167888	7893624398	11891615614	31714234520	15343383142	42739941180	40798604648	15690000286	3786840452	14655891482	9241583695	3418353954	33162268680	5767011761	7708813842	15219733200	7650822168	15877486654	31707862472	27912846030	11495295189	20815286396	3853794401	22767685800	43279425358	62413316484	11911966650	7450037844	3841222549	1813547135	8039255620	11635724565	12046267632	33617173720	1257467096	1841480508	8219994722	37646263326	28676253342	38148308609	15716705752	3976999010	5851715539	7007053420	17038888580	62523592136	894182624	295843788	27575784020	20526639866	37985200958	37090919178	0	66308556000	14895592310	4291735342	5040331334	4560827861	26130106377	33056118442	4531051316	2068222371	48560366378	15454417008	25269386087	15123744766	3871867713	38204109877	40723914592	70733103057	6085084520	12056048900	8170863772	10197662321	8049854723	11771342695	8102069706	8361458616	21757493018	0	0	29850507722	16783605752	13070337462	42063542030	4304998738	12558061451	66543067832	6260614855	21902801872	37034575136	27929064016	46443555086	8262818621	30366288323	6997107408	6328367727	2046663360	15947556912	7888080624	34200013918	23079707068	5806452696	3887782928	42489743047	35304328948	0	24962181111	40994525290	14433702408	14232643871	50855297616	8425430625	8272916476	24918541104	18663936654	49753792550	43507714860	65116389457	16610334142	7972454476	2964384549	24579076604	2058708669	8253331877	4241589400	40587925232	14799731879	32602233326	21465036736	42089256772	12332991273	4324580698	53155097822	27072107884	6055565082	4266613634	4338879582	36206425364
2024-04-29	0	0	0	0	0	0	0	204095468	0	0	0	0	0	0	0	0	0	0	0	0	0	0	0	0	0	0	0	0	0	0	0	0	0	0	0	0	0	171483136	81920000	24926388	0	125070012	18450577	265906694	80211519	101422345	63015612	128787468	209686904	193712476	209190912	135026811	185415296	131072000	212007336	367001600	0	0	26214400	0	0	0	0	299531232	0	0	0	0	0	0	0	0	0	0	0	0	0	0	0	0	386258301	0	0	0	0	0	0	0	0	0	0	0	0	0	0	0	0	0	0	0	0	0	0	0	0	0	5246976	0	0	0	0	0	0	0	0	0	0	0	0	0	0	0	0	0	0	0	0	0	0	0	0	0	0	0	0	0	0	0	0	0	0	0	0	0	0	0	0	0	0	11812792	0	0	0	0	0	0	208250572	0	0	0	0	0	0	0	0	0	0	0	0	0
2024-05-06	0	0	0	0	0	0	0	0	0	0	0	0	0	0	0	0	0	71286488	0	0	0	0	0	0	0	0	0	0	0	0	0	0	0	0	0	0	0	0	0	0	0	0	243336439	0	0	0	0	0	0	0	0	0	0	0	0	0	232384609	103509149	0	33182620	0	57861974	0	4446388	104857600	7300040	0	6370944	32449553	0	17484391	0	2365489	7037495	0	0	6968220	14462141	0	0	26870221	19271274	0	8345500	6769128	23862834	0	2342595	111679570	0	0	5110028	7100948	6039124	0	5441848	2787288	4719425	0	25222676	16007861	6096232	4446388	132728	20667961	55790667	0	2190012	4775388	32371406	5972760	0	0	6370944	7698224	15409662	5968210	7034584	32035390	11587971	11498728	28767694	7369840	32209910	652560370	0	132728	0	6503672	0	163901108	6370944	0	6370944	0	33048811	29627554	7034584	696186699	32507388	23384584	2190012	6968220	0	6437308	7167312	0	25417422	32267228	1267029411	132728	0	6702764	25997182	2844349	14408101	6370944	21681248	30953539	56022460	23229024	7100948	0	6702764	0	15974264	6208054	2207169	3081775	2190012
2024-05-13	208552220	0	0	0	0	0	0	0	0	0	0	0	0	0	0	0	0	0	0	0	0	0	0	0	0	0	0	0	0	0	0	0	0	0	0	0	0	0	0	0	0	0	0	0	0	0	0	0	0	0	0	0	0	0	0	0	0	0	0	97483289	0	123387242	0	0	15527867	0	0	0	0	0	0	0	0	0	0	0	0	0	0	8760048	0	0	0	0	107200580	7366404	0	0	0	0	0	0	0	0	0	0	0	0	0	0	0	0	0	0	0	0	0	0	0	0	0	0	0	0	0	0	0	0	0	0	0	0	0	0	0	0	0	0	0	0	0	0	0	0	0	0	0	0	0	0	0	0	0	0	0	0	0	0	0	0	0	0	0	0	0	0	0	0	0	0	0	0	0	0	0	0	0	0	0	0
2024-05-20	0	0	0	0	0	0	0	0	0	178527761	0	0	0	0	0	0	0	0	0	0	0	0	0	0	0	0	0	0	0	105597848	353021924	0	32100919	0	0	0	0	0	0	0	0	0	0	0	0	0	0	0	0	0	0	0	0	0	0	0	0	0	0	0	0	0	0	0	0	0	0	0	0	0	0	0	0	0	0	0	0	0	0	0	0	0	0	0	345169920	0	0	0	0	0	0	0	0	0	0	0	0	0	0	0	0	0	0	0	0	0	0	901702644	0	0	0	0	0	0	0	0	0	0	0	0	0	0	0	0	0	0	0	0	0	0	0	0	0	0	0	0	0	0	0	0	0	0	0	0	0	0	0	0	0	0	1354566859	0	0	0	0	0	0	0	0	0	0	0	0	0	0	0	0	0	0	0
2024-05-27	0	0	0	0	0	0	0	154710392	0	0	0	0	0	0	0	0	0	0	0	0	0	0	0	0	0	0	0	0	0	0	0	0	0	0	0	0	0	23426492	0	0	0	0	0	0	0	0	0	0	0	417304692	0	0	0	132181534	0	0	0	0	0	0	0	0	0	0	0	0	0	0	0	0	0	0	0	0	0	0	0	0	0	0	0	0	0	0	0	0	0	0	0	0	0	0	0	0	0	0	0	0	0	0	0	0	0	0	0	0	0	0	0	0	0	0	235597824	0	0	0	0	0	0	0	0	0	0	0	0	0	0	0	17453732	0	0	0	0	0	48445720	0	0	0	0	0	0	0	0	0	0	0	0	0	0	97789347	817671473	0	0	0	0	0	0	0	0	0	0	0	0	0	0	0	0	0	0	0
2024-06-03	0	0	0	0	0	0	0	0	0	0	0	0	0	0	569028170	0	0	0	0	0	0	0	0	0	0	0	0	0	0	0	0	0	0	0	12562432	0	0	0	0	0	0	0	0	0	0	0	0	0	0	0	0	0	0	0	63077124	0	0	0	0	0	0	0	0	0	0	0	0	0	0	0	0	0	0	27474696	0	0	0	0	0	0	0	0	0	0	0	0	0	0	147429206	109726295	0	0	0	0	0	0	0	0	0	0	202655708	0	0	0	0	0	0	0	0	0	0	0	0	26545600	0	0	0	0	0	0	0	0	0	0	0	0	0	0	144951488	0	0	0	0	0	0	0	0	0	0	0	0	0	0	0	0	0	0	0	0	260765312	7830952	0	0	0	0	0	0	0	0	0	0	0	0	0	0	0	0	0	0	0
2024-06-10	0	0	0	0	0	0	0	0	0	0	0	0	0	0	0	0	3618820140	0	0	0	0	0	0	0	0	0	0	0	0	0	0	0	0	0	0	0	8959140	0	0	0	0	0	0	0	0	0	0	0	0	0	0	0	0	0	0	0	0	0	0	0	0	0	0	0	0	0	0	0	0	0	0	0	0	0	149152460	0	0	0	0	0	0	0	37309028	4506258320	0	0	0	0	0	0	0	0	0	0	0	0	0	0	0	0	0	0	0	0	0	0	0	0	0	0	0	0	0	0	0	0	0	0	0	0	0	0	23758312	0	0	0	0	0	0	0	0	0	0	0	0	0	0	0	0	0	0	0	0	0	0	0	0	0	0	0	0	0	0	0	0	0	0	624574848	0	0	17785552	0	0	0	0	0	0	0	0	0
2024-06-17	0	0	0	0	0	0	0	0	0	0	0	0	0	0	0	0	0	0	0	0	0	0	0	0	0	0	0	0	0	0	0	0	0	0	0	0	0	0	0	0	0	0	0	0	0	0	0	0	0	0	0	0	0	0	0	0	0	0	0	0	0	0	0	0	0	0	0	0	0	0	0	0	0	0	0	0	0	0	0	0	0	0	0	0	0	0	0	0	0	0	0	0	0	0	0	0	0	0	0	0	0	0	0	0	0	0	0	0	0	0	0	0	0	0	0	0	0	0	0	0	0	0	0	0	0	0	0	0	0	0	0	0	0	0	0	0	0	0	0	0	19709280	0	0	0	0	0	0	0	0	0	0	0	0	0	0	0	0	0	0	0	0	0	0	0	0	0	0	0	0	0
2024-06-24	0	0	0	0	0	0	0	0	0	0	0	0	0	0	0	0	0	0	0	0	0	0	0	0	0	0	0	0	21037388	0	0	0	0	0	0	0	0	0	0	0	0	0	0	0	0	0	0	7830952	0	0	0	0	0	0	0	0	0	0	0	0	0	0	0	0	0	0	0	0	0	0	0	0	0	0	0	0	0	0	0	0	0	0	0	0	0	0	0	0	0	0	0	0	0	0	0	0	0	0	0	0	0	0	0	0	0	0	0	0	0	0	0	0	0	0	0	0	0	0	0	0	0	0	0	0	0	0	0	0	0	0	0	0	0	0	0	0	0	0	0	0	0	0	0	0	0	0	0	0	0	0	0	0	0	0	0	0	0	0	0	0	0	0	0	0	0	0	0	0	0	0
2024-07-08	6304580	4627271498	111082680	115362524	0	0	110179100	0	0	0	5953852	0	2179332	3347676	3938151	5311630	0	0	13850007	0	21736957	0	15609449	7565496	6968220	6437308	9351986	9609129	10411098	5547550	6901856	14202776	6370944	5974099	7788438	15391807	21699596	0	6370944	6370944	12320338	2190012	4446388	9556416	8266363	6636400	12938824	0	18289502	0	0	6835492	7366404	13799421	6633500	0	23717985	0	4933418	4614037	0	12846194	0	101087232	113263991	101087232	0	7233676	24950421	18714253	15095287	5441848	2365489	5511123	118601680	6636400	7565496	0	11361084	0	122316513	26106766	6702764	103061788	200183544	100689048	9549859	9045359	6437308	21632247	24310570	3604064	7233676	28399385	8096408	30335727	99428132	6968220	10419148	6370944	0	2853652	0	21818708	0	0	0	11160041	11146332	0	0	100954504	23678181	10999296	0	0	100290864	0	0	15636175	0	0	0	0	0	0	0	0	0	0	0	0	0	0	0	0	0	0	0	0	0	0	0	0	0	0	0	0	0	0	0	0	0	0	0	0	0	0	0	0	0	0	0	0	0	0	0	0	0	0
2024-07-15	0	0	0	0	0	0	0	0	0	0	0	0	0	0	0	0	0	0	0	0	0	0	0	0	0	0	0	0	0	0	0	0	0	0	0	0	0	0	0	0	0	0	0	0	0	0	0	0	0	0	0	0	0	0	0	0	0	0	0	0	0	0	0	0	0	0	0	0	0	0	0	0	0	0	0	0	0	0	0	0	0	0	0	0	0	0	0	0	0	0	0	0	0	0	0	0	0	0	0	0	0	0	0	0	0	0	0	0	0	6370944	6702764	6968220	0	0	6265349	8109622	5968210	25167371	25929902	0	11498728	0	6835492	0	0	25952256	0	5777935	5441848	15534480	0	0	0	16556660	2584072	7432768	22924790	19973793	26707787	7683762	0	0	0	7034584	12226174	22110616	8096408	0	36979072	16012707	21102943	6769128	6370944	26594458	2844349	20977309	6370944	6570036	0	6370944	0	0	0	7366404	0	0	3420766	6901856	3081775	31110738
2024-07-22	0	13339164	8892776	0	24554680	0	11746428	10020964	11746428	0	12144612	7100948	0	0	0	0	12940980	0	0	0	10950060	11613700	10153692	10087328	13339164	0	10817332	7631860	0	9556416	0	0	10020964	0	0	13604620	14069168	10020964	11480972	7499132	11215516	7698224	0	0	0	0	0	0	2190012	0	2190012	0	12542796	0	0	0	0	10485512	5110028	0	10419148	0	4380024	8030044	0	14002804	10087328	0	0	0	11414608	9888236	12144612	10817332	11746428	0	12144612	0	10551876	0	0	0	6503672	12277340	0	0	0	10750968	12609160	4446388	11945520	0	12144612	12542796	0	0	0	0	13272800	12078248	10020964	0	8892776	8096408	0	0	7167312	0	0	0	7764588	10020964	11547336	0	11613700	0	11746428	14201896	11746428	0	0	0	0	0	0	0	0	12078248	10020964	12144612	10087328	19112832	7100948	0	0	9689144	9025504	0	0	8560956	0	2190012	0	0	13670984	0	9689144	0	0	0	0	0	0	11547336	0	0	12144612	0	10020964	10419148	0	0	0	13803712	14201896	0	0	0	12343704	0
2024-07-29	0	0	0	0	0	0	0	0	0	0	0	0	0	0	0	0	0	0	0	0	0	0	0	0	0	0	0	0	0	0	0	0	0	0	0	0	0	0	0	0	0	0	0	0	0	0	0	0	0	0	0	0	0	0	0	0	0	0	0	0	0	0	0	0	0	0	0	0	0	0	0	0	0	0	0	0	0	0	0	0	0	0	0	0	0	34016232	0	0	0	0	0	0	0	0	0	0	0	0	0	0	0	0	0	0	0	0	0	0	0	0	0	0	0	0	0	0	0	0	0	0	0	0	0	0	0	0	0	33794328	0	0	0	0	0	0	0	0	0	0	0	0	0	0	0	0	0	0	0	0	0	0	0	0	0	0	0	0	0	0	0	0	0	0	0	0	0	0	0	0	0	0
2024-08-05	0	0	0	0	0	0	0	0	0	0	0	0	0	0	0	0	0	0	0	0	0	0	0	0	0	0	0	0	0	0	0	0	0	0	9137346454	0	0	0	0	0	0	0	0	100357228	0	0	0	0	0	0	0	0	0	0	0	0	0	0	0	0	0	0	0	0	0	0	0	0	0	0	0	0	0	0	0	0	0	0	0	0	0	0	0	0	0	0	0	0	0	0	0	0	0	0	0	0	0	0	0	0	0	0	0	0	0	0	0	0	0	0	0	0	0	0	0	0	0	0	0	0	0	0	0	0	0	0	0	0	0	0	0	0	0	0	0	0	0	0	0	0	0	0	0	0	0	0	0	0	0	0	0	0	0	0	0	0	0	0	0	0	0	0	0	0	0	0	0	0	0	0
2024-08-12	0	0	0	0	0	0	0	0	0	0	0	0	0	0	0	0	0	0	0	0	0	0	0	0	0	0	0	0	0	0	0	0	0	0	0	0	0	0	0	0	0	0	0	0	0	0	0	0	0	0	0	0	0	0	0	0	0	0	0	0	0	0	0	0	0	0	0	0	0	0	0	0	0	0	0	0	0	0	0	0	0	0	0	0	10020964	0	0	0	0	0	0	0	0	0	0	0	0	0	0	0	0	0	0	0	0	0	0	0	9954600	0	0	0	0	0	0	0	0	0	0	0	0	0	7830952	0	0	0	0	0	0	0	0	0	0	0	0	0	0	0	0	0	0	0	0	0	0	0	0	0	0	0	0	0	0	0	0	0	0	0	0	0	0	0	0	0	0	0	0	0	0	0
2024-08-19	2683171084	0	6272026612	5093066644	0	6944522390	0	0	2846041995	6359075455	3371096380	6866849452	898056452	1896944860	0	21916880014	0	0	3795425087	3738969894	0	1935831414	0	1912390829	0	1944396515	0	0	0	6015067678	0	0	0	5881669715	0	10767096895	16972454924	0	0	1893420226	3609905106	0	0	0	1886121783	0	3804933300	3825411084	11896296286	11749871384	0	3831765063	0	3853794401	3794614300	0	15603329121	0	0	0	1813547135	0	0	4015422544	0	0	5741897286	0	0	0	10064254455	7858352876	1988499505	0	0	41145680	0	7927917705	0	0	0	0	0	0	0	0	0	0	13073708	0	10760783278	4250205792	0	16871596185	0	13458970887	0	0	9760721039	15581765140	0	6085084520	0	8170863772	10197662321	8049854723	0	0	0	0	0	0	0	0	6319872517	0	0	12558061451	0	6260614855	8270869736	14602708334	0	18486596850	8262818621	23075925323	14470426157	6277704207	0	7973778456	0	0	11539853534	1935484232	0	15490942331	0	0	13924140875	0	28867404816	14232643871	14326354536	0	0	12459270552	0	0	16597539804	0	0	1993113619	0	12289538302	2058708669	0	0	0	0	16882035422	0	17423412134	6554859841	0	0	0	2018521694	0	0	17676325514
2024-08-26	9954600	0	12277340	0	0	0	0	0	5707304	0	0	11146073620	2694169356	0	3315543576	3089927760	7080721281	2455468	7347667267	0	11762504733	3871662828	7830952	0	10020964	3888793030	11853641474	3294240732	2003077310	2304198772	0	5950224632	3924279591	8846338887	42937508	2887472980	3351711956	2020035048	2970310112	1893420226	2995594796	4607335720	1709176977	0	0	3854406921	0	6692694548	11896296286	0	2266688252	0	0	11561383203	11383842900	0	18442540613	7135950233	3725018922	0	3627094270	0	3878574855	0	12343961971	3549189436	0	0	15939581589	2067949856	10064254455	2925565916	1988499505	5851715539	3314747208	0	0	2803160980	4005889952	20020421343	13083153137	0	12363639726	2237931804	16577139000	0	4169154679	0	2717005648	2398384148	4699795632	4250205792	2002123827	0	23617259329	13458970887	2879295348	0	12432385215	11613700	15718467346	5462031764	12036360654	0	13437536077	2568254204	15093124487	2923774088	0	3523241112	2527956396	2140694027	0	0	6370944	0	2225409844	15681370303	3954430816	3371171468	10715922636	0	18653108884	16458478850	8270649573	0	10020964	2632243960	2046663360	0	0	14141834029	4517331276	3870968464	3887782928	2616898188	3232175532	0	0	16098346158	14433702408	3415104436	2808669192	13070874141	8272916476	3475444172	6221312218	9950758510	7830952	13780538787	0	0	0	0	2058708669	0	2120794700	14848545888	0	2454808408	10220056	11565451275	0	2162290349	19639413347	0	2018521694	4266613634	863905780	18507712934
2024-09-02	0	0	0	3058456364	928144316	0	0	0	2258749355	4484559260	0	0	0	0	0	0	0	0	0	2420618408	1174405120	1453192756	0	1254235925	0	0	0	0	0	0	0	11879610968	0	0	80448028	0	0	0	0	0	0	0	0	0	0	0	0	0	0	0	0	3004727714	0	0	1834968880	0	0	1072928385	0	0	0	0	0	0	5363814399	0	0	0	0	16810483663	0	0	0	0	0	0	41742475084	0	0	17462268206	0	0	6030199320	0	0	0	0	0	0	0	5788816854	0	0	0	10992838529	9500388255	0	0	0	0	0	0	0	6147644660	0	0	8805503923	0	0	0	0	0	0	0	0	0	0	0	7034428220	0	0	0	0	15468697984	4552895633	0	14470426157	0	0	14201896	0	0	0	0	0	2600468480	0	0	0	0	7484213608	0	0	0	0	7942396156	0	0	0	0	0	0	1213480973	8618413744	0	0	0	0	0	0	0	0	9609572159	1494761984	0	0	0	0	0	0
2024-09-09	0	3386321846	0	0	40995226	0	0	1150048044	0	0	0	4429910604	457654532	0	0	8710047422	0	0	0	7830952	0	0	100419199	0	3987172416	1205212220	4175999794	3617894033	0	0	817889280	0	0	1798243920	996703494	0	415049384	0	0	379276482	0	0	0	9332182140	0	2716562424	0	0	68359006	0	8096981840	0	0	0	0	0	9477286912	0	0	0	0	0	0	0	0	2271225621	4101880710	0	0	0	0	975766796	0	0	1056121200	0	0	0	2343237984	0	0	8444780606	0	1657896572	0	0	1029920663	1065367420	0	0	0	2866064488	0	10550020400	0	0	2369210307	0	1901237871	0	0	0	8607530806	0	0	0	0	0	0	0	10423787152	0	1195376640	0	0	5914764778	1679145558	0	0	4138047267	2666039920	9427906960	5884856328	0	0	3931303484	0	0	972659392	0	0	8084946997	0	0	0	0	0	6476375912	0	487385878	0	2973427795	3215080660	0	2634635262	0	3943826780	0	10598717088	6625622916	0	1272243247	0	0	0	0	1379623008	0	9614764767	0	4416005880	2854446979	0	0	1202588195	8669129676	0	1276079568	0	0
2024-09-16	72216844	65965898	95913972	67334736	0	76349590	26515570	19329162	63065878	78105215	47110460	72981848	36830116	13833436	40726079	5311630	6581749	98850898	0	11230630	174611869	1725464	88791466	6901856	78794864	25502435	34646484	91851894	26511550	5547550	14700456	89946712	6968220	12809591	6901856	21829115	0	0	14349087	16469186	12320338	91485982	0	6835492	0	0	55145540	7056356	18289502	0	31815082	53904835	17104894	0	0	25907235	201125795	12170057	49760042	7233676	32029635	0	53462467	0	0	46912609	85901088	6769128	213694101	144211034	4446388	82113260	2365489	69087142	9683496	104841288	6769128	0	46665536	25808026	120271565	0	58600366	6503672	191764980	173585270	6762571	0	45659605	6370944	0	56187408	6570036	0	0	62914560	103679998	6304580	20357443	231014296	18795149	76744040	150751694	7167312	13367921	19555923	164933531	4446388	0	7100948	22237448	22902451	0	4446388	82504293	0	11547460	142921611	6636400	2190012	2521832	0	0	31678998	111201921	328948374	31101429	6370944	2333376	114374324	11042296	161914465	44866424	11613824	0	152043520	189766636	49144030	215071375	212405420	31480992	24045855	0	6901856	70055592	10087328	7300040	18515566	9689144	155355367	6769128	0	0	0	34956989	111139237	3588684	0	6835492	0	0	114975479	74660161	0	32871027	0	0	0	19858991	180834954
2024-09-23	144433688	166440414	383655888	195434172	61966746	229048770	96284900	67424670	118902550	234315645	198852140	237202436	67486476	99969100	168457475	248056974	286533065	480435405	275352442	292340670	514946676	164538564	247219839	149724174	393974320	76507305	131688036	226221819	95560440	97340476	649715184	417542620	241325735	435352050	68157440	0	104857600	172052148	116603022	16469186	34260946	143573150	62908851	327545868	24899383	0	121636380	45294604	430520858	273784368	0	92811406	193571110	105412802	0	325492806	384284963	83455133	49760042	90754858	128625275	40281890	153817365	114096288	106948439	234563045	148688012	46765361	601367487	32783917	252750830	208266712	82987155	194842625	192906320	197604328	462008088	380219940	100273984	394929320	234636610	490220350	274487132	80774256	155591280	189313910	83232453	51871110	136978815	464176316	358453514	90832064	87159961	372261170	749613348	347025934	235604989	241175812	388651437	508410920	420056612	0	0	421557716	409726803	192811526	316726990	152152239	166837176	312024588	745882656	53105438	292375781	552556544	221564431	200244332	143340534	285843222	645200394	296065820	313084040	627765322	688885692	472263140	330420663	698669118	645106311	226131501	112618240	187459632	97160944	462599650	394039962	81227736	59263512	347736822	485727212	442862914	464719510	410637868	550663704	518962013	561727904	314940195	114995196	494150856	163799476	392532810	558151608	667353321	331636893	60438182	54940778	309785084	146397992	260017391	70928100	448702832	532018677	683853724	316388256	329662841	213494723	108343247	632016877	413324824	89933600	88687235	39717982	702630440
2024-09-30	72216844	0	45027304	130289448	20655582	152699180	48142450	44949780	113659670	0	94220920	66834092	0	19993820	33691495	0	0	75115561	0	0	174611869	0	82406613	0	78794864	0	5242880	75407273	0	0	0	83508524	0	0	0	0	0	0	0	0	34260946	0	0	163772934	0	0	10883696	0	0	0	0	0	0	0	0	0	0	57240733	0	0	25725055	0	0	0	106948439	46912609	0	0	0	0	104857600	20247276	0	0	67617320	98802164	154002696	41943040	42272672	0	113104253	159911530	137243566	20193564	0	73400320	0	0	45659605	0	0	45416032	25558067	162537625	193956937	94869767	96011263	60293953	129550479	0	0	0	0	0	0	41943040	158363495	0	54582748	0	170742024	5242880	15728640	111924736	75602437	97500726	20971520	142921611	194095278	74016455	0	0	5242880	183702770	0	0	0	0	0	0	0	0	0	0	24997384	34932091	166841846	163759777	208766795	20971520	0	0	0	63037025	0	0	0	141330030	0	298101574	0	0	0	157513982	0	116382117	0	0	177339559	0	0	0	74660161	0	0	0	0	25669057	0	0
2024-10-07	0	0	0	0	0	0	0	0	0	0	0	0	0	0	0	0	0	0	0	0	0	0	0	0	0	0	0	0	0	0	0	0	0	0	0	0	0	0	0	0	0	0	0	0	0	0	13007344	0	0	0	0	0	0	0	0	0	0	0	0	0	0	0	0	0	0	0	0	0	0	14002804	0	0	0	0	0	0	0	0	0	0	0	0	0	0	0	7830952	0	0	0	0	0	0	0	0	0	0	0	0	0	0	0	0	0	0	0	0	0	0	0	0	0	0	0	0	0	0	0	0	0	0	0	0	0	0	0	0	0	0	0	0	0	0	0	0	0	0	0	0	0	0	0	0	0	0	0	0	0	0	0	0	0	0	0	0	0	0	0	0	0	0	0	0	0	0	0	0	0	0	0	0
2024-10-14	0	0	0	0	98366308	93123552	0	0	0	0	0	0	0	0	0	0	0	7352233001	0	0	0	0	0	0	0	0	0	0	0	0	0	0	0	0	0	0	0	0	0	0	0	0	0	0	0	0	0	0	0	0	0	0	0	0	0	0	0	0	0	0	0	0	0	0	0	0	0	0	0	0	0	0	0	0	0	0	0	0	0	0	0	0	0	0	0	0	0	0	0	0	0	0	0	0	0	0	0	0	0	0	0	0	0	0	0	0	0	0	0	0	0	0	0	0	0	0	0	0	0	0	0	0	0	0	0	0	0	0	0	0	0	0	0	0	0	0	0	0	0	0	0	0	0	0	0	0	0	0	0	0	0	0	0	0	0	0	0	0	0	0	0	0	0	0	0	0	0	0	0	0
2024-10-21	84826004	39751498	106001300	76625696	20655582	85242366	30707625	33624042	65125335	86002531	47110460	0	42537420	19993820	46897931	195030650	0	0	52008767	84482822	187221029	27275976	9158232	0	102154992	25502435	70290406	10485512	38058886	79729086	0	94591312	7100948	72558675	87737142	105268863	127081484	91832862	0	16469186	0	79683891	0	163772934	4910936	42833161	6636400	54784656	7300040	137024912	154057491	46405703	104442150	60603717	56440860	121467003	185545289	20971520	49760042	45377429	34086919	40281890	5242880	66538196	0	46912609	74344006	46765361	10817332	132398637	0	104133356	7897316	63576019	842514116	24392002896	154002696	106602321	5421730076	0	121399753	12451448948	12500883292	27493604	182188444	0	5913353641	36022883	56875121	122415023	4837773902	1388389680	2017454035	58003376	10485512	8096408	105235859	3940523530	616102619	104857600	6005801241	76744040	45097602	117866208	136575601	1852385379	10551876	52907425	12210976	9821872	14515460672	39692791	14937398473	8554785792	12715347471	109379882	9975385394	89128960	204248970	36519803	16617987768	127421732	12542796	183702770	20971520	9954600	167849517	0	39701896	12210976	0	163175381	0	0	18958012	10618240	0	163759777	41943040	0	183554568	4446388	0	117124677	10153692	0	0	153076458	0	157014467	5176392	11547336	27470389	0	43849765	0	10020964	4778208	177339559	0	0	10220056	81495653	0	204124171	0	0	41198233	10286420	191984106
2024-10-28	0	0	0	5093066644	0	0	1759464505	0	2846041995	6359075455	3371096380	6789360068	898056452	1896944860	0	21916880014	3772411381	7386224245	3795425087	3738969894	0	1935831414	5803369913	0	5678190704	0	6000784178	0	2003077310	6015067678	10080243624	0	0	0	0	0	0	0	5521382471	1893420226	0	9241583695	1709176977	0	0	0	0	0	11896296286	0	11819465491	2328375438	7968762150	0	0	19419844643	0	1371106461	7450037844	3859100217	1813547135	4019627810	3878574855	0	7934568279	3921400929	5758196086	0	0	10188242477	0	7878116472	0	0	0	0	28598585872	0	0	27575784020	20526639866	0	12363639726	4475863608	16577139000	14895592310	0	4204232070	0	8672424239	10760783278	0	2002123827	19835958297	0	12332812395	7561872383	0	9760721039	28055151344	7859233673	6085084520	0	8170863772	10197662321	8049854723	11771342695	0	4180729308	14728597254	14510018824	0	14925253861	8442861056	6319872517	8412708406	0	0	17640684354	6260614855	0	5362456044	18653108884	18486596850	16525637242	0	14470426157	6291388067	2046663360	1539707256	3893708664	4055015864	22614209738	0	0	15490942331	6835930044	0	0	4850084570	14447518996	0	0	0	0	11360362904	6221312218	0	0	0	14965734699	0	4081472618	0	2058708669	8253331877	0	5335864416	14799731879	1413442270	9667165152	8711706067	6554859841	0	17597809999	10531094392	852505182	0	3449687134	30900354386
2024-11-04	1072466048	2166928300	6272026612	160166052	1430990302	0	1759464505	0	0	0	3371096380	6866849452	0	1896944860	3640420999	20955241992	1876585973	4206607092	3795425087	0	11756133789	1935831414	0	1931675017	1866875844	1944396515	435105180	0	0	6015067678	1990863976	2358233928	3932574099	0	0	1984224319	11127394908	8954357594	5521382471	0	3609905106	0	0	14665392302	0	3872935353	3804933300	0	6733850446	11749871384	11854637419	0	4902796184	0	0	5127176836	0	0	2441561898	0	0	4019627810	0	4015422544	4998555479	0	5741897286	0	3297949333	10188242477	3143652855	7024608848	0	5851715539	6065472040	4002957760	28598585872	7927917705	4808061652	13192300842	10283030041	0	6642899944	0	3171371248	0	6370944	2102116035	4292392405	7267135600	10801690246	3566657200	0	4763253484	0	5800171783	1284160284	0	9760721039	15581765140	7859233673	0	0	1753578652	1258462556	8049854723	9833574247	0	0	14728597254	0	2128947599	11589909412	0	3262091828	1106230838	1771639122	0	10078673304	0	0	0	7204074940	0	0	11810024779	0	0	2377824423	7973778456	439684296	12033201057	3670997096	0	0	15490942331	0	0	6011246380	11821390250	14433702408	9476303135	14326354536	8445419065	0	0	2480491276	4304761432	16620090688	13780538787	0	0	2040736309	0	2058708669	8253331877	0	4995137236	7862353063	8989121988	10732518368	0	6571212129	0	2457662060	2717642544	827339358	2133306817	2169439791	14574902914
2024-11-11	0	0	0	0	0	0	0	0	0	0	0	0	0	0	0	0	0	0	0	0	0	0	0	0	0	0	0	0	0	0	0	0	0	0	0	0	0	0	0	0	0	0	0	0	0	0	0	0	0	0	0	0	0	0	0	0	0	0	0	0	0	0	0	0	0	0	0	0	0	0	0	0	0	0	0	0	0	0	0	0	0	0	0	0	0	0	0	33782208	0	0	0	0	0	0	0	0	0	0	0	0	0	0	0	0	0	0	0	0	0	0	0	0	0	0	0	0	0	0	0	0	0	0	0	0	0	0	0	0	0	0	0	0	0	0	0	0	0	0	0	0	0	0	0	0	0	0	0	0	0	0	0	0	0	0	0	0	0	0	0	0	0	0	0	0	0	0	0	0	0	0
2024-11-18	558801304	1221081910	1258954468	1016000220	335675392	958167158	758110264	338551060	744957711	1458115640	513868356	1093349384	158466048	146740444	869010424	0	0	0	0	0	0	0	0	0	0	0	0	0	0	0	0	0	0	0	0	0	0	0	0	0	0	0	0	0	0	0	0	0	0	0	0	0	0	0	0	0	0	0	0	0	6105488	0	0	0	0	9954600	0	0	0	0	0	0	0	0	138258424	218501992	257508688	201765160	0	0	0	0	0	0	0	529752	0	759906615	0	0	319399536	0	0	0	0	0	0	0	0	0	0	0	0	0	0	0	0	0	0	0	0	0	0	0	0	0	0	0	0	1917273856	0	0	0	0	0	0	0	0	0	0	0	0	0	0	0	0	0	0	0	0	0	0	0	0	0	0	0	0	0	0	0	0	0	0	0	0	0	0	0	0	0	0	0	0	0	0	0	0	0	0
2024-11-25	0	0	0	0	0	0	0	0	0	0	0	0	0	0	0	0	0	0	0	0	0	0	0	0	0	0	0	0	0	0	0	0	0	0	0	0	0	0	0	0	0	0	0	0	0	0	0	0	0	0	0	0	0	0	0	0	0	0	0	0	0	0	6503672	0	0	0	0	0	0	0	0	0	0	0	33924496	302387328	35067368	184670296	85058536	67301936	218415928	84218744	103606800	376196456	83737968	88904872	350924064	189936096	170814408	51250120	189676224	188667848	191610472	34849552	191063896	201341712	250580488	202911240	202868776	189309464	34209928	191685360	17970456	193164920	151710576	198539816	181926728	180517312	121375112	88612944	88022792	189394896	68723744	137555456	17101640	119215696	17107824	156045720	51857744	189936184	34238808	0	0	0	0	0	0	0	0	0	0	0	0	0	0	0	0	0	0	0	0	0	0	0	0	0	0	0	0	0	0	0	0	0	0	0	0	0	0	0	0	0	0	0	8892776	0	0	0	0	0
2024-12-09	0	0	0	0	0	0	0	0	0	0	0	30261984	0	0	0	0	0	0	0	0	0	0	0	0	0	0	0	0	0	0	0	0	0	0	0	0	0	0	0	0	0	0	0	0	0	0	0	0	0	0	0	0	0	0	0	0	0	0	0	0	0	0	0	0	0	0	0	0	0	0	0	0	0	0	0	0	0	0	0	0	0	0	0	0	0	0	0	0	0	0	0	0	0	0	0	0	0	0	0	0	0	0	0	0	0	0	0	0	0	0	0	0	0	0	0	0	0	0	0	0	0	0	0	0	0	0	0	0	0	0	0	0	0	0	0	0	0	0	0	0	0	0	0	0	0	0	0	0	0	0	0	0	0	0	0	0	0	0	0	0	0	0	0	0	0	0	0	0	0	0
2024-12-16	0	0	6272026612	3015835816	0	0	1759464505	1710682250	0	0	3340859156	0	0	1896944860	0	19064753294	0	2000301097	3795425087	0	0	0	5828603093	1912390829	0	1944396515	0	0	2003077310	0	10098918652	5939805484	0	0	2896071599	0	2422979440	8974611490	5521382471	0	3609905106	0	0	0	1886121783	3854406921	0	0	11896296286	11749871384	0	3831765063	7905647010	3853794401	3794614300	0	0	3921243293	0	0	1813547135	4019627810	0	0	0	3921400929	0	4126839949	5478987413	0	4343223799	6381957868	0	0	6065472040	8110944636	7020732992	7927917705	0	0	0	11101897264	4721617838	2237931804	8851231032	0	0	2102116035	4292392405	0	0	4265535876	0	7460233056	3935276105	0	5607326719	0	3829975183	0	7859233673	0	0	0	0	7964586883	11771342695	4068885777	0	10416852742	12576177736	2128947599	14941300081	8442861056	6319872517	0	0	0	14203070638	0	8270869736	1022852520	18653108884	0	0	23075925323	14505756565	0	0	0	0	4471683736	9023271134	1935484232	0	15490942331	215076342	0	0	9434051024	14450943180	12882077983	14345334640	8447025669	0	0	0	0	10686104008	0	0	1993113619	2040736309	0	859137725	2839277856	2120794700	12614905916	0	11262262408	10732518368	0	6554859841	0	17618475947	1748221816	2018521694	0	2169439791	0
2025-01-27	0	0	0	0	0	0	0	0	0	0	0	0	0	0	0	0	0	0	0	0	0	0	0	0	0	0	0	0	0	0	0	0	0	0	14002804	0	0	0	0	0	0	0	0	0	0	0	0	0	0	0	0	0	0	0	0	0	0	0	0	0	0	0	0	0	0	0	0	0	0	0	0	0	0	0	0	8094194164	0	0	0	13787892010	0	12281450090	12363639726	0	0	0	2145867671	0	4292392405	0	0	4250205792	0	0	0	0	0	1209353196	0	0	0	0	0	0	0	0	0	0	0	0	13027216024	0	14925253861	469017184	6319872517	0	4304998738	0	0	6260614855	0	0	0	0	0	0	0	0	0	0	0	0	0	0	0	0	0	0	0	0	0	0	0	0	0	0	0	0	0	0	0	0	0	0	0	0	0	0	0	0	0	0	0	0	0	0	0	0	0	0
2025-02-10	29200160	10485512	0	0	0	9622780	0	0	0	0	20838296	0	0	0	16790092	32053812	14865536	10684604	0	0	14201896	0	9954600	0	10817332	0	11414608	0	0	0	32850180	0	13802884	0	0	0	13604620	10087328	0	0	10419148	33248364	0	0	0	0	15462812	11414608	29930164	0	32319268	12808252	12277340	0	0	0	0	19776472	0	0	0	0	18581920	14268260	0	0	0	13007344	27010148	0	0	0	0	0	0	0	17960468160	28204700	0	32651088	33314728	11414608	0	0	12741888	0	0	0	14732808	17918280	14268260	14002804	0	0	0	32385632	13737348	0	0	33314728	0	0	11879156	0	0	0	32385632	34044732	10419148	21900120	0	0	0	10153692	0	22961944	0	16126452	0	33248364	33580184	0	0	19046468	0	0	0	16856456	0	0	0	21966484	9821872	0	0	31854720	26213780	0	10950060	16391908	0	0	11879156	25417412	11480972	0	0	0	10087328	13471892	0	0	0	0	0	0	0	0	24886500	33314728	10950060	13339164	33712912	0	0	10485512	0	0	0	10750968
2025-02-17	0	0	0	0	0	0	0	0	0	0	0	0	0	0	0	0	0	0	0	0	0	0	0	0	0	0	0	0	0	0	0	0	0	0	0	0	0	0	0	0	0	0	0	0	0	0	0	0	0	0	0	0	0	0	0	19419844643	0	0	0	0	0	0	0	0	0	0	0	0	0	0	0	0	0	0	0	0	0	0	0	0	0	0	0	0	0	0	0	0	0	0	0	0	0	0	0	0	0	0	0	0	0	0	0	0	0	0	0	0	0	0	0	0	0	0	0	0	0	0	0	0	0	0	0	0	0	0	0	0	0	0	0	0	0	0	0	0	0	0	0	0	0	0	0	0	0	0	0	0	0	0	0	0	0	0	0	0	0	0	0	0	0	0	0	0	0	0	0	0	0	0
2025-02-24	0	4114568	0	0	0	0	0	0	0	4180932	4114568	0	4446388	9689144	0	0	0	0	0	0	0	5906396	9888236	0	0	0	0	0	0	9755508	0	0	0	7764588	0	6238216	4313660	0	0	0	0	4180932	0	4114568	9888236	0	0	0	0	0	9755508	0	7233676	0	4114568	6769128	0	0	8229136	0	4114568	0	0	0	9556416	6105488	0	4114568	4114568	0	0	0	4048204	0	9888236	0	0	0	0	4114568	0	0	9622780	4048204	0	9689144	4048204	0	0	0	0	0	4114568	9689144	0	0	6503672	0	0	4114568	0	9689144	4048204	4114568	0	0	8892776	8760048	5640940	0	6437308	6238216	0	9954600	0	4114568	4114568	0	0	0	4180932	0	0	0	0	0	0	0	0	0	0	0	0	0	0	0	0	0	0	0	0	0	0	0	0	0	0	0	0	0	0	0	0	0	0	0	0	0	0	0	0	0	0	0	0	0	0	0	0	0
2025-03-03	66496	0	0	0	0	0	0	0	0	0	0	0	0	0	0	0	0	0	0	0	0	0	0	0	0	0	0	0	0	0	0	0	0	0	0	0	15800	13504	0	0	0	0	0	11392	0	0	0	0	0	0	0	0	0	0	0	0	0	0	0	0	0	0	0	0	0	0	0	0	0	0	0	0	0	0	0	0	0	0	0	0	0	0	0	0	0	0	0	0	0	0	0	0	0	0	0	0	0	0	0	0	0	0	0	0	0	0	0	0	0	0	0	0	0	0	0	0	0	0	0	0	0	0	0	0	0	0	0	0	0	0	0	0	0	0	0	0	0	0	0	0	0	0	0	0	0	0	0	0	0	0	0	0	0	0	0	0	0	0	0	0	0	0	0	0	0	0	0	0	0	0
2025-03-10	0	409600	0	0	4474470	0	0	0	0	0	0	0	0	0	0	0	0	0	0	0	0	0	0	378029	0	0	0	0	0	0	0	0	0	0	0	0	4114568	0	0	0	0	2190012	0	0	0	0	0	0	0	0	0	0	0	0	409600	0	0	0	0	0	0	0	0	0	4114568	0	0	0	0	0	0	0	0	4910936	4048204	4114568	0	8712	0	0	0	0	0	0	0	4048204	0	0	0	0	0	307200	0	0	409600	0	0	0	0	0	0	0	0	0	0	0	0	0	0	0	0	0	0	0	0	0	0	4114568	0	0	0	0	3583656	0	0	0	0	0	0	0	0	0	0	0	0	0	0	0	0	0	0	0	0	0	4180932	0	0	0	0	0	0	0	8162772	0	366269	0	0	0	0	0	0	5840032	0	0	0	0	0	0	5110028	0
2025-03-17	300736	0	0	312320	0	0	0	0	0	0	0	0	0	0	0	0	0	0	0	0	0	0	0	0	0	0	0	0	0	0	0	0	0	0	0	0	0	0	0	0	0	0	0	0	0	0	0	0	0	0	0	0	0	0	0	0	0	0	0	0	0	0	0	0	0	0	0	0	0	0	0	0	0	0	0	0	0	0	0	119584	9840	10152	9184	0	0	0	0	0	0	0	12048	0	0	17136	0	0	0	0	0	0	0	0	0	0	0	0	0	0	0	0	0	0	0	0	0	0	0	0	0	0	0	95844476	0	0	0	0	0	0	0	0	0	0	0	1838883112	0	0	0	0	0	0	0	0	0	0	0	0	0	0	0	0	0	0	0	0	0	0	0	0	0	0	0	0	0	0	0	0	0	0	0	0
2025-03-24	0	0	0	0	0	0	0	0	0	0	0	0	0	0	0	0	0	0	0	0	0	0	0	0	0	0	0	0	0	0	0	0	0	0	0	0	0	0	0	0	0	0	0	0	0	0	0	0	0	11749871384	0	0	0	0	0	0	0	0	0	3841222549	0	0	0	0	0	0	0	0	0	0	0	0	0	0	0	0	0	0	0	0	0	0	0	0	0	0	0	0	0	0	0	0	0	0	0	0	0	0	0	0	0	0	0	0	0	0	0	0	0	0	0	0	0	0	0	0	0	0	0	0	0	0	0	0	0	0	0	0	0	0	0	0	0	0	0	0	0	0	0	0	0	0	0	0	0	0	0	0	0	0	0	0	0	0	0	0	0	0	0	0	0	0	0	0	0	0	0	0	0	0
2025-03-31	73614972	122360	17069008	17036896	50088	128816	16949560	33686752	206144	204048	33991832	171944	121344	100528	16943568	17225912	188848	17050520	33873872	16939688	17139776	16859648	16959232	33817360	192784	33765096	387176	251624	16952376	16947208	318672	17146224	33789632	33923728	54313400	200872	537848	34218984	116256	16912432	33727000	17158000	109632	17070328	16900976	16956584	17003544	33747824	16891808	17261472	50742232	17041128	17212648	17017896	16967208	34510968	17458456	16862032	16868200	16953616	16857280	16889064	16885376	50829448	17164048	6176	33864592	16992648	34369520	360544	489632	33873584	16996112	260896	153944	16919440	17350504	17185384	33697152	541800	17093304	34084856	380872	16906728	522464	34028616	37603683	17042400	100208	33731056	17196336	52552	12816	34179176	496024	17234656	17043720	86744	234856	34182728	254368	16953672	33936080	17031584	307824	335576	17034448	33788464	16882008	350040	34052200	16870832	17245168	17170136	129600	186704	102632	34030128	265840	17038760	17141400	17254168	558600	17382592	168816	34239408	413456	16978016	33783168	33979680	16972144	17212728	17397608	174848	33807232	436200	34177976	34209440	34137408	17439056	17119736	34030448	17367088	305176	16915664	391688	75016	33902472	34022160	34286104	17304712	0	16870952	17238864	16917432	17049688	137696	17378864	569656	17489464	271760	17277392	17080040	16861920	518192	145856	16823024	33685344	16867968	33930792
2025-04-07	0	0	0	0	0	0	0	0	0	0	0	0	495909464	0	0	0	0	0	0	0	0	0	0	0	0	0	0	0	0	0	0	0	0	0	0	0	0	0	0	0	0	0	0	0	0	0	0	0	0	0	0	0	0	0	0	0	0	0	0	0	0	0	0	0	0	0	0	0	0	0	0	0	0	0	0	0	0	0	0	0	0	0	0	0	0	0	0	0	0	0	0	0	0	0	0	0	0	0	0	0	0	0	0	0	0	0	0	0	0	0	0	0	0	0	0	0	0	0	0	0	0	0	0	0	0	0	0	0	0	0	0	0	0	0	0	0	0	0	0	0	0	0	0	0	0	0	0	0	0	0	0	0	0	0	0	0	0	0	0	0	0	0	0	0	0	0	0	0	0	0
2025-04-28	0	0	0	0	0	0	0	0	0	0	0	0	0	0	0	0	0	0	0	0	0	0	0	0	0	0	0	0	0	0	0	0	0	0	0	0	0	0	0	0	0	0	0	0	0	0	0	0	0	0	0	0	0	0	0	0	0	0	0	0	0	0	0	0	0	0	0	0	0	0	0	0	0	0	0	0	0	0	0	0	0	0	0	0	0	0	0	0	0	0	0	0	0	0	0	0	0	0	0	0	0	0	0	0	0	0	0	0	0	0	0	0	0	0	0	0	0	0	0	0	0	0	0	0	0	19160	0	0	2075929884	0	0	0	0	56378076	0	0	0	0	0	0	0	0	0	0	0	0	0	0	0	0	0	0	0	0	0	0	0	0	0	0	0	0	0	0	0	0	0	0	0	0
2025-05-12	0	0	0	0	0	0	0	0	0	0	0	0	0	0	0	10485760	0	0	0	0	0	0	0	0	0	0	0	0	0	0	10485760	0	0	0	0	0	10485760	0	0	0	0	0	0	0	0	0	0	0	10485760	10485760	10485760	0	0	0	0	10485760	10485760	0	0	0	0	0	0	0	0	0	0	0	10485760	10220056	10485760	0	0	0	0	0	10485760	0	0	0	10286420	0	10485760	0	10485760	0	0	0	0	0	0	0	0	0	0	0	0	0	0	10485760	0	0	0	0	0	0	0	0	0	0	0	0	0	0	0	0	0	10485760	0	0	0	10485760	0	10485760	0	10485760	10485760	0	0	0	0	0	0	0	0	9887408	10485760	0	0	10485760	0	10485760	0	0	0	0	0	10485760	10485760	0	0	0	0	0	0	0	0	0	0	0	0	0	0	0	0	20971520	0	0	0	0
2025-05-26	0	0	0	0	67670016	0	0	0	0	0	0	0	0	0	0	0	0	0	0	0	0	0	0	0	0	0	0	0	0	0	0	0	0	0	0	0	0	0	0	0	0	0	0	0	0	0	0	0	0	0	0	0	0	0	0	0	0	0	0	0	0	0	0	0	0	0	0	0	0	0	0	0	0	0	0	0	0	0	0	0	0	0	0	0	0	0	0	0	0	0	0	0	0	0	0	0	0	0	0	0	0	0	0	0	0	0	0	0	0	0	0	0	0	0	0	0	0	0	0	0	0	0	0	0	0	0	0	0	0	0	0	0	0	0	0	0	0	0	0	0	0	0	0	0	0	0	0	0	0	0	0	0	0	0	0	0	0	0	0	0	0	0	0	0	0	0	0	0	0	0
2025-06-23	2810880	0	0	1561600	780800	3123200	0	468480	1093120	0	0	0	0	0	0	0	0	0	0	0	0	0	0	0	0	0	0	0	0	0	0	0	0	0	0	0	0	0	0	0	0	0	0	0	0	0	0	0	0	0	0	0	0	0	0	0	0	0	0	0	0	0	0	0	0	0	0	0	0	0	0	0	0	0	1873920	8432640	4216320	2810880	1405440	5465600	2186240	3123200	3123200	1249280	4684800	4972800	1823360	1160320	1160320	1657600	3149440	1326080	663040	5138560	5777920	5153280	3279360	1093120	3591680	5621760	2498560	2342400	5621760	2967040	2030080	2342400	4684800	1112640	1327360	4811680	3650240	829600	5143520	2820640	6470880	3611200	4479840	5309440	4977600	1991040	3318400	4840960	5777920	6246400	2030080	7339520	4997120	2654720	780800	2498560	1249280	4060160	4684800	936960	468480	6402560	0	4372480	5153280	0	6402560	4997120	5621760	3279360	1249280	4840960	2030080	3591680	4216320	5153280	3591680	780800	1093120	4372480	468480	2810880	663680	5309440	4479840	6968640	4479840	1991040	1825120	497760	6802720	4313920	663680	829600	331840	6636800
2025-07-07	0	0	0	0	0	0	0	0	0	0	0	0	0	0	0	0	0	0	0	0	0	0	0	0	0	0	0	0	0	0	0	0	0	0	0	0	0	0	0	0	0	0	0	0	0	0	0	0	0	0	0	0	0	0	0	0	0	0	0	0	0	0	0	0	0	0	0	0	0	0	0	0	0	0	0	0	222695800	0	0	0	0	0	0	0	0	0	0	0	0	0	0	0	0	0	0	0	0	0	0	0	0	0	0	0	0	0	0	0	0	0	0	0	0	0	0	0	0	0	0	0	0	0	0	0	0	0	0	0	0	0	0	0	0	0	0	0	0	0	0	0	0	0	0	0	0	0	0	0	0	0	0	0	0	0	0	0	0	0	0	0	0	0	0	0	0	0	0	0	0	0
2025-07-14	4528640	0	0	1561600	780800	2654720	0	468480	1561600	0	0	0	0	0	0	0	0	0	0	0	0	0	0	0	0	0	0	0	0	0	0	0	0	0	0	0	0	0	0	0	0	0	0	0	0	0	0	0	0	0	0	0	0	0	0	0	0	0	0	0	0	0	0	0	0	0	0	0	0	0	0	0	0	0	2654720	2186240	4528640	1873920	1249280	4684800	3904000	3591680	4528640	780800	4997120	4641280	828800	994560	1823360	2652160	3978240	1491840	994560	6630400	6714880	4528640	2654720	1717760	2654720	5309440	2654720	1873920	3279360	1873920	3904000	3279360	4840960	1629920	1825120	4479840	5309440	497760	5309440	3152480	2820640	2791360	1161440	3982080	4811680	2322880	3152480	4997120	5777920	7027200	2498560	8432640	3904000	2654720	468480	2654720	1561600	4528640	4528640	1093120	1093120	5934080	0	4684800	5153280	0	4840960	5465600	4372480	3123200	2342400	4216320	1561600	3904000	5777920	3747840	1873920	312320	468480	4216320	624640	2654720	663680	5143520	5807200	5475360	3650240	2820640	2156960	663680	6139040	3152480	497760	331840	1161440	4148000
2025-07-21	0	7432768	0	0	0	7897316	0	0	8627320	3379393903	21369208	0	0	0	0	0	0	0	0	0	0	0	0	0	0	0	0	0	0	0	0	0	0	0	0	0	0	0	0	0	0	0	0	0	0	0	0	0	0	0	0	2411724800	0	0	0	8462225443	0	0	0	0	0	0	0	0	0	0	0	0	0	0	0	0	0	0	0	0	6186598400	0	0	0	0	0	0	0	0	0	0	0	0	0	0	0	0	0	0	0	0	0	0	0	0	0	0	0	0	0	0	0	0	0	0	0	0	0	0	0	0	0	0	0	0	0	32850180	9468843250	0	0	0	0	0	0	0	0	0	0	0	0	0	0	0	0	0	0	0	0	0	0	0	0	0	0	0	0	0	0	0	0	0	0	0	0	0	0	0	0	0	0	0	0	0	0
2025-07-28	0	0	3755444212	0	0	3250585600	0	0	0	0	0	0	0	0	0	10225257614	0	0	0	0	6134169600	0	2840161493	996147200	0	1000678115	0	0	0	0	0	0	0	0	0	6100933695	0	0	2359296000	1264274626	0	0	0	6606028800	0	2149580800	2022354100	0	0	4934127384	0	0	4299161600	0	0	0	0	0	0	2478073749	1101004800	2097152000	0	0	5103413079	0	0	0	0	0	0	3722444800	1044781105	0	3234316840	0	0	0	0	0	0	0	0	0	0	0	677861271	1468006400	1520435200	0	0	0	996147200	0	0	0	0	0	0	0	0	2988441600	0	0	0	0	4588597095	0	0	6658457600	7746703624	838860800	10251952188	0	0	0	0	0	7303440558	2538170055	5355665760	0	0	0	0	0	0	0	945658560	4771020800	0	0	0	0	0	7941195131	6501171200	0	0	9217829654	6045094408	0	6357176936	0	0	6534816152	0	4970022510	6688496604	0	2411724800	997785638	0	0	0	0	0	6291456000	0	0	0	0	0	1218571949	10485760000	5288214392	0	0	0	0
2025-08-04	0	0	0	3040870400	681574400	0	0	0	996147200	0	0	0	0	1477514460	0	0	0	3879731200	1959991415	0	0	0	0	0	0	0	0	2936012800	0	0	0	0	0	3512635500	0	0	0	0	0	0	0	0	0	0	0	0	0	2516582400	7964136286	0	9069848844	0	0	1992294400	0	0	0	0	1048576000	0	0	0	0	1865841744	0	0	2491311686	0	6343884800	0	0	0	0	3250585600	0	0	0	0	1489307552	0	0	1957397580	5662310400	0	0	0	0	0	0	0	4416898478	0	0	0	8330906697	0	0	0	5138022400	0	4194304000	0	0	0	0	0	0	0	838860800	0	0	0	0	3932160000	0	0	2679705938	0	0	0	0	0	0	0	0	0	5976883200	0	0	0	0	0	0	0	0	0	0	4613734400	0	0	0	0	0	0	0	0	4666163200	0	0	0	0	0	887302709	0	0	0	1544077900	0	0	0	0	0	0	0	0	0	1232089694	0	911148591	0
2025-08-11	943718400	1219399498	0	0	0	0	0	0	0	0	0	0	0	0	1260525415	0	0	0	0	1065101094	0	0	0	0	0	0	0	0	0	3603342878	4823449600	2306867200	0	0	0	0	8703180800	0	0	0	1460324306	7077888000	0	0	1412947566	0	0	0	0	0	0	0	0	0	0	0	8703180800	2516582400	0	0	0	0	1205862400	0	0	0	0	0	0	4630789677	0	0	0	0	0	0	0	0	0	0	4968011133	8768720490	0	1084498204	8703180800	8604136310	0	0	0	5557452800	0	0	0	8178892800	0	2726297600	0	3966265057	0	9080593940	0	0	8283750400	0	0	0	0	1520435200	0	0	0	0	0	0	0	4165975606	0	7315181451	0	0	0	5819596800	10118758400	0	3963657021	0	0	2660117007	0	0	0	6710886400	0	1101004800	1101004800	0	0	9279897600	6606028800	0	0	0	0	0	0	0	0	0	0	0	0	0	0	8912896000	0	2936012800	0	0	5714739200	0	0	0	3199416641	0	0	0	0	734003200	0	6239027200
2025-08-18	0	0	0	0	0	0	0	0	0	0	2060376380	0	0	0	0	0	0	0	0	0	0	367001600	0	0	3879731200	0	2435625778	0	0	0	0	0	1677721600	0	3370178454	0	0	0	0	0	0	0	681574400	0	0	0	0	0	0	0	0	0	0	0	2464153600	0	0	0	0	0	0	0	0	0	0	0	0	1939865600	0	0	0	0	0	0	0	3512729600	0	0	0	8230439210	0	0	0	0	0	0	0	0	0	0	0	2673868800	0	0	0	1767348487	0	0	0	0	0	0	0	1931836572	2149580800	1939865600	0	0	0	0	0	0	0	0	0	0	0	0	0	0	0	0	0	0	0	0	0	0	0	0	0	0	5091111134	0	0	0	0	0	0	0	0	0	0	0	1468006400	0	0	0	0	9699328000	0	0	0	0	0	0	0	0	0	13631488000	0	0	0	0	0	0	0	0	0	0
2025-08-25	0	0	0	0	0	3617587200	0	0	0	0	0	0	0	0	0	0	0	0	3040842912	0	0	0	0	0	0	0	0	0	0	0	0	0	0	3250585600	0	0	0	0	2359296000	1048576000	0	0	0	0	0	1835008000	0	2044723200	0	0	0	0	3303014400	0	0	0	0	0	2099726122	0	838860800	0	0	0	0	0	0	0	0	0	0	6239027200	0	0	0	0	0	0	0	0	0	0	0	0	0	10229429110	0	0	0	0	0	0	0	0	0	0	0	2141717313	0	0	0	0	0	0	0	0	0	0	0	0	0	0	0	4196128256	0	0	0	0	0	0	3670016000	6318957934	0	0	0	0	0	0	0	0	0	0	0	0	0	0	6122753526	0	0	0	0	0	0	0	0	0	0	0	11062476800	0	0	0	0	0	0	0	0	0	0	0	0	0	0	0	0	0	0	770158017	0	0
2025-09-01	0	0	0	0	0	0	734003200	1238823050	0	0	0	6866849452	0	0	2780960615	0	1520435200	4206505001	0	0	0	0	0	0	0	0	3484201778	4044267433	0	0	0	0	0	0	0	0	3093299200	0	0	0	0	4313276495	0	8493465600	0	0	2179640500	0	0	0	0	0	0	0	0	0	6134169600	0	0	0	0	2551621410	1887436800	0	0	0	0	0	0	0	0	0	0	0	0	0	0	0	0	0	0	6553600000	0	1084498204	0	0	0	1053540035	3138958805	4771020800	0	0	796261427	9164562585	0	0	1532560383	0	0	0	0	0	6531336654	0	0	0	0	0	0	0	0	0	0	0	2912000517	4508876800	1835008000	0	0	0	0	0	0	0	0	9025006923	0	0	0	0	1310720000	4622211825	0	0	0	0	0	0	6868172800	6858533654	0	6815744000	0	0	0	0	0	0	0	0	0	0	0	0	0	0	2802369100	0	0	0	4089446400	1992294400	0	0	0	7280508792	0	0	0	0
2025-09-08	0	0	0	0	0	0	0	0	0	0	0	3354119852	321339652	0	0	10590617600	0	0	0	0	0	0	0	0	0	0	0	0	1321502910	0	0	0	0	0	0	0	0	3973621594	0	0	0	0	0	0	0	0	0	0	0	6769135384	0	0	0	0	0	0	0	0	0	0	0	0	0	1782579200	0	1981535329	2988441600	0	0	0	4928307200	0	0	0	0	0	0	5315284364	1939865600	0	0	0	0	0	0	0	1044862871	0	0	0	0	0	0	21369208	0	0	41610228	0	0	0	0	0	0	0	0	0	0	0	2712722908	4400123654	7432130824	0	0	0	0	0	0	0	0	2202009600	23094672	0	0	0	0	0	0	0	681574400	0	0	0	0	0	0	0	0	0	0	0	0	0	6501171200	4388413025	0	0	6457108718	0	0	0	3774873600	0	0	0	643131069	0	0	0	0	0	0	0	0	0	0	0	576716800	0	0	0
2025-09-15	0	0	0	0	0	0	0	0	0	0	0	0	0	0	0	0	0	0	0	0	0	0	0	0	0	0	0	0	0	0	0	0	0	0	2905762989	0	0	0	0	0	0	0	0	0	0	0	0	0	0	0	0	0	0	0	0	2088980515	0	0	0	0	0	0	0	0	0	0	0	0	0	0	0	0	0	0	10684604	0	0	0	0	0	0	0	0	0	0	0	14973667	4114568	0	0	0	0	0	962685132	0	0	0	0	0	0	0	0	0	0	9266526833	0	0	0	0	0	0	0	0	0	4114568	0	11965114	0	0	0	0	0	18653108884	0	0	0	0	0	0	0	0	0	10667438302	0	0	0	0	0	0	0	0	0	0	0	0	0	0	9950758510	0	0	0	0	0	12289538302	0	0	0	0	0	0	0	0	0	0	17610578631	0	0	0	0	0
2025-09-22	0	0	0	0	0	0	0	0	0	0	0	0	0	0	0	0	0	0	0	0	0	0	0	0	0	0	0	0	0	0	0	0	0	0	0	0	0	0	55921036	0	0	0	0	0	0	0	0	0	0	0	0	0	0	0	0	0	0	0	0	0	0	0	0	0	0	0	0	0	0	0	0	0	0	0	0	8125182056	0	0	0	0	0	0	0	0	0	0	21519106	0	0	0	0	12289352	0	0	0	0	0	0	0	0	0	0	0	0	0	0	0	0	0	0	0	0	0	0	27618085	0	10259244	0	0	0	0	17521999694	0	0	0	0	1053499243	0	0	0	0	0	0	0	0	0	0	0	0	0	0	0	0	0	0	0	0	0	0	0	0	0	0	0	0	0	0	0	0	0	0	0	0	0	0	0	0	0	0	0
2025-09-29	0	0	0	0	0	0	0	0	0	0	0	0	0	0	0	0	0	0	0	0	0	0	0	0	0	0	0	0	0	0	0	0	0	0	0	0	0	0	0	0	0	0	0	0	0	0	0	0	0	0	0	0	0	0	0	0	0	0	0	0	0	0	0	0	0	0	0	0	0	0	0	0	0	0	0	0	0	0	0	0	0	0	0	0	0	0	8469995	0	0	0	0	0	0	0	0	0	0	0	0	0	0	0	0	0	0	0	0	0	0	0	0	0	0	0	0	0	0	0	0	0	0	0	0	0	0	0	0	0	0	0	0	0	0	0	0	0	0	0	0	0	0	0	0	0	0	0	0	0	0	0	0	0	0	0	0	0	0	0	0	0	0	0	0	0	0	0	0	0	0	0
2025-10-06	20479196	15007834	28299256	23588400	8494592	25959408	6486057	7336350	29248952	30160142	18751744	15041052	13005680	17018116	10939315	29360292	4296181	31808771	10860623	23398018	27441978	12653564	17898725	0	10947636	4114568	18329324	18475798	10308046	7995046	10655792	0	13045571	10597487	11243308	4114568	26232572	4114568	10028239	6309194	16892912	10428495	10817332	0	5492279	10195610	16738936	4457484	4380024	4512752	21589027	4114568	7059750	8861733	15118464	3981840	0	8760048	2676522	7282717	2193535	6897578	0	10076456	4114568	8740117	15889478	8516657	18224789	4114568	0	21658800	12921638	18380846	21837980	4798964	4247296	12928273	11200688	31617620	27196726	27450580	18092370	0	0	31901420	27603024	2404035	8229136	26588014	22072156	12289352	13275118	21387553	18074697	8229136	12758151	12107401	15434007	4048204	8840073	16741208	4048204	27457336	20375753	4180932	8892776	6765421	13485948	40169244	4114568	5632798	20711593	4446388	9622780	13632430	10259244	17459219	34150884	18003478	9237736	36795236	43689828	44682618	13426825	49322255	36200958	4114568	5773668	20840376	4302712	22194417	35238604	5467600	10057148	47272142	35368188	13272737	20185043	9357324	8229136	18232283	4114568	13421921	7926810	13779352	18240496	0	32260100	0	0	10620391	9043186	17802434	0	4114568	14194176	24810080	16039079	26315758	15624100	4180932	13988482	4939098	40008094	30898612	2675294	4313660	10853141	17650314
2025-10-13	28774696	18126942	32612088	27817104	17292236	26092136	7994814	15499122	30244412	61729371	28032948	41847744	20969360	10827548	24389717	90100666	25298611	40170635	15682122	27645314	26064693	17365408	23463030	17394854	35295952	11827730	11553766	22457638	18845890	32479730	34157388	23545284	27323921	25554245	22743566	68998339	82897440	27966916	32082912	8636548	12896118	37580718	13591081	29266524	19479150	17284335	12764700	26324528	35757636	100182432	44194241	19422254	15355250	19152431	20734348	52320497	58876331	19972469	9334884	7282717	16660887	21232202	25699314	23609276	21688603	21063890	41989612	29885696	103733105	43686023	26997878	26062960	11404937	29894009	28542856	28134240	41071960	25471069	24060476	90909028	38439167	22153518	52618010	19107880	8229136	24179846	16094428	19725039	9490815	38289285	4180932	20850308	15599017	73272872	48559462	52865557	34159885	23522009	35314402	22139744	35147539	20988504	35238300	35487380	34977838	8979655	52023681	16380787	26964868	52157458	60604660	22887438	68372995	35820304	26500558	36450902	20584852	17459219	68368132	17496331	42313288	82151428	91759680	85334682	44925955	66799601	55529171	40540280	17284940	27145996	17033652	31580582	49075158	6820632	12319528	40038466	35368188	39154634	40569178	84379120	57751380	4114568	44656668	35952103	24871748	29308528	33300322	27948388	22570956	71046020	49467080	4915238	20201179	27243004	9075834	35752974	14127812	41855572	60726397	18086622	34329504	23088970	34388251	19885079	37950810	26717680	20635042	11092537	17035178	52024356
2025-10-20	4247296	6778698	12092344	0	6522470	17531180	6154237	4114568	4441995	0	4180932	4180932	0	6352228	6758383	15875214	4247296	0	4821499	9635410	4114568	6393146	4247296	0	11014000	0	0	4180932	6193478	0	4778208	13908568	4683707	5752915	4114568	0	21587092	4180932	2190012	2194626	0	10428495	0	0	4114568	7155089	0	9102964	0	13909784	0	0	0	4247296	0	22827043	0	0	2676522	3168149	2193535	6897578	5508212	2980944	9013079	4293729	11642182	8981205	4247296	16243229	0	4114568	0	0	6771240	0	20071432	13061001	0	20587018	4247296	4048204	17561458	2232604	18547000	0	2430871	0	0	4247296	15747922	0	4114568	0	0	4114568	8643583	4711844	4114568	40563104	0	4114568	4114568	0	4114568	4247296	13160295	4247296	4114568	4114568	20378524	7063695	4114568	0	4711844	0	0	4114568	15018158	6944455	13750488	4114568	0	20275200	13493189	4048204	15744557	0	2247360	6239256	8550008	4645480	4114568	4180932	4180932	0	13569526	0	16070475	0	4446388	16042271	4313660	9174625	7196806	4313660	0	4579116	18058204	0	4114568	2457619	2464309	4114568	4247296	13529645	6831632	0	16039079	4180932	11443168	0	8229136	4114568	17880399	0	6856226	0	2246191	4114568
2025-10-27	307452124	51802200	47468472	50410044	80334566	30411338	29196064	16096398	35155348	65992110	21956728	46692316	24397016	10827548	28350067	69805436	29661156	45353832	23002380	50487160	52527570	25483776	26003131	28477642	37488388	15743206	49466900	35577831	29220300	28197436	37011040	37785672	31211260	23915898	35778702	49256501	48682396	19472324	26891970	17728416	29988122	32072506	18978773	29003090	26349140	28246618	22048056	17475924	76492572	44344204	57267949	40282118	50654000	30699767	19473432	67348772	67769107	39675559	9533976	20021677	20978070	16578166	6777351	16845584	57421524	43143171	50417840	12808083	67814439	60277023	35492470	61772836	23397479	42702261	30266208	22074360	68576160	41041195	35216680	24104310	31709478	35679716	39237484	25834416	132518480	68823154	22381838	15573969	14667207	31034402	52751978	21420408	31662582	111999774	71014183	70186561	47730667	15027417	24592239	129254808	47159423	35730052	61782916	40787820	46328087	33085483	70957644	24543559	41379912	49526568	65918556	19959280	37175890	27591168	28281725	40631834	31847138	62005924	38862728	49654175	35132836	21170116	28846316	78717052	40545931	105613971	80232868	33341817	22328604	22965064	30615548	58913868	80132830	28267096	18328472	84987868	71466380	61320084	60754221	63383886	66909612	93484155	28068820	39303881	35062310	72106592	38410350	48227162	45805552	72771484	71970951	22705092	38287551	59313698	20831393	50999472	11145292	65471100	61190945	117177802	70422276	31348437	25230019	24066011	82206200	50230212	16454110	13358662	22191200	84471332
2025-11-03	73554920	117512756	73933612	53927336	66466818	82523704	49565716	40401896	38473548	95754068	56729536	121670544	33175344	40454824	39334256	132640588	48225597	60205758	43439637	70260418	146450845	48180748	56091004	52707988	87713816	22236103	71711700	43209691	52910762	63398090	60890748	57349116	53187834	73937706	52757106	130581227	174090380	80789966	72925872	37461594	85659112	106646013	38675342	175483786	45000056	39993046	58165280	70091692	136792328	120423452	203276927	62646786	76087444	73415696	38428480	219780184	155053051	60173578	38003176	34838172	51453238	35947898	44355241	47666792	110807269	64651678	52446642	61496856	181476833	101988077	132850965	107238220	24307233	55341630	61797556	59785772	145875508	56557664	31382396	152551532	95128434	125289248	80134068	56171680	118882416	180478124	43651830	49545697	48624471	88590454	66223870	75277648	52968903	86394599	95459824	123383938	116267104	61155376	64286665	169618820	74329621	59580948	146327700	91538920	96440927	45561915	146361676	41982463	78630372	153974212	126518440	55256786	161976360	73205804	82044828	71812170	66395606	105413467	147155412	92871042	59196024	140197934	172524960	199276484	105776797	205023906	166985697	67382487	61314572	67765964	46267332	145663093	119254068	35154092	39275320	92553364	165723058	105717474	190104002	117742268	74276016	190551966	37691600	98532563	38144548	76951164	69658190	156901606	183295768	183180491	95349568	52905014	64426126	108075520	46498227	104985324	47887788	74629332	74065561	199478890	122139148	76036038	74443463	36745576	146437154	70690000	47379734	51168523	43055120	153880546
2025-11-10	92933208	67682336	104782892	54458248	48596104	77546404	35213477	46623838	59909120	88520392	51363808	75314412	38220672	46740688	44367175	130172966	55357951	67386680	49080577	47513410	117548859	43601632	43559765	25004761	59649116	42425697	59168904	71533967	31166482	61075350	69310236	58875488	34823053	42099634	87778012	66958372	128128908	63070778	62153079	40230426	25254776	98672986	30352764	95176086	15515875	48094703	33544236	38391680	73014742	90188124	96397799	51276559	42415730	54630406	70963092	103007736	199793850	56255007	39330934	68066285	31198126	27988496	32302242	43236712	81208925	51246150	89553800	43600810	121957894	124355305	137152355	57435040	43807750	64234406	48053872	44613268	147895932	74769643	42103708	147176048	102428474	93712042	106165116	19506064	99406320	111276450	1087707487	37570315	36988141	94539264	84712370	46159016	41154952	129785326	129684662	98616895	69049774	24464142	73188195	211376476	83448811	63115720	102960302	78208436	51305387	40431372	60385545	32643674	62895904	105864130	102953616	30672995	73217567	67658768	1254379971	54701002	1055953424	97388910	102718108	49279756	82529208	94841742	119544172	139375744	77994051	165353197	69996523	44256664	20328668	61392940	53423696	85421945	119685094	28134368	36282936	133255470	61448412	87732893	147058582	148094826	94256480	104566943	176961268	68835069	42679418	94314172	54598364	96520688	150630288	86177012	90632185	53044195	27111876	121962478	40317244	73222801	36008632	135843080	126562822	126438012	87013276	40802456	76382341	50933391	119730343	63987236	48192674	24404333	24825390	83741328
2025-11-17	26239224	33476166	68719048	34273004	20344980	44220592	24585814	13186400	22285125	52372047	28762952	21013812	14796676	24129280	31546284	70202588	35169368	45154740	20636349	8229136	57687603	17542540	38932554	24872033	41733260	19474528	41569584	63570287	16501524	24516050	49259568	34614136	32566677	39669024	27057226	37726482	56646076	47970152	27548335	31683312	25932542	29086126	29903086	57941838	12228713	26243475	25248736	43866816	38478560	67053744	66712364	23116240	49210024	26386107	42211228	85078471	85492116	35353442	26722252	28914453	18065100	16644530	14234788	28061100	40179309	42857784	49450862	21346974	57420602	31690090	55959629	40222628	15433799	46517200	33918340	35985948	44124704	46735792	26633844	64349250	46867395	50955494	84845912	28929752	22661568	52606988	21850926	16952682	18582683	34883514	76151414	12621172	21769710	51070606	52873122	77300780	47465211	34264919	38802889	80661660	43589428	52621468	40115562	46486444	42080791	40431372	82790659	20495355	39780148	33954698	69966760	15844712	51045966	44541528	30349670	17652824	27845704	26152903	68301768	38263332	29890080	37842270	71739776	82031016	36497727	103169069	51879151	33544971	26708628	35507860	33923628	62667775	43932288	15315224	22642132	53908542	94225408	31124590	72511036	36017708	135748680	47149170	56665400	53289500	33130378	44216068	43112590	28906094	66651044	68656916	63144539	20583595	33765958	36135780	14236192	59029516	25737652	49421068	95724571	35540354	46938664	46238602	37905543	21397370	75636164	60887804	14330462	19587129	20343193	93029778
2025-11-24	10140052	36927094	55963064	19407468	24648670	57294300	15954398	19169178	35350047	47711124	27179972	33333940	6237384	8826412	26624603	61616292	17184724	59423000	25633867	32688978	49392103	23559462	34335169	20550887	32975636	18305689	44164210	24468437	18912254	28661984	34725852	59179436	4683707	37325531	57706614	90084774	38576276	25027554	37797491	17330232	25585768	48084924	16815839	70022108	19630443	41350021	17336212	26578888	67533432	76079248	38930758	12896599	32353568	36044208	15425228	72193344	114699918	21625379	28668292	10716322	38903396	19626632	34019483	20219276	30515015	29604915	30944706	42583285	58722571	65769284	77609070	31064396	16524636	47147821	19513128	26806960	68775252	48713177	30018408	48009528	51247419	30382654	66463084	25786872	91973552	45240584	22647294	14032666	29422645	45942352	37421894	16337556	16397703	70599967	40662146	87454472	47847132	31506784	44273542	58083200	57340437	44242124	88725716	42239148	66770204	35653164	52090045	25863425	25962380	52157458	85031388	36513027	42744441	49690380	26566922	68189960	33213606	48196725	53416338	36736960	40256004	110518436	67558844	53544330	27185470	127215210	95645605	29227249	21532236	10353824	39387372	34737213	39419536	21313736	25494956	87177880	58857220	30660042	114672950	98339770	62463224	65115997	78164184	48760355	21590418	26786696	49488336	48094434	57220160	32527495	40036917	15801085	15622063	89343990	25028359	41252575	21025808	106852068	48669158	108285026	47403212	26340806	26398550	24824177	87979868	77279712	24177230	13292298	32334707	75315610
2025-12-01	20479196	41372654	43989352	35581692	11802822	39370478	24749676	36526492	30642596	33942890	39921860	23113884	29130468	26375440	20474241	65225288	30209547	67917592	37625533	33709698	30776537	28072214	13442066	20550887	11213092	19739984	49400536	57106373	18912254	29727440	26023428	46545720	14051121	25110450	26421378	61649252	82432892	34119422	44625708	21785848	22120714	45828548	20864043	66834614	19678242	28113890	25440224	25505968	49362256	49892124	119488288	21922103	25426546	22271539	27901660	100177279	108723337	21625379	21634186	13884471	19057037	40062466	18349356	27314788	57964861	38391465	21160716	25417243	86769232	71327909	31245174	47721760	19482003	33809485	220255468	73271440	135330564	83248786	22390216	59967020	111850576	151698936	125988566	13624392	166071940	127169842	53908831	65457387	51455716	75682469	118531284	35068616	41872113	93490363	69742449	161809348	69532331	108587044	85304209	99520620	59753103	79233712	126918550	119380388	114588364	82156919	135044131	40243984	14911592	97546688	86151032	46754934	94751487	80235440	77407230	71897316	44519176	100416890	36246638	52659021	73590644	114548686	144236128	107250924	84606604	90177758	60053687	48337598	23823076	55755180	63493840	84823423	53764914	6537704	28899184	118339000	144026726	91879200	114325831	73062070	49701660	101945016	89913800	53341309	32698446	84462140	48644864	21224978	71439860	111781024	86424310	39418504	38300733	73879000	15360401	59934352	24335084	108132776	73415485	95331588	76009420	52961468	79257283	54769051	96902874	56797408	26903426	28376760	57984559	70283366
2025-12-08	16630084	38605334	40524328	48020940	8930372	30477702	9866525	15698214	22692095	3388089324	29217744	46469648	23158540	26640896	20673333	50187466	8410749	63278917	24817281	26690958	58351243	13184476	21424015	23441464	15858572	11179028	22709348	38232391	23159550	27834250	18325204	23332256	26963964	29556838	25625010	65697456	39457800	25492102	23565667	20847524	21125254	56257043	27871549	94910630	26017320	14310178	25389068	30571824	76453110	59753704	39793490	26456838	40914524	32230417	33264616	10398640675	126645438	21691743	13582180	10450866	14809741	21223646	24181165	14987392	40046581	22105783	43648712	16922651	53903310	43619659	26997878	54116840	19813823	52256695	40225032	27557720	7051737104	34019318	22718368	60101954	16087013	75606728	65666716	19790340	101295956	61523114	2180652150	25226611	29909060	23800726	56687108	28771648	18122008	51269698	24379277	54046838	55893439	12903769	35712586	49057696	48102180	25368528	48344698	23077312	38231679	32447177	83321571	19706401	30415796	64899346	32324044	14753777	50382326	44115804	35812840	40764562	16470284	35781170	62176386	16102687	36473256	78169588	87246928	9621934186	51583652	87472985	91265581	44323028	28491440	28539640	33735484	67474824	31588584	23687980	21387220	62280893	46017698	66562840	56440561	62255698	42084576	60802337	56466308	31638443	23684572	35854204	36547356	32423386	40230976	114134526	50601743	28012061	22267304	76717948	27293866	50866744	23278324	94452056	56545465	36469450	16155012	28458752	22217618	17415530	101878427	39592296	9531520	18667782	19699923	65427374
2025-12-15	5404380544	4679140062	6313214580	5148339852	1489171590	7024529804	1800309499	3463501878	51087101	53402985	3427011964	75314412	939330700	3822598116	7269684232	22000541308	39283936	7406818234	7631860271	3784413390	11894239129	1128966240	49882614	1944002551	5726828244	40302049	56308822	5715444363	27605938	48469822	10129540744	9013888884	7882357810	5948216159	50577874	10833657083	17083622600	44226096	5581411902	34935148	7258838792	73113499	1738004700	14749738180	1920450536	45742268	3864042884	7685342544	72178912	78136532	11891180065	9309926139	8029942860	10207334083	3856987656	92794022	15718353217	3957269660	7486028616	3867450724	3669986552	4056907266	7801820905	35162048	49246327	3980829782	31778956	8256605416	134699782	19959613	10139420327	69072876	2017992801	8596423623	6134436908	8161831644	77867120	7984462662	50908240	4261705870	77979597	12347645188	98185076	2268098700	16662741608	122050768	2201573980	4241316266	30528203	8739491550	10852350794	8550341336	4035378165	16944319800	15571506182	13552278662	64504496	7781642307	109099873	139633424	59702219	33340948	12120840058	12943955048	10276048230	8093272475	11896912216	45304370	49085164	14801924828	14633882704	33829356	93199156	8493270156	92010089	8457947166	4341796000	51973986	100840022	6306533812	81626228	14688642510	44043672	86198534	8339132275	23221890602	29029447046	6340972126	2087365776	8018048444	7911352492	32149017	100506578	30044064	3918153464	15602619014	89251932	73796516	113544762	16179805262	14571309280	28561510638	88251512	81062438	4168534168	50611372	6279228782	4524953936	16727590056	132110035	8339351006	2025769009	4118786868	12374020838	32619020	8327599280	4275743700	135139484	14837206530	17028617340	10802048524	23119301	2459504257	5042484616	17730680414	75269116	2051297186	2163787391	16361353	17741620160
2025-12-22	0	0	0	0	0	0	0	0	1300234240	0	0	0	0	0	0	0	0	0	0	0	0	0	0	0	0	0	0	0	0	0	0	0	0	0	0	0	0	0	0	0	0	0	0	0	0	0	0	0	0	0	0	0	0	0	0	0	0	0	0	0	0	0	0	0	0	0	0	0	0	4075044397	0	0	0	0	0	0	0	0	0	0	0	0	7141731246	0	0	0	0	0	0	0	0	0	0	0	6726615040	0	0	0	0	0	0	0	0	0	0	0	5747273575	1677721600	0	0	0	0	0	0	0	0	0	0	7460618240	0	0	0	0	0	0	0	0	3843031040	0	0	0	0	0	949822792	0	0	0	0	0	0	0	0	0	0	0	0	0	0	0	0	0	0	0	0	0	0	0	0	0	0	0	0	0	0	0	0	0	0	0	0
2025-12-29	0	0	4180932	2230454164	4114568	8765590	6286965	2445450	0	8841855	4901180	12519220	6237384	1169293888	0	19989782	4579116	0	0	0	17835557	4645480	8512861	1022398946	11744004	0	18395688	0	2078910	0	4645480	0	0	0	5621654	0	4512752	0	10028239	7105562	12711980	14675791	5361945	4048204	2489966	7155089	0	4457484	4114568	0	17607187	4667463	11240682	8795369	947687588	20275200	0	4446388	0	7962024	0	0	4910936	3981840	13127647	8408297	15624022	8583021	0	15845045	4114568	8983276	0	11247707	4114568	4798964	5343368	4313660	2971552	0	15556101	13725290	13380526	0	8357150720	0	4446388	341753179	4380024	9179439	15482466	4087392	2456627	0	4247296	6292431374	4910936	2683713	11319439	22206108	0	5043664	17486422	0	15663909	0	0	0	4652508	0	19913976	6864603	16530661	13311624	4247296	9252406	7518726	0	15018158	6944455	4579116	0	23935380	4397674	4287568701	24919852	7591690240	0	6295564	0	4579116	18013485	13504734	1353032	0	0	0	0	0	18008854	7419343368	0	20436960	13421921	7196806	0	0	4180932	18058204	20250155	9231071	0	1006632960	4311654790	6528837	7167312	0	5043664	4180932	8406694622	0	4114568	4114568	2469549	4114568	11235192	2675294	4313660	4114568	21831246
2026-01-05	62831232	39923044	66500844	30320344	758762884	38701296	22210229	30885552	34827921	80194006	41703932	42534960	29661380	27712936	33051166	95926046	26294071	30467881	27647860	2302734968	5998152394	28868582	30998700	36058110	44321456	29551081	74571782	37787722	24840276	28896074	44775628	29423808	39943171	31373524	34650514	53304705	99971780	43789220	26169241	23515926	1846118094	54323140	29942372	58340022	960975548	28686720	30284796	38281144	67467068	82556264	43841694	36300693	37131776	40494874	33198252	74158422	112373357	1476575081	23846160	34656403	36849635	19493904	24712077	16237436	3115713219	29604915	60192430	43246925	6911596132	39305999	47531401	61507380	1110434102	54082696	53037508	41427796	68310704	48129436	31846944	73042934	77210154	54714126	101652364	10594468	82881684	52763066	23750885	28152439	29179056	56871205	6437939874	24711432	13941076	86412944	93070720	78030784	55893439	34655045	50814773	66618324	39328471	2487199140	63409326	50410600	34778746	26938965	42778862	21616129	50398388	72772992	128779592	30083861	26147416	59894180	23779634	27331224	30777732	5959770526	83100940	50360414	50157380	70191118	63245184	98027856	54968216	100781206	60307379	55835151	29447584	54024456	30151828	40738814	30825738	13707628	24934692	7691215849	93065950	56475575	65466065	67830274	119683692	49140090	85530588	44977607	24546476	5144584604	40529196	104455758	75012908	53706746	40096806	23638490	24780295	31141598	19918331	64653234	31116996	45107408	75193749	90198404	63491860	53773767	48682532	18998226	119758826	90990048	31630732	13975436	1029211911	9736677260
2026-01-12	0	0	60258760	0	0	0	1162485600	3338217558	4879084635	6183025636	0	0	887570692	5680348820	0	0	0	3348991280	0	0	0	1956802934	0	0	0	0	0	0	0	0	0	7726397524	0	12958413675	0	0	0	8964843354	0	0	0	0	0	0	0	6812173989	0	0	0	0	0	3831765063	0	4263880105	4504260176	0	14537854360	0	0	0	3616608510	0	0	0	0	0	0	0	0	14487386344	0	10660273304	0	14584878255	0	0	13086463968	5107957276	0	6204410200	4721445156	0	1312497464	0	0	0	0	0	4569189229	0	0	0	0	0	5180920784	0	7228349304	4313476565	0	0	0	0	0	11625015968	0	0	5214302124	4051034853	0	0	0	0	0	5737568416	0	0	0	0	2969115312	0	4766720264	0	0	17137698076	0	0	11168792176	10485760	0	0	0	0	20971520	10485760	0	2433306720	3094705968	0	0	0	0	0	0	0	0	0	0	0	0	0	0	0	0	0	3531986052	0	0	0	0	0	0	0	61121244	4324580698	0	0	0	0	0	0
2026-01-19	19032828	2198577192	17136008	27883468	17860744	30942250	6353329	18628248	9021111	30042857	18230588	16942032	25148628	17445232	9601290	57634452	21184043	26957394	9377542	18806272	26263785	13449932	17556634	11119713	2730340336	915081385	23837536	22590366	11038050	3358883192	5377853056	27115004	1505977070	9867483	4780718078	32483726	69406756	15822304	30881085	17140368	30069440	43629189	681929692	62122770	5492279	8627320	21524748	17144104	5792574954	2378448292	27960219	18360430	8295500	4680801	9091868	10847343	64119087	4114568	9467612	1792233574	11152675	15259442	11704733	14655572	21688603	17593031	8229136	1999527642	72526283	39305999	42952285	26949828	12656182	27472714	2722376520	4451316944	29495120	12928273	13029224	4380024	22231940	35679716	44256146	17159552	19036902340	60925838	2150380423	22527258	19600010	36430265	16420183746	20584852	12542796	60645367	45108534	57311945	30427238	4247296	4671945126	80728024	4523172010	26695808	12475604	31704632	6557448906	14620595	38266110	6765421	9364352	44947452	24758548	2134580397	7340084252	13073708	22120534	31246700	17446150	17459219	38464544	22781686	9025504	57980142	9314451344	44682618	36497727	91111198	48013750	31120654	2055272648	3978351920	12719992	26176257	5294975556	9648532	9725328	44750310	17684094	21501873	36255518	40596824	41420936	20754115	57528132	49042204	9246714	35854204	32034604	27948388	64195576	28943839	17725663	11553789	4073725216	32336398	22332600	22820605	13862356	20562784	36192726	44667836	36623684	18775310	18567598	9053666	8189794465	20459788	8025882	13425026	8959140	61578262
2026-01-26	805290684	30224330	2627257248	33657136	22904408	2656767320	16555770	816010680	35150955	35203806	1521580888	2907981448	446172968	14875752	12046013	50837920	1748927488	54379336	1562930346	28109862	45609355	26325032	2318981862	20492009	48635116	19806348	3080237360	2953468793	692488304	11875524	25890700	31826848	13642847	2056739065	31379392	5567965060	5498696716	4171882750	2899001901	12883844	25239822	4280576373	9609241	91526066	12378202	1235146396	1797467300	1949399540	26439774	45843920	4706752934	18116957	3275944672	14206174	28619136	56501429	99498741	22554475	1832507032	17866311	791147119	1792118008	18614812	14589208	30369862	1466465924	2071577452	21479702	43019614	23460954	26997878	48717220	17102570	31587282	31199528	18644188	44589252	3293232734	16081968	0	5403378301	63474174	30875620	1054676412	22661568	20065278	641268870	830063630	17985407	3359392020	28489810	2248073736	897728854	29682225	70682363	94834147	3458967306	20004717	73918199	8576064064	39262107	40176440	4919179310	36673252	5113140427	3982722199	51890953	9482638	23454604	6483994698	4561890516	932788441	83111828	3474740736	20517137	13140072	2209770922	70434152	43043660	33907073	50157380	78700500	71474320	65059482	31100946	7769387941	48478298	11047575	10856648	29865880	2185506544	3998544655	27009468	11333384	1054399448	35581591	4382838358	4194803686	3550691025	7567075924	69170888	56488677	56399944	3585122413	1813822016	26255784	2104768834	51782208	7448468848	6209589415	28217650	969208753	6578877	85826698	22398964	3494195706	4313660	7247986656	6362537774	93184784	32641844	3792623119	43664889	4247296	44587210	4875491192	22671592	1251469904	24457761	65560102
2026-02-02	100277058	24583390	28512444	13102888	15585570	17531180	794957726	8229136	18639498	26045574	4114568	29328524	2056452	8295500	1522714165	8405822881	21135158	2821740588	8760048	9834502	18499197	4424428	4398293	9032990	6766704	0	18329324	11792913	6326206	11875524	35455856	29158352	13548346	20000422	101197490	16507319	979001467	15357756	25232870	1183814451	43144224	25237014	8494592	5174839428	2489966	50659852	74977064	13294992	4048204	4624232344	39196214	21944086	23584386	4680801	24570932	24456132	6309375281	17643539	141322154	19675462	10555399	34238886	1064654923	1521730660	31153805	8474661	14789772	12520562	26453925	12004146	3266407279	2825229844	13234116	29562189	9290960	112630350	20934164	22020141	1411379280	4114568	31311294	4509117396	8295500	8579776	41341296	6098039670	15521749	8229136	1438009061	17408575	20127946	20464136	8627320	5863500218	49488558	36526742	30161782	1346848407	38205613	45208584	21861078	13073708	34972844	27457336	42213519	9112383	39480885	11145445	1623521684	24531010	46203672	17246498	41489550	31838464	1980425409	3130585272	10259244	17591947	34150884	2268128094	2941745888	5694991068	59064252	69306778	17674121	44864060	8693684	3177979194	633260168	18715688	8494592	31514218	13504734	8306392	9725328	22308791	21798662	9821872	32860567	58804770	41620028	3894144109	6124012136	32152962	23087296	4114568	28062368	33058416	44743728	29076567	3058914837	6572187	9242278	0	596411122	8892776	844103680	32630976	40572750	22466646	3918964132	9882534	18235778	15211437	30290467	26584952	620704750	4114568	10220056	8361864
2026-02-09	12273752	17671964	111583869	25712048	8361864	21380292	10034483	13650948	4441995	13022787	13727592	17098336	6171020	12969912	2643815	26348572	12724409	36925604	15837923	19071728	23476497	6459510	12911154	4114568	17647976	8229136	15601970	17520096	11967146	7760956	34410880	24977420	13111935	15885854	26601184	24254590	38823608	25226646	27430157	4180932	21324346	24971558	11387530	24954886	18101439	15981501	12889824	8892776	39739476	33261416	31232534	13449494	34916598	9259202	15292500	38784414	62990899	8624225	14887020	7415445	16996230	10277864	5060110	2980944	22804366	12768390	7394886	8383929	40895966	35191431	38704989	23076580	10807661	4180932	10885808	13911588	29030572	34736615	17475612	40311304	15688829	31565148	26761052	12675524	55641000	36480536	15521749	13169934	7278173	18005851	11036078	8560956	13606938	17272985	18074697	12476432	8643583	8361864	15500371	36183080	32360251	11025164	26743708	0	37767131	13027859	47776385	11676357	4652508	45279272	39031584	9880094	4114568	27591168	11093449	40631834	10391972	35250258	0	15173591	22789132	24569470	23802652	65537444	40479567	42343469	35670046	59797703	12002868	10353824	17431836	17814393	31787676	11267020	9592600	35990262	21798662	38955542	32140950	27167086	37107276	28518703	16056936	13206436	7196806	13140072	19506214	27948388	45540096	20250155	22238415	11487425	13555938	17736070	15222521	27125654	7030724	526246242	24334579	44667836	4180932	13997102	19537037	9451850	39875366	34017720	8025882	13358662	21747022	30923114
2026-02-16	10140052	0	16140548	13102888	6655198	8765590	8959140	11006406	8883990	4844572	0	16809304	4112904	8361864	7222931	4711844	4296181	9231401	4114568	0	17835557	9091868	4398293	10787893	0	7646798	18329324	15708389	2078910	7760956	6541224	4114568	0	15620398	15110878	0	21786184	0	14408263	4389252	4298706	0	6742050	4380024	0	4380024	12749492	0	17812454	18289808	4579116	4048204	8428228	0	13393000	6732775	18253921	4180932	4380024	11397285	8959140	4114568	4844572	7095512	4512752	4313660	7394886	4512752	4114568	8229136	0	0	0	11247707	10885808	26499992	8760048	0	7100948	4048204	4180932	22701554	18519094	4465208	37094000	0	4907039	4808070	7278173	9179439	15217010	4599392	2456627	43438746	4114568	4579116	9360383	10211998	8627320	18091540	13618281	0	13371854	8693684	26549610	4798723	0	2650853	4652508	31940108	39031584	4380024	8428228	9197056	16178857	13433338	0	13344651	0	11523571	9237736	20786722	0	4048204	0	8771855	15744557	11047575	8229136	16593080	12598212	31580582	17951122	1353032	5743488	0	31253620	13272737	16070475	4380024	32793616	4114568	4180932	4380024	7196806	0	16387106	16164206	0	16135587	22709438	2457619	4247296	27243004	8943106	0	0	16315488	16039079	18086622	11443168	9454019	6994241	0	0	15150668	8826412	0	4114568	4579116
2026-02-23	2708578340	4639803164	8423412	23563388	1436007100	21772934	21648183	0	21426786	17668267	3380898740	6897372528	904626956	1905866568	6758383	28576078	8592362	18462802	13859966	20278910	4114568	1944923282	21888563	9959055	5686618932	7064460	6004965110	26771298	14887162	24980598	10105802504	19961628	3921065982	5891537198	9148011772	10787984238	34945048	8964292848	5541571677	16137868	17143414	14410335	14675737	49380882	1904137349	10195610	4254900	24156496	11941703604	4313660	11850830753	13095691	7993209268	31664184	3814033896	19472496960	15644084259	8756953	11303842	7614537	45274431	433262098	11091011	7095512	35799285	54761310	5760308596	29000132	81128292	51301932	10072549955	7880433996	18904069	22561778	6083129088	4252560320	14303407504	25922910	4421572852	35732188	15622465	35812444	9713011946	2251621608	26842500	31901420	2208523265	2113014662	18051771	22937994	10769277870	8525109560	2017788049	16906142155	15491708262	20453383	13803712	4645480	26952538	15603971248	26042010	23054528	14101858	28444116	10217108978	8072924061	11797775790	4058987412	23713032	15970054	9357324	11178263	35577129	8456305408	55655675	22685744	4357868960	8428228	16663394276	22383502	8298237984	41241624	18677044264	64940168	8308076396	63679665	43965546	6299799357	46977280	31051484	3952800360	73827938	17619302	8970032	38230716	53985393	33080542	25682805	24432339	44711392	49185524	24735955	56599036	17735581	4151648218	12486829256	22885976	9987732402	12874616	8494592	8328341057	8428228	56478141	36401236	14957065	13272800	2650700	29322832	14815770958	54259866	31314564	8725769533	0	0	17619804966	10573161832	2043569462	2465217	48819504	21897610
2026-03-02	0	0	0	0	2407902	4114568	0	2445450	8556563	0	4844572	0	4114568	0	2643815	4910936	4296181	9231401	0	4645480	4247296	4446388	0	2426029	11080364	0	11221946	11726549	4844572	0	6541224	0	4683707	0	0	0	0	0	0	0	0	0	0	0	0	0	0	8505688	0	0	0	0	0	0	9809344	0	0	0	0	4247296	0	6963942	0	0	0	0	7394886	0	0	0	0	0	0	0	0	0	0	0	2971552	15808810	4180932	0	0	0	23126116	0	0	0	4313660	0	0	5110028	0	0	18074697	20851567	0	4579116	0	0	0	0	0	9481372	0	4778208	0	0	0	15970054	0	0	16530661	0	16203477	0	0	0	0	0	0	0	0	25252500	0	28980691	0	0	2247360	0	0	0	0	1353032	0	0	0	0	0	0	0	0	0	0	0	0	4180932	0	17785552	0	9231071	0	2464309	13621502	0	0	0	0	0	0	6901856	0	0	0	0	0	0	0	0	0
2026-03-09	0	0	0	0	0	0	0	0	0	0	0	0	0	0	0	0	0	0	0	0	0	0	0	0	0	1766115	0	0	0	0	0	0	0	0	0	0	0	0	0	2194626	0	0	0	4380024	0	0	0	0	0	0	0	0	0	0	0	0	0	0	0	0	0	0	0	0	4114568	0	0	0	0	0	0	0	0	0	0	0	0	19378288	0	0	0	13725290	0	0	0	0	0	0	0	0	0	0	0	17785552	0	0	0	0	0	0	0	26412872	0	0	0	0	0	0	0	0	4048204	0	0	0	0	0	3072338	0	0	0	23625584	0	4380024	0	0	0	0	0	0	0	0	0	0	0	0	0	0	0	0	0	0	0	0	0	3185472	0	0	0	0	0	0	0	0	0	0	0	0	0	0	0	0	0	0	0	0	0	0	0	0	0
2026-03-16	16231900	7441510	15529176	6551444	9527648	17531180	13768482	5421812	18838590	29399252	4901180	17406580	444360917	20493664	0	10752000	4180932	14008781	10041182	14824432	11812792	15551378	4398293	4114568	6766704	0	7107378	12522917	2078910	2123648	0	26252272	4114568	9689144	16021516	16241863	862732	4114568	12490982	6375558	4298706	10428495	8494592	16591000	1244983	7155089	12616764	19323020	4778208	13909784	17607187	18117372	15048596	13440849	5097500	53215413	0	17314814	2676522	11530013	995460	10211500	7175535	2980944	18026158	9071937	4247296	597276	22339357	32486458	4778208	13097844	20894989	29829627	8959140	9597928	4114568	8813705	8015216	12808252	1592736	995460	30875620	9309780	4114568	597276	2430871	24171427	6327210	9179439	41516808	4087392	2456627	4778208	41989426	41902226	31040777	6798281	1194552	18091540	5972760	11945520	8560956	8693684	16062093	14242926	44325457	16856456	8966168	20084622	0	5632798	37175890	13444352	663640	13897886	7186906	18122859	34150884	0	47144720	21516726	23802652	36768772	1327280	50993162	16540925	0	9206564	12478512	8605424	45479499	4579116	6131240	3390568	11016424	36031828	5507384	16866843	22853426	8295500	22612307	32113872	4247296	11444102	15130992	0	5176392	40363704	4180932	18462142	2252800	0	0	4828538	19104221	3447068	36811908	16039079	0	4247296	4941267	13988482	4939098	45184486	15947036	11568070	8106157	4492382	0
2026-03-23	0	17671964	0	7281448	0	0	1973305	0	0	0	0	1858192	0	0	0	0	4296181	9231401	0	0	0	0	0	0	6766704	4048204	4446388	0	2078910	0	4313660	7551560	4683707	4114568	0	597276	0	5621594	0	0	0	10428495	0	0	5625007	0	4778208	0	13697886	4247296	13359891	0	4114568	0	0	1326452	0	5040569	0	0	0	0	3193695	7825516	0	4293729	7394886	0	18224789	0	0	0	0	0	0	0	0	0	0	15808810	0	0	0	6413536	0	0	0	0	3163605	9179439	0	0	2456627	0	36149394	0	8643583	0	597276	0	8840073	1194552	0	0	0	0	17274863	0	0	4180932	4114568	0	0	0	0	0	0	4910936	15018158	0	0	16340334	39376168	20275200	9378621	0	0	0	0	0	0	14363465	13504734	0	597276	22109699	17684094	0	0	4114568	16396808	0	16056936	7100948	4844572	14442164	0	11916910	0	10750968	0	0	0	0	0	9415077	4380024	0	0	18086622	0	4247296	0	0	0	0	0	2465217	0	0
2026-03-30	0	0	0	0	0	0	0	0	0	0	0	0	0	0	0	0	0	0	0	0	0	0	0	0	0	0	0	0	0	0	0	0	0	0	1061824	0	0	0	0	0	0	0	0	0	0	0	0	0	0	0	0	0	0	0	0	0	0	0	0	0	0	0	0	0	0	0	0	0	0	0	0	0	0	0	0	0	0	0	0	0	0	0	0	0	0	0	0	0	0	0	0	0	0	0	0	0	0	0	0	0	0	0	0	0	0	0	0	0	0	0	0	0	0	0	0	0	0	0	0	0	0	0	0	0	0	0	0	0	0	0	52294832	0	0	0	0	0	0	0	0	0	0	0	0	0	0	0	0	0	0	0	0	0	0	0	0	0	0	0	0	0	0	0	0	0	0	0	0	0	0	0
