asset_path	bytes_sent	number_of_requests	number_of_downloads	number_of_views
sub-SLR126/sub-SLR126_ses-20220801_obj-181lv2f_behavior+image/1a65ee17-0217-46cf-84f6-48d3aeeb4735_external_file_0.avi	33940126944	959	44	12
sub-SLR097/sub-SLR097_ses-20190303_obj-1ldxqct_behavior+image/1524eb79-60b5-4186-8b09-aa90818a0f2a_external_file_0.avi	28391153940	845	46	12
sub-SLR114/sub-SLR114_ses-20210226_obj-zrx2z4_behavior+image.nwb	9060242632	508	56	25
sub-SLR119/sub-SLR119_ses-20211105_obj-1tn6zsj_behavior+image/4a00b052-c429-4c4d-9520-283ec10cd886_external_file_0.avi	24424637672	963	48	11
sub-SLR090/sub-SLR090_ses-20180725_obj-179r9gk_behavior+image.nwb	4901217080	323	69	24
sub-SLR094/sub-SLR094_ses-20190212_obj-rm9k93_behavior+image.nwb	6552230348	389	67	24
sub-SLR117/sub-SLR117_ses-20210911_obj-1otdz2t_behavior+image/aa014819-5ec4-4ceb-9ef0-db7c4f203b8a_external_file_0.avi	32733560216	960	47	11
sub-SLR097/sub-SLR097_ses-20190303_obj-8bdi75_behavior+image.nwb	6311465180	417	57	22
sub-SLR089/sub-SLR089_ses-20180726_obj-1ehh0g2_behavior+image.nwb	3949706384	291	66	23
sub-SLR097/sub-SLR097_ses-20190304_obj-1v4y2ir_behavior+image/8ac32b8a-565e-48ce-931c-8215fdfda3de_external_file_0.avi	18987318112	773	42	11
sub-SLR124/sub-SLR124_ses-20220303_obj-1len5q_behavior+image.nwb	8504552956	492	55	23
sub-SLR090/sub-SLR090_ses-20180727_obj-15qk1fc_behavior+image.nwb	6284524088	378	67	26
sub-SLR096/sub-SLR096_ses-20190302_obj-zwd5d5_behavior+image.nwb	6806820208	434	62	24
sub-SLR092/sub-SLR092_ses-20181214_obj-kyxh43_behavior+image.nwb	5613820288	363	75	27
sub-SLR112/sub-SLR112_ses-20201101_obj-1ei4aqe_behavior+image.nwb	10253435684	502	64	23
sub-SLR119/sub-SLR119_ses-20211106_obj-ua1354_behavior+image.nwb	11919097764	534	63	23
sub-SLR105/sub-SLR105_ses-20191201_obj-140gnyv_behavior+image/1013deb3-2362-4046-baa0-e4c38d389edb_external_file_0.avi	19312701788	738	32	9
sub-SLR090/sub-SLR090_ses-20180728_obj-189jdyv_behavior+image.nwb	5356701264	387	72	25
sub-SLR106/sub-SLR106_ses-20191130_obj-pmyccw_behavior+image/45dc374d-0151-4a6a-88d2-5a27543f57c7_external_file_0.avi	26966945756	1065	39	13
sub-SLR124/sub-SLR124_ses-20220301_obj-18tu5hx_behavior+image.nwb	8023632016	516	66	26
sub-SLR110/sub-SLR110_ses-20200207_obj-1f6fnud_behavior+image/8a579ffc-1d1a-462e-8ddb-b3ae3fbdf34b_external_file_0.avi	8688424664	341	52	12
sub-SLR092/sub-SLR092_ses-20181215_obj-t2j44l_behavior+image/ed3bd63c-120b-4078-899b-253b868df7a3_external_file_0.avi	20151126776	649	44	11
sub-SLR121/sub-SLR121_ses-20220113_obj-1bl2t2j_behavior+image/e738802b-13d7-4b3a-b202-9dadb26473a6_external_file_0.avi	29590928610	961	44	15
sub-SLR103/sub-SLR103_ses-20190729_obj-1ojci7r_behavior+image.nwb	9319924689	570	55	24
sub-SLR087/sub-SLR087_ses-20180712_obj-cokntb_behavior+image.nwb	5132164812	339	65	24
sub-SLR102/sub-SLR102_ses-20190731_obj-1s8oz86_behavior+image.nwb	10928233524	513	66	24
sub-SLR120/sub-SLR120_ses-20220105_obj-1azl8p1_behavior+image.nwb	8162558664	487	65	23
sub-SLR090/sub-SLR090_ses-20180725_obj-1xddw60_behavior+image.nwb	3996662436	328	63	23
sub-SLR115/sub-SLR115_ses-20210301_obj-hixgzn_behavior+image.nwb	12415584843	607	64	25
sub-SLR089/sub-SLR089_ses-20180725_obj-cet65d_behavior+image.nwb	4125518936	356	63	24
sub-SLR090/sub-SLR090_ses-20180728_obj-h1csrm_behavior+image/dbf94d62-b757-4f9a-8570-46d09843f77d_external_file_0.avi	14070655416	662	43	12
sub-SLR096/sub-SLR096_ses-20190304_obj-n6qym_behavior+image/d21998df-fe14-4239-891a-53696d851855_external_file_0.avi	16692833388	709	39	11
sub-SLR121/sub-SLR121_ses-20220113_obj-1fevyod_behavior+image/9a39bd1c-2d1a-4162-9106-8febeb756cc3_external_file_0.avi	27170343060	723	44	10
sub-SLR105/sub-SLR105_ses-20191128_obj-4wg4qu_behavior+image/663e01bb-d67d-4eaa-aad8-a44e44223aaf_external_file_0.avi	29133000896	712	43	10
sub-SLR115/sub-SLR115_ses-20210301_obj-6owkcr_behavior+image/d7f334f6-aa9a-48e0-9753-40a25bd08dbc_external_file_0.avi	28800685340	737	45	10
sub-SLR100/sub-SLR100_ses-20190429_obj-19oglxk_behavior+image/50015d0a-040d-4706-8d7b-089e8314cd41_external_file_0.avi	18475588976	662	38	11
sub-SLR096/sub-SLR096_ses-20190302_obj-1rknjv0_behavior+image/a1ae0202-6620-4472-a5ae-648fe69fce8f_external_file_0.avi	24225433356	602	45	10
sub-SLR093/sub-SLR093_ses-20181215_obj-r8l798_behavior+image/f9335cb6-2615-4937-82ff-7d50ab19463b_external_file_0.avi	14530912972	546	46	10
sub-SLR087/sub-SLR087_ses-20180706_obj-1h0e24p_behavior+image/7ca00537-f537-4284-9b40-0e322082b3ce_external_file_0.avi	19248143312	617	52	12
sub-SLR092/sub-SLR092_ses-20181215_obj-jorhcl_behavior+image/ad0fd241-23b1-456e-8fcb-a074d4d69d69_external_file_0.avi	15159317912	601	44	10
sub-SLR095/sub-SLR095_ses-20190218_obj-9pu3c3_behavior+image.nwb	5064680384	356	69	25
sub-SLR114/sub-SLR114_ses-20210228_obj-1eimtt7_behavior+image.nwb	10156211780	584	59	27
sub-SLR089/sub-SLR089_ses-20180726_obj-s4xzfg_behavior+image/981446f5-a93c-4ac9-8619-2c8f1ee21b98_external_file_0.avi	13524275636	480	50	10
sub-SLR117/sub-SLR117_ses-20210913_obj-18lmyl8_behavior+image/91d9dcba-db1c-4758-926e-70d84a97d882_external_file_0.avi	24342086676	830	39	11
sub-SLR116/sub-SLR116_ses-20210914_obj-za6q4l_behavior+image.nwb	8508752980	462	66	24
sub-SLR122/sub-SLR122_ses-20220201_obj-1j4bqbs_behavior+image/8ed8913f-0b75-4473-90f7-c2d224fc3e55_external_file_0.avi	21086797584	740	33	11
sub-SLR094/sub-SLR094_ses-20190212_obj-kv1ugg_behavior+image/8f75c79c-55ac-4c4d-a46c-bd33d682e970_external_file_0.avi	21553654772	617	36	11
sub-SLR094/sub-SLR094_ses-20190212_obj-rm9k93_behavior+image/6002f8f1-3ab4-401e-af5b-68f650165df1_external_file_0.avi	18965229976	535	43	10
sub-SLR119/sub-SLR119_ses-20211106_obj-ua1354_behavior+image/d1717ee0-2226-48e0-a01b-ed673fe0f2a4_external_file_0.avi	17872883400	714	35	10
sub-SLR124/sub-SLR124_ses-20220303_obj-19sntr8_behavior+image/376c5727-11f6-48d7-857b-4a69c2ea789d_external_file_0.avi	27702824416	719	41	9
sub-SLR089/sub-SLR089_ses-20180728_obj-192lq88_behavior+image.nwb	5008732057	414	76	25
sub-SLR106/sub-SLR106_ses-20191129_obj-ns8upr_behavior+image/d223e9ca-2b3b-485b-a3ab-35ae313b7342_external_file_0.avi	15676468972	664	33	11
sub-SLR117/sub-SLR117_ses-20210913_obj-142mril_behavior+image.nwb	10849472594	524	68	26
sub-SLR100/sub-SLR100_ses-20190430_obj-90g22x_behavior+image.nwb	6273938588	395	64	23
sub-SLR100/sub-SLR100_ses-20190429_obj-oz58ra_behavior+image/97cded26-6782-4df6-84e0-c42d2a43bc03_external_file_0.avi	19500388044	929	33	12
sub-SLR093/sub-SLR093_ses-20181219_obj-10w22h6_behavior+image.nwb	5228262892	358	62	23
sub-SLR093/sub-SLR093_ses-20181215_obj-1vczkew_behavior+image/fc0db93e-4d87-4ab5-bba3-13a6d1f0b2c3_external_file_0.avi	12414537012	530	34	10
sub-SLR095/sub-SLR095_ses-20190213_obj-1pxi167_behavior+image.nwb	4484591696	385	77	24
sub-SLR093/sub-SLR093_ses-20181214_obj-1tvitm0_behavior+image.nwb	5230192352	353	66	23
sub-SLR120/sub-SLR120_ses-20220107_obj-1ky0it9_behavior+image/8dbcc7e6-c5a8-4703-8724-f122fbc31aaa_external_file_0.avi	26045195756	961	41	11
sub-SLR110/sub-SLR110_ses-20200207_obj-j1ym22_behavior+image.nwb	3197442268	256	87	24
sub-SLR089/sub-SLR089_ses-20180725_obj-et1wjh_behavior+image.nwb	4919926076	345	69	26
sub-SLR096/sub-SLR096_ses-20190304_obj-2sxzsa_behavior+image/5b520b63-b67d-4c2c-978f-1bf3d4699b06_external_file_0.avi	13140571588	554	40	9
sub-SLR116/sub-SLR116_ses-20210914_obj-11btoco_behavior+image/7598fc93-bd7d-4c1f-acd4-7fd1813fd71b_external_file_0.avi	24606340848	736	41	13
sub-SLR102/sub-SLR102_ses-20190728_obj-17kuesw_behavior+image/fc60b0ba-77a2-4243-8199-da8c83eb988c_external_file_0.avi	12318428064	639	41	11
sub-SLR107/sub-SLR107_ses-20191221_obj-1hgd4jz_behavior+image/eb5c87a2-9808-4875-83d1-8350d46c48ab_external_file_0.avi	15360122068	724	34	11
sub-SLR125/sub-SLR125_ses-20220801_obj-1f4dyso_behavior+image.nwb	9509187584	490	62	23
sub-SLR094/sub-SLR094_ses-20190212_obj-1vpf52n_behavior+image/85702c99-ec9a-406f-aa1a-8cda26f06e11_external_file_0.avi	20933886024	737	47	12
sub-SLR090/sub-SLR090_ses-20180727_obj-ezuij0_behavior+image.nwb	3912498032	361	63	25
sub-SLR121/sub-SLR121_ses-20220109_obj-nz9j0h_behavior+image.nwb	11123619694	603	72	27
sub-SLR092/sub-SLR092_ses-20181214_obj-12yo4kc_behavior+image.nwb	6208456852	411	70	26
sub-SLR093/sub-SLR093_ses-20181219_obj-10w22h6_behavior+image/aa746b4e-e492-4e64-81d9-37050f3002c2_external_file_0.avi	15849605332	833	56	11
sub-SLR120/sub-SLR120_ses-20220106_obj-fol8io_behavior+image/928edf5d-6e70-47cc-98a9-b77c9a6d9dca_external_file_0.avi	24258708720	1072	48	12
sub-SLR108/sub-SLR108_ses-20191220_obj-zaiv3j_behavior+image/8f6e1390-fd90-4bd6-9db7-0019f38852f3_external_file_0.avi	24894105996	718	38	9
sub-SLR114/sub-SLR114_ses-20210307_obj-2gbxh7_behavior+image.nwb	8362436640	516	69	23
sub-SLR116/sub-SLR116_ses-20210913_obj-w47raw_behavior+image.nwb	7158199780	476	54	24
sub-SLR107/sub-SLR107_ses-20191221_obj-1m4de05_behavior+image/1b9921e5-88b6-4c14-a48a-69c37f19c605_external_file_0.avi	12429292484	567	39	10
sub-SLR092/sub-SLR092_ses-20181214_obj-1pquh2w_behavior+image/e4bf04e8-f8f4-49f8-8280-970b2509f1ef_external_file_0.avi	12075691248	635	32	11
sub-SLR119/sub-SLR119_ses-20211104_obj-uf7bff_behavior+image/3405ef98-9960-4918-b8a3-b9b090843cab_external_file_0.avi	27135396776	1002	37	11
sub-SLR122/sub-SLR122_ses-20220201_obj-4bnxi0_behavior+image.nwb	7107439252	504	65	23
sub-SLR103/sub-SLR103_ses-20190730_obj-1tyot72_behavior+image.nwb	7280605504	530	53	25
sub-SLR124/sub-SLR124_ses-20220302_obj-1qy2y3c_behavior+image/eeb9dc1d-8159-4ad4-904d-6083d7d87239_external_file_0.avi	28562894680	1017	36	10
sub-SLR108/sub-SLR108_ses-20191220_obj-5eqxyh_behavior+image.nwb	2708589384	311	67	26
sub-SLR117/sub-SLR117_ses-20210914_obj-16o25x4_behavior+image/506267dc-4b6c-41a7-8249-aedb71abfbe0_external_file_0.avi	19008630044	976	46	12
sub-SLR111/sub-SLR111_ses-20200207_behavior+image/0a9269db-71b5-4d5b-bf43-5ac9c2a7f489_external_file_0.avi	15030691392	719	37	11
sub-SLR120/sub-SLR120_ses-20220105_obj-9336tv_behavior+image.nwb	7572008920	537	72	27
sub-SLR090/sub-SLR090_ses-20180725_obj-12oaft_behavior+image.nwb	5002811380	362	68	25
sub-SLR095/sub-SLR095_ses-20190218_obj-1yt8m38_behavior+image/ab4c74a5-e981-44b7-8aff-42a2a1db706f_external_file_0.avi	16946228212	664	46	10
sub-SLR096/sub-SLR096_ses-20190302_obj-19t7ioo_behavior+image.nwb	5920845660	397	59	24
sub-SLR095/sub-SLR095_ses-20190212_obj-dr144_behavior+image.nwb	5269957002	420	63	24
sub-SLR092/sub-SLR092_ses-20181215_obj-1ymr1xs_behavior+image/001f5d18-8897-4a0b-891b-78652a34dd9f_external_file_0.avi	11983167372	620	31	10
sub-SLR114/sub-SLR114_ses-20210226_obj-1yvn98a_behavior+image/50e7ee56-c5ab-4bb7-bf45-bfd7cc187779_external_file_0.avi	20046151308	1066	34	12
sub-SLR119/sub-SLR119_ses-20211105_obj-1tn6zsj_behavior+image.nwb	6947700268	485	58	22
sub-SLR115/sub-SLR115_ses-20210305_obj-1v2ijb0_behavior+image/b9e397f9-c814-4968-b16f-f2d30d4aa50f_external_file_0.avi	26102630452	956	44	11
sub-SLR100/sub-SLR100_ses-20190430_obj-1n70k98_behavior+image.nwb	5682203540	375	57	21
sub-SLR122/sub-SLR122_ses-20220202_obj-11izc0s_behavior+image/d7d48f2c-7d8d-4f6f-9781-1bd4eb021b87_external_file_0.avi	17657245599	725	38	13
sub-SLR123/sub-SLR123_ses-20220219_obj-me09bt_behavior+image/ce4482a5-edd7-4598-92a4-132a278f8c4e_external_file_0.avi	22596879808	1068	46	11
sub-SLR124/sub-SLR124_ses-20220302_obj-1fa0zap_behavior+image/f61beffc-bf09-4226-bb0d-6e1d16946bec_external_file_0.avi	20566539380	947	33	10
sub-SLR095/sub-SLR095_ses-20190217_obj-kczzyx_behavior+image/ce33246f-fd94-4211-a449-e571ebc67929_external_file_0.avi	12268361600	568	35	11
sub-SLR124/sub-SLR124_ses-20220303_obj-jp7pvj_behavior+image/84a810ce-31b9-45db-8099-d6ff7224268f_external_file_0.avi	24172176116	723	43	9
sub-SLR090/sub-SLR090_ses-20180728_obj-ecgbtn_behavior+image.nwb	4896487996	344	68	25
sub-SLR116/sub-SLR116_ses-20210913_obj-4iqcuh_behavior+image/30a111b9-c804-4a1b-af67-df1804081fbb_external_file_0.avi	26903837152	848	50	10
sub-SLR105/sub-SLR105_ses-20191127_obj-1wqdd0h_behavior+image.nwb	8610052716	426	61	24
sub-SLR112/sub-SLR112_ses-20201030_obj-4afj6h_behavior+image.nwb	8087985768	430	60	23
sub-SLR126/sub-SLR126_ses-20220801_obj-1gzec70_behavior+image/ded88ea7-5206-48f2-b381-4cfa3f79d705_external_file_0.avi	24298216532	827	38	11
sub-SLR095/sub-SLR095_ses-20190218_obj-1qggj6z_behavior+image/cd324dfa-030d-422c-988d-9838fe321efe_external_file_0.avi	12053409904	491	30	10
sub-SLR100/sub-SLR100_ses-20190429_obj-18q6cyb_behavior+image/3f0b0d0c-7f74-4ab9-a7e2-a69959db7419_external_file_0.avi	14439011436	614	28	10
sub-SLR093/sub-SLR093_ses-20181214_obj-13co3tf_behavior+image/706b1976-3b08-47fd-831a-3b2af5a630ff_external_file_0.avi	11766520428	558	48	11
sub-SLR115/sub-SLR115_ses-20210305_obj-1v2ijb0_behavior+image.nwb	6801455404	458	58	24
sub-SLR112/sub-SLR112_ses-20201101_obj-uvi1d7_behavior+image.nwb	6534366876	421	69	24
sub-SLR102/sub-SLR102_ses-20190728_obj-ypb09t_behavior+image.nwb	3529256996	302	68	23
sub-SLR106/sub-SLR106_ses-20191129_obj-1a3m1hx_behavior+image.nwb	7519370624	457	67	24
sub-SLR090/sub-SLR090_ses-20180728_obj-7venlv_behavior+image/dacee7d9-a1c3-4601-8867-c10ebd668bf9_external_file_0.avi	12733602060	523	37	11
sub-SLR107/sub-SLR107_ses-20191221_obj-14q2yon_behavior+image/cd3e1446-f790-4e71-8ef2-c28b5c47d1e9_external_file_0.avi	19510694508	718	39	10
sub-SLR117/sub-SLR117_ses-20210915_obj-17krpfw_behavior+image/89ffaa85-0505-4603-8799-efeed85a9257_external_file_0.avi	25216355104	1101	43	13
sub-SLR095/sub-SLR095_ses-20190217_obj-1l4xv7q_behavior+image/e9793206-03ea-4682-9468-92e779a04d8d_external_file_0.avi	16668255612	711	40	11
sub-SLR093/sub-SLR093_ses-20181214_obj-1tvitm0_behavior+image/fa90c437-da3e-4488-a784-83c28b6e9a9e_external_file_0.avi	11026626360	462	32	10
sub-SLR124/sub-SLR124_ses-20220303_obj-1len5q_behavior+image/215ac2be-5a5c-4949-97d3-07d5558d6367_external_file_0.avi	23107165740	1057	35	11
sub-SLR100/sub-SLR100_ses-20190429_obj-1h1jwrx_behavior+image.nwb	5190329088	367	52	21
sub-SLR093/sub-SLR093_ses-20181215_obj-kytv0g_behavior+image/66f35a65-2ca8-4587-b354-eba7f6a2d7eb_external_file_0.avi	13847221008	687	43	11
sub-SLR116/sub-SLR116_ses-20210909_obj-14yxygr_behavior+image/0be77c34-bb30-4365-a25a-ea2ba150d492_external_file_0.avi	20700846232	943	45	10
sub-SLR122/sub-SLR122_ses-20220203_obj-1a5tesq_behavior+image.nwb	7953294640	517	59	24
sub-SLR105/sub-SLR105_ses-20191129_obj-hsve5s_behavior+image.nwb	9306065008	573	65	29
sub-SLR099/sub-SLR099_ses-20190503_obj-6hqk4v_behavior+image.nwb	7142166752	393	60	23
sub-SLR095/sub-SLR095_ses-20190213_obj-1p4lhao_behavior+image/266ed8b9-2f3f-4567-8fa0-2c95e4dbcbdb_external_file_0.avi	17696632808	581	41	10
sub-SLR099/sub-SLR099_ses-20190428_obj-hcqc7k_behavior+image/8138d753-6204-4305-965a-c19a01d01490_external_file_0.avi	19696535216	806	41	11
sub-SLR110/sub-SLR110_ses-20200205_obj-691qne_behavior+image.nwb	8172318752	476	65	22
sub-SLR116/sub-SLR116_ses-20210914_obj-11btoco_behavior+image.nwb	6553358220	432	56	22
sub-SLR095/sub-SLR095_ses-20190212_obj-b99ran_behavior+image/a11ea178-e989-4b88-8034-26a448b2b029_external_file_0.avi	12063131368	505	39	10
sub-SLR119/sub-SLR119_ses-20211108_obj-1px0b10_behavior+image/cf3adbcc-9037-4029-bd65-502782993272_external_file_0.avi	24209666872	820	30	11
sub-SLR092/sub-SLR092_ses-20181215_obj-zgof7j_behavior+image/6ece200c-8400-45b9-8c57-25501e009984_external_file_0.avi	15220657080	679	38	10
sub-SLR124/sub-SLR124_ses-20220303_obj-1s71z1p_behavior+image/52c8844d-950e-4416-8329-bdd1d379145b_external_file_0.avi	21627969508	945	35	10
sub-SLR090/sub-SLR090_ses-20180728_obj-x47pt2_behavior+image/9b1c8b6f-290a-482e-bf45-8d03db5ff9a6_external_file_0.avi	11895839584	501	40	10
sub-SLR105/sub-SLR105_ses-20191129_obj-macpa_behavior+image/e276d8ce-2a27-4b28-ad7d-fc1844ede278_external_file_0.avi	19753528532	828	36	11
sub-SLR108/sub-SLR108_ses-20191222_obj-19od5p5_behavior+image/fd4cb181-f394-4e71-97cc-c2dd216fa4ea_external_file_0.avi	25189661449	1070	45	12
sub-SLR092/sub-SLR092_ses-20181215_obj-r0k2jd_behavior+image/0a623805-7118-42ba-8f60-6e4ef9405336_external_file_0.avi	13252050844	676	42	10
sub-SLR097/sub-SLR097_ses-20190304_obj-1v4y2ir_behavior+image.nwb	5852301656	416	58	23
sub-SLR124/sub-SLR124_ses-20220302_obj-tyk7zp_behavior+image/bd8dd175-8281-409b-a74e-291d1c71398b_external_file_0.avi	25648951700	993	45	12
sub-SLR124/sub-SLR124_ses-20220301_obj-ierw6t_behavior+image.nwb	7980601644	448	66	26
sub-SLR089/sub-SLR089_ses-20180728_obj-112702m_behavior+image/d7d8e7fb-9f36-4ac8-a779-86822427b06a_external_file_0.avi	16717828684	734	48	12
sub-SLR119/sub-SLR119_ses-20211108_obj-14nll4k_behavior+image.nwb	6964998920	472	61	25
sub-SLR096/sub-SLR096_ses-20190304_obj-2sxzsa_behavior+image.nwb	5636986552	376	68	22
sub-SLR116/sub-SLR116_ses-20210913_obj-w47raw_behavior+image/c8fe7229-251a-402f-bc6c-970253535e5b_external_file_0.avi	18155409744	955	41	10
sub-SLR105/sub-SLR105_ses-20191127_obj-rjvhk4_behavior+image/d3701f8a-8537-41e9-83db-68ce1ce1edbb_external_file_0.avi	14059522464	634	41	10
sub-SLR114/sub-SLR114_ses-20210305_obj-qjgohv_behavior+image/cd06a811-dafe-4079-8a29-72ab42221db3_external_file_0.avi	18692134252	831	38	11
sub-SLR096/sub-SLR096_ses-20190303_obj-8cvwa9_behavior+image/8d57f4ff-9779-4def-ba4c-2bd46397e089_external_file_0.avi	17375053904	769	44	10
sub-SLR119/sub-SLR119_ses-20211107_obj-ayomtd_behavior+image.nwb	8442906192	482	54	22
sub-SLR096/sub-SLR096_ses-20190303_obj-1t9qv9l_behavior+image/a5fb274f-53cb-4cef-9263-07c6573df64d_external_file_0.avi	17376516460	671	44	10
sub-SLR123/sub-SLR123_ses-20220219_obj-1f5omql_behavior+image.nwb	6968340664	428	60	24
sub-SLR094/sub-SLR094_ses-20190208_obj-ufifsz_behavior+image.nwb	4977345744	325	67	24
sub-SLR099/sub-SLR099_ses-20190503_obj-1pp7yc1_behavior+image/a49e6c54-37fc-4c37-a0b1-ae03b8fef84a_external_file_0.avi	15850374088	625	40	10
sub-SLR119/sub-SLR119_ses-20211106_obj-1oun13y_behavior+image/09eab571-356f-406d-8bd6-5dc02114974c_external_file_0.avi	17115531460	717	37	10
sub-SLR089/sub-SLR089_ses-20180726_obj-1st7ucm_behavior+image.nwb	3790424112	277	62	21
sub-SLR114/sub-SLR114_ses-20210305_obj-1lp250o_behavior+image/783034dd-e122-4898-a3ef-412dfa187806_external_file_0.avi	17584201828	739	54	10
sub-SLR090/sub-SLR090_ses-20180725_obj-12oaft_behavior+image/e2815a29-2b44-4077-99b7-d489d9d545a4_external_file_0.avi	10507953188	444	32	10
sub-SLR126/sub-SLR126_ses-20220802_obj-1vrj4oo_behavior+image.nwb	6891319652	337	54	19
sub-SLR121/sub-SLR121_ses-20220112_obj-1v8qd9x_behavior+image.nwb	6928381588	344	62	19
sub-SLR095/sub-SLR095_ses-20190212_obj-dr144_behavior+image/d543f4ed-2bf1-450f-b855-ea1595b3cc9a_external_file_0.avi	18027421184	617	43	10
sub-SLR100/sub-SLR100_ses-20190430_obj-hnxd1h_behavior+image.nwb	4623447172	304	53	19
sub-SLR096/sub-SLR096_ses-20190303_obj-14s2via_behavior+image.nwb	4624639332	309	64	19
sub-SLR092/sub-SLR092_ses-20181215_obj-jes0mx_behavior+image/fe93ea33-c015-4ce8-8319-e9354212f34a_external_file_0.avi	11645695640	535	31	9
sub-SLR099/sub-SLR099_ses-20190428_obj-1cjyx70_behavior+image.nwb	5577111562	375	54	21
sub-SLR107/sub-SLR107_ses-20191219_obj-2f2bsv_behavior+image.nwb	6212778016	316	58	20
sub-SLR124/sub-SLR124_ses-20220303_obj-114sg14_behavior+image.nwb	6879042520	376	65	24
sub-SLR092/sub-SLR092_ses-20181215_obj-snfa3_behavior+image/21c715f1-2e99-4872-910d-a1a81de50df8_external_file_0.avi	12952604544	534	37	9
sub-SLR092/sub-SLR092_ses-20181214_obj-1tkyne3_behavior+image.nwb	2939019616	294	71	22
sub-SLR122/sub-SLR122_ses-20220201_obj-1j4bqbs_behavior+image.nwb	8273440933	480	54	26
sub-SLR093/sub-SLR093_ses-20181215_obj-1y3xbqe_behavior+image.nwb	4009754748	305	63	20
sub-SLR087/sub-SLR087_ses-20180712_obj-qcdhpp_behavior+image/17775cf6-b320-4993-b394-d9557818cd14_external_file_0.avi	9249641161	395	41	12
sub-SLR093/sub-SLR093_ses-20181219_obj-9eqqys_behavior+image.nwb	3200444216	273	61	19
sub-SLR121/sub-SLR121_ses-20220112_obj-gehqxr_behavior+image.nwb	8301209284	400	59	22
sub-SLR087/sub-SLR087_ses-20180712_obj-ytrdlt_behavior+image/b8d20254-0a48-4179-92f7-abe2f12d14e2_external_file_0.avi	10460796360	421	53	10
sub-SLR099/sub-SLR099_ses-20190429_obj-7byua3_behavior+image.nwb	5609641240	337	61	20
sub-SLR122/sub-SLR122_ses-20220203_obj-ob9q2_behavior+image.nwb	5716803960	340	50	20
sub-SLR122/sub-SLR122_ses-20220203_obj-ob9q2_behavior+image/40a468ac-e759-42d3-a546-9042219aa025_external_file_0.avi	18634279740	752	38	11
sub-SLR097/sub-SLR097_ses-20190303_obj-tlt9ab_behavior+image.nwb	5978047004	315	55	19
sub-SLR123/sub-SLR123_ses-20220218_obj-1pa0sf3_behavior+image/d8763d71-e48a-4f5e-9009-df948cee7a72_external_file_0.avi	19067946140	950	40	10
sub-SLR120/sub-SLR120_ses-20220106_obj-ip90dg_behavior+image/0698a0d9-0909-40a1-8b9b-b5a0f535374d_external_file_0.avi	15822286072	714	41	10
sub-SLR093/sub-SLR093_ses-20181219_obj-zt5jv_behavior+image/9516b277-f770-4c51-9d27-43b0e07f7e29_external_file_0.avi	13477325680	685	41	10
sub-SLR093/sub-SLR093_ses-20181215_obj-1y3xbqe_behavior+image/09faea59-3519-44d0-84ea-ff04cad36608_external_file_0.avi	12270325716	546	37	10
sub-SLR105/sub-SLR105_ses-20191201_obj-z6osxu_behavior+image/4f6108b4-a6a2-4c9a-816a-76e32e5640a7_external_file_0.avi	19920950028	735	40	10
sub-SLR095/sub-SLR095_ses-20190218_obj-f6ljc3_behavior+image.nwb	2941861444	347	66	25
sub-SLR092/sub-SLR092_ses-20181214_obj-4gwr5t_behavior+image/0ced5429-2071-423b-8f84-6278597d80c1_external_file_0.avi	9895318156	601	37	9
sub-SLR093/sub-SLR093_ses-20181215_obj-z6jq9l_behavior+image.nwb	3276160536	287	50	21
sub-SLR100/sub-SLR100_ses-20190430_obj-1y1pyyd_behavior+image.nwb	5180704360	338	44	20
sub-SLR125/sub-SLR125_ses-20220802_behavior+image.nwb	6378816424	417	56	22
sub-SLR095/sub-SLR095_ses-20190217_obj-qurtj3_behavior+image.nwb	2520495012	275	68	19
sub-SLR115/sub-SLR115_ses-20210305_obj-1qzkef9_behavior+image.nwb	5066635680	381	55	21
sub-SLR095/sub-SLR095_ses-20190212_obj-1op1s8s_behavior+image/ac1cffba-3f3e-44e0-af50-6ceb7639f319_external_file_0.avi	13477436660	559	45	10
sub-SLR094/sub-SLR094_ses-20190212_obj-1xwz6v5_behavior+image.nwb	3037219312	314	67	24
sub-SLR123/sub-SLR123_ses-20220219_obj-141djk_behavior+image/9e12331e-81d3-47f8-87b3-177ce94ebb38_external_file_0.avi	16561168916	1051	35	10
sub-SLR107/sub-SLR107_ses-20191222_obj-15zn5nh_behavior+image.nwb	2853856400	296	56	22
sub-SLR108/sub-SLR108_ses-20191220_obj-bh6iqy_behavior+image/850bac06-16e5-4ccd-a06f-a5cbf36c1da1_external_file_0.avi	10164277772	607	38	8
sub-SLR114/sub-SLR114_ses-20210307_obj-12mz9tv_behavior+image/93ac9cd5-1ffe-4631-8a19-624a433ce6ab_external_file_0.avi	12349533504	727	35	9
sub-SLR093/sub-SLR093_ses-20181215_obj-j18mhv_behavior+image.nwb	3224718908	288	60	20
sub-SLR115/sub-SLR115_ses-20210302_obj-kirab3_behavior+image/170c8d1c-50dc-4e49-a4e2-4d0a07248f30_external_file_0.avi	16806268188	1070	43	11
sub-SLR100/sub-SLR100_ses-20190430_obj-1y1pyyd_behavior+image/250e1e25-450d-40f4-a2fe-1af2e82c0fbe_external_file_0.avi	15608848012	797	32	11
sub-SLR114/sub-SLR114_ses-20210306_obj-s8zts4_behavior+image/8355320f-c060-4ac7-ac90-d041c15f600b_external_file_0.avi	16211831164	961	37	10
sub-SLR113/sub-SLR113_ses-20201128_obj-1rb8lmb_behavior+image/57b1284c-1d39-4f07-a68e-b79aa4654069_external_file_0.avi	19997567796	725	40	10
sub-SLR087/sub-SLR087_ses-20180712_obj-spo27a_behavior+image.nwb	2578968004	265	71	21
sub-SLR120/sub-SLR120_ses-20220107_obj-1ky0it9_behavior+image.nwb	7501932008	381	63	21
sub-SLR114/sub-SLR114_ses-20210305_obj-jcuoal_behavior+image/c2cd82f1-048f-4310-b8f5-a5d565737843_external_file_0.avi	16459599868	1058	32	11
sub-SLR115/sub-SLR115_ses-20210226_behavior+image/78bf9ec3-3f2e-4b35-ad3f-e9f956ff4eeb_external_file_0.avi	12526874556	675	45	11
sub-SLR089/sub-SLR089_ses-20180726_obj-16rdupn_behavior+image.nwb	2387987712	293	56	20
sub-SLR090/sub-SLR090_ses-20180726_obj-1jydrib_behavior+image/8996452c-3572-42d1-9e2d-f885b7e429b7_external_file_0.avi	8799497704	616	43	10
sub-SLR110/sub-SLR110_ses-20200207_obj-f1of3l_behavior+image/2cf649b1-19ba-4570-a507-73c05d8880e1_external_file_0.avi	3741130596	178	41	11
sub-SLR107/sub-SLR107_ses-20191219_obj-hm71cj_behavior+image.nwb	6174952314	441	60	23
sub-SLR095/sub-SLR095_ses-20190218_obj-1tfr4ss_behavior+image/0d0f48cc-754f-4e1c-ae03-5a0c28adbe04_external_file_0.avi	13213817216	579	40	10
sub-SLR099/sub-SLR099_ses-20190429_obj-7byua3_behavior+image/6bab37bf-74a9-4ddf-99bf-1595e2275089_external_file_0.avi	14215766260	633	45	10
sub-SLR116/sub-SLR116_ses-20210911_obj-1gvsenh_behavior+image/d22f7556-78d4-4ad8-bf06-c3a435ecee36_external_file_0.avi	15985140111	950	39	12
sub-SLR120/sub-SLR120_ses-20220105_obj-q6cit0_behavior+image.nwb	7032162348	466	74	23
sub-SLR111/sub-SLR111_ses-20200209_obj-1czajj4_behavior+image.nwb	2334504224	252	57	21
sub-SLR090/sub-SLR090_ses-20180726_obj-fcyjy5_behavior+image.nwb	3581397100	246	82	22
sub-SLR099/sub-SLR099_ses-20190429_obj-2d1p55_behavior+image.nwb	4321250272	379	62	24
sub-SLR123/sub-SLR123_ses-20220218_obj-1ebmbey_behavior+image/c4545eed-78a2-405f-99f1-1bc4537a76b2_external_file_0.avi	16514247516	1055	36	10
sub-SLR105/sub-SLR105_ses-20191130_obj-swxgds_behavior+image.nwb	7730414060	443	58	23
sub-SLR087/sub-SLR087_ses-20180706_obj-9f5hhw_behavior+image.nwb	3453708707	309	65	21
sub-SLR090/sub-SLR090_ses-20180728_obj-h1csrm_behavior+image.nwb	2490058288	308	65	21
sub-SLR122/sub-SLR122_ses-20220202_obj-1lvst0t_behavior+image/555fe86b-e067-4111-81ee-786cf63c7607_external_file_0.avi	14347950580	820	36	10
sub-SLR105/sub-SLR105_ses-20191130_obj-swxgds_behavior+image/5d267295-7bc6-4de8-8b1a-1a9f376448e2_external_file_0.avi	14408525720	820	34	10
sub-SLR093/sub-SLR093_ses-20181214_obj-1ptcu4v_behavior+image/c1183d52-f6fd-494f-8e12-6c45bbd3b71b_external_file_0.avi	13940725740	819	43	11
sub-SLR105/sub-SLR105_ses-20191128_obj-17dn8ai_behavior+image/356f7c47-f0ba-40b4-8e24-c5abe188cb12_external_file_0.avi	18805903696	935	37	11
sub-SLR093/sub-SLR093_ses-20181215_obj-17z8y4e_behavior+image.nwb	2924973796	326	64	20
sub-SLR092/sub-SLR092_ses-20181215_obj-1ymr1xs_behavior+image.nwb	2194856536	299	65	23
sub-SLR087/sub-SLR087_ses-20180711_obj-1jc5hk4_behavior+image.nwb	1875928544	261	71	20
sub-SLR121/sub-SLR121_ses-20220112_obj-1v8qd9x_behavior+image/9364cdcb-99d2-4760-b038-d7fc1b59c22b_external_file_0.avi	12033966012	720	47	9
sub-SLR102/sub-SLR102_ses-20190731_obj-4jry0p_behavior+image.nwb	5401197769	482	60	22
sub-SLR121/sub-SLR121_ses-20220113_obj-g1zalw_behavior+image.nwb	4716187104	376	61	21
sub-SLR115/sub-SLR115_ses-20210226_behavior+image.nwb	3047605088	304	50	19
sub-SLR094/sub-SLR094_ses-20190208_obj-pe60yf_behavior+image/d2e3cefc-8144-4e82-ae15-9ab02fc2acb9_external_file_0.avi	10110215392	589	42	10
sub-SLR097/sub-SLR097_ses-20190303_obj-1j7m35d_behavior+image.nwb	3554613624	344	58	23
sub-SLR097/sub-SLR097_ses-20190303_obj-jpgnls_behavior+image/27530026-70d5-49f3-b60a-17f1e6d4212f_external_file_0.avi	10358359824	615	33	9
sub-SLR087/sub-SLR087_ses-20180711_obj-1mb8ljx_behavior+image/4888e18e-2f4e-4da9-824a-631b78e2eb4e_external_file_0.avi	8220475712	492	47	10
sub-SLR121/sub-SLR121_ses-20220113_obj-gvju76_behavior+image/5261b5c3-d105-44e9-8e7a-18b3d9c854bd_external_file_0.avi	11932435608	703	32	9
sub-SLR121/sub-SLR121_ses-20220113_obj-1fevyod_behavior+image.nwb	4140816772	356	62	20
sub-SLR121/sub-SLR121_ses-20220112_obj-1j8fldk_behavior+image.nwb	4124383948	341	59	18
sub-SLR113/sub-SLR113_ses-20201128_obj-1ne723e_behavior+image.nwb	6741649605	542	68	24
sub-SLR125/sub-SLR125_ses-20220731_obj-g96i3s_behavior+image/8bbf52c3-b8fd-4ad4-a0db-3c9d64d2dc8d_external_file_0.avi	13949403024	710	37	9
sub-SLR087/sub-SLR087_ses-20180712_obj-1t4nevm_behavior+image/edd5e929-3f75-4623-9a80-a7b03b9a6a73_external_file_0.avi	6888843136	419	43	10
sub-SLR097/sub-SLR097_ses-20190302_obj-1qxmfzx_behavior+image/224c2176-3db8-4bd6-b1b8-0ec71a18cd2e_external_file_0.avi	10891544264	632	45	10
sub-SLR125/sub-SLR125_ses-20220801_obj-zx9ck0_behavior+image.nwb	5288511939	386	52	20
sub-SLR090/sub-SLR090_ses-20180727_obj-1raq2g8_behavior+image/6f48481f-37e0-4263-b9d1-0d841958adc4_external_file_0.avi	6901346592	433	38	9
sub-SLR122/sub-SLR122_ses-20220203_obj-i96gz_behavior+image.nwb	4788140480	371	62	20
sub-SLR097/sub-SLR097_ses-20190304_obj-150ltl7_behavior+image.nwb	3152800720	318	56	20
sub-SLR123/sub-SLR123_ses-20220218_obj-1905xa2_behavior+image/36d414f1-3933-4d44-ae9d-a27b8b1b9a75_external_file_0.avi	12013022000	707	33	8
sub-SLR094/sub-SLR094_ses-20190208_obj-3y3nr4_behavior+image/4af6250c-c317-464f-86b0-b09617401e1b_external_file_0.avi	7692230292	471	35	9
sub-SLR106/sub-SLR106_ses-20191128_obj-751bge_behavior+image.nwb	6503608004	395	68	21
sub-SLR114/sub-SLR114_ses-20210307_obj-1dadygb_behavior+image/ac387fbb-7b1a-471d-b2d8-6fc69d9f2c8f_external_file_0.avi	14476582948	827	41	10
sub-SLR099/sub-SLR099_ses-20190429_obj-1dag7gx_behavior+image/f9b968c0-ae36-4825-b310-95334ba6b138_external_file_0.avi	12254136240	704	38	10
sub-SLR119/sub-SLR119_ses-20211106_obj-1oun13y_behavior+image.nwb	5666933897	474	58	22
sub-SLR114/sub-SLR114_ses-20210305_obj-1puf7l5_behavior+image.nwb	4389000600	348	57	18
sub-SLR087/sub-SLR087_ses-20180712_obj-1y0rfwn_behavior+image/6441b57f-b07c-4459-84e0-91dd7d01c01e_external_file_0.avi	8524199572	402	39	10
sub-SLR093/sub-SLR093_ses-20181215_obj-1u093n9_behavior+image.nwb	2459127604	270	55	18
sub-SLR103/sub-SLR103_ses-20190730_obj-1sn9i8b_behavior+image/78010856-ab5b-4d63-8126-bab7d8a3990e_external_file_0.avi	18860606540	997	47	12
sub-SLR125/sub-SLR125_ses-20220731_obj-1jdd0b0_behavior+image/3fdbafe0-5e43-472c-be61-00188364dcb7_external_file_0.avi	12073461132	714	41	9
sub-SLR116/sub-SLR116_ses-20210909_obj-bfp412_behavior+image/4d505218-7cc2-4633-900b-66b08affdda0_external_file_0.avi	12116630276	716	37	8
sub-SLR102/sub-SLR102_ses-20190730_obj-1bwigpa_behavior+image.nwb	5201328168	459	61	22
sub-SLR114/sub-SLR114_ses-20210306_obj-1gdo90i_behavior+image.nwb	5539529628	475	58	24
sub-SLR123/sub-SLR123_ses-20220221_obj-4g9y2b_behavior+image.nwb	4726381908	393	60	23
sub-SLR124/sub-SLR124_ses-20220302_obj-tyk7zp_behavior+image.nwb	5718202628	425	52	22
sub-SLR103/sub-SLR103_ses-20190729_obj-15evtha_behavior+image/50dd97cb-b055-4ba0-9883-48c41a949d8d_external_file_0.avi	13364663025	763	33	11
sub-SLR119/sub-SLR119_ses-20211107_obj-1pvx8m4_behavior+image/f12c519e-1919-4ab1-82bb-0348403b631a_external_file_0.avi	12038401332	711	38	9
sub-SLR087/sub-SLR087_ses-20180706_obj-vrzjkl_behavior+image.nwb	1905714916	269	65	21
sub-SLR094/sub-SLR094_ses-20190208_obj-pe60yf_behavior+image.nwb	2959123356	270	61	18
sub-SLR095/sub-SLR095_ses-20190212_obj-15ouupf_behavior+image/f3538c1e-3d07-456f-8bd5-477e824f0570_external_file_0.avi	14376438456	662	40	11
sub-SLR123/sub-SLR123_ses-20220221_obj-af1y43_behavior+image/cf8e5eb8-75d7-4cce-8ec2-3e7dbd610286_external_file_0.avi	16344196316	1055	39	10
sub-SLR089/sub-SLR089_ses-20180726_obj-pufvcp_behavior+image/6d8afdf3-a8c9-4125-a755-aa12c899ffad_external_file_0.avi	8879600920	419	44	10
sub-SLR094/sub-SLR094_ses-20190212_obj-1vpf52n_behavior+image.nwb	2828816344	270	60	18
sub-SLR126/sub-SLR126_ses-20220801_obj-hgxsr5_behavior+image/aa562cf4-7934-4352-9f94-dd0498052453_external_file_0.avi	14014120761	946	42	11
sub-SLR122/sub-SLR122_ses-20220202_obj-1lvst0t_behavior+image.nwb	5255009472	442	54	23
sub-SLR105/sub-SLR105_ses-20191201_obj-140gnyv_behavior+image.nwb	7898345531	518	67	27
sub-SLR114/sub-SLR114_ses-20210306_obj-s8zts4_behavior+image.nwb	5072447876	400	63	21
sub-SLR120/sub-SLR120_ses-20220106_obj-1uq39xq_behavior+image.nwb	5235380348	450	59	22
sub-SLR107/sub-SLR107_ses-20191222_obj-n5yl7o_behavior+image/d3111e17-d836-4bbf-a5ea-228e527dc22f_external_file_0.avi	11097125588	734	39	11
sub-SLR108/sub-SLR108_ses-20191221_obj-chaknx_behavior+image/716f2fb0-9561-4b10-a6fc-0e115f4532cb_external_file_0.avi	9867479016	674	48	9
sub-SLR095/sub-SLR095_ses-20190212_obj-15ouupf_behavior+image.nwb	2311186592	277	67	19
sub-SLR116/sub-SLR116_ses-20210914_obj-1emp0eg_behavior+image/76d0d893-71a1-4954-9b29-fd1a09ef1457_external_file_0.avi	14375002920	820	33	9
sub-SLR096/sub-SLR096_ses-20190302_obj-1rknjv0_behavior+image.nwb	3251580372	332	62	22
sub-SLR092/sub-SLR092_ses-20181214_obj-1wedt44_behavior+image/c0f03553-1835-4134-a896-66ea3f5205a0_external_file_0.avi	11404183912	645	39	9
sub-SLR120/sub-SLR120_ses-20220106_obj-ip90dg_behavior+image.nwb	5262247056	448	60	23
sub-SLR099/sub-SLR099_ses-20190429_obj-1dag7gx_behavior+image.nwb	3430164648	292	55	18
sub-SLR103/sub-SLR103_ses-20190729_obj-q8n7kb_behavior+image/511c163c-5045-491f-bc21-6d598fabfcfc_external_file_0.avi	15163844424	982	38	11
sub-SLR125/sub-SLR125_ses-20220801_obj-1nphna4_behavior+image.nwb	5297304700	412	51	20
sub-SLR096/sub-SLR096_ses-20190303_obj-fm5uqh_behavior+image/a9ab576e-273d-4bab-9a50-159b5bdb1854_external_file_0.avi	11984447900	706	53	9
sub-SLR105/sub-SLR105_ses-20191128_obj-1fpclqu_behavior+image.nwb	5220645720	441	62	27
sub-SLR095/sub-SLR095_ses-20190217_obj-qurtj3_behavior+image/7d400283-2c7a-4582-be17-75ce6f153e3b_external_file_0.avi	10342847468	599	42	10
sub-SLR106/sub-SLR106_ses-20191130_obj-1smme9d_behavior+image.nwb	5024645824	468	64	23
sub-SLR108/sub-SLR108_ses-20191221_obj-zv83er_behavior+image.nwb	2629689428	308	58	20
sub-SLR121/sub-SLR121_ses-20220113_obj-gvju76_behavior+image.nwb	6228695756	409	56	21
sub-SLR125/sub-SLR125_ses-20220731_obj-5vw24v_behavior+image.nwb	5181740896	356	57	19
sub-SLR124/sub-SLR124_ses-20220302_obj-1fa0zap_behavior+image.nwb	6175200708	356	52	22
sub-SLR121/sub-SLR121_ses-20220109_obj-t8vqw1_behavior+image/b26b0bef-1bfb-41ac-bff2-3058fe3099b4_external_file_0.avi	11968418724	712	41	9
sub-SLR089/sub-SLR089_ses-20180726_obj-1ehh0g2_behavior+image/1ea119e8-4f8d-4bd7-b1b4-34ee8f6dad9c_external_file_0.avi	4920255264	325	43	9
sub-SLR121/sub-SLR121_ses-20220109_obj-t8vqw1_behavior+image.nwb	5813080048	343	65	20
sub-SLR119/sub-SLR119_ses-20211106_obj-9fffua_behavior+image.nwb	4410357052	365	54	19
sub-SLR089/sub-SLR089_ses-20180727_obj-1grmnk6_behavior+image/3808d4a2-413e-4d5c-a365-b27cc5249742_external_file_0.avi	7087798612	435	40	9
sub-SLR097/sub-SLR097_ses-20190303_obj-vdbyuy_behavior+image.nwb	4047366720	370	67	23
sub-SLR093/sub-SLR093_ses-20181214_obj-f19mvn_behavior+image/2255bacf-024e-49c5-93a3-553d77d0e3cc_external_file_0.avi	9571803336	508	50	9
sub-SLR120/sub-SLR120_ses-20220105_obj-9336tv_behavior+image/5bd5556a-1fba-4562-9792-d8fc86bde94e_external_file_0.avi	12043812276	710	35	9
sub-SLR114/sub-SLR114_ses-20210306_obj-f64e0l_behavior+image/12f2166d-2111-4632-89b8-1631bc96012a_external_file_0.avi	12081909672	712	38	9
sub-SLR102/sub-SLR102_ses-20190729_obj-14vdfmh_behavior+image/3d64be2b-2d72-4ce5-8a4f-e69a931eb214_external_file_0.avi	11108849936	659	34	8
sub-SLR121/sub-SLR121_ses-20220113_obj-1bl2t2j_behavior+image.nwb	5507313984	347	58	19
sub-SLR099/sub-SLR099_ses-20190428_obj-1ocrzx1_behavior+image.nwb	4095082460	326	60	20
sub-SLR107/sub-SLR107_ses-20191221_obj-14q2yon_behavior+image.nwb	4613465416	290	59	18
sub-SLR123/sub-SLR123_ses-20220218_obj-1ebmbey_behavior+image.nwb	5828684419	421	62	23
sub-SLR113/sub-SLR113_ses-20201128_obj-1ne723e_behavior+image/a772a9fa-3107-428b-953b-43f73cd226d4_external_file_0.avi	15163771265	859	36	11
sub-SLR108/sub-SLR108_ses-20191222_obj-180tw8c_behavior+image.nwb	3618758616	328	58	20
sub-SLR121/sub-SLR121_ses-20220109_obj-19x0z2x_behavior+image/5a8d5e3c-8934-442b-92e7-fbf0e3f179b5_external_file_0.avi	12029074968	709	35	9
sub-SLR089/sub-SLR089_ses-20180726_obj-16fygzo_behavior+image/809f7e1b-71a8-4641-baa3-feafb61ec6cd_external_file_0.avi	6781681668	426	42	9
sub-SLR090/sub-SLR090_ses-20180728_obj-189jdyv_behavior+image/1e5b5f5b-270f-4839-a315-71e528e02903_external_file_0.avi	8282441328	506	42	9
sub-SLR122/sub-SLR122_ses-20220202_obj-2lh38q_behavior+image/cee282c5-2620-4a4e-8c09-e35f890bbbf8_external_file_0.avi	11998216668	710	37	9
sub-SLR112/sub-SLR112_ses-20201101_obj-ptxbqn_behavior+image/fa6b9b1c-1600-4428-ad45-4da5939ac8b1_external_file_0.avi	8627533796	463	46	9
sub-SLR099/sub-SLR099_ses-20190429_obj-2d1p55_behavior+image/325e6fef-bc2f-4be6-a709-d488f7dbadc4_external_file_0.avi	15471975464	693	40	11
sub-SLR089/sub-SLR089_ses-20180726_obj-pufvcp_behavior+image.nwb	2251496548	281	58	20
sub-SLR126/sub-SLR126_ses-20220801_obj-1gzec70_behavior+image.nwb	4610572336	409	59	22
sub-SLR094/sub-SLR094_ses-20190212_obj-bkcrjf_behavior+image/6eec8692-dad1-44a7-bced-cfbe66a71ba0_external_file_0.avi	8669756124	527	39	9
sub-SLR093/sub-SLR093_ses-20181215_obj-2arz83_behavior+image/8d5f67ba-a1f4-4dd1-821d-0642a4abae7e_external_file_0.avi	13783285404	684	45	11
sub-SLR087/sub-SLR087_ses-20180706_obj-1nmsm4n_behavior+image/c2e423e2-5e03-4741-a361-56465cec1edf_external_file_0.avi	7554399804	534	45	10
sub-SLR117/sub-SLR117_ses-20210915_obj-dmhccx_behavior+image/c1e820f4-a466-4b84-afb9-f716407bf9ba_external_file_0.avi	16502422752	1058	40	11
sub-SLR089/sub-SLR089_ses-20180726_obj-1cb7u1s_behavior+image.nwb	2263929216	276	58	20
sub-SLR107/sub-SLR107_ses-20191221_obj-4j83gz_behavior+image.nwb	3202726448	291	53	20
sub-SLR116/sub-SLR116_ses-20210909_obj-dtq198_behavior+image/577fa6e2-3085-4217-b9fe-d07e35971aff_external_file_0.avi	11484026448	676	38	8
sub-SLR094/sub-SLR094_ses-20190208_obj-1byemkc_behavior+image.nwb	3514064176	319	60	20
sub-SLR114/sub-SLR114_ses-20210305_obj-1lp250o_behavior+image.nwb	6763687300	428	63	20
sub-SLR114/sub-SLR114_ses-20210226_obj-1yvn98a_behavior+image.nwb	4538741628	357	59	19
sub-SLR087/sub-SLR087_ses-20180711_obj-1fv2c8_behavior+image/b788849a-3183-4a46-a660-f87009cde663_external_file_0.avi	6630415120	471	35	10
sub-SLR100/sub-SLR100_ses-20190430_obj-1u005aa_behavior+image.nwb	4657257072	379	60	20
sub-SLR117/sub-SLR117_ses-20210915_obj-dmhccx_behavior+image.nwb	6612508776	431	59	21
sub-SLR124/sub-SLR124_ses-20220302_obj-wigds3_behavior+image.nwb	6820811164	437	60	24
sub-SLR099/sub-SLR099_ses-20190428_obj-1cjyx70_behavior+image/69e8543b-5e45-4d94-9eaa-9d8b7a31f8d5_external_file_0.avi	14324120664	929	42	11
sub-SLR107/sub-SLR107_ses-20191222_obj-om4gw3_behavior+image/15c65bef-cd57-42b2-9569-89514f18feb1_external_file_0.avi	11586679564	779	31	10
sub-SLR096/sub-SLR096_ses-20190303_obj-dp481j_behavior+image/c9ea8437-5728-4cfe-832d-a4d6f116549e_external_file_0.avi	15399446964	751	41	10
sub-SLR090/sub-SLR090_ses-20180726_obj-tb8qyr_behavior+image/9fb7c511-4428-4112-96b7-80e08be2ca4e_external_file_0.avi	9394697064	654	41	10
sub-SLR111/sub-SLR111_ses-20200209_obj-1jf5hgd_behavior+image.nwb	5850818141	486	54	24
sub-SLR095/sub-SLR095_ses-20190217_obj-1l4xv7q_behavior+image.nwb	2455642204	276	56	20
sub-SLR124/sub-SLR124_ses-20220303_obj-114sg14_behavior+image/ed4f8924-6848-4b9c-8f6a-bb776e695b97_external_file_0.avi	18396469000	945	35	10
sub-SLR122/sub-SLR122_ses-20220202_obj-1sc7a4r_behavior+image/b52ea5bd-0a8d-4854-ba8d-60583ff9213a_external_file_0.avi	16387877248	1053	35	11
sub-SLR113/sub-SLR113_ses-20201128_obj-1w3qnuf_behavior+image/e28de30d-057a-4656-ac50-5ae44f21e0be_external_file_0.avi	14093520752	946	32	10
sub-SLR092/sub-SLR092_ses-20181215_obj-zgof7j_behavior+image.nwb	2711709228	332	58	22
sub-SLR105/sub-SLR105_ses-20191128_obj-1fpclqu_behavior+image/77e4a49e-b4ab-4014-805c-3a3a4222da7f_external_file_0.avi	11365699296	681	32	10
sub-SLR089/sub-SLR089_ses-20180727_obj-4z64wf_behavior+image.nwb	3247404268	289	68	20
sub-SLR090/sub-SLR090_ses-20180726_obj-tb8qyr_behavior+image.nwb	3426381660	347	54	23
sub-SLR089/sub-SLR089_ses-20180725_obj-1n5jf88_behavior+image/62bbf8d1-586b-4ffc-b7f3-17432ad94652_external_file_0.avi	6675697200	408	33	9
sub-SLR107/sub-SLR107_ses-20191220_behavior+image/6a3266f1-9fe3-4bcb-80f8-b9e963c10857_external_file_0.avi	16443926476	1053	35	11
sub-SLR087/sub-SLR087_ses-20180711_obj-13oav6e_behavior+image/0c6646aa-d026-4f04-bb00-826ee1bc46ee_external_file_0.avi	9484159304	511	39	11
sub-SLR090/sub-SLR090_ses-20180728_obj-s1rlx0_behavior+image.nwb	2455776956	278	60	21
sub-SLR116/sub-SLR116_ses-20210911_obj-1p2osyl_behavior+image/ef955308-66d1-4de7-a412-8b9731b1abc5_external_file_0.avi	14038590876	714	39	8
sub-SLR090/sub-SLR090_ses-20180725_obj-1nbubi2_behavior+image/43fdd0ab-23c9-439a-9186-4320a91877bf_external_file_0.avi	7655134980	466	31	9
sub-SLR090/sub-SLR090_ses-20180728_obj-s1rlx0_behavior+image/a6fe5bcd-f731-4995-bdaf-531cccf81d8b_external_file_0.avi	7188676044	444	34	9
sub-SLR087/sub-SLR087_ses-20180706_obj-tpv0p4_behavior+image.nwb	2176407896	281	58	21
sub-SLR089/sub-SLR089_ses-20180728_obj-112702m_behavior+image.nwb	3711055588	356	72	24
sub-SLR124/sub-SLR124_ses-20220301_obj-19jxibu_behavior+image.nwb	6220332600	326	44	20
sub-SLR097/sub-SLR097_ses-20190303_obj-jpgnls_behavior+image.nwb	4615385367	397	55	24
sub-SLR122/sub-SLR122_ses-20220202_obj-9sdk7v_behavior+image/25cb1c7c-2ed0-4326-992a-4aad74a14d40_external_file_0.avi	12028148820	706	33	9
sub-SLR089/sub-SLR089_ses-20180726_obj-16rdupn_behavior+image/8b262e43-23e6-49d8-9946-98fcc344f17f_external_file_0.avi	8207263956	573	38	10
sub-SLR105/sub-SLR105_ses-20191128_obj-1se88lt_behavior+image/a58efa69-cdbf-42b5-ad0d-dfddf4ed4973_external_file_0.avi	22376140660	1038	39	13
sub-SLR089/sub-SLR089_ses-20180727_obj-1ln4trh_behavior+image.nwb	2497652860	290	56	21
sub-SLR092/sub-SLR092_ses-20181215_obj-n1lz2g_behavior+image/972df6b6-62c3-4bae-8aec-5227284d1a26_external_file_0.avi	8448040792	502	33	8
sub-SLR095/sub-SLR095_ses-20190212_obj-1op1s8s_behavior+image.nwb	2888810684	300	58	20
sub-SLR102/sub-SLR102_ses-20190728_obj-ypb09t_behavior+image/cc93c831-84be-4c46-9259-5e889317f556_external_file_0.avi	4813090880	309	38	8
sub-SLR113/sub-SLR113_ses-20201128_obj-z23rs0_behavior+image.nwb	3622142312	353	63	22
sub-SLR090/sub-SLR090_ses-20180726_obj-1pbunpo_behavior+image/25aeb6d5-7b81-480d-96bf-7a41585a584a_external_file_0.avi	6065770596	380	41	9
sub-SLR106/sub-SLR106_ses-20191129_obj-1a3m1hx_behavior+image/dc7afc17-d752-4efd-b883-bc411caa0a2f_external_file_0.avi	15891157904	674	28	10
sub-SLR093/sub-SLR093_ses-20181214_obj-7go602_behavior+image/383f1234-696d-46d3-bbc3-c4de78b67fff_external_file_0.avi	12579719328	513	26	10
sub-SLR123/sub-SLR123_ses-20220219_obj-1bjxkkq_behavior+image/4f334683-2079-4167-8172-21f73a61fa48_external_file_0.avi	13152273764	758	38	9
sub-SLR116/sub-SLR116_ses-20210913_obj-4iqcuh_behavior+image.nwb	5897234667	454	61	27
sub-SLR089/sub-SLR089_ses-20180725_obj-cet65d_behavior+image/e713db63-867f-49fe-925e-56a7ea868755_external_file_0.avi	9519389916	452	42	9
sub-SLR095/sub-SLR095_ses-20190218_obj-9pu3c3_behavior+image/269cceae-81eb-4b7a-8d65-90801482f935_external_file_0.avi	8862298044	530	36	9
sub-SLR092/sub-SLR092_ses-20181215_obj-12uh995_behavior+image/82dc3950-b9be-4569-a538-3fe1a35ca9dd_external_file_0.avi	11369914704	651	31	10
sub-SLR106/sub-SLR106_ses-20191127_behavior+image/668b5d25-c460-4bc6-a6f5-5b378bf32ecb_external_file_0.avi	10526355156	618	22	9
sub-SLR121/sub-SLR121_ses-20220112_obj-19ubu6u_behavior+image/fcf06df0-63df-4a0d-bd97-6c84f5f514c5_external_file_0.avi	14359544080	818	33	10
sub-SLR116/sub-SLR116_ses-20210909_obj-dtq198_behavior+image.nwb	4915163120	353	49	21
sub-SLR093/sub-SLR093_ses-20181215_obj-s2jha6_behavior+image/258125d9-56c8-471f-a48b-37d35a03d682_external_file_0.avi	9079053252	544	28	9
sub-SLR121/sub-SLR121_ses-20220112_obj-w2179x_behavior+image.nwb	4627548948	402	62	24
sub-SLR093/sub-SLR093_ses-20181215_obj-r8l798_behavior+image.nwb	2439798732	272	49	19
sub-SLR117/sub-SLR117_ses-20210915_obj-17krpfw_behavior+image.nwb	4080755036	325	47	18
sub-SLR116/sub-SLR116_ses-20210914_obj-za6q4l_behavior+image/48ad2f96-6f64-4804-8180-874046c13133_external_file_0.avi	17853674076	714	31	9
sub-SLR119/sub-SLR119_ses-20211107_obj-1qf78jd_behavior+image/7dce1d1f-a32f-47e9-a2e2-ebf343d29dd1_external_file_0.avi	12011525440	699	26	9
sub-SLR103/sub-SLR103_ses-20190729_obj-1ojci7r_behavior+image/b929f88b-136f-4998-aa51-8d61344d2e99_external_file_0.avi	11115663264	654	30	9
sub-SLR123/sub-SLR123_ses-20220219_obj-14nkg11_behavior+image/8f5fa0b4-9b83-43fa-a196-dd0d42018d03_external_file_0.avi	14370108460	818	32	9
sub-SLR125/sub-SLR125_ses-20220731_obj-nny0ux_behavior+image.nwb	3993802868	301	34	18
sub-SLR123/sub-SLR123_ses-20220218_obj-1905xa2_behavior+image.nwb	4616542704	349	46	21
sub-SLR122/sub-SLR122_ses-20220201_obj-4bnxi0_behavior+image/b7058a09-198d-474f-8c5c-54d153136c0f_external_file_0.avi	12930985788	741	25	10
sub-SLR122/sub-SLR122_ses-20220202_obj-rkrdwd_behavior+image.nwb	4069621576	323	38	19
sub-SLR094/sub-SLR094_ses-20190212_obj-kv1ugg_behavior+image.nwb	3432816736	289	57	19
sub-SLR094/sub-SLR094_ses-20190212_obj-1ua8cgp_behavior+image.nwb	3823525440	309	55	20
sub-SLR120/sub-SLR120_ses-20220106_obj-1uq39xq_behavior+image/14faa67e-8ee8-427f-976a-3c533cbe1507_external_file_0.avi	12103672960	710	37	9
sub-SLR100/sub-SLR100_ses-20190430_obj-1u005aa_behavior+image/feb29eff-ef5f-4f26-b0b1-e462f0cc2f4a_external_file_0.avi	10706996298	618	34	11
sub-SLR087/sub-SLR087_ses-20180711_obj-1mb8ljx_behavior+image.nwb	2512623816	286	58	21
sub-SLR102/sub-SLR102_ses-20190731_obj-4jry0p_behavior+image/8f7a4865-d4cb-446d-938e-6404efc834f4_external_file_0.avi	11200242632	662	35	8
sub-SLR097/sub-SLR097_ses-20190303_obj-mu5vse_behavior+image.nwb	3233514312	287	46	19
sub-SLR119/sub-SLR119_ses-20211107_obj-1bunqyv_behavior+image.nwb	5887327864	337	52	19
sub-SLR092/sub-SLR092_ses-20181215_obj-n1lz2g_behavior+image.nwb	2266902456	270	51	20
sub-SLR123/sub-SLR123_ses-20220219_obj-141djk_behavior+image.nwb	4559350772	327	44	20
sub-SLR097/sub-SLR097_ses-20190304_obj-oekmt_behavior+image/f15b220a-02e9-4f75-95ca-a402f36c8464_external_file_0.avi	11889769456	678	28	10
sub-SLR113/sub-SLR113_ses-20201126_obj-vc3dpy_behavior+image.nwb	5042890716	409	49	22
sub-SLR120/sub-SLR120_ses-20220107_obj-shecx2_behavior+image/0e858f18-84a8-47bc-97e3-6db2c9c37634_external_file_0.avi	14382901044	815	29	10
sub-SLR122/sub-SLR122_ses-20220203_obj-10i8paq_behavior+image.nwb	5730173600	324	42	20
sub-SLR103/sub-SLR103_ses-20190728_obj-mbp24g_behavior+image.nwb	3681685996	313	38	19
sub-SLR108/sub-SLR108_ses-20191220_obj-5eqxyh_behavior+image/5a183b22-9e4c-4e5d-95dd-13454ad341ae_external_file_0.avi	4918962040	306	23	9
sub-SLR106/sub-SLR106_ses-20191128_obj-1g4xzfk_behavior+image/91ac6cd2-6f7d-49a3-894f-ec16861fbb4e_external_file_0.avi	11906618320	687	28	10
sub-SLR105/sub-SLR105_ses-20191128_obj-4wg4qu_behavior+image.nwb	5999883360	398	45	22
sub-SLR103/sub-SLR103_ses-20190728_obj-5xxb3l_behavior+image.nwb	4097699268	349	47	20
sub-SLR087/sub-SLR087_ses-20180712_obj-le8mji_behavior+image/d735674d-95e5-4f03-94c8-c273310042ab_external_file_0.avi	9130327088	425	36	11
sub-SLR102/sub-SLR102_ses-20190730_obj-azw6sp_behavior+image.nwb	5641911828	388	48	24
sub-SLR102/sub-SLR102_ses-20190729_obj-1228w9s_behavior+image/5493f770-2cf8-4f03-8446-6c612fbd7304_external_file_0.avi	16572915552	663	32	9
sub-SLR087/sub-SLR087_ses-20180712_obj-1p2szib_behavior+image.nwb	2031075900	260	66	20
sub-SLR095/sub-SLR095_ses-20190218_obj-f6ljc3_behavior+image/76a35975-974c-45aa-b052-0f9cd52f167e_external_file_0.avi	10253204371	604	46	13
sub-SLR115/sub-SLR115_ses-20210305_obj-xzqtkv_behavior+image.nwb	6104024961	386	48	24
sub-SLR089/sub-SLR089_ses-20180727_obj-1ln4trh_behavior+image/ce3a0641-66d1-4863-94d4-570c5dc2f97d_external_file_0.avi	7432382712	460	46	9
sub-SLR096/sub-SLR096_ses-20190303_obj-k4qbit_behavior+image.nwb	3945271036	320	59	19
sub-SLR112/sub-SLR112_ses-20201101_obj-1qhyf6_behavior+image.nwb	3416221408	340	57	20
sub-SLR092/sub-SLR092_ses-20181215_obj-jes0mx_behavior+image.nwb	2469561160	313	64	23
sub-SLR097/sub-SLR097_ses-20190302_obj-1ce7rah_behavior+image/d46e6211-59c3-4390-be85-765e56c866e3_external_file_0.avi	11327687656	642	22	10
sub-SLR126/sub-SLR126_ses-20220801_obj-181lv2f_behavior+image.nwb	5169632424	361	50	20
sub-SLR089/sub-SLR089_ses-20180726_obj-1azqfyf_behavior+image.nwb	2105558408	256	52	20
sub-SLR107/sub-SLR107_ses-20191222_obj-1du437g_behavior+image/ed2d9af9-cd48-462f-a118-4e509f29bb84_external_file_0.avi	12275626144	712	33	9
sub-SLR113/sub-SLR113_ses-20201128_obj-z23rs0_behavior+image/c6bb5217-ad7c-4d2f-b632-9aa5760895f5_external_file_0.avi	8391638700	505	27	9
sub-SLR095/sub-SLR095_ses-20190212_obj-1icyyan_behavior+image.nwb	2171569212	267	60	20
sub-SLR095/sub-SLR095_ses-20190212_obj-1icyyan_behavior+image/bc5b89a7-7006-45c3-a038-19ff1a20d56f_external_file_0.avi	8733104608	509	29	10
sub-SLR089/sub-SLR089_ses-20180725_obj-1sjk8fr_behavior+image.nwb	2041929296	263	53	20
sub-SLR108/sub-SLR108_ses-20191222_obj-1wc1nlu_behavior+image.nwb	4501988586	391	51	23
sub-SLR122/sub-SLR122_ses-20220202_obj-1sc7a4r_behavior+image.nwb	4800389192	346	47	20
sub-SLR115/sub-SLR115_ses-20210301_obj-6owkcr_behavior+image.nwb	5874570844	376	48	20
sub-SLR090/sub-SLR090_ses-20180728_obj-ecgbtn_behavior+image/de76cff5-5a17-47db-95f4-dd69cd37850e_external_file_0.avi	7572885828	459	25	9
sub-SLR123/sub-SLR123_ses-20220221_obj-4g9y2b_behavior+image/c39e278d-c031-4d49-81c7-aec5d0893f9e_external_file_0.avi	13570636528	767	28	9
sub-SLR119/sub-SLR119_ses-20211107_obj-ayomtd_behavior+image/073240d1-ccd9-4dac-a00e-85b6bbd5e295_external_file_0.avi	14385976584	810	25	10
sub-SLR100/sub-SLR100_ses-20190429_obj-19oglxk_behavior+image.nwb	5402203740	324	44	21
sub-SLR119/sub-SLR119_ses-20211108_obj-1thodu5_behavior+image.nwb	5341432256	359	44	23
sub-SLR100/sub-SLR100_ses-20190430_obj-90g22x_behavior+image/2339271e-cd9b-4805-8a21-f9511ae637c1_external_file_0.avi	12464117220	631	24	9
sub-SLR094/sub-SLR094_ses-20190208_obj-v55j4_behavior+image.nwb	3298078280	282	56	20
sub-SLR100/sub-SLR100_ses-20190429_obj-1rd3zt_behavior+image.nwb	3474354768	321	48	22
sub-SLR097/sub-SLR097_ses-20190304_obj-iftvhf_behavior+image.nwb	3192399620	286	40	18
sub-SLR095/sub-SLR095_ses-20190217_obj-dxswos_behavior+image/cc7f8ecf-dcde-4ef9-b85e-81261aac10aa_external_file_0.avi	8147217720	483	23	9
sub-SLR096/sub-SLR096_ses-20190303_obj-14s2via_behavior+image/8659c1c4-3db3-43e2-810d-c6eb02dd8610_external_file_0.avi	11361958000	652	28	9
sub-SLR111/sub-SLR111_ses-20200209_obj-1jf5hgd_behavior+image/b8dd30c1-c88b-46a9-ac6b-cd9835812431_external_file_0.avi	17414041776	709	30	9
sub-SLR103/sub-SLR103_ses-20190730_obj-1rd07s_behavior+image/5f0791ac-96c1-4255-b5bf-bef49f232cb8_external_file_0.avi	11069774400	651	27	9
sub-SLR115/sub-SLR115_ses-20210305_obj-1qzkef9_behavior+image/6b0bde61-0259-4dda-9597-bce98fd59c41_external_file_0.avi	19202834208	842	36	11
sub-SLR095/sub-SLR095_ses-20190218_obj-edknru_behavior+image.nwb	2680164436	282	49	19
sub-SLR092/sub-SLR092_ses-20181214_obj-kyxh43_behavior+image/d72836bf-58e5-45d5-9717-4f91761409f5_external_file_0.avi	7297634904	443	27	9
sub-SLR094/sub-SLR094_ses-20190212_obj-12zjl30_behavior+image/fe3882a8-c740-4588-8a0a-a83a03463c0a_external_file_0.avi	11648713388	520	26	10
sub-SLR095/sub-SLR095_ses-20190212_obj-1x13knd_behavior+image.nwb	3173810756	314	61	25
sub-SLR095/sub-SLR095_ses-20190217_obj-kczzyx_behavior+image.nwb	2323598688	272	58	20
sub-SLR089/sub-SLR089_ses-20180728_obj-1kwrcx7_behavior+image/ccc241d2-f451-4305-943b-8bda19a00e43_external_file_0.avi	7596275380	458	31	9
sub-SLR092/sub-SLR092_ses-20181214_obj-1wedt44_behavior+image.nwb	2232325276	288	55	20
sub-SLR106/sub-SLR106_ses-20191129_obj-ns8upr_behavior+image.nwb	4619804420	386	61	20
sub-SLR119/sub-SLR119_ses-20211104_obj-5h53n1_behavior+image/817bc7c0-c4e3-438d-ad10-33ebe117b191_external_file_0.avi	17907180760	703	24	10
sub-SLR106/sub-SLR106_ses-20191130_obj-pmyccw_behavior+image.nwb	5049528124	393	52	20
sub-SLR093/sub-SLR093_ses-20181215_obj-10bym51_behavior+image.nwb	2137102692	287	52	20
sub-SLR110/sub-SLR110_ses-20200206_obj-yvo7ph_behavior+image.nwb	7405617806	451	56	25
sub-SLR093/sub-SLR093_ses-20181215_obj-17z8y4e_behavior+image/5edf6145-7d88-4894-99dc-28df4f3d8e00_external_file_0.avi	9080193108	550	38	9
sub-SLR107/sub-SLR107_ses-20191222_obj-15zn5nh_behavior+image/89006160-1bdf-4d59-bbd0-f09cd75da058_external_file_0.avi	10037331545	585	39	11
sub-SLR089/sub-SLR089_ses-20180727_obj-1grmnk6_behavior+image.nwb	2473018580	283	57	21
sub-SLR092/sub-SLR092_ses-20181214_obj-uks5tf_behavior+image.nwb	2487791336	279	53	20
sub-SLR121/sub-SLR121_ses-20220113_obj-g1zalw_behavior+image/9e2c765d-01d9-4eac-afcc-dbb365753fe4_external_file_0.avi	11955167904	697	24	9
sub-SLR116/sub-SLR116_ses-20210911_obj-uhqsy8_behavior+image/e6b2266b-cb59-48a0-b4d7-8d615581d05e_external_file_0.avi	16454586208	826	39	9
sub-SLR089/sub-SLR089_ses-20180725_obj-1sjk8fr_behavior+image/06bdfa0e-acca-4e75-938b-24ac92a7b1b1_external_file_0.avi	7826380388	416	32	9
sub-SLR107/sub-SLR107_ses-20191220_behavior+image.nwb	3192152460	274	43	18
sub-SLR089/sub-SLR089_ses-20180726_obj-lj1usc_behavior+image/b6518571-ce1e-4200-a6ac-7bed779b5e0e_external_file_0.avi	7861438980	464	36	10
sub-SLR100/sub-SLR100_ses-20190430_obj-1h9gasa_behavior+image.nwb	4153844620	307	44	19
sub-SLR106/sub-SLR106_ses-20191129_obj-tvlc2i_behavior+image/34c74f66-af7f-4b83-a620-abd8aa3f5e62_external_file_0.avi	15792544360	667	33	10
sub-SLR102/sub-SLR102_ses-20190729_obj-1228w9s_behavior+image.nwb	6846112721	429	58	22
sub-SLR108/sub-SLR108_ses-20191221_obj-1sz8a0k_behavior+image.nwb	5814200340	359	50	23
sub-SLR122/sub-SLR122_ses-20220202_obj-rkrdwd_behavior+image/867e2f41-f57c-45eb-9250-231d3cdc5ac7_external_file_0.avi	11923806624	693	19	9
sub-SLR089/sub-SLR089_ses-20180725_obj-1rdxalu_behavior+image/26bdeb9c-5c88-451a-8d01-e63c28218dcc_external_file_0.avi	7817396602	474	34	12
sub-SLR119/sub-SLR119_ses-20211105_obj-oumsm5_behavior+image.nwb	4617432800	348	48	19
sub-SLR087/sub-SLR087_ses-20180706_obj-9f5hhw_behavior+image/43fd4dd1-6c98-4932-8fb7-b7d3383c3891_external_file_0.avi	7342969900	441	32	10
sub-SLR096/sub-SLR096_ses-20190304_obj-1h6d91o_behavior+image/ff7637f5-23e8-4b99-a752-26f10084c889_external_file_0.avi	10848539916	559	29	8
sub-SLR095/sub-SLR095_ses-20190218_obj-hw5ymv_behavior+image.nwb	2029915868	246	52	19
sub-SLR112/sub-SLR112_ses-20201030_obj-1juash_behavior+image.nwb	4015607664	345	42	21
sub-SLR106/sub-SLR106_ses-20191130_obj-1ubk4px_behavior+image/e2fad59d-851a-4bb0-b15c-dcbd92fd6c9a_external_file_0.avi	17252802104	715	30	10
sub-SLR112/sub-SLR112_ses-20201030_obj-4afj6h_behavior+image/be0c75cc-abb2-46e6-b6d2-ce2ee0ceb92a_external_file_0.avi	13878036260	582	24	10
sub-SLR119/sub-SLR119_ses-20211108_obj-es24x8_behavior+image.nwb	4103218724	333	45	19
sub-SLR092/sub-SLR092_ses-20181215_obj-1apbxwo_behavior+image/f8643584-e7e2-4390-8c34-990f4526afff_external_file_0.avi	6920817252	424	24	8
sub-SLR097/sub-SLR097_ses-20190304_obj-oekmt_behavior+image.nwb	3370623360	317	55	20
sub-SLR087/sub-SLR087_ses-20180711_obj-1ffti0t_behavior+image/cdc9f97a-6b89-473d-b184-f534576708a5_external_file_0.avi	9862574356	440	25	11
sub-SLR117/sub-SLR117_ses-20210913_obj-142mril_behavior+image/63bd545c-b4f1-46bd-bdf0-23cd03c04f00_external_file_0.avi	11966926920	704	28	9
sub-SLR105/sub-SLR105_ses-20191130_obj-16p23xr_behavior+image.nwb	7640288396	437	57	26
sub-SLR102/sub-SLR102_ses-20190729_obj-8m5i87_behavior+image.nwb	4026653820	346	50	20
sub-SLR114/sub-SLR114_ses-20210228_obj-1eimtt7_behavior+image/200c4c68-0cc7-4271-b767-11053d373952_external_file_0.avi	16092933364	731	32	10
sub-SLR112/sub-SLR112_ses-20201031_behavior+image.nwb	7009324671	459	50	24
sub-SLR108/sub-SLR108_ses-20191220_obj-1nceasu_behavior+image.nwb	3361014028	332	46	22
sub-SLR112/sub-SLR112_ses-20201101_obj-uvi1d7_behavior+image/91e3b1dc-22ff-40ea-a485-4ce74b236eed_external_file_0.avi	9573890496	557	30	9
sub-SLR093/sub-SLR093_ses-20181214_obj-f19mvn_behavior+image.nwb	2189832800	270	54	19
sub-SLR087/sub-SLR087_ses-20180711_obj-1ffti0t_behavior+image.nwb	1918718136	254	48	20
sub-SLR106/sub-SLR106_ses-20191128_obj-1j0jgve_behavior+image/e9867ad4-69f8-4c24-9d45-7b6833ecf38c_external_file_0.avi	13428313396	758	27	10
sub-SLR111/sub-SLR111_ses-20200209_obj-137vpiy_behavior+image/89c0e9b8-409f-47ed-a797-5747f6de0c06_external_file_0.avi	11583030021	627	37	9
sub-SLR112/sub-SLR112_ses-20201101_obj-1qhyf6_behavior+image/405fbfd6-40cd-4b58-b70b-d505abaf9f20_external_file_0.avi	10732606692	620	28	10
sub-SLR120/sub-SLR120_ses-20220106_obj-cw5yyz_behavior+image.nwb	5731566384	348	52	21
sub-SLR097/sub-SLR097_ses-20190303_obj-1j7m35d_behavior+image/2031b4c8-6767-4888-a793-d677ec55c6e8_external_file_0.avi	17454041684	630	29	11
sub-SLR106/sub-SLR106_ses-20191201_behavior+image.nwb	5114243264	370	52	21
sub-SLR097/sub-SLR097_ses-20190304_obj-1ohhfqy_behavior+image.nwb	3402592752	307	50	20
sub-SLR124/sub-SLR124_ses-20220303_obj-1s71z1p_behavior+image.nwb	4678470384	354	51	20
sub-SLR105/sub-SLR105_ses-20191128_obj-1iwuqss_behavior+image/9a6f155c-74d9-41b4-943b-50af6ac40c4e_external_file_0.avi	14133760928	808	32	11
sub-SLR112/sub-SLR112_ses-20201101_obj-1ei4aqe_behavior+image/ede513e0-8942-4f7a-8147-0d22ec79daf9_external_file_0.avi	11363714376	673	35	9
sub-SLR096/sub-SLR096_ses-20190304_obj-98dh0u_behavior+image.nwb	4543449440	354	53	25
sub-SLR116/sub-SLR116_ses-20210911_obj-80vule_behavior+image/a53eed92-862d-4b1f-93c2-71fa55fe05c3_external_file_0.avi	12164542464	706	29	8
sub-SLR126/sub-SLR126_ses-20220802_obj-1fv9sjs_behavior+image/594747f3-a785-4e2e-9516-955e448ee170_external_file_0.avi	14344083292	810	26	10
sub-SLR095/sub-SLR095_ses-20190213_obj-pt3lho_behavior+image/bb53e57a-bfb1-48e2-9b4d-2d5fc9d3dca8_external_file_0.avi	8346791100	503	29	9
sub-SLR117/sub-SLR117_ses-20210913_obj-zt4h7w_behavior+image/97805923-72c3-42c7-b762-c2f3e966e337_external_file_0.avi	17629551717	712	30	11
sub-SLR123/sub-SLR123_ses-20220219_obj-me09bt_behavior+image.nwb	4713026224	339	49	20
sub-SLR107/sub-SLR107_ses-20191221_obj-1hgd4jz_behavior+image.nwb	2759827540	270	47	21
sub-SLR114/sub-SLR114_ses-20210226_obj-zrx2z4_behavior+image/eb63d672-d995-489e-af56-3e170c1b7dcd_external_file_0.avi	11997950652	699	25	9
sub-SLR124/sub-SLR124_ses-20220302_obj-50qg12_behavior+image.nwb	7420960844	412	50	23
sub-SLR093/sub-SLR093_ses-20181214_obj-7go602_behavior+image.nwb	2318346300	257	52	18
sub-SLR092/sub-SLR092_ses-20181215_obj-1w9w73c_behavior+image.nwb	2189191196	276	51	21
sub-SLR097/sub-SLR097_ses-20190304_obj-150ltl7_behavior+image/3cd5e3a6-34fa-4f05-90ab-abd6445fc047_external_file_0.avi	9206493420	550	30	9
sub-SLR122/sub-SLR122_ses-20220201_obj-1o8y7in_behavior+image.nwb	4009022324	341	48	20
sub-SLR103/sub-SLR103_ses-20190729_obj-b3ypg_behavior+image.nwb	3990696620	356	42	22
sub-SLR117/sub-SLR117_ses-20210914_obj-cbhkl8_behavior+image/b134c029-d92a-45c0-ba4f-69625a467a80_external_file_0.avi	15572538476	689	35	10
sub-SLR100/sub-SLR100_ses-20190430_obj-1h9gasa_behavior+image/0af1f56e-1725-43df-99c0-3e0e5a181c2f_external_file_0.avi	14563640764	815	30	10
sub-SLR093/sub-SLR093_ses-20181215_obj-10bym51_behavior+image/0a474d0c-5df9-4e2b-8944-a273d8b17c1a_external_file_0.avi	10462429088	477	27	10
sub-SLR123/sub-SLR123_ses-20220219_obj-1bjxkkq_behavior+image.nwb	5757925877	424	50	26
sub-SLR119/sub-SLR119_ses-20211105_obj-1057scg_behavior+image.nwb	4090121656	336	45	20
sub-SLR113/sub-SLR113_ses-20201127_obj-q80d1_behavior+image/be7678ff-c550-497e-9954-b348d82e31e5_external_file_0.avi	13932770552	809	37	10
sub-SLR119/sub-SLR119_ses-20211107_obj-1qf78jd_behavior+image.nwb	5696691884	339	45	21
sub-SLR094/sub-SLR094_ses-20190212_obj-rjve7m_behavior+image/928c4790-baf2-484b-ae32-1a0915783d59_external_file_0.avi	8525171245	520	42	10
sub-SLR117/sub-SLR117_ses-20210913_obj-18lmyl8_behavior+image.nwb	4115650624	339	49	20
sub-SLR090/sub-SLR090_ses-20180726_obj-1c83e7d_behavior+image/39161729-4bae-4a67-8dee-54fcb1c9630e_external_file_0.avi	9238185256	537	33	10
sub-SLR115/sub-SLR115_ses-20210305_obj-152m37e_behavior+image.nwb	4309535116	362	46	20
sub-SLR097/sub-SLR097_ses-20190303_obj-1ldxqct_behavior+image.nwb	3248898304	304	53	20
sub-SLR097/sub-SLR097_ses-20190304_obj-1kypd8e_behavior+image.nwb	3470894676	306	51	19
sub-SLR096/sub-SLR096_ses-20190302_obj-19t7ioo_behavior+image/b4756c06-571c-4cea-a25a-d443431c4bd6_external_file_0.avi	9449923288	556	27	8
sub-SLR100/sub-SLR100_ses-20190430_obj-6zjrxe_behavior+image/58f9c78f-977a-44fe-8891-0edaf5560d76_external_file_0.avi	15682634500	636	21	10
sub-SLR087/sub-SLR087_ses-20180712_obj-qcdhpp_behavior+image.nwb	2112736116	286	55	24
sub-SLR100/sub-SLR100_ses-20190430_obj-5lddn0_behavior+image/34c03554-7db5-43f9-b489-b6f493734e6e_external_file_0.avi	9826846396	582	29	9
sub-SLR121/sub-SLR121_ses-20220112_obj-1ex8775_behavior+image.nwb	4123949468	326	50	18
sub-SLR093/sub-SLR093_ses-20181215_obj-s2jha6_behavior+image.nwb	3358492464	260	41	19
sub-SLR113/sub-SLR113_ses-20201127_obj-u74crk_behavior+image.nwb	4452000528	367	48	19
sub-SLR123/sub-SLR123_ses-20220221_obj-a6g529_behavior+image/5f7d0b2b-2552-49ac-a0f8-3699471c66a3_external_file_0.avi	16867689328	813	23	10
sub-SLR096/sub-SLR096_ses-20190303_obj-18q8pve_behavior+image/2574e41c-8d26-4bea-9440-77e26c3640f3_external_file_0.avi	11135758208	574	35	9
sub-SLR106/sub-SLR106_ses-20191128_obj-1qoh27k_behavior+image.nwb	4767785028	392	58	21
sub-SLR093/sub-SLR093_ses-20181215_obj-1vczkew_behavior+image.nwb	2436446856	251	41	19
sub-SLR087/sub-SLR087_ses-20180711_obj-cgo0ri_behavior+image/aa1c2c59-0c25-4bd3-9e12-41206cccd663_external_file_0.avi	7213738312	441	43	10
sub-SLR124/sub-SLR124_ses-20220303_obj-17obd1p_behavior+image/7c9e52e0-7c30-4a50-a017-38c37ae5c69f_external_file_0.avi	14738072156	830	25	9
sub-SLR114/sub-SLR114_ses-20210228_obj-qigr3m_behavior+image/dfb9a716-e1ac-442c-a3cb-3fb6c622596e_external_file_0.avi	14945225632	844	30	10
sub-SLR123/sub-SLR123_ses-20220219_obj-11ixn5a_behavior+image/9d724d60-bc7f-4b3b-beb0-b19600712401_external_file_0.avi	11890000148	701	29	8
sub-SLR095/sub-SLR095_ses-20190213_obj-1pxi167_behavior+image/9b586888-ed2e-4d85-9927-8eebf0884f20_external_file_0.avi	8917178245	532	27	10
sub-SLR111/sub-SLR111_ses-20200209_obj-15gs3n5_behavior+image.nwb	4374312204	392	54	22
sub-SLR094/sub-SLR094_ses-20190212_obj-1xwz6v5_behavior+image/47760e5e-0fd7-4fe9-8770-80f1737bf8d5_external_file_0.avi	12970092764	533	37	10
sub-SLR089/sub-SLR089_ses-20180725_obj-1rdxalu_behavior+image.nwb	2268123728	289	52	22
sub-SLR093/sub-SLR093_ses-20181215_obj-16lat3b_behavior+image.nwb	2698349080	302	44	20
sub-SLR092/sub-SLR092_ses-20181215_obj-dioii_behavior+image/bdf62b9c-df6f-4947-9cf4-a7927eb2af32_external_file_0.avi	8562758988	499	22	10
sub-SLR110/sub-SLR110_ses-20200205_obj-kbm4rk_behavior+image.nwb	5627498326	453	47	22
sub-SLR124/sub-SLR124_ses-20220302_obj-1p8glff_behavior+image/f02192d4-68b0-449e-97c2-867076ee8d2f_external_file_0.avi	11853588728	692	20	8
sub-SLR102/sub-SLR102_ses-20190728_obj-2ayyxi_behavior+image/aecad7ac-4951-456a-bd43-42c8e7763693_external_file_0.avi	7811785188	462	22	8
sub-SLR094/sub-SLR094_ses-20190212_obj-rjve7m_behavior+image.nwb	3332822684	294	50	20
sub-SLR125/sub-SLR125_ses-20220731_obj-5vw24v_behavior+image/6ea9e59e-1410-4774-bf20-03a489771ee9_external_file_0.avi	14263541181	808	24	11
sub-SLR090/sub-SLR090_ses-20180725_obj-1xddw60_behavior+image/69a80ef7-b0fb-4ee4-bed1-63894acf6e1c_external_file_0.avi	7382670944	440	31	10
sub-SLR089/sub-SLR089_ses-20180728_obj-1kwrcx7_behavior+image.nwb	2197436064	255	53	19
sub-SLR089/sub-SLR089_ses-20180727_obj-4z64wf_behavior+image/8cb1d7fd-3201-4337-8b5f-2a133742749a_external_file_0.avi	7992288592	487	43	9
sub-SLR110/sub-SLR110_ses-20200205_obj-691qne_behavior+image/6139fbd3-df4b-4348-9722-06191e45d2c9_external_file_0.avi	14560926616	731	32	10
sub-SLR090/sub-SLR090_ses-20180728_obj-x47pt2_behavior+image.nwb	3080487704	289	54	22
sub-SLR107/sub-SLR107_ses-20191222_obj-w8vlj2_behavior+image/b689245a-800e-4a1d-b5c2-cde43c555d35_external_file_0.avi	11978947308	705	32	9
sub-SLR111/sub-SLR111_ses-20200209_obj-hlt52x_behavior+image/b9a23cbc-d6f0-4efd-8d7b-adcd51ff8db3_external_file_0.avi	14263867344	805	20	9
sub-SLR121/sub-SLR121_ses-20220112_obj-1j8fldk_behavior+image/625d66e8-cda2-4fa2-94d3-ab5ade976a06_external_file_0.avi	14355465152	821	36	10
sub-SLR113/sub-SLR113_ses-20201127_obj-q80d1_behavior+image.nwb	6636392210	483	47	23
sub-SLR092/sub-SLR092_ses-20181215_obj-t2j44l_behavior+image.nwb	2966071688	284	48	21
sub-SLR116/sub-SLR116_ses-20210911_obj-1gvsenh_behavior+image.nwb	5924477620	319	41	20
sub-SLR110/sub-SLR110_ses-20200207_obj-f1of3l_behavior+image.nwb	1113731252	296	62	33
sub-SLR092/sub-SLR092_ses-20181214_obj-uks5tf_behavior+image/83ae3070-5569-4297-9363-53a774d44533_external_file_0.avi	8617667092	510	38	8
sub-SLR090/sub-SLR090_ses-20180727_obj-1raq2g8_behavior+image.nwb	2266077576	249	43	20
sub-SLR097/sub-SLR097_ses-20190303_obj-mu5vse_behavior+image/2c03cf8e-ccfa-4266-ae6a-2b1405639a46_external_file_0.avi	10090999956	577	30	10
sub-SLR106/sub-SLR106_ses-20191127_behavior+image.nwb	6444806012	373	51	21
sub-SLR096/sub-SLR096_ses-20190303_obj-fm5uqh_behavior+image.nwb	3333782964	302	47	19
sub-SLR114/sub-SLR114_ses-20210306_obj-1sbu6g5_behavior+image.nwb	5037527932	349	54	19
sub-SLR090/sub-SLR090_ses-20180727_obj-vwbf58_behavior+image.nwb	2631352804	257	47	20
sub-SLR094/sub-SLR094_ses-20190212_obj-19aq9t_behavior+image.nwb	3320650000	298	53	22
sub-SLR095/sub-SLR095_ses-20190218_obj-1qggj6z_behavior+image.nwb	2722393848	287	51	22
sub-SLR116/sub-SLR116_ses-20210913_obj-13kdn94_behavior+image.nwb	7979019291	429	44	24
sub-SLR094/sub-SLR094_ses-20190212_obj-1yu48h3_behavior+image/4a921def-6f4e-4d80-9a51-1c0fa8ae9415_external_file_0.avi	11361362084	611	34	11
sub-SLR092/sub-SLR092_ses-20181214_obj-j068mk_behavior+image/ff4353fb-7503-4b7e-9b3f-e9dfc802a5fa_external_file_0.avi	12238694296	494	31	10
sub-SLR105/sub-SLR105_ses-20191127_obj-rjvhk4_behavior+image.nwb	5248765732	382	50	23
sub-SLR095/sub-SLR095_ses-20190218_obj-azt6v_behavior+image.nwb	3048674792	306	60	21
sub-SLR103/sub-SLR103_ses-20190729_obj-1o68wbc_behavior+image.nwb	5105064932	337	44	19
sub-SLR105/sub-SLR105_ses-20191201_obj-z6osxu_behavior+image.nwb	7586300174	515	54	25
sub-SLR121/sub-SLR121_ses-20220112_obj-1ex8775_behavior+image/21461451-c5dc-4220-8308-600232542b3a_external_file_0.avi	19698240236	743	26	11
sub-SLR119/sub-SLR119_ses-20211107_obj-1pvx8m4_behavior+image.nwb	6187142152	359	59	20
sub-SLR093/sub-SLR093_ses-20181215_obj-kytv0g_behavior+image.nwb	2581079596	298	47	23
sub-SLR100/sub-SLR100_ses-20190429_obj-18q6cyb_behavior+image.nwb	6233045548	326	44	22
sub-SLR087/sub-SLR087_ses-20180706_obj-vrzjkl_behavior+image/c54f6ce5-122e-4f90-a858-d873584fabd4_external_file_0.avi	6992335240	395	30	10
sub-SLR092/sub-SLR092_ses-20181215_obj-r0k2jd_behavior+image.nwb	2302270068	315	54	24
sub-SLR119/sub-SLR119_ses-20211107_obj-1gv3jqm_behavior+image/6031df22-759a-4284-a06f-0e90ddb8edc2_external_file_0.avi	12015117732	700	27	9
sub-SLR124/sub-SLR124_ses-20220301_obj-ierw6t_behavior+image/af2b762f-e51f-481b-9b26-9054829d9084_external_file_0.avi	11995202424	698	26	8
sub-SLR120/sub-SLR120_ses-20220105_obj-h40u5h_behavior+image.nwb	4318950092	385	66	23
sub-SLR090/sub-SLR090_ses-20180726_obj-15znjhy_behavior+image.nwb	2045304368	250	47	21
sub-SLR122/sub-SLR122_ses-20220202_obj-11izc0s_behavior+image.nwb	5844316526	413	48	25
sub-SLR115/sub-SLR115_ses-20210308_behavior+image.nwb	4935281444	380	48	21
sub-SLR100/sub-SLR100_ses-20190430_obj-8oq0ud_behavior+image/f7d0b68a-6b62-4b49-b879-bf5cfdc0d85e_external_file_0.avi	13091649332	690	26	11
sub-SLR099/sub-SLR099_ses-20190429_obj-1u4mz38_behavior+image.nwb	6117122228	363	58	22
sub-SLR089/sub-SLR089_ses-20180725_obj-r8sgmu_behavior+image.nwb	1911854788	242	49	19
sub-SLR115/sub-SLR115_ses-20210302_obj-kirab3_behavior+image.nwb	5603144412	431	51	24
sub-SLR114/sub-SLR114_ses-20210307_obj-1dadygb_behavior+image.nwb	5588456200	381	46	21
sub-SLR087/sub-SLR087_ses-20180712_obj-le8mji_behavior+image.nwb	2133747164	269	58	21
sub-SLR107/sub-SLR107_ses-20191219_obj-2f2bsv_behavior+image/9ad88a9a-dd9b-4231-bf7b-cf6dba9ee293_external_file_0.avi	11979658860	699	28	9
sub-SLR124/sub-SLR124_ses-20220302_obj-50qg12_behavior+image/566645d8-22dc-4afd-82ad-999c41908131_external_file_0.avi	14428387392	815	25	9
sub-SLR094/sub-SLR094_ses-20190212_obj-bkcrjf_behavior+image.nwb	2981486412	272	48	19
sub-SLR097/sub-SLR097_ses-20190303_obj-8bdi75_behavior+image/72474344-921b-425c-834a-a691ca944b47_external_file_0.avi	10732027916	618	27	10
sub-SLR099/sub-SLR099_ses-20190503_obj-wx7mcc_behavior+image.nwb	3397193484	297	49	20
sub-SLR102/sub-SLR102_ses-20190730_obj-1bwigpa_behavior+image/101d4f87-10b7-4836-8b33-0bc39037e06c_external_file_0.avi	13255101372	758	29	9
sub-SLR095/sub-SLR095_ses-20190217_obj-13ektcd_behavior+image.nwb	2272030592	263	54	19
sub-SLR115/sub-SLR115_ses-20210305_obj-152m37e_behavior+image/48be6b37-7422-4cf4-bcd8-4f5192222246_external_file_0.avi	14685899070	837	43	12
sub-SLR095/sub-SLR095_ses-20190212_obj-1x13knd_behavior+image/019547ec-e9f8-41d8-83c5-e80d1a8a8799_external_file_0.avi	8948490584	470	39	9
sub-SLR095/sub-SLR095_ses-20190218_obj-1tfr4ss_behavior+image.nwb	2947999156	293	60	20
sub-SLR094/sub-SLR094_ses-20190208_obj-v55j4_behavior+image/ec9c394f-83e0-44fb-849d-9978d167fecc_external_file_0.avi	8273845572	501	33	9
sub-SLR107/sub-SLR107_ses-20191222_obj-1du437g_behavior+image.nwb	4522807404	290	46	21
sub-SLR087/sub-SLR087_ses-20180706_obj-szr1ho_behavior+image/b820a5ac-3a68-4efa-934a-d45ad4aa42e0_external_file_0.avi	7491054072	414	28	11
sub-SLR102/sub-SLR102_ses-20190730_obj-1kpiwv9_behavior+image/f3e6f908-751c-4685-a39a-0cf7a8d35580_external_file_0.avi	16939870760	764	35	9
sub-SLR096/sub-SLR096_ses-20190303_obj-1drqp7v_behavior+image/3073fbf6-ddaa-43fa-bce1-fd2a24aefcac_external_file_0.avi	12013608684	695	38	9
sub-SLR095/sub-SLR095_ses-20190213_obj-oc4ybw_behavior+image.nwb	2563401364	280	49	21
sub-SLR096/sub-SLR096_ses-20190302_obj-1vfccl9_behavior+image.nwb	3623379764	326	54	21
sub-SLR114/sub-SLR114_ses-20210306_obj-1sbu6g5_behavior+image/046e5c6e-76bc-4a10-a795-1d4295c749ca_external_file_0.avi	14478288424	814	31	10
sub-SLR096/sub-SLR096_ses-20190302_obj-zwd5d5_behavior+image/34d90118-ce0b-48ee-afc3-2ed352f4cfd3_external_file_0.avi	8982405878	543	29	11
sub-SLR115/sub-SLR115_ses-20210301_obj-hixgzn_behavior+image/910da5d1-46c8-49fe-b49c-545fd124b16f_external_file_0.avi	16623353453	721	24	11
sub-SLR097/sub-SLR097_ses-20190303_obj-tlt9ab_behavior+image/a77b1074-8658-4ae0-a936-8cd7d3bb95ce_external_file_0.avi	10473107340	614	20	9
sub-SLR100/sub-SLR100_ses-20190430_obj-hnxd1h_behavior+image/16a2372a-2084-40c6-bf43-13c29e666fbc_external_file_0.avi	17983796136	704	24	11
sub-SLR106/sub-SLR106_ses-20191128_obj-1j0jgve_behavior+image.nwb	4675595408	394	62	21
sub-SLR105/sub-SLR105_ses-20191129_obj-9430j9_behavior+image.nwb	8004829304	467	52	28
sub-SLR099/sub-SLR099_ses-20190503_obj-1pp7yc1_behavior+image.nwb	3486512652	289	51	18
sub-SLR105/sub-SLR105_ses-20191129_obj-hsve5s_behavior+image/dd30a79e-9e6b-4cbb-9967-f81958efea85_external_file_0.avi	15552707292	782	31	11
sub-SLR103/sub-SLR103_ses-20190728_obj-mbp24g_behavior+image/9328d840-c748-4e64-a66c-924f24ddb28c_external_file_0.avi	15864478140	778	28	12
sub-SLR087/sub-SLR087_ses-20180706_obj-14ua2bs_behavior+image/9557b48e-46f0-45f2-a700-a2e15318c5bc_external_file_0.avi	14337047840	470	58	16
sub-SLR102/sub-SLR102_ses-20190729_obj-14g0mqk_behavior+image.nwb	5621962964	390	55	22
sub-SLR110/sub-SLR110_ses-20200207_obj-1f6fnud_behavior+image.nwb	1605383336	191	47	20
sub-SLR095/sub-SLR095_ses-20190213_obj-1p4lhao_behavior+image.nwb	3637270272	374	66	29
sub-SLR087/sub-SLR087_ses-20180711_obj-1jc5hk4_behavior+image/8516404e-e7e4-4d3b-a3ba-87541276850f_external_file_0.avi	8326507712	426	32	12
sub-SLR092/sub-SLR092_ses-20181215_obj-dioii_behavior+image.nwb	2735846508	296	53	25
sub-SLR093/sub-SLR093_ses-20181215_obj-j18mhv_behavior+image/982099cf-38aa-4c15-a6a8-908dffbd4614_external_file_0.avi	11997050493	598	23	12
sub-SLR102/sub-SLR102_ses-20190730_obj-l5qay7_behavior+image.nwb	5137069304	410	61	24
sub-SLR117/sub-SLR117_ses-20210915_obj-p0rv2y_behavior+image/8bb80300-ba61-4c2c-99dd-f8186e8cd60e_external_file_0.avi	19867104512	746	29	11
sub-SLR105/sub-SLR105_ses-20191127_obj-1wrdv6g_behavior+image.nwb	5372119076	446	48	27
sub-SLR110/sub-SLR110_ses-20200206_obj-e6o8ef_behavior+image.nwb	1936275760	242	45	21
sub-SLR114/sub-SLR114_ses-20210305_obj-qjgohv_behavior+image.nwb	6611562388	359	45	21
sub-SLR092/sub-SLR092_ses-20181215_obj-snfa3_behavior+image.nwb	3065188520	304	51	22
sub-SLR087/sub-SLR087_ses-20180711_obj-cgo0ri_behavior+image.nwb	2101944448	283	57	25
sub-SLR119/sub-SLR119_ses-20211107_obj-ifgnt2_behavior+image/7babcb7a-1844-44ac-984f-ed80753cd1b4_external_file_0.avi	13995811360	738	27	10
sub-SLR113/sub-SLR113_ses-20201127_obj-u74crk_behavior+image/27a4acca-f144-4586-b776-ce5687b93e78_external_file_0.avi	16665770908	862	18	11
sub-SLR120/sub-SLR120_ses-20220106_obj-cw5yyz_behavior+image/6da11913-d9c2-4567-a72d-82570f9da2b7_external_file_0.avi	13978289272	745	34	10
sub-SLR093/sub-SLR093_ses-20181215_obj-1u093n9_behavior+image/51168da1-1869-4ad5-8370-07aa7685e2fa_external_file_0.avi	10247951872	557	29	10
sub-SLR111/sub-SLR111_ses-20200207_behavior+image.nwb	3588707760	383	48	23
sub-SLR119/sub-SLR119_ses-20211105_obj-oumsm5_behavior+image/0a0959e9-cea7-410f-b7b0-b6d5d82ec843_external_file_0.avi	14145681664	745	31	10
sub-SLR114/sub-SLR114_ses-20210228_obj-qigr3m_behavior+image.nwb	8783076021	520	50	25
sub-SLR114/sub-SLR114_ses-20210307_obj-2gbxh7_behavior+image/7cd21067-fc8a-44e5-9fac-c1862d38bb2b_external_file_0.avi	14097048920	754	27	11
sub-SLR090/sub-SLR090_ses-20180726_obj-yqw6la_behavior+image/560d1adc-3c3b-40c3-9f6b-424063141d34_external_file_0.avi	8730094304	477	28	10
sub-SLR103/sub-SLR103_ses-20190729_obj-15evtha_behavior+image.nwb	5037048480	391	44	22
sub-SLR087/sub-SLR087_ses-20180712_obj-1t4nevm_behavior+image.nwb	2178746412	269	69	21
sub-SLR100/sub-SLR100_ses-20190429_obj-1rd3zt_behavior+image/bea94e7a-574c-424e-8836-7bbd3ba0ebbf_external_file_0.avi	16965560152	767	31	13
sub-SLR126/sub-SLR126_ses-20220802_obj-1l8xdk0_behavior+image/427c9214-b0a0-4ee4-b28e-9093eca8a797_external_file_0.avi	16359761532	855	34	11
sub-SLR112/sub-SLR112_ses-20201030_obj-1thzsuy_behavior+image.nwb	6294904440	415	52	21
sub-SLR124/sub-SLR124_ses-20220303_obj-19sntr8_behavior+image.nwb	5115288008	340	46	21
sub-SLR117/sub-SLR117_ses-20210911_obj-1otdz2t_behavior+image.nwb	4966895188	409	52	23
sub-SLR089/sub-SLR089_ses-20180728_obj-rzlb7p_behavior+image/cddfe84e-5282-44c4-8a35-17138ac0e6c7_external_file_0.avi	9538245684	520	30	10
sub-SLR120/sub-SLR120_ses-20220107_obj-shecx2_behavior+image.nwb	4657888240	359	52	21
sub-SLR102/sub-SLR102_ses-20190729_obj-14vdfmh_behavior+image.nwb	4636703624	383	49	22
sub-SLR100/sub-SLR100_ses-20190430_obj-1n70k98_behavior+image/aba4456d-518f-4e45-a79d-406c290e8c63_external_file_0.avi	11948209380	636	23	10
sub-SLR096/sub-SLR096_ses-20190303_obj-1baczvm_behavior+image.nwb	3697941096	343	51	22
sub-SLR114/sub-SLR114_ses-20210306_obj-1gdo90i_behavior+image/5f024e0f-2a13-42b9-8653-69514fae53a0_external_file_0.avi	14048072892	753	28	11
sub-SLR089/sub-SLR089_ses-20180726_obj-lj1usc_behavior+image.nwb	2585447672	278	56	22
sub-SLR100/sub-SLR100_ses-20190429_obj-1h1jwrx_behavior+image/a0f4f260-4c60-4948-b558-094e8635098d_external_file_0.avi	13551020064	539	30	11
sub-SLR097/sub-SLR097_ses-20190304_obj-iftvhf_behavior+image/ae4671d6-840f-4a18-9f30-0d0140e6f5b1_external_file_0.avi	12551127964	625	37	10
sub-SLR113/sub-SLR113_ses-20201126_obj-1kxrhh4_behavior+image/54243078-115d-4617-9649-27e8efcbf054_external_file_0.avi	18672715576	865	29	11
sub-SLR120/sub-SLR120_ses-20220105_obj-h40u5h_behavior+image/8cc1dde7-e975-4a56-a273-f24dfc364355_external_file_0.avi	11964683616	700	26	9
sub-SLR099/sub-SLR099_ses-20190428_obj-1ocrzx1_behavior+image/55af07d1-e925-4537-8488-12c579bdf338_external_file_0.avi	15042833676	604	24	10
sub-SLR120/sub-SLR120_ses-20220106_obj-9uuulh_behavior+image/fe928efb-c521-42d0-b30d-a4184a54767e_external_file_0.avi	14160687628	756	42	10
sub-SLR125/sub-SLR125_ses-20220802_behavior+image/c4b8734e-3197-46f3-b107-626ba0e6a4f9_external_file_0.avi	14034495136	757	35	11
sub-SLR100/sub-SLR100_ses-20190430_obj-8oq0ud_behavior+image.nwb	4947952164	298	46	22
sub-SLR108/sub-SLR108_ses-20191221_obj-1sz8a0k_behavior+image/9062eae6-69d5-4e1a-80ac-a39781d227d6_external_file_0.avi	14331155924	759	26	9
sub-SLR117/sub-SLR117_ses-20210913_obj-zt4h7w_behavior+image.nwb	5187965360	377	49	21
sub-SLR087/sub-SLR087_ses-20180711_obj-16d83tl_behavior+image/e1eba116-3887-4ea1-aee4-2b29e1a274c9_external_file_0.avi	10082790728	494	35	11
sub-SLR090/sub-SLR090_ses-20180726_obj-1pbunpo_behavior+image.nwb	2184106312	298	47	23
sub-SLR090/sub-SLR090_ses-20180727_obj-vwbf58_behavior+image/5cb80cec-44af-45d1-ab1e-7cb388e2e420_external_file_0.avi	11327656740	467	27	10
sub-SLR095/sub-SLR095_ses-20190213_obj-1mtxei1_behavior+image.nwb	3108304384	308	57	21
sub-SLR100/sub-SLR100_ses-20190429_obj-oz58ra_behavior+image.nwb	4045486264	306	46	20
sub-SLR116/sub-SLR116_ses-20210911_obj-1p2osyl_behavior+image.nwb	5249967276	354	53	23
sub-SLR106/sub-SLR106_ses-20191128_obj-1dw6760_behavior+image/d382ef56-0915-4ed7-99f6-5c9fa9fce768_external_file_0.avi	13672541036	684	28	9
sub-SLR093/sub-SLR093_ses-20181215_obj-b4bhqt_behavior+image.nwb	2498422712	257	38	18
sub-SLR103/sub-SLR103_ses-20190730_obj-1sn9i8b_behavior+image.nwb	4014355344	325	43	18
sub-SLR122/sub-SLR122_ses-20220202_obj-9sdk7v_behavior+image.nwb	6284929820	352	47	20
sub-SLR092/sub-SLR092_ses-20181215_obj-14wggbk_behavior+image.nwb	3706998900	330	58	24
sub-SLR093/sub-SLR093_ses-20181215_obj-b4bhqt_behavior+image/85330766-feee-465f-a58e-7e04746564cd_external_file_0.avi	16220746288	617	28	12
sub-SLR119/sub-SLR119_ses-20211108_obj-es24x8_behavior+image/b1e6401e-2b1c-4ffb-8698-2c9282c4452f_external_file_0.avi	17992972301	782	27	12
sub-SLR113/sub-SLR113_ses-20201128_obj-1rb8lmb_behavior+image.nwb	6105038324	393	44	22
sub-SLR114/sub-SLR114_ses-20210306_obj-f64e0l_behavior+image.nwb	7019999432	372	54	21
sub-SLR107/sub-SLR107_ses-20191222_obj-n5yl7o_behavior+image.nwb	2796159188	233	45	19
sub-SLR122/sub-SLR122_ses-20220203_obj-i96gz_behavior+image/20bebbef-3720-4b84-80c3-e20a683f2418_external_file_0.avi	16015280868	780	32	11
sub-SLR097/sub-SLR097_ses-20190302_obj-1f2nzfo_behavior+image/64e362ac-9f05-4c10-9291-48e63e286ca9_external_file_0.avi	15347266564	620	34	12
sub-SLR126/sub-SLR126_ses-20220802_obj-2mqt3v_behavior+image/4ff6641c-d8e9-4c2e-86c6-3c048af47122_external_file_0.avi	15794985764	773	26	11
sub-SLR125/sub-SLR125_ses-20220801_obj-1nphna4_behavior+image/4a47d1a1-0d4d-4472-acfb-86cabae8c3d3_external_file_0.avi	18243631384	885	24	12
sub-SLR093/sub-SLR093_ses-20181215_obj-16lat3b_behavior+image/edbccda6-2252-4f0f-87b7-28d1ffe2c860_external_file_0.avi	12065103848	649	34	11
sub-SLR103/sub-SLR103_ses-20190728_obj-1hg121b_behavior+image.nwb	4663269252	342	48	22
sub-SLR116/sub-SLR116_ses-20210909_obj-bfp412_behavior+image.nwb	5787910780	366	51	21
sub-SLR121/sub-SLR121_ses-20220113_obj-1h5i4ez_behavior+image.nwb	4304952876	292	45	22
sub-SLR099/sub-SLR099_ses-20190429_obj-167d7ds_behavior+image.nwb	3915337676	323	50	21
sub-SLR097/sub-SLR097_ses-20190303_obj-vdbyuy_behavior+image/38b7f174-e96c-44cd-97df-a0965ef35c28_external_file_0.avi	11808965052	631	27	10
sub-SLR092/sub-SLR092_ses-20181214_obj-j068mk_behavior+image.nwb	2518612208	284	51	22
sub-SLR111/sub-SLR111_ses-20200209_obj-fo2z1k_behavior+image.nwb	6174653425	440	47	22
sub-SLR120/sub-SLR120_ses-20220105_obj-q6cit0_behavior+image/e0b3dbd2-0059-47f4-a3a4-3f2710028342_external_file_0.avi	14083578692	743	31	10
sub-SLR090/sub-SLR090_ses-20180727_obj-ezuij0_behavior+image/c2ebad34-f5e9-471e-a6e2-b0aad9445113_external_file_0.avi	9824761388	529	32	11
sub-SLR093/sub-SLR093_ses-20181219_obj-9eqqys_behavior+image/94b9b37b-c786-46b0-8c43-572e8a711090_external_file_0.avi	9891358928	578	30	11
sub-SLR096/sub-SLR096_ses-20190303_obj-dp481j_behavior+image.nwb	4042900080	336	57	22
sub-SLR095/sub-SLR095_ses-20190217_obj-dxswos_behavior+image.nwb	2803636420	295	55	23
sub-SLR120/sub-SLR120_ses-20220105_obj-1azl8p1_behavior+image/765a6789-35a4-4920-99c0-41bb7fb12efe_external_file_0.avi	13919740868	737	25	10
sub-SLR103/sub-SLR103_ses-20190728_obj-12gnict_behavior+image/bad98da8-7dd9-4a65-8bf4-00f19d3db176_external_file_0.avi	18811255728	737	28	12
sub-SLR108/sub-SLR108_ses-20191220_obj-zaiv3j_behavior+image.nwb	3937642832	327	46	20
sub-SLR093/sub-SLR093_ses-20181214_obj-13co3tf_behavior+image.nwb	3202652104	283	48	22
sub-SLR097/sub-SLR097_ses-20190304_obj-1kypd8e_behavior+image/d4428a52-cbca-408f-94c0-3f4f5f427092_external_file_0.avi	13917742140	731	31	11
sub-SLR114/sub-SLR114_ses-20210307_obj-12mz9tv_behavior+image.nwb	5158463752	372	57	20
sub-SLR121/sub-SLR121_ses-20220112_obj-gehqxr_behavior+image/d0bd358d-679c-4e7f-b150-4cca168f17c5_external_file_0.avi	16423469480	869	31	12
sub-SLR090/sub-SLR090_ses-20180727_obj-15qk1fc_behavior+image/3c5f12c0-0e12-4848-92bb-a7fee71d14df_external_file_0.avi	8844874224	488	30	10
sub-SLR106/sub-SLR106_ses-20191128_obj-1qoh27k_behavior+image/821b5089-ae31-458c-b277-facd6bfc15ad_external_file_0.avi	13292539396	709	35	10
sub-SLR113/sub-SLR113_ses-20201126_obj-1kxrhh4_behavior+image.nwb	5009158632	380	49	20
sub-SLR093/sub-SLR093_ses-20181214_obj-x5lvib_behavior+image.nwb	2506433952	269	54	20
sub-SLR107/sub-SLR107_ses-20191222_obj-wg2l4z_behavior+image.nwb	5589097670	378	45	25
sub-SLR124/sub-SLR124_ses-20220303_obj-jp7pvj_behavior+image.nwb	5089734220	344	43	21
sub-SLR099/sub-SLR099_ses-20190428_obj-34e8mk_behavior+image/aa6f4d85-1437-4d85-8f07-651a7230ae48_external_file_0.avi	11601924908	615	25	10
sub-SLR097/sub-SLR097_ses-20190302_obj-cv82xo_behavior+image/6ccc669e-39d6-40ee-8fc0-73964ada0431_external_file_0.avi	12855664172	672	25	11
sub-SLR103/sub-SLR103_ses-20190730_obj-1rd07s_behavior+image.nwb	4546556836	354	43	20
sub-SLR092/sub-SLR092_ses-20181214_obj-1pquh2w_behavior+image.nwb	2740494764	289	54	23
sub-SLR090/sub-SLR090_ses-20180728_obj-1keeu0m_behavior+image/bc2610aa-70ba-4bf1-9b93-acddd970b443_external_file_0.avi	9103958788	499	32	10
sub-SLR097/sub-SLR097_ses-20190303_obj-m7y86o_behavior+image/fc878270-7f64-420c-9157-3c3b2a5d04e2_external_file_0.avi	10556146977	562	22	11
sub-SLR089/sub-SLR089_ses-20180726_obj-1356000_behavior+image/8d57445c-61b8-412d-8df0-37a8c5e50c56_external_file_0.avi	4563481032	239	44	10
sub-SLR090/sub-SLR090_ses-20180727_obj-1dyfrmw_behavior+image.nwb	2589193764	288	51	23
sub-SLR090/sub-SLR090_ses-20180728_obj-1keeu0m_behavior+image.nwb	2526567580	260	44	20
sub-SLR092/sub-SLR092_ses-20181214_obj-ggbi4c_behavior+image.nwb	1785858540	271	54	26
sub-SLR089/sub-SLR089_ses-20180726_obj-1356000_behavior+image.nwb	1328529976	194	53	20
sub-SLR123/sub-SLR123_ses-20220219_obj-11ixn5a_behavior+image.nwb	6706095720	345	44	22
sub-SLR107/sub-SLR107_ses-20191222_obj-wg2l4z_behavior+image/dad06616-1491-4f52-9b21-18a9c3b3623e_external_file_0.avi	16845583004	875	34	11
sub-SLR121/sub-SLR121_ses-20220113_obj-1h5i4ez_behavior+image/0b01f385-ac61-4055-b904-7a7aa05dad5e_external_file_0.avi	9931846468	540	27	10
sub-SLR126/sub-SLR126_ses-20220802_obj-1fv9sjs_behavior+image.nwb	7468435002	411	52	26
sub-SLR124/sub-SLR124_ses-20220302_obj-wigds3_behavior+image/2adef6c5-b186-4ce4-bf8c-b9477aadb517_external_file_0.avi	13883006513	735	24	10
sub-SLR125/sub-SLR125_ses-20220731_obj-9r3595_behavior+image/f17039b5-6518-401e-b860-6f7489557090_external_file_0.avi	13921462936	735	25	10
sub-SLR123/sub-SLR123_ses-20220221_obj-af1y43_behavior+image.nwb	5133465360	372	51	23
sub-SLR116/sub-SLR116_ses-20210909_obj-14yxygr_behavior+image.nwb	6649266124	330	47	20
sub-SLR119/sub-SLR119_ses-20211107_obj-1bunqyv_behavior+image/86c25a59-ba84-4dec-99db-a0cdf9f41524_external_file_0.avi	11978463504	699	26	9
sub-SLR094/sub-SLR094_ses-20190212_obj-1ua8cgp_behavior+image/832481bb-e0d7-46f5-93e3-3400750ac760_external_file_0.avi	8829131772	524	30	9
sub-SLR099/sub-SLR099_ses-20190429_obj-167d7ds_behavior+image/2b431fb0-a39b-4394-b81a-51b746942808_external_file_0.avi	10195906452	600	29	9
sub-SLR106/sub-SLR106_ses-20191130_obj-1ubk4px_behavior+image.nwb	5597169255	412	49	21
sub-SLR121/sub-SLR121_ses-20220112_obj-w2179x_behavior+image/be011c0c-928e-4e96-ad80-f8323d960d85_external_file_0.avi	13951327636	739	30	10
sub-SLR087/sub-SLR087_ses-20180706_obj-v6mj6u_behavior+image/e517d7f8-85c0-4073-9658-fd7919c13395_external_file_0.avi	7267687820	400	26	10
sub-SLR090/sub-SLR090_ses-20180726_obj-fcyjy5_behavior+image/434db7c3-39f4-4ec8-8588-874c3d17b60f_external_file_0.avi	5993404804	253	27	12
sub-SLR087/sub-SLR087_ses-20180706_obj-1h0e24p_behavior+image.nwb	3984320679	295	55	22
sub-SLR096/sub-SLR096_ses-20190303_obj-1t9qv9l_behavior+image.nwb	4522837748	342	46	23
sub-SLR123/sub-SLR123_ses-20220218_obj-1pa0sf3_behavior+image.nwb	5137288368	357	46	22
sub-SLR106/sub-SLR106_ses-20191128_obj-751bge_behavior+image/2e290cc8-b33c-4f08-bf03-de3333dc3cde_external_file_0.avi	17104539016	739	22	11
sub-SLR112/sub-SLR112_ses-20201030_obj-h295ys_behavior+image/a1ef0b21-5389-4b01-8bc4-e86aeedc8af6_external_file_0.avi	13749443328	687	31	10
sub-SLR105/sub-SLR105_ses-20191127_obj-1wrdv6g_behavior+image/97a5f004-a312-4759-a60b-981ca6ad1f92_external_file_0.avi	18273602649	775	36	15
sub-SLR126/sub-SLR126_ses-20220802_obj-1vrj4oo_behavior+image/7c760c7e-726f-4132-af1c-1013326f3fee_external_file_0.avi	20881411556	738	23	11
sub-SLR114/sub-SLR114_ses-20210305_obj-jcuoal_behavior+image.nwb	5691797432	388	52	21
sub-SLR114/sub-SLR114_ses-20210228_obj-s6y2ir_behavior+image.nwb	4977116552	356	54	20
sub-SLR103/sub-SLR103_ses-20190730_obj-12egj8_behavior+image/2b73184f-17fd-4cec-8b06-a9412406b3d0_external_file_0.avi	18048992016	702	38	11
sub-SLR108/sub-SLR108_ses-20191220_obj-1vkzhko_behavior+image.nwb	3887905404	315	44	20
sub-SLR093/sub-SLR093_ses-20181215_obj-2arz83_behavior+image.nwb	2582608592	276	55	19
sub-SLR108/sub-SLR108_ses-20191222_obj-19od5p5_behavior+image.nwb	4913987320	384	49	22
sub-SLR096/sub-SLR096_ses-20190303_obj-1drqp7v_behavior+image.nwb	5686485479	375	51	24
sub-SLR120/sub-SLR120_ses-20220106_obj-2l2ee0_behavior+image/4cfd0a29-3010-45ff-8dee-f1ead6da6850_external_file_0.avi	14020575236	739	28	10
sub-SLR116/sub-SLR116_ses-20210911_obj-uhqsy8_behavior+image.nwb	6852660816	338	45	21
sub-SLR103/sub-SLR103_ses-20190729_obj-b3ypg_behavior+image/8d2886c5-640d-47c3-8f9f-8fdf124bb688_external_file_0.avi	13741045712	726	32	11
sub-SLR113/sub-SLR113_ses-20201126_obj-vc3dpy_behavior+image/d906e645-9489-4408-a731-6e4007714185_external_file_0.avi	19728221156	743	25	11
sub-SLR089/sub-SLR089_ses-20180726_obj-s4xzfg_behavior+image.nwb	2435464592	263	44	21
sub-SLR087/sub-SLR087_ses-20180706_obj-14ua2bs_behavior+image.nwb	3652593759	493	74	27
sub-SLR111/sub-SLR111_ses-20200209_obj-15gs3n5_behavior+image/6608b4f0-e26c-47a0-b517-60eddd7cf1c7_external_file_0.avi	16230080120	850	39	10
sub-SLR105/sub-SLR105_ses-20191127_obj-1wqdd0h_behavior+image/608832bd-03d7-4f2d-a2ca-c81101183b21_external_file_0.avi	13639205720	717	33	11
sub-SLR110/sub-SLR110_ses-20200206_obj-yvo7ph_behavior+image/1b61e951-bc3c-4522-9caf-7eaa9ab710e9_external_file_0.avi	16296407836	856	33	11
sub-SLR117/sub-SLR117_ses-20210911_obj-1edz2fv_behavior+image.nwb	3634194504	330	50	23
sub-SLR117/sub-SLR117_ses-20210914_obj-1p9gdag_behavior+image.nwb	5163284176	371	47	22
sub-SLR121/sub-SLR121_ses-20220112_obj-19ubu6u_behavior+image.nwb	4625282244	335	51	20
sub-SLR111/sub-SLR111_ses-20200209_obj-137vpiy_behavior+image.nwb	4807178960	407	58	26
sub-SLR119/sub-SLR119_ses-20211108_obj-14nll4k_behavior+image/2b0c502d-549f-4ad1-be85-8bac06e4fbcd_external_file_0.avi	13966395952	736	25	10
sub-SLR087/sub-SLR087_ses-20180711_obj-wp37jz_behavior+image.nwb	2159645912	258	54	21
sub-SLR087/sub-SLR087_ses-20180711_obj-13oav6e_behavior+image.nwb	3266591936	342	58	26
sub-SLR113/sub-SLR113_ses-20201128_obj-1eyijth_behavior+image.nwb	4948064396	382	47	21
sub-SLR102/sub-SLR102_ses-20190730_obj-azw6sp_behavior+image/139f4c88-edcb-45e8-8746-47ef6cb26641_external_file_0.avi	12857118044	682	22	9
sub-SLR095/sub-SLR095_ses-20190218_obj-edknru_behavior+image/7913c59f-28f3-4166-8783-183222245a6a_external_file_0.avi	11094772114	608	41	12
sub-SLR105/sub-SLR105_ses-20191129_obj-9430j9_behavior+image/b0fe16dc-d6ae-4ca7-bc82-8da388aede4e_external_file_0.avi	15922346988	744	32	10
sub-SLR094/sub-SLR094_ses-20190212_obj-19aq9t_behavior+image/b63e9542-0f01-4d54-b119-25fa1369a36d_external_file_0.avi	14889332904	636	26	13
sub-SLR095/sub-SLR095_ses-20190213_obj-1ysqyp0_behavior+image.nwb	4280277308	304	43	23
sub-SLR094/sub-SLR094_ses-20190208_obj-10d6bnm_behavior+image.nwb	5341746995	352	56	25
sub-SLR106/sub-SLR106_ses-20191130_obj-1smme9d_behavior+image/cbfdd69e-68c3-4437-98ec-05ffb681fbed_external_file_0.avi	19946771316	761	39	11
sub-SLR089/sub-SLR089_ses-20180727_obj-fkuvpi_behavior+image.nwb	3597880672	301	59	24
sub-SLR124/sub-SLR124_ses-20220301_obj-19jxibu_behavior+image/d27d8a2a-dbfe-4faf-9b84-1adee675898a_external_file_0.avi	14775431512	778	25	10
sub-SLR102/sub-SLR102_ses-20190730_obj-l5qay7_behavior+image/fc3d7c47-5716-4c3d-8c91-deef370d8cf5_external_file_0.avi	12922255649	685	25	10
sub-SLR124/sub-SLR124_ses-20220301_obj-18tu5hx_behavior+image/1f05a2dd-4e16-4235-944e-479a0d227132_external_file_0.avi	16486286777	871	37	12
sub-SLR125/sub-SLR125_ses-20220731_obj-g96i3s_behavior+image.nwb	4614138064	338	43	20
sub-SLR095/sub-SLR095_ses-20190218_obj-1yt8m38_behavior+image.nwb	3734829720	345	56	25
sub-SLR089/sub-SLR089_ses-20180727_obj-fkuvpi_behavior+image/b6e9fa46-bb74-4305-9ef6-56745795caa7_external_file_0.avi	9944701616	539	32	12
sub-SLR087/sub-SLR087_ses-20180706_obj-1nmsm4n_behavior+image.nwb	3240942255	298	48	24
sub-SLR107/sub-SLR107_ses-20191219_obj-hm71cj_behavior+image/1df06532-19ff-40e1-a075-2f4c2989bd8a_external_file_0.avi	14842821300	782	30	11
sub-SLR096/sub-SLR096_ses-20190303_obj-18q8pve_behavior+image.nwb	3236501856	295	50	20
sub-SLR105/sub-SLR105_ses-20191130_obj-9fb5hm_behavior+image.nwb	6399036900	497	69	29
sub-SLR097/sub-SLR097_ses-20190302_obj-1f2nzfo_behavior+image.nwb	3249881924	315	50	19
sub-SLR097/sub-SLR097_ses-20190303_obj-ned41l_behavior+image.nwb	3411204268	311	48	21
sub-SLR112/sub-SLR112_ses-20201031_behavior+image/c5b18ef1-e320-4fe3-bb84-5e1550562198_external_file_0.avi	13186719472	704	30	10
sub-SLR092/sub-SLR092_ses-20181215_obj-163g5bn_behavior+image.nwb	3103367092	354	56	28
sub-SLR092/sub-SLR092_ses-20181215_obj-1c7vl5u_behavior+image.nwb	2615913320	293	56	20
sub-SLR103/sub-SLR103_ses-20190728_obj-12gnict_behavior+image.nwb	5613221088	420	48	27
sub-SLR113/sub-SLR113_ses-20201128_obj-1w3qnuf_behavior+image.nwb	4983363904	368	48	20
sub-SLR115/sub-SLR115_ses-20210302_obj-1yzkexe_behavior+image.nwb	6493628372	455	48	22
sub-SLR106/sub-SLR106_ses-20191129_obj-tvlc2i_behavior+image.nwb	5121168208	390	52	21
sub-SLR117/sub-SLR117_ses-20210911_obj-1edz2fv_behavior+image/fd8929a8-7d1a-45b4-b106-3520787efff1_external_file_0.avi	15388254088	669	36	11
sub-SLR105/sub-SLR105_ses-20191128_obj-1se88lt_behavior+image.nwb	6054519512	492	60	30
sub-SLR114/sub-SLR114_ses-20210305_obj-1puf7l5_behavior+image/8fecb2e1-1ac5-4fa9-ac6d-da192a856d04_external_file_0.avi	16660882608	715	28	10
sub-SLR119/sub-SLR119_ses-20211106_obj-9fffua_behavior+image/46abbf1e-8d7a-440b-9e09-2ccbb4bcff17_external_file_0.avi	16123881252	704	25	10
sub-SLR108/sub-SLR108_ses-20191220_obj-1nceasu_behavior+image/fdbf6f1f-13c3-48ed-a050-cbb8c4105213_external_file_0.avi	12012669080	701	22	8
sub-SLR107/sub-SLR107_ses-20191222_obj-om4gw3_behavior+image.nwb	2979196300	271	46	21
sub-SLR093/sub-SLR093_ses-20181215_obj-z6jq9l_behavior+image/cf5a9c79-2405-4562-9efd-ba3133f414e7_external_file_0.avi	7856685312	475	32	9
sub-SLR096/sub-SLR096_ses-20190302_obj-1vfccl9_behavior+image/c40bc24b-5cf8-44ee-9a3f-d97eec0eeb45_external_file_0.avi	10788859980	556	32	8
sub-SLR096/sub-SLR096_ses-20190303_obj-k4qbit_behavior+image/23ae5195-dcf8-4cf3-8dcf-3004ec3cf410_external_file_0.avi	10110563568	604	31	8
sub-SLR100/sub-SLR100_ses-20190430_obj-6zjrxe_behavior+image.nwb	5800505756	380	46	22
sub-SLR089/sub-SLR089_ses-20180725_obj-wy9qph_behavior+image/1963d922-d262-45de-b3ef-f37d554d8937_external_file_0.avi	13341819440	544	38	12
sub-SLR094/sub-SLR094_ses-20190212_obj-1yu48h3_behavior+image.nwb	3215189720	271	49	21
sub-SLR090/sub-SLR090_ses-20180725_obj-1nbubi2_behavior+image.nwb	3035719772	307	65	23
sub-SLR096/sub-SLR096_ses-20190304_obj-98dh0u_behavior+image/e9823a6f-2b88-4493-9bc4-b53a9fdeeb71_external_file_0.avi	12102732256	578	27	9
sub-SLR113/sub-SLR113_ses-20201127_obj-r8julp_behavior+image/ba61a71e-d1a6-4507-a814-4828a8d1169d_external_file_0.avi	7057873864	432	40	10
sub-SLR095/sub-SLR095_ses-20190217_obj-13ektcd_behavior+image/6702f0c9-00dc-4677-9b71-539d670f8bba_external_file_0.avi	12368714752	577	28	11
sub-SLR112/sub-SLR112_ses-20201030_obj-1juash_behavior+image/012934f6-9c0c-44a6-9ca5-ac5334c461ff_external_file_0.avi	16572761004	811	31	12
sub-SLR125/sub-SLR125_ses-20220731_obj-9r3595_behavior+image.nwb	5246959308	367	43	22
sub-SLR103/sub-SLR103_ses-20190730_obj-12egj8_behavior+image.nwb	5662933308	411	47	25
sub-SLR120/sub-SLR120_ses-20220106_obj-9uuulh_behavior+image.nwb	7065239518	377	52	22
sub-SLR102/sub-SLR102_ses-20190728_obj-1akq72t_behavior+image.nwb	1892673140	216	50	20
sub-SLR120/sub-SLR120_ses-20220107_obj-1novb2p_behavior+image.nwb	5127312088	400	46	21
sub-SLR117/sub-SLR117_ses-20210915_obj-p0rv2y_behavior+image.nwb	4570244496	341	46	20
sub-SLR125/sub-SLR125_ses-20220801_obj-1f4dyso_behavior+image/d2c3b2bc-8de1-4157-96f1-c0cd3cf6d737_external_file_0.avi	16781276381	922	30	13
sub-SLR107/sub-SLR107_ses-20191221_obj-1m4de05_behavior+image.nwb	2826210180	240	45	18
sub-SLR097/sub-SLR097_ses-20190303_obj-ned41l_behavior+image/c2371a16-2f14-4bb8-9abd-d5925cb00d8d_external_file_0.avi	14973481400	564	28	11
sub-SLR119/sub-SLR119_ses-20211107_obj-ifgnt2_behavior+image.nwb	6426979156	387	52	24
sub-SLR087/sub-SLR087_ses-20180711_obj-wp37jz_behavior+image/721f4f2d-4f81-4264-a148-eb0266ae857b_external_file_0.avi	6897605596	387	28	10
sub-SLR092/sub-SLR092_ses-20181215_obj-k8s841_behavior+image/7aac51bd-e5b2-4ddf-b932-c5613b33aae9_external_file_0.avi	10858898316	629	32	11
sub-SLR103/sub-SLR103_ses-20190728_obj-5xxb3l_behavior+image/9454213c-d703-4580-9590-6a69c8681cb3_external_file_0.avi	15236303352	791	27	11
sub-SLR119/sub-SLR119_ses-20211105_obj-1057scg_behavior+image/4ddc6b31-1fde-4492-ab90-c4af805d34e3_external_file_0.avi	14021943160	735	20	10
sub-SLR122/sub-SLR122_ses-20220203_obj-1a5tesq_behavior+image/924a6d1b-e761-46ae-89c9-10babaa5abe8_external_file_0.avi	16365435528	848	25	11
sub-SLR105/sub-SLR105_ses-20191128_obj-1iwuqss_behavior+image.nwb	5843329452	387	45	23
sub-SLR103/sub-SLR103_ses-20190729_obj-q8n7kb_behavior+image.nwb	5111400372	381	42	21
sub-SLR113/sub-SLR113_ses-20201128_obj-1eyijth_behavior+image/8f390636-c2e3-4249-9a60-b3c49215f07e_external_file_0.avi	15526029928	780	37	11
sub-SLR116/sub-SLR116_ses-20210913_obj-13kdn94_behavior+image/07d9ecca-4829-4b3d-9d63-d8667ccf9875_external_file_0.avi	17286205228	750	29	10
sub-SLR096/sub-SLR096_ses-20190303_obj-1baczvm_behavior+image/6ced5367-2611-46ed-9015-83a603e64e28_external_file_0.avi	9949158064	542	29	9
sub-SLR095/sub-SLR095_ses-20190217_obj-i41tyk_behavior+image/05878854-a51c-4375-a866-41c1b8589c84_external_file_0.avi	9714017420	528	25	10
sub-SLR090/sub-SLR090_ses-20180726_obj-1jydrib_behavior+image.nwb	2466395944	269	46	21
sub-SLR090/sub-SLR090_ses-20180725_obj-179r9gk_behavior+image/87d76bd6-8743-4603-ada3-bf5c68cf6e7f_external_file_0.avi	7875323988	469	27	12
sub-SLR087/sub-SLR087_ses-20180712_obj-1y0rfwn_behavior+image.nwb	2371217008	311	61	23
sub-SLR095/sub-SLR095_ses-20190212_obj-b99ran_behavior+image.nwb	2880518024	289	64	21
sub-SLR092/sub-SLR092_ses-20181215_obj-jorhcl_behavior+image.nwb	2584773812	308	51	24
sub-SLR102/sub-SLR102_ses-20190730_obj-1kpiwv9_behavior+image.nwb	4612900096	422	59	26
sub-SLR122/sub-SLR122_ses-20220201_obj-1o8y7in_behavior+image/794b3490-9f12-4013-9229-2a2cd2caa8a2_external_file_0.avi	15763243560	729	18	10
sub-SLR097/sub-SLR097_ses-20190302_obj-1ce7rah_behavior+image.nwb	3648169124	287	45	19
sub-SLR121/sub-SLR121_ses-20220109_obj-19x0z2x_behavior+image.nwb	6329418768	354	54	22
sub-SLR092/sub-SLR092_ses-20181215_obj-k8s841_behavior+image.nwb	3135995088	298	58	23
sub-SLR110/sub-SLR110_ses-20200207_obj-j1ym22_behavior+image/5ff297f9-38c0-4eb2-a585-66c5c3654d17_external_file_0.avi	2891282732	183	30	10
sub-SLR117/sub-SLR117_ses-20210914_obj-1p9gdag_behavior+image/1f78d040-bbcd-4c1f-b3d7-115888bfc890_external_file_0.avi	16289237992	813	27	10
sub-SLR094/sub-SLR094_ses-20190208_obj-ufifsz_behavior+image/2cc885f9-5d70-4b70-a201-3ef0df29d8db_external_file_0.avi	9460311068	552	25	10
sub-SLR125/sub-SLR125_ses-20220801_obj-zx9ck0_behavior+image/c32f1a1e-bdb6-428f-8495-93d924401c15_external_file_0.avi	13957911276	735	24	10
sub-SLR093/sub-SLR093_ses-20181219_obj-zt5jv_behavior+image.nwb	4226006119	351	67	21
sub-SLR120/sub-SLR120_ses-20220107_obj-1novb2p_behavior+image/53e3b5ae-ef13-40b1-aa33-22c52f585ce7_external_file_0.avi	18223951328	848	25	11
sub-SLR111/sub-SLR111_ses-20200209_obj-fo2z1k_behavior+image/261bd096-1cc1-4ad0-9fb0-dd3441470791_external_file_0.avi	16557590308	859	31	10
sub-SLR107/sub-SLR107_ses-20191221_obj-4j83gz_behavior+image/ca8cb7fe-025e-48ff-a83d-a2cb58f7cecd_external_file_0.avi	13991431500	743	31	10
sub-SLR089/sub-SLR089_ses-20180726_obj-1cb7u1s_behavior+image/956a3c2e-addc-467f-bc09-c1cba3ba53c7_external_file_0.avi	10016364668	546	35	11
sub-SLR099/sub-SLR099_ses-20190429_obj-1u4mz38_behavior+image/04862ddb-a9c5-47f2-a661-9002fc8b0cbd_external_file_0.avi	13423644104	680	34	9
sub-SLR092/sub-SLR092_ses-20181214_obj-ggbi4c_behavior+image/91e0f3f7-115c-48ec-8773-2ad5e6420815_external_file_0.avi	5757297592	355	35	9
sub-SLR108/sub-SLR108_ses-20191222_obj-180tw8c_behavior+image/b11fead0-a438-4f90-a5f0-79430f1ecb36_external_file_0.avi	13994825048	742	30	9
sub-SLR096/sub-SLR096_ses-20190303_obj-8cvwa9_behavior+image.nwb	3786349256	311	57	20
sub-SLR087/sub-SLR087_ses-20180712_obj-cokntb_behavior+image/e3c34ed4-f8b7-4481-9e19-41c2542ede89_external_file_0.avi	12698719656	487	29	12
sub-SLR119/sub-SLR119_ses-20211108_obj-1px0b10_behavior+image.nwb	4192442448	335	44	19
sub-SLR119/sub-SLR119_ses-20211107_obj-1gv3jqm_behavior+image.nwb	6110328228	385	56	24
sub-SLR106/sub-SLR106_ses-20191128_obj-1g4xzfk_behavior+image.nwb	4526913952	396	51	24
sub-SLR125/sub-SLR125_ses-20220731_obj-nny0ux_behavior+image/6495c7bf-cbb0-4edf-ba6a-879b46df995b_external_file_0.avi	21297787208	857	30	12
sub-SLR097/sub-SLR097_ses-20190303_obj-6a4fje_behavior+image/ed78de11-28bc-4c4f-ab8d-989c4aecb1f2_external_file_0.avi	11017930260	588	32	10
sub-SLR126/sub-SLR126_ses-20220802_obj-2mqt3v_behavior+image.nwb	4670006496	368	57	24
sub-SLR123/sub-SLR123_ses-20220219_obj-1f5omql_behavior+image/af33af6d-c048-45e0-a669-fd6283a7a256_external_file_0.avi	18186707420	738	22	10
sub-SLR097/sub-SLR097_ses-20190302_obj-cv82xo_behavior+image.nwb	3201079096	320	48	21
sub-SLR093/sub-SLR093_ses-20181214_obj-1ptcu4v_behavior+image.nwb	2876446388	317	56	24
sub-SLR094/sub-SLR094_ses-20190208_obj-1byemkc_behavior+image/57a98992-473d-49b5-bc72-8d440eddd683_external_file_0.avi	11371095484	482	29	10
sub-SLR095/sub-SLR095_ses-20190213_obj-1ysqyp0_behavior+image/3cb8bb2c-7146-4915-b809-5ce21c5666be_external_file_0.avi	16176107504	647	33	12
sub-SLR089/sub-SLR089_ses-20180725_obj-r8sgmu_behavior+image/757633c8-e7ea-4db9-aa24-aae386173429_external_file_0.avi	8314718556	438	36	11
sub-SLR096/sub-SLR096_ses-20190304_obj-n6qym_behavior+image.nwb	5770547684	320	55	23
sub-SLR119/sub-SLR119_ses-20211104_obj-5h53n1_behavior+image.nwb	7135948484	376	42	21
sub-SLR089/sub-SLR089_ses-20180728_obj-rzlb7p_behavior+image.nwb	2959981572	299	56	23
sub-SLR114/sub-SLR114_ses-20210228_obj-s6y2ir_behavior+image/b919bb52-2bee-429a-8279-4f4e4b1c2bdf_external_file_0.avi	15924672548	784	34	11
sub-SLR089/sub-SLR089_ses-20180726_obj-1st7ucm_behavior+image/e320253d-47d7-4db8-a77a-285ed858b4b4_external_file_0.avi	10816875196	541	24	12
sub-SLR089/sub-SLR089_ses-20180726_obj-ymm6bn_behavior+image/6cb2fa7a-75fa-4140-b5aa-d8148fb58a3f_external_file_0.avi	9616171612	493	32	12
sub-SLR092/sub-SLR092_ses-20181215_obj-163g5bn_behavior+image/ec05958d-3684-4d87-b7d6-213fce8a5288_external_file_0.avi	12234278680	599	17	10
sub-SLR124/sub-SLR124_ses-20220303_obj-17obd1p_behavior+image.nwb	5191978320	351	46	20
sub-SLR115/sub-SLR115_ses-20210308_behavior+image/f5f63ae1-ac7d-4b50-b9e0-a96a19120073_external_file_0.avi	15889193212	743	32	10
sub-SLR102/sub-SLR102_ses-20190731_obj-1s8oz86_behavior+image/a3c537d1-05a9-440e-b869-54c3b3aecbaf_external_file_0.avi	15139148668	791	27	10
sub-SLR090/sub-SLR090_ses-20180727_obj-3mb405_behavior+image/905c2b77-0c59-425f-9c2b-24f229a4dbde_external_file_0.avi	8480320312	458	23	10
sub-SLR106/sub-SLR106_ses-20191128_obj-1dw6760_behavior+image.nwb	4802633464	370	59	20
sub-SLR097/sub-SLR097_ses-20190303_obj-m7y86o_behavior+image.nwb	3493782812	311	52	20
sub-SLR126/sub-SLR126_ses-20220802_obj-15eeg95_behavior+image/9c3cd3a4-4c2e-4d42-acde-cb745abf6700_external_file_0.avi	13834296204	732	23	10
sub-SLR099/sub-SLR099_ses-20190503_obj-wx7mcc_behavior+image/aae10e01-8479-43a7-bb76-4388d04da05f_external_file_0.avi	13057215752	615	30	10
sub-SLR108/sub-SLR108_ses-20191220_obj-bh6iqy_behavior+image.nwb	3697583976	347	52	25
sub-SLR115/sub-SLR115_ses-20210305_obj-xzqtkv_behavior+image/00932b62-8df5-4d8e-8f92-bbe0c1cc72ee_external_file_0.avi	20766924144	756	26	11
sub-SLR090/sub-SLR090_ses-20180726_obj-1c83e7d_behavior+image.nwb	2566107444	270	49	21
sub-SLR120/sub-SLR120_ses-20220106_obj-2l2ee0_behavior+image.nwb	4667983984	349	56	20
sub-SLR102/sub-SLR102_ses-20190728_obj-1akq72t_behavior+image/4f1e4f26-4620-4d15-bbb6-cbe908712c26_external_file_0.avi	4509680800	270	25	9
sub-SLR108/sub-SLR108_ses-20191221_obj-zv83er_behavior+image/06716aad-aab5-45f2-913e-efa0b5717d18_external_file_0.avi	9680859228	523	26	9
sub-SLR092/sub-SLR092_ses-20181215_obj-1c7vl5u_behavior+image/0e7dc91f-ff50-4206-a622-cb1fb7d6b4f4_external_file_0.avi	12549092396	664	28	10
sub-SLR119/sub-SLR119_ses-20211104_obj-uf7bff_behavior+image.nwb	6575710532	452	51	24
sub-SLR108/sub-SLR108_ses-20191222_obj-1wc1nlu_behavior+image/f040e320-4f6d-4b9d-bd5a-0acf31229bf7_external_file_0.avi	14677355724	817	31	10
sub-SLR103/sub-SLR103_ses-20190728_obj-1hg121b_behavior+image/b550699c-ce3b-47a6-a630-f9d3305e2a66_external_file_0.avi	10367087056	555	24	10
sub-SLR089/sub-SLR089_ses-20180726_obj-ymm6bn_behavior+image.nwb	2461364088	288	52	24
sub-SLR123/sub-SLR123_ses-20220219_obj-14nkg11_behavior+image.nwb	5707215604	386	59	21
sub-SLR112/sub-SLR112_ses-20201030_obj-h295ys_behavior+image.nwb	4688206888	391	53	24
sub-SLR125/sub-SLR125_ses-20220731_obj-1jdd0b0_behavior+image.nwb	7453087014	427	43	22
sub-SLR102/sub-SLR102_ses-20190731_obj-yio8jd_behavior+image.nwb	4566842732	375	52	20
sub-SLR092/sub-SLR092_ses-20181215_obj-14wggbk_behavior+image/25de3350-ffb9-4dce-bf20-78ddd82ae01c_external_file_0.avi	15845754572	559	27	11
sub-SLR090/sub-SLR090_ses-20180726_obj-15znjhy_behavior+image/35634d7e-3246-4eb9-870a-8a6ca801d6cc_external_file_0.avi	7049324784	390	18	10
sub-SLR111/sub-SLR111_ses-20200209_obj-hlt52x_behavior+image.nwb	7168946764	444	49	28
sub-SLR090/sub-SLR090_ses-20180728_obj-7venlv_behavior+image.nwb	3030355528	261	48	21
sub-SLR089/sub-SLR089_ses-20180725_obj-1n5jf88_behavior+image.nwb	2485534768	306	58	22
sub-SLR092/sub-SLR092_ses-20181214_obj-1tkyne3_behavior+image/6577cf22-37e9-4234-83ac-6cc300af37db_external_file_0.avi	8826873824	437	33	10
sub-SLR097/sub-SLR097_ses-20190304_obj-1ohhfqy_behavior+image/cfc84c34-5b45-44c7-8538-f8c838ed45aa_external_file_0.avi	8778953236	520	29	9
sub-SLR092/sub-SLR092_ses-20181215_obj-12uh995_behavior+image.nwb	3181407745	347	57	24
sub-SLR126/sub-SLR126_ses-20220802_obj-15eeg95_behavior+image.nwb	6279065340	363	48	23
sub-SLR092/sub-SLR092_ses-20181215_obj-1xhtb9g_behavior+image/3de10686-395f-4c95-9c4f-d324389672b7_external_file_0.avi	9623916488	521	27	10
sub-SLR102/sub-SLR102_ses-20190728_obj-17kuesw_behavior+image.nwb	3611822448	280	52	20
sub-SLR094/sub-SLR094_ses-20190208_obj-3y3nr4_behavior+image.nwb	2579583300	262	54	21
sub-SLR095/sub-SLR095_ses-20190218_obj-hw5ymv_behavior+image/23a5b5da-2674-4494-abc5-c5a2744dc2e8_external_file_0.avi	11295495760	516	30	11
sub-SLR102/sub-SLR102_ses-20190729_obj-14g0mqk_behavior+image/d7878137-7ba7-4f9c-92ab-d7aabec6316f_external_file_0.avi	15175108288	761	31	9
sub-SLR087/sub-SLR087_ses-20180711_obj-16d83tl_behavior+image.nwb	2514621523	288	60	23
sub-SLR099/sub-SLR099_ses-20190428_obj-hcqc7k_behavior+image.nwb	4808629900	318	53	22
sub-SLR106/sub-SLR106_ses-20191201_behavior+image/57706d61-e010-497d-b57b-354f8b5af1c1_external_file_0.avi	23094468752	878	27	12
sub-SLR108/sub-SLR108_ses-20191220_obj-1vkzhko_behavior+image/d37012b9-4964-4353-aa59-92aedc8d904b_external_file_0.avi	12013774832	706	32	8
sub-SLR105/sub-SLR105_ses-20191129_obj-macpa_behavior+image.nwb	8936085372	68309	73	199
sub-SLR105/sub-SLR105_ses-20191130_obj-16p23xr_behavior+image/0e9f3a84-cebf-4b98-91fb-19e8df713d3a_external_file_0.avi	11984796068	702	28	9
sub-SLR089/sub-SLR089_ses-20180725_obj-et1wjh_behavior+image/41ed0213-8293-4fec-8d63-ee24e3ef2171_external_file_0.avi	6703424220	418	37	9
sub-SLR093/sub-SLR093_ses-20181214_obj-x5lvib_behavior+image/e25c44ad-a997-4ce1-92ac-ba951e7fcc2d_external_file_0.avi	8678344064	510	27	10
sub-SLR099/sub-SLR099_ses-20190503_obj-6hqk4v_behavior+image/82277422-2e1c-4c51-b95d-38bce03645fe_external_file_0.avi	11631758836	627	31	10
sub-SLR107/sub-SLR107_ses-20191222_obj-w8vlj2_behavior+image.nwb	3191196868	267	42	17
sub-SLR090/sub-SLR090_ses-20180726_obj-yqw6la_behavior+image.nwb	2495004944	292	56	23
sub-SLR092/sub-SLR092_ses-20181215_obj-1apbxwo_behavior+image.nwb	2231208476	261	51	21
sub-SLR090/sub-SLR090_ses-20180727_obj-3mb405_behavior+image.nwb	2393250044	263	47	20
sub-SLR124/sub-SLR124_ses-20220302_obj-1p8glff_behavior+image.nwb	7330468900	411	55	23
sub-SLR097/sub-SLR097_ses-20190303_obj-6a4fje_behavior+image.nwb	5713839588	322	50	22
sub-SLR117/sub-SLR117_ses-20210914_obj-16o25x4_behavior+image.nwb	6978441312	429	52	22
sub-SLR100/sub-SLR100_ses-20190430_obj-5lddn0_behavior+image.nwb	4222658556	304	48	21
sub-SLR112/sub-SLR112_ses-20201030_obj-1thzsuy_behavior+image/c6d30ac5-168c-4b9e-9a64-052c98fb2f75_external_file_0.avi	16002958840	790	43	11
sub-SLR102/sub-SLR102_ses-20190729_obj-8m5i87_behavior+image/5bf74b74-96ca-4842-8f1a-2f427e0ab0a0_external_file_0.avi	14677554524	724	30	10
sub-SLR117/sub-SLR117_ses-20210914_obj-cbhkl8_behavior+image.nwb	4944333328	334	47	21
sub-SLR090/sub-SLR090_ses-20180727_obj-1dyfrmw_behavior+image/48721e11-8353-4b36-99de-9baf5fe181b1_external_file_0.avi	9523866468	481	29	11
sub-SLR094/sub-SLR094_ses-20190212_obj-12zjl30_behavior+image.nwb	3682676916	304	59	21
sub-SLR103/sub-SLR103_ses-20190729_obj-1o68wbc_behavior+image/3c89d129-d690-46f4-b228-90917fa949bc_external_file_0.avi	19143476552	724	24	12
sub-SLR105/sub-SLR105_ses-20191129_obj-9rsez1_behavior+image.nwb	6586542280	414	46	25
sub-SLR102/sub-SLR102_ses-20190728_obj-2ayyxi_behavior+image.nwb	3405623280	329	57	26
sub-SLR095/sub-SLR095_ses-20190217_obj-i41tyk_behavior+image.nwb	3030370768	332	63	26
sub-SLR121/sub-SLR121_ses-20220109_obj-nz9j0h_behavior+image/1fac3bea-df24-4172-99aa-c463ca07cac7_external_file_0.avi	18006163268	859	36	11
sub-SLR099/sub-SLR099_ses-20190428_obj-d3bm2u_behavior+image/166567c4-7686-4982-aca1-0f9d78e47a61_external_file_0.avi	12904051700	676	24	11
sub-SLR111/sub-SLR111_ses-20200209_obj-1czajj4_behavior+image/708b2bfb-4196-4e29-a9d0-8cfa3a974823_external_file_0.avi	6060413380	276	20	10
sub-SLR105/sub-SLR105_ses-20191128_obj-17dn8ai_behavior+image.nwb	5975672820	420	49	25
sub-SLR122/sub-SLR122_ses-20220203_obj-10i8paq_behavior+image/f93db3f5-aebf-4138-addb-18a020874467_external_file_0.avi	14000035700	740	30	10
sub-SLR094/sub-SLR094_ses-20190208_obj-10d6bnm_behavior+image/56479d94-a85e-4eca-b387-36e2ddce8145_external_file_0.avi	19107733552	805	35	12
sub-SLR092/sub-SLR092_ses-20181214_obj-4gwr5t_behavior+image.nwb	2274114192	300	48	23
sub-SLR115/sub-SLR115_ses-20210302_obj-1yzkexe_behavior+image/0a25b592-38bc-4ee5-98b4-f1053dd78e97_external_file_0.avi	21299197892	904	35	12
sub-SLR089/sub-SLR089_ses-20180726_obj-16fygzo_behavior+image.nwb	3269040112	271	46	22
sub-SLR099/sub-SLR099_ses-20190428_obj-34e8mk_behavior+image.nwb	5577852632	352	58	24
sub-SLR087/sub-SLR087_ses-20180706_obj-tpv0p4_behavior+image/052f8b8e-e1dc-4eb7-8f8b-be75b95427a4_external_file_0.avi	7456764501	410	29	11
sub-SLR113/sub-SLR113_ses-20201127_obj-r8julp_behavior+image.nwb	2551694560	267	48	21
sub-SLR095/sub-SLR095_ses-20190213_obj-1mtxei1_behavior+image/e429f86c-260d-405f-b2a3-c7c063509888_external_file_0.avi	13379979924	702	22	11
sub-SLR105/sub-SLR105_ses-20191130_obj-9fb5hm_behavior+image/54b3c6e1-571d-4b29-be59-368651758c56_external_file_0.avi	16334057020	850	25	10
sub-SLR116/sub-SLR116_ses-20210911_obj-80vule_behavior+image.nwb	7351766928	403	52	29
sub-SLR087/sub-SLR087_ses-20180711_obj-1fv2c8_behavior+image.nwb	2025188292	247	47	21
sub-SLR122/sub-SLR122_ses-20220202_obj-2lh38q_behavior+image.nwb	4711157860	322	44	19
sub-SLR092/sub-SLR092_ses-20181215_obj-1w9w73c_behavior+image/c5d2a1ff-e991-49e4-80ea-80d7ee8a9a6a_external_file_0.avi	11520408956	569	35	12
sub-SLR087/sub-SLR087_ses-20180712_obj-1p2szib_behavior+image/2d70a00f-25a7-4e88-a1af-5a7102f82dbb_external_file_0.avi	7206095142	409	35	12
sub-SLR116/sub-SLR116_ses-20210914_obj-1emp0eg_behavior+image.nwb	5691055532	335	46	21
sub-SLR126/sub-SLR126_ses-20220802_obj-1l8xdk0_behavior+image.nwb	5178679357	366	49	22
sub-SLR126/sub-SLR126_ses-20220801_obj-hgxsr5_behavior+image.nwb	5136992976	357	51	20
sub-SLR087/sub-SLR087_ses-20180706_obj-szr1ho_behavior+image.nwb	2564723412	257	63	21
sub-SLR092/sub-SLR092_ses-20181214_obj-12yo4kc_behavior+image/26d92837-f252-4444-aeab-833517b7306b_external_file_0.avi	10271579968	557	31	9
sub-SLR089/sub-SLR089_ses-20180725_obj-wy9qph_behavior+image.nwb	2802609748	279	49	20
sub-SLR095/sub-SLR095_ses-20190218_obj-azt6v_behavior+image/a96dc6b3-e81c-4046-a169-4e8d12f9a6c6_external_file_0.avi	16101741152	618	29	11
sub-SLR097/sub-SLR097_ses-20190302_obj-1qxmfzx_behavior+image.nwb	3102341036	304	60	19
sub-SLR110/sub-SLR110_ses-20200206_obj-e6o8ef_behavior+image/f5e2ec44-dc84-421d-93cb-4441437f8807_external_file_0.avi	5034928128	321	32	9
sub-SLR105/sub-SLR105_ses-20191129_obj-9rsez1_behavior+image/14db53cf-5271-45de-bb03-0d5f63472ceb_external_file_0.avi	13948743876	742	30	9
sub-SLR102/sub-SLR102_ses-20190731_obj-yio8jd_behavior+image/4b160712-f634-4e02-b347-827d4d42d8ef_external_file_0.avi	19781895876	704	32	11
sub-SLR123/sub-SLR123_ses-20220221_obj-a6g529_behavior+image.nwb	6727603380	365	50	21
sub-SLR103/sub-SLR103_ses-20190730_obj-1tyot72_behavior+image/a8a82840-5df0-4a4a-b6dd-d2e96f0d76f2_external_file_0.avi	15790691936	661	20	11
sub-SLR095/sub-SLR095_ses-20190213_obj-pt3lho_behavior+image.nwb	2670226512	289	60	21
sub-SLR087/sub-SLR087_ses-20180712_obj-spo27a_behavior+image/9181e0a0-6afa-4aa9-9400-161d8d38898a_external_file_0.avi	6270820692	357	26	10
sub-SLR112/sub-SLR112_ses-20201101_obj-ptxbqn_behavior+image.nwb	3444326540	291	45	20
sub-SLR119/sub-SLR119_ses-20211108_obj-1thodu5_behavior+image/bc60e02f-3e58-4f0c-8d21-e025ca4cb43c_external_file_0.avi	13889232072	737	26	10
sub-SLR099/sub-SLR099_ses-20190428_obj-d3bm2u_behavior+image.nwb	3692504520	335	59	23
sub-SLR120/sub-SLR120_ses-20220106_obj-fol8io_behavior+image.nwb	4227047380	385	57	23
sub-SLR124/sub-SLR124_ses-20220302_obj-1qy2y3c_behavior+image.nwb	7971191939	395	44	22
sub-SLR089/sub-SLR089_ses-20180726_obj-1azqfyf_behavior+image/5d0c65a9-ad71-466c-ad8c-0e6597a8a9a3_external_file_0.avi	7814962681	442	34	11
sub-SLR087/sub-SLR087_ses-20180706_obj-v6mj6u_behavior+image.nwb	1897452312	253	58	20
sub-SLR092/sub-SLR092_ses-20181215_obj-1xhtb9g_behavior+image.nwb	2010262724	274	53	22
sub-SLR096/sub-SLR096_ses-20190304_obj-1h6d91o_behavior+image.nwb	4006002992	311	42	20
sub-SLR089/sub-SLR089_ses-20180728_obj-192lq88_behavior+image/bf76a971-83ff-4edf-bc16-9307080b85b6_external_file_0.avi	7902087312	484	35	9
sub-SLR095/sub-SLR095_ses-20190213_obj-oc4ybw_behavior+image/7ad6149a-46fe-472d-b72a-dbf8c943251c_external_file_0.avi	9631040253	520	29	11
sub-SLR108/sub-SLR108_ses-20191221_obj-chaknx_behavior+image.nwb	2552665724	280	35	22
sub-SLR110/sub-SLR110_ses-20200205_obj-kbm4rk_behavior+image/dfae4bdd-d037-4e59-864e-bfdc2ed00163_external_file_0.avi	14719178612	739	26	10
sub-SLR087/sub-SLR087_ses-20180712_obj-ytrdlt_behavior+image.nwb	1919744196	285	57	23
