asset_path	bytes_sent	number_of_requests	number_of_downloads	number_of_views
sub-C2-04-01/sub-C2-04-01_ses-20240729_obj-10cjy2s_ophys.nwb	379516668	111	44	18
sub-phpV9-13/sub-phpV9-13_ses-20230822_obj-i9qjv_ophys.nwb	13122392825	644	48	27
sub-phpV13-4/sub-phpV13-4_ses-20230918_obj-1gm49jl_ophys.nwb	16242057319	755	50	28
sub-AAV-CaMPARI1-C8/sub-AAV-CaMPARI1-C8_obj-thez1q_ophys.nwb	254953516	138	50	30
sub-phpV18-1/sub-phpV18-1_ses-20230904_obj-1hbcwhn_ophys.nwb	12915478946	566	49	23
sub-phpV17-2/sub-phpV17-2_ses-20230910_obj-w2a7i9_ophys.nwb	82635088457	2346	54	32
sub-PHP-V15-L13/sub-PHP-V15-L13_obj-1th92jt_ophys.nwb	163884412	72	33	13
sub-phpV16-blind-01/sub-phpV16-blind-01_ses-20240909_obj-1qfnyxa_ophys.nwb	397284668	117	45	19
sub-phpV9-13/sub-phpV9-13_ses-20230822_obj-9sx0ry_ophys.nwb	20699092180	907	52	26
sub-phpV15-blind-02/sub-phpV15-blind-02_obj-1iottb_ophys.nwb	396748768	118	44	18
sub-phpV16-blind-03/sub-phpV16-blind-03_ses-20240913_obj-999xy6_ophys.nwb	372231932	132	46	21
sub-PHP-CaMPARI1-M5/sub-PHP-CaMPARI1-M5_obj-1l8c9py_ophys.nwb	156390896	96	36	20
sub-phpV14-03-H5/sub-phpV14-03-H5_ses-20241118_obj-artpot_ophys.nwb	270458940	119	37	21
sub-phpV10-6/sub-phpV10-6_ses-20230515_obj-1kijlvb_ophys.nwb	23323556178	957	54	28
sub-phpV7-6/sub-phpV7-6_ses-20230517_obj-4q794m_ophys.nwb	69109773324	2164	58	29
sub-phpV15-05-L5/sub-phpV15-05-L5_obj-1j58wbl_ophys.nwb	362379936	104	38	16
sub-PHP-V15-L13/sub-PHP-V15-L13_obj-1fg29o6_ophys.nwb	169699096	72	33	13
sub-AAV-V15-D5/sub-AAV-V15-D5_obj-1bbj8xj_ophys.nwb	221797408	90	42	15
sub-phpV14-04-H6/sub-phpV14-04-H6_ses-20241119_obj-1paowo7_ophys.nwb	301755732	101	37	16
sub-phpV14-4/sub-phpV14-4_ses-20230921_obj-1mlkw4o_ophys.nwb	16294500488	622	49	25
sub-PHP-V15-L13/sub-PHP-V15-L13_obj-r6n9zy_ophys.nwb	170198368	79	34	14
sub-phpV15-04-L4/sub-phpV15-04-L4_obj-1f9kqpj_ophys.nwb	333146228	117	45	17
sub-phpV14-03-H5/sub-phpV14-03-H5_ses-20241118_obj-8j26cw_ophys.nwb	266502136	99	35	16
sub-phpV7-6/sub-phpV7-6_ses-20230517_obj-1rfaa1y_ophys.nwb	21646146222	692	66	29
sub-phpV14-4/sub-phpV14-4_ses-20230921_obj-1kh8pe1_ophys.nwb	10094025875	541	45	26
sub-AAV-V16-A8/sub-AAV-V16-A8_obj-1izuuwl_ophys.nwb	168061496	75	33	14
sub-AAV-V15-D7/sub-AAV-V15-D7_obj-1syyp5i_ophys.nwb	167912928	79	34	15
sub-phpV15-1/sub-phpV15-1_ses-20230826_obj-f2buld_ophys.nwb	27617095236	998	50	24
sub-PHP-V14-H11/sub-PHP-V14-H11_obj-l3g15y_ophys.nwb	130105104	78	30	15
sub-AAV-V14-B6/sub-AAV-V14-B6_obj-1fruehk_ophys.nwb	182008024	95	38	18
sub-phpV11-5/sub-phpV11-5_ses-20230508_obj-176jnhg_ophys.nwb	30606750160	1141	50	26
sub-phpV15-blind-02/sub-phpV15-blind-02_obj-12u71yw_ophys.nwb	394785428	141	45	22
sub-PHP-V14-H11/sub-PHP-V14-H11_obj-10m352d_ophys.nwb	127919708	86	32	17
sub-PHP-V14-H11/sub-PHP-V14-H11_obj-1fas70j_ophys.nwb	134069328	93	33	17
sub-mouse4-DC1-1L-C2-1R-4 Right/sub-mouse4-DC1-1L-C2-1R-4 Right_obj-1vew7tk_ophys.nwb	52067441142	2260	54	34
sub-phpV9-13/sub-phpV9-13_ses-20230822_obj-1k644i0_ophys.nwb	17412995866	682	50	26
sub-phpV14-04-H6/sub-phpV14-04-H6_ses-20241119_obj-c5gzxe_ophys.nwb	310766288	111	39	17
sub-phpV14-03-H5/sub-phpV14-03-H5_ses-20241118_obj-117ssms_ophys.nwb	280243900	104	36	17
sub-phpV12-1/sub-phpV12-1_ses-20230413_obj-1mgn7ov_ophys.nwb	17677522914	694	53	27
sub-AAV-V15-D7/sub-AAV-V15-D7_obj-17j67lq_ophys.nwb	164208480	75	33	14
sub-phpV17-2/sub-phpV17-2_ses-20230910_obj-1binji0_ophys.nwb	11455144819	428	47	21
sub-C2-04-02/sub-C2-04-02_obj-6vg2gs_ophys.nwb	393084756	144	54	20
sub-phpV14-03-H5/sub-phpV14-03-H5_ses-20241118_obj-1aslqb9_ophys.nwb	244868468	110	38	17
sub-phpV11-4/sub-phpV11-4_ses-20230508_obj-1o84ogz_ophys.nwb	28073772038	1031	52	29
sub-C2-04-03/sub-C2-04-03_obj-1e2iiai_ophys.nwb	297397588	120	38	21
sub-AAV-CaMPARI1-C5/sub-AAV-CaMPARI1-C5_obj-xtdnu5_ophys.nwb	211549372	89	41	15
sub-mouse3-DC1-1L-C2-1R-3 Left/sub-mouse3-DC1-1L-C2-1R-3 Left_obj-1v5tbp0_ophys.nwb	28529172155	1605	60	34
sub-C2-04-01/sub-C2-04-01_ses-20240729_obj-18hfz50_ophys.nwb	376464056	118	43	20
sub-phpV15-2/sub-phpV15-2_ses-20230905_obj-17nzr1x_ophys.nwb	27658930644	1055	54	23
sub-PHP-CaMPARI1-M6/sub-PHP-CaMPARI1-M6_obj-14n1ol5_ophys.nwb	143141224	80	32	15
sub-phpV14-04-H6/sub-phpV14-04-H6_ses-20241119_obj-4tl8fk_ophys.nwb	324208288	108	40	17
sub-phpV9-3/sub-phpV9-3_ses-20230424_obj-amne1i_ophys.nwb	84308658110	2015	58	34
sub-mouse3-DC1-1L-C2-1R-3 Left/sub-mouse3-DC1-1L-C2-1R-3 Left_obj-1vmfui0_ophys.nwb	36079368010	1764	60	33
sub-phpV10-6/sub-phpV10-6_ses-20230515_obj-1dfdlx4_ophys.nwb	86343693631	2518	63	36
sub-phpV15-03-L3/sub-phpV15-03-L3_obj-1wvci51_ophys.nwb	275217684	104	36	16
sub-phpV8-6/sub-phpV8-6_ses-20230515_obj-krpr4q_ophys.nwb	19069870186	728	55	29
sub-phpV7-4/sub-phpV7-4_ses-20230428_obj-z3jccz_ophys.nwb	61662581244	2239	63	30
sub-phpV12-1/sub-phpV12-1_ses-20230413_obj-1ga8x6f_ophys.nwb	12770805863	594	55	28
sub-phpV16-1/sub-phpV16-1_ses-20230827_obj-fblkqu_ophys.nwb	67098399809	2191	61	29
sub-phpV7-4/sub-phpV7-4_ses-20230428_obj-1m8agpt_ophys.nwb	89831290962	2586	63	31
sub-phpV8-5/sub-phpV8-5_ses-20230510_obj-1wyif26_ophys.nwb	80278854586	2142	56	29
sub-phpV14-4/sub-phpV14-4_ses-20230921_obj-1j57g8f_ophys.nwb	15184405642	610	47	25
sub-PHP-V15-L23/sub-PHP-V15-L23_obj-15d1ou4_ophys.nwb	127814224	75	30	15
sub-AAV-V14-B6/sub-AAV-V14-B6_obj-1ric82_ophys.nwb	179421864	76	34	14
sub-phpV14-3/sub-phpV14-3_ses-20230914_obj-1qdi75b_ophys.nwb	5850318964	325	45	23
sub-phpV14-03-H5/sub-phpV14-03-H5_ses-20241118_obj-8oqea7_ophys.nwb	323032028	104	33	18
sub-PHP-V14-H11/sub-PHP-V14-H11_obj-1ykwpsk_ophys.nwb	141905100	85	31	18
sub-PHP-V14-H11/sub-PHP-V14-H11_obj-15os61q_ophys.nwb	135583012	85	31	16
sub-phpV14-blind-03/sub-phpV14-blind-03_ses-20240910_obj-1scy6by_ophys.nwb	360274664	124	50	18
sub-AAV-V14-B6/sub-AAV-V14-B6_obj-xhwyel_ophys.nwb	172811716	85	34	16
sub-C2-04-01/sub-C2-04-01_ses-20240729_obj-m3vo02_ophys.nwb	366808212	139	49	20
sub-phpV9-4/sub-phpV9-4_ses-20230425_obj-18fad1_ophys.nwb	8668747334	528	54	27
sub-AAV-V14-B6/sub-AAV-V14-B6_obj-1o03af5_ophys.nwb	174478104	91	37	17
sub-AAV-CaMPARI1-C9/sub-AAV-CaMPARI1-C9_obj-cej57p_ophys.nwb	157257632	81	33	15
sub-phpV8-5/sub-phpV8-5_ses-20230510_obj-zkgjao_ophys.nwb	14543088996	604	55	29
sub-AAV-V14-B6/sub-AAV-V14-B6_obj-1en08lt_ophys.nwb	156421556	81	33	15
sub-AAV-V15-D5/sub-AAV-V15-D5_obj-qagcpk_ophys.nwb	168317244	93	39	17
sub-phpV11-1/sub-phpV11-1_ses-20230419_obj-1ci9leo_ophys.nwb	16683883598	765	54	28
sub-phpV13-4/sub-phpV13-4_ses-20230918_obj-17zrqqi_ophys.nwb	7758383424	378	54	27
sub-phpV12-6/sub-phpV12-6_ses-20230530_obj-1a3f5ip_ophys.nwb	31536006924	1001	59	29
sub-phpV18-3/sub-phpV18-3_ses-20230921_obj-laqvaq_ophys.nwb	6736984419	392	56	21
sub-phpV8-5/sub-phpV8-5_ses-20230510_obj-gweb4h_ophys.nwb	81464295110	2228	50	32
sub-phpV12-6/sub-phpV12-6_ses-20230530_obj-1atjspf_ophys.nwb	21605096244	758	53	29
sub-C1-04-02/sub-C1-04-02_ses-20240618_obj-155v7ee_ophys.nwb	417099820	123	49	18
sub-phpV14-01-H2/sub-phpV14-01-H2_ses-20241022_obj-1b36to8_ophys.nwb	256231184	98	34	16
sub-phpV7-7/sub-phpV7-7_ses-20230519_obj-1vg72np_ophys.nwb	36163868790	1104	54	27
sub-phpV14-01-H2/sub-phpV14-01-H2_ses-20241022_obj-11hzzbt_ophys.nwb	293491432	103	39	16
sub-AAV-V16-A7/sub-AAV-V16-A7_obj-1hj7zks_ophys.nwb	159378808	82	34	15
sub-phpV15-1/sub-phpV15-1_ses-20230826_obj-17o4u3k_ophys.nwb	4222661252	269	42	23
sub-phpV7-7/sub-phpV7-7_ses-20230519_obj-1uyyayn_ophys.nwb	37635766560	958	57	27
sub-phpV10-6/sub-phpV10-6_ses-20230515_obj-18vyl1u_ophys.nwb	20491234894	753	52	27
sub-AAV-V15-D8/sub-AAV-V15-D8_obj-poxcbj_ophys.nwb	200270756	102	42	17
sub-PHP-V15-L13/sub-PHP-V15-L13_obj-byuecn_ophys.nwb	180987028	83	35	16
sub-mouse2-DC1-1L-C2-1R-2/sub-mouse2-DC1-1L-C2-1R-2_obj-180hxgx_ophys.nwb	89569591816	2729	59	32
sub-PHP-V15-L11/sub-PHP-V15-L11_obj-2tf7n0_ophys.nwb	189978784	101	41	19
sub-phpV14-04-H6/sub-phpV14-04-H6_ses-20241119_obj-pf1qky_ophys.nwb	306442476	112	40	17
sub-AAV-V15-D8/sub-AAV-V15-D8_obj-15qv38w_ophys.nwb	181815392	87	36	16
sub-phpV15-03-L3/sub-phpV15-03-L3_obj-gng271_ophys.nwb	251584212	97	33	16
sub-phpV16-1/sub-phpV16-1_ses-20230827_obj-15p2bmf_ophys.nwb	8637577308	371	50	23
sub-phpV15-03-L3/sub-phpV15-03-L3_obj-gym3e_ophys.nwb	250687860	113	37	18
sub-PHP-V14-H11/sub-PHP-V14-H11_obj-k1q6l0_ophys.nwb	147655088	68	29	13
sub-phpV12-1/sub-phpV12-1_ses-20230413_obj-dt7614_ophys.nwb	19247967516	884	49	27
sub-phpV11-1/sub-phpV11-1_ses-20230419_obj-bq59a_ophys.nwb	46361455248	1416	69	29
sub-phpV15-05-L5/sub-phpV15-05-L5_obj-4qe6uy_ophys.nwb	335117312	133	45	20
sub-Mouse6-DC1-5L-C2-5R-1/sub-Mouse6-DC1-5L-C2-5R-1_obj-ymqpl1_ophys.nwb	23939934340	1202	68	38
sub-PHP-CaMPARI1-M6/sub-PHP-CaMPARI1-M6_obj-i2q4yy_ophys.nwb	142948244	82	31	16
sub-phpV15-blind-02/sub-phpV15-blind-02_obj-1ffnuso_ophys.nwb	388440556	155	49	23
sub-phpV8-5/sub-phpV8-5_ses-20230510_obj-1mfxt3d_ophys.nwb	19736331346	790	52	30
sub-phpV15-05-L5/sub-phpV15-05-L5_obj-ovpvdl_ophys.nwb	303330908	107	39	16
sub-PHP-V15-L23/sub-PHP-V15-L23_obj-191v2oc_ophys.nwb	132401384	74	29	14
sub-phpV14-2/sub-phpV14-2_ses-20230817_obj-1wxxa3r_ophys.nwb	69844119711	2202	58	29
sub-C2-04-03/sub-C2-04-03_obj-1q7u0pv_ophys.nwb	314881588	107	37	18
sub-C1-AAV1blind-03/sub-C1-AAV1blind-03_ses-20240916_obj-1cih7zw_ophys.nwb	354021476	126	44	21
sub-phpV18-3/sub-phpV18-3_ses-20230921_obj-1i67ujq_ophys.nwb	12743987795	694	56	23
sub-phpV11-4/sub-phpV11-4_ses-20230508_obj-ehpzry_ophys.nwb	76877506714	1928	61	29
sub-phpV12-4/sub-phpV12-4_ses-20230511_obj-aseqnz_ophys.nwb	30255364580	968	52	26
sub-phpV13-4/sub-phpV13-4_ses-20230918_obj-1f8mx3e_ophys.nwb	12204236923	702	46	28
sub-PHP-V14-H11/sub-PHP-V14-H11_obj-gpzfms_ophys.nwb	124564084	66	27	13
sub-C1-04-02/sub-C1-04-02_ses-20240618_obj-5i10ej_ophys.nwb	304994604	131	41	21
sub-phpV11-4/sub-phpV11-4_ses-20230508_obj-1atyh0p_ophys.nwb	81774003942	1993	56	34
sub-phpV17-1/sub-phpV17-1_ses-20230828_obj-42milx_ophys.nwb	8035078888	392	53	22
sub-C1-04-02/sub-C1-04-02_ses-20240618_obj-y7gncm_ophys.nwb	300068416	112	38	19
sub-phpV9-4/sub-phpV9-4_ses-20230425_obj-5rps9c_ophys.nwb	7174621228	386	49	28
sub-AAV-V15-D6/sub-AAV-V15-D6_obj-yopcr5_ophys.nwb	191594120	78	36	14
sub-PHP-CaMPARI1-M6/sub-PHP-CaMPARI1-M6_obj-2twiet_ophys.nwb	131227296	86	32	17
sub-phpV11-1/sub-phpV11-1_ses-20230419_obj-14aksab_ophys.nwb	29254921946	763	58	27
sub-phpV15-04-L4/sub-phpV15-04-L4_obj-1rfbt9g_ophys.nwb	308842380	102	38	16
sub-phpV8-3/sub-phpV8-3_ses-20230413_obj-cmd5bx_ophys.nwb	77505009689	2750	62	33
sub-phpV14-03-H5/sub-phpV14-03-H5_ses-20241118_obj-eh1096_ophys.nwb	296973648	104	34	16
sub-phpV14-01-H2/sub-phpV14-01-H2_ses-20241022_obj-1l7nvxu_ophys.nwb	301155976	135	47	21
sub-phpV14-01-H2/sub-phpV14-01-H2_ses-20241022_obj-qrzkbh_ophys.nwb	330139232	130	46	21
sub-Mouse6-DC1-5L-C2-5R-1/sub-Mouse6-DC1-5L-C2-5R-1_obj-b72y98_ophys.nwb	14872201328	891	82	37
sub-phpV14-03-H5/sub-phpV14-03-H5_ses-20241118_obj-15nkuqf_ophys.nwb	271192688	108	36	18
sub-AAV-V15-D5/sub-AAV-V15-D5_obj-6uu0mm_ophys.nwb	176505932	100	40	19
sub-PHP-CaMPARI1-M6/sub-PHP-CaMPARI1-M6_obj-1crtwj0_ophys.nwb	145654188	72	30	14
sub-phpV14-04-H6/sub-phpV14-04-H6_ses-20241119_obj-19fkau_ophys.nwb	336445140	115	43	17
sub-C1-AAV1blind-02/sub-C1-AAV1blind-02_ses-20240916_obj-14w9yae_ophys.nwb	363670656	146	48	23
sub-phpV14-blind-03/sub-phpV14-blind-03_ses-20240910_obj-1f1abpc_ophys.nwb	318442756	114	40	18
sub-AAV-V14-B6/sub-AAV-V14-B6_obj-7gd849_ophys.nwb	156021508	89	35	16
sub-AAV-V16-A8/sub-AAV-V16-A8_obj-6pdo8o_ophys.nwb	167544704	74	32	14
sub-CaMPARI1-A146L-Q142V/sub-CaMPARI1-A146L-Q142V_ses-flourescence-recording_ophys.nwb	77805208	598	224	125
sub-C2-AAV1blind-03/sub-C2-AAV1blind-03_ses-20240904_obj-euusec_ophys.nwb	375024064	118	44	18
sub-AAV-V16-A7/sub-AAV-V16-A7_obj-1sgy3rs_ophys.nwb	167876928	74	32	14
sub-phpV9-3/sub-phpV9-3_ses-20230424_obj-1bhytzd_ophys.nwb	18458546159	633	56	28
sub-phpV10-4/sub-phpV10-4_ses-20230420_obj-mnye8e_ophys.nwb	45290372900	1554	57	30
sub-C1-04-03/sub-C1-04-03_ses-20240619_obj-eruei_ophys.nwb	285250252	119	37	20
sub-C2-04-01/sub-C2-04-01_ses-20240729_obj-di417d_ophys.nwb	329501576	115	41	18
sub-phpV15-2/sub-phpV15-2_ses-20230905_obj-1qg4uz3_ophys.nwb	27375663748	782	52	21
sub-C1-04-02/sub-C1-04-02_ses-20240618_obj-19gt6cb_ophys.nwb	267636028	119	37	19
sub-phpV15-03-L3/sub-phpV15-03-L3_obj-1r7n6hv_ophys.nwb	218531392	90	30	15
sub-phpV15-4/sub-phpV15-4_ses-20230925_obj-86h16j_ophys.nwb	8620029968	345	43	21
sub-phpV15-03-L3/sub-phpV15-03-L3_obj-vx4j0l_ophys.nwb	339793481	100	39	16
sub-phpV10-4/sub-phpV10-4_ses-20230420_obj-aueezb_ophys.nwb	43957134468	2130	53	29
sub-AAV-CaMPARI1-C5/sub-AAV-CaMPARI1-C5_obj-18qap1w_ophys.nwb	173355080	77	35	14
sub-AAV-V15-D6/sub-AAV-V15-D6_obj-1dmztye_ophys.nwb	169348320	94	37	18
sub-phpV11-1/sub-phpV11-1_ses-20230419_obj-1gg5dhh_ophys.nwb	22132459784	906	51	27
sub-PHP-V15-L13/sub-PHP-V15-L13_obj-zftois_ophys.nwb	161191584	78	33	14
sub-C1-AAV1blind-01/sub-C1-AAV1blind-01_ses-20240920_obj-tnqfjx_ophys.nwb	336137792	125	43	21
sub-PHP-V15-L11/sub-PHP-V15-L11_obj-5vy79j_ophys.nwb	155378032	80	35	14
sub-phpV14-blind-03/sub-phpV14-blind-03_ses-20240910_obj-cqn8k9_ophys.nwb	310974844	112	38	18
sub-phpV11-1/sub-phpV11-1_ses-20230419_obj-bgn3jn_ophys.nwb	18429964656	547	53	26
sub-phpV11-5/sub-phpV11-5_ses-20230508_obj-cu4ydq_ophys.nwb	28040833104	1066	50	26
sub-phpV14-3/sub-phpV14-3_ses-20230914_obj-3w6wqg_ophys.nwb	7717730401	440	41	25
sub-phpV9-6/sub-phpV9-6_ses-20230502_obj-15fjms9_ophys.nwb	40170819384	1558	52	29
sub-PHP-V14-H11/sub-PHP-V14-H11_obj-gksyw6_ophys.nwb	124958660	81	30	15
sub-phpV15-05-L5/sub-phpV15-05-L5_obj-lrzae_ophys.nwb	277796592	104	36	16
sub-C1-04-02/sub-C1-04-02_ses-20240618_obj-d599ab_ophys.nwb	298536793	133	42	22
sub-AAV-V15-D8/sub-AAV-V15-D8_obj-e8j2c4_ophys.nwb	168047444	74	32	14
sub-C2-04-02/sub-C2-04-02_obj-11zjou7_ophys.nwb	354405656	118	44	18
sub-phpV17-3/sub-phpV17-3_ses-20230926_obj-1rfmslw_ophys.nwb	6296708534	405	50	23
sub-phpV14-blind-02/sub-phpV14-blind-02_ses-20240904_obj-m9q64m_ophys.nwb	279588636	99	33	17
sub-phpV12-6/sub-phpV12-6_ses-20230530_obj-18kek1d_ophys.nwb	50128523450	1981	58	27
sub-AAV-V16-A7/sub-AAV-V16-A7_obj-iorjw5_ophys.nwb	151699604	74	32	14
sub-phpV14-4/sub-phpV14-4_ses-20230921_obj-jiwi9v_ophys.nwb	10186016707	532	37	23
sub-C2-04-02/sub-C2-04-02_obj-vaxl7f_ophys.nwb	334638348	104	38	17
sub-AAV-V16-A7/sub-AAV-V16-A7_obj-1cj1hx6_ophys.nwb	156349048	88	34	16
sub-phpV9-10/sub-phpV9-10_ses-20230802_obj-1qzruh3_ophys.nwb	19949435576	714	42	24
sub-phpV15-04-L4/sub-phpV15-04-L4_obj-ubbey9_ophys.nwb	293400188	113	41	17
sub-AAV-V15-D5/sub-AAV-V15-D5_obj-1apkwu8_ophys.nwb	20847782704	1526	26	15
sub-phpV10-7/sub-phpV10-7_ses-20230522_obj-cptjhv_ophys.nwb	45852989376	1811	53	30
sub-phpV8-6/sub-phpV8-6_ses-20230515_obj-1xia77x_ophys.nwb	18773513902	867	49	28
sub-phpV7-3/sub-phpV7-3_ses-20230410_obj-2um583_ophys.nwb	70569689732	2295	59	30
sub-phpV14-2/sub-phpV14-2_ses-20230817_obj-1a3brhd_ophys.nwb	30116821326	1063	51	26
sub-phpV14-blind-03/sub-phpV14-blind-03_ses-20240910_obj-1lruldq_ophys.nwb	312459800	103	37	17
sub-phpV15-04-L4/sub-phpV15-04-L4_obj-1yspd0x_ophys.nwb	282709692	104	36	16
sub-phpV18-1/sub-phpV18-1_ses-20230904_obj-1c9ts2i_ophys.nwb	10748223656	561	47	23
sub-phpV15-4/sub-phpV15-4_ses-20230925_obj-klxbk0_ophys.nwb	11209393726	491	42	21
sub-phpV14-3/sub-phpV14-3_ses-20230914_obj-141c7la_ophys.nwb	50220309490	1927	56	33
sub-AAV-V15-D7/sub-AAV-V15-D7_obj-1sp7i91_ophys.nwb	159458896	82	34	15
sub-AAV-CaMPARI1-C8/sub-AAV-CaMPARI1-C8_obj-fr0ty4_ophys.nwb	163029336	74	32	14
sub-AAV-V15-D6/sub-AAV-V15-D6_obj-11ku6xk_ophys.nwb	169163428	84	36	15
sub-AAV-V15-D5/sub-AAV-V15-D5_obj-1f3jm1q_ophys.nwb	20866637072	1514	27	15
sub-phpV14-03-H5/sub-phpV14-03-H5_ses-20241118_obj-1k4f53l_ophys.nwb	256754136	102	34	17
sub-phpV15-03-L3/sub-phpV15-03-L3_obj-12vb41z_ophys.nwb	258884320	92	32	15
sub-AAV-CaMPARI1-C8/sub-AAV-CaMPARI1-C8_obj-14m2um6_ophys.nwb	173569520	98	38	17
sub-AAV-CaMPARI1-C5/sub-AAV-CaMPARI1-C5_obj-c6b2ff_ophys.nwb	151452152	74	32	14
sub-phpV10-4/sub-phpV10-4_ses-20230420_obj-aj9pbb_ophys.nwb	32732290324	1279	49	28
sub-AAV-V15-D7/sub-AAV-V15-D7_obj-kf7bk3_ophys.nwb	161314700	73	31	14
sub-phpV17-3/sub-phpV17-3_ses-20230926_obj-bmeig3_ophys.nwb	6326623400	293	51	21
sub-phpV14-04-H6/sub-phpV14-04-H6_ses-20241119_obj-x8ro1o_ophys.nwb	293892548	112	40	17
sub-phpV14-01-H2/sub-phpV14-01-H2_ses-20241022_obj-1rrse0u_ophys.nwb	243492800	107	35	17
sub-phpV14-03-H5/sub-phpV14-03-H5_ses-20241118_obj-yvb2wi_ophys.nwb	253174180	107	35	18
sub-phpV14-03-H5/sub-phpV14-03-H5_ses-20241118_obj-1iiiw69_ophys.nwb	260306484	98	34	16
sub-C1-04-03/sub-C1-04-03_ses-20240619_obj-162vsjs_ophys.nwb	286321212	101	35	17
sub-phpV14-03-H5/sub-phpV14-03-H5_ses-20241118_obj-132owks_ophys.nwb	245166176	117	37	19
sub-PHP-V14-H11/sub-PHP-V14-H11_obj-1n5rp4r_ophys.nwb	132275424	85	31	16
sub-phpV12-1/sub-phpV12-1_ses-20230413_obj-5wqrmo_ophys.nwb	7832851893	463	48	27
sub-phpV14-04-H6/sub-phpV14-04-H6_ses-20241119_obj-14teo4v_ophys.nwb	291454948	110	38	17
sub-phpV15-2/sub-phpV15-2_ses-20230905_obj-13seubs_ophys.nwb	64710666606	1885	60	27
sub-AAV-V15-D8/sub-AAV-V15-D8_obj-18s95uw_ophys.nwb	166308076	82	34	15
sub-phpV9-13/sub-phpV9-13_ses-20230822_obj-czbnbh_ophys.nwb	26947547978	1000	49	26
sub-phpV16-1/sub-phpV16-1_ses-20230827_obj-1imj31e_ophys.nwb	8546590911	532	36	21
sub-phpV16-blind-01/sub-phpV16-blind-01_ses-20240909_obj-u48y6k_ophys.nwb	355358572	131	45	19
sub-mouse1-DC1-1L-C2-1R-1 Left/sub-mouse1-DC1-1L-C2-1R-1 Left_obj-17yc8kb_ophys.nwb	55148757844	1807	64	30
sub-PHP-V15-L23/sub-PHP-V15-L23_obj-19qcfzy_ophys.nwb	128249192	67	28	13
sub-phpV11-4/sub-phpV11-4_ses-20230508_obj-13155tc_ophys.nwb	38002924804	1291	55	29
sub-mouse8-C2R 15degrees/sub-mouse8-C2R 15degrees_obj-1qrkeek_ophys.nwb	45498808812	1802	59	29
sub-PHP-V15-L23/sub-PHP-V15-L23_obj-fp09cf_ophys.nwb	135869808	79	31	15
sub-PHP-V14-H11/sub-PHP-V14-H11_obj-t5p6sh_ophys.nwb	135701972	83	32	15
sub-phpV10-4/sub-phpV10-4_ses-20230420_obj-xjmolk_ophys.nwb	30738180676	1092	51	29
sub-PHP-CaMPARI1-M5/sub-PHP-CaMPARI1-M5_obj-im1kb2_ophys.nwb	125823452	87	33	16
sub-phpV14-3/sub-phpV14-3_ses-20230914_obj-wbn2it_ophys.nwb	8683278248	483	41	24
sub-phpV9-10/sub-phpV9-10_ses-20230802_obj-1w6trjq_ophys.nwb	21372846958	621	54	26
sub-phpV14-04-H6/sub-phpV14-04-H6_ses-20241119_obj-pzlgwq_ophys.nwb	278077732	100	37	16
sub-phpV15-05-L5/sub-phpV15-05-L5_obj-d3yy5z_ophys.nwb	277562168	106	38	16
sub-AAV-CaMPARI1-C8/sub-AAV-CaMPARI1-C8_obj-1qpilp3_ophys.nwb	166830328	90	36	18
sub-phpV14-blind-03/sub-phpV14-blind-03_ses-20240910_obj-1om2f4c_ophys.nwb	291372988	114	36	19
sub-C1-04-02/sub-C1-04-02_ses-20240618_obj-1lxwihg_ophys.nwb	319027500	105	39	17
sub-phpV15-blind-02/sub-phpV15-blind-02_obj-feh350_ophys.nwb	338007596	135	45	21
sub-mouse20-C1 -19degree/sub-mouse20-C1 -19degree_obj-fln7qz_ophys.nwb	9230294320	872	85	42
sub-phpV17-1/sub-phpV17-1_ses-20230828_obj-z9eubf_ophys.nwb	8889688232	402	50	22
sub-phpV15-05-L5/sub-phpV15-05-L5_obj-lmautm_ophys.nwb	283656636	96	36	15
sub-AAV-CaMPARI1-C8/sub-AAV-CaMPARI1-C8_obj-1rxfuha_ophys.nwb	165363964	82	34	15
sub-AAV-V16-A7/sub-AAV-V16-A7_obj-tz1v1r_ophys.nwb	149531028	89	35	16
sub-phpV15-1/sub-phpV15-1_ses-20230826_obj-g0vq6j_ophys.nwb	21611081248	905	44	22
sub-phpV12-1/sub-phpV12-1_ses-20230413_obj-v1kks8_ophys.nwb	15262019918	639	55	27
sub-AAV-V16-A8/sub-AAV-V16-A8_obj-9j99z3_ophys.nwb	161075740	82	34	15
sub-PHP-V14-H11/sub-PHP-V14-H11_obj-pd9aie_ophys.nwb	135873308	73	28	14
sub-phpV14-01-H2/sub-phpV14-01-H2_ses-20241022_obj-1b14vzt_ophys.nwb	254155688	113	37	19
sub-C2-04-02/sub-C2-04-02_obj-951tgo_ophys.nwb	332654740	129	47	19
sub-phpV9-6/sub-phpV9-6_ses-20230502_obj-2rjlmy_ophys.nwb	22651474238	997	46	25
sub-PHP-V15-L11/sub-PHP-V15-L11_obj-tzy0yl_ophys.nwb	167236240	88	37	15
sub-phpV17-3/sub-phpV17-3_ses-20230926_obj-157gflz_ophys.nwb	67556653688	1970	61	26
sub-phpV14-blind-02/sub-phpV14-blind-02_ses-20240904_obj-xbnfh2_ophys.nwb	301795848	104	38	17
sub-phpV15-04-L4/sub-phpV15-04-L4_obj-19nwvuy_ophys.nwb	324773896	118	42	17
sub-phpV9-4/sub-phpV9-4_ses-20230425_obj-1lli6om_ophys.nwb	56215646754	2005	52	26
sub-phpV15-3/sub-phpV15-3_ses-20230924_obj-pt7h7a_ophys.nwb	14671655446	557	44	21
sub-phpV14-03-H5/sub-phpV14-03-H5_ses-20241118_obj-18imuhv_ophys.nwb	259804293	111	38	18
sub-CaMPARI1-F198Y-C202A/sub-CaMPARI1-F198Y-C202A_ses-flourescence-recording_ophys.nwb	76672072	592	218	125
sub-AAV-V15-D6/sub-AAV-V15-D6_obj-6w21ul_ophys.nwb	164470164	78	33	15
sub-C2-04-02/sub-C2-04-02_obj-fer88j_ophys.nwb	349824236	130	44	20
sub-phpV7-4/sub-phpV7-4_ses-20230428_obj-tvspdr_ophys.nwb	46154699736	2225	59	28
sub-phpV14-04-H6/sub-phpV14-04-H6_ses-20241119_obj-1yzdyr3_ophys.nwb	290339088	121	41	18
sub-phpV8-3/sub-phpV8-3_ses-20230413_obj-1giuec4_ophys.nwb	23689229314	1043	57	29
sub-Mouse6-DC1-5L-C2-5R-1/sub-Mouse6-DC1-5L-C2-5R-1_obj-18ryofc_ophys.nwb	17910615372	1118	79	41
sub-phpV14-03-H5/sub-phpV14-03-H5_ses-20241118_obj-iq4lij_ophys.nwb	273109372	123	39	19
sub-AAV-V15-D5/sub-AAV-V15-D5_obj-z1pcrm_ophys.nwb	158104680	74	32	14
sub-phpV12-6/sub-phpV12-6_ses-20230530_obj-17xyvxl_ophys.nwb	18014117508	942	43	26
sub-C1-04-03/sub-C1-04-03_ses-20240619_obj-dq9kxe_ophys.nwb	288613992	102	36	16
sub-phpV12-7/sub-phpV12-7_ses-20230531_obj-1pxfwj3_ophys.nwb	19799439328	653	47	25
sub-phpV8-5/sub-phpV8-5_ses-20230510_obj-2b4oaq_ophys.nwb	23192757294	862	48	27
sub-PHP-CaMPARI1-M5/sub-PHP-CaMPARI1-M5_obj-1dnfk01_ophys.nwb	134863860	63	27	12
sub-phpV14-blind-03/sub-phpV14-blind-03_ses-20240910_obj-1hbv36v_ophys.nwb	342876128	121	43	20
sub-AAV-V15-D6/sub-AAV-V15-D6_obj-1bz8bzy_ophys.nwb	162547512	91	37	15
sub-phpV15-05-L5/sub-phpV15-05-L5_obj-snu9sd_ophys.nwb	276349572	84	32	13
sub-PHP-V15-L23/sub-PHP-V15-L23_obj-1pii9jx_ophys.nwb	121003856	74	29	14
sub-C2-04-03/sub-C2-04-03_obj-xx1hrv_ophys.nwb	293739724	93	35	15
sub-phpV8-4/sub-phpV8-4_ses-20230502_obj-1kok3rl_ophys.nwb	15162495289	829	54	30
sub-phpV14-04-H6/sub-phpV14-04-H6_ses-20241119_obj-1j6rlfx_ophys.nwb	273920528	110	38	18
sub-phpV11-4/sub-phpV11-4_ses-20230508_obj-1slkad9_ophys.nwb	56344696584	1957	50	30
sub-AAV-CaMPARI1-C8/sub-AAV-CaMPARI1-C8_obj-1ga96zq_ophys.nwb	170065408	98	38	19
sub-AAV-V15-D6/sub-AAV-V15-D6_obj-1xv26w_ophys.nwb	177765136	79	34	15
sub-AAV-V15-D6/sub-AAV-V15-D6_obj-1hc7m2m_ophys.nwb	156649872	66	30	12
sub-C1-04-02/sub-C1-04-02_ses-20240618_obj-17dbz5b_ophys.nwb	243377508	99	33	16
sub-PHP-V15-L13/sub-PHP-V15-L13_obj-1rpe838_ophys.nwb	163746396	79	34	13
sub-phpV12-4/sub-phpV12-4_ses-20230511_obj-1wps9tp_ophys.nwb	15818710706	684	48	26
sub-AAV-V15-D6/sub-AAV-V15-D6_obj-5dobaa_ophys.nwb	176769356	75	33	14
sub-PHP-V14-H11/sub-PHP-V14-H11_obj-lhvebi_ophys.nwb	116172060	73	28	13
sub-phpV14-03-H5/sub-phpV14-03-H5_ses-20241118_obj-17kjx58_ophys.nwb	265408148	118	38	18
sub-PHP-V15-L13/sub-PHP-V15-L13_obj-1ywq94j_ophys.nwb	154308216	66	30	12
sub-phpV14-04-H6/sub-phpV14-04-H6_ses-20241119_obj-nz00q8_ophys.nwb	271941524	90	34	14
sub-AAV-CaMPARI1-C8/sub-AAV-CaMPARI1-C8_obj-yeqq7p_ophys.nwb	168990564	74	32	13
sub-phpV12-9/sub-phpV12-9_ses-20230708_obj-bgrz6_ophys.nwb	6671776308	377	55	30
sub-phpV17-3/sub-phpV17-3_ses-20230926_obj-v4ptl2_ophys.nwb	8534002679	492	43	23
sub-AAV-CaMPARI1-C9/sub-AAV-CaMPARI1-C9_obj-1hfxyct_ophys.nwb	157354872	66	30	12
sub-phpV17-1/sub-phpV17-1_ses-20230828_obj-77kuth_ophys.nwb	50023275165	1931	53	27
sub-PHP-V15-L11/sub-PHP-V15-L11_obj-1417atd_ophys.nwb	152576320	63	30	11
sub-phpV12-1/sub-phpV12-1_ses-20230413_obj-1aubdhx_ophys.nwb	18246327642	701	52	28
sub-phpV14-04-H6/sub-phpV14-04-H6_ses-20241119_obj-190ghjx_ophys.nwb	293267300	102	38	15
sub-phpV14-3/sub-phpV14-3_ses-20230914_obj-ghpxz7_ophys.nwb	6361714452	402	45	25
sub-phpV12-6/sub-phpV12-6_ses-20230530_obj-g5x12p_ophys.nwb	48458618854	1958	54	25
sub-PHP-V16-K7/sub-PHP-V16-K7_obj-1so5zjz_ophys.nwb	131427292	81	30	16
sub-C2-04-03/sub-C2-04-03_obj-1yzo88k_ophys.nwb	319180648	140	46	21
sub-CaMPARI1-Q142V-C150T-C202A/sub-CaMPARI1-Q142V-C150T-C202A_ses-flourescence-recording_ophys.nwb	77616352	593	227	119
sub-phpV16-blind-01/sub-phpV16-blind-01_ses-20240909_obj-1gmm2oh_ophys.nwb	377223512	66	36	8
sub-mouse5-undDC1-1L-C2-1R-5 Right/sub-mouse5-undDC1-1L-C2-1R-5 Right_obj-dl3n2g_ophys.nwb	14866303124	997	47	29
sub-C2-AAV1blind-03/sub-C2-AAV1blind-03_ses-20240904_obj-1r2fjpj_ophys.nwb	363262876	77	35	10
sub-phpV14-blind-03/sub-phpV14-blind-03_ses-20240910_obj-r6dc0y_ophys.nwb	356517868	114	44	18
sub-AAV-CaMPARI1-C5/sub-AAV-CaMPARI1-C5_obj-v5pqwj_ophys.nwb	146749388	50	26	7
sub-AAV-CaMPARI1-C8/sub-AAV-CaMPARI1-C8_obj-v8vvhg_ophys.nwb	150458404	50	26	7
sub-phpV7-7/sub-phpV7-7_ses-20230519_obj-jcz43l_ophys.nwb	67963370356	2285	53	28
sub-PHP-V14-H11/sub-PHP-V14-H11_obj-1buupab_ophys.nwb	124132320	39	21	6
sub-phpV15-3/sub-phpV15-3_ses-20230924_obj-pav14s_ophys.nwb	10773113687	464	52	21
sub-phpV15-04-L4/sub-phpV15-04-L4_obj-n0n3vq_ophys.nwb	316516160	59	31	7
sub-C1-04-01/sub-C1-04-01_obj-8079pc_ophys.nwb	326152616	121	43	20
sub-phpV15-03-L3/sub-phpV15-03-L3_obj-19cyd19_ophys.nwb	248756792	52	24	7
sub-phpV15-03-L3/sub-phpV15-03-L3_obj-1yiua5g_ophys.nwb	236337880	50	22	7
sub-mouse3-DC1-1L-C2-1R-3 Right/sub-mouse3-DC1-1L-C2-1R-3 Right_obj-1abnhtz_ophys.nwb	26063437052	1092	53	29
sub-C2-04-03/sub-C2-04-03_obj-1f01vu1_ophys.nwb	236339220	68	26	10
sub-phpV14-3/sub-phpV14-3_ses-20230914_obj-3shquh_ophys.nwb	57908550118	1900	52	31
sub-phpV15-03-L3/sub-phpV15-03-L3_obj-1x8feai_ophys.nwb	224268380	60	24	8
sub-phpV15-1/sub-phpV15-1_ses-20230826_obj-164asvm_ophys.nwb	14750095182	702	45	24
sub-phpV12-2/sub-phpV12-2_ses-20230417_obj-1aivdyx_ophys.nwb	75587684042	2377	51	22
sub-C2-04-02/sub-C2-04-02_obj-sbt4db_ophys.nwb	311761060	108	38	18
sub-PHP-V14-H11/sub-PHP-V14-H11_obj-3kbsbe_ophys.nwb	110850856	39	21	6
sub-phpV15-05-L5/sub-phpV15-05-L5_obj-1k0c4vy_ophys.nwb	265709560	57	29	7
sub-C1-AAV1blind-01/sub-C1-AAV1blind-01_ses-20240920_obj-16vblzj_ophys.nwb	375381856	79	37	10
sub-phpV16-1/sub-phpV16-1_ses-20230827_obj-1st5bzi_ophys.nwb	6208333804	299	43	19
sub-phpV14-01-H2/sub-phpV14-01-H2_ses-20241022_obj-10rx58q_ophys.nwb	287816224	73	33	9
sub-AAV-V15-D8/sub-AAV-V15-D8_obj-eh9inp_ophys.nwb	141690504	41	23	6
sub-AAV-V16-A7/sub-AAV-V16-A7_obj-12z7rf3_ophys.nwb	161570564	82	34	16
sub-phpV9-4/sub-phpV9-4_ses-20230425_obj-12d3ks0_ophys.nwb	12902398626	548	52	26
sub-C2-04-01/sub-C2-04-01_ses-20240729_obj-1dj7alx_ophys.nwb	302601188	84	34	11
sub-PHP-V14-H11/sub-PHP-V14-H11_obj-1wocbll_ophys.nwb	136246224	79	31	15
sub-CaMPARI1-Q142V-C202A/sub-CaMPARI1-Q142V-C202A_ses-flourescence-recording_ophys.nwb	78371776	605	223	129
sub-C1-04-01/sub-C1-04-01_obj-1n7i0oo_ophys.nwb	361091288	105	43	13
sub-phpV14-4/sub-phpV14-4_ses-20230921_obj-j67vrs_ophys.nwb	11203809096	599	40	24
sub-phpV16-blind-01/sub-phpV16-blind-01_ses-20240909_obj-1f6ggb2_ophys.nwb	344959644	118	44	19
sub-phpV10-6/sub-phpV10-6_ses-20230515_obj-yk5nrx_ophys.nwb	50028291667	1846	49	20
sub-phpV9-10/sub-phpV9-10_ses-20230802_obj-jw70dh_ophys.nwb	15661844838	594	42	24
sub-PHP-V15-L13/sub-PHP-V15-L13_obj-1sdmyo6_ophys.nwb	151039372	94	37	18
sub-phpV9-3/sub-phpV9-3_ses-20230424_obj-11yt6ns_ophys.nwb	28786592978	994	49	27
sub-AAV-V15-D7/sub-AAV-V15-D7_obj-1g7fuob_ophys.nwb	162699064	88	34	17
sub-phpV15-03-L3/sub-phpV15-03-L3_obj-rhzs6c_ophys.nwb	224953292	52	24	7
sub-PHP-CaMPARI1-M6/sub-PHP-CaMPARI1-M6_obj-1waslub_ophys.nwb	123445052	38	20	6
sub-phpV15-blind-04/sub-phpV15-blind-04_ses-20240910_obj-1ycbt6a_ophys.nwb	286645108	76	30	11
sub-C2-04-03/sub-C2-04-03_obj-pkafhf_ophys.nwb	293482104	116	38	19
sub-PHP-V16-K7/sub-PHP-V16-K7_obj-1som0kn_ophys.nwb	116637840	52	22	8
sub-AAV-CaMPARI1-C5/sub-AAV-CaMPARI1-C5_obj-op48rg_ophys.nwb	144391348	57	27	8
sub-AAV-V15-D8/sub-AAV-V15-D8_obj-yuafnh_ophys.nwb	169958444	86	35	16
sub-phpV14-03-H5/sub-phpV14-03-H5_ses-20241118_obj-1ndflf7_ophys.nwb	250820624	133	41	22
sub-phpV12-1/sub-phpV12-1_ses-20230413_obj-1mofpza_ophys.nwb	10444145847	500	55	25
sub-phpV15-2/sub-phpV15-2_ses-20230905_obj-1vfdc1o_ophys.nwb	19122760508	740	41	19
sub-phpV17-2/sub-phpV17-2_ses-20230910_obj-1jnqhxu_ophys.nwb	7118599632	351	47	22
sub-phpV12-2/sub-phpV12-2_ses-20230417_obj-6jwaib_ophys.nwb	26866742232	1114	44	25
sub-phpV14-3/sub-phpV14-3_ses-20230914_obj-16p0k4l_ophys.nwb	53185121898	2245	55	32
sub-mouse6-DC1-5L-C2-5R-1 5Right/sub-mouse6-DC1-5L-C2-5R-1 5Right_obj-50e46p_ophys.nwb	28263676846	1243	54	29
sub-phpV15-04-L4/sub-phpV15-04-L4_obj-1fiwmuh_ophys.nwb	253787104	55	27	7
sub-phpV10-7/sub-phpV10-7_ses-20230521_obj-ir4pi1_ophys.nwb	55652732035	1999	53	22
sub-phpV11-5/sub-phpV11-5_ses-20230508_obj-184mtsh_ophys.nwb	47585785068	1900	51	22
sub-phpV13-4/sub-phpV13-4_ses-20230918_obj-1omkklp_ophys.nwb	10983288762	520	46	26
sub-phpV15-blind-02/sub-phpV15-blind-02_obj-1pj3fbe_ophys.nwb	347096252	78	36	10
sub-PHP-V15-L11/sub-PHP-V15-L11_obj-1pybhfu_ophys.nwb	150023480	43	25	6
sub-phpV12-2/sub-phpV12-2_ses-20230417_obj-j5sace_ophys.nwb	63709177782	2178	51	22
sub-phpV14-03-H5/sub-phpV14-03-H5_ses-20241118_obj-1qt03pr_ophys.nwb	240388432	67	27	9
sub-C2-04-03/sub-C2-04-03_obj-16s3yva_ophys.nwb	295017669	115	40	20
sub-phpV7-6/sub-phpV7-6_ses-20230517_obj-eu0beg_ophys.nwb	60463543904	2090	50	22
sub-AAV-V16-A7/sub-AAV-V16-A7_obj-1bkcpe7_ophys.nwb	147532232	61	28	9
sub-PHP-V15-L11/sub-PHP-V15-L11_obj-1cfdbuc_ophys.nwb	153755216	55	28	7
sub-AAV-V15-D8/sub-AAV-V15-D8_obj-a4wqww_ophys.nwb	143881616	49	25	7
sub-phpV15-1/sub-phpV15-1_ses-20230826_obj-1l7jotc_ophys.nwb	9889567237	484	47	26
sub-C1-04-03/sub-C1-04-03_ses-20240619_obj-zcuze6_ophys.nwb	273344804	62	28	9
sub-PHP-V15-L11/sub-PHP-V15-L11_obj-tq85f_ophys.nwb	157234388	56	29	7
sub-C2-04-03/sub-C2-04-03_obj-12wihre_ophys.nwb	245460940	58	24	9
sub-phpV15-1/sub-phpV15-1_ses-20230826_obj-1bp4zrx_ophys.nwb	5045003372	303	50	27
sub-phpV11-4/sub-phpV11-4_ses-20230508_obj-793b7k_ophys.nwb	26425444128	1081	49	27
sub-AAV-V15-D8/sub-AAV-V15-D8_obj-kznc1u_ophys.nwb	147229524	42	24	6
sub-phpV16-2/sub-phpV16-2_ses-20230906_obj-8miqaq_ophys.nwb	9113964096	597	47	24
sub-phpV14-03-H5/sub-phpV14-03-H5_ses-20241118_obj-idmzjp_ophys.nwb	230692136	73	29	10
sub-phpV15-04-L4/sub-phpV15-04-L4_obj-x4abu3_ophys.nwb	298553164	57	29	7
sub-phpV7-4/sub-phpV7-4_ses-20230428_obj-xq4d7v_ophys.nwb	30707725600	1249	56	27
sub-phpV11-5/sub-phpV11-5_ses-20230508_obj-15n9jlz_ophys.nwb	66736991654	2003	55	29
sub-phpV15-04-L4/sub-phpV15-04-L4_obj-1wyy54y_ophys.nwb	293612740	104	40	16
sub-AAV-V15-D5/sub-AAV-V15-D5_obj-gn4ni6_ophys.nwb	156889504	82	34	16
sub-CaMPARI1-A146L-C150T-C202A/sub-CaMPARI1-A146L-C150T-C202A_ses-flourescence-recording_ophys.nwb	77136240	593	222	120
sub-phpV14-04-H6/sub-phpV14-04-H6_ses-20241119_obj-1pyoedw_ophys.nwb	290089464	81	33	10
sub-AAV-CaMPARI1-C9/sub-AAV-CaMPARI1-C9_obj-122fys2_ophys.nwb	141378500	72	30	14
sub-PHP-V14-H11/sub-PHP-V14-H11_obj-1vq9a3p_ophys.nwb	147817480	85	31	17
sub-phpV15-05-L5/sub-phpV15-05-L5_obj-1aa1luq_ophys.nwb	313629576	139	47	20
sub-C1-AAV1blind-02/sub-C1-AAV1blind-02_ses-20240916_obj-hha6xx_ophys.nwb	298519244	63	29	9
sub-PHP-V15-L23/sub-PHP-V15-L23_obj-1gnd3d0_ophys.nwb	152067340	95	35	18
sub-AAV-CaMPARI1-C8/sub-AAV-CaMPARI1-C8_obj-pir5n9_ophys.nwb	148738536	50	26	7
sub-AAV-V15-D5/sub-AAV-V15-D5_obj-1bf63oo_ophys.nwb	163363232	52	28	7
sub-CaMPARI1-A146L-C150T-F198Y/sub-CaMPARI1-A146L-C150T-F198Y_ses-flourescence-recording_ophys.nwb	79693768	611	231	128
sub-C1-04-02/sub-C1-04-02_ses-20240618_obj-1e5ym84_ophys.nwb	305049916	117	39	19
sub-AAV-V15-D6/sub-AAV-V15-D6_obj-14wo4in_ophys.nwb	154202532	43	25	6
sub-mouse3-DC1-1L-C2-1R-3 Left/sub-mouse3-DC1-1L-C2-1R-3 Left_obj-1sgp9e1_ophys.nwb	20321677756	1137	50	29
sub-phpV7-4/sub-phpV7-4_ses-20230428_obj-1ueq47w_ophys.nwb	36600354932	1531	64	29
sub-AAV-V16-A7/sub-AAV-V16-A7_obj-k2329s_ophys.nwb	139886428	42	24	6
sub-C1-04-01/sub-C1-04-01_obj-9f2bp7_ophys.nwb	308347780	119	41	20
sub-phpV8-3/sub-phpV8-3_ses-20230413_obj-1v3qrc2_ophys.nwb	21626203252	916	47	26
sub-AAV-V15-D8/sub-AAV-V15-D8_obj-zhr97r_ophys.nwb	141537908	49	25	7
sub-phpV17-1/sub-phpV17-1_ses-20230828_obj-ztnxag_ophys.nwb	7505463028	421	45	22
sub-AAV-V14-B6/sub-AAV-V14-B6_obj-qmklxp_ophys.nwb	137790172	40	21	7
sub-CaMPARI2-F391W-G395D/sub-CaMPARI2-F391W-G395D_ses-flourescence-recording_ophys.nwb	74594656	577	211	119
sub-AAV-V15-D6/sub-AAV-V15-D6_obj-11d6od5_ophys.nwb	139891804	56	26	8
sub-AAV-V16-A8/sub-AAV-V16-A8_obj-kdo3ws_ophys.nwb	133173420	40	22	6
sub-AAV-V15-D8/sub-AAV-V15-D8_obj-1bj31hx_ophys.nwb	143241116	50	26	7
sub-phpV14-03-H5/sub-phpV14-03-H5_ses-20241118_obj-z7ldme_ophys.nwb	235096088	68	28	9
sub-phpV14-blind-03/sub-phpV14-blind-03_ses-20240910_obj-1j5hji8_ophys.nwb	310114160	66	32	9
sub-phpV18-3/sub-phpV18-3_ses-20230921_obj-1le3fgl_ophys.nwb	11436534179	701	51	26
sub-phpV18-3/sub-phpV18-3_ses-20230921_obj-1dyfken_ophys.nwb	7327052899	379	58	21
sub-C2-04-01/sub-C2-04-01_ses-20240729_obj-1vt7yt_ophys.nwb	300039076	66	32	9
sub-AAV-CaMPARI1-C9/sub-AAV-CaMPARI1-C9_obj-9r11kq_ophys.nwb	143549800	80	32	16
sub-phpV15-05-L5/sub-phpV15-05-L5_obj-24e4zb_ophys.nwb	277735424	55	27	7
sub-C1-04-02/sub-C1-04-02_ses-20240618_obj-1lre548_ophys.nwb	285424216	120	38	20
sub-AAV-CaMPARI1-C8/sub-AAV-CaMPARI1-C8_obj-ao1al2_ophys.nwb	144357632	42	24	6
sub-phpV13-4/sub-phpV13-4_ses-20230918_obj-18eqoyh_ophys.nwb	11675720190	603	47	26
sub-CaMPARI1-A146L/sub-CaMPARI1-A146L_ses-flourescence-recording_ophys.nwb	80071480	614	232	128
sub-phpV9-10/sub-phpV9-10_ses-20230802_obj-14qq7uo_ophys.nwb	17765156602	876	46	25
sub-C1-AAV1blind-02/sub-C1-AAV1blind-02_ses-20240916_obj-1mdb7fv_ophys.nwb	343546080	72	34	10
sub-phpV12-4/sub-phpV12-4_ses-20230511_obj-lr4jjx_ophys.nwb	14464536332	756	51	31
sub-PHP-V15-L11/sub-PHP-V15-L11_obj-86wif1_ophys.nwb	144213428	39	24	5
sub-phpV15-05-L5/sub-phpV15-05-L5_obj-1lpkhc1_ophys.nwb	263782220	55	27	7
sub-AAV-V15-D8/sub-AAV-V15-D8_obj-ifqq8e_ophys.nwb	142884228	42	24	6
sub-phpV12-4/sub-phpV12-4_ses-20230511_obj-1o8a1su_ophys.nwb	22230507092	912	48	27
sub-phpV7-4/sub-phpV7-4_ses-20230428_obj-px40ei_ophys.nwb	32884222304	1387	56	29
sub-phpV13-1/sub-phpV13-1_ses-20230808_obj-1wpflgh_ophys.nwb	23630805962	986	48	25
sub-AAV-CaMPARI1-C5/sub-AAV-CaMPARI1-C5_obj-1ssvnfb_ophys.nwb	139146956	49	25	7
sub-PHP-CaMPARI1-M6/sub-PHP-CaMPARI1-M6_obj-1ymugt8_ophys.nwb	102482492	36	18	6
sub-PHP-CaMPARI1-M5/sub-PHP-CaMPARI1-M5_obj-1x2huow_ophys.nwb	125961468	78	30	15
sub-phpV15-03-L3/sub-phpV15-03-L3_obj-13eint1_ophys.nwb	258526948	104	36	17
sub-phpV15-03-L3/sub-phpV15-03-L3_obj-1idu3ld_ophys.nwb	219458688	62	26	8
sub-phpV14-03-H5/sub-phpV14-03-H5_ses-20241118_obj-293kkb_ophys.nwb	244675172	61	25	9
sub-PHP-CaMPARI1-M5/sub-PHP-CaMPARI1-M5_obj-1mz5x5r_ophys.nwb	150000664	91	34	19
sub-C1-04-03/sub-C1-04-03_ses-20240619_obj-8zdvug_ophys.nwb	277741416	72	30	10
sub-C1-04-03/sub-C1-04-03_ses-20240619_obj-1h494gf_ophys.nwb	251194644	80	30	11
sub-phpV14-03-H5/sub-phpV14-03-H5_ses-20241118_obj-ths4vr_ophys.nwb	251771908	73	29	10
sub-PHP-CaMPARI1-M5/sub-PHP-CaMPARI1-M5_obj-1dki3ou_ophys.nwb	114151444	46	22	7
sub-PHP-CaMPARI1-M6/sub-PHP-CaMPARI1-M6_obj-qw89mb_ophys.nwb	138439240	87	33	17
sub-phpV8-4/sub-phpV8-4_ses-20230502_obj-b9tnkm_ophys.nwb	62507836352	2214	52	20
sub-phpV8-4/sub-phpV8-4_ses-20230502_obj-11w82r6_ophys.nwb	14993460755	783	58	32
sub-mouse4-DC1-1L-C2-1R-4 Right/sub-mouse4-DC1-1L-C2-1R-4 Right_obj-1fet5p3_ophys.nwb	41360977776	1869	48	29
sub-phpV14-3/sub-phpV14-3_ses-20230914_obj-12cnx36_ophys.nwb	10351459536	578	42	26
sub-phpV14-01-H2/sub-phpV14-01-H2_ses-20241022_obj-15ucgjy_ophys.nwb	239923312	128	40	21
sub-AAV-V15-D6/sub-AAV-V15-D6_obj-zn1css_ophys.nwb	150292096	69	30	10
sub-phpV17-1/sub-phpV17-1_ses-20230828_obj-18f3gto_ophys.nwb	5363420340	310	43	21
sub-phpV14-blind-02/sub-phpV14-blind-02_ses-20240904_obj-qbd103_ophys.nwb	274423928	71	29	10
sub-phpV14-03-H5/sub-phpV14-03-H5_ses-20241118_obj-9jscwg_ophys.nwb	229866024	111	35	19
sub-PHP-V15-L11/sub-PHP-V15-L11_obj-25gb45_ophys.nwb	146302684	48	27	6
sub-phpV18-3/sub-phpV18-3_ses-20230921_obj-p4n76w_ophys.nwb	4743207892	303	61	22
sub-phpV14-4/sub-phpV14-4_ses-20230921_obj-1emlsk9_ophys.nwb	13869294643	685	43	24
sub-AAV-V15-D5/sub-AAV-V15-D5_obj-187kjia_ophys.nwb	152836852	48	27	7
sub-AAV-V15-D6/sub-AAV-V15-D6_obj-1xvcevg_ophys.nwb	150482064	42	24	6
sub-phpV14-4/sub-phpV14-4_ses-20230921_obj-2jm2o5_ophys.nwb	12118336340	651	42	25
sub-phpV14-blind-02/sub-phpV14-blind-02_ses-20240904_obj-k0az18_ophys.nwb	336233228	115	41	18
sub-phpV7-6/sub-phpV7-6_ses-20230517_obj-2f40ca_ophys.nwb	7404840908	458	59	31
sub-PHP-CaMPARI1-M5/sub-PHP-CaMPARI1-M5_obj-1fxvry8_ophys.nwb	145328176	87	33	17
sub-phpV7-7/sub-phpV7-7_ses-20230519_obj-1dh31uy_ophys.nwb	62346375638	2231	65	28
sub-AAV-CaMPARI1-C9/sub-AAV-CaMPARI1-C9_obj-fptxdc_ophys.nwb	157002440	83	32	16
sub-C2-AAV1blind-03/sub-C2-AAV1blind-03_ses-20240904_obj-1w6bbl3_ophys.nwb	309036104	72	30	10
sub-AAV-CaMPARI1-C8/sub-AAV-CaMPARI1-C8_obj-1p670qv_ophys.nwb	157991776	102	39	20
sub-phpV15-3/sub-phpV15-3_ses-20230924_obj-lpm65j_ophys.nwb	42158447824	1867	53	21
sub-phpV15-4/sub-phpV15-4_ses-20230925_obj-1b2si0g_ophys.nwb	66110990970	2212	56	22
sub-phpV14-01-H2/sub-phpV14-01-H2_ses-20241022_obj-1ra2u1_ophys.nwb	238958836	77	29	10
sub-PHP-V16-K7/sub-PHP-V16-K7_obj-1ilzzrk_ophys.nwb	115260024	33	18	5
sub-PHP-V14-H11/sub-PHP-V14-H11_obj-1vwgb2z_ophys.nwb	123428392	39	21	6
sub-phpV17-2/sub-phpV17-2_ses-20230910_obj-qmppjk_ophys.nwb	6137771260	325	46	20
sub-AAV-V15-D8/sub-AAV-V15-D8_obj-1nv0o58_ophys.nwb	141799940	50	26	7
sub-phpV12-6/sub-phpV12-6_ses-20230530_obj-bwduwe_ophys.nwb	18641528934	721	46	25
sub-PHP-V15-L11/sub-PHP-V15-L11_obj-122yf1c_ophys.nwb	148971852	48	27	6
sub-phpV15-2/sub-phpV15-2_ses-20230905_obj-5fox26_ophys.nwb	26719813488	1028	44	22
sub-phpV11-1/sub-phpV11-1_ses-20230419_obj-a8kwax_ophys.nwb	30035825092	1113	57	28
sub-phpV15-05-L5/sub-phpV15-05-L5_obj-v4r54d_ophys.nwb	287692640	58	30	7
sub-phpV14-03-H5/sub-phpV14-03-H5_ses-20241118_obj-1fajgjx_ophys.nwb	230945096	97	33	16
sub-PHP-V15-L23/sub-PHP-V15-L23_obj-chqtk_ophys.nwb	141633880	95	35	17
sub-phpV16-blind-01/sub-phpV16-blind-01_ses-20240909_obj-1ltt5u8_ophys.nwb	297818160	81	33	10
sub-phpV14-blind-02/sub-phpV14-blind-02_ses-20240904_obj-wmccx2_ophys.nwb	303987540	91	35	11
sub-phpV14-03-H5/sub-phpV14-03-H5_ses-20241118_obj-suvqn1_ophys.nwb	299914554	89	35	13
sub-mouse1-DC1-1L-C2-1R-1 Left/sub-mouse1-DC1-1L-C2-1R-1 Left_obj-1i2zpp3_ophys.nwb	24702506746	1255	57	29
sub-phpV14-03-H5/sub-phpV14-03-H5_ses-20241118_obj-1drdzse_ophys.nwb	235620152	69	29	9
sub-phpV16-blind-02/sub-phpV16-blind-02_ses-20240909_obj-1emva5m_ophys.nwb	253341536	58	30	7
sub-phpV14-03-H5/sub-phpV14-03-H5_ses-20241118_obj-xcgw9g_ophys.nwb	239976128	122	38	21
sub-PHP-V15-L11/sub-PHP-V15-L11_obj-1newetr_ophys.nwb	162980460	76	34	14
sub-AAV-V14-B6/sub-AAV-V14-B6_obj-hqc5p9_ophys.nwb	128521356	41	23	6
sub-C2-04-02/sub-C2-04-02_obj-k8j8hn_ophys.nwb	374568664	71	39	8
sub-AAV-V15-D8/sub-AAV-V15-D8_obj-rm0qb0_ophys.nwb	142083552	42	24	6
sub-PHP-V15-L23/sub-PHP-V15-L23_obj-x1sx0k_ophys.nwb	123215180	39	21	6
sub-AAV-V15-D6/sub-AAV-V15-D6_obj-14kdg9h_ophys.nwb	159690624	44	26	6
sub-PHP-V15-L11/sub-PHP-V15-L11_obj-salx3r_ophys.nwb	165136484	92	38	16
sub-phpV14-01-H2/sub-phpV14-01-H2_ses-20241022_obj-1dnn189_ophys.nwb	266915945	116	39	20
sub-AAV-V15-D7/sub-AAV-V15-D7_obj-1m7ludl_ophys.nwb	142032624	42	24	6
sub-phpV15-05-L5/sub-phpV15-05-L5_obj-1p5bbv4_ophys.nwb	289707360	65	29	8
sub-phpV15-05-L5/sub-phpV15-05-L5_obj-y9lhgu_ophys.nwb	274917468	59	27	8
sub-phpV14-01-H2/sub-phpV14-01-H2_ses-20241022_obj-11y4dkd_ophys.nwb	265650424	71	31	9
sub-phpV14-04-H6/sub-phpV14-04-H6_ses-20241119_obj-1f76lfo_ophys.nwb	287808128	81	33	10
sub-phpV10-6/sub-phpV10-6_ses-20230515_obj-5s5gin_ophys.nwb	25834875396	863	62	32
sub-phpV14-01-H2/sub-phpV14-01-H2_ses-20241022_obj-1tcb611_ophys.nwb	258365232	75	35	9
sub-PHP-V15-L13/sub-PHP-V15-L13_obj-ay5b1o_ophys.nwb	133552284	38	23	5
sub-PHP-V14-H11/sub-PHP-V14-H11_obj-7gnajq_ophys.nwb	97683748	37	19	6
sub-phpV14-1/sub-phpV14-1_ses-20230809_obj-bogcs5_ophys.nwb	26889141244	918	51	24
sub-phpV14-3/sub-phpV14-3_ses-20230914_obj-w108l_ophys.nwb	7669311341	366	50	28
sub-phpV17-1/sub-phpV17-1_ses-20230828_obj-13lfok7_ophys.nwb	63170580809	2165	53	20
sub-Mouse6-DC1-5L-C2-5R-1/sub-Mouse6-DC1-5L-C2-5R-1_obj-7gmctf_ophys.nwb	13616490337	937	72	37
sub-phpV15-04-L4/sub-phpV15-04-L4_obj-7largc_ophys.nwb	314240912	115	39	18
sub-phpV14-01-H2/sub-phpV14-01-H2_ses-20241022_obj-t42sir_ophys.nwb	226397328	69	29	9
sub-AAV-V15-D8/sub-AAV-V15-D8_obj-14l4tz1_ophys.nwb	136916188	57	27	8
sub-PHP-V16-K7/sub-PHP-V16-K7_obj-1vi0h1v_ophys.nwb	128605420	69	27	14
sub-C1-AAV1blind-01/sub-C1-AAV1blind-01_ses-20240920_obj-1oz5a1b_ophys.nwb	302330336	74	34	9
sub-AAV-CaMPARI1-C9/sub-AAV-CaMPARI1-C9_obj-13wburc_ophys.nwb	136886840	48	24	7
sub-phpV15-blind-02/sub-phpV15-blind-02_obj-1h0z9do_ophys.nwb	320434496	74	34	9
sub-phpV15-blind-02/sub-phpV15-blind-02_obj-1xyv351_ophys.nwb	278641596	111	39	17
sub-phpV17-1/sub-phpV17-1_ses-20230828_obj-l1mtud_ophys.nwb	9502894529	413	49	21
sub-phpV17-3/sub-phpV17-3_ses-20230926_obj-2twrb2_ophys.nwb	6786279540	344	51	20
sub-phpV12-9/sub-phpV12-9_ses-20230708_obj-lxa61r_ophys.nwb	4099887512	288	47	29
sub-phpV8-3/sub-phpV8-3_ses-20230413_obj-17kpvnm_ophys.nwb	21552055216	734	52	27
sub-phpV17-2/sub-phpV17-2_ses-20230910_obj-1ri46k4_ophys.nwb	60864777741	2143	46	19
sub-phpV14-03-H5/sub-phpV14-03-H5_ses-20241118_obj-1092ixk_ophys.nwb	241259684	88	32	11
sub-phpV14-4/sub-phpV14-4_ses-20230921_obj-wh4agj_ophys.nwb	8007610523	385	43	22
sub-PHP-V14-H11/sub-PHP-V14-H11_obj-91qzye_ophys.nwb	120992520	85	31	16
sub-PHP-V16-K7/sub-PHP-V16-K7_obj-1mfiwve_ophys.nwb	96218884	41	17	7
sub-AAV-V15-D7/sub-AAV-V15-D7_obj-g5dxns_ophys.nwb	137105488	40	22	6
sub-phpV14-03-H5/sub-phpV14-03-H5_ses-20241118_obj-1r95iqf_ophys.nwb	244203204	136	40	22
sub-phpV15-03-L3/sub-phpV15-03-L3_obj-45nzqb_ophys.nwb	235570428	106	34	17
sub-phpV14-blind-03/sub-phpV14-blind-03_ses-20240910_obj-15qbpxj_ophys.nwb	242549236	67	27	9
sub-phpV17-1/sub-phpV17-1_ses-20230828_obj-15bllyb_ophys.nwb	4971146584	250	51	18
sub-AAV-V16-A7/sub-AAV-V16-A7_obj-1ddxq1s_ophys.nwb	127606284	39	21	6
sub-phpV15-1/sub-phpV15-1_ses-20230826_obj-w685eh_ophys.nwb	7922232493	385	46	21
sub-phpV14-2/sub-phpV14-2_ses-20230817_obj-we5ldh_ophys.nwb	20778713508	861	40	22
sub-phpV12-4/sub-phpV12-4_ses-20230511_obj-xdpuwo_ophys.nwb	13817812056	630	50	28
sub-phpV7-6/sub-phpV7-6_ses-20230517_obj-11qv17b_ophys.nwb	4597679792	288	56	26
sub-phpV9-4/sub-phpV9-4_ses-20230425_obj-ina9ck_ophys.nwb	18492300546	858	52	25
sub-AAV-V15-D5/sub-AAV-V15-D5_obj-hv6ek0_ophys.nwb	135736856	50	26	7
sub-phpV14-03-H5/sub-phpV14-03-H5_ses-20241118_obj-1wb3d5k_ophys.nwb	195205228	60	26	8
sub-phpV14-03-H5/sub-phpV14-03-H5_ses-20241118_obj-a7dk2m_ophys.nwb	182286348	60	26	8
sub-phpV12-9/sub-phpV12-9_ses-20230708_obj-16ajzon_ophys.nwb	8443097295	397	47	27
sub-PHP-V15-L23/sub-PHP-V15-L23_obj-rur8iy_ophys.nwb	95074252	33	18	5
sub-AAV-V14-B6/sub-AAV-V14-B6_obj-14vuqvt_ophys.nwb	117794704	39	21	6
sub-PHP-V14-H11/sub-PHP-V14-H11_obj-5loq4z_ophys.nwb	105541160	90	30	19
sub-phpV13-4/sub-phpV13-4_ses-20230918_obj-1wh2dad_ophys.nwb	62347950749	2156	46	20
sub-AAV-V15-D8/sub-AAV-V15-D8_obj-2hqkn0_ophys.nwb	126470880	40	22	6
sub-phpV14-04-H6/sub-phpV14-04-H6_ses-20241119_obj-ka0br4_ophys.nwb	228509612	57	25	8
sub-mouse5-undDC1-1L-C2-1R-5 Right/sub-mouse5-undDC1-1L-C2-1R-5 Right_obj-3bpi3r_ophys.nwb	10147219777	889	49	32
sub-phpV16-1/sub-phpV16-1_ses-20230827_obj-bo7rn5_ophys.nwb	7296600023	344	36	19
sub-C2-04-01/sub-C2-04-01_ses-20240729_obj-hk2pfc_ophys.nwb	218025860	57	27	8
sub-AAV-CaMPARI1-C9/sub-AAV-CaMPARI1-C9_obj-1i537mw_ophys.nwb	103208540	43	19	7
sub-C2-04-02/sub-C2-04-02_obj-1lbm27e_ophys.nwb	221008124	73	31	9
sub-PHP-V14-H11/sub-PHP-V14-H11_obj-1p19a8p_ophys.nwb	98582228	55	22	9
sub-phpV15-2/sub-phpV15-2_ses-20230905_obj-zyt5nf_ophys.nwb	48314814906	1911	61	29
sub-phpV14-blind-03/sub-phpV14-blind-03_ses-20240910_obj-1nq4mcw_ophys.nwb	290044760	61	29	8
sub-AAV-V16-A8/sub-AAV-V16-A8_obj-4g27fi_ophys.nwb	105334272	61	25	9
sub-AAV-CaMPARI1-C8/sub-AAV-CaMPARI1-C8_obj-18mjeyz_ophys.nwb	127825956	48	24	7
sub-phpV10-4/sub-phpV10-4_ses-20230420_obj-7jurkd_ophys.nwb	31537001976	1727	51	28
sub-phpV15-4/sub-phpV15-4_ses-20230925_obj-12n0jui_ophys.nwb	57653442961	2192	44	19
sub-phpV15-03-L3/sub-phpV15-03-L3_obj-5e243a_ophys.nwb	194163420	53	21	8
sub-C1-AAV1blind-01/sub-C1-AAV1blind-01_ses-20240920_obj-1ks971s_ophys.nwb	304794252	107	39	17
sub-phpV14-03-H5/sub-phpV14-03-H5_ses-20241118_obj-1yzbxbj_ophys.nwb	214095628	67	27	9
sub-PHP-V15-L13/sub-PHP-V15-L13_obj-1lauwp9_ophys.nwb	120197868	78	30	15
sub-AAV-CaMPARI1-C8/sub-AAV-CaMPARI1-C8_obj-1tad63k_ophys.nwb	138743660	72	30	14
sub-phpV14-04-H6/sub-phpV14-04-H6_ses-20241119_obj-18u8409_ophys.nwb	243990480	65	31	8
sub-phpV14-blind-03/sub-phpV14-blind-03_ses-20240910_obj-29g52r_ophys.nwb	204064212	53	27	7
sub-phpV7-4/sub-phpV7-4_ses-20230428_obj-weowjl_ophys.nwb	23504207708	1037	50	26
sub-PHP-V16-K7/sub-PHP-V16-K7_obj-10160ei_ophys.nwb	108315592	79	28	16
sub-AAV-V15-D6/sub-AAV-V15-D6_obj-stb9fz_ophys.nwb	106369152	49	22	8
sub-phpV14-1/sub-phpV14-1_ses-20230809_obj-1r023m1_ophys.nwb	56326584323	2151	45	21
sub-PHP-V16-K7/sub-PHP-V16-K7_obj-dngaub_ophys.nwb	109665412	66	24	14
sub-phpV7-4/sub-phpV7-4_ses-20230428_obj-m11io8_ophys.nwb	43677755096	1772	53	28
sub-phpV16-blind-03/sub-phpV16-blind-03_ses-20240913_obj-12kngm_ophys.nwb	259912952	68	28	9
sub-phpV7-6/sub-phpV7-6_ses-20230517_obj-nxnt1k_ophys.nwb	14851785582	603	55	29
sub-phpV14-04-H6/sub-phpV14-04-H6_ses-20241119_obj-mwtu1x_ophys.nwb	277293816	113	37	18
sub-phpV13-4/sub-phpV13-4_ses-20230918_obj-q87t7v_ophys.nwb	47097926498	2153	56	33
sub-C1-AAV1blind-02/sub-C1-AAV1blind-02_ses-20240916_obj-b7tjuc_ophys.nwb	306822684	75	35	9
sub-phpV17-3/sub-phpV17-3_ses-20230926_obj-1nrlb2y_ophys.nwb	7230449800	424	50	22
sub-PHP-CaMPARI1-M5/sub-PHP-CaMPARI1-M5_obj-1bw38hn_ophys.nwb	106212948	41	20	7
sub-C1-04-03/sub-C1-04-03_ses-20240619_obj-y33c7u_ophys.nwb	226143856	111	37	18
sub-AAV-V16-A8/sub-AAV-V16-A8_obj-1c15tg2_ophys.nwb	107827520	69	27	14
sub-phpV14-04-H6/sub-phpV14-04-H6_ses-20241119_obj-kilnl9_ophys.nwb	229248736	79	33	10
sub-AAV-V15-D5/sub-AAV-V15-D5_obj-cmpwh4_ophys.nwb	138851892	43	25	6
sub-AAV-CaMPARI1-C5/sub-AAV-CaMPARI1-C5_obj-1axeedh_ophys.nwb	133725176	44	23	7
sub-phpV15-1/sub-phpV15-1_ses-20230826_obj-6bt2f2_ophys.nwb	58716487395	2232	53	29
sub-phpV14-2/sub-phpV14-2_ses-20230817_obj-xqsk12_ophys.nwb	14092643600	843	47	26
sub-phpV16-blind-02/sub-phpV16-blind-02_ses-20240909_obj-yfhvot_ophys.nwb	309880592	80	36	9
sub-AAV-V15-D7/sub-AAV-V15-D7_obj-1fbuwwm_ophys.nwb	144762264	80	32	16
sub-AAV-CaMPARI1-C5/sub-AAV-CaMPARI1-C5_obj-u07gcm_ophys.nwb	110705928	61	25	9
sub-PHP-V14-H11/sub-PHP-V14-H11_obj-1xcwevt_ophys.nwb	103031744	42	18	7
sub-phpV9-13/sub-phpV9-13_ses-20230822_obj-df4liq_ophys.nwb	16091315906	1021	47	25
sub-AAV-CaMPARI1-C5/sub-AAV-CaMPARI1-C5_obj-9xwasq_ophys.nwb	133152884	47	23	7
sub-phpV14-4/sub-phpV14-4_ses-20230921_obj-xixvrx_ophys.nwb	10206535890	525	38	22
sub-PHP-V15-L11/sub-PHP-V15-L11_obj-jnflyi_ophys.nwb	130728440	46	25	6
sub-C1-04-03/sub-C1-04-03_ses-20240619_obj-1ekkm23_ophys.nwb	181403708	55	25	8
sub-AAV-CaMPARI1-C5/sub-AAV-CaMPARI1-C5_obj-6jw14n_ophys.nwb	143362080	83	32	16
sub-phpV14-04-H6/sub-phpV14-04-H6_ses-20241119_obj-z9tqk2_ophys.nwb	219646776	108	38	17
sub-phpV14-04-H6/sub-phpV14-04-H6_ses-20241119_obj-1dl71hd_ophys.nwb	273107504	94	34	12
sub-phpV7-4/sub-phpV7-4_ses-20230428_obj-108afew_ophys.nwb	26954948116	1244	59	27
sub-AAV-CaMPARI1-C8/sub-AAV-CaMPARI1-C8_obj-335pwj_ophys.nwb	99600140	35	17	6
sub-C2-04-02/sub-C2-04-02_obj-sre61j_ophys.nwb	219727956	64	30	8
sub-AAV-CaMPARI1-C9/sub-AAV-CaMPARI1-C9_obj-2qw6c5_ophys.nwb	123182972	88	31	18
sub-phpV18-1/sub-phpV18-1_ses-20230904_obj-thbltu_ophys.nwb	7030674491	492	42	20
sub-phpV14-01-H2/sub-phpV14-01-H2_ses-20241022_obj-cl9xg0_ophys.nwb	172067100	59	25	8
sub-PHP-CaMPARI1-M6/sub-PHP-CaMPARI1-M6_obj-163o06r_ophys.nwb	103688352	61	25	9
sub-phpV15-4/sub-phpV15-4_ses-20230925_obj-m9hizd_ophys.nwb	8705142707	391	39	19
sub-phpV15-blind-04/sub-phpV15-blind-04_ses-20240910_obj-qg4w63_ophys.nwb	307093796	122	42	20
sub-phpV15-04-L4/sub-phpV15-04-L4_obj-1exjcw4_ophys.nwb	330496972	63	35	7
sub-phpV11-1/sub-phpV11-1_ses-20230419_obj-arj84n_ophys.nwb	19851380478	906	46	25
sub-C1-04-01/sub-C1-04-01_obj-1hhj65c_ophys.nwb	297092196	147	47	22
sub-PHP-V15-L13/sub-PHP-V15-L13_obj-qkejfb_ophys.nwb	117430316	43	22	6
sub-PHP-V15-L13/sub-PHP-V15-L13_obj-1ft7tny_ophys.nwb	136043116	52	25	7
sub-phpV15-04-L4/sub-phpV15-04-L4_obj-14wsler_ophys.nwb	223162812	68	30	8
sub-C1-AAV1blind-02/sub-C1-AAV1blind-02_ses-20240916_obj-1xbafyu_ophys.nwb	271015288	77	35	9
sub-PHP-CaMPARI1-M6/sub-PHP-CaMPARI1-M6_obj-1fp3p7s_ophys.nwb	117018220	97	34	18
sub-phpV15-03-L3/sub-phpV15-03-L3_obj-t5pihb_ophys.nwb	191855724	58	22	9
sub-AAV-V14-B6/sub-AAV-V14-B6_obj-i97mnu_ophys.nwb	127965056	89	32	18
sub-AAV-CaMPARI1-C8/sub-AAV-CaMPARI1-C8_obj-103xqcq_ophys.nwb	122899759	43	20	7
sub-phpV18-3/sub-phpV18-3_ses-20230921_obj-1rkhjss_ophys.nwb	50440814106	1864	50	19
sub-AAV-CaMPARI1-C9/sub-AAV-CaMPARI1-C9_obj-a46y3g_ophys.nwb	110904288	83	29	18
sub-C1-AAV1blind-02/sub-C1-AAV1blind-02_ses-20240916_obj-owddpm_ophys.nwb	239380900	65	31	8
sub-phpV13-4/sub-phpV13-4_ses-20230918_obj-10oav9o_ophys.nwb	7181397601	508	46	25
sub-phpV9-13/sub-phpV9-13_ses-20230822_obj-1tr1jow_ophys.nwb	17638571332	1056	44	24
sub-phpV15-4/sub-phpV15-4_ses-20230925_obj-pwe2f_ophys.nwb	6639507355	480	49	23
sub-C1-AAV1blind-01/sub-C1-AAV1blind-01_ses-20240920_obj-1w3vzg6_ophys.nwb	248074840	115	41	18
sub-phpV15-03-L3/sub-phpV15-03-L3_obj-5sc93k_ophys.nwb	162089992	86	28	15
sub-AAV-CaMPARI1-C5/sub-AAV-CaMPARI1-C5_obj-yw36yd_ophys.nwb	108234936	38	20	6
sub-phpV9-6/sub-phpV9-6_ses-20230502_obj-1wgyvei_ophys.nwb	9786891984	538	42	25
sub-phpV15-3/sub-phpV15-3_ses-20230924_obj-1de2ozy_ophys.nwb	52183295766	1847	42	19
sub-PHP-V16-K7/sub-PHP-V16-K7_obj-1rqsipd_ophys.nwb	85277816	39	18	6
sub-AAV-CaMPARI1-C9/sub-AAV-CaMPARI1-C9_obj-3dmhxj_ophys.nwb	119825412	38	20	6
sub-phpV10-6/sub-phpV10-6_ses-20230515_obj-1xbyrwf_ophys.nwb	26309796428	1018	53	27
sub-AAV-V14-B6/sub-AAV-V14-B6_obj-i89neh_ophys.nwb	136807552	40	22	6
sub-phpV15-blind-02/sub-phpV15-blind-02_obj-wucgjf_ophys.nwb	241465528	54	28	7
sub-phpV17-2/sub-phpV17-2_ses-20230910_obj-rrv3nf_ophys.nwb	4313563600	331	40	20
sub-phpV14-4/sub-phpV14-4_ses-20230921_obj-msaxb2_ophys.nwb	7216908835	504	44	22
sub-PHP-V16-K7/sub-PHP-V16-K7_obj-1d9l0o6_ophys.nwb	100538912	47	20	7
sub-AAV-V14-B6/sub-AAV-V14-B6_obj-1baotx7_ophys.nwb	130569160	56	26	8
sub-phpV12-6/sub-phpV12-6_ses-20230530_obj-9v74cs_ophys.nwb	15156258240	953	43	25
sub-C2-AAV1blind-03/sub-C2-AAV1blind-03_ses-20240904_obj-9uqvvl_ophys.nwb	304953760	133	45	21
sub-C2-04-03/sub-C2-04-03_obj-nt4rmx_ophys.nwb	254367804	68	28	9
sub-phpV9-6/sub-phpV9-6_ses-20230502_obj-1yicq5t_ophys.nwb	35399010764	1573	46	27
sub-phpV9-13/sub-phpV9-13_ses-20230822_obj-1qad8yb_ophys.nwb	15537198172	811	44	23
sub-phpV15-05-L5/sub-phpV15-05-L5_obj-10j6wxc_ophys.nwb	214296684	48	25	7
sub-phpV15-blind-02/sub-phpV15-blind-02_obj-1egln6m_ophys.nwb	235146832	64	30	8
sub-phpV15-03-L3/sub-phpV15-03-L3_obj-tjz6i_ophys.nwb	177060380	102	32	16
sub-phpV14-04-H6/sub-phpV14-04-H6_ses-20241119_obj-1j44gtz_ophys.nwb	199665060	61	27	8
sub-AAV-V16-A7/sub-AAV-V16-A7_obj-3vdmpy_ophys.nwb	94154624	67	25	14
sub-phpV15-3/sub-phpV15-3_ses-20230924_obj-evmhu2_ophys.nwb	8183963373	569	47	21
sub-AAV-CaMPARI1-C5/sub-AAV-CaMPARI1-C5_obj-158hdwc_ophys.nwb	159840406	65	29	9
sub-PHP-V14-H11/sub-PHP-V14-H11_obj-3ubxkr_ophys.nwb	105267544	51	21	8
sub-phpV15-05-L5/sub-phpV15-05-L5_obj-hofo0e_ophys.nwb	234380708	61	31	7
sub-CaMPARI2-L398V/sub-CaMPARI2-L398V_ses-flourescence-recording_ophys.nwb	77805208	600	222	127
sub-PHP-V14-H11/sub-PHP-V14-H11_obj-pu1pph_ophys.nwb	109904980	83	29	16
sub-AAV-V15-D8/sub-AAV-V15-D8_obj-1u8c150_ophys.nwb	102830072	45	21	7
sub-AAV-V15-D8/sub-AAV-V15-D8_obj-15jkri9_ophys.nwb	102116484	37	19	6
sub-AAV-V16-A8/sub-AAV-V16-A8_obj-1lly6me_ophys.nwb	153659340	88	34	17
sub-phpV14-2/sub-phpV14-2_ses-20230817_obj-mj015_ophys.nwb	12283110504	728	46	28
sub-AAV-V14-B6/sub-AAV-V14-B6_obj-1f9ezpc_ophys.nwb	94965732	36	18	6
sub-phpV8-4/sub-phpV8-4_ses-20230502_obj-11pf5ft_ophys.nwb	13899950283	710	63	31
sub-phpV14-2/sub-phpV14-2_ses-20230817_obj-11i7znr_ophys.nwb	10504079472	631	48	25
sub-phpV17-1/sub-phpV17-1_ses-20230828_obj-p2d29h_ophys.nwb	4432296092	321	51	21
sub-phpV15-04-L4/sub-phpV15-04-L4_obj-1beq5yy_ophys.nwb	197213576	56	26	7
sub-PHP-CaMPARI1-M6/sub-PHP-CaMPARI1-M6_obj-ksq6o6_ophys.nwb	107186992	83	29	16
sub-phpV15-04-L4/sub-phpV15-04-L4_obj-1floxzi_ophys.nwb	197257212	46	24	6
sub-phpV7-4/sub-phpV7-4_ses-20230428_obj-yhi837_ophys.nwb	14036188324	755	57	26
sub-PHP-V16-K7/sub-PHP-V16-K7_obj-154g5j0_ophys.nwb	111466976	70	25	15
sub-AAV-V15-D7/sub-AAV-V15-D7_obj-1f4qnyn_ophys.nwb	124987688	94	34	18
sub-PHP-V16-K7/sub-PHP-V16-K7_obj-zlg620_ophys.nwb	89491720	36	15	6
sub-PHP-V14-H11/sub-PHP-V14-H11_obj-jgf52z_ophys.nwb	83259932	32	17	5
sub-PHP-CaMPARI1-M5/sub-PHP-CaMPARI1-M5_obj-21kwlk_ophys.nwb	97979100	37	19	6
sub-phpV15-1/sub-phpV15-1_ses-20230826_obj-wakqd2_ophys.nwb	2442589496	225	45	20
sub-phpV7-3/sub-phpV7-3_ses-20230410_obj-1nxx3z4_ophys.nwb	19730452322	740	53	26
sub-PHP-CaMPARI1-M6/sub-PHP-CaMPARI1-M6_obj-z8hvw2_ophys.nwb	104622124	61	25	9
sub-phpV14-03-H5/sub-phpV14-03-H5_ses-20241118_obj-1hnsmfu_ophys.nwb	218315749	66	31	9
sub-phpV14-04-H6/sub-phpV14-04-H6_ses-20241119_obj-1c9x2aw_ophys.nwb	203806036	53	27	7
sub-phpV14-03-H5/sub-phpV14-03-H5_ses-20241118_obj-33r5yr_ophys.nwb	201933296	115	37	18
sub-phpV12-1/sub-phpV12-1_ses-20230413_obj-18xjt92_ophys.nwb	43282861150	2092	44	19
sub-AAV-V15-D5/sub-AAV-V15-D5_obj-j9z8wu_ophys.nwb	122695728	86	32	16
sub-AAV-V16-A7/sub-AAV-V16-A7_obj-1gzjtjh_ophys.nwb	117384996	38	20	6
sub-AAV-V16-A7/sub-AAV-V16-A7_obj-11gscez_ophys.nwb	147616528	78	30	16
sub-phpV9-13/sub-phpV9-13_ses-20230822_obj-1errbvt_ophys.nwb	15732630362	788	48	24
sub-phpV13-4/sub-phpV13-4_ses-20230918_obj-1rftsw2_ophys.nwb	10267791430	513	45	24
sub-PHP-CaMPARI1-M5/sub-PHP-CaMPARI1-M5_obj-1kuh0g7_ophys.nwb	98804736	37	19	6
sub-AAV-V15-D6/sub-AAV-V15-D6_obj-1bpbh8x_ophys.nwb	102262080	37	19	6
sub-phpV15-4/sub-phpV15-4_ses-20230925_obj-1ggzzah_ophys.nwb	3768175640	284	47	19
sub-phpV17-1/sub-phpV17-1_ses-20230828_obj-ts68i9_ophys.nwb	43161339582	2125	46	19
sub-phpV16-blind-01/sub-phpV16-blind-01_ses-20240909_obj-1bcyvio_ophys.nwb	292710852	112	41	18
sub-phpV18-2/sub-phpV18-2_ses-20230911_obj-1olhkbl_ophys.nwb	8136399668	483	44	19
sub-PHP-CaMPARI1-M6/sub-PHP-CaMPARI1-M6_obj-1p31bt0_ophys.nwb	98593860	42	18	7
sub-PHP-V14-H11/sub-PHP-V14-H11_obj-ds4sor_ophys.nwb	94806000	33	18	5
sub-C2-04-02/sub-C2-04-02_obj-m5m8zc_ophys.nwb	228516620	74	32	9
sub-phpV8-3/sub-phpV8-3_ses-20230413_obj-64r64z_ophys.nwb	39087946044	2161	46	18
sub-PHP-CaMPARI1-M5/sub-PHP-CaMPARI1-M5_obj-11ejph2_ophys.nwb	112812596	39	18	7
sub-phpV14-04-H6/sub-phpV14-04-H6_ses-20241119_obj-listu9_ophys.nwb	238017504	68	28	9
sub-phpV7-6/sub-phpV7-6_ses-20230517_obj-b36phb_ophys.nwb	4663021619	356	52	28
sub-AAV-V16-A7/sub-AAV-V16-A7_obj-17xfn6e_ophys.nwb	94415700	36	18	6
sub-phpV17-1/sub-phpV17-1_ses-20230828_obj-1b7my8p_ophys.nwb	5905287904	309	41	20
sub-AAV-V16-A7/sub-AAV-V16-A7_obj-ccjz7i_ophys.nwb	132659944	77	29	16
sub-PHP-V15-L13/sub-PHP-V15-L13_obj-9jfwi3_ophys.nwb	95854128	33	18	5
sub-C2-04-02/sub-C2-04-02_obj-fev0yd_ophys.nwb	263496160	78	34	10
sub-phpV14-03-H5/sub-phpV14-03-H5_ses-20241118_obj-r9odfl_ophys.nwb	167511372	50	24	7
sub-phpV9-6/sub-phpV9-6_ses-20230502_obj-1m6p8h4_ophys.nwb	18807528168	914	45	23
sub-PHP-V14-H11/sub-PHP-V14-H11_obj-1umpl03_ophys.nwb	100624608	43	19	7
sub-phpV11-5/sub-phpV11-5_ses-20230508_obj-zsppjm_ophys.nwb	52388281142	1841	45	20
sub-CaMPARI1/sub-CaMPARI1_ses-flourescence-recording_ophys.nwb	79796168	610	233	120
sub-phpV15-05-L5/sub-phpV15-05-L5_obj-1lh9p1w_ophys.nwb	263271960	51	26	7
sub-C2-04-03/sub-C2-04-03_obj-1y2hqc9_ophys.nwb	236011680	63	26	9
sub-phpV9-10/sub-phpV9-10_ses-20230802_obj-nrmji1_ophys.nwb	19471771756	869	44	24
sub-phpV14-03-H5/sub-phpV14-03-H5_ses-20241118_obj-v9gt91_ophys.nwb	185456224	102	36	16
sub-AAV-CaMPARI1-C8/sub-AAV-CaMPARI1-C8_obj-8j5kfe_ophys.nwb	150944884	79	31	16
sub-C2-04-02/sub-C2-04-02_obj-frf44d_ophys.nwb	214824792	107	37	17
sub-phpV15-blind-02/sub-phpV15-blind-02_obj-13bysx2_ophys.nwb	230916516	65	31	8
sub-phpV18-3/sub-phpV18-3_ses-20230921_obj-1tnj13m_ophys.nwb	2633893128	234	53	20
sub-PHP-V15-L23/sub-PHP-V15-L23_obj-inxvwn_ophys.nwb	89656056	40	19	6
sub-PHP-V15-L23/sub-PHP-V15-L23_obj-14xq4xv_ophys.nwb	104580680	49	22	7
sub-phpV14-03-H5/sub-phpV14-03-H5_ses-20241118_obj-1sh4n9f_ophys.nwb	215921785	54	27	8
sub-phpV14-03-H5/sub-phpV14-03-H5_ses-20241118_obj-hk4ejn_ophys.nwb	174731056	49	23	7
sub-phpV9-10/sub-phpV9-10_ses-20230802_obj-1rusabf_ophys.nwb	11519826974	631	45	23
sub-phpV8-3/sub-phpV8-3_ses-20230413_obj-10iz3xy_ophys.nwb	16012271008	845	61	31
sub-phpV15-04-L4/sub-phpV15-04-L4_obj-2s3k6h_ophys.nwb	259596948	111	41	16
sub-phpV14-03-H5/sub-phpV14-03-H5_ses-20241118_obj-vem8wp_ophys.nwb	212178757	79	32	11
sub-phpV14-blind-03/sub-phpV14-blind-03_ses-20240910_obj-18d8d4d_ophys.nwb	169738020	49	23	7
sub-phpV14-04-H6/sub-phpV14-04-H6_ses-20241119_obj-1uoexov_ophys.nwb	236566076	94	36	15
sub-phpV9-4/sub-phpV9-4_ses-20230425_obj-1rmh3g6_ophys.nwb	27301315672	1292	48	28
sub-phpV9-13/sub-phpV9-13_ses-20230822_obj-6huxj5_ophys.nwb	7236255289	542	50	29
sub-phpV14-01-H2/sub-phpV14-01-H2_ses-20241022_obj-e71bws_ophys.nwb	246293616	116	36	19
sub-AAV-V15-D5/sub-AAV-V15-D5_obj-7u9x1i_ophys.nwb	143830688	49	25	7
sub-phpV10-6/sub-phpV10-6_ses-20230515_obj-3g33o5_ophys.nwb	36956232512	1975	48	27
sub-C1-AAV1blind-01/sub-C1-AAV1blind-01_ses-20240920_obj-wnjqua_ophys.nwb	233732248	69	31	9
sub-phpV14-3/sub-phpV14-3_ses-20230914_obj-150402a_ophys.nwb	43502840133	2154	45	20
sub-phpV15-05-L5/sub-phpV15-05-L5_obj-kog6lb_ophys.nwb	292942745	108	39	17
sub-PHP-V14-H11/sub-PHP-V14-H11_obj-145ewcd_ophys.nwb	105717572	45	21	7
sub-phpV14-03-H5/sub-phpV14-03-H5_ses-20241118_obj-1as84mi_ophys.nwb	248696652	101	33	17
sub-CaMPARI1-Q142V-F198Y/sub-CaMPARI1-Q142V-F198Y_ses-flourescence-recording_ophys.nwb	74028088	572	210	118
sub-PHP-CaMPARI1-M6/sub-PHP-CaMPARI1-M6_obj-1ysai1v_ophys.nwb	118088480	73	28	15
sub-C1-AAV1blind-01/sub-C1-AAV1blind-01_ses-20240920_obj-8w2tc7_ophys.nwb	262149980	66	32	8
sub-PHP-V14-H11/sub-PHP-V14-H11_obj-1o37bl4_ophys.nwb	102188668	51	21	8
sub-mouse1-DC1-1L-C2-1R-1 Left/sub-mouse1-DC1-1L-C2-1R-1 Left_obj-6a44m_ophys.nwb	19857226208	1015	53	29
sub-phpV14-04-H6/sub-phpV14-04-H6_ses-20241119_obj-9az8tj_ophys.nwb	211898188	53	27	7
sub-phpV14-blind-03/sub-phpV14-blind-03_ses-20240910_obj-t69y27_ophys.nwb	204513456	82	36	10
sub-mouse1-DC1-1L-C2-1R-1 Left/sub-mouse1-DC1-1L-C2-1R-1 Left_obj-nnx8k5_ophys.nwb	19156169522	988	53	28
sub-CaMPARI1-A146L-C150T/sub-CaMPARI1-A146L-C150T_ses-flourescence-recording_ophys.nwb	78880504	607	227	128
sub-phpV15-1/sub-phpV15-1_ses-20230826_obj-bgqvpt_ophys.nwb	13554441832	748	37	21
sub-AAV-V16-A8/sub-AAV-V16-A8_obj-anm6or_ophys.nwb	95782872	45	21	7
sub-phpV16-1/sub-phpV16-1_ses-20230827_obj-f1i5lb_ophys.nwb	4925863581	374	40	19
sub-phpV8-6/sub-phpV8-6_ses-20230515_obj-169t4hf_ophys.nwb	14665241872	704	45	27
sub-phpV12-9/sub-phpV12-9_ses-20230708_obj-1ct9m4i_ophys.nwb	12707177242	859	50	29
sub-AAV-CaMPARI1-C8/sub-AAV-CaMPARI1-C8_obj-1uh6nil_ophys.nwb	111789656	51	24	8
sub-PHP-V15-L11/sub-PHP-V15-L11_obj-1bb0ibx_ophys.nwb	109810052	39	21	6
sub-AAV-V15-D5/sub-AAV-V15-D5_obj-1rlni2c_ophys.nwb	133064536	56	26	8
sub-phpV14-blind-02/sub-phpV14-blind-02_ses-20240904_obj-1klus9_ophys.nwb	270207464	70	30	9
sub-AAV-CaMPARI1-C5/sub-AAV-CaMPARI1-C5_obj-fg82dy_ophys.nwb	125895888	40	22	6
sub-PHP-V16-K7/sub-PHP-V16-K7_obj-119ugu7_ophys.nwb	100738020	47	20	7
sub-phpV8-5/sub-phpV8-5_ses-20230510_obj-1l56nnz_ophys.nwb	50949024500	3179	56	31
sub-phpV18-2/sub-phpV18-2_ses-20230911_obj-5c33ri_ophys.nwb	11959380198	771	46	19
sub-phpV7-4/sub-phpV7-4_ses-20230428_obj-inm200_ophys.nwb	33713957056	1782	53	30
sub-phpV14-03-H5/sub-phpV14-03-H5_ses-20241118_obj-1x83io6_ophys.nwb	170391500	59	25	8
sub-phpV15-4/sub-phpV15-4_ses-20230925_obj-1tq05ww_ophys.nwb	4581236979	352	41	19
sub-phpV12-6/sub-phpV12-6_ses-20230530_obj-taoyh5_ophys.nwb	14977536656	965	45	24
sub-phpV15-blind-02/sub-phpV15-blind-02_obj-f3dx25_ophys.nwb	235810992	114	40	19
sub-phpV15-03-L3/sub-phpV15-03-L3_obj-fzjvq4_ophys.nwb	177572756	65	27	8
sub-C1-04-01/sub-C1-04-01_obj-ejunay_ophys.nwb	293994152	117	41	19
sub-phpV14-03-H5/sub-phpV14-03-H5_ses-20241118_obj-19hg3st_ophys.nwb	228624993	140	45	23
sub-phpV12-3/sub-phpV12-3_ses-20230510_obj-5dx8i2_ophys.nwb	12088466736	703	53	27
sub-phpV14-blind-03/sub-phpV14-blind-03_ses-20240910_obj-m84qt5_ophys.nwb	196907764	63	29	8
sub-PHP-CaMPARI1-M6/sub-PHP-CaMPARI1-M6_obj-csb2of_ophys.nwb	108445248	52	22	8
sub-phpV15-3/sub-phpV15-3_ses-20230924_obj-1it0rbj_ophys.nwb	9282248525	627	50	24
sub-AAV-V15-D6/sub-AAV-V15-D6_obj-1hyy1kj_ophys.nwb	120045240	85	31	18
sub-phpV17-1/sub-phpV17-1_ses-20230828_obj-o5skkr_ophys.nwb	3065319016	291	51	23
sub-C2-04-01/sub-C2-04-01_ses-20240729_obj-4rh4v1_ophys.nwb	267803580	84	32	11
sub-AAV-CaMPARI1-C5/sub-AAV-CaMPARI1-C5_obj-1nnuepb_ophys.nwb	105792700	52	22	8
sub-phpV18-3/sub-phpV18-3_ses-20230921_obj-yfwot5_ophys.nwb	8419963403	569	45	21
sub-phpV7-7/sub-phpV7-7_ses-20230519_obj-15h9htk_ophys.nwb	24750076060	1399	58	26
sub-AAV-CaMPARI1-C8/sub-AAV-CaMPARI1-C8_obj-m5f5dm_ophys.nwb	100795944	37	19	6
sub-AAV-V14-B6/sub-AAV-V14-B6_obj-198k63u_ophys.nwb	99740816	44	20	7
sub-mouse4-DC1-1L-C2-1R-4 Right/sub-mouse4-DC1-1L-C2-1R-4 Right_obj-177brh7_ophys.nwb	25690258608	1264	46	29
sub-mouse8-C2R 15degrees/sub-mouse8-C2R 15degrees_obj-1j59qiu_ophys.nwb	12975749356	1109	54	31
sub-PHP-V15-L11/sub-PHP-V15-L11_obj-1sza28f_ophys.nwb	118315240	43	22	6
sub-phpV12-4/sub-phpV12-4_ses-20230511_obj-12flrgr_ophys.nwb	17916992364	1116	50	28
sub-AAV-V16-A7/sub-AAV-V16-A7_obj-1ref0ty_ophys.nwb	100542440	44	20	7
sub-PHP-V14-H11/sub-PHP-V14-H11_obj-xrv28g_ophys.nwb	117737252	79	28	16
sub-AAV-V15-D8/sub-AAV-V15-D8_obj-un24ig_ophys.nwb	100871832	37	19	6
sub-PHP-V15-L11/sub-PHP-V15-L11_obj-1kq43bp_ophys.nwb	104640728	43	22	6
sub-phpV15-2/sub-phpV15-2_ses-20230905_obj-skdj6i_ophys.nwb	18944418598	811	51	22
sub-phpV14-04-H6/sub-phpV14-04-H6_ses-20241119_obj-1e2hjfs_ophys.nwb	223267860	60	30	8
sub-phpV11-1/sub-phpV11-1_ses-20230419_obj-1wc3g7w_ophys.nwb	11777171796	726	47	25
sub-phpV15-05-L5/sub-phpV15-05-L5_obj-132hrdo_ophys.nwb	240422360	54	28	7
sub-phpV16-blind-02/sub-phpV16-blind-02_ses-20240909_obj-1ejmvok_ophys.nwb	263414804	58	32	7
sub-phpV16-blind-01/sub-phpV16-blind-01_ses-20240909_obj-1uwvmqy_ophys.nwb	274110676	109	39	17
sub-PHP-V14-H11/sub-PHP-V14-H11_obj-ex96x6_ophys.nwb	93790060	30	15	5
sub-phpV15-04-L4/sub-phpV15-04-L4_obj-hy8lq9_ophys.nwb	220072640	100	34	17
sub-phpV7-6/sub-phpV7-6_ses-20230517_obj-8pi9zm_ophys.nwb	13780986542	822	52	26
sub-phpV16-blind-01/sub-phpV16-blind-01_ses-20240909_obj-y4f5lk_ophys.nwb	211542984	69	31	8
sub-PHP-CaMPARI1-M6/sub-PHP-CaMPARI1-M6_obj-ibh3zl_ophys.nwb	112824624	45	21	7
sub-phpV11-1/sub-phpV11-1_ses-20230419_obj-vm3d5r_ophys.nwb	22929732612	1090	52	24
sub-AAV-V15-D7/sub-AAV-V15-D7_obj-umpi2s_ophys.nwb	132211492	51	24	8
sub-AAV-V15-D7/sub-AAV-V15-D7_obj-1o95hig_ophys.nwb	105417732	49	22	8
sub-AAV-V15-D7/sub-AAV-V15-D7_obj-7uu699_ophys.nwb	128800008	40	22	6
sub-phpV15-03-L3/sub-phpV15-03-L3_obj-s4laxx_ophys.nwb	176324876	109	35	18
sub-PHP-V15-L11/sub-PHP-V15-L11_obj-78sh15_ophys.nwb	131252504	45	24	6
sub-C1-AAV1blind-01/sub-C1-AAV1blind-01_ses-20240920_obj-1f4ntks_ophys.nwb	249165544	65	31	8
sub-phpV12-3/sub-phpV12-3_ses-20230510_obj-u3pq2o_ophys.nwb	47558285420	2423	62	32
sub-phpV12-6/sub-phpV12-6_ses-20230530_obj-6zuw24_ophys.nwb	14846948686	848	52	28
sub-C1-AAV1blind-01/sub-C1-AAV1blind-01_ses-20240920_obj-1hdje8a_ophys.nwb	254315288	98	36	16
sub-phpV14-3/sub-phpV14-3_ses-20230914_obj-1ekrwgf_ophys.nwb	9175058057	418	38	22
sub-AAV-V16-A8/sub-AAV-V16-A8_obj-1bqafqp_ophys.nwb	117380036	47	23	7
sub-C2-04-01/sub-C2-04-01_ses-20240729_obj-1gi05w9_ophys.nwb	224510040	65	31	8
sub-mouse20-C1 -19degree/sub-mouse20-C1 -19degree_obj-1b8swvj_ophys.nwb	8800228460	927	69	38
sub-PHP-CaMPARI1-M5/sub-PHP-CaMPARI1-M5_obj-1u2ptap_ophys.nwb	118750116	101	35	20
sub-phpV14-2/sub-phpV14-2_ses-20230817_obj-1u9we6g_ophys.nwb	59092571719	2764	44	22
sub-phpV17-1/sub-phpV17-1_ses-20230828_obj-1f9wi63_ophys.nwb	43439830675	2196	57	28
sub-phpV17-1/sub-phpV17-1_ses-20230828_obj-ey81wz_ophys.nwb	3016979516	263	43	18
sub-PHP-V14-H11/sub-PHP-V14-H11_obj-z4cw5o_ophys.nwb	102700676	49	22	7
sub-phpV15-05-L5/sub-phpV15-05-L5_obj-1qmzfvp_ophys.nwb	216914452	101	35	16
sub-PHP-CaMPARI1-M5/sub-PHP-CaMPARI1-M5_obj-ivhx95_ophys.nwb	113485908	61	25	9
sub-PHP-V15-L23/sub-PHP-V15-L23_obj-1wm38ky_ophys.nwb	98109968	49	22	7
sub-AAV-V14-B6/sub-AAV-V14-B6_obj-1edjemx_ophys.nwb	136767232	48	24	7
sub-phpV15-blind-02/sub-phpV15-blind-02_obj-4k26vb_ophys.nwb	288626424	64	34	8
sub-phpV17-3/sub-phpV17-3_ses-20230926_obj-cdhgbb_ophys.nwb	5380862050	415	51	22
sub-phpV16-blind-03/sub-phpV16-blind-03_ses-20240913_obj-1b1ddwj_ophys.nwb	235012036	54	28	7
sub-PHP-V14-H11/sub-PHP-V14-H11_obj-2wlb13_ophys.nwb	100926960	37	19	6
sub-CaMPARI1-C150T-C202T/sub-CaMPARI1-C150T-C202T_ses-flourescence-recording_ophys.nwb	77747368	602	220	127
sub-phpV9-3/sub-phpV9-3_ses-20230424_obj-1ombup4_ophys.nwb	44510859666	2603	48	19
sub-phpV7-4/sub-phpV7-4_ses-20230428_obj-bwtwt8_ophys.nwb	26774580470	974	50	26
sub-CaMPARI1-C150T-F198Y-C202T/sub-CaMPARI1-C150T-F198Y-C202T_ses-flourescence-recording_ophys.nwb	74405800	576	210	119
sub-PHP-CaMPARI1-M5/sub-PHP-CaMPARI1-M5_obj-11vph2c_ophys.nwb	96890652	45	21	7
sub-phpV13-4/sub-phpV13-4_ses-20230918_obj-2grj3l_ophys.nwb	7123078787	461	47	24
sub-AAV-V15-D8/sub-AAV-V15-D8_obj-1rghxqz_ophys.nwb	99816516	37	19	6
sub-C1-AAV1blind-01/sub-C1-AAV1blind-01_ses-20240920_obj-1eibay0_ophys.nwb	244427240	57	31	7
sub-phpV14-blind-03/sub-phpV14-blind-03_ses-20240910_obj-p0jht3_ophys.nwb	278261288	116	46	17
sub-phpV14-2/sub-phpV14-2_ses-20230817_obj-2luef6_ophys.nwb	15612316928	858	45	24
sub-phpV8-4/sub-phpV8-4_ses-20230502_obj-18irmwz_ophys.nwb	27632987316	1311	52	27
sub-phpV15-blind-04/sub-phpV15-blind-04_ses-20240910_obj-yvzi11_ophys.nwb	222122368	75	33	9
sub-AAV-CaMPARI1-C8/sub-AAV-CaMPARI1-C8_obj-51nc4a_ophys.nwb	101361856	45	21	7
sub-PHP-V16-K7/sub-PHP-V16-K7_obj-ix6tbv_ophys.nwb	95163756	50	20	8
sub-C1-AAV1blind-03/sub-C1-AAV1blind-03_ses-20240916_obj-1mdl0vo_ophys.nwb	291098540	78	36	9
sub-phpV12-6/sub-phpV12-6_ses-20230530_obj-yvq01k_ophys.nwb	18460818726	839	51	29
sub-PHP-V15-L11/sub-PHP-V15-L11_obj-1g89yor_ophys.nwb	118552920	78	30	15
sub-AAV-CaMPARI1-C9/sub-AAV-CaMPARI1-C9_obj-nd6vvl_ophys.nwb	103187948	52	22	8
sub-phpV12-2/sub-phpV12-2_ses-20230417_obj-wco1ox_ophys.nwb	14943957602	841	49	26
sub-phpV14-2/sub-phpV14-2_ses-20230817_obj-b3e9im_ophys.nwb	36764698162	1828	42	18
sub-AAV-V14-B6/sub-AAV-V14-B6_obj-oqgvsp_ophys.nwb	102351476	37	19	6
sub-phpV12-1/sub-phpV12-1_ses-20230413_obj-19psdsm_ophys.nwb	9936361122	469	52	26
sub-PHP-V14-H11/sub-PHP-V14-H11_obj-1j5tn7z_ophys.nwb	107617304	45	21	7
sub-AAV-V16-A8/sub-AAV-V16-A8_obj-1usul37_ophys.nwb	105599628	49	22	8
sub-phpV11-4/sub-phpV11-4_ses-20230508_obj-hawi54_ophys.nwb	51534759669	2193	46	21
sub-Mouse6-DC1-5L-C2-5R-1/sub-Mouse6-DC1-5L-C2-5R-1_obj-1sztjnh_ophys.nwb	11631861267	965	66	38
sub-phpV14-01-H2/sub-phpV14-01-H2_ses-20241022_obj-1rxcwlh_ophys.nwb	204714464	108	38	17
sub-phpV15-1/sub-phpV15-1_ses-20230826_obj-149nko9_ophys.nwb	3530572852	274	44	21
sub-phpV15-05-L5/sub-phpV15-05-L5_obj-1rskfqq_ophys.nwb	212280416	56	26	7
sub-phpV14-04-H6/sub-phpV14-04-H6_ses-20241119_obj-wn8jh7_ophys.nwb	232358556	64	30	8
sub-C2-04-01/sub-C2-04-01_ses-20240729_obj-1yr1kvi_ophys.nwb	244650988	59	33	7
sub-PHP-V14-H11/sub-PHP-V14-H11_obj-dupuo7_ophys.nwb	122684068	94	31	18
sub-phpV18-3/sub-phpV18-3_ses-20230921_obj-lo4a75_ophys.nwb	38004264645	1998	72	32
sub-AAV-V15-D8/sub-AAV-V15-D8_obj-1vjrscj_ophys.nwb	93396920	45	21	7
sub-phpV12-3/sub-phpV12-3_ses-20230510_obj-3hlg41_ophys.nwb	12829724454	735	53	23
sub-C1-04-02/sub-C1-04-02_ses-20240618_obj-b21ghn_ophys.nwb	237319760	121	37	19
sub-PHP-CaMPARI1-M5/sub-PHP-CaMPARI1-M5_obj-13981i_ophys.nwb	112068348	49	22	8
sub-phpV14-4/sub-phpV14-4_ses-20230921_obj-1x9lx2n_ophys.nwb	6541869218	423	41	22
sub-phpV14-2/sub-phpV14-2_ses-20230817_obj-1io0gdc_ophys.nwb	14405037662	819	46	29
sub-phpV7-4/sub-phpV7-4_ses-20230428_obj-45df4a_ophys.nwb	25501864116	1164	54	25
sub-phpV9-10/sub-phpV9-10_ses-20230802_obj-vlvttx_ophys.nwb	19066390972	781	42	25
sub-AAV-V15-D8/sub-AAV-V15-D8_obj-1ir2ovz_ophys.nwb	115516464	37	19	6
sub-AAV-CaMPARI1-C9/sub-AAV-CaMPARI1-C9_obj-1oegara_ophys.nwb	112022960	44	20	7
sub-phpV15-05-L5/sub-phpV15-05-L5_obj-da9nr7_ophys.nwb	228790656	54	26	7
sub-PHP-V15-L23/sub-PHP-V15-L23_obj-1tk7unb_ophys.nwb	131976148	73	28	15
sub-PHP-CaMPARI1-M5/sub-PHP-CaMPARI1-M5_obj-1dyariy_ophys.nwb	133175324	93	33	19
sub-PHP-V14-H11/sub-PHP-V14-H11_obj-mdbmbr_ophys.nwb	103903480	41	20	6
sub-phpV7-3/sub-phpV7-3_ses-20230410_obj-1tne1e_ophys.nwb	61359081476	2560	60	30
sub-phpV14-4/sub-phpV14-4_ses-20230921_obj-7z8egn_ophys.nwb	8632722168	526	41	23
sub-phpV14-blind-02/sub-phpV14-blind-02_ses-20240904_obj-tztzus_ophys.nwb	231469164	132	42	22
sub-phpV14-3/sub-phpV14-3_ses-20230914_obj-1b3c431_ophys.nwb	3799028632	293	47	22
sub-AAV-V15-D5/sub-AAV-V15-D5_obj-3bj4s5_ophys.nwb	112583184	38	20	6
sub-AAV-V15-D5/sub-AAV-V15-D5_obj-t04965_ophys.nwb	120507248	62	26	9
sub-phpV14-blind-03/sub-phpV14-blind-03_ses-20240910_obj-53ka1q_ophys.nwb	262652084	130	44	20
sub-C2-04-03/sub-C2-04-03_obj-rm01p3_ophys.nwb	216541884	108	38	17
sub-phpV15-05-L5/sub-phpV15-05-L5_obj-c6d687_ophys.nwb	235674840	71	33	8
sub-phpV14-03-H5/sub-phpV14-03-H5_ses-20241118_obj-mmmlsj_ophys.nwb	163398172	49	23	7
sub-PHP-CaMPARI1-M6/sub-PHP-CaMPARI1-M6_obj-1fex3pz_ophys.nwb	121550300	101	35	19
sub-AAV-V14-B6/sub-AAV-V14-B6_obj-1wi31di_ophys.nwb	108448748	48	21	8
sub-PHP-V15-L23/sub-PHP-V15-L23_obj-19dun2j_ophys.nwb	98892684	41	20	6
sub-C2-04-02/sub-C2-04-02_obj-18v7ulg_ophys.nwb	268823440	59	33	7
sub-phpV14-03-H5/sub-phpV14-03-H5_ses-20241118_obj-1hyee42_ophys.nwb	221661777	79	30	11
sub-C2-04-02/sub-C2-04-02_obj-17w63jw_ophys.nwb	251573116	61	35	7
sub-AAV-V15-D5/sub-AAV-V15-D5_obj-x1tuqy_ophys.nwb	129260084	105	36	21
sub-C1-04-03/sub-C1-04-03_ses-20240619_obj-qrcxsu_ophys.nwb	256824360	57	31	7
sub-C2-04-01/sub-C2-04-01_ses-20240729_obj-pvmq5o_ophys.nwb	241356644	105	39	17
sub-C2-04-03/sub-C2-04-03_obj-1718zj6_ophys.nwb	200657381	55	28	8
sub-phpV14-03-H5/sub-phpV14-03-H5_ses-20241118_obj-khsluz_ophys.nwb	165033648	59	25	8
sub-AAV-V15-D5/sub-AAV-V15-D5_obj-ibpbq7_ophys.nwb	123435932	48	24	7
sub-phpV9-3/sub-phpV9-3_ses-20230424_obj-1xywy5x_ophys.nwb	24898384304	1207	52	27
sub-phpV14-01-H2/sub-phpV14-01-H2_ses-20241022_obj-1xlnlxb_ophys.nwb	264048400	82	34	10
sub-PHP-V14-H11/sub-PHP-V14-H11_obj-wt3kxh_ophys.nwb	113273048	71	26	14
sub-phpV9-13/sub-phpV9-13_ses-20230822_obj-ps20i0_ophys.nwb	10279073542	596	42	22
sub-phpV11-5/sub-phpV11-5_ses-20230508_obj-k5ql3_ophys.nwb	18749508560	914	45	23
sub-phpV12-3/sub-phpV12-3_ses-20230510_obj-53nnnf_ophys.nwb	9474511066	532	53	27
sub-AAV-CaMPARI1-C9/sub-AAV-CaMPARI1-C9_obj-11zihqa_ophys.nwb	137373464	48	24	7
sub-phpV9-10/sub-phpV9-10_ses-20230802_obj-tpy6kj_ophys.nwb	12742187680	652	48	22
sub-phpV15-4/sub-phpV15-4_ses-20230925_obj-ax3fs9_ophys.nwb	3256896688	242	35	17
sub-Mouse6-DC1-5L-C2-5R-1/sub-Mouse6-DC1-5L-C2-5R-1_obj-8xcsna_ophys.nwb	8930657972	879	65	36
sub-phpV15-blind-02/sub-phpV15-blind-02_obj-1u1anr6_ophys.nwb	321812480	106	44	16
sub-phpV15-03-L3/sub-phpV15-03-L3_obj-p4p39z_ophys.nwb	172849224	47	21	7
sub-phpV14-04-H6/sub-phpV14-04-H6_ses-20241119_obj-qf8jsz_ophys.nwb	232056276	63	29	8
sub-AAV-V16-A7/sub-AAV-V16-A7_obj-klpxoh_ophys.nwb	125156788	46	22	7
sub-phpV9-10/sub-phpV9-10_ses-20230802_obj-euk8ya_ophys.nwb	23742145790	1339	52	27
sub-phpV14-03-H5/sub-phpV14-03-H5_ses-20241118_obj-1ek5c6w_ophys.nwb	193919164	60	26	8
sub-phpV10-4/sub-phpV10-4_ses-20230420_obj-1pru07h_ophys.nwb	15632933348	988	48	26
sub-phpV14-03-H5/sub-phpV14-03-H5_ses-20241118_obj-cr1web_ophys.nwb	155141940	59	25	8
sub-C1-AAV1blind-03/sub-C1-AAV1blind-03_ses-20240916_obj-1cq2jpx_ophys.nwb	315600849	115	44	19
sub-phpV14-04-H6/sub-phpV14-04-H6_ses-20241119_obj-1bqg7l_ophys.nwb	237754456	99	37	16
sub-C2-04-03/sub-C2-04-03_obj-ghdrj0_ophys.nwb	226489164	62	28	8
sub-PHP-V15-L11/sub-PHP-V15-L11_obj-swiway_ophys.nwb	134322852	38	23	5
sub-AAV-V15-D5/sub-AAV-V15-D5_obj-5ieqo3_ophys.nwb	141363732	66	30	9
sub-phpV14-4/sub-phpV14-4_ses-20230921_obj-f8osg9_ophys.nwb	39323068610	1963	48	19
sub-phpV15-05-L5/sub-phpV15-05-L5_obj-1xwlpi4_ophys.nwb	266217597	63	32	8
sub-phpV7-4/sub-phpV7-4_ses-20230428_obj-1xt8kmx_ophys.nwb	23037090580	1245	57	27
sub-PHP-V15-L23/sub-PHP-V15-L23_obj-1cdo06u_ophys.nwb	92911296	43	19	7
sub-phpV14-03-H5/sub-phpV14-03-H5_ses-20241118_obj-fyb95_ophys.nwb	200536868	98	32	17
sub-C2-04-03/sub-C2-04-03_obj-1k1sci0_ophys.nwb	258715152	109	39	17
sub-phpV10-6/sub-phpV10-6_ses-20230515_obj-sckgtf_ophys.nwb	34038091852	1834	49	28
sub-phpV9-6/sub-phpV9-6_ses-20230502_obj-17z286t_ophys.nwb	50815352636	2907	45	20
sub-phpV16-blind-01/sub-phpV16-blind-01_ses-20240909_obj-3fii9f_ophys.nwb	267695756	106	40	16
sub-phpV14-2/sub-phpV14-2_ses-20230817_obj-pfu0km_ophys.nwb	17903318560	1113	44	23
sub-phpV16-blind-01/sub-phpV16-blind-01_ses-20240909_obj-1pjr0bq_ophys.nwb	246018492	51	29	6
sub-phpV15-blind-02/sub-phpV15-blind-02_obj-1unmjk9_ophys.nwb	299513492	72	32	9
sub-mouse12-C2hSynL-C2CAGR-3 C2hSynL 17-5degrees/sub-mouse12-C2hSynL-C2CAGR-3 C2hSynL 17-5degrees_obj-ph0qxm_ophys.nwb	16559264528	1061	54	28
sub-phpV7-4/sub-phpV7-4_ses-20230428_obj-1lyt9uc_ophys.nwb	21041806360	972	48	25
sub-phpV14-4/sub-phpV14-4_ses-20230921_obj-1g7hh6a_ophys.nwb	9695491233	422	44	24
sub-phpV12-7/sub-phpV12-7_ses-20230531_obj-1o8ogww_ophys.nwb	11833376562	685	50	26
sub-phpV15-2/sub-phpV15-2_ses-20230905_obj-1p19vcl_ophys.nwb	14547348916	809	55	21
sub-phpV13-1/sub-phpV13-1_ses-20230808_obj-vot17r_ophys.nwb	20265221176	874	49	27
sub-C1-04-01/sub-C1-04-01_obj-1nb8675_ophys.nwb	362907576	152	52	22
sub-phpV7-6/sub-phpV7-6_ses-20230517_obj-1ey80az_ophys.nwb	6937812239	406	48	26
sub-phpV15-05-L5/sub-phpV15-05-L5_obj-6tfabw_ophys.nwb	208322328	57	27	7
sub-phpV10-4/sub-phpV10-4_ses-20230420_obj-xx3yw4_ophys.nwb	51095496150	2656	50	22
sub-phpV14-blind-03/sub-phpV14-blind-03_ses-20240910_obj-1w4zl5_ophys.nwb	193524188	65	27	9
sub-mouse2-DC1-1L-C2-1R-2/sub-mouse2-DC1-1L-C2-1R-2_obj-gztoew_ophys.nwb	42024103952	2051	50	29
sub-phpV15-blind-02/sub-phpV15-blind-02_obj-fuju7h_ophys.nwb	267980192	67	33	8
sub-C2-04-03/sub-C2-04-03_obj-17bob6z_ophys.nwb	189193480	49	23	7
sub-AAV-V15-D5/sub-AAV-V15-D5_obj-8c1srg_ophys.nwb	127403652	40	22	6
sub-PHP-V15-L11/sub-PHP-V15-L11_obj-10i5k9o_ophys.nwb	107212200	42	21	6
sub-AAV-CaMPARI1-C9/sub-AAV-CaMPARI1-C9_obj-1wea0f2_ophys.nwb	97217964	36	18	6
sub-PHP-V14-H11/sub-PHP-V14-H11_obj-gpzmud_ophys.nwb	88050544	38	17	6
sub-phpV14-4/sub-phpV14-4_ses-20230921_obj-1dr6vm7_ophys.nwb	6053691542	393	38	21
sub-phpV14-3/sub-phpV14-3_ses-20230914_obj-4r18h5_ophys.nwb	5215788701	400	40	22
sub-phpV7-3/sub-phpV7-3_ses-20230410_obj-1azcgd9_ophys.nwb	23685562882	1229	59	27
sub-C2-04-01/sub-C2-04-01_ses-20240729_obj-l966mm_ophys.nwb	287139488	120	42	18
sub-AAV-CaMPARI1-C8/sub-AAV-CaMPARI1-C8_obj-1c05o0_ophys.nwb	95597152	44	20	7
sub-AAV-V15-D5/sub-AAV-V15-D5_obj-1vl3rp6_ophys.nwb	110610944	46	22	7
sub-AAV-V15-D5/sub-AAV-V15-D5_obj-16p05ke_ophys.nwb	108690224	40	22	6
sub-AAV-CaMPARI1-C9/sub-AAV-CaMPARI1-C9_obj-4167ja_ophys.nwb	112846172	69	27	14
sub-AAV-CaMPARI1-C8/sub-AAV-CaMPARI1-C8_obj-g7qp0s_ophys.nwb	120295048	41	20	7
sub-phpV12-2/sub-phpV12-2_ses-20230417_obj-1jpaltj_ophys.nwb	18412953006	871	43	26
sub-phpV15-03-L3/sub-phpV15-03-L3_obj-1uncspr_ophys.nwb	167505284	77	27	10
sub-AAV-V15-D8/sub-AAV-V15-D8_obj-yw911u_ophys.nwb	118211016	83	29	17
sub-PHP-CaMPARI1-M6/sub-PHP-CaMPARI1-M6_obj-4looq5_ophys.nwb	108643300	67	25	14
sub-phpV14-blind-02/sub-phpV14-blind-02_ses-20240904_obj-abse9e_ophys.nwb	258956164	56	24	8
sub-C2-04-01/sub-C2-04-01_ses-20240729_obj-ffxdp3_ophys.nwb	238894032	62	28	8
sub-phpV9-10/sub-phpV9-10_ses-20230802_obj-re1m1w_ophys.nwb	15128329686	872	42	23
sub-phpV18-2/sub-phpV18-2_ses-20230911_obj-12k8bw7_ophys.nwb	8314268978	415	45	25
sub-PHP-V16-K7/sub-PHP-V16-K7_obj-o1s55r_ophys.nwb	83044776	47	17	8
sub-C1-04-01/sub-C1-04-01_obj-z547ii_ophys.nwb	268752276	106	40	17
sub-AAV-V16-A7/sub-AAV-V16-A7_obj-1dsgjs9_ophys.nwb	94883564	32	14	6
sub-phpV12-9/sub-phpV12-9_ses-20230708_obj-wcnatx_ophys.nwb	9375961136	641	41	25
sub-phpV13-4/sub-phpV13-4_ses-20230918_obj-1glftmu_ophys.nwb	10049403047	567	38	24
sub-mouse8-C2R 15degrees/sub-mouse8-C2R 15degrees_obj-d6o8n1_ophys.nwb	28003598832	1844	47	27
sub-PHP-V15-L13/sub-PHP-V15-L13_obj-1e3qq8c_ophys.nwb	130491596	50	23	7
sub-phpV15-03-L3/sub-phpV15-03-L3_obj-1l8eh34_ophys.nwb	165745640	51	21	7
sub-PHP-V14-H11/sub-PHP-V14-H11_obj-1yul2it_ophys.nwb	98486504	33	15	6
sub-PHP-V15-L11/sub-PHP-V15-L11_obj-twkyv2_ophys.nwb	103037068	30	15	5
sub-AAV-CaMPARI1-C5/sub-AAV-CaMPARI1-C5_obj-1wds14g_ophys.nwb	127810388	46	22	7
sub-C2-04-01/sub-C2-04-01_ses-20240729_obj-7gp9xi_ophys.nwb	250099016	76	28	10
sub-AAV-V16-A7/sub-AAV-V16-A7_obj-1exxyop_ophys.nwb	139750336	76	28	15
sub-PHP-V14-H11/sub-PHP-V14-H11_obj-kzqyjm_ophys.nwb	90998404	37	16	6
sub-phpV15-05-L5/sub-phpV15-05-L5_obj-1o8ulua_ophys.nwb	284139180	62	26	8
sub-PHP-V15-L23/sub-PHP-V15-L23_obj-1e5z5sk_ophys.nwb	98282952	41	17	7
sub-AAV-CaMPARI1-C9/sub-AAV-CaMPARI1-C9_obj-1iymhsf_ophys.nwb	86714780	62	20	14
sub-C2-04-03/sub-C2-04-03_obj-l4rgaj_ophys.nwb	281163264	124	36	20
sub-phpV9-10/sub-phpV9-10_ses-20230802_obj-xoq3h2_ophys.nwb	14303850778	835	39	24
sub-PHP-CaMPARI1-M5/sub-PHP-CaMPARI1-M5_obj-zhvasx_ophys.nwb	123153464	89	29	19
sub-C1-AAV1blind-03/sub-C1-AAV1blind-03_ses-20240916_obj-1hx3sow_ophys.nwb	250912532	52	26	7
sub-PHP-CaMPARI1-M6/sub-PHP-CaMPARI1-M6_obj-1cqmvfz_ophys.nwb	91804688	31	13	6
sub-phpV12-1/sub-phpV12-1_ses-20230413_obj-u02hea_ophys.nwb	38055401696	1945	51	28
sub-phpV9-4/sub-phpV9-4_ses-20230425_obj-64pvuv_ophys.nwb	10692105198	585	46	24
sub-phpV13-4/sub-phpV13-4_ses-20230918_obj-amva8f_ophys.nwb	5555266421	380	37	24
sub-phpV15-03-L3/sub-phpV15-03-L3_obj-iq3chk_ophys.nwb	168101812	88	26	16
sub-phpV15-03-L3/sub-phpV15-03-L3_obj-1cnwfx_ophys.nwb	163605748	60	22	8
sub-C1-AAV1blind-02/sub-C1-AAV1blind-02_ses-20240916_obj-wt0qch_ophys.nwb	225785164	51	25	7
sub-AAV-V15-D7/sub-AAV-V15-D7_obj-78ohcm_ophys.nwb	88989804	44	17	8
sub-AAV-V15-D7/sub-AAV-V15-D7_obj-3tvasj_ophys.nwb	91903516	32	14	6
sub-phpV17-3/sub-phpV17-3_ses-20230926_obj-y2d4k3_ophys.nwb	6748510651	477	42	20
sub-PHP-V14-H11/sub-PHP-V14-H11_obj-1muk63i_ophys.nwb	101581992	82	25	18
sub-phpV8-3/sub-phpV8-3_ses-20230413_obj-oaeyp8_ophys.nwb	8635444989	573	44	26
sub-PHP-CaMPARI1-M6/sub-PHP-CaMPARI1-M6_obj-im86n3_ophys.nwb	77254912	37	13	7
sub-phpV15-04-L4/sub-phpV15-04-L4_obj-v505ir_ophys.nwb	218781736	45	23	6
sub-AAV-CaMPARI1-C8/sub-AAV-CaMPARI1-C8_obj-1f9cj8w_ophys.nwb	84987912	71	23	15
sub-phpV8-5/sub-phpV8-5_ses-20230510_obj-166qb42_ophys.nwb	46750885976	2170	40	21
sub-phpV14-03-H5/sub-phpV14-03-H5_ses-20241118_obj-dtwgpv_ophys.nwb	171770896	114	32	18
sub-C1-04-03/sub-C1-04-03_ses-20240619_obj-swmq60_ophys.nwb	169333656	46	20	7
sub-AAV-V16-A8/sub-AAV-V16-A8_obj-1r9ot3q_ophys.nwb	101001728	42	18	7
sub-PHP-V16-K7/sub-PHP-V16-K7_obj-1h761tt_ophys.nwb	67731036	29	11	6
sub-phpV12-9/sub-phpV12-9_ses-20230708_obj-1uqox99_ophys.nwb	7349104004	465	39	24
sub-phpV11-1/sub-phpV11-1_ses-20230419_obj-1j2cs5a_ophys.nwb	11141128768	594	43	23
sub-C1-04-03/sub-C1-04-03_ses-20240619_obj-184i5ww_ophys.nwb	161202680	64	22	9
sub-AAV-V16-A7/sub-AAV-V16-A7_obj-wvbo9j_ophys.nwb	96312664	79	25	17
sub-AAV-V15-D5/sub-AAV-V15-D5_obj-4xew67_ophys.nwb	100770164	42	18	7
sub-phpV9-13/sub-phpV9-13_ses-20230822_obj-10y77a_ophys.nwb	18210605908	1071	47	27
sub-phpV15-blind-02/sub-phpV15-blind-02_obj-1e9gxhe_ophys.nwb	287628840	65	25	9
sub-PHP-V15-L13/sub-PHP-V15-L13_obj-za9fo5_ophys.nwb	83343628	43	16	7
sub-phpV15-05-L5/sub-phpV15-05-L5_obj-1g7fa0o_ophys.nwb	219819788	103	33	16
sub-mouse3-DC1-1L-C2-1R-3 Right/sub-mouse3-DC1-1L-C2-1R-3 Right_obj-13tfg1g_ophys.nwb	33888415128	1898	44	31
sub-AAV-V14-B6/sub-AAV-V14-B6_obj-h19vrr_ophys.nwb	75912564	39	15	7
sub-AAV-CaMPARI1-C9/sub-AAV-CaMPARI1-C9_obj-ocxjn1_ophys.nwb	82216860	39	15	7
sub-phpV14-03-H5/sub-phpV14-03-H5_ses-20241118_obj-17htqrt_ophys.nwb	171641236	59	21	9
sub-C2-04-02/sub-C2-04-02_obj-4c6nhk_ophys.nwb	217173144	60	26	8
sub-phpV15-03-L3/sub-phpV15-03-L3_obj-1j4qa3f_ophys.nwb	176840588	52	16	8
sub-phpV14-03-H5/sub-phpV14-03-H5_ses-20241118_obj-1kuknib_ophys.nwb	149936976	63	21	9
sub-C1-04-02/sub-C1-04-02_ses-20240618_obj-1dfyqc1_ophys.nwb	205560780	60	26	8
sub-phpV12-1/sub-phpV12-1_ses-20230413_obj-39aeyi_ophys.nwb	15427853954	918	41	24
sub-phpV9-6/sub-phpV9-6_ses-20230502_obj-1d3yc4d_ophys.nwb	31147138984	1694	42	25
sub-phpV14-1/sub-phpV14-1_ses-20230809_obj-12p8agp_ophys.nwb	14449454498	929	40	24
sub-phpV8-3/sub-phpV8-3_ses-20230413_obj-befjxk_ophys.nwb	9627580685	629	48	27
sub-phpV12-3/sub-phpV12-3_ses-20230510_obj-z2fk48_ophys.nwb	13603251694	710	44	27
sub-C2-04-02/sub-C2-04-02_obj-18fdcer_ophys.nwb	211914672	58	24	8
sub-mouse5-undDC1-1L-C2-1R-5 Right/sub-mouse5-undDC1-1L-C2-1R-5 Right_obj-1e7v34_ophys.nwb	32359182932	1653	42	30
sub-phpV13-1/sub-phpV13-1_ses-20230808_obj-nczfx9_ophys.nwb	18660928158	784	41	25
sub-C2-04-02/sub-C2-04-02_obj-13otfw6_ophys.nwb	208575988	48	22	7
sub-phpV16-2/sub-phpV16-2_ses-20230906_obj-uw9uk3_ophys.nwb	5083052500	354	45	22
sub-AAV-V14-B6/sub-AAV-V14-B6_obj-ng1g7c_ophys.nwb	108108048	40	16	7
sub-PHP-V14-H11/sub-PHP-V14-H11_obj-1or8xi9_ophys.nwb	89540152	70	22	16
sub-phpV13-4/sub-phpV13-4_ses-20230918_obj-1ggerdd_ophys.nwb	36497461802	1836	41	21
sub-C1-AAV1blind-02/sub-C1-AAV1blind-02_ses-20240916_obj-1vppfy6_ophys.nwb	246006196	67	29	9
sub-phpV9-3/sub-phpV9-3_ses-20230424_obj-17p45mn_ophys.nwb	28592182208	1033	40	27
sub-PHP-V14-H11/sub-PHP-V14-H11_obj-142djdn_ophys.nwb	98761648	86	26	17
sub-phpV9-10/sub-phpV9-10_ses-20230802_obj-1e8bosa_ophys.nwb	12763896020	668	36	22
sub-phpV10-4/sub-phpV10-4_ses-20230420_obj-vzc94n_ophys.nwb	24864078808	1176	45	27
sub-phpV14-03-H5/sub-phpV14-03-H5_ses-20241118_obj-f08fml_ophys.nwb	145252456	43	17	7
sub-mouse4-DC1-1L-C2-1R-4 Right/sub-mouse4-DC1-1L-C2-1R-4 Right_obj-ybnn5r_ophys.nwb	18890221268	1308	39	28
sub-phpV15-04-L4/sub-phpV15-04-L4_obj-1kap5q4_ophys.nwb	189578972	40	18	6
sub-PHP-V15-L13/sub-PHP-V15-L13_obj-8mp0eh_ophys.nwb	71747184	26	11	5
sub-phpV15-3/sub-phpV15-3_ses-20230924_obj-ddqzkc_ophys.nwb	4947861192	331	40	20
sub-CaMPARI1-A146L-C150T-C202T/sub-CaMPARI1-A146L-C150T-C202T_ses-flourescence-recording_ophys.nwb	72328384	561	203	117
sub-phpV12-4/sub-phpV12-4_ses-20230510_obj-kv6fhz_ophys.nwb	44490668818	1929	36	18
sub-phpV13-3/sub-phpV13-3_ses-20230909_obj-wz4m97_ophys.nwb	3535980820	282	36	24
sub-AAV-V15-D7/sub-AAV-V15-D7_obj-y3h5m1_ophys.nwb	79538572	46	16	8
sub-AAV-CaMPARI1-C5/sub-AAV-CaMPARI1-C5_obj-hz9w9r_ophys.nwb	95821588	82	25	18
sub-phpV18-3/sub-phpV18-3_ses-20230921_obj-7ph4s2_ophys.nwb	4083153100	291	41	19
sub-PHP-V14-H11/sub-PHP-V14-H11_obj-1kkb6z9_ophys.nwb	73068956	64	19	15
sub-phpV14-blind-02/sub-phpV14-blind-02_ses-20240904_obj-1tjojea_ophys.nwb	200417492	57	23	8
sub-CaMPARI1-C150T-C202A/sub-CaMPARI1-C150T-C202A_ses-flourescence-recording_ophys.nwb	74347960	577	209	120
sub-phpV7-6/sub-phpV7-6_ses-20230517_obj-czrpy7_ophys.nwb	13625088904	722	46	27
sub-phpV11-1/sub-phpV11-1_ses-20230419_obj-11x13pl_ophys.nwb	20079697444	970	41	24
sub-phpV15-blind-02/sub-phpV15-blind-02_obj-1ims2z0_ophys.nwb	222831328	58	24	8
sub-AAV-CaMPARI1-C5/sub-AAV-CaMPARI1-C5_obj-6gykmu_ophys.nwb	84452264	33	15	6
sub-phpV12-3/sub-phpV12-3_ses-20230510_obj-1ujq3k3_ophys.nwb	23196200536	1211	45	25
sub-mouse3-DC1-1L-C2-1R-3 Left/sub-mouse3-DC1-1L-C2-1R-3 Left_obj-1tlpv13_ophys.nwb	9359788197	877	45	29
sub-phpV9-10/sub-phpV9-10_ses-20230802_obj-ly7ihr_ophys.nwb	16897019862	809	38	22
sub-C2-04-03/sub-C2-04-03_obj-lseu88_ophys.nwb	168476844	54	20	8
sub-phpV14-01-H2/sub-phpV14-01-H2_ses-20241022_obj-1tjqtez_ophys.nwb	164280000	107	29	19
sub-PHP-V15-L23/sub-PHP-V15-L23_obj-1y9sgi0_ophys.nwb	72260932	42	15	7
sub-AAV-V16-A7/sub-AAV-V16-A7_obj-d9td9i_ophys.nwb	70170740	37	13	7
sub-AAV-V15-D5/sub-AAV-V15-D5_obj-faykyw_ophys.nwb	11003961644	816	21	16
sub-phpV14-03-H5/sub-phpV14-03-H5_ses-20241118_obj-1aefhhp_ophys.nwb	156765836	53	19	8
sub-AAV-V16-A7/sub-AAV-V16-A7_obj-12rp74g_ophys.nwb	68648176	28	10	6
sub-mouse4-DC1-1L-C2-1R-4 Right/sub-mouse4-DC1-1L-C2-1R-4 Right_obj-194069f_ophys.nwb	15475041580	1158	39	28
sub-PHP-V15-L11/sub-PHP-V15-L11_obj-nqm8i_ophys.nwb	98343608	68	23	15
sub-phpV11-1/sub-phpV11-1_ses-20230419_obj-yhae5s_ophys.nwb	20089319248	962	37	23
sub-phpV15-03-L3/sub-phpV15-03-L3_obj-1iicljq_ophys.nwb	163359744	51	15	8
sub-mouse12-C2hSynL-C2CAGR-3 C2hSynL 17-5degrees/sub-mouse12-C2hSynL-C2CAGR-3 C2hSynL 17-5degrees_obj-1p1znpv_ophys.nwb	8781342381	817	45	26
sub-phpV16-3/sub-phpV16-3_ses-20230918_obj-1ngbkex_ophys.nwb	3213975720	240	35	18
sub-phpV8-4/sub-phpV8-4_ses-20230502_obj-gp9ihg_ophys.nwb	8242400664	497	51	27
sub-AAV-V16-A8/sub-AAV-V16-A8_obj-1inm6xz_ophys.nwb	91711640	77	23	16
sub-AAV-V15-D5/sub-AAV-V15-D5_obj-5h60u5_ophys.nwb	84959668	31	13	6
sub-AAV-CaMPARI1-C5/sub-AAV-CaMPARI1-C5_obj-189lnf4_ophys.nwb	142076928	83	29	17
sub-phpV7-4/sub-phpV7-4_ses-20230428_obj-m0oyow_ophys.nwb	18026519072	889	48	25
sub-phpV15-04-L4/sub-phpV15-04-L4_obj-1yxlmeg_ophys.nwb	188263360	93	27	16
sub-phpV9-10/sub-phpV9-10_ses-20230802_obj-1tnihh1_ophys.nwb	12816589624	682	37	24
sub-phpV15-05-L5/sub-phpV15-05-L5_obj-4zl90i_ophys.nwb	166861500	39	17	6
sub-phpV15-03-L3/sub-phpV15-03-L3_obj-1svl1kz_ophys.nwb	116926152	54	16	8
sub-C1-04-01/sub-C1-04-01_obj-1j4qmvj_ophys.nwb	204695088	74	28	10
sub-phpV16-1/sub-phpV16-1_ses-20230827_obj-i2k2is_ophys.nwb	36332608178	1806	39	18
sub-AAV-V16-A7/sub-AAV-V16-A7_obj-zeneq7_ophys.nwb	48767064	27	9	6
sub-phpV17-2/sub-phpV17-2_ses-20230910_obj-enyi0l_ophys.nwb	4000824299	278	31	18
sub-AAV-CaMPARI1-C8/sub-AAV-CaMPARI1-C8_obj-rbdb5a_ophys.nwb	59601072	35	11	7
sub-AAV-V15-D7/sub-AAV-V15-D7_obj-1p3o5py_ophys.nwb	55795140	27	9	6
sub-phpV18-1/sub-phpV18-1_ses-20230904_obj-5v21g6_ophys.nwb	43715546378	2147	37	19
sub-phpV12-2/sub-phpV12-2_ses-20230417_obj-17i134m_ophys.nwb	23317393912	1208	40	24
sub-phpV7-6/sub-phpV7-6_ses-20230517_obj-1h3z6ta_ophys.nwb	3583729760	266	66	27
sub-phpV12-4/sub-phpV12-4_ses-20230511_obj-1qmnn9o_ophys.nwb	14918833730	689	37	26
sub-AAV-CaMPARI1-C5/sub-AAV-CaMPARI1-C5_obj-k7evo5_ophys.nwb	80284904	81	21	18
sub-AAV-V15-D7/sub-AAV-V15-D7_obj-82wyjo_ophys.nwb	83621200	38	14	7
sub-phpV14-blind-03/sub-phpV14-blind-03_ses-20240910_obj-jxry51_ophys.nwb	227083464	117	33	21
sub-phpV9-10/sub-phpV9-10_ses-20230802_obj-1hhjc4m_ophys.nwb	12802555672	674	37	22
sub-PHP-V15-L23/sub-PHP-V15-L23_obj-bohane_ophys.nwb	50179504	23	8	5
sub-C1-AAV1blind-03/sub-C1-AAV1blind-03_ses-20240916_obj-1k9ur7s_ophys.nwb	190037300	65	23	9
sub-AAV-CaMPARI1-C9/sub-AAV-CaMPARI1-C9_obj-14m9b9n_ophys.nwb	89088160	46	16	8
sub-phpV15-04-L4/sub-phpV15-04-L4_obj-y15bqb_ophys.nwb	165878880	42	20	6
sub-AAV-V15-D6/sub-AAV-V15-D6_obj-hdev4d_ophys.nwb	81216828	63	18	15
sub-phpV14-2/sub-phpV14-2_ses-20230817_obj-em48bq_ophys.nwb	13210785516	739	33	23
sub-phpV7-7/sub-phpV7-7_ses-20230519_obj-q432xx_ophys.nwb	22350738284	1073	44	27
sub-phpV14-01-H2/sub-phpV14-01-H2_ses-20241022_obj-d8dblp_ophys.nwb	151388728	107	29	18
sub-phpV14-03-H5/sub-phpV14-03-H5_ses-20241118_obj-8rbz5b_ophys.nwb	114789012	51	17	8
sub-phpV15-2/sub-phpV15-2_ses-20230905_obj-4rphac_ophys.nwb	13433703408	746	41	19
sub-phpV14-blind-03/sub-phpV14-blind-03_ses-20240910_obj-kccigq_ophys.nwb	192887177	116	33	20
sub-phpV16-blind-01/sub-phpV16-blind-01_ses-20240909_obj-kwy6xx_ophys.nwb	239358404	58	28	7
sub-phpV14-04-H6/sub-phpV14-04-H6_ses-20241119_obj-1ma5gd9_ophys.nwb	161775716	63	21	9
sub-AAV-V15-D6/sub-AAV-V15-D6_obj-34tru9_ophys.nwb	95821860	78	24	17
sub-AAV-V14-B6/sub-AAV-V14-B6_obj-w3ovku_ophys.nwb	59701824	65	17	16
sub-phpV14-01-H2/sub-phpV14-01-H2_ses-20241022_obj-375m7q_ophys.nwb	168390584	45	19	7
sub-C1-04-03/sub-C1-04-03_ses-20240619_obj-bgueow_ophys.nwb	144109448	51	17	8
sub-C1-04-02/sub-C1-04-02_ses-20240618_obj-1eaml51_ophys.nwb	131955552	109	27	19
sub-AAV-CaMPARI1-C9/sub-AAV-CaMPARI1-C9_obj-19auzsl_ophys.nwb	63125640	43	13	8
sub-phpV12-2/sub-phpV12-2_ses-20230417_obj-1xg4ene_ophys.nwb	16539775448	716	37	25
sub-phpV14-blind-02/sub-phpV14-blind-02_ses-20240904_obj-1vdfxe4_ophys.nwb	155965264	54	20	8
sub-C1-AAV1blind-01/sub-C1-AAV1blind-01_ses-20240920_obj-1k1id0x_ophys.nwb	213344296	67	25	9
sub-PHP-V15-L11/sub-PHP-V15-L11_obj-1yjskc1_ophys.nwb	87976508	28	13	5
sub-phpV12-3/sub-phpV12-3_ses-20230510_obj-pc9u44_ophys.nwb	9549583514	562	42	24
sub-phpV16-blind-01/sub-phpV16-blind-01_ses-20240909_obj-1lbz0cd_ophys.nwb	218812936	95	29	16
sub-phpV14-04-H6/sub-phpV14-04-H6_ses-20241119_obj-i8e1x3_ophys.nwb	175076064	54	20	8
sub-AAV-V16-A8/sub-AAV-V16-A8_obj-wi103n_ophys.nwb	84881960	38	14	7
sub-PHP-CaMPARI1-M6/sub-PHP-CaMPARI1-M6_obj-180o1bt_ophys.nwb	81960528	79	22	18
sub-AAV-V16-A8/sub-AAV-V16-A8_obj-9m1t49_ophys.nwb	80940072	30	12	6
sub-AAV-V15-D5/sub-AAV-V15-D5_obj-1j2avzb_ophys.nwb	63833904	29	11	6
sub-phpV14-03-H5/sub-phpV14-03-H5_ses-20241118_obj-qhe1ee_ophys.nwb	134539368	104	26	20
sub-phpV14-01-H2/sub-phpV14-01-H2_ses-20241022_obj-1g1fcsq_ophys.nwb	102735540	49	15	8
sub-PHP-V16-K7/sub-PHP-V16-K7_obj-d3gizs_ophys.nwb	59832812	65	17	15
sub-phpV18-1/sub-phpV18-1_ses-20230904_obj-bc3gho_ophys.nwb	36870561669	1826	38	17
sub-C1-04-01/sub-C1-04-01_obj-10f1fa8_ophys.nwb	268679848	180	31	117
sub-phpV15-blind-02/sub-phpV15-blind-02_obj-ly2vp9_ophys.nwb	231374748	88	30	15
sub-C2-04-02/sub-C2-04-02_obj-18uh7n0_ophys.nwb	200482488	56	22	8
sub-phpV15-05-L5/sub-phpV15-05-L5_obj-14yo001_ophys.nwb	180935644	98	28	17
sub-CaMPARI1-Q142V-C202T/sub-CaMPARI1-Q142V-C202T_ses-flourescence-recording_ophys.nwb	76047664	589	215	125
sub-phpV12-2/sub-phpV12-2_ses-20230417_obj-1ql66y2_ophys.nwb	24696067928	1274	37	25
sub-phpV18-1/sub-phpV18-1_ses-20230904_obj-1qhrso9_ophys.nwb	6824535536	412	29	18
sub-PHP-V14-H11/sub-PHP-V14-H11_obj-1fpaveu_ophys.nwb	54884496	35	11	7
sub-phpV18-1/sub-phpV18-1_ses-20230904_obj-kxh0zo_ophys.nwb	7227600183	429	31	19
sub-phpV13-4/sub-phpV13-4_ses-20230918_obj-1lh3vpc_ophys.nwb	7235326814	456	34	24
sub-phpV14-01-H2/sub-phpV14-01-H2_ses-20241022_obj-76ba8n_ophys.nwb	159599100	118	32	20
sub-phpV7-3/sub-phpV7-3_ses-20230410_obj-1upfhf5_ophys.nwb	24388959338	851	45	25
sub-phpV12-3/sub-phpV12-3_ses-20230510_obj-3u5jnu_ophys.nwb	22974952168	1195	40	24
sub-phpV18-3/sub-phpV18-3_ses-20230921_obj-ea3nk4_ophys.nwb	2609910368	226	41	21
sub-phpV11-4/sub-phpV11-4_ses-20230508_obj-8iimej_ophys.nwb	25119453516	915	36	27
sub-AAV-V15-D7/sub-AAV-V15-D7_obj-18mzrca_ophys.nwb	94985844	78	24	17
sub-mouse2-DC1-1L-C2-1R-2/sub-mouse2-DC1-1L-C2-1R-2_obj-1748njo_ophys.nwb	68559655352	2543	45	31
sub-phpV11-1/sub-phpV11-1_ses-20230419_obj-15ndr_ophys.nwb	11676497078	502	45	25
sub-PHP-V16-K7/sub-PHP-V16-K7_obj-50esnv_ophys.nwb	44357840	29	8	6
sub-phpV15-03-L3/sub-phpV15-03-L3_obj-1rsbr7k_ophys.nwb	123518472	85	23	15
sub-phpV15-blind-02/sub-phpV15-blind-02_obj-vkc2qg_ophys.nwb	204646696	62	24	9
sub-phpV13-4/sub-phpV13-4_ses-20230918_obj-1nsykl3_ophys.nwb	11243054074	506	39	24
sub-phpV12-7/sub-phpV12-7_ses-20230531_obj-1r2gkhw_ophys.nwb	11004063378	647	34	25
sub-PHP-V15-L23/sub-PHP-V15-L23_obj-17rbu1a_ophys.nwb	49376768	23	8	5
sub-phpV9-3/sub-phpV9-3_ses-20230424_obj-c7y1c9_ophys.nwb	19255934428	949	44	24
sub-AAV-V15-D8/sub-AAV-V15-D8_obj-q3az9r_ophys.nwb	54252296	35	11	7
sub-phpV9-6/sub-phpV9-6_ses-20230502_obj-6h7j4_ophys.nwb	48025932384	2352	33	18
sub-AAV-V16-A8/sub-AAV-V16-A8_obj-qepji0_ophys.nwb	53695636	35	11	7
sub-phpV10-4/sub-phpV10-4_ses-20230420_obj-1ewggb2_ophys.nwb	28666789724	1344	41	25
sub-phpV14-03-H5/sub-phpV14-03-H5_ses-20241118_obj-161fluu_ophys.nwb	121784564	50	16	8
sub-phpV14-03-H5/sub-phpV14-03-H5_ses-20241118_obj-f0gg9f_ophys.nwb	150465488	46	14	8
sub-C1-04-03/sub-C1-04-03_ses-20240619_obj-6nt5gg_ophys.nwb	130676504	63	21	9
sub-phpV12-9/sub-phpV12-9_ses-20230708_obj-bb8yb4_ophys.nwb	5411787303	369	33	24
sub-AAV-V15-D6/sub-AAV-V15-D6_obj-1r6hwt5_ophys.nwb	97085328	75	24	16
sub-phpV12-4/sub-phpV12-4_ses-20230511_obj-1ek0gwf_ophys.nwb	14124739642	795	35	27
sub-phpV9-4/sub-phpV9-4_ses-20230425_obj-e7hyzz_ophys.nwb	9443623972	539	42	26
sub-PHP-CaMPARI1-M5/sub-PHP-CaMPARI1-M5_obj-qzynlq_ophys.nwb	55729632	27	9	6
sub-phpV15-05-L5/sub-phpV15-05-L5_obj-ktf9df_ophys.nwb	175683316	59	21	8
sub-AAV-V15-D6/sub-AAV-V15-D6_obj-1fq0t3n_ophys.nwb	60392196	47	14	9
sub-phpV14-blind-03/sub-phpV14-blind-03_ses-20240910_obj-18qvkds_ophys.nwb	114594136	39	13	7
sub-phpV16-1/sub-phpV16-1_ses-20230827_obj-1ypy8bg_ophys.nwb	3781564780	269	33	18
sub-PHP-V15-L11/sub-PHP-V15-L11_obj-6i8r2_ophys.nwb	67310828	41	14	7
sub-phpV16-1/sub-phpV16-1_ses-20230827_obj-i5r1i4_ophys.nwb	5040771941	334	34	21
sub-C1-AAV1blind-02/sub-C1-AAV1blind-02_ses-20240916_obj-41kcr6_ophys.nwb	218436408	109	31	18
sub-PHP-V14-H11/sub-PHP-V14-H11_obj-3c9ea6_ophys.nwb	56844660	73	19	16
sub-phpV14-03-H5/sub-phpV14-03-H5_ses-20241118_obj-1eibz4r_ophys.nwb	153055976	54	14	9
sub-phpV14-04-H6/sub-phpV14-04-H6_ses-20241119_obj-mqqs2i_ophys.nwb	186643436	104	30	17
sub-phpV15-4/sub-phpV15-4_ses-20230925_obj-6y3dm8_ophys.nwb	5975357329	367	30	18
sub-phpV9-13/sub-phpV9-13_ses-20230822_obj-4ft01n_ophys.nwb	15261679666	830	36	23
sub-C1-04-03/sub-C1-04-03_ses-20240619_obj-qsevmj_ophys.nwb	147384276	101	27	18
sub-AAV-V15-D5/sub-AAV-V15-D5_obj-xxtplh_ophys.nwb	67841800	45	15	8
sub-phpV14-03-H5/sub-phpV14-03-H5_ses-20241118_obj-qc38h7_ophys.nwb	118394176	38	12	7
sub-AAV-V16-A7/sub-AAV-V16-A7_obj-j3ylgj_ophys.nwb	61566312	35	11	7
sub-mouse12-C2hSynL-C2CAGR-3 C2hSynL 17-5degrees/sub-mouse12-C2hSynL-C2CAGR-3 C2hSynL 17-5degrees_obj-17w3r04_ophys.nwb	24010363416	1308	46	29
sub-PHP-V15-L11/sub-PHP-V15-L11_obj-1hk99or_ophys.nwb	101138540	68	23	14
sub-phpV18-3/sub-phpV18-3_ses-20230921_obj-16i06nn_ophys.nwb	4259906375	292	34	18
sub-phpV15-3/sub-phpV15-3_ses-20230924_obj-1vi3o1w_ophys.nwb	9455603203	427	36	20
sub-PHP-V15-L23/sub-PHP-V15-L23_obj-1gy0yf4_ophys.nwb	52160872	23	8	5
sub-phpV10-4/sub-phpV10-4_ses-20230420_obj-15ivtr4_ophys.nwb	32617228080	1521	46	28
sub-C1-AAV1blind-01/sub-C1-AAV1blind-01_ses-20240920_obj-wjzq2_ophys.nwb	202364108	105	31	18
sub-phpV15-04-L4/sub-phpV15-04-L4_obj-11bc18x_ophys.nwb	172880276	60	22	8
sub-PHP-V14-H11/sub-PHP-V14-H11_obj-cv9he3_ophys.nwb	70364496	81	21	19
sub-AAV-CaMPARI1-C9/sub-AAV-CaMPARI1-C9_obj-13nff9q_ophys.nwb	55776420	27	9	6
sub-C2-04-02/sub-C2-04-02_obj-1a3hlgg_ophys.nwb	168872116	45	19	7
sub-phpV15-03-L3/sub-phpV15-03-L3_obj-1eqyl6b_ophys.nwb	161667112	93	21	17
sub-phpV16-1/sub-phpV16-1_ses-20230827_obj-1gdoduh_ophys.nwb	5399428727	362	36	21
sub-PHP-V15-L13/sub-PHP-V15-L13_obj-zxzyhk_ophys.nwb	54486392	23	8	5
sub-phpV18-3/sub-phpV18-3_ses-20230921_obj-jsdehj_ophys.nwb	3575432392	268	36	19
sub-phpV15-4/sub-phpV15-4_ses-20230925_obj-8bvjcg_ophys.nwb	3909637163	274	27	18
sub-phpV9-3/sub-phpV9-3_ses-20230424_obj-e59fyt_ophys.nwb	17093055430	840	39	23
sub-phpV14-3/sub-phpV14-3_ses-20230914_obj-102e8g8_ophys.nwb	3268315816	263	35	23
sub-AAV-CaMPARI1-C9/sub-AAV-CaMPARI1-C9_obj-k26x3y_ophys.nwb	73199832	75	21	16
sub-phpV17-2/sub-phpV17-2_ses-20230910_obj-15yvykn_ophys.nwb	51112051509	2188	45	30
sub-phpV14-blind-03/sub-phpV14-blind-03_ses-20240910_obj-f2rbf_ophys.nwb	150192360	70	20	10
sub-AAV-V16-A8/sub-AAV-V16-A8_obj-16rq4qp_ophys.nwb	62766080	43	13	8
sub-phpV14-3/sub-phpV14-3_ses-20230914_obj-1nfvghe_ophys.nwb	6436389905	419	33	24
sub-PHP-V16-K7/sub-PHP-V16-K7_obj-1581xsr_ophys.nwb	55067712	41	11	8
sub-phpV15-03-L3/sub-phpV15-03-L3_obj-iny1xp_ophys.nwb	123749560	97	23	17
sub-PHP-CaMPARI1-M5/sub-PHP-CaMPARI1-M5_obj-wbfxul_ophys.nwb	57897864	35	11	7
sub-phpV14-4/sub-phpV14-4_ses-20230921_obj-ltewx0_ophys.nwb	7432000135	448	28	21
sub-phpV14-03-H5/sub-phpV14-03-H5_ses-20241118_obj-1iy512o_ophys.nwb	172891096	57	17	9
sub-PHP-V14-H11/sub-PHP-V14-H11_obj-1pyjg1u_ophys.nwb	59263428	61	16	15
sub-phpV7-4/sub-phpV7-4_ses-20230428_obj-v57wvr_ophys.nwb	20664165484	1019	47	27
sub-phpV17-1/sub-phpV17-1_ses-20230828_obj-3ns0rj_ophys.nwb	36254416113	1794	33	17
sub-AAV-CaMPARI1-C5/sub-AAV-CaMPARI1-C5_obj-1fudcgf_ophys.nwb	59876032	43	13	8
sub-phpV15-2/sub-phpV15-2_ses-20230905_obj-wlnfnb_ophys.nwb	12282292772	685	36	19
sub-phpV17-1/sub-phpV17-1_ses-20230828_obj-125gh10_ophys.nwb	5540791781	351	36	17
sub-phpV14-03-H5/sub-phpV14-03-H5_ses-20241118_obj-19sokju_ophys.nwb	120031876	42	16	7
sub-AAV-CaMPARI1-C9/sub-AAV-CaMPARI1-C9_obj-13el2sr_ophys.nwb	54713160	41	11	9
sub-PHP-V14-H11/sub-PHP-V14-H11_obj-dy0wrx_ophys.nwb	44488856	29	8	6
sub-C1-AAV1blind-01/sub-C1-AAV1blind-01_ses-20240920_obj-1ts6v7y_ophys.nwb	197660180	65	23	9
sub-phpV9-13/sub-phpV9-13_ses-20230822_obj-am1yv2_ophys.nwb	16336004538	690	38	26
sub-PHP-V15-L11/sub-PHP-V15-L11_obj-tvr7o2_ophys.nwb	58809920	25	10	5
sub-phpV14-04-H6/sub-phpV14-04-H6_ses-20241119_obj-7lpdxc_ophys.nwb	191271236	59	19	9
sub-phpV15-03-L3/sub-phpV15-03-L3_obj-o6ozcs_ophys.nwb	96102568	32	10	6
sub-AAV-V15-D5/sub-AAV-V15-D5_obj-1in2ham_ophys.nwb	20870043596	1488	14	9
sub-AAV-V16-A7/sub-AAV-V16-A7_obj-1okst9p_ophys.nwb	65098668	75	21	17
sub-AAV-CaMPARI1-C8/sub-AAV-CaMPARI1-C8_obj-vry1fn_ophys.nwb	65224656	63	18	15
sub-PHP-V15-L23/sub-PHP-V15-L23_obj-1pcll26_ophys.nwb	54289868	23	8	5
sub-AAV-V16-A7/sub-AAV-V16-A7_obj-1c8ol1r_ophys.nwb	66408828	75	21	16
sub-phpV12-2/sub-phpV12-2_ses-20230417_obj-q4l8ib_ophys.nwb	46070962786	2286	36	22
sub-phpV14-1/sub-phpV14-1_ses-20230809_obj-bk0eq8_ophys.nwb	43263604061	2194	49	29
sub-C2-04-03/sub-C2-04-03_obj-3sgp3l_ophys.nwb	191742156	59	19	9
sub-AAV-V14-B5/sub-AAV-V14-B5_ophys.nwb	49005436	34	10	7
sub-PHP-V16-K7/sub-PHP-V16-K7_obj-mmjana_ophys.nwb	43722920	25	7	6
sub-phpV14-blind-02/sub-phpV14-blind-02_ses-20240904_obj-p2ord6_ophys.nwb	200368940	117	35	20
sub-AAV-V15-D7/sub-AAV-V15-D7_obj-89kzqd_ophys.nwb	59201556	27	9	6
sub-C1-AAV1blind-01/sub-C1-AAV1blind-01_ses-20240920_obj-4aqkrg_ophys.nwb	188205300	54	20	8
sub-phpV16-3/sub-phpV16-3_ses-20230918_obj-1qlypri_ophys.nwb	5055667252	265	31	19
sub-phpV14-04-H6/sub-phpV14-04-H6_ses-20241119_obj-x3x7i1_ophys.nwb	180793576	84	26	15
sub-C1-AAV1blind-03/sub-C1-AAV1blind-03_ses-20240916_obj-1137ll5_ophys.nwb	212377752	57	23	8
sub-PHP-V15-L13/sub-PHP-V15-L13_obj-1o4k038_ophys.nwb	80357420	31	13	6
sub-phpV16-blind-02/sub-phpV16-blind-02_ses-20240909_obj-1hd525t_ophys.nwb	184980880	104	30	17
sub-phpV10-4/sub-phpV10-4_ses-20230420_obj-1chlfru_ophys.nwb	37529362771	2083	34	19
sub-phpV14-blind-03/sub-phpV14-blind-03_ses-20240910_obj-ucxi35_ophys.nwb	156636188	115	29	20
sub-phpV14-2/sub-phpV14-2_ses-20230817_obj-dsyzh3_ophys.nwb	10919698872	629	31	22
sub-C1-04-02/sub-C1-04-02_ses-20240618_obj-vt61ht_ophys.nwb	124373852	60	18	9
sub-AAV-CaMPARI1-C5/sub-AAV-CaMPARI1-C5_obj-10p0nec_ophys.nwb	130996502	101	19	53
sub-phpV14-03-H5/sub-phpV14-03-H5_ses-20241118_obj-1hy8gqr_ophys.nwb	108928968	59	17	9
sub-phpV15-04-L4/sub-phpV15-04-L4_obj-n4o5bx_ophys.nwb	137200180	36	14	6
sub-phpV7-6/sub-phpV7-6_ses-20230517_obj-kyfg7q_ophys.nwb	11755661720	626	39	25
sub-phpV9-13/sub-phpV9-13_ses-20230822_obj-1tz06dm_ophys.nwb	12944236194	742	37	26
sub-phpV9-3/sub-phpV9-3_ses-20230424_obj-cskbmj_ophys.nwb	20062249672	977	40	24
sub-AAV-V16-A8/sub-AAV-V16-A8_obj-m5i7gj_ophys.nwb	75055428	71	20	16
sub-AAV-V16-A8/sub-AAV-V16-A8_obj-stj84j_ophys.nwb	62579176	55	16	10
sub-phpV9-3/sub-phpV9-3_ses-20230424_obj-jxii99_ophys.nwb	22053609304	902	39	25
sub-AAV-V15-D5/sub-AAV-V15-D5_obj-1ywh9de_ophys.nwb	64799436	37	13	7
sub-C2-AAV1blind-03/sub-C2-AAV1blind-03_ses-20240904_obj-n52c0b_ophys.nwb	236217892	106	32	18
sub-phpV14-4/sub-phpV14-4_ses-20230921_obj-vmgeu0_ophys.nwb	9402683556	541	31	21
sub-AAV-V15-D7/sub-AAV-V15-D7_obj-1dgedtv_ophys.nwb	80906472	30	12	6
sub-C2-04-03/sub-C2-04-03_obj-1epcoi8_ophys.nwb	183007960	48	16	8
sub-AAV-V16-A8/sub-AAV-V16-A8_obj-6kpp81_ophys.nwb	59310840	27	9	6
sub-AAV-V15-D7/sub-AAV-V15-D7_obj-1nv0ot_ophys.nwb	55431440	35	11	7
sub-phpV14-03-H5/sub-phpV14-03-H5_ses-20241118_obj-2jm8ak_ophys.nwb	164126828	56	16	9
sub-phpV8-3/sub-phpV8-3_ses-20230413_obj-xe584u_ophys.nwb	16635476470	825	37	24
sub-phpV15-04-L4/sub-phpV15-04-L4_obj-rkjpxa_ophys.nwb	184862396	43	21	6
sub-AAV-V15-D6/sub-AAV-V15-D6_obj-6fr9au_ophys.nwb	68365864	44	14	8
sub-AAV-V16-A7/sub-AAV-V16-A7_obj-ajdmdl_ophys.nwb	55252356	27	9	6
sub-AAV-V15-D5/sub-AAV-V15-D5_obj-1jdzeyn_ophys.nwb	89069568	67	22	15
sub-phpV12-1/sub-phpV12-1_ses-20230413_obj-1is2dn2_ophys.nwb	17676405872	758	39	28
sub-AAV-V16-A7/sub-AAV-V16-A7_obj-19xomx2_ophys.nwb	82329568	34	13	7
sub-phpV14-03-H5/sub-phpV14-03-H5_ses-20241118_obj-1c69b2c_ophys.nwb	110006984	51	16	9
sub-PHP-V14-H11/sub-PHP-V14-H11_obj-1xzs88t_ophys.nwb	70057116	79	22	18
sub-phpV14-2/sub-phpV14-2_ses-20230817_obj-si6jb3_ophys.nwb	16913055574	918	33	27
sub-phpV14-03-H5/sub-phpV14-03-H5_ses-20241118_obj-7uhm4d_ophys.nwb	161834048	56	16	9
sub-AAV-V15-D6/sub-AAV-V15-D6_obj-153t97t_ophys.nwb	65562300	37	13	7
sub-phpV10-7/sub-phpV10-7_ses-20230522_obj-y4fv8_ophys.nwb	25726747132	1006	42	28
sub-phpV10-6/sub-phpV10-6_ses-20230515_obj-miud6g_ophys.nwb	23808839568	1142	48	29
sub-PHP-V14-H11/sub-PHP-V14-H11_obj-6fjnyy_ophys.nwb	42301904	21	6	5
sub-CaMPARI1-Q142V-A146L-C150T/sub-CaMPARI1-Q142V-A146L-C150T_ses-flourescence-recording_ophys.nwb	73214824	567	207	118
sub-PHP-V14-H11/sub-PHP-V14-H11_obj-okr1ne_ophys.nwb	58542812	62	17	15
sub-AAV-CaMPARI1-C5/sub-AAV-CaMPARI1-C5_obj-42mre8_ophys.nwb	137335852	89	32	17
sub-AAV-V15-D8/sub-AAV-V15-D8_obj-1b4e2rl_ophys.nwb	55402092	27	9	6
sub-AAV-V15-D5/sub-AAV-V15-D5_obj-5xxzyr_ophys.nwb	69538196	60	18	14
sub-PHP-V15-L13/sub-PHP-V15-L13_obj-1h3srxj_ophys.nwb	85013516	43	16	7
sub-AAV-V15-D5/sub-AAV-V15-D5_obj-ftswxc_ophys.nwb	71982084	37	13	8
sub-phpV14-04-H6/sub-phpV14-04-H6_ses-20241119_obj-ij38zb_ophys.nwb	174408356	98	28	17
sub-CaMPARI2/sub-CaMPARI2_ses-flourescence-recording_ophys.nwb	72894952	564	206	117
sub-AAV-V16-A8/sub-AAV-V16-A8_obj-wau3lh_ophys.nwb	79646812	67	19	16
sub-PHP-V16-K7/sub-PHP-V16-K7_obj-n25ldd_ophys.nwb	52375004	37	10	7
sub-CaMPARI1-Q142V-C150T/sub-CaMPARI1-Q142V-C150T_ses-flourescence-recording_ophys.nwb	72328384	561	203	117
sub-phpV14-2/sub-phpV14-2_ses-20230817_obj-8e01kh_ophys.nwb	12435256680	695	35	24
sub-AAV-CaMPARI1-C9/sub-AAV-CaMPARI1-C9_obj-rgotsh_ophys.nwb	71931660	71	20	17
sub-PHP-V15-L11/sub-PHP-V15-L11_obj-uuyaa4_ophys.nwb	53831312	24	9	5
sub-PHP-V15-L23/sub-PHP-V15-L23_obj-8hhnuk_ophys.nwb	75468160	59	17	14
sub-AAV-CaMPARI1-C5/sub-AAV-CaMPARI1-C5_obj-l12d9o_ophys.nwb	63911320	43	13	8
sub-C1-AAV1blind-01/sub-C1-AAV1blind-01_ses-20240920_obj-1h0qapd_ophys.nwb	166565932	43	17	7
sub-C2-04-01/sub-C2-04-01_ses-20240729_obj-w9du6z_ophys.nwb	199682508	55	21	8
sub-AAV-CaMPARI1-C5/sub-AAV-CaMPARI1-C5_obj-1oppzbb_ophys.nwb	61435296	35	11	7
sub-C1-04-03/sub-C1-04-03_ses-20240619_obj-1cgdpt9_ophys.nwb	113573392	39	13	7
sub-phpV15-3/sub-phpV15-3_ses-20230924_obj-g2rrs9_ophys.nwb	6099205043	377	31	18
sub-PHP-V14-H11/sub-PHP-V14-H11_obj-gkabpp_ophys.nwb	53070404	31	10	6
sub-AAV-V15-D6/sub-AAV-V15-D6_obj-s0558v_ophys.nwb	51751788	27	9	6
sub-phpV14-04-H6/sub-phpV14-04-H6_ses-20241119_obj-1xhp44a_ophys.nwb	226717768	51	20	8
sub-phpV17-3/sub-phpV17-3_ses-20230926_obj-bpv2q9_ophys.nwb	6673399324	410	35	19
sub-PHP-V14-H11/sub-PHP-V14-H11_obj-rj8o9k_ophys.nwb	69527996	67	19	16
sub-phpV9-13/sub-phpV9-13_ses-20230822_obj-a3906o_ophys.nwb	12193201958	519	37	23
sub-phpV18-3/sub-phpV18-3_ses-20230921_obj-1g5az8z_ophys.nwb	7047734386	417	39	18
sub-phpV14-01-H2/sub-phpV14-01-H2_ses-20241022_obj-1t4thje_ophys.nwb	106322452	59	17	9
sub-AAV-V15-D5/sub-AAV-V15-D5_obj-1l01diq_ophys.nwb	88440120	40	16	7
sub-PHP-V15-L11/sub-PHP-V15-L11_obj-1pa6upc_ophys.nwb	80845748	85	25	19
sub-C1-04-01/sub-C1-04-01_obj-xqv1td_ophys.nwb	169593904	51	21	8
sub-phpV14-2/sub-phpV14-2_ses-20230817_obj-1dpdbh3_ophys.nwb	13179999740	743	34	23
sub-PHP-CaMPARI1-M6/sub-PHP-CaMPARI1-M6_obj-1kype9d_ophys.nwb	50273748	25	7	6
sub-phpV15-04-L4/sub-phpV15-04-L4_obj-17b1dut_ophys.nwb	195431057	54	23	8
sub-phpV14-04-H6/sub-phpV14-04-H6_ses-20241119_obj-16etwi8_ophys.nwb	207647512	50	18	8
sub-C1-04-01/sub-C1-04-01_obj-1vpthak_ophys.nwb	182154008	72	26	10
sub-PHP-V15-L23/sub-PHP-V15-L23_obj-14d54q6_ophys.nwb	51976928	27	9	6
sub-PHP-V15-L11/sub-PHP-V15-L11_obj-duxa57_ophys.nwb	65698316	48	15	8
sub-phpV12-2/sub-phpV12-2_ses-20230417_obj-hw3406_ophys.nwb	27394556892	1408	39	26
sub-C1-AAV1blind-01/sub-C1-AAV1blind-01_ses-20240920_obj-1nrexr7_ophys.nwb	203978876	56	22	8
sub-PHP-V15-L23/sub-PHP-V15-L23_obj-1c9ldps_ophys.nwb	57570296	35	11	7
sub-PHP-V14-H11/sub-PHP-V14-H11_obj-sbag5d_ophys.nwb	55856984	61	16	15
sub-phpV8-3/sub-phpV8-3_ses-20230413_obj-zexmy6_ophys.nwb	15673341564	440	41	28
sub-PHP-V16-K7/sub-PHP-V16-K7_obj-ypfbam_ophys.nwb	47158940	37	10	7
sub-AAV-V15-D7/sub-AAV-V15-D7_obj-sc913c_ophys.nwb	54776360	35	11	7
sub-PHP-V15-L13/sub-PHP-V15-L13_obj-3nbf3v_ophys.nwb	54289868	23	8	5
sub-C2-04-03/sub-C2-04-03_obj-1x7clax_ophys.nwb	138403612	99	25	18
sub-AAV-V15-D7/sub-AAV-V15-D7_obj-19b55sc_ophys.nwb	57635832	35	11	7
sub-phpV15-1/sub-phpV15-1_ses-20230826_obj-18hs4le_ophys.nwb	38250725871	1973	44	31
sub-phpV9-10/sub-phpV9-10_ses-20230802_obj-67vwu1_ophys.nwb	12041426416	643	35	23
sub-phpV14-2/sub-phpV14-2_ses-20230817_obj-2lyh8d_ophys.nwb	13550957690	751	38	23
sub-phpV15-05-L5/sub-phpV15-05-L5_obj-riso4r_ophys.nwb	235909265	70	25	10
sub-phpV7-7/sub-phpV7-7_ses-20230519_obj-1wut0ow_ophys.nwb	47986957880	2211	38	20
sub-mouse20-C1 -19degree/sub-mouse20-C1 -19degree_obj-19lqqxh_ophys.nwb	10067687730	58431	98	226
sub-C1-AAV1blind-01/sub-C1-AAV1blind-01_ses-20240920_obj-p80oo_ophys.nwb	236901696	62	22	9
sub-mouse3-DC1-1L-C2-1R-3 Left/sub-mouse3-DC1-1L-C2-1R-3 Left_obj-k1w5xv_ophys.nwb	13972993928	983	39	27
sub-phpV12-6/sub-phpV12-6_ses-20230530_obj-1cc8w4g_ophys.nwb	18428271736	750	33	24
sub-PHP-CaMPARI1-M6/sub-PHP-CaMPARI1-M6_obj-irkjak_ophys.nwb	48096852	41	11	8
sub-CaMPARI2-H396K/sub-CaMPARI2-H396K_ses-flourescence-recording_ophys.nwb	76105504	592	212	127
sub-phpV9-6/sub-phpV9-6_ses-20230502_obj-szusep_ophys.nwb	11800199012	613	38	22
sub-AAV-CaMPARI1-C9/sub-AAV-CaMPARI1-C9_obj-kdmuka_ophys.nwb	47572788	41	11	8
sub-PHP-V15-L23/sub-PHP-V15-L23_obj-14w4txf_ophys.nwb	53332436	31	10	6
sub-C1-AAV1blind-03/sub-C1-AAV1blind-03_ses-20240916_obj-1ma61yf_ophys.nwb	145893108	41	15	7
sub-C2-04-03/sub-C2-04-03_obj-tng5c9_ophys.nwb	180403100	108	30	19
sub-phpV9-10/sub-phpV9-10_ses-20230802_obj-j1bdik_ophys.nwb	12627941728	638	34	22
sub-AAV-V16-A8/sub-AAV-V16-A8_obj-5wzt00_ophys.nwb	61121936	59	17	14
sub-AAV-V15-D8/sub-AAV-V15-D8_obj-1o34nyr_ophys.nwb	58117268	35	11	7
sub-PHP-CaMPARI1-M5/sub-PHP-CaMPARI1-M5_obj-1shn42w_ophys.nwb	89472672	87	24	18
sub-phpV14-blind-02/sub-phpV14-blind-02_ses-20240904_obj-tvk8al_ophys.nwb	182096980	66	24	9
sub-phpV15-04-L4/sub-phpV15-04-L4_obj-1xcyk6b_ophys.nwb	274294728	79	27	10
sub-phpV15-1/sub-phpV15-1_ses-20230826_obj-1mu3r6h_ophys.nwb	43664796957	2159	41	20
sub-phpV8-5/sub-phpV8-5_ses-20230510_obj-1fbt044_ophys.nwb	16310967468	832	37	29
sub-phpV12-4/sub-phpV12-4_ses-20230511_obj-16kig7u_ophys.nwb	10800363892	637	38	25
sub-phpV17-3/sub-phpV17-3_ses-20230926_obj-pxkdha_ophys.nwb	7177801006	336	34	18
sub-phpV8-3/sub-phpV8-3_ses-20230413_obj-849kky_ophys.nwb	17704444102	903	48	30
sub-PHP-V15-L11/sub-PHP-V15-L11_obj-2fkl64_ophys.nwb	54289868	24	9	5
sub-phpV7-7/sub-phpV7-7_ses-20230519_obj-443qxy_ophys.nwb	13881287052	732	38	25
sub-phpV12-1/sub-phpV12-1_ses-20230413_obj-1i5odis_ophys.nwb	6619153361	408	42	23
sub-phpV15-4/sub-phpV15-4_ses-20230925_obj-1sx521j_ophys.nwb	3717806820	266	33	18
sub-C2-04-02/sub-C2-04-02_obj-1efw7l_ophys.nwb	152484920	62	20	9
sub-C1-04-03/sub-C1-04-03_ses-20240619_obj-vpt4gw_ophys.nwb	177951032	96	24	17
sub-phpV15-1/sub-phpV15-1_ses-20230826_obj-17g1sph_ophys.nwb	14095195874	772	30	22
sub-C2-04-02/sub-C2-04-02_obj-cc68s4_ophys.nwb	183890020	103	29	18
sub-C2-04-02/sub-C2-04-02_obj-dezvgn_ophys.nwb	215426312	99	33	17
sub-CaMPARI1-A146L-C202T/sub-CaMPARI1-A146L-C202T_ses-flourescence-recording_ophys.nwb	73461520	570	206	119
sub-phpV15-05-L5/sub-phpV15-05-L5_obj-16gr5ou_ophys.nwb	142375312	36	14	6
sub-phpV15-4/sub-phpV15-4_ses-20230925_obj-cmwu6g_ophys.nwb	3932444847	269	26	17
sub-phpV14-03-H5/sub-phpV14-03-H5_ses-20241118_obj-199670g_ophys.nwb	124041668	41	15	7
sub-C1-04-02/sub-C1-04-02_ses-20240618_obj-1xehbzh_ophys.nwb	143978716	45	19	7
sub-PHP-V14-H11/sub-PHP-V14-H11_obj-u5cg1z_ophys.nwb	65355644	61	16	15
sub-AAV-V15-D5/sub-AAV-V15-D5_obj-1t5mhbd_ophys.nwb	89815560	32	14	6
sub-C1-AAV1blind-03/sub-C1-AAV1blind-03_ses-20240916_obj-1hs6o6p_ophys.nwb	165256652	111	29	18
sub-PHP-V15-L13/sub-PHP-V15-L13_obj-1otu900_ophys.nwb	58069172	28	10	6
sub-C2-04-01/sub-C2-04-01_ses-20240729_obj-1013hn9_ophys.nwb	201233068	46	20	7
sub-mouse1-DC1-1L-C2-1R-1 Left/sub-mouse1-DC1-1L-C2-1R-1 Left_obj-2sze6j_ophys.nwb	16509581240	1003	47	29
sub-phpV9-6/sub-phpV9-6_ses-20230502_obj-1v361nw_ophys.nwb	11733369908	630	39	26
sub-phpV14-03-H5/sub-phpV14-03-H5_ses-20241118_obj-1ei35zb_ophys.nwb	150495712	105	27	18
sub-AAV-V15-D5/sub-AAV-V15-D5_obj-1q3vuyz_ophys.nwb	124889332	85	28	17
sub-AAV-V15-D6/sub-AAV-V15-D6_obj-xvxzdd_ophys.nwb	56301124	31	10	7
sub-CaMPARI1-C150T-F198Y/sub-CaMPARI1-C150T-F198Y_ses-flourescence-recording_ophys.nwb	72517240	564	202	118
sub-AAV-V14-B6/sub-AAV-V14-B6_obj-1wnqp4v_ophys.nwb	74819040	83	23	19
sub-phpV14-01-H2/sub-phpV14-01-H2_ses-20241022_obj-hqg5l2_ophys.nwb	129349320	109	27	20
sub-AAV-V15-D6/sub-AAV-V15-D6_obj-1rwn4y4_ophys.nwb	55383372	27	9	6
sub-C2-04-02/sub-C2-04-02_obj-7bno8n_ophys.nwb	248552064	67	27	9
sub-phpV18-3/sub-phpV18-3_ses-20230921_obj-17clknw_ophys.nwb	4028075627	288	41	18
sub-phpV17-1/sub-phpV17-1_ses-20230828_obj-ksuvqz_ophys.nwb	5012882984	269	29	18
sub-phpV9-3/sub-phpV9-3_ses-20230424_obj-2j2mor_ophys.nwb	17217969236	732	40	27
sub-phpV15-blind-02/sub-phpV15-blind-02_obj-1s2p6zs_ophys.nwb	233882444	113	35	20
sub-C2-04-02/sub-C2-04-02_obj-1lxz7yf_ophys.nwb	198554328	100	30	17
sub-AAV-V14-B6/sub-AAV-V14-B6_obj-1fgm1tw_ophys.nwb	51649416	26	8	6
sub-PHP-V15-L23/sub-PHP-V15-L23_obj-ewnadi_ophys.nwb	61374788	47	14	8
sub-AAV-CaMPARI1-C8/sub-AAV-CaMPARI1-C8_obj-itsy9k_ophys.nwb	60976740	35	11	7
sub-phpV9-13/sub-phpV9-13_ses-20230822_obj-1yyp0eq_ophys.nwb	9337346550	508	32	22
sub-phpV14-04-H6/sub-phpV14-04-H6_ses-20241119_obj-cl0gv4_ophys.nwb	165974856	54	20	8
sub-phpV15-4/sub-phpV15-4_ses-20230925_obj-yuyqbr_ophys.nwb	5133151239	327	29	17
sub-phpV14-04-H6/sub-phpV14-04-H6_ses-20241119_obj-1d7ynvt_ophys.nwb	176024184	88	26	16
sub-phpV14-04-H6/sub-phpV14-04-H6_ses-20241119_obj-5ghqus_ophys.nwb	149758704	42	16	7
sub-PHP-V15-L23/sub-PHP-V15-L23_obj-1buh8l3_ophys.nwb	53091204	31	10	6
sub-AAV-V16-A7/sub-AAV-V16-A7_obj-24fd0_ophys.nwb	59070540	27	9	6
sub-phpV11-1/sub-phpV11-1_ses-20230419_obj-1qr4rj0_ophys.nwb	22010980988	1043	41	23
sub-phpV15-3/sub-phpV15-3_ses-20230924_obj-1j4l7jr_ophys.nwb	3699658008	271	27	20
sub-phpV14-blind-03/sub-phpV14-blind-03_ses-20240910_obj-1t98cfn_ophys.nwb	135016556	52	18	8
sub-phpV11-4/sub-phpV11-4_ses-20230508_obj-1p1ero7_ophys.nwb	44007801973	2163	35	19
sub-C2-04-03/sub-C2-04-03_obj-70fev5_ophys.nwb	177912220	44	18	7
sub-AAV-V15-D6/sub-AAV-V15-D6_obj-5me6mx_ophys.nwb	84312888	30	12	6
sub-C1-04-03/sub-C1-04-03_ses-20240619_obj-l25a1k_ophys.nwb	179227656	98	28	17
sub-phpV9-6/sub-phpV9-6_ses-20230502_obj-xu8kn2_ophys.nwb	41946909092	2068	36	18
sub-phpV12-9/sub-phpV12-9_ses-20230708_obj-pb3gtt_ophys.nwb	9434554820	554	37	24
sub-phpV14-01-H2/sub-phpV14-01-H2_ses-20241022_obj-1rlrb5g_ophys.nwb	204168244	51	19	8
sub-C2-04-01/sub-C2-04-01_ses-20240729_obj-1b8r64m_ophys.nwb	164250952	44	18	7
sub-PHP-V15-L13/sub-PHP-V15-L13_obj-xj4ues_ophys.nwb	51407516	23	8	5
sub-PHP-V14-H11/sub-PHP-V14-H11_obj-93bdc6_ophys.nwb	71437784	89	23	19
sub-phpV7-3/sub-phpV7-3_ses-20230410_obj-gnc9rb_ophys.nwb	12840286678	685	43	24
sub-phpV14-04-H6/sub-phpV14-04-H6_ses-20241119_obj-1676xne_ophys.nwb	160058440	43	17	7
sub-phpV14-2/sub-phpV14-2_ses-20230817_obj-3m4guv_ophys.nwb	13513431250	750	33	24
sub-PHP-V15-L11/sub-PHP-V15-L11_obj-gudk6p_ophys.nwb	67950776	57	18	13
sub-phpV16-blind-03/sub-phpV16-blind-03_ses-20240913_obj-10kkktt_ophys.nwb	280481031	100	35	19
sub-phpV14-03-H5/sub-phpV14-03-H5_ses-20241118_obj-1hiupv2_ophys.nwb	121457024	50	16	8
sub-phpV14-01-H2/sub-phpV14-01-H2_ses-20241022_obj-1ercvjz_ophys.nwb	121613532	89	23	16
sub-AAV-V15-D6/sub-AAV-V15-D6_obj-1tidaxw_ophys.nwb	91792068	43	16	8
sub-C2-04-03/sub-C2-04-03_obj-1ivv1c2_ophys.nwb	134025160	70	20	10
sub-AAV-CaMPARI1-C9/sub-AAV-CaMPARI1-C9_obj-7ldmfg_ophys.nwb	54252296	35	11	7
sub-PHP-V15-L11/sub-PHP-V15-L11_obj-1x2lb3_ophys.nwb	65221452	45	15	8
sub-phpV10-4/sub-phpV10-4_ses-20230420_obj-1s8g8e0_ophys.nwb	16520825534	861	43	28
sub-phpV14-blind-02/sub-phpV14-blind-02_ses-20240904_obj-1z81q4_ophys.nwb	163631924	43	17	7
sub-AAV-V15-D6/sub-AAV-V15-D6_obj-dbybd9_ophys.nwb	55009044	27	9	6
sub-phpV14-01-H2/sub-phpV14-01-H2_ses-20241022_obj-sdrbf6_ophys.nwb	112264032	39	13	7
sub-phpV14-3/sub-phpV14-3_ses-20230914_obj-1k1kh8v_ophys.nwb	43441346204	2191	44	28
sub-phpV15-1/sub-phpV15-1_ses-20230826_obj-17yypvv_ophys.nwb	13537095096	739	32	20
sub-phpV14-04-H6/sub-phpV14-04-H6_ses-20241119_obj-13xulyh_ophys.nwb	200678136	114	32	20
sub-phpV15-blind-02/sub-phpV15-blind-02_obj-1onknl_ophys.nwb	228267380	63	25	9
sub-CaMPARI1-Q142V-C150T-F198Y-C202A/sub-CaMPARI1-Q142V-C150T-F198Y-C202A_ses-flourescence-recording_ophys.nwb	75916648	592	210	128
sub-phpV15-05-L5/sub-phpV15-05-L5_obj-autda6_ophys.nwb	201916349	53	22	8
sub-PHP-V15-L23/sub-PHP-V15-L23_obj-141onod_ophys.nwb	52980348	31	10	6
sub-phpV15-05-L5/sub-phpV15-05-L5_obj-1mqac60_ophys.nwb	217395992	103	27	18
sub-phpV18-3/sub-phpV18-3_ses-20230921_obj-1q748h0_ophys.nwb	47352661270	1910	37	20
sub-AAV-CaMPARI1-C9/sub-AAV-CaMPARI1-C9_obj-b5o89q_ophys.nwb	56219844	43	13	8
sub-phpV11-4/sub-phpV11-4_ses-20230508_obj-zqo840_ophys.nwb	18499465304	898	33	24
sub-phpV18-1/sub-phpV18-1_ses-20230904_obj-157fkml_ophys.nwb	5696738245	354	29	17
sub-C2-04-01/sub-C2-04-01_ses-20240729_obj-zo7akb_ophys.nwb	179233428	84	26	15
sub-phpV11-4/sub-phpV11-4_ses-20230508_obj-sgqt1h_ophys.nwb	12794933436	679	39	24
sub-PHP-V14-H11/sub-PHP-V14-H11_obj-1lw21ej_ophys.nwb	43788456	25	7	6
sub-phpV12-3/sub-phpV12-3_ses-20230510_obj-aewtoi_ophys.nwb	30015989896	1211	43	25
sub-AAV-CaMPARI1-C5/sub-AAV-CaMPARI1-C5_obj-15jrrri_ophys.nwb	140109668	60	24	9
sub-phpV10-7/sub-phpV10-7_ses-20230522_obj-co3bug_ophys.nwb	16421326284	823	44	25
sub-C1-04-01/sub-C1-04-01_obj-cuiyc4_ophys.nwb	207133516	96	30	17
sub-C1-AAV1blind-01/sub-C1-AAV1blind-01_ses-20240920_obj-q8fv4y_ophys.nwb	208969112	70	28	9
sub-PHP-CaMPARI1-M6/sub-PHP-CaMPARI1-M6_obj-1vi6wtm_ophys.nwb	50928828	25	7	6
sub-C2-04-02/sub-C2-04-02_obj-19wdvuh_ophys.nwb	185307060	55	21	8
sub-C1-04-01/sub-C1-04-01_obj-stfpvw_ophys.nwb	196112244	72	26	10
sub-AAV-V14-B6/sub-AAV-V14-B6_obj-clyuf6_ophys.nwb	51911448	27	9	6
sub-phpV14-03-H5/sub-phpV14-03-H5_ses-20241118_obj-rmrff5_ophys.nwb	124142852	50	16	8
sub-phpV15-1/sub-phpV15-1_ses-20230826_obj-17o9ayi_ophys.nwb	3066896224	247	36	20
sub-phpV9-3/sub-phpV9-3_ses-20230424_obj-12coff8_ophys.nwb	21088247944	1022	37	25
sub-phpV14-04-H6/sub-phpV14-04-H6_ses-20241119_obj-1qhhjyg_ophys.nwb	164126828	53	19	8
sub-phpV15-05-L5/sub-phpV15-05-L5_obj-18m5ldo_ophys.nwb	151598136	38	16	6
sub-AAV-CaMPARI1-C9/sub-AAV-CaMPARI1-C9_obj-1u3myy8_ophys.nwb	64206744	81	21	18
sub-phpV14-3/sub-phpV14-3_ses-20230914_obj-en0v8b_ophys.nwb	4580051429	322	36	21
sub-phpV14-blind-02/sub-phpV14-blind-02_ses-20240904_obj-69ttu5_ophys.nwb	146714784	51	17	8
sub-AAV-V15-D6/sub-AAV-V15-D6_obj-657c8e_ophys.nwb	58073936	35	11	7
sub-C1-AAV1blind-02/sub-C1-AAV1blind-02_ses-20240916_obj-14n7uhj_ophys.nwb	192993036	76	26	10
sub-C1-AAV1blind-01/sub-C1-AAV1blind-01_ses-20240920_obj-1hhs35n_ophys.nwb	183453144	44	18	7
sub-phpV16-1/sub-phpV16-1_ses-20230827_obj-142m8m4_ophys.nwb	7871069614	354	31	18
sub-phpV14-01-H2/sub-phpV14-01-H2_ses-20241022_obj-o9kp79_ophys.nwb	148541660	46	20	7
sub-phpV11-5/sub-phpV11-5_ses-20230508_obj-1jo04fr_ophys.nwb	40500567590	2009	32	20
sub-phpV15-03-L3/sub-phpV15-03-L3_obj-16lrr9n_ophys.nwb	110359324	62	16	10
sub-phpV14-04-H6/sub-phpV14-04-H6_ses-20241119_obj-c9lf99_ophys.nwb	156324484	43	17	7
sub-mouse3-DC1-1L-C2-1R-3 Right/sub-mouse3-DC1-1L-C2-1R-3 Right_obj-1rke2nc_ophys.nwb	28923065204	1382	39	30
sub-phpV13-4/sub-phpV13-4_ses-20230918_obj-1kez2qr_ophys.nwb	5528642849	371	36	22
sub-phpV12-1/sub-phpV12-1_ses-20230413_obj-7qd5qn_ophys.nwb	45689758638	2266	39	21
sub-PHP-V14-H11/sub-PHP-V14-H11_obj-8n7jbl_ophys.nwb	51694736	31	10	6
sub-AAV-V15-D8/sub-AAV-V15-D8_obj-1d14cri_ophys.nwb	88408188	66	21	15
sub-CaMPARI2-S345N/sub-CaMPARI2-S345N_ses-flourescence-recording_ophys.nwb	75669952	591	209	128
sub-PHP-V15-L13/sub-PHP-V15-L13_obj-1m0ry8x_ophys.nwb	56280296	32	11	6
sub-PHP-V15-L13/sub-PHP-V15-L13_obj-1yyhzpr_ophys.nwb	56607836	31	10	6
sub-C2-04-03/sub-C2-04-03_obj-3czo63_ophys.nwb	187914888	98	28	17
sub-AAV-CaMPARI1-C8/sub-AAV-CaMPARI1-C8_obj-1a6u02c_ophys.nwb	51256368	27	9	6
sub-PHP-CaMPARI1-M6/sub-PHP-CaMPARI1-M6_obj-1axwoq2_ophys.nwb	60608880	43	13	8
sub-AAV-CaMPARI1-C8/sub-AAV-CaMPARI1-C8_obj-1pb3l8w_ophys.nwb	57701340	35	11	7
sub-AAV-V16-A7/sub-AAV-V16-A7_obj-31k26l_ophys.nwb	72521232	70	19	16
sub-PHP-V14-H11/sub-PHP-V14-H11_obj-1qjh7y4_ophys.nwb	56809416	43	13	8
sub-phpV12-4/sub-phpV12-4_ses-20230511_obj-19chqjo_ophys.nwb	11998406402	696	39	25
sub-C1-AAV1blind-03/sub-C1-AAV1blind-03_ses-20240916_obj-wvj7wo_ophys.nwb	159540500	52	18	8
sub-phpV14-04-H6/sub-phpV14-04-H6_ses-20241119_obj-6b8ffv_ophys.nwb	214084048	50	18	8
sub-PHP-V15-L11/sub-PHP-V15-L11_obj-625ob1_ophys.nwb	68091896	29	11	6
sub-phpV15-04-L4/sub-phpV15-04-L4_obj-1t0yij2_ophys.nwb	184745184	44	22	6
sub-phpV15-blind-02/sub-phpV15-blind-02_obj-wfrvb1_ophys.nwb	250972066	63	27	10
sub-phpV8-3/sub-phpV8-3_ses-20230413_obj-1izadyp_ophys.nwb	10070350358	549	41	24
sub-PHP-V14-H11/sub-PHP-V14-H11_obj-l3igpr_ophys.nwb	47260352	25	7	6
sub-phpV7-4/sub-phpV7-4_ses-20230428_obj-1eatak5_ophys.nwb	47094810994	2234	47	33
sub-AAV-V14-B6/sub-AAV-V14-B6_obj-1odk65k_ophys.nwb	73589520	65	17	16
sub-phpV14-4/sub-phpV14-4_ses-20230921_obj-lw5thn_ophys.nwb	39371706018	1993	43	22
sub-phpV9-3/sub-phpV9-3_ses-20230424_obj-16ea5bs_ophys.nwb	39226230082	1925	28	16
sub-phpV14-03-H5/sub-phpV14-03-H5_ses-20241118_obj-jghf8d_ophys.nwb	151563096	55	15	9
sub-C1-04-03/sub-C1-04-03_ses-20240619_obj-1emapec_ophys.nwb	197058240	105	29	18
sub-C1-04-01/sub-C1-04-01_obj-nwxgyf_ophys.nwb	161511068	100	30	17
sub-AAV-V15-D5/sub-AAV-V15-D5_obj-11staqa_ophys.nwb	82392780	78	24	16
sub-PHP-V15-L13/sub-PHP-V15-L13_obj-14unxvs_ophys.nwb	54355376	24	9	5
sub-phpV15-04-L4/sub-phpV15-04-L4_obj-17vurdj_ophys.nwb	140672104	38	16	6
sub-phpV15-04-L4/sub-phpV15-04-L4_obj-ay7xj4_ophys.nwb	177556836	98	28	17
sub-AAV-V15-D5/sub-AAV-V15-D5_obj-zdx1oa_ophys.nwb	73215104	48	15	9
sub-phpV14-04-H6/sub-phpV14-04-H6_ses-20241119_obj-1ghmnf1_ophys.nwb	148208384	52	18	8
sub-phpV15-2/sub-phpV15-2_ses-20230905_obj-1deje5r_ophys.nwb	17088707222	676	33	19
sub-phpV14-04-H6/sub-phpV14-04-H6_ses-20241119_obj-2q9dbc_ophys.nwb	207891012	114	30	19
sub-phpV17-3/sub-phpV17-3_ses-20230926_obj-7hwqbo_ophys.nwb	4671095766	321	36	20
sub-C1-04-03/sub-C1-04-03_ses-20240619_obj-1f9ip1k_ophys.nwb	134938612	42	16	7
sub-C1-04-02/sub-C1-04-02_ses-20240618_obj-ufsmg2_ophys.nwb	150497193	103	28	18
sub-PHP-V15-L11/sub-PHP-V15-L11_obj-e1l5h5_ophys.nwb	67703876	41	14	7
sub-PHP-V14-H11/sub-PHP-V14-H11_obj-1b7rrnr_ophys.nwb	49250808	33	9	7
sub-C2-04-03/sub-C2-04-03_obj-1bk36wd_ophys.nwb	161844428	62	20	9
sub-phpV18-1/sub-phpV18-1_ses-20230904_obj-n15yen_ophys.nwb	5528057754	355	30	19
sub-phpV15-3/sub-phpV15-3_ses-20230924_obj-1ro7c7w_ophys.nwb	4301983412	292	32	18
sub-CaMPARI1-Q142V-C150T-C202T/sub-CaMPARI1-Q142V-C150T-C202T_ses-flourescence-recording_ophys.nwb	72706096	567	201	119
sub-PHP-CaMPARI1-M6/sub-PHP-CaMPARI1-M6_obj-llxw1l_ophys.nwb	52853748	33	9	7
sub-PHP-V15-L23/sub-PHP-V15-L23_obj-1t14d63_ophys.nwb	61903880	59	17	14
sub-C2-04-02/sub-C2-04-02_obj-10fs1ef_ophys.nwb	198423840	72	26	10
sub-CaMPARI2-I217L/sub-CaMPARI2-I217L_ses-flourescence-recording_ophys.nwb	77049784	599	215	129
sub-PHP-V14-H11/sub-PHP-V14-H11_obj-tqyskm_ophys.nwb	56028320	53	14	13
sub-PHP-CaMPARI1-M5/sub-PHP-CaMPARI1-M5_obj-589zbh_ophys.nwb	54491448	35	11	7
sub-AAV-CaMPARI1-C9/sub-AAV-CaMPARI1-C9_obj-5a1ncx_ophys.nwb	52395192	33	9	7
sub-phpV7-7/sub-phpV7-7_ses-20230519_obj-9o99o4_ophys.nwb	25835136492	1244	41	29
sub-phpV10-6/sub-phpV10-6_ses-20230515_obj-1qnvhdn_ophys.nwb	27221906448	1295	42	28
sub-AAV-V14-B6/sub-AAV-V14-B6_obj-dc9ctm_ophys.nwb	61818240	61	16	15
sub-phpV13-1/sub-phpV13-1_ses-20230808_obj-1id80e_ophys.nwb	13137159620	829	39	23
sub-phpV15-blind-02/sub-phpV15-blind-02_obj-1gafng1_ophys.nwb	171252580	53	19	8
sub-C2-04-01/sub-C2-04-01_ses-20240729_obj-9sjcci_ophys.nwb	158928784	42	16	7
sub-C2-AAV1blind-03/sub-C2-AAV1blind-03_ses-20240904_obj-1ftj6ia_ophys.nwb	224703448	102	32	18
sub-phpV10-4/sub-phpV10-4_ses-20230420_obj-17xrhwe_ophys.nwb	16458204730	843	37	25
sub-phpV14-3/sub-phpV14-3_ses-20230914_obj-1nz4mp7_ophys.nwb	5703718544	395	36	26
sub-PHP-V16-K7/sub-PHP-V16-K7_obj-dkdvux_ophys.nwb	64287356	65	17	15
sub-phpV7-4/sub-phpV7-4_ses-20230428_obj-1mjto6e_ophys.nwb	14968286612	739	49	24
sub-PHP-V15-L11/sub-PHP-V15-L11_obj-rdrjgi_ophys.nwb	59399492	25	10	5
sub-AAV-V14-B6/sub-AAV-V14-B6_obj-v2febq_ophys.nwb	75973440	40	13	8
sub-phpV14-03-H5/sub-phpV14-03-H5_ses-20241118_obj-n7frni_ophys.nwb	116609432	50	16	8
sub-phpV14-04-H6/sub-phpV14-04-H6_ses-20241119_obj-1ufrrl1_ophys.nwb	157540352	45	19	7
sub-phpV8-6/sub-phpV8-6_ses-20230515_obj-19hlrnw_ophys.nwb	8705845582	501	36	26
sub-phpV13-1/sub-phpV13-1_ses-20230808_obj-1jri1cw_ophys.nwb	14337096638	789	32	24
sub-phpV14-04-H6/sub-phpV14-04-H6_ses-20241119_obj-53kham_ophys.nwb	159082712	52	18	9
sub-PHP-V14-H11/sub-PHP-V14-H11_obj-12irr5b_ophys.nwb	49447332	33	9	7
sub-AAV-CaMPARI1-C8/sub-AAV-CaMPARI1-C8_obj-1bss8xg_ophys.nwb	54360432	35	11	7
sub-phpV14-04-H6/sub-phpV14-04-H6_ses-20241119_obj-mk8n3p_ophys.nwb	143431156	42	16	7
sub-AAV-CaMPARI1-C9/sub-AAV-CaMPARI1-C9_obj-qwklf0_ophys.nwb	43264392	25	7	6
sub-AAV-CaMPARI1-C8/sub-AAV-CaMPARI1-C8_obj-17tnx50_ophys.nwb	56653212	35	11	7
sub-AAV-CaMPARI1-C9/sub-AAV-CaMPARI1-C9_obj-p1t6tx_ophys.nwb	59858028	73	19	17
sub-phpV12-2/sub-phpV12-2_ses-20230417_obj-fe6w4f_ophys.nwb	26383413624	1125	43	28
sub-AAV-V15-D6/sub-AAV-V15-D6_obj-1vwrogz_ophys.nwb	64330576	44	14	8
sub-Mouse6-DC1-5L-C2-5R-1/sub-Mouse6-DC1-5L-C2-5R-1_obj-1n5lrz_ophys.nwb	11693470744	947	55	37
sub-phpV14-01-H2/sub-phpV14-01-H2_ses-20241022_obj-n3hn53_ophys.nwb	164830276	68	22	10
sub-C1-04-03/sub-C1-04-03_ses-20240619_obj-12kb2r6_ophys.nwb	198851440	66	24	9
sub-AAV-CaMPARI1-C5/sub-AAV-CaMPARI1-C5_obj-g8l9sc_ophys.nwb	62637320	36	12	7
sub-phpV18-1/sub-phpV18-1_ses-20230904_obj-3hgjrt_ophys.nwb	8877254213	411	35	21
sub-AAV-CaMPARI1-C9/sub-AAV-CaMPARI1-C9_obj-11jisv4_ophys.nwb	71624280	67	19	15
sub-phpV15-blind-04/sub-phpV15-blind-04_ses-20240910_obj-h5e7yx_ophys.nwb	201023140	47	21	7
sub-phpV15-03-L3/sub-phpV15-03-L3_obj-1i9xlf4_ophys.nwb	99101020	37	11	7
sub-PHP-V15-L13/sub-PHP-V15-L13_obj-19fx4tt_ophys.nwb	59122328	40	13	7
sub-C1-04-01/sub-C1-04-01_obj-1gapxt_ophys.nwb	197421024	61	23	9
sub-phpV16-1/sub-phpV16-1_ses-20230827_obj-1xsns98_ophys.nwb	6428799570	399	34	21
sub-AAV-V15-D6/sub-AAV-V15-D6_obj-16hrys_ophys.nwb	61566312	36	12	7
sub-phpV12-3/sub-phpV12-3_ses-20230510_obj-1wz55ks_ophys.nwb	15222989738	665	47	28
sub-PHP-V14-H11/sub-PHP-V14-H11_obj-n4gmvj_ophys.nwb	44685380	29	8	6
sub-C1-04-02/sub-C1-04-02_ses-20240618_obj-52hxw_ophys.nwb	185563380	73	27	10
sub-PHP-V15-L23/sub-PHP-V15-L23_obj-105ejum_ophys.nwb	51114792	23	8	5
sub-phpV13-4/sub-phpV13-4_ses-20230918_obj-1vuhi7w_ophys.nwb	9894368151	450	34	24
sub-C1-04-01/sub-C1-04-01_obj-1ie1l7a_ophys.nwb	186256336	74	24	11
sub-phpV15-03-L3/sub-phpV15-03-L3_obj-n2xdzp_ophys.nwb	100360588	34	12	6
sub-PHP-CaMPARI1-M6/sub-PHP-CaMPARI1-M6_obj-1fnez0g_ophys.nwb	76129200	83	23	19
sub-phpV14-blind-03/sub-phpV14-blind-03_ses-20240910_obj-10f6soc_ophys.nwb	202521625	71	28	10
sub-phpV15-2/sub-phpV15-2_ses-20230905_obj-ja7jqa_ophys.nwb	13691922084	744	36	19
sub-phpV8-4/sub-phpV8-4_ses-20230502_obj-1fv6054_ophys.nwb	45876087018	2182	36	20
sub-PHP-V15-L23/sub-PHP-V15-L23_obj-1l1yx9a_ophys.nwb	55311664	47	14	8
sub-mouse3-DC1-1L-C2-1R-3 Left/sub-mouse3-DC1-1L-C2-1R-3 Left_obj-6odzwy_ophys.nwb	12034258207	956	43	29
sub-phpV16-blind-01/sub-phpV16-blind-01_ses-20240909_obj-sw1hx3_ophys.nwb	168031820	58	20	8
sub-phpV12-3/sub-phpV12-3_ses-20230510_obj-uqvwyv_ophys.nwb	7031248250	454	40	25
sub-phpV14-03-H5/sub-phpV14-03-H5_ses-20241118_obj-1e3g5ar_ophys.nwb	107845164	49	15	8
sub-AAV-V15-D5/sub-AAV-V15-D5_obj-1h2xhxq_ophys.nwb	96628392	33	15	6
sub-phpV14-03-H5/sub-phpV14-03-H5_ses-20241118_obj-1k6wbr1_ophys.nwb	166997886	92	28	18
sub-phpV14-3/sub-phpV14-3_ses-20230914_obj-1wvjgrr_ophys.nwb	7120885721	352	35	22
sub-CaMPARI1-C202A/sub-CaMPARI1-C202A_ses-flourescence-recording_ophys.nwb	72706096	565	203	118
sub-AAV-V15-D6/sub-AAV-V15-D6_obj-14jqbdx_ophys.nwb	64231980	40	13	8
sub-phpV12-3/sub-phpV12-3_ses-20230510_obj-1cvh383_ophys.nwb	13001775774	734	42	24
sub-C2-AAV1blind-03/sub-C2-AAV1blind-03_ses-20240904_obj-zj4hy_ophys.nwb	239893336	52	20	8
sub-phpV9-10/sub-phpV9-10_ses-20230802_obj-1ulp1p3_ophys.nwb	17493257532	860	35	24
sub-C1-04-03/sub-C1-04-03_ses-20240619_obj-1vjzg4y_ophys.nwb	146541810	105	27	18
sub-AAV-V14-B6/sub-AAV-V14-B6_obj-193w2mn_ophys.nwb	62936904	73	19	16
sub-PHP-V14-H11/sub-PHP-V14-H11_obj-18pwvxt_ophys.nwb	68201204	66	17	16
sub-phpV15-2/sub-phpV15-2_ses-20230905_obj-m2d1ep_ophys.nwb	48546884118	2296	54	30
sub-AAV-V15-D8/sub-AAV-V15-D8_obj-17pisaz_ophys.nwb	66160172	36	11	8
sub-phpV18-1/sub-phpV18-1_ses-20230904_obj-1dzt7jy_ophys.nwb	48846054908	2294	46	28
sub-phpV15-05-L5/sub-phpV15-05-L5_obj-nin5w6_ophys.nwb	230921584	89	24	17
sub-phpV7-6/sub-phpV7-6_ses-20230517_obj-y05ej0_ophys.nwb	2260247216	233	41	27
sub-phpV12-7/sub-phpV12-7_ses-20230531_obj-cl6gbr_ophys.nwb	9182193850	518	39	25
sub-AAV-V15-D5/sub-AAV-V15-D5_ophys.nwb	16186099496	895	14	10
sub-PHP-V14-H11/sub-PHP-V14-H11_obj-1tzorcp_ophys.nwb	75215588	78	20	20
sub-phpV16-2/sub-phpV16-2_ses-20230906_obj-33bkbp_ophys.nwb	10219040431	424	32	21
sub-phpV16-blind-03/sub-phpV16-blind-03_ses-20240913_obj-1vu1c0r_ophys.nwb	199311288	41	18	7
sub-AAV-V16-A8/sub-AAV-V16-A8_obj-14xvft3_ophys.nwb	63829340	36	11	8
sub-AAV-CaMPARI1-C9/sub-AAV-CaMPARI1-C9_obj-1c4alip_ophys.nwb	69042752	44	13	9
sub-phpV11-1/sub-phpV11-1_ses-20230419_obj-1xqpf7i_ophys.nwb	46332711576	2182	43	29
sub-C1-AAV1blind-03/sub-C1-AAV1blind-03_ses-20240916_obj-1cptuky_ophys.nwb	218724902	57	22	9
sub-phpV15-03-L3/sub-phpV15-03-L3_obj-ymv95h_ophys.nwb	111963572	43	12	8
sub-C2-04-03/sub-C2-04-03_obj-10t8bdk_ophys.nwb	205449436	47	19	9
sub-phpV8-3/sub-phpV8-3_ses-20230413_obj-17ph17j_ophys.nwb	39228813704	2285	36	21
sub-phpV11-1/sub-phpV11-1_ses-20230419_obj-rch54z_ophys.nwb	14139979544	702	44	26
sub-C2-04-03/sub-C2-04-03_obj-128wb4l_ophys.nwb	121682500	41	14	8
sub-phpV9-10/sub-phpV9-10_ses-20230802_obj-19z8pnc_ophys.nwb	18378881568	699	31	24
sub-phpV16-1/sub-phpV16-1_ses-20230827_obj-17mf0yg_ophys.nwb	41247054484	1947	41	28
sub-phpV15-03-L3/sub-phpV15-03-L3_obj-yothiv_ophys.nwb	155302260	53	16	9
sub-phpV15-4/sub-phpV15-4_ses-20230925_obj-ujlw9g_ophys.nwb	3640862988	246	26	19
sub-phpV16-blind-02/sub-phpV16-blind-02_ses-20240909_obj-4ej5xt_ophys.nwb	198735568	43	20	7
sub-phpV15-05-L5/sub-phpV15-05-L5_obj-glytfx_ophys.nwb	175873996	38	15	7
sub-phpV15-05-L5/sub-phpV15-05-L5_obj-1rgnv57_ophys.nwb	159804168	96	25	18
sub-C1-04-02/sub-C1-04-02_ses-20240618_obj-13u0umw_ophys.nwb	153192600	96	25	19
sub-phpV18-3/sub-phpV18-3_ses-20230921_obj-o08olb_ophys.nwb	4314690772	239	31	21
sub-phpV15-4/sub-phpV15-4_ses-20230925_obj-1dagklp_ophys.nwb	5837097683	357	33	21
sub-AAV-V16-A7/sub-AAV-V16-A7_obj-1yldx5c_ophys.nwb	87668564	38	13	8
sub-phpV14-blind-03/sub-phpV14-blind-03_ses-20240910_obj-sedab0_ophys.nwb	139538832	41	14	8
sub-C2-04-01/sub-C2-04-01_ses-20240729_obj-gb9xdv_ophys.nwb	247100828	87	25	14
sub-phpV16-blind-01/sub-phpV16-blind-01_ses-20240909_obj-1ykdfrg_ophys.nwb	237982736	56	24	9
sub-PHP-V14-H11/sub-PHP-V14-H11_obj-rhn1k2_ophys.nwb	58974652	38	10	8
sub-phpV14-03-H5/sub-phpV14-03-H5_ses-20241118_obj-svzr73_ophys.nwb	152087160	52	17	9
sub-phpV12-9/sub-phpV12-9_ses-20230708_obj-16urzxx_ophys.nwb	8414611188	482	36	25
sub-phpV17-3/sub-phpV17-3_ses-20230926_obj-1bq5yh9_ophys.nwb	44321811948	2064	51	29
sub-PHP-V14-H11/sub-PHP-V14-H11_obj-j1tlfj_ophys.nwb	58143208	34	9	8
sub-phpV15-05-L5/sub-phpV15-05-L5_obj-pnkau5_ophys.nwb	188959568	51	20	8
sub-phpV11-4/sub-phpV11-4_ses-20230508_obj-1dbp2e_ophys.nwb	16515592678	814	40	26
sub-phpV15-04-L4/sub-phpV15-04-L4_obj-133ekm9_ophys.nwb	155075904	56	17	9
sub-phpV14-04-H6/sub-phpV14-04-H6_ses-20241119_obj-1v22ysh_ophys.nwb	181775084	88	25	17
sub-phpV14-04-H6/sub-phpV14-04-H6_ses-20241119_obj-1sbxp79_ophys.nwb	211262864	100	28	17
sub-phpV12-9/sub-phpV12-9_ses-20230708_obj-12cwr8y_ophys.nwb	2826215268	249	41	24
sub-PHP-V14-H11/sub-PHP-V14-H11_obj-lgk8o7_ophys.nwb	71170724	79	22	18
sub-PHP-V15-L23/sub-PHP-V15-L23_obj-1dgfp5s_ophys.nwb	64987784	71	20	16
sub-PHP-V15-L11/sub-PHP-V15-L11_obj-yo6wf5_ophys.nwb	58678904	25	10	5
sub-phpV15-4/sub-phpV15-4_ses-20230925_obj-19tayfs_ophys.nwb	9384222822	445	41	19
sub-PHP-V15-L11/sub-PHP-V15-L11_obj-qssik5_ophys.nwb	71002936	34	12	7
sub-phpV16-2/sub-phpV16-2_ses-20230906_obj-g2rfvk_ophys.nwb	6699057583	382	35	18
sub-C1-04-03/sub-C1-04-03_ses-20240619_obj-s7j07r_ophys.nwb	162285152	106	27	19
sub-C2-04-03/sub-C2-04-03_obj-1rsa2q6_ophys.nwb	180715180	49	16	9
sub-PHP-V15-L13/sub-PHP-V15-L13_obj-rcssf0_ophys.nwb	58930832	51	15	9
sub-C2-AAV1blind-03/sub-C2-AAV1blind-03_ses-20240904_obj-1tf129t_ophys.nwb	177964324	44	18	7
sub-mouse8-C2R 15degrees/sub-mouse8-C2R 15degrees_obj-1b9sdws_ophys.nwb	20366943978	1180	48	33
sub-C1-AAV1blind-01/sub-C1-AAV1blind-01_ses-20240920_obj-5g6g9w_ophys.nwb	184340328	54	19	9
sub-AAV-CaMPARI1-C8/sub-AAV-CaMPARI1-C8_obj-2gkebf_ophys.nwb	89435852	92	25	20
sub-phpV12-7/sub-phpV12-7_ses-20230531_obj-t3dyku_ophys.nwb	16929810256	666	35	25
sub-mouse5-undDC1-1L-C2-1R-5 Right/sub-mouse5-undDC1-1L-C2-1R-5 Right_obj-19qw0dy_ophys.nwb	42467903732	2123	38	29
sub-phpV9-6/sub-phpV9-6_ses-20230502_obj-1n8x1rq_ophys.nwb	31046366176	1338	34	25
sub-phpV15-1/sub-phpV15-1_ses-20230826_obj-1padd2w_ophys.nwb	19705349872	810	29	21
sub-mouse12-C2hSynL-C2CAGR-3 C2hSynL 17-5degrees/sub-mouse12-C2hSynL-C2CAGR-3 C2hSynL 17-5degrees_obj-4cx979_ophys.nwb	24732275224	1282	45	28
sub-PHP-CaMPARI1-M6/sub-PHP-CaMPARI1-M6_obj-s3c4dk_ophys.nwb	81529544	87	23	21
sub-AAV-V15-D8/sub-AAV-V15-D8_obj-ydqenv_ophys.nwb	66029156	36	11	8
sub-PHP-V15-L13/sub-PHP-V15-L13_obj-rflh1b_ophys.nwb	104644180	83	25	19
sub-phpV15-05-L5/sub-phpV15-05-L5_obj-11irynb_ophys.nwb	139826344	55	17	8
sub-PHP-CaMPARI1-M6/sub-PHP-CaMPARI1-M6_obj-2fe3sj_ophys.nwb	50863320	25	7	6
sub-phpV14-2/sub-phpV14-2_ses-20230817_obj-db4fk0_ophys.nwb	16944948438	914	37	25
sub-phpV15-4/sub-phpV15-4_ses-20230925_obj-1mooweh_ophys.nwb	7869113619	450	41	22
sub-AAV-V14-B6/sub-AAV-V14-B6_obj-1f56npu_ophys.nwb	85329008	88	24	20
sub-phpV17-1/sub-phpV17-1_ses-20230828_obj-1c7ai21_ophys.nwb	2299146420	204	37	18
sub-PHP-V14-H11/sub-PHP-V14-H11_obj-j98siq_ophys.nwb	70498984	78	20	19
sub-mouse2-DC1-1L-C2-1R-2/sub-mouse2-DC1-1L-C2-1R-2_obj-1pgfsq2_ophys.nwb	73009220512	2417	43	30
sub-AAV-V15-D8/sub-AAV-V15-D8_obj-1c07r8d_ophys.nwb	63707028	28	9	7
sub-PHP-CaMPARI1-M6/sub-PHP-CaMPARI1-M6_obj-aphlwu_ophys.nwb	58487436	35	11	7
sub-phpV8-6/sub-phpV8-6_ses-20230515_obj-17dg796_ophys.nwb	12044680248	524	38	27
sub-CaMPARI1-A146L-C202A/sub-CaMPARI1-A146L-C202A_ses-flourescence-recording_ophys.nwb	71384104	556	198	117
sub-phpV14-03-H5/sub-phpV14-03-H5_ses-20241118_obj-zetax1_ophys.nwb	124142852	50	16	8
sub-AAV-V16-A8/sub-AAV-V16-A8_obj-14lqsje_ophys.nwb	91893476	39	14	8
sub-PHP-CaMPARI1-M6/sub-PHP-CaMPARI1-M6_obj-nvfruj_ophys.nwb	47129364	25	7	6
sub-phpV8-4/sub-phpV8-4_ses-20230502_obj-pko0ij_ophys.nwb	29702007732	1094	40	28
sub-phpV10-7/sub-phpV10-7_ses-20230522_obj-1stn495_ophys.nwb	20838528296	985	47	28
sub-AAV-V16-A7/sub-AAV-V16-A7_obj-bfra9z_ophys.nwb	80462684	37	12	8
sub-phpV18-3/sub-phpV18-3_ses-20230921_obj-1auos6c_ophys.nwb	5066839723	325	38	21
sub-AAV-V14-B6/sub-AAV-V14-B6_obj-16q41j0_ophys.nwb	75079544	68	19	17
sub-phpV7-6/sub-phpV7-6_ses-20230517_obj-1ggkdty_ophys.nwb	2658451424	245	40	26
sub-phpV14-1/sub-phpV14-1_ses-20230809_obj-12div6x_ophys.nwb	54932312324	1907	36	21
sub-phpV18-2/sub-phpV18-2_ses-20230911_obj-r2px09_ophys.nwb	7541154202	447	35	20
sub-PHP-V16-K7/sub-PHP-V16-K7_obj-1mi3hac_ophys.nwb	44554364	29	8	6
sub-phpV14-4/sub-phpV14-4_ses-20230921_obj-10zv05w_ophys.nwb	8602785012	518	33	23
sub-phpV15-4/sub-phpV15-4_ses-20230925_obj-pobg4u_ophys.nwb	37300840048	1856	38	18
sub-AAV-CaMPARI1-C9/sub-AAV-CaMPARI1-C9_obj-128yikf_ophys.nwb	57620700	49	13	9
sub-PHP-V15-L23/sub-PHP-V15-L23_obj-gpriup_ophys.nwb	51227632	23	8	5
sub-PHP-V16-K7/sub-PHP-V16-K7_obj-10j4f6b_ophys.nwb	59177732	65	17	15
sub-phpV14-04-H6/sub-phpV14-04-H6_ses-20241119_obj-1jk53cg_ophys.nwb	193235752	49	17	8
sub-PHP-CaMPARI1-M5/sub-PHP-CaMPARI1-M5_obj-1406ofe_ophys.nwb	65476632	39	12	8
sub-AAV-V14-B6/sub-AAV-V14-B6_obj-1adjw14_ophys.nwb	83854560	38	14	7
sub-AAV-CaMPARI1-C8/sub-AAV-CaMPARI1-C8_obj-pb88kk_ophys.nwb	58724280	27	9	6
sub-PHP-V14-H11/sub-PHP-V14-H11_obj-12rjyj_ophys.nwb	55628744	26	7	7
sub-C1-AAV1blind-02/sub-C1-AAV1blind-02_ses-20240916_obj-17u8d2b_ophys.nwb	223383976	125	35	21
sub-phpV7-3/sub-phpV7-3_ses-20230410_obj-1fgfi3q_ophys.nwb	27509649944	1239	49	25
sub-phpV11-5/sub-phpV11-5_ses-20230508_obj-10di9gf_ophys.nwb	16161035658	812	38	26
sub-C2-04-02/sub-C2-04-02_obj-1nkd446_ophys.nwb	164941636	43	17	7
sub-phpV16-1/sub-phpV16-1_ses-20230827_obj-6javzg_ophys.nwb	7830738566	370	31	22
sub-PHP-V16-K7/sub-PHP-V16-K7_obj-1dgszx6_ophys.nwb	62140220	85	22	18
sub-phpV15-04-L4/sub-phpV15-04-L4_obj-zkom9m_ophys.nwb	190198768	106	32	17
sub-CaMPARI1-Q142V-C150T-F198Y/sub-CaMPARI1-Q142V-C150T-F198Y_ses-flourescence-recording_ophys.nwb	74286366	580	205	121
sub-phpV16-blind-02/sub-phpV16-blind-02_ses-20240909_obj-dd48eu_ophys.nwb	174356168	71	25	9
sub-phpV15-05-L5/sub-phpV15-05-L5_obj-1y78npv_ophys.nwb	180721588	39	17	6
sub-phpV14-blind-02/sub-phpV14-blind-02_ses-20240904_obj-1x8ullw_ophys.nwb	226788076	95	27	17
sub-phpV9-3/sub-phpV9-3_ses-20230424_obj-12ok38h_ophys.nwb	38789239720	1923	33	18
sub-AAV-CaMPARI1-C8/sub-AAV-CaMPARI1-C8_obj-1bul1k2_ophys.nwb	55841928	27	9	6
sub-phpV15-04-L4/sub-phpV15-04-L4_obj-4rdhhk_ophys.nwb	170964516	69	23	9
sub-C1-AAV1blind-03/sub-C1-AAV1blind-03_ses-20240916_obj-16glrp4_ophys.nwb	184219504	98	28	17
sub-C2-AAV1blind-03/sub-C2-AAV1blind-03_ses-20240904_obj-1dwwz2q_ophys.nwb	202829660	46	20	7
sub-AAV-V16-A7/sub-AAV-V16-A7_obj-9d70ri_ophys.nwb	62881272	39	12	8
sub-PHP-V14-H11/sub-PHP-V14-H11_obj-xexzo7_ophys.nwb	44685380	29	8	6
sub-AAV-CaMPARI1-C8/sub-AAV-CaMPARI1-C8_obj-1n6rpe1_ophys.nwb	58205244	39	12	8
sub-AAV-CaMPARI1-C5/sub-AAV-CaMPARI1-C5_obj-lvcuv7_ophys.nwb	64723624	43	13	8
sub-PHP-V14-H11/sub-PHP-V14-H11_obj-tq7x5h_ophys.nwb	44488856	29	8	6
sub-phpV14-4/sub-phpV14-4_ses-20230921_obj-uavvcb_ophys.nwb	6813917824	420	29	20
sub-phpV15-04-L4/sub-phpV15-04-L4_obj-f5cf7p_ophys.nwb	191006344	43	21	6
sub-phpV7-4/sub-phpV7-4_ses-20230428_obj-krn32p_ophys.nwb	19886968724	981	45	27
sub-phpV16-blind-01/sub-phpV16-blind-01_ses-20240909_obj-z5r3w2_ophys.nwb	225208676	54	24	7
sub-AAV-CaMPARI1-C8/sub-AAV-CaMPARI1-C8_obj-9zf64l_ophys.nwb	83068464	38	14	7
sub-phpV15-blind-02/sub-phpV15-blind-02_obj-14mm189_ophys.nwb	155806544	52	18	8
sub-phpV12-2/sub-phpV12-2_ses-20230417_obj-g68rdg_ophys.nwb	39589794844	1979	37	20
sub-phpV15-1/sub-phpV15-1_ses-20230826_obj-77w4m0_ophys.nwb	3402617956	257	31	20
sub-PHP-V14-H11/sub-PHP-V14-H11_obj-1m26kkj_ophys.nwb	45844392	33	9	7
sub-phpV17-3/sub-phpV17-3_ses-20230926_obj-a6y7z6_ophys.nwb	7695458407	376	39	18
sub-phpV9-13/sub-phpV9-13_ses-20230822_obj-ihpuxz_ophys.nwb	14013162562	787	39	26
sub-phpV12-2/sub-phpV12-2_ses-20230417_obj-1ctdv52_ophys.nwb	19282471294	830	37	27
sub-phpV14-1/sub-phpV14-1_ses-20230809_obj-1n0ruxk_ophys.nwb	12098906632	679	36	23
sub-AAV-V15-D8/sub-AAV-V15-D8_obj-1smtd0k_ophys.nwb	57593204	35	11	7
sub-phpV11-1/sub-phpV11-1_ses-20230419_obj-52zoj3_ophys.nwb	15358824356	769	33	24
sub-phpV8-5/sub-phpV8-5_ses-20230510_obj-utesji_ophys.nwb	6354265593	396	36	24
sub-AAV-V15-D6/sub-AAV-V15-D6_obj-8nftpp_ophys.nwb	66988344	52	16	9
sub-phpV15-05-L5/sub-phpV15-05-L5_obj-1w9hip7_ophys.nwb	185447629	92	29	16
sub-C1-04-03/sub-C1-04-03_ses-20240619_obj-mrdwlh_ophys.nwb	110916444	39	13	7
sub-PHP-CaMPARI1-M6/sub-PHP-CaMPARI1-M6_obj-aiqi3v_ophys.nwb	58290912	35	11	7
sub-C1-04-03/sub-C1-04-03_ses-20240619_obj-10g8pzj_ophys.nwb	156540652	91	25	16
sub-phpV12-4/sub-phpV12-4_ses-20230511_obj-c30clt_ophys.nwb	16710912574	709	41	29
sub-PHP-CaMPARI1-M5/sub-PHP-CaMPARI1-M5_obj-55sgcv_ophys.nwb	61458176	35	11	7
sub-AAV-CaMPARI1-C5/sub-AAV-CaMPARI1-C5_obj-1optu3v_ophys.nwb	132054136	41	20	7
sub-phpV12-1/sub-phpV12-1_ses-20230413_obj-keg05s_ophys.nwb	15800495230	816	36	25
sub-C1-04-01/sub-C1-04-01_obj-1t6bje3_ophys.nwb	203273876	111	33	19
sub-phpV7-6/sub-phpV7-6_ses-20230517_obj-nke5o3_ophys.nwb	2405881144	261	45	29
sub-mouse6-DC1-5L-C2-5R-1 5Right/sub-mouse6-DC1-5L-C2-5R-1 5Right_obj-sx16qt_ophys.nwb	20562541474	1209	41	28
sub-phpV7-6/sub-phpV7-6_ses-20230517_obj-1lp5cmk_ophys.nwb	9687501770	535	37	24
sub-PHP-V16-K7/sub-PHP-V16-K7_obj-f9v4z6_ophys.nwb	45295752	29	8	6
sub-phpV9-6/sub-phpV9-6_ses-20230502_obj-1xquavx_ophys.nwb	23523883744	1098	36	23
sub-phpV17-1/sub-phpV17-1_ses-20230828_obj-jxv6g5_ophys.nwb	2666424048	218	35	18
sub-phpV11-4/sub-phpV11-4_ses-20230508_obj-ohcapo_ophys.nwb	9174560574	517	37	25
sub-PHP-V15-L23/sub-PHP-V15-L23_obj-18qxbd0_ophys.nwb	57238368	31	10	6
sub-AAV-CaMPARI1-C9/sub-AAV-CaMPARI1-C9_obj-1ogyy3t_ophys.nwb	57570324	35	11	7
sub-phpV15-03-L3/sub-phpV15-03-L3_obj-o62dfl_ophys.nwb	130130048	59	17	9
sub-C2-AAV1blind-03/sub-C2-AAV1blind-03_ses-20240904_obj-1uj9eha_ophys.nwb	193773480	57	23	8
sub-phpV16-blind-01/sub-phpV16-blind-01_ses-20240909_obj-41jiil_ophys.nwb	228369136	47	19	7
sub-phpV10-6/sub-phpV10-6_ses-20230515_obj-1ba9pc8_ophys.nwb	17879000690	890	42	25
sub-AAV-V15-D8/sub-AAV-V15-D8_obj-ggssys_ophys.nwb	55009044	27	9	6
sub-AAV-V15-D5/sub-AAV-V15-D5_obj-1q1zdsm_ophys.nwb	92214396	32	14	6
sub-AAV-V15-D7/sub-AAV-V15-D7_obj-11o0klp_ophys.nwb	54622464	35	11	7
sub-PHP-V15-L23/sub-PHP-V15-L23_obj-1vrmxwb_ophys.nwb	88918364	67	19	16
sub-phpV14-blind-02/sub-phpV14-blind-02_ses-20240904_obj-nmpbp8_ophys.nwb	136145156	50	20	8
sub-phpV15-2/sub-phpV15-2_ses-20230905_obj-em8dy1_ophys.nwb	16579000504	878	37	20
sub-phpV7-6/sub-phpV7-6_ses-20230517_obj-14uca98_ophys.nwb	10762092246	583	42	24
sub-phpV12-3/sub-phpV12-3_ses-20230510_obj-1hcycau_ophys.nwb	46812739810	2308	42	20
sub-C2-04-03/sub-C2-04-03_obj-1pyxa99_ophys.nwb	151493052	66	20	10
sub-C1-04-02/sub-C1-04-02_ses-20240618_obj-16zqrb4_ophys.nwb	178113244	48	22	7
sub-AAV-CaMPARI1-C9/sub-AAV-CaMPARI1-C9_obj-176hn35_ophys.nwb	86515268	50	17	9
sub-AAV-CaMPARI1-C5/sub-AAV-CaMPARI1-C5_obj-14y3e4m_ophys.nwb	112128814	54	18	9
sub-phpV13-4/sub-phpV13-4_ses-20230918_obj-6ncw7y_ophys.nwb	7198332667	419	37	27
sub-phpV14-04-H6/sub-phpV14-04-H6_ses-20241119_obj-16qp0dl_ophys.nwb	196017644	46	18	9
sub-PHP-V15-L13/sub-PHP-V15-L13_obj-8081g9_ophys.nwb	61438768	32	10	7
sub-PHP-V15-L11/sub-PHP-V15-L11_obj-1h9wbsz_ophys.nwb	92923324	44	16	8
sub-PHP-V15-L11/sub-PHP-V15-L11_obj-1a3vb1j_ophys.nwb	68339988	34	12	7
sub-phpV13-1/sub-phpV13-1_ses-20230808_obj-nxe7yi_ophys.nwb	19396116812	915	35	27
sub-phpV14-1/sub-phpV14-1_ses-20230809_obj-22b9k4_ophys.nwb	22876797040	1070	43	25
sub-phpV12-2/sub-phpV12-2_ses-20230417_obj-nejnme_ophys.nwb	31626216612	1403	36	26
sub-phpV16-2/sub-phpV16-2_ses-20230906_obj-j9tcgp_ophys.nwb	7488555471	395	32	19
sub-PHP-V15-L13/sub-PHP-V15-L13_obj-1vbwn0g_ophys.nwb	86453164	28	12	6
sub-AAV-CaMPARI1-C8/sub-AAV-CaMPARI1-C8_obj-de5dwv_ophys.nwb	59231684	26	7	7
sub-AAV-V15-D5/sub-AAV-V15-D5_obj-nsdhjn_ophys.nwb	68009756	29	10	7
sub-PHP-V15-L23/sub-PHP-V15-L23_obj-1y3cmc3_ophys.nwb	68935864	36	11	8
sub-PHP-CaMPARI1-M5/sub-PHP-CaMPARI1-M5_obj-1p0f5ye_ophys.nwb	65807672	36	11	8
sub-mouse3-DC1-1L-C2-1R-3 Right/sub-mouse3-DC1-1L-C2-1R-3 Right_obj-idla16_ophys.nwb	23518611222	1299	39	30
sub-AAV-CaMPARI1-C8/sub-AAV-CaMPARI1-C8_obj-s5xynw_ophys.nwb	66462752	36	11	8
sub-phpV10-7/sub-phpV10-7_ses-20230522_obj-1vjv7se_ophys.nwb	24784666908	1069	43	29
sub-AAV-V15-D7/sub-AAV-V15-D7_obj-rixet_ophys.nwb	63817244	28	9	7
sub-phpV15-04-L4/sub-phpV15-04-L4_obj-1tf5p8g_ophys.nwb	195730988	50	18	9
sub-AAV-V15-D5/sub-AAV-V15-D5_obj-1lszumz_ophys.nwb	70483700	37	12	8
sub-phpV10-7/sub-phpV10-7_ses-20230522_obj-1r63kvj_ophys.nwb	34328838076	1414	43	29
sub-phpV14-blind-03/sub-phpV14-blind-03_ses-20240910_obj-kui7wc_ophys.nwb	201320752	56	20	10
sub-phpV11-1/sub-phpV11-1_ses-20230419_obj-prohv4_ophys.nwb	14859425944	730	46	25
sub-phpV16-1/sub-phpV16-1_ses-20230827_obj-1y8kwmd_ophys.nwb	3590866860	264	39	22
sub-phpV16-2/sub-phpV16-2_ses-20230906_obj-4tonuv_ophys.nwb	6724600337	413	42	24
sub-phpV8-3/sub-phpV8-3_ses-20230413_obj-sw92qw_ophys.nwb	10543960321	565	42	27
sub-mouse3-DC1-1L-C2-1R-3 Left/sub-mouse3-DC1-1L-C2-1R-3 Left_obj-qqau6l_ophys.nwb	9067725842	861	38	28
sub-AAV-CaMPARI1-C8/sub-AAV-CaMPARI1-C8_obj-2e13ms_ophys.nwb	58290912	35	11	7
sub-phpV15-3/sub-phpV15-3_ses-20230924_obj-7thoo2_ophys.nwb	6897167799	392	30	19
sub-PHP-V16-K7/sub-PHP-V16-K7_obj-n5v8jv_ophys.nwb	45528692	21	6	5
sub-phpV8-5/sub-phpV8-5_ses-20230510_obj-gj3lo2_ophys.nwb	7267892564	370	40	29
sub-AAV-V15-D5/sub-AAV-V15-D5_obj-1jjq62k_ophys.nwb	59332284	29	11	6
sub-AAV-V15-D6/sub-AAV-V15-D6_obj-1sbsr5d_ophys.nwb	88718416	92	26	19
sub-phpV15-03-L3/sub-phpV15-03-L3_obj-1b806b6_ophys.nwb	127780832	36	13	7
sub-phpV11-4/sub-phpV11-4_ses-20230508_obj-81h7ve_ophys.nwb	10251730754	553	39	29
sub-phpV12-6/sub-phpV12-6_ses-20230530_obj-hin9zp_ophys.nwb	17730021344	895	39	25
sub-PHP-CaMPARI1-M5/sub-PHP-CaMPARI1-M5_obj-1fcm1ik_ophys.nwb	66699596	28	9	7
sub-phpV14-1/sub-phpV14-1_ses-20230809_obj-1jv2ts1_ophys.nwb	16403528306	893	38	29
sub-phpV15-05-L5/sub-phpV15-05-L5_obj-1nh0oij_ophys.nwb	156533108	47	16	8
sub-PHP-V15-L13/sub-PHP-V15-L13_obj-9kiooi_ophys.nwb	50883452	23	8	5
sub-AAV-V15-D6/sub-AAV-V15-D6_obj-9ha0zb_ophys.nwb	93993492	32	13	7
sub-AAV-V15-D6/sub-AAV-V15-D6_obj-1rlfjk7_ophys.nwb	63583780	43	13	8
sub-phpV8-5/sub-phpV8-5_ses-20230510_obj-a6ojv9_ophys.nwb	6066497516	375	36	26
sub-C1-04-03/sub-C1-04-03_ses-20240619_obj-1b950pt_ophys.nwb	169962356	66	17	11
sub-phpV12-3/sub-phpV12-3_ses-20230510_obj-1o5myd2_ophys.nwb	52551824366	2413	36	20
sub-phpV15-2/sub-phpV15-2_ses-20230905_obj-11csdla_ophys.nwb	22353407904	887	34	22
sub-phpV15-03-L3/sub-phpV15-03-L3_obj-8vwdkn_ophys.nwb	110077644	43	12	8
sub-PHP-CaMPARI1-M6/sub-PHP-CaMPARI1-M6_obj-1dx7qha_ophys.nwb	61873692	39	12	8
sub-PHP-V15-L13/sub-PHP-V15-L13_obj-1pqo6sl_ophys.nwb	111251960	75	24	16
sub-AAV-V15-D7/sub-AAV-V15-D7_obj-1w405fx_ophys.nwb	57170808	27	9	6
sub-C1-AAV1blind-01/sub-C1-AAV1blind-01_ses-20240920_obj-1ii5uv9_ophys.nwb	244776508	61	26	9
sub-AAV-V15-D7/sub-AAV-V15-D7_obj-1ihz456_ophys.nwb	83044112	71	20	17
sub-phpV15-3/sub-phpV15-3_ses-20230924_obj-y03qa2_ophys.nwb	6073874019	357	28	19
sub-phpV13-4/sub-phpV13-4_ses-20230918_obj-9i69qt_ophys.nwb	6367831522	386	34	23
sub-phpV17-3/sub-phpV17-3_ses-20230926_obj-16vxor0_ophys.nwb	8661393924	478	39	20
sub-AAV-V15-D8/sub-AAV-V15-D8_obj-6v5p84_ophys.nwb	61130636	35	11	7
sub-phpV17-3/sub-phpV17-3_ses-20230926_obj-pye6t1_ophys.nwb	60930689440	2374	50	31
sub-phpV18-1/sub-phpV18-1_ses-20230904_obj-ndwcdr_ophys.nwb	7766266059	441	32	22
sub-phpV9-3/sub-phpV9-3_ses-20230424_obj-1nzt66d_ophys.nwb	9131110332	511	40	28
sub-AAV-CaMPARI1-C8/sub-AAV-CaMPARI1-C8_obj-13vun6b_ophys.nwb	66528260	36	12	7
sub-phpV8-4/sub-phpV8-4_ses-20230502_obj-truojm_ophys.nwb	30396589940	1360	42	29
sub-phpV14-03-H5/sub-phpV14-03-H5_ses-20241118_obj-1evbts_ophys.nwb	163130404	56	15	10
sub-C1-04-01/sub-C1-04-01_obj-y4mg9c_ophys.nwb	209226244	54	23	9
sub-C2-04-02/sub-C2-04-02_obj-157wynu_ophys.nwb	235998504	61	26	9
sub-AAV-V15-D6/sub-AAV-V15-D6_obj-1p5573l_ophys.nwb	71165724	68	20	15
sub-phpV14-01-H2/sub-phpV14-01-H2_ses-20241022_obj-txo8w2_ophys.nwb	157487536	48	17	9
sub-AAV-CaMPARI1-C5/sub-AAV-CaMPARI1-C5_obj-1cr7y71_ophys.nwb	92215604	65	20	15
sub-phpV14-blind-03/sub-phpV14-blind-03_ses-20240910_obj-115wl17_ophys.nwb	188997372	56	18	9
sub-phpV16-blind-01/sub-phpV16-blind-01_ses-20240909_obj-wv58uj_ophys.nwb	285907768	138	34	23
sub-phpV14-4/sub-phpV14-4_ses-20230921_obj-1u0ij0m_ophys.nwb	6549695887	392	31	23
sub-PHP-CaMPARI1-M6/sub-PHP-CaMPARI1-M6_obj-1zj3wd_ophys.nwb	65950272	75	21	16
sub-phpV15-4/sub-phpV15-4_ses-20230925_obj-1thy31a_ophys.nwb	8243310838	364	30	21
sub-PHP-V14-H11/sub-PHP-V14-H11_obj-pzzncb_ophys.nwb	59243240	65	17	15
sub-phpV10-6/sub-phpV10-6_ses-20230515_obj-1cdbrcv_ophys.nwb	49773768969	2608	57	36
sub-C1-04-03/sub-C1-04-03_ses-20240619_obj-1vdhbxd_ophys.nwb	128454112	41	14	8
sub-phpV7-3/sub-phpV7-3_ses-20230410_obj-1pcx4gl_ophys.nwb	50444175740	2535	37	20
sub-C2-04-02/sub-C2-04-02_obj-6uc8f4_ophys.nwb	184071548	108	29	21
sub-PHP-V16-K7/sub-PHP-V16-K7_obj-1ivyvxn_ophys.nwb	45012920	29	8	6
sub-phpV17-1/sub-phpV17-1_ses-20230828_obj-4dvow5_ophys.nwb	2567964624	205	32	19
sub-C2-04-01/sub-C2-04-01_ses-20240729_obj-8uui6a_ophys.nwb	193117824	55	19	10
sub-phpV9-4/sub-phpV9-4_ses-20230425_obj-5tylm0_ophys.nwb	24521376256	1147	36	26
sub-phpV15-04-L4/sub-phpV15-04-L4_obj-a6m6kx_ophys.nwb	242160132	66	27	9
sub-phpV15-3/sub-phpV15-3_ses-20230924_obj-vdoa4n_ophys.nwb	4764301764	303	34	20
sub-PHP-CaMPARI1-M5/sub-PHP-CaMPARI1-M5_obj-1vpkwbx_ophys.nwb	60845724	35	11	7
sub-phpV15-4/sub-phpV15-4_ses-20230925_obj-nededb_ophys.nwb	6980694663	408	34	22
sub-PHP-V15-L11/sub-PHP-V15-L11_obj-1fypf3l_ophys.nwb	62478368	25	10	5
sub-phpV14-1/sub-phpV14-1_ses-20230809_obj-1svgyps_ophys.nwb	10011181038	554	33	25
sub-C1-AAV1blind-02/sub-C1-AAV1blind-02_ses-20240916_obj-1lnqs0f_ophys.nwb	189640592	110	31	21
sub-phpV10-7/sub-phpV10-7_ses-20230522_obj-19bmqbj_ophys.nwb	15235316516	744	39	25
sub-AAV-CaMPARI1-C8/sub-AAV-CaMPARI1-C8_obj-1gshjmx_ophys.nwb	57524976	31	10	7
sub-phpV8-6/sub-phpV8-6_ses-20230515_obj-1ryor1x_ophys.nwb	11144774230	526	37	28
sub-PHP-CaMPARI1-M5/sub-PHP-CaMPARI1-M5_obj-1jjj2ru_ophys.nwb	71367276	79	22	18
sub-PHP-CaMPARI1-M5/sub-PHP-CaMPARI1-M5_obj-1l1dru8_ophys.nwb	60215832	43	13	8
sub-phpV9-3/sub-phpV9-3_ses-20230424_obj-1nd0m90_ophys.nwb	15392212960	756	35	26
sub-phpV14-blind-03/sub-phpV14-blind-03_ses-20240910_obj-ehbxrj_ophys.nwb	194607896	72	24	12
sub-AAV-CaMPARI1-C5/sub-AAV-CaMPARI1-C5_obj-1tdhhes_ophys.nwb	89985152	53	20	9
sub-phpV12-4/sub-phpV12-4_ses-20230511_obj-ue3lv9_ophys.nwb	15531520416	790	36	24
sub-phpV8-4/sub-phpV8-4_ses-20230502_obj-2e9rny_ophys.nwb	65585710292	2707	52	34
sub-phpV8-4/sub-phpV8-4_ses-20230502_obj-16ltqwm_ophys.nwb	11935881700	519	45	28
sub-phpV12-6/sub-phpV12-6_ses-20230530_obj-w2tcis_ophys.nwb	44374837854	2043	33	21
sub-phpV7-7/sub-phpV7-7_ses-20230519_obj-1wt4of8_ophys.nwb	22381264816	1010	39	26
sub-C2-04-02/sub-C2-04-02_obj-sfzeht_ophys.nwb	253050404	116	31	22
sub-phpV14-4/sub-phpV14-4_ses-20230921_obj-17wr3oc_ophys.nwb	10968822450	492	36	27
sub-phpV7-4/sub-phpV7-4_ses-20230428_obj-1e21ujn_ophys.nwb	26639285508	1213	44	28
sub-phpV9-6/sub-phpV9-6_ses-20230502_obj-d5subt_ophys.nwb	53141394928	2483	42	28
sub-phpV8-4/sub-phpV8-4_ses-20230502_obj-13scu4h_ophys.nwb	72657746520	2906	38	23
sub-C2-04-02/sub-C2-04-02_obj-11o9roq_ophys.nwb	230472336	58	21	11
sub-phpV14-03-H5/sub-phpV14-03-H5_ses-20241118_obj-1en3f4v_ophys.nwb	148599208	62	19	10
sub-phpV15-03-L3/sub-phpV15-03-L3_obj-oh3ofv_ophys.nwb	120021056	44	13	8
sub-phpV16-blind-01/sub-phpV16-blind-01_ses-20240909_obj-lntkj4_ophys.nwb	196474708	94	27	17
sub-AAV-CaMPARI1-C8/sub-AAV-CaMPARI1-C8_obj-1ytsbhq_ophys.nwb	54400752	26	8	6
sub-PHP-CaMPARI1-M6/sub-PHP-CaMPARI1-M6_obj-1pipjaj_ophys.nwb	66867384	75	21	17
sub-phpV15-03-L3/sub-phpV15-03-L3_obj-1coe0pr_ophys.nwb	145369424	91	23	18
sub-phpV15-2/sub-phpV15-2_ses-20230905_obj-rwlvvc_ophys.nwb	15582200392	774	33	19
sub-phpV14-3/sub-phpV14-3_ses-20230914_obj-1yeutpu_ophys.nwb	10886430437	485	34	27
sub-phpV14-blind-02/sub-phpV14-blind-02_ses-20240904_obj-tsc66h_ophys.nwb	210290576	104	29	19
sub-C2-04-01/sub-C2-04-01_ses-20240729_obj-cr1b5b_ophys.nwb	244554877	90	30	17
sub-phpV7-6/sub-phpV7-6_ses-20230517_obj-nwq5tn_ophys.nwb	5423591068	353	37	26
sub-AAV-V14-B6/sub-AAV-V14-B6_obj-16h4s02_ophys.nwb	57439308	35	11	7
sub-phpV17-2/sub-phpV17-2_ses-20230910_obj-19a58je_ophys.nwb	3655953604	272	31	20
sub-PHP-V14-H11/sub-PHP-V14-H11_obj-111tnnj_ophys.nwb	46302948	33	9	7
sub-phpV14-03-H5/sub-phpV14-03-H5_ses-20241118_obj-ujq3ay_ophys.nwb	155473208	111	28	20
sub-phpV14-03-H5/sub-phpV14-03-H5_ses-20241118_obj-15tvwqs_ophys.nwb	144905660	95	24	18
sub-phpV16-blind-01/sub-phpV16-blind-01_ses-20240909_obj-1kc0io1_ophys.nwb	204191476	46	19	8
sub-phpV7-4/sub-phpV7-4_ses-20230428_obj-1969it7_ophys.nwb	24109483780	1066	44	25
sub-phpV15-04-L4/sub-phpV15-04-L4_obj-1tfgkpr_ophys.nwb	172429680	40	17	7
sub-phpV14-blind-03/sub-phpV14-blind-03_ses-20240910_obj-u96v3p_ophys.nwb	214400624	53	26	8
sub-PHP-CaMPARI1-M5/sub-PHP-CaMPARI1-M5_obj-tfu6dh_ophys.nwb	61959360	35	11	7
sub-AAV-V14-B6/sub-AAV-V14-B6_obj-yecrv5_ophys.nwb	71841408	29	11	6
sub-PHP-CaMPARI1-M5/sub-PHP-CaMPARI1-M5_obj-boa3z7_ophys.nwb	55776420	27	9	6
sub-PHP-CaMPARI1-M6/sub-PHP-CaMPARI1-M6_obj-1bj9xl1_ophys.nwb	49749684	27	9	6
sub-phpV14-03-H5/sub-phpV14-03-H5_ses-20241118_obj-ffin7b_ophys.nwb	146050240	81	22	16
sub-PHP-V15-L13/sub-PHP-V15-L13_obj-1k41zzg_ophys.nwb	57786980	32	11	6
sub-C1-AAV1blind-01/sub-C1-AAV1blind-01_ses-20240920_obj-1fx7q_ophys.nwb	193185020	50	19	9
sub-phpV9-4/sub-phpV9-4_ses-20230425_obj-o5h01f_ophys.nwb	15278776536	759	41	27
sub-phpV16-blind-01/sub-phpV16-blind-01_ses-20240909_obj-gk6mts_ophys.nwb	187525500	59	20	9
sub-phpV15-04-L4/sub-phpV15-04-L4_obj-1bxypv_ophys.nwb	187860848	48	21	8
sub-phpV9-10/sub-phpV9-10_ses-20230802_obj-evu4gg_ophys.nwb	16324404356	781	36	27
sub-phpV10-4/sub-phpV10-4_ses-20230420_obj-1bi71hh_ophys.nwb	51493567947	2425	38	23
sub-C2-04-01/sub-C2-04-01_ses-20240729_obj-qhdsly_ophys.nwb	202646476	47	21	7
sub-C1-04-02/sub-C1-04-02_ses-20240618_obj-1uvn9t3_ophys.nwb	181536456	55	19	9
sub-phpV15-05-L5/sub-phpV15-05-L5_obj-1uvr220_ophys.nwb	185055692	84	26	15
sub-phpV7-7/sub-phpV7-7_ses-20230519_obj-1xrdazd_ophys.nwb	19141635412	937	46	25
sub-phpV7-7/sub-phpV7-7_ses-20230519_obj-1jc37bx_ophys.nwb	30562391332	1172	45	29
sub-phpV14-2/sub-phpV14-2_ses-20230817_obj-18sc8ey_ophys.nwb	41254608918	1955	45	29
sub-C2-04-01/sub-C2-04-01_ses-20240729_obj-7yhgcf_ophys.nwb	257995220	79	26	10
sub-AAV-V14-B6/sub-AAV-V14-B6_obj-w9i6g5_ophys.nwb	63491232	43	13	8
sub-phpV7-6/sub-phpV7-6_ses-20230517_obj-174wlp5_ophys.nwb	52548690288	2435	41	20
sub-PHP-V15-L11/sub-PHP-V15-L11_obj-1xuacw6_ophys.nwb	79910968	85	25	19
sub-PHP-V15-L11/sub-PHP-V15-L11_obj-7pgk8l_ophys.nwb	61611632	41	14	7
sub-phpV14-03-H5/sub-phpV14-03-H5_ses-20241118_obj-1p9giha_ophys.nwb	119426276	50	16	8
sub-AAV-V15-D8/sub-AAV-V15-D8_obj-1im2guw_ophys.nwb	57897864	35	11	7
sub-phpV7-6/sub-phpV7-6_ses-20230517_obj-xaw7hr_ophys.nwb	3025473512	281	43	28
sub-phpV15-05-L5/sub-phpV15-05-L5_obj-1t2t60c_ophys.nwb	195739341	106	31	18
sub-phpV14-03-H5/sub-phpV14-03-H5_ses-20241118_obj-1xyhu3h_ophys.nwb	164338660	123	32	22
sub-PHP-V14-H11/sub-PHP-V14-H11_obj-1k2qa0u_ophys.nwb	66252624	67	19	16
sub-phpV7-4/sub-phpV7-4_ses-20230428_obj-1w0lrtw_ophys.nwb	19153337778	897	49	27
sub-AAV-V16-A7/sub-AAV-V16-A7_obj-1cq0tbd_ophys.nwb	51503268	41	11	8
sub-AAV-CaMPARI1-C5/sub-AAV-CaMPARI1-C5_obj-1o2lbhz_ophys.nwb	63540808	67	19	15
sub-PHP-V14-H11/sub-PHP-V14-H11_obj-1cionl5_ophys.nwb	62412840	73	19	17
sub-C1-04-01/sub-C1-04-01_obj-11jw25w_ophys.nwb	239012364	119	37	19
sub-C2-04-02/sub-C2-04-02_obj-15eq1oq_ophys.nwb	180572468	79	25	11
sub-mouse1-DC1-1L-C2-1R-1 Left/sub-mouse1-DC1-1L-C2-1R-1 Left_obj-i9m8yu_ophys.nwb	14254303508	903	46	29
sub-AAV-CaMPARI1-C8/sub-AAV-CaMPARI1-C8_obj-1mpze6z_ophys.nwb	56542356	31	10	7
sub-phpV18-2/sub-phpV18-2_ses-20230911_obj-7y3kso_ophys.nwb	8434588900	389	36	19
sub-phpV12-3/sub-phpV12-3_ses-20230510_obj-11j0xqr_ophys.nwb	8333102662	504	41	23
sub-C2-04-01/sub-C2-04-01_ses-20240729_obj-9hj2t8_ophys.nwb	176663620	90	28	16
sub-phpV12-3/sub-phpV12-3_ses-20230510_obj-18a9zy4_ophys.nwb	5941692479	397	40	24
sub-PHP-CaMPARI1-M5/sub-PHP-CaMPARI1-M5_obj-1nf91oh_ophys.nwb	67223660	28	9	7
sub-C2-04-03/sub-C2-04-03_obj-zb74e5_ophys.nwb	252522384	121	31	23
sub-phpV14-03-H5/sub-phpV14-03-H5_ses-20241118_obj-19yaugb_ophys.nwb	152531912	54	18	10
sub-phpV10-6/sub-phpV10-6_ses-20230515_obj-1hc7f0q_ophys.nwb	45687331216	1813	41	28
sub-phpV15-05-L5/sub-phpV15-05-L5_obj-og43ff_ophys.nwb	202462284	60	20	10
sub-phpV9-4/sub-phpV9-4_ses-20230425_obj-1s1vcbt_ophys.nwb	8022289062	374	34	25
sub-phpV14-03-H5/sub-phpV14-03-H5_ses-20241118_obj-6jf0ru_ophys.nwb	147283204	42	14	9
sub-C2-04-02/sub-C2-04-02_obj-1s2dbb_ophys.nwb	189675892	47	19	9
sub-AAV-CaMPARI1-C9/sub-AAV-CaMPARI1-C9_obj-1gh9o3n_ophys.nwb	57971672	34	9	8
sub-PHP-V15-L13/sub-PHP-V15-L13_obj-qsahgy_ophys.nwb	91063912	35	13	7
sub-CaMPARI1-F198Y/sub-CaMPARI1-F198Y_ses-flourescence-recording_ophys.nwb	72837112	566	202	120
sub-phpV18-3/sub-phpV18-3_ses-20230921_obj-grrwt0_ophys.nwb	4917124812	298	37	20
sub-mouse5-undDC1-1L-C2-1R-5 Right/sub-mouse5-undDC1-1L-C2-1R-5 Right_obj-6zao4_ophys.nwb	47917869624	1899	36	30
sub-phpV7-7/sub-phpV7-7_ses-20230519_obj-jznygr_ophys.nwb	71232573232	2809	36	22
sub-AAV-V15-D5/sub-AAV-V15-D5_obj-1wk9g3n_ophys.nwb	101750896	49	18	9
sub-mouse3-DC1-1L-C2-1R-3 Right/sub-mouse3-DC1-1L-C2-1R-3 Right_obj-kbg3x2_ophys.nwb	26095696278	1350	40	33
sub-phpV17-2/sub-phpV17-2_ses-20230910_obj-lyrlvl_ophys.nwb	53292162348	2330	38	22
sub-C2-04-01/sub-C2-04-01_ses-20240729_obj-1je0hxt_ophys.nwb	175270364	66	22	11
sub-PHP-V15-L13/sub-PHP-V15-L13_obj-u5qd20_ophys.nwb	58942996	24	8	6
sub-C1-AAV1blind-03/sub-C1-AAV1blind-03_ses-20240916_obj-1qwci9e_ophys.nwb	229368276	58	22	10
sub-PHP-CaMPARI1-M6/sub-PHP-CaMPARI1-M6_obj-99gwq9_ophys.nwb	65006444	52	15	10
sub-phpV17-2/sub-phpV17-2_ses-20230910_obj-1wns2o3_ophys.nwb	3993939300	226	30	21
sub-AAV-V16-A8/sub-AAV-V16-A8_obj-1dmo3kq_ophys.nwb	60848152	35	11	7
sub-PHP-CaMPARI1-M5/sub-PHP-CaMPARI1-M5_obj-e3h4db_ophys.nwb	64981984	67	19	15
sub-phpV8-5/sub-phpV8-5_ses-20230510_obj-1s53ez3_ophys.nwb	4968217072	331	34	25
sub-phpV12-7/sub-phpV12-7_ses-20230531_obj-kdwktx_ophys.nwb	11111945686	601	36	25
sub-phpV14-4/sub-phpV14-4_ses-20230921_obj-ms8rpr_ophys.nwb	9867493524	541	37	23
sub-phpV15-04-L4/sub-phpV15-04-L4_obj-17b7clj_ophys.nwb	171439100	59	20	9
sub-phpV8-5/sub-phpV8-5_ses-20230510_obj-lyxg6j_ophys.nwb	14444643846	712	32	25
sub-phpV9-4/sub-phpV9-4_ses-20230425_obj-hvy02d_ophys.nwb	47363213588	2153	40	19
sub-phpV7-7/sub-phpV7-7_ses-20230519_obj-y2f54d_ophys.nwb	27444994724	1197	43	28
sub-PHP-V16-K7/sub-PHP-V16-K7_obj-1m9dhbw_ophys.nwb	42253036	21	6	5
sub-AAV-V16-A7/sub-AAV-V16-A7_obj-1to8b6c_ophys.nwb	46689528	25	7	6
sub-PHP-CaMPARI1-M6/sub-PHP-CaMPARI1-M6_obj-1u0ukrb_ophys.nwb	71100216	67	19	16
sub-phpV18-1/sub-phpV18-1_ses-20230904_obj-821nup_ophys.nwb	41594811256	1955	47	28
sub-phpV14-blind-02/sub-phpV14-blind-02_ses-20240904_obj-or044l_ophys.nwb	187252608	49	15	10
sub-AAV-V15-D5/sub-AAV-V15-D5_obj-gmuc9g_ophys.nwb	98096372	73	21	17
sub-C1-04-02/sub-C1-04-02_ses-20240618_obj-es25e0_ophys.nwb	148185056	51	15	10
sub-phpV18-3/sub-phpV18-3_ses-20230921_obj-1exbpg1_ophys.nwb	42502170095	1975	44	21
sub-phpV12-3/sub-phpV12-3_ses-20230510_obj-1qnkon9_ophys.nwb	45312226376	2146	48	30
sub-C2-04-03/sub-C2-04-03_obj-1htomy0_ophys.nwb	179287888	49	16	9
sub-AAV-V16-A7/sub-AAV-V16-A7_obj-qy0lxa_ophys.nwb	79429136	36	12	7
sub-phpV14-01-H2/sub-phpV14-01-H2_ses-20241022_obj-ggfh2i_ophys.nwb	127760708	46	14	10
sub-PHP-CaMPARI1-M6/sub-PHP-CaMPARI1-M6_obj-1gcplcp_ophys.nwb	46171932	33	9	7
sub-PHP-V15-L23/sub-PHP-V15-L23_obj-mluhkb_ophys.nwb	58057844	39	12	7
sub-phpV12-7/sub-phpV12-7_ses-20230531_obj-2rii41_ophys.nwb	16105500558	826	32	25
sub-AAV-V14-B6/sub-AAV-V14-B6_obj-1pslgc8_ophys.nwb	60345320	27	8	7
sub-phpV13-4/sub-phpV13-4_ses-20230918_obj-1t0vimu_ophys.nwb	48492569399	2242	38	22
sub-PHP-V15-L13/sub-PHP-V15-L13_obj-1wo4yw_ophys.nwb	64645160	36	12	7
sub-phpV14-03-H5/sub-phpV14-03-H5_ses-20241118_obj-1fijlk5_ophys.nwb	156820156	116	29	22
sub-PHP-V14-H11/sub-PHP-V14-H11_obj-958070_ophys.nwb	54879440	23	8	5
sub-phpV8-4/sub-phpV8-4_ses-20230502_obj-1vkxoj6_ophys.nwb	52451079350	2706	48	32
sub-phpV14-04-H6/sub-phpV14-04-H6_ses-20241119_obj-9x6udo_ophys.nwb	170829888	83	24	16
sub-phpV15-03-L3/sub-phpV15-03-L3_obj-13o45zm_ophys.nwb	132235376	35	12	7
sub-phpV14-04-H6/sub-phpV14-04-H6_ses-20241119_obj-119l63w_ophys.nwb	187300436	94	27	18
sub-PHP-V14-H11/sub-PHP-V14-H11_obj-kart20_ophys.nwb	56149280	31	10	6
sub-AAV-V15-D8/sub-AAV-V15-D8_obj-19ra9id_ophys.nwb	57396680	35	11	7
sub-PHP-V14-H11/sub-PHP-V14-H11_obj-6fuvax_ophys.nwb	47194872	25	7	6
sub-C2-04-03/sub-C2-04-03_obj-1ppgn3a_ophys.nwb	159619380	55	20	9
sub-AAV-V15-D7/sub-AAV-V15-D7_obj-1u2nv9r_ophys.nwb	96727844	55	18	10
sub-phpV18-1/sub-phpV18-1_ses-20230904_obj-qu4yrm_ophys.nwb	5809277680	351	31	20
sub-PHP-V14-H11/sub-PHP-V14-H11_obj-16g8qfy_ophys.nwb	59938668	57	15	14
sub-phpV14-2/sub-phpV14-2_ses-20230817_obj-jh9fhv_ophys.nwb	26113469640	1014	32	25
sub-phpV15-3/sub-phpV15-3_ses-20230924_obj-1lcne8k_ophys.nwb	11048043237	455	30	21
sub-PHP-V15-L11/sub-PHP-V15-L11_obj-1scui2m_ophys.nwb	59202968	25	10	5
sub-AAV-V16-A8/sub-AAV-V16-A8_obj-177bw6u_ophys.nwb	62408856	39	12	8
sub-phpV14-4/sub-phpV14-4_ses-20230921_obj-2zy4pn_ophys.nwb	10226920002	459	35	26
sub-C2-AAV1blind-03/sub-C2-AAV1blind-03_ses-20240904_obj-3dt6hl_ophys.nwb	231197728	107	32	18
sub-phpV14-01-H2/sub-phpV14-01-H2_ses-20241022_obj-1v8q80w_ophys.nwb	202853744	100	27	18
sub-phpV7-6/sub-phpV7-6_ses-20230517_obj-zgbu37_ophys.nwb	13932539986	564	37	26
sub-PHP-V14-H11/sub-PHP-V14-H11_obj-12y2gtw_ophys.nwb	54884496	35	11	7
sub-phpV15-1/sub-phpV15-1_ses-20230826_obj-umbeye_ophys.nwb	50102207144	2354	42	29
sub-C1-AAV1blind-01/sub-C1-AAV1blind-01_ses-20240920_obj-1f7ej4k_ophys.nwb	220393680	57	22	9
sub-phpV8-6/sub-phpV8-6_ses-20230515_obj-cmr9fx_ophys.nwb	15100387024	581	42	27
sub-PHP-CaMPARI1-M5/sub-PHP-CaMPARI1-M5_obj-1edtx0s_ophys.nwb	60624652	31	10	7
sub-AAV-CaMPARI1-C9/sub-AAV-CaMPARI1-C9_obj-9plqj4_ophys.nwb	85446912	34	13	7
sub-AAV-V16-A7/sub-AAV-V16-A7_obj-kuty0n_ophys.nwb	57920744	35	11	7
sub-phpV7-7/sub-phpV7-7_ses-20230519_obj-iep222_ophys.nwb	24606646684	1104	38	25
sub-mouse3-DC1-1L-C2-1R-3 Right/sub-mouse3-DC1-1L-C2-1R-3 Right_obj-11k80zv_ophys.nwb	30367516336	1475	38	29
sub-phpV7-7/sub-phpV7-7_ses-20230519_obj-un4btn_ophys.nwb	31406456260	1395	42	27
sub-AAV-V16-A7/sub-AAV-V16-A7_obj-3sxv9l_ophys.nwb	45605240	33	9	7
sub-phpV15-03-L3/sub-phpV15-03-L3_obj-l8b360_ophys.nwb	148432272	100	25	19
sub-phpV10-7/sub-phpV10-7_ses-20230522_obj-hkxms2_ophys.nwb	19984012300	947	46	30
sub-C1-04-02/sub-C1-04-02_ses-20240618_obj-o3mzt5_ophys.nwb	232916388	105	34	18
sub-phpV17-3/sub-phpV17-3_ses-20230926_obj-1j26w4k_ophys.nwb	42601037971	1946	35	18
sub-CaMPARI1-C150T/sub-CaMPARI1-C150T_ses-flourescence-recording_ophys.nwb	71326264	556	197	118
sub-AAV-V15-D6/sub-AAV-V15-D6_obj-zubxl3_ophys.nwb	55729632	27	9	6
sub-phpV13-4/sub-phpV13-4_ses-20230918_obj-1me0boc_ophys.nwb	7413470818	442	36	25
sub-phpV17-3/sub-phpV17-3_ses-20230926_obj-16bfnyz_ophys.nwb	5030831882	316	38	19
sub-AAV-CaMPARI1-C5/sub-AAV-CaMPARI1-C5_obj-aglbus_ophys.nwb	83891088	32	14	6
sub-AAV-V15-D7/sub-AAV-V15-D7_obj-1394thy_ophys.nwb	65411192	59	17	14
sub-phpV15-05-L5/sub-phpV15-05-L5_obj-zmbeku_ophys.nwb	174053576	40	17	7
sub-AAV-V15-D7/sub-AAV-V15-D7_obj-1ejlydo_ophys.nwb	60683348	47	14	9
sub-PHP-V15-L11/sub-PHP-V15-L11_obj-1kuuo3m_ophys.nwb	62412860	25	10	5
sub-phpV12-6/sub-phpV12-6_ses-20230530_obj-17dbuaa_ophys.nwb	15101748258	650	35	26
sub-phpV15-2/sub-phpV15-2_ses-20230905_obj-1vml2s8_ophys.nwb	20984844272	798	43	25
sub-CaMPARI1-W391F-V398L/sub-CaMPARI1-W391F-V398L_ses-flourescence-recording_ophys.nwb	75350080	584	211	122
sub-AAV-V15-D7/sub-AAV-V15-D7_obj-tcgzaa_ophys.nwb	61107756	35	11	7
sub-C1-AAV1blind-02/sub-C1-AAV1blind-02_ses-20240916_obj-181wqgg_ophys.nwb	213276240	105	30	19
sub-phpV14-04-H6/sub-phpV14-04-H6_ses-20241119_obj-gj8k30_ophys.nwb	157871852	55	20	9
sub-phpV15-4/sub-phpV15-4_ses-20230925_obj-1k0el7a_ophys.nwb	10292157178	555	33	21
sub-C1-04-02/sub-C1-04-02_ses-20240618_obj-9ttnos_ophys.nwb	134145848	54	19	9
sub-AAV-CaMPARI1-C9/sub-AAV-CaMPARI1-C9_obj-1wcr0cx_ophys.nwb	46736316	25	7	6
sub-PHP-V15-L23/sub-PHP-V15-L23_obj-v2k7n_ophys.nwb	58885256	39	12	7
sub-phpV14-03-H5/sub-phpV14-03-H5_ses-20241118_obj-1jwcges_ophys.nwb	144010420	105	26	19
sub-phpV18-3/sub-phpV18-3_ses-20230921_obj-gg6yx9_ophys.nwb	6447063604	307	30	20
sub-C2-04-01/sub-C2-04-01_ses-20240729_obj-rq8w9d_ophys.nwb	219309240	100	29	19
sub-phpV11-4/sub-phpV11-4_ses-20230508_obj-5ozn2c_ophys.nwb	11230029375	498	38	29
sub-phpV15-3/sub-phpV15-3_ses-20230924_obj-a03dwp_ophys.nwb	5825956972	283	31	20
sub-AAV-V15-D7/sub-AAV-V15-D7_obj-100kt9t_ophys.nwb	61196144	35	11	7
sub-AAV-V14-B6/sub-AAV-V14-B6_obj-m15mjm_ophys.nwb	47456904	26	8	6
sub-PHP-V14-H11/sub-PHP-V14-H11_obj-5nl4nx_ophys.nwb	64509096	73	19	17
sub-AAV-CaMPARI1-C9/sub-AAV-CaMPARI1-C9_obj-1qppqv3_ophys.nwb	59136048	27	9	6
sub-mouse20-C1 -19degree/sub-mouse20-C1 -19degree_obj-4tk76z_ophys.nwb	69658501216	2311	56	30
sub-phpV15-1/sub-phpV15-1_ses-20230826_obj-nv9z8q_ophys.nwb	16243703892	809	34	20
sub-PHP-V14-H11/sub-PHP-V14-H11_obj-1kxa5e4_ophys.nwb	49381824	33	9	7
sub-C2-04-03/sub-C2-04-03_obj-bez458_ophys.nwb	186021328	45	18	8
sub-phpV12-1/sub-phpV12-1_ses-20230413_obj-f9w8e0_ophys.nwb	55432098998	2038	35	20
sub-PHP-CaMPARI1-M6/sub-PHP-CaMPARI1-M6_obj-2rhgzr_ophys.nwb	60111856	43	13	8
sub-phpV16-1/sub-phpV16-1_ses-20230918_ophys.nwb	41423580318	1963	42	29
sub-phpV14-03-H5/sub-phpV14-03-H5_ses-20241118_obj-ix1arx_ophys.nwb	140178508	51	16	9
sub-phpV15-04-L4/sub-phpV15-04-L4_obj-1v577ss_ophys.nwb	219488520	44	21	7
sub-AAV-V15-D5/sub-AAV-V15-D5_obj-gn8s1e_ophys.nwb	89512212	32	14	6
sub-phpV17-3/sub-phpV17-3_ses-20230926_obj-1r41csf_ophys.nwb	7551917332	421	36	18
sub-phpV16-1/sub-phpV16-1_ses-20230827_obj-fcgomj_ophys.nwb	6618834155	375	30	19
sub-phpV15-blind-02/sub-phpV15-blind-02_obj-16ajgxe_ophys.nwb	238902516	69	26	10
sub-phpV12-1/sub-phpV12-1_ses-20230413_obj-1rgbn5a_ophys.nwb	7354141425	416	35	24
sub-PHP-V15-L13/sub-PHP-V15-L13_obj-11py5ks_ophys.nwb	59661524	25	10	5
sub-PHP-V15-L13/sub-PHP-V15-L13_obj-vgqyj7_ophys.nwb	55756232	31	10	6
sub-phpV12-1/sub-phpV12-1_ses-20230413_obj-14p0s2i_ophys.nwb	18106310996	871	38	25
sub-phpV13-3/sub-phpV13-3_ses-20230909_obj-uprxuj_ophys.nwb	3548724428	274	37	26
sub-C2-04-01/sub-C2-04-01_ses-20240729_obj-1rs8ujv_ophys.nwb	285093744	133	33	23
sub-phpV15-03-L3/sub-phpV15-03-L3_obj-15gh094_ophys.nwb	123149412	57	18	9
sub-phpV10-7/sub-phpV10-7_ses-20230522_obj-1pyauhs_ophys.nwb	30922000164	1353	43	29
sub-phpV14-04-H6/sub-phpV14-04-H6_ses-20241119_obj-1lu2nba_ophys.nwb	218262756	51	18	9
sub-phpV10-4/sub-phpV10-4_ses-20230420_obj-18wfb4m_ophys.nwb	14794656792	747	42	28
sub-phpV12-1/sub-phpV12-1_ses-20230413_obj-3mmyt4_ophys.nwb	6970046168	405	37	24
sub-AAV-V15-D7/sub-AAV-V15-D7_obj-14bqlct_ophys.nwb	84640428	30	12	6
sub-phpV8-5/sub-phpV8-5_ses-20230510_obj-x75yq9_ophys.nwb	19053164922	882	42	25
sub-AAV-V15-D6/sub-AAV-V15-D6_obj-yusbeo_ophys.nwb	88003872	54	18	9
sub-phpV14-03-H5/sub-phpV14-03-H5_ses-20241118_obj-1uk93pv_ophys.nwb	192933316	102	25	19
sub-phpV11-5/sub-phpV11-5_ses-20230508_obj-dx7nz1_ophys.nwb	21598794676	980	37	26
sub-phpV16-blind-01/sub-phpV16-blind-01_ses-20240909_obj-e9dzhm_ophys.nwb	237112508	104	33	17
sub-phpV14-04-H6/sub-phpV14-04-H6_ses-20241119_obj-md5l78_ophys.nwb	189053428	104	29	20
sub-AAV-V14-B6/sub-AAV-V14-B6_obj-jkgrr7_ophys.nwb	58789788	27	9	6
sub-C1-04-03/sub-C1-04-03_ses-20240619_obj-1cozma7_ophys.nwb	145180096	41	14	8
sub-phpV17-2/sub-phpV17-2_ses-20230910_obj-1e2w904_ophys.nwb	6146457172	304	31	19
sub-phpV12-2/sub-phpV12-2_ses-20230417_obj-12orzy4_ophys.nwb	20741081234	788	36	25
sub-phpV11-5/sub-phpV11-5_ses-20230508_obj-1ct29c3_ophys.nwb	19119867378	899	42	28
sub-phpV14-01-H2/sub-phpV14-01-H2_ses-20241022_obj-1fyvnga_ophys.nwb	132134828	51	16	9
sub-C2-AAV1blind-03/sub-C2-AAV1blind-03_ses-20240904_obj-1j4hiec_ophys.nwb	284903864	147	37	24
sub-phpV14-04-H6/sub-phpV14-04-H6_ses-20241119_obj-170nv41_ophys.nwb	170492792	95	28	17
sub-mouse4-DC1-1L-C2-1R-4 Right/sub-mouse4-DC1-1L-C2-1R-4 Right_obj-7qbffv_ophys.nwb	20439543446	1275	37	28
sub-PHP-CaMPARI1-M6/sub-PHP-CaMPARI1-M6_obj-8mheg2_ophys.nwb	61510860	59	17	14
sub-phpV9-13/sub-phpV9-13_ses-20230822_obj-k3n0y7_ophys.nwb	13634288232	737	39	29
sub-phpV14-2/sub-phpV14-2_ses-20230817_obj-1sduhf6_ophys.nwb	14027428256	747	36	28
sub-PHP-V15-L23/sub-PHP-V15-L23_obj-81oysg_ophys.nwb	50948960	23	8	5
sub-PHP-V16-K7/sub-PHP-V16-K7_obj-jfe380_ophys.nwb	42301904	21	6	5
sub-PHP-V15-L23/sub-PHP-V15-L23_obj-os1x0h_ophys.nwb	50723152	23	8	5
sub-phpV7-7/sub-phpV7-7_ses-20230519_obj-1hicoj6_ophys.nwb	25587155276	1172	46	28
sub-AAV-CaMPARI1-C5/sub-AAV-CaMPARI1-C5_obj-ubirkr_ophys.nwb	53127456	27	9	6
sub-phpV7-3/sub-phpV7-3_ses-20230410_obj-62dz64_ophys.nwb	15059161026	668	38	25
sub-AAV-V15-D6/sub-AAV-V15-D6_obj-ljyzsi_ophys.nwb	84811992	30	12	6
sub-phpV16-1/sub-phpV16-1_ses-20230827_obj-1j91j1f_ophys.nwb	5719390520	295	35	22
sub-PHP-V14-H11/sub-PHP-V14-H11_obj-ddyded_ophys.nwb	51760244	31	10	6
sub-phpV15-03-L3/sub-phpV15-03-L3_obj-1n5y5tf_ophys.nwb	140243772	98	23	20
sub-phpV18-3/sub-phpV18-3_ses-20230921_obj-dmwgr6_ophys.nwb	3231419952	239	41	19
sub-AAV-CaMPARI1-C9/sub-AAV-CaMPARI1-C9_obj-1ayt0ix_ophys.nwb	83425776	91	25	21
sub-phpV14-blind-02/sub-phpV14-blind-02_ses-20240904_obj-1n1p1m1_ophys.nwb	148694988	48	18	8
sub-phpV10-4/sub-phpV10-4_ses-20230420_obj-1ehzer_ophys.nwb	31473096556	1460	39	26
sub-phpV15-04-L4/sub-phpV15-04-L4_obj-1moj02c_ophys.nwb	200850076	103	27	19
sub-phpV8-5/sub-phpV8-5_ses-20230510_obj-10o5263_ophys.nwb	18749842108	931	37	26
sub-phpV11-4/sub-phpV11-4_ses-20230508_obj-wiu9w3_ophys.nwb	9734417652	531	35	23
sub-phpV15-03-L3/sub-phpV15-03-L3_obj-50lyma_ophys.nwb	100295080	33	11	6
sub-phpV14-01-H2/sub-phpV14-01-H2_ses-20241022_obj-15u1wso_ophys.nwb	139735980	45	13	8
sub-phpV17-1/sub-phpV17-1_ses-20230828_obj-12abvoh_ophys.nwb	5183573672	277	33	19
sub-phpV15-1/sub-phpV15-1_ses-20230826_obj-4pa15h_ophys.nwb	4547195153	331	33	24
sub-phpV10-4/sub-phpV10-4_ses-20230420_obj-cjcg5b_ophys.nwb	24725019260	1163	42	26
sub-AAV-V15-D6/sub-AAV-V15-D6_obj-11dzbzv_ophys.nwb	91291308	88	25	20
sub-C1-04-01/sub-C1-04-01_obj-1uc43dm_ophys.nwb	215733204	76	23	12
sub-mouse8-C2R 15degrees/sub-mouse8-C2R 15degrees_obj-lkbz_ophys.nwb	17889323970	1245	45	32
sub-phpV11-5/sub-phpV11-5_ses-20230508_obj-1b2fp9r_ophys.nwb	11451302454	589	36	26
sub-phpV12-3/sub-phpV12-3_ses-20230510_obj-31p7fx_ophys.nwb	16840327158	906	50	33
sub-AAV-V16-A8/sub-AAV-V16-A8_obj-1tsfv3a_ophys.nwb	54088860	35	11	7
sub-phpV10-6/sub-phpV10-6_ses-20230515_obj-yl24xl_ophys.nwb	25180879034	955	48	31
sub-phpV7-7/sub-phpV7-7_ses-20230519_obj-meytdj_ophys.nwb	24480888724	1150	42	24
sub-phpV15-05-L5/sub-phpV15-05-L5_obj-1tor2wx_ophys.nwb	170698864	38	14	8
sub-CaMPARI1-Q142V/sub-CaMPARI1-Q142V_ses-flourescence-recording_ophys.nwb	77558512	602	216	131
sub-C1-AAV1blind-03/sub-C1-AAV1blind-03_ses-20240916_obj-lgl9eu_ophys.nwb	222846292	53	21	10
sub-phpV10-6/sub-phpV10-6_ses-20230515_obj-sxjkn8_ophys.nwb	24600919916	956	42	29
sub-phpV14-03-H5/sub-phpV14-03-H5_ses-20241118_obj-e2yihy_ophys.nwb	132383056	51	15	10
sub-PHP-V14-H11/sub-PHP-V14-H11_obj-1h48g3u_ophys.nwb	60199172	42	11	9
sub-PHP-V15-L23/sub-PHP-V15-L23_obj-1yromzw_ophys.nwb	57810640	24	8	6
sub-phpV11-5/sub-phpV11-5_ses-20230508_obj-1ykgdm7_ophys.nwb	22215910476	1003	39	25
sub-phpV14-03-H5/sub-phpV14-03-H5_ses-20241118_obj-1r9xjgk_ophys.nwb	127440124	60	17	10
sub-phpV15-3/sub-phpV15-3_ses-20230924_obj-1tikdqv_ophys.nwb	7777007332	444	34	21
sub-phpV17-3/sub-phpV17-3_ses-20230926_obj-14bo95t_ophys.nwb	4994999006	314	36	19
sub-phpV14-4/sub-phpV14-4_ses-20230921_obj-ie2v27_ophys.nwb	14536456116	576	35	23
sub-phpV11-5/sub-phpV11-5_ses-20230508_obj-1xkjwcm_ophys.nwb	19416570000	951	42	29
sub-phpV18-1/sub-phpV18-1_ses-20230904_obj-7y86c3_ophys.nwb	49103411138	2265	35	20
sub-AAV-CaMPARI1-C5/sub-AAV-CaMPARI1-C5_obj-1wnh20e_ophys.nwb	83359168	38	13	8
sub-phpV10-6/sub-phpV10-6_ses-20230515_obj-o4bnpf_ophys.nwb	14775219396	773	46	25
sub-PHP-V14-H11/sub-PHP-V14-H11_obj-1056tf2_ophys.nwb	80694600	87	24	19
sub-PHP-CaMPARI1-M6/sub-PHP-CaMPARI1-M6_obj-1cmx422_ophys.nwb	55402092	27	9	6
sub-phpV14-04-H6/sub-phpV14-04-H6_ses-20241119_obj-11bkl7t_ophys.nwb	187693388	68	20	10
sub-PHP-V15-L13/sub-PHP-V15-L13_obj-hhw1fj_ophys.nwb	56804360	31	10	6
sub-AAV-CaMPARI1-C9/sub-AAV-CaMPARI1-C9_obj-udaioj_ophys.nwb	59968932	27	9	6
sub-PHP-V16-K7/sub-PHP-V16-K7_obj-1133iok_ophys.nwb	70772648	65	17	15
sub-PHP-CaMPARI1-M6/sub-PHP-CaMPARI1-M6_obj-c3riho_ophys.nwb	45451344	33	9	7
sub-phpV9-3/sub-phpV9-3_ses-20230424_obj-1l7o6he_ophys.nwb	43909492468	2073	44	29
sub-AAV-V16-A8/sub-AAV-V16-A8_obj-i4r4uz_ophys.nwb	82031280	78	21	18
sub-phpV14-blind-02/sub-phpV14-blind-02_ses-20240904_obj-16cxund_ophys.nwb	190506048	109	30	20
sub-AAV-V15-D6/sub-AAV-V15-D6_obj-1b1ztzf_ophys.nwb	76617516	87	24	20
sub-phpV15-3/sub-phpV15-3_ses-20230924_obj-w841p4_ophys.nwb	7918991742	448	37	20
sub-PHP-V14-H11/sub-PHP-V14-H11_obj-1w0l2aw_ophys.nwb	60382092	73	19	17
sub-phpV15-3/sub-phpV15-3_ses-20230924_obj-36csnb_ophys.nwb	7754409780	433	27	20
sub-phpV7-6/sub-phpV7-6_ses-20230517_obj-j855y6_ophys.nwb	3044507868	266	42	27
sub-phpV7-6/sub-phpV7-6_ses-20230517_obj-yrulrq_ophys.nwb	51201517124	2636	47	30
sub-C1-AAV1blind-03/sub-C1-AAV1blind-03_ses-20240916_obj-pifyu9_ophys.nwb	202076920	67	24	10
sub-AAV-V15-D5/sub-AAV-V15-D5_obj-12vzkse_ophys.nwb	73816114	42	13	8
sub-C2-04-01/sub-C2-04-01_ses-20240729_obj-ith4x_ophys.nwb	206061540	116	33	21
sub-C2-04-02/sub-C2-04-02_obj-1l5jsq7_ophys.nwb	192936296	50	18	10
sub-phpV11-1/sub-phpV11-1_ses-20230419_obj-cgoiao_ophys.nwb	13026422932	641	37	25
sub-PHP-V14-H11/sub-PHP-V14-H11_obj-19pq97_ophys.nwb	52939416	31	10	7
sub-AAV-V15-D6/sub-AAV-V15-D6_obj-bxrd7e_ophys.nwb	61261652	35	11	7
sub-phpV14-03-H5/sub-phpV14-03-H5_ses-20241118_obj-56uzqf_ophys.nwb	123976160	40	13	8
sub-phpV8-4/sub-phpV8-4_ses-20230502_obj-121cq2k_ophys.nwb	13752423914	704	42	28
sub-AAV-CaMPARI1-C5/sub-AAV-CaMPARI1-C5_obj-4lw1zp_ophys.nwb	80980704	76	22	18
sub-phpV10-7/sub-phpV10-7_ses-20230522_obj-10yp8nw_ophys.nwb	25616617580	1168	46	27
sub-phpV9-10/sub-phpV9-10_ses-20230802_obj-1g6b2f2_ophys.nwb	16147221098	774	35	24
sub-phpV16-blind-02/sub-phpV16-blind-02_ses-20240909_obj-15a7hy6_ophys.nwb	209377560	107	32	18
sub-C1-04-01/sub-C1-04-01_obj-1iabwx8_ophys.nwb	212842468	82	26	13
sub-phpV10-4/sub-phpV10-4_ses-20230420_obj-b3i430_ophys.nwb	43620415695	2224	34	21
sub-PHP-V14-H11/sub-PHP-V14-H11_obj-gjaz36_ophys.nwb	52601744	57	15	14
sub-phpV14-03-H5/sub-phpV14-03-H5_ses-20241118_obj-uh3f5q_ophys.nwb	139152252	61	18	10
sub-phpV12-4/sub-phpV12-4_ses-20230511_obj-kmekto_ophys.nwb	17402405388	754	37	26
sub-PHP-V14-H11/sub-PHP-V14-H11_obj-1xugrhc_ophys.nwb	75116364	63	18	15
sub-PHP-V15-L13/sub-PHP-V15-L13_obj-19ox2fm_ophys.nwb	57197408	32	11	6
sub-phpV14-3/sub-phpV14-3_ses-20230914_obj-77zbgf_ophys.nwb	3628992432	261	33	21
sub-phpV15-04-L4/sub-phpV15-04-L4_obj-1rp85ig_ophys.nwb	272629420	80	27	11
sub-phpV15-1/sub-phpV15-1_ses-20230826_obj-1y34u4z_ophys.nwb	5692436985	346	31	20
sub-PHP-V15-L23/sub-PHP-V15-L23_obj-1kj4dds_ophys.nwb	78088480	59	17	14
sub-C1-04-02/sub-C1-04-02_ses-20240618_obj-1mammcx_ophys.nwb	191352956	102	25	19
sub-phpV18-2/sub-phpV18-2_ses-20230911_obj-16g7qi3_ophys.nwb	5778356197	355	36	21
sub-C1-AAV1blind-03/sub-C1-AAV1blind-03_ses-20240916_obj-1erattx_ophys.nwb	239108120	118	35	20
sub-phpV9-10/sub-phpV9-10_ses-20230802_obj-p30eyh_ophys.nwb	18859610638	851	36	24
sub-phpV18-3/sub-phpV18-3_ses-20230921_obj-rizhyt_ophys.nwb	5960965968	324	47	25
sub-phpV8-3/sub-phpV8-3_ses-20230413_obj-d8x8qh_ophys.nwb	9053693855	503	41	28
sub-PHP-CaMPARI1-M6/sub-PHP-CaMPARI1-M6_obj-1g4kh8g_ophys.nwb	58663800	39	12	8
sub-phpV17-1/sub-phpV17-1_ses-20230828_obj-1x1cmy7_ophys.nwb	2962876768	224	38	20
sub-AAV-V15-D6/sub-AAV-V15-D6_obj-1d6kg1j_ophys.nwb	69345104	36	11	8
sub-PHP-V14-H11/sub-PHP-V14-H11_obj-177ubx2_ophys.nwb	56738880	31	10	7
sub-AAV-CaMPARI1-C8/sub-AAV-CaMPARI1-C8_obj-1jqa666_ophys.nwb	60387168	35	11	7
sub-AAV-V16-A8/sub-AAV-V16-A8_obj-1gi3i9i_ophys.nwb	57625236	35	11	7
sub-phpV8-5/sub-phpV8-5_ses-20230510_obj-lkj3iw_ophys.nwb	14475036698	740	40	30
sub-phpV17-2/sub-phpV17-2_ses-20230910_obj-1p52wom_ophys.nwb	3784056700	252	30	18
sub-PHP-V15-L11/sub-PHP-V15-L11_obj-nsv0ac_ophys.nwb	62876444	37	13	7
sub-PHP-V14-H11/sub-PHP-V14-H11_obj-1iyn362_ophys.nwb	47965836	41	11	8
sub-phpV15-blind-02/sub-phpV15-blind-02_obj-1tus8sc_ophys.nwb	188190336	62	23	10
sub-C1-AAV1blind-01/sub-C1-AAV1blind-01_ses-20240920_obj-1956wx7_ophys.nwb	243134036	107	32	19
sub-AAV-V15-D6/sub-AAV-V15-D6_obj-syerqw_ophys.nwb	52341360	27	9	6
sub-phpV17-1/sub-phpV17-1_ses-20230828_obj-9lp58q_ophys.nwb	6053151324	316	42	20
sub-PHP-CaMPARI1-M5/sub-PHP-CaMPARI1-M5_obj-mraox8_ophys.nwb	63620720	28	9	7
sub-phpV14-03-H5/sub-phpV14-03-H5_ses-20241118_obj-p38zgo_ophys.nwb	177714700	87	22	17
sub-phpV15-04-L4/sub-phpV15-04-L4_obj-acekof_ophys.nwb	192840568	41	18	7
sub-PHP-V14-H11/sub-PHP-V14-H11_obj-28hxfg_ophys.nwb	56391180	35	11	7
sub-phpV14-blind-02/sub-phpV14-blind-02_ses-20240904_obj-zt2q27_ophys.nwb	181960312	44	17	8
sub-PHP-CaMPARI1-M6/sub-PHP-CaMPARI1-M6_obj-abr9oy_ophys.nwb	66141768	63	18	15
sub-phpV14-01-H2/sub-phpV14-01-H2_ses-20241022_obj-1kv2zg2_ophys.nwb	192325100	49	16	9
sub-C2-04-02/sub-C2-04-02_obj-ne43bu_ophys.nwb	222723876	61	26	9
sub-AAV-V15-D6/sub-AAV-V15-D6_obj-1eq2vd8_ophys.nwb	63328560	28	10	6
sub-C1-04-01/sub-C1-04-01_obj-18g5d74_ophys.nwb	300594832	127	40	20
sub-PHP-CaMPARI1-M6/sub-PHP-CaMPARI1-M6_obj-1b5zv09_ophys.nwb	69017564	36	11	8
sub-phpV15-04-L4/sub-phpV15-04-L4_obj-1h6ve2r_ophys.nwb	212922804	50	23	8
sub-AAV-V16-A8/sub-AAV-V16-A8_obj-19avs3d_ophys.nwb	93142296	62	20	14
sub-phpV9-10/sub-phpV9-10_ses-20230802_obj-1b42ws3_ophys.nwb	25206819042	891	37	28
sub-AAV-V14-B6/sub-AAV-V14-B6_obj-156ov4s_ophys.nwb	87981120	71	20	16
sub-phpV15-05-L5/sub-phpV15-05-L5_obj-op6fsw_ophys.nwb	162494336	49	18	8
sub-C2-04-03/sub-C2-04-03_obj-119wxyg_ophys.nwb	178783232	64	21	10
sub-phpV8-3/sub-phpV8-3_ses-20230413_obj-1ynllvw_ophys.nwb	17421018306	856	44	27
sub-phpV12-1/sub-phpV12-1_ses-20230413_obj-1anewip_ophys.nwb	9806265738	427	35	25
sub-AAV-V15-D6/sub-AAV-V15-D6_obj-1y28rgi_ophys.nwb	85205040	31	13	6
sub-C1-AAV1blind-01/sub-C1-AAV1blind-01_ses-20240920_obj-ozvhy3_ophys.nwb	195389452	46	19	8
sub-AAV-V16-A8/sub-AAV-V16-A8_obj-1anq7k3_ophys.nwb	58979700	27	9	6
sub-C2-04-01/sub-C2-04-01_ses-20240729_obj-1knazqm_ophys.nwb	208092776	51	20	9
sub-phpV9-6/sub-phpV9-6_ses-20230502_obj-1m059we_ophys.nwb	22161064310	809	37	26
sub-AAV-V16-A8/sub-AAV-V16-A8_obj-1oyvt1n_ophys.nwb	62108712	43	13	8
sub-phpV14-03-H5/sub-phpV14-03-H5_ses-20241118_obj-zw2pc4_ophys.nwb	139227224	110	27	21
sub-PHP-V14-H11/sub-PHP-V14-H11_obj-5xggbe_ophys.nwb	59883264	31	10	7
sub-mouse1-DC1-1L-C2-1R-1 Left/sub-mouse1-DC1-1L-C2-1R-1 Left_obj-1kz5p4z_ophys.nwb	19449377486	1043	46	31
sub-AAV-V14-B6/sub-AAV-V14-B6_obj-onzyty_ophys.nwb	45819204	25	7	6
sub-C2-04-03/sub-C2-04-03_obj-1qetsdj_ophys.nwb	149427900	53	18	9
sub-phpV14-2/sub-phpV14-2_ses-20230817_obj-ka3rmy_ophys.nwb	21312455424	837	35	26
sub-phpV13-4/sub-phpV13-4_ses-20230918_obj-vi96xf_ophys.nwb	4976396196	288	37	25
sub-phpV15-1/sub-phpV15-1_ses-20230826_obj-1w3a3cf_ophys.nwb	42508402893	2025	45	29
sub-phpV18-3/sub-phpV18-3_ses-20230921_obj-jwle1s_ophys.nwb	56015553179	1967	40	19
sub-PHP-V15-L13/sub-PHP-V15-L13_obj-j2kv1l_ophys.nwb	59953772	43	13	8
sub-phpV8-6/sub-phpV8-6_ses-20230515_obj-7lusx3_ophys.nwb	12667002454	656	45	29
sub-PHP-V15-L11/sub-PHP-V15-L11_obj-1v7uyqp_ophys.nwb	81962884	82	24	18
sub-C1-AAV1blind-02/sub-C1-AAV1blind-02_ses-20240916_obj-14sp51u_ophys.nwb	237923324	99	32	18
sub-phpV12-2/sub-phpV12-2_ses-20230417_obj-tgnss9_ophys.nwb	63087546384	2899	39	26
sub-AAV-V15-D7/sub-AAV-V15-D7_obj-ac9dja_ophys.nwb	60737588	35	11	7
sub-C1-AAV1blind-03/sub-C1-AAV1blind-03_ses-20240916_obj-18odfs_ophys.nwb	229552152	99	32	17
sub-phpV8-5/sub-phpV8-5_ses-20230510_obj-3sivd3_ophys.nwb	5233187104	304	40	27
sub-phpV14-blind-03/sub-phpV14-blind-03_ses-20240910_obj-mpqfb2_ophys.nwb	126975148	40	13	8
sub-phpV16-blind-01/sub-phpV16-blind-01_ses-20240909_obj-7rtx8a_ophys.nwb	265760352	54	25	8
sub-PHP-V14-H11/sub-PHP-V14-H11_obj-nolwyr_ophys.nwb	63329924	73	19	17
sub-phpV14-03-H5/sub-phpV14-03-H5_ses-20241118_obj-ptacip_ophys.nwb	189260028	53	15	9
sub-PHP-V14-H11/sub-PHP-V14-H11_obj-1p3mwrm_ophys.nwb	48555408	41	11	8
sub-phpV17-2/sub-phpV17-2_ses-20230910_obj-1ucwq5u_ophys.nwb	3083414060	235	33	21
sub-phpV12-6/sub-phpV12-6_ses-20230530_obj-12gr4t3_ophys.nwb	46151381634	2045	40	21
sub-phpV9-6/sub-phpV9-6_ses-20230502_obj-topbtr_ophys.nwb	41613349588	1465	40	29
sub-phpV14-03-H5/sub-phpV14-03-H5_ses-20241118_obj-11vnlor_ophys.nwb	114543008	38	11	8
sub-mouse3-DC1-1L-C2-1R-3 Right/sub-mouse3-DC1-1L-C2-1R-3 Right_obj-1yhwhdo_ophys.nwb	28044899508	1406	40	28
sub-AAV-V16-A7/sub-AAV-V16-A7_obj-1om39jj_ophys.nwb	75600108	70	19	16
sub-C2-04-01/sub-C2-04-01_ses-20240729_obj-1flzlxx_ophys.nwb	251196360	70	24	10
sub-phpV12-6/sub-phpV12-6_ses-20230530_obj-w3fufp_ophys.nwb	45020451740	2088	40	22
sub-AAV-V15-D7/sub-AAV-V15-D7_obj-6moqcx_ophys.nwb	85616236	46	16	8
sub-phpV15-3/sub-phpV15-3_ses-20230924_obj-1ugkfgr_ophys.nwb	48989774280	2296	40	27
sub-phpV14-01-H2/sub-phpV14-01-H2_ses-20241022_obj-16j6008_ophys.nwb	143001196	73	22	11
sub-PHP-V14-H11/sub-PHP-V14-H11_obj-14tvdnx_ophys.nwb	46932840	25	7	6
sub-C2-04-01/sub-C2-04-01_ses-20240729_obj-zcal68_ophys.nwb	306533192	110	37	18
sub-phpV16-3/sub-phpV16-3_ses-20230918_obj-eo3zzc_ophys.nwb	3400326828	247	33	20
sub-C1-04-02/sub-C1-04-02_ses-20240618_obj-4fc8q_ophys.nwb	127943564	62	19	10
sub-phpV7-3/sub-phpV7-3_ses-20230410_obj-ti2djx_ophys.nwb	13882314398	726	45	25
sub-phpV12-4/sub-phpV12-4_ses-20230510_obj-ik8wnw_ophys.nwb	39367629350	2015	45	28
sub-PHP-CaMPARI1-M5/sub-PHP-CaMPARI1-M5_obj-8xz2pg_ophys.nwb	62856312	39	12	8
sub-phpV14-03-H5/sub-phpV14-03-H5_ses-20241118_obj-1fgwy5r_ophys.nwb	116770280	40	14	7
sub-phpV14-04-H6/sub-phpV14-04-H6_ses-20241119_obj-wsetkm_ophys.nwb	155353612	43	17	7
sub-PHP-V15-L11/sub-PHP-V15-L11_obj-nxsk4w_ophys.nwb	58835108	33	12	6
sub-phpV15-03-L3/sub-phpV15-03-L3_obj-rrul6a_ophys.nwb	93714448	42	12	7
sub-phpV15-4/sub-phpV15-4_ses-20230925_obj-187aq09_ophys.nwb	3718284484	277	35	20
sub-phpV14-03-H5/sub-phpV14-03-H5_ses-20241118_obj-ons2i7_ophys.nwb	175203416	51	14	8
sub-phpV12-3/sub-phpV12-3_ses-20230510_obj-13kwulz_ophys.nwb	10243683200	598	44	23
sub-phpV15-03-L3/sub-phpV15-03-L3_obj-14abmx_ophys.nwb	99383812	52	14	8
sub-C2-AAV1blind-03/sub-C2-AAV1blind-03_ses-20240904_obj-k0sgb6_ophys.nwb	204415704	46	20	7
sub-AAV-V15-D5/sub-AAV-V15-D5_obj-16hiiiu_ophys.nwb	20730849260	1517	16	15
sub-PHP-V15-L11/sub-PHP-V15-L11_obj-4iw0rm_ophys.nwb	82241576	81	24	17
sub-phpV9-4/sub-phpV9-4_ses-20230425_obj-1r2c1ye_ophys.nwb	43796391712	2154	33	18
sub-C1-04-03/sub-C1-04-03_ses-20240619_obj-xfq1yr_ophys.nwb	127816148	40	14	7
sub-PHP-V15-L13/sub-PHP-V15-L13_obj-11xsd4p_ophys.nwb	54879440	24	9	5
sub-phpV15-4/sub-phpV15-4_ses-20230925_obj-159ntiz_ophys.nwb	5273276198	357	31	22
sub-CaMPARI1-C202T/sub-CaMPARI1-C202T_ses-flourescence-recording_ophys.nwb	75858808	590	212	127
sub-AAV-CaMPARI1-C5/sub-AAV-CaMPARI1-C5_obj-1lh9d1n_ophys.nwb	54444276	43	13	8
sub-phpV12-2/sub-phpV12-2_ses-20230417_obj-114rpj2_ophys.nwb	12447871264	705	36	23
sub-AAV-V16-A8/sub-AAV-V16-A8_obj-jrtv5x_ophys.nwb	50258928	27	9	6
sub-PHP-CaMPARI1-M5/sub-PHP-CaMPARI1-M5_obj-11r67ae_ophys.nwb	58724280	27	9	6
sub-phpV10-6/sub-phpV10-6_ses-20230515_obj-1rqhzqg_ophys.nwb	27662360804	1300	45	30
sub-phpV14-blind-03/sub-phpV14-blind-03_ses-20240910_obj-adu3kl_ophys.nwb	236462968	56	24	8
sub-phpV12-7/sub-phpV12-7_ses-20230531_obj-aadnf2_ophys.nwb	11756743142	686	43	28
sub-AAV-V16-A8/sub-AAV-V16-A8_obj-aduz4d_ophys.nwb	59490660	27	9	6
sub-AAV-V16-A8/sub-AAV-V16-A8_obj-gnui1n_ophys.nwb	83009676	79	22	18
sub-phpV14-01-H2/sub-phpV14-01-H2_ses-20241022_obj-1hpbaem_ophys.nwb	132880908	90	24	16
sub-phpV17-2/sub-phpV17-2_ses-20230910_obj-1p7utzn_ophys.nwb	3738257648	261	27	18
sub-phpV14-03-H5/sub-phpV14-03-H5_ses-20241118_obj-1azvirj_ophys.nwb	157933400	46	14	8
sub-C1-04-03/sub-C1-04-03_ses-20240619_obj-kw6x6u_ophys.nwb	135803660	45	15	8
sub-PHP-V15-L23/sub-PHP-V15-L23_obj-cyqrcb_ophys.nwb	57802340	39	12	7
sub-phpV14-04-H6/sub-phpV14-04-H6_ses-20241119_obj-ebbge5_ophys.nwb	158216192	58	20	9
sub-phpV7-3/sub-phpV7-3_ses-20230410_obj-13qg1zr_ophys.nwb	13559983482	644	39	25
sub-AAV-V15-D5/sub-AAV-V15-D5_obj-mix9g0_ophys.nwb	20485229284	1567	20	18
sub-phpV7-3/sub-phpV7-3_ses-20230410_obj-1bd3k6h_ophys.nwb	39822818316	2273	51	31
sub-PHP-V15-L11/sub-PHP-V15-L11_obj-1e1m093_ophys.nwb	61455428	33	12	6
sub-PHP-V15-L13/sub-PHP-V15-L13_obj-1xmwpti_ophys.nwb	59772380	28	10	6
sub-phpV14-1/sub-phpV14-1_ses-20230809_obj-3rpn7b_ophys.nwb	13831557970	767	39	24
sub-PHP-CaMPARI1-M5/sub-PHP-CaMPARI1-M5_obj-quaqz6_ophys.nwb	72833640	87	24	20
sub-phpV15-03-L3/sub-phpV15-03-L3_obj-mif3b8_ophys.nwb	102456844	34	12	6
sub-phpV11-5/sub-phpV11-5_ses-20230508_obj-zvfyfe_ophys.nwb	19855328648	960	39	25
sub-phpV11-4/sub-phpV11-4_ses-20230508_obj-1tovr63_ophys.nwb	12881443602	679	34	23
sub-PHP-V16-K7/sub-PHP-V16-K7_obj-1czoejo_ophys.nwb	65995592	77	20	18
sub-PHP-V15-L11/sub-PHP-V15-L11_obj-wepoia_ophys.nwb	79359224	81	24	18
sub-phpV17-2/sub-phpV17-2_ses-20230910_obj-1g5oedx_ophys.nwb	4246042312	315	35	23
sub-PHP-V15-L23/sub-PHP-V15-L23_obj-10i02v5_ophys.nwb	55166660	31	10	6
sub-phpV11-4/sub-phpV11-4_ses-20230508_obj-hqaqwf_ophys.nwb	22652403640	1040	40	26
sub-phpV15-1/sub-phpV15-1_ses-20230826_obj-jmxszi_ophys.nwb	13621744834	715	36	23
sub-C1-04-01/sub-C1-04-01_obj-3zuok_ophys.nwb	189021128	72	25	11
sub-phpV15-4/sub-phpV15-4_ses-20230925_obj-j39ogg_ophys.nwb	5904017364	361	30	22
sub-phpV14-03-H5/sub-phpV14-03-H5_ses-20241118_obj-uq3eh6_ophys.nwb	179951044	64	19	11
sub-PHP-V15-L13/sub-PHP-V15-L13_obj-1w5zm69_ophys.nwb	62987300	40	13	7
sub-phpV15-1/sub-phpV15-1_ses-20230826_obj-10bul5u_ophys.nwb	5227112005	325	31	21
sub-PHP-V14-H11/sub-PHP-V14-H11_obj-1nq2cms_ophys.nwb	57857544	43	13	8
sub-AAV-V15-D7/sub-AAV-V15-D7_obj-1kzkkl1_ophys.nwb	58743000	27	9	6
sub-AAV-V14-B6/sub-AAV-V14-B6_obj-t8r7vk_ophys.nwb	61697328	35	11	7
sub-mouse8-C2R 15degrees/sub-mouse8-C2R 15degrees_obj-t1qx9y_ophys.nwb	17613190068	1204	39	27
sub-phpV15-03-L3/sub-phpV15-03-L3_obj-e648ew_ophys.nwb	140929796	84	20	18
sub-PHP-V15-L23/sub-PHP-V15-L23_obj-1o7jkls_ophys.nwb	62760604	24	8	6
sub-C2-AAV1blind-03/sub-C2-AAV1blind-03_ses-20240904_obj-1jwaucd_ophys.nwb	189580968	57	21	10
sub-phpV15-blind-02/sub-phpV15-blind-02_obj-nftbvw_ophys.nwb	254429025	66	25	12
sub-phpV9-10/sub-phpV9-10_ses-20230802_obj-1i8ekxc_ophys.nwb	17947279534	841	42	28
sub-PHP-V16-K7/sub-PHP-V16-K7_obj-sagfla_ophys.nwb	68332192	66	17	16
sub-C2-04-03/sub-C2-04-03_obj-1fvipbb_ophys.nwb	232360916	114	28	21
sub-phpV13-4/sub-phpV13-4_ses-20230918_obj-1fqc1aj_ophys.nwb	9002861419	486	38	25
sub-AAV-V15-D6/sub-AAV-V15-D6_obj-2xl2n7_ophys.nwb	94633404	65	19	16
sub-phpV15-03-L3/sub-phpV15-03-L3_obj-1u0m3iv_ophys.nwb	127595996	74	18	16
sub-phpV14-01-H2/sub-phpV14-01-H2_ses-20241022_obj-1cpznmf_ophys.nwb	159993260	111	27	22
sub-PHP-V16-K7/sub-PHP-V16-K7_obj-zmg05k_ophys.nwb	53404164	30	8	7
sub-phpV15-4/sub-phpV15-4_ses-20230925_obj-408kud_ophys.nwb	55592693540	2477	43	31
sub-phpV14-03-H5/sub-phpV14-03-H5_ses-20241118_obj-1ts9vc5_ophys.nwb	153891552	62	18	11
sub-AAV-CaMPARI1-C5/sub-AAV-CaMPARI1-C5_obj-lml1f9_ophys.nwb	160675832	94	33	20
sub-AAV-V16-A7/sub-AAV-V16-A7_obj-mxzltc_ophys.nwb	64100076	28	9	7
sub-PHP-V14-H11/sub-PHP-V14-H11_obj-10wbloh_ophys.nwb	76047032	84	23	20
sub-phpV14-01-H2/sub-phpV14-01-H2_ses-20241022_obj-1s0zd8p_ophys.nwb	132083124	51	16	9
sub-C1-AAV1blind-03/sub-C1-AAV1blind-03_ses-20240916_obj-9nn5nz_ophys.nwb	199421020	58	23	9
sub-phpV16-2/sub-phpV16-2_ses-20230906_obj-1qcjbjd_ophys.nwb	6075177321	353	32	19
sub-PHP-V14-H11/sub-PHP-V14-H11_obj-ga62cx_ophys.nwb	44488856	29	8	6
sub-AAV-V15-D5/sub-AAV-V15-D5_obj-cqqj8a_ophys.nwb	96497376	33	15	6
sub-AAV-V16-A8/sub-AAV-V16-A8_obj-1p479qq_ophys.nwb	87303600	46	16	8
sub-phpV15-4/sub-phpV15-4_ses-20230925_obj-19ao519_ophys.nwb	8002543436	367	34	22
sub-C1-04-02/sub-C1-04-02_ses-20240618_obj-1c7luks_ophys.nwb	196045868	95	28	17
sub-PHP-CaMPARI1-M5/sub-PHP-CaMPARI1-M5_obj-29xiic_ophys.nwb	64845212	32	10	8
sub-AAV-V15-D5/sub-AAV-V15-D5_obj-roai9q_ophys.nwb	80951604	75	21	17
sub-C2-04-02/sub-C2-04-02_obj-1rjh9ej_ophys.nwb	242819452	107	32	19
sub-mouse2-DC1-1L-C2-1R-2/sub-mouse2-DC1-1L-C2-1R-2_obj-yqqchh_ophys.nwb	50921754592	1978	41	29
sub-phpV13-4/sub-phpV13-4_ses-20230918_obj-12vsy76_ophys.nwb	7402397810	424	33	27
sub-C1-AAV1blind-03/sub-C1-AAV1blind-03_ses-20240916_obj-1txdrp2_ophys.nwb	185281484	99	28	18
sub-phpV14-04-H6/sub-phpV14-04-H6_ses-20241119_obj-1cba8xo_ophys.nwb	225635328	62	21	10
sub-phpV18-2/sub-phpV18-2_ses-20230911_obj-1qukf09_ophys.nwb	6418388933	375	32	20
sub-PHP-V16-K7/sub-PHP-V16-K7_obj-o9syeu_ophys.nwb	49583348	45	12	8
sub-phpV16-blind-01/sub-phpV16-blind-01_ses-20240909_obj-1yndjo5_ophys.nwb	254333144	54	21	9
sub-CaMPARI2-T202C/sub-CaMPARI2-T202C_ses-flourescence-recording_ophys.nwb	71384104	556	197	118
sub-phpV14-03-H5/sub-phpV14-03-H5_ses-20241118_obj-1mxs36r_ophys.nwb	147622432	81	22	16
sub-AAV-V15-D5/sub-AAV-V15-D5_obj-ctue1c_ophys.nwb	65257640	37	13	7
sub-phpV14-03-H5/sub-phpV14-03-H5_ses-20241118_obj-4trrpu_ophys.nwb	166010533	65	21	11
sub-phpV12-1/sub-phpV12-1_ses-20230413_obj-1aaebg8_ophys.nwb	12454296958	531	46	28
sub-phpV14-01-H2/sub-phpV14-01-H2_ses-20241022_obj-ql75gl_ophys.nwb	188591144	46	19	8
sub-mouse5-undDC1-1L-C2-1R-5 Right/sub-mouse5-undDC1-1L-C2-1R-5 Right_obj-i44jjf_ophys.nwb	32853595360	1712	35	29
sub-phpV12-7/sub-phpV12-7_ses-20230531_obj-ac9yua_ophys.nwb	20339724466	766	38	27
sub-PHP-V14-H11/sub-PHP-V14-H11_obj-1j2cnt9_ophys.nwb	49774872	33	9	7
sub-C2-04-02/sub-C2-04-02_obj-1xfbeqb_ophys.nwb	238290576	62	27	9
sub-phpV12-4/sub-phpV12-4_ses-20230511_obj-bwsvg6_ophys.nwb	13767685746	724	39	25
sub-phpV11-5/sub-phpV11-5_ses-20230508_obj-bimkvj_ophys.nwb	46590128907	2146	34	21
sub-phpV14-03-H5/sub-phpV14-03-H5_ses-20241118_obj-1fhe2xg_ophys.nwb	184197769	95	27	19
sub-C1-04-01/sub-C1-04-01_obj-3o87u2_ophys.nwb	220193664	64	25	10
sub-PHP-CaMPARI1-M5/sub-PHP-CaMPARI1-M5_obj-1nzb269_ophys.nwb	54360432	35	11	7
sub-AAV-CaMPARI1-C5/sub-AAV-CaMPARI1-C5_obj-qjlnzq_ophys.nwb	103958288	42	18	7
sub-AAV-V15-D8/sub-AAV-V15-D8_obj-ctwdvy_ophys.nwb	57855236	35	11	7
sub-AAV-CaMPARI1-C5/sub-AAV-CaMPARI1-C5_obj-f7pich_ophys.nwb	102176992	52	22	8
sub-phpV9-4/sub-phpV9-4_ses-20230425_obj-1uw72cx_ophys.nwb	8896384210	429	38	30
sub-phpV16-2/sub-phpV16-2_ses-20230906_obj-1az8uxb_ophys.nwb	6648089623	387	36	19
sub-phpV15-05-L5/sub-phpV15-05-L5_obj-cfxhbw_ophys.nwb	211936956	89	26	17
sub-AAV-V15-D7/sub-AAV-V15-D7_obj-1qeg7kf_ophys.nwb	64231092	28	9	7
sub-phpV14-03-H5/sub-phpV14-03-H5_ses-20241118_obj-g1k3t7_ophys.nwb	165633512	53	17	10
sub-phpV14-3/sub-phpV14-3_ses-20230914_obj-12lx6vc_ophys.nwb	6300402501	416	36	23
sub-phpV13-4/sub-phpV13-4_ses-20230918_obj-1ypyw8c_ophys.nwb	41488053918	1900	32	19
sub-phpV15-blind-02/sub-phpV15-blind-02_obj-1sx6vnj_ophys.nwb	211569604	79	22	12
sub-C1-04-01/sub-C1-04-01_obj-dxn4rz_ophys.nwb	221409236	107	36	18
sub-phpV14-01-H2/sub-phpV14-01-H2_ses-20241022_obj-58lrbp_ophys.nwb	156396884	56	15	10
sub-phpV15-04-L4/sub-phpV15-04-L4_obj-1dseuc1_ophys.nwb	157529532	48	17	8
sub-PHP-V15-L11/sub-PHP-V15-L11_obj-183t12g_ophys.nwb	74939172	69	21	15
sub-phpV15-04-L4/sub-phpV15-04-L4_obj-15tuasu_ophys.nwb	216198204	51	18	9
sub-phpV11-5/sub-phpV11-5_ses-20230508_obj-xszhdi_ophys.nwb	7794014808	430	37	24
sub-phpV14-04-H6/sub-phpV14-04-H6_ses-20241119_obj-1d0j4ct_ophys.nwb	212068608	114	30	22
sub-PHP-V15-L11/sub-PHP-V15-L11_obj-1e23z3j_ophys.nwb	69627268	34	12	7
sub-phpV14-01-H2/sub-phpV14-01-H2_ses-20241022_obj-kzl5be_ophys.nwb	136313536	51	16	9
sub-phpV14-03-H5/sub-phpV14-03-H5_ses-20241118_obj-115pxky_ophys.nwb	131299252	41	14	8
sub-phpV8-3/sub-phpV8-3_ses-20230413_obj-1d2dgm7_ophys.nwb	11200085954	575	40	26
sub-phpV14-04-H6/sub-phpV14-04-H6_ses-20241119_obj-2zfneq_ophys.nwb	182834508	55	20	9
sub-phpV12-9/sub-phpV12-9_ses-20230708_obj-1fd63gh_ophys.nwb	12645627898	666	35	23
sub-phpV12-2/sub-phpV12-2_ses-20230417_obj-1aux9zw_ophys.nwb	30843727996	1468	38	26
sub-phpV9-3/sub-phpV9-3_ses-20230424_obj-1v2s7g7_ophys.nwb	18814846192	867	39	24
sub-CaMPARI1-C150T-F198Y-C202A/sub-CaMPARI1-C150T-F198Y-C202A_ses-flourescence-recording_ophys.nwb	72706096	563	204	118
sub-phpV9-4/sub-phpV9-4_ses-20230425_obj-j5jq5h_ophys.nwb	44409396188	2051	46	20
sub-AAV-V14-B6/sub-AAV-V14-B6_obj-1ml9a6n_ophys.nwb	64534332	31	10	7
sub-phpV16-blind-03/sub-phpV16-blind-03_ses-20240913_obj-147ewtz_ophys.nwb	184692580	69	22	10
sub-phpV14-1/sub-phpV14-1_ses-20230809_obj-9f71dt_ophys.nwb	41572467033	1915	38	20
sub-phpV16-blind-02/sub-phpV16-blind-02_ses-20240909_obj-1ca5grh_ophys.nwb	244842452	109	32	20
sub-phpV15-4/sub-phpV15-4_ses-20230925_obj-15hrzbx_ophys.nwb	49760754112	2331	38	28
sub-phpV14-04-H6/sub-phpV14-04-H6_ses-20241119_obj-1pwvv1k_ophys.nwb	198648500	108	29	20
sub-AAV-V16-A8/sub-AAV-V16-A8_obj-17yigqp_ophys.nwb	59364684	27	9	6
sub-phpV13-1/sub-phpV13-1_ses-20230808_obj-1reyfpp_ophys.nwb	18789218040	784	38	26
sub-phpV16-blind-03/sub-phpV16-blind-03_ses-20240913_obj-1umkyvn_ophys.nwb	210796916	51	19	9
sub-phpV10-7/sub-phpV10-7_ses-20230522_obj-17l7jnx_ophys.nwb	28242750140	1050	47	29
sub-phpV15-04-L4/sub-phpV15-04-L4_obj-tj5bs2_ophys.nwb	219423012	47	24	7
sub-PHP-V16-K7/sub-PHP-V16-K7_obj-1doclb0_ophys.nwb	45528436	21	6	5
sub-phpV14-04-H6/sub-phpV14-04-H6_ses-20241119_obj-1x9xdyj_ophys.nwb	223858444	110	30	18
sub-phpV8-4/sub-phpV8-4_ses-20230502_obj-2g99c1_ophys.nwb	20171377068	981	46	25
sub-PHP-V14-H11/sub-PHP-V14-H11_obj-xdeld6_ophys.nwb	54904628	31	10	6
sub-phpV14-blind-02/sub-phpV14-blind-02_ses-20240904_obj-wsr63b_ophys.nwb	147645748	53	19	8
sub-CaMPARI1-Q142V-C150T-F198Y-C202T/sub-CaMPARI1-Q142V-C150T-F198Y-C202T_ses-flourescence-recording_ophys.nwb	72139528	561	200	119
sub-phpV14-03-H5/sub-phpV14-03-H5_ses-20241118_obj-1il232p_ophys.nwb	173458936	95	24	18
sub-phpV8-3/sub-phpV8-3_ses-20230413_obj-179ed14_ophys.nwb	52684008848	2633	37	22
sub-PHP-V15-L11/sub-PHP-V15-L11_obj-3veah7_ophys.nwb	72344840	69	21	15
sub-C2-04-03/sub-C2-04-03_obj-1tseba_ophys.nwb	215835216	60	19	10
sub-AAV-V15-D7/sub-AAV-V15-D7_obj-p16d1j_ophys.nwb	81704604	63	18	15
sub-phpV15-4/sub-phpV15-4_ses-20230925_obj-1kp8ykk_ophys.nwb	6000236230	359	27	21
sub-phpV18-1/sub-phpV18-1_ses-20230904_obj-1j0qwpz_ophys.nwb	7174875203	404	30	19
sub-C2-04-02/sub-C2-04-02_obj-1em9t9_ophys.nwb	203613040	90	27	17
sub-phpV15-04-L4/sub-phpV15-04-L4_obj-hs3kbr_ophys.nwb	205268944	91	28	16
sub-C2-04-01/sub-C2-04-01_ses-20240729_obj-clfpst_ophys.nwb	215339068	120	33	22
sub-phpV14-03-H5/sub-phpV14-03-H5_ses-20241118_obj-ojkyvr_ophys.nwb	131275264	69	18	11
sub-PHP-V16-K7/sub-PHP-V16-K7_obj-1outaq9_ophys.nwb	44816396	29	8	6
sub-mouse2-DC1-1L-C2-1R-2/sub-mouse2-DC1-1L-C2-1R-2_obj-1y5iyhl_ophys.nwb	70647034156	2536	43	28
sub-phpV7-7/sub-phpV7-7_ses-20230519_obj-1y8exyk_ophys.nwb	16080882420	832	42	25
sub-phpV15-blind-02/sub-phpV15-blind-02_obj-qcvjmm_ophys.nwb	198134812	55	20	9
sub-phpV14-04-H6/sub-phpV14-04-H6_ses-20241119_obj-r6n8s1_ophys.nwb	175087812	54	19	9
sub-C2-04-03/sub-C2-04-03_obj-nbu2ag_ophys.nwb	201146428	63	18	11
sub-phpV14-01-H2/sub-phpV14-01-H2_ses-20241022_obj-u1ca7j_ophys.nwb	135432100	62	19	10
sub-AAV-V15-D6/sub-AAV-V15-D6_obj-11w8bcm_ophys.nwb	83007952	81	24	17
sub-phpV8-3/sub-phpV8-3_ses-20230413_obj-1bprwi_ophys.nwb	52839452750	2651	38	20
sub-phpV14-04-H6/sub-phpV14-04-H6_ses-20241119_obj-1kau0n8_ophys.nwb	213178224	60	20	9
sub-phpV18-3/sub-phpV18-3_ses-20230921_obj-7yac69_ophys.nwb	6047374034	383	40	18
sub-phpV14-2/sub-phpV14-2_ses-20230817_obj-1rreumc_ophys.nwb	48105716726	1874	48	30
sub-AAV-CaMPARI1-C9/sub-AAV-CaMPARI1-C9_obj-1aw96w5_ophys.nwb	57430484	69	18	16
sub-AAV-V16-A8/sub-AAV-V16-A8_obj-13q54bv_ophys.nwb	69414840	59	17	14
sub-phpV9-10/sub-phpV9-10_ses-20230802_obj-1p2kfmy_ophys.nwb	14805727346	785	34	27
sub-phpV15-05-L5/sub-phpV15-05-L5_obj-1u8hfns_ophys.nwb	162257796	86	24	16
sub-PHP-CaMPARI1-M5/sub-PHP-CaMPARI1-M5_obj-12k4nrh_ophys.nwb	58905672	43	13	8
sub-phpV8-5/sub-phpV8-5_ses-20230510_obj-190fo9x_ophys.nwb	5562046348	357	35	26
sub-phpV16-1/sub-phpV16-1_ses-20230827_obj-wktnv1_ophys.nwb	4887672417	303	27	19
sub-PHP-V14-H11/sub-PHP-V14-H11_obj-kpfale_ophys.nwb	42694952	21	6	5
sub-C1-AAV1blind-01/sub-C1-AAV1blind-01_ses-20240920_obj-1c6uk0z_ophys.nwb	219565008	109	34	20
sub-phpV16-1/sub-phpV16-1_ses-20230827_obj-1yfs3b0_ophys.nwb	5881329247	348	32	19
sub-phpV9-10/sub-phpV9-10_ses-20230802_obj-1tbrox7_ophys.nwb	15054980534	744	40	27
sub-phpV8-5/sub-phpV8-5_ses-20230510_obj-j8bze5_ophys.nwb	7836743441	457	39	28
sub-phpV16-blind-01/sub-phpV16-blind-01_ses-20240909_obj-1152qa8_ophys.nwb	245917848	64	30	8
sub-phpV11-1/sub-phpV11-1_ses-20230419_obj-1jevvp4_ophys.nwb	52140113417	1849	37	20
sub-PHP-V14-H11/sub-PHP-V14-H11_obj-1e4fjun_ophys.nwb	52107972	27	9	6
sub-phpV14-blind-02/sub-phpV14-blind-02_ses-20240904_obj-56wofq_ophys.nwb	173019072	65	22	10
sub-phpV14-04-H6/sub-phpV14-04-H6_ses-20241119_obj-vvh69q_ophys.nwb	176379048	45	18	8
sub-phpV15-1/sub-phpV15-1_ses-20230826_obj-10cr8m3_ophys.nwb	5814832533	359	32	23
sub-PHP-V15-L11/sub-PHP-V15-L11_obj-t3t6bm_ophys.nwb	58023824	25	10	5
sub-C1-04-02/sub-C1-04-02_ses-20240618_obj-x5tigk_ophys.nwb	181995348	57	16	10
sub-AAV-V15-D6/sub-AAV-V15-D6_obj-qh3qqf_ophys.nwb	83098032	38	14	7
sub-mouse5-undDC1-1L-C2-1R-5 Right/sub-mouse5-undDC1-1L-C2-1R-5 Right_obj-ti90r_ophys.nwb	36962150384	1633	41	30
sub-phpV15-04-L4/sub-phpV15-04-L4_obj-116mmif_ophys.nwb	180829572	42	19	7
sub-AAV-CaMPARI1-C9/sub-AAV-CaMPARI1-C9_obj-8mfv2f_ophys.nwb	87814160	38	14	7
sub-C2-04-01/sub-C2-04-01_ses-20240729_obj-1xzyvti_ophys.nwb	268654573	110	32	20
sub-AAV-V15-D8/sub-AAV-V15-D8_obj-1daxdq5_ophys.nwb	67304112	75	21	17
sub-phpV14-2/sub-phpV14-2_ses-20230817_obj-n3q1sg_ophys.nwb	12027399940	634	33	24
sub-phpV13-3/sub-phpV13-3_ses-20230909_obj-o2n06d_ophys.nwb	4270380772	258	32	26
sub-phpV14-4/sub-phpV14-4_ses-20230921_obj-1pfcvo6_ophys.nwb	7744054100	444	30	22
sub-PHP-V15-L13/sub-PHP-V15-L13_obj-1t3rfp_ophys.nwb	53896820	24	9	5
sub-phpV15-3/sub-phpV15-3_ses-20230924_obj-2xgpzk_ophys.nwb	41949120077	1957	45	25
sub-phpV16-blind-01/sub-phpV16-blind-01_ses-20240909_obj-169psfr_ophys.nwb	199407168	57	22	9
sub-AAV-CaMPARI1-C9/sub-AAV-CaMPARI1-C9_obj-1qhd5jl_ophys.nwb	55664124	27	9	6
sub-AAV-V15-D7/sub-AAV-V15-D7_obj-mqjuhd_ophys.nwb	53332464	31	10	7
sub-phpV14-01-H2/sub-phpV14-01-H2_ses-20241022_obj-1kdgic3_ophys.nwb	220070660	63	22	10
sub-AAV-CaMPARI1-C5/sub-AAV-CaMPARI1-C5_obj-sgurfy_ophys.nwb	61130636	35	11	7
sub-phpV15-03-L3/sub-phpV15-03-L3_obj-13l059h_ophys.nwb	159087920	51	14	9
sub-phpV10-4/sub-phpV10-4_ses-20230420_obj-1jwb3wp_ophys.nwb	18561825688	865	41	26
sub-PHP-CaMPARI1-M6/sub-PHP-CaMPARI1-M6_obj-12vnnnx_ophys.nwb	54471288	37	10	8
sub-phpV11-5/sub-phpV11-5_ses-20230508_obj-1k01mur_ophys.nwb	3412021428	293	42	30
sub-phpV10-7/sub-phpV10-7_ses-20230522_obj-udi3y7_ophys.nwb	22356580084	1039	43	27
sub-phpV10-6/sub-phpV10-6_ses-20230515_obj-3pd06o_ophys.nwb	26635163608	1207	44	27
sub-phpV14-01-H2/sub-phpV14-01-H2_ses-20241022_obj-1c1nckm_ophys.nwb	171995028	113	31	19
sub-AAV-V15-D6/sub-AAV-V15-D6_obj-5ursyu_ophys.nwb	54747012	27	9	6
sub-PHP-V14-H11/sub-PHP-V14-H11_obj-1shv8w1_ophys.nwb	47285568	33	9	7
sub-C2-04-03/sub-C2-04-03_obj-36vqo8_ophys.nwb	168830428	88	26	16
sub-AAV-V15-D8/sub-AAV-V15-D8_obj-uiz4ty_ophys.nwb	52126692	27	9	6
sub-phpV15-3/sub-phpV15-3_ses-20230924_obj-lwkq8t_ophys.nwb	36602022670	1903	56	31
sub-phpV14-04-H6/sub-phpV14-04-H6_ses-20241119_obj-1fk74e4_ophys.nwb	214135124	70	22	10
sub-phpV9-10/sub-phpV9-10_ses-20230802_obj-1ye78r4_ophys.nwb	15189364480	749	36	22
sub-phpV14-03-H5/sub-phpV14-03-H5_ses-20241118_obj-71ntui_ophys.nwb	132650932	71	20	11
sub-AAV-CaMPARI1-C8/sub-AAV-CaMPARI1-C8_obj-1szikwk_ophys.nwb	79297244	76	21	18
sub-C1-04-02/sub-C1-04-02_ses-20240618_obj-1owh103_ophys.nwb	251112872	82	28	13
sub-phpV15-blind-02/sub-phpV15-blind-02_obj-n6j84g_ophys.nwb	248532192	73	23	12
sub-phpV14-1/sub-phpV14-1_ses-20230809_obj-1w0ilvu_ophys.nwb	53505992025	2385	47	31
sub-phpV18-2/sub-phpV18-2_ses-20230911_obj-38o8bb_ophys.nwb	46589647796	2062	50	29
sub-PHP-CaMPARI1-M5/sub-PHP-CaMPARI1-M5_obj-1gks9y6_ophys.nwb	69876048	40	12	9
sub-AAV-CaMPARI1-C5/sub-AAV-CaMPARI1-C5_obj-1kwmorr_ophys.nwb	82724508	31	12	7
sub-phpV10-7/sub-phpV10-7_ses-20230521_obj-e4zl73_ophys.nwb	55129467629	2409	45	22
sub-phpV17-3/sub-phpV17-3_ses-20230926_obj-8j94hr_ophys.nwb	73060761556	2461	43	21
sub-mouse1-DC1-1L-C2-1R-1 Left/sub-mouse1-DC1-1L-C2-1R-1 Left_obj-17ibh2w_ophys.nwb	33806700216	1363	47	31
sub-phpV14-4/sub-phpV14-4_ses-20230921_obj-1oj41a5_ophys.nwb	14704385928	609	31	27
sub-PHP-V15-L11/sub-PHP-V15-L11_obj-eqhyot_ophys.nwb	69954808	34	12	7
sub-PHP-V14-H11/sub-PHP-V14-H11_obj-b9s407_ophys.nwb	59055292	24	8	6
sub-AAV-V15-D8/sub-AAV-V15-D8_obj-m9szuz_ophys.nwb	69239048	36	11	8
sub-phpV9-10/sub-phpV9-10_ses-20230802_obj-3eslmx_ophys.nwb	18797785350	844	36	28
sub-PHP-V14-H11/sub-PHP-V14-H11_obj-1dg9puv_ophys.nwb	62270240	36	11	8
sub-AAV-V14-B6/sub-AAV-V14-B6_obj-g8alrz_ophys.nwb	62310560	28	9	7
sub-phpV15-2/sub-phpV15-2_ses-20230905_obj-1nt2ura_ophys.nwb	15637400034	760	45	23
sub-PHP-V16-K7/sub-PHP-V16-K7_obj-zfu9ik_ophys.nwb	54684976	22	6	6
sub-mouse4-DC1-1L-C2-1R-4 Right/sub-mouse4-DC1-1L-C2-1R-4 Right_obj-17kpv2s_ophys.nwb	24356321514	1369	37	29
sub-AAV-V14-B6/sub-AAV-V14-B6_obj-1g3i7hh_ophys.nwb	77958840	36	12	7
sub-AAV-V16-A7/sub-AAV-V16-A7_obj-6ceqr8_ophys.nwb	69639096	28	10	6
sub-PHP-V14-H11/sub-PHP-V14-H11_obj-1btyy9b_ophys.nwb	75312888	61	16	15
sub-phpV16-blind-01/sub-phpV16-blind-01_ses-20240909_obj-dmnw0z_ophys.nwb	247820240	96	33	17
sub-AAV-V14-B6/sub-AAV-V14-B6_obj-1fx3dfn_ophys.nwb	99846596	80	22	18
sub-phpV12-9/sub-phpV12-9_ses-20230708_obj-ug7z0i_ophys.nwb	4141784004	337	35	27
sub-phpV8-3/sub-phpV8-3_ses-20230413_obj-557u0z_ophys.nwb	12583819626	669	40	27
sub-phpV8-4/sub-phpV8-4_ses-20230502_obj-6329hf_ophys.nwb	9737980807	524	40	25
sub-phpV8-4/sub-phpV8-4_ses-20230502_obj-1c0t5t2_ophys.nwb	11161332514	586	43	28
sub-AAV-V16-A8/sub-AAV-V16-A8_obj-153u3x8_ophys.nwb	67445908	67	19	15
sub-phpV12-1/sub-phpV12-1_ses-20230413_obj-8dgvno_ophys.nwb	14250457564	702	36	24
sub-phpV15-04-L4/sub-phpV15-04-L4_obj-krxg5f_ophys.nwb	156501052	68	21	10
sub-C1-04-01/sub-C1-04-01_obj-134zbnv_ophys.nwb	208131332	84	29	12
sub-AAV-V14-B6/sub-AAV-V14-B6_obj-16ozfqz_ophys.nwb	87835416	54	18	9
sub-phpV8-5/sub-phpV8-5_ses-20230510_obj-pb9ih3_ophys.nwb	7840837324	462	39	30
sub-phpV14-01-H2/sub-phpV14-01-H2_ses-20241022_obj-43f7jd_ophys.nwb	229802632	69	24	11
sub-AAV-V15-D8/sub-AAV-V15-D8_obj-1uc9vu8_ophys.nwb	55074552	27	9	6
sub-AAV-V15-D6/sub-AAV-V15-D6_obj-1vyp4v2_ophys.nwb	55841928	27	9	6
sub-phpV9-3/sub-phpV9-3_ses-20230424_obj-16lons9_ophys.nwb	23500001556	1138	46	28
sub-phpV16-blind-01/sub-phpV16-blind-01_ses-20240909_obj-1kefyct_ophys.nwb	184868488	54	19	9
sub-PHP-V16-K7/sub-PHP-V16-K7_obj-2o3f1_ophys.nwb	50762648	37	10	7
sub-C2-04-02/sub-C2-04-02_obj-wndyqo_ophys.nwb	249315144	62	21	10
sub-PHP-CaMPARI1-M6/sub-PHP-CaMPARI1-M6_obj-1m5q9c8_ophys.nwb	68656260	69	18	16
sub-phpV14-4/sub-phpV14-4_ses-20230921_obj-1qmozg3_ophys.nwb	52393980838	2448	39	28
sub-PHP-V15-L23/sub-PHP-V15-L23_obj-1w8divr_ophys.nwb	64373024	63	18	15
sub-AAV-V15-D7/sub-AAV-V15-D7_obj-1iajg6p_ophys.nwb	71973260	71	20	17
sub-PHP-V14-H11/sub-PHP-V14-H11_obj-1jn6buk_ophys.nwb	43788456	25	7	6
sub-C1-AAV1blind-03/sub-C1-AAV1blind-03_ses-20240916_obj-hvmh2q_ophys.nwb	251365112	62	21	10
sub-phpV12-3/sub-phpV12-3_ses-20230510_obj-148bhu1_ophys.nwb	44239711796	2068	41	23
sub-phpV12-7/sub-phpV12-7_ses-20230531_obj-1sqzw5s_ophys.nwb	14814362128	711	38	27
sub-PHP-V14-H11/sub-PHP-V14-H11_obj-191s5n3_ophys.nwb	51649416	27	9	6
sub-AAV-V15-D6/sub-AAV-V15-D6_obj-1iw6rlh_ophys.nwb	88186584	76	22	17
sub-AAV-V14-B6/sub-AAV-V14-B6_obj-22xlpi_ophys.nwb	83007540	83	23	18
sub-PHP-CaMPARI1-M6/sub-PHP-CaMPARI1-M6_obj-tgoxh3_ophys.nwb	56653212	35	11	7
sub-phpV14-04-H6/sub-phpV14-04-H6_ses-20241119_obj-59jv8c_ophys.nwb	161899556	54	19	9
sub-phpV10-7/sub-phpV10-7_ses-20230522_obj-7ma28t_ophys.nwb	15179045144	749	44	25
sub-PHP-V14-H11/sub-PHP-V14-H11_obj-1nxbbuc_ophys.nwb	53876688	27	9	6
sub-mouse3-DC1-1L-C2-1R-3 Left/sub-mouse3-DC1-1L-C2-1R-3 Left_obj-ltc7bl_ophys.nwb	11035975260	970	50	35
sub-AAV-V15-D5/sub-AAV-V15-D5_obj-1islwvi_ophys.nwb	104215472	87	26	21
sub-PHP-V14-H11/sub-PHP-V14-H11_obj-fslo1y_ophys.nwb	53266928	31	10	6
sub-phpV15-blind-04/sub-phpV15-blind-04_ses-20240910_obj-tl8ski_ophys.nwb	200398868	108	33	19
sub-AAV-V15-D6/sub-AAV-V15-D6_obj-ewo1uo_ophys.nwb	55795140	27	9	6
sub-phpV16-2/sub-phpV16-2_ses-20230906_obj-1o52g11_ophys.nwb	6761060941	403	40	22
sub-phpV15-4/sub-phpV15-4_ses-20230925_obj-1tm21f8_ophys.nwb	10201232074	539	28	20
sub-AAV-V14-B6/sub-AAV-V14-B6_obj-sfgjjc_ophys.nwb	55776420	27	9	6
sub-phpV8-4/sub-phpV8-4_ses-20230502_obj-aguoor_ophys.nwb	34662986400	1298	45	28
sub-C2-04-01/sub-C2-04-01_ses-20240729_obj-1dr5cfy_ophys.nwb	203912760	56	20	10
sub-PHP-V15-L11/sub-PHP-V15-L11_obj-1ot42dq_ophys.nwb	72755596	38	13	8
sub-PHP-V14-H11/sub-PHP-V14-H11_obj-cbu6m6_ophys.nwb	53315776	30	8	7
sub-PHP-V15-L13/sub-PHP-V15-L13_obj-2pa1lt_ophys.nwb	50555912	23	8	5
sub-AAV-V15-D6/sub-AAV-V15-D6_obj-scbrkk_ophys.nwb	98627436	66	21	15
sub-phpV7-3/sub-phpV7-3_ses-20230410_obj-9kz0ls_ophys.nwb	26690999108	1119	46	25
sub-phpV17-1/sub-phpV17-1_ses-20230828_obj-j4qox0_ophys.nwb	3552664472	292	31	20
sub-PHP-CaMPARI1-M5/sub-PHP-CaMPARI1-M5_obj-1pfb52c_ophys.nwb	67929844	67	19	15
sub-phpV10-4/sub-phpV10-4_ses-20230420_obj-6eew2m_ophys.nwb	11934403946	599	38	25
sub-phpV14-blind-02/sub-phpV14-blind-02_ses-20240904_obj-1au7j8g_ophys.nwb	172169692	55	20	9
sub-PHP-CaMPARI1-M5/sub-PHP-CaMPARI1-M5_obj-hyf6c9_ophys.nwb	60150324	43	13	8
sub-phpV14-03-H5/sub-phpV14-03-H5_ses-20241118_obj-i89hy8_ophys.nwb	145697208	42	15	8
sub-PHP-V15-L23/sub-PHP-V15-L23_obj-gsxeev_ophys.nwb	61635292	32	10	7
sub-phpV7-7/sub-phpV7-7_ses-20230519_obj-13gcuze_ophys.nwb	54778736460	2812	50	31
sub-phpV14-04-H6/sub-phpV14-04-H6_ses-20241119_obj-97sig7_ophys.nwb	195297056	47	20	8
sub-mouse4-DC1-1L-C2-1R-4 Right/sub-mouse4-DC1-1L-C2-1R-4 Right_obj-oemt1h_ophys.nwb	21361390914	1346	36	29
sub-C2-04-01/sub-C2-04-01_ses-20240729_obj-y9f2zc_ophys.nwb	189656308	46	19	8
sub-phpV15-3/sub-phpV15-3_ses-20230924_obj-16r17oo_ophys.nwb	8931341474	489	33	21
sub-phpV15-03-L3/sub-phpV15-03-L3_obj-oslltl_ophys.nwb	114567864	53	14	9
sub-phpV12-4/sub-phpV12-4_ses-20230511_obj-134lxrx_ophys.nwb	64999825544	2252	36	22
sub-PHP-CaMPARI1-M5/sub-PHP-CaMPARI1-M5_obj-l4vhc0_ophys.nwb	78185136	91	25	20
sub-phpV14-04-H6/sub-phpV14-04-H6_ses-20241119_obj-7ygp6v_ophys.nwb	197807120	64	19	11
sub-PHP-V15-L11/sub-PHP-V15-L11_obj-1udv0iu_ophys.nwb	55337996	25	10	5
sub-CaMPARI2-V142Q/sub-CaMPARI2-V142Q_ses-flourescence-recording_ophys.nwb	76672072	590	219	121
sub-phpV14-4/sub-phpV14-4_ses-20230921_obj-1jvn1f6_ophys.nwb	53392005016	2473	40	22
sub-phpV14-blind-03/sub-phpV14-blind-03_ses-20240910_obj-zy9e89_ophys.nwb	177088768	48	21	8
sub-CaMPARI1-V398D/sub-CaMPARI1-V398D_ses-flourescence-recording_ophys.nwb	77427496	604	213	131
sub-phpV15-05-L5/sub-phpV15-05-L5_obj-8ldiwq_ophys.nwb	161809424	57	18	9
sub-C2-04-02/sub-C2-04-02_obj-j025ch_ophys.nwb	222354912	72	24	12
sub-phpV14-01-H2/sub-phpV14-01-H2_ses-20241022_obj-12rrjy5_ophys.nwb	160785920	55	19	10
sub-C1-AAV1blind-01/sub-C1-AAV1blind-01_ses-20240920_obj-1xksj06_ophys.nwb	204806528	63	17	10
sub-phpV14-04-H6/sub-phpV14-04-H6_ses-20241119_obj-24k1dq_ophys.nwb	178901248	43	15	9
sub-C1-04-02/sub-C1-04-02_ses-20240618_obj-26u2n_ophys.nwb	153655928	63	20	10
sub-AAV-CaMPARI1-C5/sub-AAV-CaMPARI1-C5_obj-13w8q09_ophys.nwb	102651862	52	16	9
sub-phpV14-blind-02/sub-phpV14-blind-02_ses-20240904_obj-da456s_ophys.nwb	157998236	43	15	9
sub-phpV14-03-H5/sub-phpV14-03-H5_ses-20241118_obj-f67f9a_ophys.nwb	143924152	89	21	19
sub-phpV18-1/sub-phpV18-1_ses-20230904_obj-akws8p_ophys.nwb	7755856372	428	30	18
sub-AAV-V16-A7/sub-AAV-V16-A7_obj-1cd6h1q_ophys.nwb	58789788	27	9	6
sub-phpV14-04-H6/sub-phpV14-04-H6_ses-20241119_obj-cdeqha_ophys.nwb	178901248	43	16	8
sub-phpV11-1/sub-phpV11-1_ses-20230419_obj-6orzri_ophys.nwb	42390617600	1993	39	28
sub-phpV15-3/sub-phpV15-3_ses-20230924_obj-19opywn_ophys.nwb	6191979527	379	31	22
sub-phpV10-4/sub-phpV10-4_ses-20230420_obj-1paud1e_ophys.nwb	20107790638	847	43	31
sub-C2-04-03/sub-C2-04-03_obj-1dylryb_ophys.nwb	181957608	55	20	9
sub-phpV15-3/sub-phpV15-3_ses-20230924_obj-1otsqm4_ophys.nwb	7836420380	447	33	22
sub-phpV14-1/sub-phpV14-1_ses-20230809_obj-c5zntl_ophys.nwb	20459311152	998	30	24
sub-C1-AAV1blind-03/sub-C1-AAV1blind-03_ses-20240916_obj-dxxbuj_ophys.nwb	213083376	61	22	10
sub-phpV12-7/sub-phpV12-7_ses-20230531_obj-aafovy_ophys.nwb	10241617994	604	43	32
sub-phpV7-4/sub-phpV7-4_ses-20230428_obj-uzuusr_ophys.nwb	44295431468	2275	43	22
sub-C2-04-01/sub-C2-04-01_ses-20240729_obj-1qk3y25_ophys.nwb	202156589	49	21	9
sub-phpV9-10/sub-phpV9-10_ses-20230802_obj-2omja0_ophys.nwb	16925862954	632	36	25
sub-PHP-CaMPARI1-M5/sub-PHP-CaMPARI1-M5_obj-1xrvflo_ophys.nwb	81084592	56	17	13
sub-AAV-V15-D6/sub-AAV-V15-D6_obj-16x3wn6_ophys.nwb	60803096	35	11	7
sub-phpV14-04-H6/sub-phpV14-04-H6_ses-20241119_obj-p30zj1_ophys.nwb	200350636	97	30	18
sub-mouse5-undDC1-1L-C2-1R-5 Right/sub-mouse5-undDC1-1L-C2-1R-5 Right_obj-112hm3c_ophys.nwb	32049007916	1714	40	30
sub-phpV15-4/sub-phpV15-4_ses-20230925_obj-1fyayfz_ophys.nwb	8167384302	453	32	20
sub-phpV15-03-L3/sub-phpV15-03-L3_obj-skvy31_ophys.nwb	126601688	36	13	7
sub-phpV18-3/sub-phpV18-3_ses-20230921_obj-1aldxgp_ophys.nwb	7010731326	394	39	18
sub-phpV18-1/sub-phpV18-1_ses-20230904_obj-111cr9_ophys.nwb	8690948662	416	30	23
sub-AAV-CaMPARI1-C9/sub-AAV-CaMPARI1-C9_obj-1y3219w_ophys.nwb	58182776	35	11	7
sub-PHP-V14-H11/sub-PHP-V14-H11_obj-1ipd34w_ophys.nwb	57635832	35	11	7
sub-C1-AAV1blind-02/sub-C1-AAV1blind-02_ses-20240916_obj-xm2j5q_ophys.nwb	176785180	47	20	8
sub-AAV-CaMPARI1-C8/sub-AAV-CaMPARI1-C8_obj-mx4gw5_ophys.nwb	75348132	95	26	21
sub-C1-04-03/sub-C1-04-03_ses-20240619_obj-14rgn6v_ophys.nwb	154760874	55	15	9
sub-phpV17-1/sub-phpV17-1_ses-20230828_obj-17vfd3f_ophys.nwb	3641651428	271	43	18
sub-phpV14-4/sub-phpV14-4_ses-20230921_obj-1gwn6mc_ophys.nwb	6369404339	422	34	26
sub-phpV18-2/sub-phpV18-2_ses-20230911_obj-r4zriy_ophys.nwb	45821724529	1928	38	21
sub-phpV9-6/sub-phpV9-6_ses-20230502_obj-1e95bz6_ophys.nwb	27324373292	1289	42	26
sub-phpV14-3/sub-phpV14-3_ses-20230914_obj-9x7ng4_ophys.nwb	3236521612	266	32	23
sub-phpV15-03-L3/sub-phpV15-03-L3_obj-bkjm1s_ophys.nwb	171778328	100	24	18
sub-PHP-V16-K7/sub-PHP-V16-K7_obj-1qh4p4u_ophys.nwb	44685380	29	8	6
sub-AAV-CaMPARI1-C8/sub-AAV-CaMPARI1-C8_obj-1g50gkk_ophys.nwb	58205244	39	12	8
sub-AAV-V15-D8/sub-AAV-V15-D8_obj-1d7eggk_ophys.nwb	80602236	75	21	17
sub-phpV15-4/sub-phpV15-4_ses-20230925_obj-6wxba9_ophys.nwb	7146140398	418	24	17
sub-phpV10-4/sub-phpV10-4_ses-20230420_obj-6fix0t_ophys.nwb	44305009737	2405	37	20
sub-phpV9-6/sub-phpV9-6_ses-20230502_obj-79ba1d_ophys.nwb	8537541813	393	35	23
sub-phpV14-04-H6/sub-phpV14-04-H6_ses-20241119_obj-z9dj2k_ophys.nwb	153803168	86	24	16
sub-AAV-V15-D6/sub-AAV-V15-D6_obj-ul7xeq_ophys.nwb	60635920	43	13	8
sub-PHP-V15-L23/sub-PHP-V15-L23_obj-t5h4wg_ophys.nwb	53979224	23	8	5
sub-phpV7-6/sub-phpV7-6_ses-20230517_obj-3zzlwg_ophys.nwb	3058176404	272	44	26
sub-phpV16-blind-02/sub-phpV16-blind-02_ses-20240909_obj-1ixazko_ophys.nwb	227532264	115	37	19
sub-phpV15-blind-02/sub-phpV15-blind-02_obj-1295sei_ophys.nwb	202318336	51	21	8
sub-phpV15-03-L3/sub-phpV15-03-L3_obj-t5qodi_ophys.nwb	112369312	48	14	8
sub-AAV-V16-A8/sub-AAV-V16-A8_obj-js1ak4_ophys.nwb	52941588	27	9	6
sub-C2-04-02/sub-C2-04-02_obj-1uuihbw_ophys.nwb	199366016	96	29	18
sub-AAV-CaMPARI1-C5/sub-AAV-CaMPARI1-C5_obj-1pt4w16_ophys.nwb	82129220	63	21	13
sub-phpV15-05-L5/sub-phpV15-05-L5_obj-1hju2l3_ophys.nwb	181333032	49	18	8
sub-PHP-V15-L11/sub-PHP-V15-L11_obj-sas2ni_ophys.nwb	63380348	41	14	7
sub-phpV18-3/sub-phpV18-3_ses-20230921_obj-k6ed35_ophys.nwb	4996850620	276	38	20
sub-phpV16-1/sub-phpV16-1_ses-20230827_obj-1umxfhl_ophys.nwb	8300775971	390	35	20
sub-phpV16-blind-01/sub-phpV16-blind-01_ses-20240909_obj-18sxq07_ophys.nwb	223472556	60	20	9
sub-C1-AAV1blind-01/sub-C1-AAV1blind-01_ses-20240920_obj-1pw9ard_ophys.nwb	214424576	47	20	8
sub-phpV9-10/sub-phpV9-10_ses-20230802_obj-1hto9eg_ophys.nwb	12716998796	682	38	25
sub-C2-04-02/sub-C2-04-02_obj-ru543t_ophys.nwb	221213508	75	23	11
sub-AAV-V15-D6/sub-AAV-V15-D6_obj-10boh7z_ophys.nwb	58754268	39	12	8
sub-phpV16-2/sub-phpV16-2_ses-20230906_obj-11jlgyf_ophys.nwb	5961242771	374	39	18
sub-phpV9-3/sub-phpV9-3_ses-20230424_obj-wcqvv1_ophys.nwb	45735520038	2250	37	19
sub-phpV15-blind-02/sub-phpV15-blind-02_obj-1xb993i_ophys.nwb	239351760	93	31	16
sub-phpV7-6/sub-phpV7-6_ses-20230517_obj-n7l5so_ophys.nwb	44218648302	2406	37	20
sub-phpV16-blind-02/sub-phpV16-blind-02_ses-20240909_obj-vs7odb_ophys.nwb	203815264	53	23	7
sub-phpV14-03-H5/sub-phpV14-03-H5_ses-20241118_obj-15higny_ophys.nwb	123976160	40	14	7
sub-phpV12-7/sub-phpV12-7_ses-20230531_obj-1ub75nq_ophys.nwb	14524481926	605	37	25
sub-C2-04-03/sub-C2-04-03_obj-mb2mzu_ophys.nwb	191692756	48	15	9
sub-AAV-CaMPARI1-C8/sub-AAV-CaMPARI1-C8_obj-1s0awyh_ophys.nwb	85779480	46	16	8
sub-phpV14-blind-03/sub-phpV14-blind-03_ses-20240910_obj-1rotmjm_ophys.nwb	185978028	57	16	10
sub-AAV-CaMPARI1-C5/sub-AAV-CaMPARI1-C5_obj-1qwgvfx_ophys.nwb	77409588	30	12	6
sub-AAV-V15-D6/sub-AAV-V15-D6_obj-1bjrghy_ophys.nwb	64134052	43	13	8
sub-PHP-V16-K7/sub-PHP-V16-K7_obj-h7u72k_ophys.nwb	50190772	33	9	7
sub-AAV-CaMPARI1-C5/sub-AAV-CaMPARI1-C5_obj-hfrzkj_ophys.nwb	61173264	35	11	7
sub-PHP-V14-H11/sub-PHP-V14-H11_obj-mhfree_ophys.nwb	49840352	33	9	7
sub-phpV16-blind-02/sub-phpV16-blind-02_ses-20240909_obj-n1zv4_ophys.nwb	192234200	51	21	7
sub-phpV17-3/sub-phpV17-3_ses-20230926_obj-pa0hu8_ophys.nwb	4613837610	307	34	17
sub-phpV10-4/sub-phpV10-4_ses-20230420_obj-jj5ehz_ophys.nwb	36812437370	2105	44	28
sub-phpV17-3/sub-phpV17-3_ses-20230926_obj-1b9tkzj_ophys.nwb	5411754404	337	41	19
sub-phpV9-4/sub-phpV9-4_ses-20230425_obj-1ryixn3_ophys.nwb	27937481772	1246	39	25
sub-phpV9-13/sub-phpV9-13_ses-20230822_obj-qww47_ophys.nwb	13663368996	709	35	23
sub-phpV18-2/sub-phpV18-2_ses-20230911_obj-5gq7i1_ophys.nwb	52276170925	1931	42	20
sub-AAV-V15-D5/sub-AAV-V15-D5_obj-fj298_ophys.nwb	72203796	46	16	8
sub-phpV15-05-L5/sub-phpV15-05-L5_obj-1jo0ks1_ophys.nwb	185685280	45	18	8
sub-phpV12-9/sub-phpV12-9_ses-20230708_obj-vusr7a_ophys.nwb	6555329619	426	35	24
sub-phpV18-2/sub-phpV18-2_ses-20230911_obj-kaiijc_ophys.nwb	36340238775	1811	46	18
sub-phpV12-6/sub-phpV12-6_ses-20230530_obj-pi9y0j_ophys.nwb	12549229954	702	37	24
sub-mouse12-C2hSynL-C2CAGR-3 C2hSynL 17-5degrees/sub-mouse12-C2hSynL-C2CAGR-3 C2hSynL 17-5degrees_obj-etnmv0_ophys.nwb	66343361972	2622	44	30
sub-phpV15-05-L5/sub-phpV15-05-L5_obj-i2f06e_ophys.nwb	165900752	47	16	8
sub-AAV-CaMPARI1-C5/sub-AAV-CaMPARI1-C5_obj-1dcm339_ophys.nwb	64013768	28	9	7
sub-phpV15-2/sub-phpV15-2_ses-20230905_obj-14xiie5_ophys.nwb	48496658622	2231	39	20
sub-phpV12-2/sub-phpV12-2_ses-20230417_obj-vjrw71_ophys.nwb	78113193080	2901	39	26
sub-AAV-V15-D5/sub-AAV-V15-D5_obj-1e9queu_ophys.nwb	75891516	31	12	7
sub-phpV7-7/sub-phpV7-7_ses-20230519_obj-jo5fhg_ophys.nwb	25558829598	1073	42	27
sub-phpV7-3/sub-phpV7-3_ses-20230410_obj-8tg10c_ophys.nwb	18124958790	772	40	26
sub-phpV11-5/sub-phpV11-5_ses-20230508_obj-10d6rsu_ophys.nwb	26367718360	1070	39	26
sub-AAV-CaMPARI1-C5/sub-AAV-CaMPARI1-C5_obj-1ab13fm_ophys.nwb	71858068	30	11	7
sub-phpV17-2/sub-phpV17-2_ses-20230910_obj-140j261_ophys.nwb	4178995940	269	30	21
sub-phpV15-05-L5/sub-phpV15-05-L5_obj-aesuau_ophys.nwb	188034496	70	22	12
sub-AAV-V15-D7/sub-AAV-V15-D7_obj-1p5uoj_ophys.nwb	68143492	32	10	8
sub-AAV-CaMPARI1-C8/sub-AAV-CaMPARI1-C8_obj-xx08fh_ophys.nwb	82859864	84	23	20
sub-phpV15-03-L3/sub-phpV15-03-L3_obj-19h57bn_ophys.nwb	126309824	44	12	9
sub-phpV14-04-H6/sub-phpV14-04-H6_ses-20241119_obj-z0j9l6_ophys.nwb	173267432	43	15	9
sub-phpV14-04-H6/sub-phpV14-04-H6_ses-20241119_obj-1k92w1e_ophys.nwb	168466384	46	18	9
sub-phpV15-3/sub-phpV15-3_ses-20230924_obj-bp66c5_ophys.nwb	6025120536	342	33	21
sub-C2-04-01/sub-C2-04-01_ses-20240729_obj-u940af_ophys.nwb	215537668	47	19	9
sub-C2-04-03/sub-C2-04-03_obj-g4lphs_ophys.nwb	226812792	62	20	11
sub-phpV8-5/sub-phpV8-5_ses-20230510_obj-1k371fy_ophys.nwb	10308972554	520	39	27
sub-phpV14-04-H6/sub-phpV14-04-H6_ses-20241119_obj-eh98vx_ophys.nwb	183126372	46	18	9
sub-PHP-V16-K7/sub-PHP-V16-K7_obj-22osqd_ophys.nwb	53184760	30	8	7
sub-AAV-V15-D8/sub-AAV-V15-D8_obj-1dpwgp9_ophys.nwb	60235104	28	9	7
sub-phpV11-4/sub-phpV11-4_ses-20230508_obj-lybolh_ophys.nwb	19161645788	780	37	27
sub-CaMPARI2-F391W/sub-CaMPARI2-F391W_ses-flourescence-recording_ophys.nwb	73781392	571	208	119
sub-phpV16-blind-01/sub-phpV16-blind-01_ses-20240909_obj-1k6yn3o_ophys.nwb	245593412	120	37	21
sub-phpV9-13/sub-phpV9-13_ses-20230822_obj-ep3qgy_ophys.nwb	7990224869	480	41	28
sub-phpV12-4/sub-phpV12-4_ses-20230511_obj-x9bq79_ophys.nwb	52660348546	2426	35	21
sub-phpV18-2/sub-phpV18-2_ses-20230911_obj-q1mj4b_ophys.nwb	11990231188	552	35	21
sub-phpV9-6/sub-phpV9-6_ses-20230502_obj-w1s8bk_ophys.nwb	16693959712	623	36	24
sub-phpV15-03-L3/sub-phpV15-03-L3_obj-1ln2hzy_ophys.nwb	112662288	35	12	7
sub-phpV11-4/sub-phpV11-4_ses-20230508_obj-12m0s1x_ophys.nwb	13445178870	675	38	27
sub-phpV17-3/sub-phpV17-3_ses-20230926_obj-1ntiwps_ophys.nwb	4996637080	311	40	19
sub-phpV14-blind-03/sub-phpV14-blind-03_ses-20240910_obj-kgfvxb_ophys.nwb	223869356	62	27	9
sub-C2-AAV1blind-03/sub-C2-AAV1blind-03_ses-20240904_obj-17dbxr9_ophys.nwb	210612140	115	32	20
sub-phpV10-7/sub-phpV10-7_ses-20230522_obj-1wzzt6l_ophys.nwb	29185783380	1279	43	27
sub-PHP-CaMPARI1-M5/sub-PHP-CaMPARI1-M5_obj-y4myt3_ophys.nwb	59051820	27	9	6
sub-phpV10-7/sub-phpV10-7_ses-20230521_obj-1gfdizu_ophys.nwb	46715601802	2157	39	21
sub-phpV14-04-H6/sub-phpV14-04-H6_ses-20241119_obj-v7hslq_ophys.nwb	201869948	53	21	10
sub-phpV12-6/sub-phpV12-6_ses-20230530_obj-nnlsm2_ophys.nwb	17538235506	923	41	26
sub-phpV14-04-H6/sub-phpV14-04-H6_ses-20241119_obj-wydojl_ophys.nwb	177571996	45	18	8
sub-phpV10-7/sub-phpV10-7_ses-20230522_obj-os5gzg_ophys.nwb	22034691008	1023	46	30
sub-phpV12-4/sub-phpV12-4_ses-20230510_obj-yupmh5_ophys.nwb	45110444000	2074	38	20
sub-phpV14-04-H6/sub-phpV14-04-H6_ses-20241119_obj-1lk207w_ophys.nwb	166702400	70	23	11
sub-phpV15-05-L5/sub-phpV15-05-L5_obj-rd1s4s_ophys.nwb	171408156	74	23	11
sub-phpV16-blind-01/sub-phpV16-blind-01_ses-20240909_obj-1e4pzxo_ophys.nwb	247754296	53	26	8
sub-phpV13-3/sub-phpV13-3_ses-20230909_obj-b96gyj_ophys.nwb	4037052384	295	36	26
sub-phpV15-03-L3/sub-phpV15-03-L3_obj-1h5c6g9_ophys.nwb	126353460	36	13	7
sub-phpV9-4/sub-phpV9-4_ses-20230425_obj-1iqh184_ophys.nwb	12040185472	506	39	25
sub-phpV14-01-H2/sub-phpV14-01-H2_ses-20241022_obj-orfjux_ophys.nwb	192156184	49	22	8
sub-C2-04-02/sub-C2-04-02_obj-1ver4z3_ophys.nwb	216621188	109	30	19
sub-AAV-V15-D6/sub-AAV-V15-D6_obj-cckfxw_ophys.nwb	83133972	38	14	8
sub-AAV-V15-D6/sub-AAV-V15-D6_obj-vao634_ophys.nwb	61261652	35	11	7
sub-phpV14-blind-03/sub-phpV14-blind-03_ses-20240910_obj-2h4w3x_ophys.nwb	271665596	126	37	20
sub-PHP-V14-H11/sub-PHP-V14-H11_obj-337x2w_ophys.nwb	54491448	35	11	7
sub-phpV12-7/sub-phpV12-7_ses-20230531_obj-r79pz2_ophys.nwb	11149350754	602	37	25
sub-phpV8-5/sub-phpV8-5_ses-20230510_obj-1n1s81v_ophys.nwb	4853183596	292	36	27
sub-PHP-V14-H11/sub-PHP-V14-H11_obj-ak70pm_ophys.nwb	52501020	27	9	6
sub-C2-04-02/sub-C2-04-02_obj-14z5fn7_ophys.nwb	190600348	61	22	10
sub-mouse2-DC1-1L-C2-1R-2/sub-mouse2-DC1-1L-C2-1R-2_obj-du848d_ophys.nwb	116625170040	3358	45	34
sub-PHP-V14-H11/sub-PHP-V14-H11_obj-hda5lv_ophys.nwb	74681440	56	16	11
sub-phpV16-blind-02/sub-phpV16-blind-02_ses-20240909_obj-17ulmbx_ophys.nwb	224490312	48	18	9
sub-Mouse6-DC1-5L-C2-5R-1/sub-Mouse6-DC1-5L-C2-5R-1_obj-10xaxmr_ophys.nwb	10810527257	901	64	38
sub-phpV14-2/sub-phpV14-2_ses-20230817_obj-w7zu5j_ophys.nwb	12455926864	656	33	21
sub-PHP-V15-L11/sub-PHP-V15-L11_obj-16657uq_ophys.nwb	73216604	65	20	15
sub-phpV9-6/sub-phpV9-6_ses-20230502_obj-1sc3b0h_ophys.nwb	45015121096	2053	34	18
sub-phpV14-03-H5/sub-phpV14-03-H5_ses-20241118_obj-ki9kt7_ophys.nwb	172762588	86	23	17
sub-PHP-V15-L13/sub-PHP-V15-L13_obj-o61dnp_ophys.nwb	80821004	42	15	7
sub-C2-04-01/sub-C2-04-01_ses-20240729_obj-107lg44_ophys.nwb	211420240	91	28	17
sub-C2-04-02/sub-C2-04-02_obj-sahmrg_ophys.nwb	197440012	48	20	9
sub-phpV10-6/sub-phpV10-6_ses-20230515_obj-mercl9_ophys.nwb	18113950606	938	46	31
sub-phpV13-4/sub-phpV13-4_ses-20230918_obj-1amdgmh_ophys.nwb	7146937038	426	36	25
sub-phpV14-03-H5/sub-phpV14-03-H5_ses-20241118_obj-2kzlvh_ophys.nwb	131793484	51	16	9
sub-phpV14-04-H6/sub-phpV14-04-H6_ses-20241119_obj-ybnr68_ophys.nwb	185545596	57	16	10
sub-AAV-V15-D6/sub-AAV-V15-D6_obj-5qlj44_ophys.nwb	61785716	36	12	7
sub-phpV12-4/sub-phpV12-4_ses-20230511_obj-fmqjbw_ophys.nwb	17004917708	877	35	26
sub-AAV-V16-A7/sub-AAV-V16-A7_obj-1e35wr9_ophys.nwb	56935404	31	10	7
sub-phpV7-3/sub-phpV7-3_ses-20230410_obj-qr1k1u_ophys.nwb	44315758612	2255	44	19
sub-phpV10-7/sub-phpV10-7_ses-20230521_obj-14j6yfl_ophys.nwb	42783903641	1988	47	21
sub-PHP-V15-L23/sub-PHP-V15-L23_obj-10hjw58_ophys.nwb	76800068	75	21	16
sub-PHP-CaMPARI1-M5/sub-PHP-CaMPARI1-M5_obj-kikbqg_ophys.nwb	75771444	63	18	15
sub-C2-04-01/sub-C2-04-01_ses-20240729_obj-1ixvb9x_ophys.nwb	184979520	54	18	10
sub-C2-04-02/sub-C2-04-02_obj-29kbap_ophys.nwb	202225624	90	26	18
sub-C2-04-02/sub-C2-04-02_obj-18v3kb8_ophys.nwb	175125280	44	17	8
sub-C1-04-01/sub-C1-04-01_obj-19nfdxd_ophys.nwb	225224988	74	27	11
sub-phpV17-2/sub-phpV17-2_ses-20230910_obj-3xmx35_ophys.nwb	59078510359	2229	36	21
sub-mouse6-DC1-5L-C2-5R-1 5Right/sub-mouse6-DC1-5L-C2-5R-1 5Right_obj-rc0l7g_ophys.nwb	12666954239	1065	46	31
sub-phpV15-04-L4/sub-phpV15-04-L4_obj-13o2sf2_ophys.nwb	191918004	97	30	17
sub-phpV14-03-H5/sub-phpV14-03-H5_ses-20241118_obj-1sgjdff_ophys.nwb	178661536	52	14	9
sub-phpV14-blind-03/sub-phpV14-blind-03_ses-20240910_obj-1xyl2fp_ophys.nwb	174982876	101	24	19
sub-PHP-V14-H11/sub-PHP-V14-H11_obj-rd6y55_ophys.nwb	56008160	57	15	14
sub-CaMPARI2-F391W-L398V/sub-CaMPARI2-F391W-L398V_ses-flourescence-recording_ophys.nwb	76991944	598	215	129
sub-C1-04-02/sub-C1-04-02_ses-20240618_obj-1e6dspb_ophys.nwb	230554752	100	27	19
sub-AAV-V16-A8/sub-AAV-V16-A8_obj-15o8b0q_ophys.nwb	52345104	27	9	6
sub-phpV18-2/sub-phpV18-2_ses-20230911_obj-c17bj9_ophys.nwb	48626527880	2258	42	21
sub-AAV-V14-B6/sub-AAV-V14-B6_obj-cnsadd_ophys.nwb	55383372	27	9	6
sub-phpV15-04-L4/sub-phpV15-04-L4_obj-c2qo95_ophys.nwb	208071876	64	25	9
sub-PHP-V15-L23/sub-PHP-V15-L23_obj-1hxyutu_ophys.nwb	52218800	31	10	6
sub-PHP-CaMPARI1-M5/sub-PHP-CaMPARI1-M5_obj-18in8kd_ophys.nwb	74073264	75	21	16
sub-phpV14-01-H2/sub-phpV14-01-H2_ses-20241022_obj-uumkhm_ophys.nwb	134298816	41	14	8
sub-AAV-CaMPARI1-C9/sub-AAV-CaMPARI1-C9_obj-1ybtxgt_ophys.nwb	49797752	33	9	7
sub-C1-AAV1blind-03/sub-C1-AAV1blind-03_ses-20240916_obj-1y0sf7m_ophys.nwb	161350448	82	24	15
sub-phpV10-6/sub-phpV10-6_ses-20230515_obj-1z0xsis_ophys.nwb	36912684258	1845	38	19
sub-phpV8-4/sub-phpV8-4_ses-20230502_obj-uyc6tb_ophys.nwb	29642025588	1329	44	26
sub-AAV-CaMPARI1-C8/sub-AAV-CaMPARI1-C8_obj-1hbyuv1_ophys.nwb	64287384	66	18	15
sub-phpV14-03-H5/sub-phpV14-03-H5_ses-20241118_obj-1ev8qjc_ophys.nwb	157500336	82	23	15
sub-PHP-V14-H11/sub-PHP-V14-H11_obj-lq7v2v_ophys.nwb	65179280	57	15	14
sub-phpV14-04-H6/sub-phpV14-04-H6_ses-20241119_obj-1lux69_ophys.nwb	178560848	53	17	9
sub-C2-04-03/sub-C2-04-03_obj-1s9bsx1_ophys.nwb	124127928	49	15	8
sub-PHP-V14-H11/sub-PHP-V14-H11_obj-134bn1m_ophys.nwb	46932840	25	7	6
sub-AAV-V14-B6/sub-AAV-V14-B6_obj-8qjviz_ophys.nwb	75171768	90	24	19
sub-PHP-V15-L11/sub-PHP-V15-L11_obj-tn5jz8_ophys.nwb	76016648	77	23	18
sub-phpV8-4/sub-phpV8-4_ses-20230502_obj-tuw56t_ophys.nwb	28926332368	1103	45	29
sub-C1-AAV1blind-02/sub-C1-AAV1blind-02_ses-20240916_obj-102q6vp_ophys.nwb	233066652	51	24	8
sub-AAV-V15-D6/sub-AAV-V15-D6_obj-1pu9p1r_ophys.nwb	74123640	91	25	21
sub-PHP-V15-L11/sub-PHP-V15-L11_obj-1jl2j3q_ophys.nwb	85683284	61	19	14
sub-phpV14-04-H6/sub-phpV14-04-H6_ses-20241119_obj-169kokx_ophys.nwb	173873716	54	19	9
sub-PHP-V14-H11/sub-PHP-V14-H11_obj-1jvy3d7_ophys.nwb	43853964	25	7	6
sub-PHP-V15-L11/sub-PHP-V15-L11_obj-1fja4fc_ophys.nwb	59661524	25	10	5
sub-phpV10-7/sub-phpV10-7_ses-20230521_obj-ixx9nt_ophys.nwb	42180045436	1959	46	21
sub-CaMPARI1-A146L-F198Y/sub-CaMPARI1-A146L-F198Y_ses-flourescence-recording_ophys.nwb	76294360	590	215	125
sub-CaMPARI2-Y198F/sub-CaMPARI2-Y198F_ses-flourescence-recording_ophys.nwb	74216944	577	207	123
sub-AAV-CaMPARI1-C9/sub-AAV-CaMPARI1-C9_obj-kdo13_ophys.nwb	87407076	72	21	16
sub-AAV-CaMPARI1-C9/sub-AAV-CaMPARI1-C9_obj-nxfush_ophys.nwb	45844392	33	9	7
sub-phpV14-04-H6/sub-phpV14-04-H6_ses-20241119_obj-11gwlhs_ophys.nwb	224819684	118	29	19
sub-AAV-V15-D7/sub-AAV-V15-D7_obj-llqn19_ophys.nwb	82048580	76	21	18
sub-PHP-V15-L11/sub-PHP-V15-L11_obj-175os0i_ophys.nwb	61520936	33	12	6
sub-phpV14-4/sub-phpV14-4_ses-20230921_obj-8ux323_ophys.nwb	50265969646	2518	41	20
sub-phpV15-05-L5/sub-phpV15-05-L5_obj-1vr3i9t_ophys.nwb	160215360	48	18	7
sub-C1-AAV1blind-03/sub-C1-AAV1blind-03_ses-20240916_obj-lnetl0_ophys.nwb	185217088	92	26	17
sub-PHP-V14-H11/sub-PHP-V14-H11_obj-1j0ej6f_ophys.nwb	66927864	63	18	15
sub-PHP-V15-L11/sub-PHP-V15-L11_obj-10k5szj_ophys.nwb	67114304	41	14	7
sub-C2-AAV1blind-03/sub-C2-AAV1blind-03_ses-20240904_obj-umcqai_ophys.nwb	280125348	57	24	9
sub-phpV12-7/sub-phpV12-7_ses-20230531_obj-1gp9i7q_ophys.nwb	13824537758	725	40	25
sub-C2-04-03/sub-C2-04-03_obj-ux2mck_ophys.nwb	216913336	52	19	9
sub-AAV-V16-A8/sub-AAV-V16-A8_obj-bwo9sk_ophys.nwb	53919088	31	10	7
sub-PHP-V14-H11/sub-PHP-V14-H11_obj-us9n6s_ophys.nwb	44619872	29	8	6
sub-phpV15-05-L5/sub-phpV15-05-L5_obj-9tos24_ophys.nwb	199397212	62	23	10
sub-AAV-V16-A8/sub-AAV-V16-A8_obj-14as702_ophys.nwb	75700908	71	20	17
sub-AAV-V15-D8/sub-AAV-V15-D8_obj-1v92l1p_ophys.nwb	62517572	47	14	9
sub-phpV17-1/sub-phpV17-1_ses-20230828_obj-2pw1jb_ophys.nwb	7781030009	376	43	21
sub-PHP-V15-L23/sub-PHP-V15-L23_obj-bxi5ib_ophys.nwb	61449380	47	14	8
sub-phpV8-4/sub-phpV8-4_ses-20230502_obj-16m3dd_ophys.nwb	25580601104	1217	40	25
sub-phpV9-4/sub-phpV9-4_ses-20230425_obj-qnlwds_ophys.nwb	59684336624	2069	36	20
sub-C1-AAV1blind-02/sub-C1-AAV1blind-02_ses-20240916_obj-ydy4g8_ophys.nwb	228088044	51	18	9
sub-phpV11-4/sub-phpV11-4_ses-20230508_obj-3alwpr_ophys.nwb	13672373566	574	36	24
sub-PHP-V15-L23/sub-PHP-V15-L23_obj-1j3o6g8_ophys.nwb	66459292	59	17	14
sub-phpV8-3/sub-phpV8-3_ses-20230413_obj-bu0n26_ophys.nwb	8084948967	478	43	25
sub-phpV12-4/sub-phpV12-4_ses-20230511_obj-17yrumd_ophys.nwb	14694401502	818	36	25
sub-PHP-V14-H11/sub-PHP-V14-H11_obj-1h1xmrz_ophys.nwb	55736100	35	11	7
sub-phpV12-3/sub-phpV12-3_ses-20230510_obj-1v1xog7_ophys.nwb	19562709888	1040	46	25
sub-phpV13-1/sub-phpV13-1_ses-20230808_obj-r3qpz6_ophys.nwb	17898835818	781	39	26
sub-phpV17-3/sub-phpV17-3_ses-20230926_obj-uo0htn_ophys.nwb	3953296344	279	38	18
sub-C1-04-01/sub-C1-04-01_obj-146votq_ophys.nwb	223203664	75	29	10
sub-PHP-V15-L23/sub-PHP-V15-L23_obj-dn271y_ophys.nwb	54864308	39	12	7
sub-phpV10-6/sub-phpV10-6_ses-20230515_obj-1r0uglk_ophys.nwb	37683308472	2083	39	19
sub-PHP-V15-L23/sub-PHP-V15-L23_obj-1h3ntq8_ophys.nwb	51948284	27	9	6
sub-AAV-V15-D6/sub-AAV-V15-D6_obj-1d4j1g0_ophys.nwb	81078036	30	12	6
sub-phpV14-03-H5/sub-phpV14-03-H5_ses-20241118_obj-610gn1_ophys.nwb	154461477	44	16	9
sub-C2-04-02/sub-C2-04-02_obj-1uv4k53_ophys.nwb	166761976	44	18	7
sub-phpV14-04-H6/sub-phpV14-04-H6_ses-20241119_obj-9guj1v_ophys.nwb	244926109	64	23	10
sub-PHP-V15-L13/sub-PHP-V15-L13_obj-1whqy8u_ophys.nwb	60800348	32	11	6
sub-phpV15-05-L5/sub-phpV15-05-L5_obj-162ip0m_ophys.nwb	156088356	48	18	7
sub-C1-AAV1blind-02/sub-C1-AAV1blind-02_ses-20240916_obj-18o4ngq_ophys.nwb	185138020	46	19	7
