asset_path	bytes_sent	number_of_requests	number_of_downloads	number_of_views
sub-29641/sub-29641_ses-20250322T062748_ecephys.nwb	746682640	191	46	23
sub-24846/sub-24846_ses-20241125T215118_ecephys.nwb	565504492	204	62	20
sub-24846/sub-24846_ses-20241127T134525_ecephys.nwb	453648884	211	57	23
sub-25897/sub-25897_ses-20241113T202241_ecephys.nwb	691649020	193	54	19
sub-29713/sub-29713_ses-20250425T165810_ecephys.nwb	510963132	241	52	21
sub-25897/sub-25897_ses-20241111T122845_ecephys.nwb	515899780	199	51	21
sub-24846/sub-24846_ses-20241120T125616_ecephys.nwb	592816532	234	77	22
sub-26296/sub-26296_ses-20250305T154055_ecephys.nwb	648681192	193	41	18
sub-29713/sub-29713_ses-20250425T222600_ecephys.nwb	364354432	192	52	19
sub-25897/sub-25897_ses-20241025T001529_ecephys.nwb	572196540	180	48	20
sub-26265/sub-26265_ses-20241223T110717_ecephys.nwb	493676568	180	42	18
sub-26303/sub-26303_ses-20250320T040623_ecephys.nwb	578930604	202	41	20
sub-26265/sub-26265_ses-20241223T095816_ecephys.nwb	541944828	201	43	19
sub-26342/sub-26342_ses-20241127T153731_ecephys.nwb	469395568	199	42	21
sub-26265/sub-26265_ses-20241223T074013_ecephys.nwb	552335260	203	43	20
sub-26265/sub-26265_ses-20241223T022059_ecephys.nwb	474529620	196	43	20
sub-25876/sub-25876_ses-20241108T164114_ecephys.nwb	560122736	195	51	21
sub-26296/sub-26296_ses-20250226T195622_ecephys.nwb	373332560	174	39	20
sub-25273/sub-25273_ses-20250428T202916_ecephys.nwb	670193564	252	50	25
sub-29713/sub-29713_ses-20250426T000054_ecephys.nwb	312081408	158	44	16
sub-26303/sub-26303_ses-20250327T183712_ecephys.nwb	463030320	158	39	20
sub-26349/sub-26349_ses-20250322T034320_ecephys.nwb	429262360	169	40	18
sub-25897/sub-25897_ses-20241113T164702_ecephys.nwb	544319468	176	44	19
sub-26303/sub-26303_ses-20250319T212922_ecephys.nwb	632709596	181	46	18
sub-25876/sub-25876_ses-20241108T224333_ecephys.nwb	596943292	177	49	19
sub-29641/sub-29641_ses-20250321T203233_ecephys.nwb	450783364	181	42	19
sub-26265/sub-26265_ses-20241224T171029_ecephys.nwb	429335008	210	44	22
sub-29641/sub-29641_ses-20250320T033134_ecephys.nwb	411453496	149	38	17
sub-24846/sub-24846_ses-20241127T210509_ecephys.nwb	527945000	233	60	24
sub-29641/sub-29641_ses-20250319T184520_ecephys.nwb	372939412	150	39	17
sub-29641/sub-29641_ses-20250331T184408_ecephys.nwb	416283008	174	39	18
sub-25273/sub-25273_ses-20250429T005626_ecephys.nwb	587328316	216	47	22
sub-26265/sub-26265_ses-20241223T085752_ecephys.nwb	471765868	210	45	20
sub-25876/sub-25876_ses-20241108T142312_ecephys.nwb	519484108	195	52	20
sub-24846/sub-24846_ses-20241125T092909_ecephys.nwb	536362932	230	59	21
sub-29641/sub-29641_ses-20250331T161737_ecephys.nwb	430170692	149	38	17
sub-25897/sub-25897_ses-20241024T221442_ecephys.nwb	584191652	172	52	19
sub-26342/sub-26342_ses-20241120T155717_ecephys.nwb	351011568	156	38	17
sub-26303/sub-26303_ses-20250319T215515_ecephys.nwb	521426156	154	38	17
sub-25897/sub-25897_ses-20241119T180323_ecephys.nwb	513448420	201	47	20
sub-25876/sub-25876_ses-20241111T200557_ecephys.nwb	510475484	188	50	20
sub-25897/sub-25897_ses-20241108T231759_ecephys.nwb	1149405520	234	57	21
sub-26296/sub-26296_ses-20250305T181609_ecephys.nwb	683868440	196	41	20
sub-26271/sub-26271_ses-20250402T020940_ecephys.nwb	568137720	160	43	19
sub-26265/sub-26265_ses-20241223T083159_ecephys.nwb	541139596	162	38	17
sub-29641/sub-29641_ses-20250320T024826_ecephys.nwb	445028849	152	40	18
sub-29641/sub-29641_ses-20250326T182930_ecephys.nwb	361669900	169	40	18
sub-25897/sub-25897_ses-20241120T012323_ecephys.nwb	453764396	159	39	17
sub-25897/sub-25897_ses-20241119T192939_ecephys.nwb	505634320	214	47	20
sub-25897/sub-25897_ses-20241119T141902_ecephys.nwb	593843168	197	49	19
sub-29641/sub-29641_ses-20250321T194925_ecephys.nwb	453142808	176	41	18
sub-26265/sub-26265_ses-20241223T104124_ecephys.nwb	498268392	176	42	18
sub-26271/sub-26271_ses-20250402T060235_ecephys.nwb	522662100	187	39	19
sub-25876/sub-25876_ses-20241111T142932_ecephys.nwb	539795256	191	49	20
sub-29641/sub-29641_ses-20250326T231414_ecephys.nwb	393051896	169	40	18
sub-24846/sub-24846_ses-20241125T130453_ecephys.nwb	512300520	218	51	21
sub-26265/sub-26265_ses-20241224T191953_ecephys.nwb	414991524	194	42	19
sub-26296/sub-26296_ses-20250305T121355_ecephys.nwb	543724136	195	41	19
sub-29641/sub-29641_ses-20250322T061033_ecephys.nwb	577025300	175	40	18
sub-26271/sub-26271_ses-20250401T163140_ecephys.nwb	395926744	169	40	18
sub-26296/sub-26296_ses-20250226T183007_ecephys.nwb	363650116	157	38	17
sub-26265/sub-26265_ses-20241223T050455_ecephys.nwb	442022288	169	40	18
sub-25897/sub-25897_ses-20241113T183033_ecephys.nwb	579792248	191	45	20
sub-25897/sub-25897_ses-20241108T233514_ecephys.nwb	920039404	177	46	19
sub-26303/sub-26303_ses-20250327T211229_ecephys.nwb	414575584	149	38	17
sub-24846/sub-24846_ses-20241127T144546_ecephys.nwb	438657940	217	50	21
sub-25897/sub-25897_ses-20241107T085754_ecephys.nwb	686937880	187	49	20
sub-26265/sub-26265_ses-20241223T031245_ecephys.nwb	428239140	170	41	18
sub-26303/sub-26303_ses-20250319T185400_ecephys.nwb	425618444	149	38	17
sub-26342/sub-26342_ses-20241127T152853_ecephys.nwb	436786720	172	39	18
sub-25273/sub-25273_ses-20250428T171103_ecephys.nwb	638051756	194	45	20
sub-26265/sub-26265_ses-20241224T151821_ecephys.nwb	417696684	200	41	21
sub-26349/sub-26349_ses-20250321T204937_ecephys.nwb	490830760	156	45	17
sub-25273/sub-25273_ses-20250428T212936_ecephys.nwb	534183304	174	43	18
sub-25876/sub-25876_ses-20241108T160643_ecephys.nwb	558572812	200	50	21
sub-25876/sub-25876_ses-20241111T173918_ecephys.nwb	543617196	213	51	22
sub-25897/sub-25897_ses-20241107T175251_ecephys.nwb	954735200	243	60	22
sub-25897/sub-25897_ses-20241024T201354_ecephys.nwb	597689936	225	51	22
sub-26296/sub-26296_ses-20250305T232639_ecephys.nwb	626527732	139	34	15
sub-25897/sub-25897_ses-20241108T195936_ecephys.nwb	926475320	171	47	17
sub-25876/sub-25876_ses-20241111T164733_ecephys.nwb	476034836	150	43	16
sub-24846/sub-24846_ses-20241127T163751_ecephys.nwb	433557812	190	48	18
sub-26271/sub-26271_ses-20250402T000853_ecephys.nwb	548183504	178	44	16
sub-29713/sub-29713_ses-20250425T144008_ecephys.nwb	428514164	137	38	15
sub-25897/sub-25897_ses-20241120T010608_ecephys.nwb	512118416	146	44	14
sub-26296/sub-26296_ses-20250226T202215_ecephys.nwb	378348056	158	35	15
sub-25897/sub-25897_ses-20241109T011007_ecephys.nwb	945036040	197	45	20
sub-26349/sub-26349_ses-20250321T220711_ecephys.nwb	388820668	106	31	10
sub-26303/sub-26303_ses-20250319T203734_ecephys.nwb	456862932	98	29	10
sub-25897/sub-25897_ses-20241120T025819_ecephys.nwb	614524588	113	44	10
sub-26303/sub-26303_ses-20250319T214638_ecephys.nwb	518889220	117	32	11
sub-25273/sub-25273_ses-20250428T150147_ecephys.nwb	620826332	116	39	12
sub-24846/sub-24846_ses-20241127T234021_ecephys.nwb	488431288	166	48	14
sub-25273/sub-25273_ses-20250428T134414_ecephys.nwb	1048292052	196	70	14
sub-25273/sub-25273_ses-20250428T192020_ecephys.nwb	558578004	128	39	12
sub-26303/sub-26303_ses-20250319T180213_ecephys.nwb	449587132	190	43	20
sub-25897/sub-25897_ses-20241025T005000_ecephys.nwb	607318460	115	48	11
sub-26303/sub-26303_ses-20250319T224702_ecephys.nwb	499063632	114	31	10
sub-26265/sub-26265_ses-20241224T132612_ecephys.nwb	308403608	87	30	9
sub-29641/sub-29641_ses-20250327T043328_ecephys.nwb	416907904	166	39	18
sub-25897/sub-25897_ses-20241113T183911_ecephys.nwb	529475596	120	36	11
sub-26265/sub-26265_ses-20241223T051332_ecephys.nwb	441790772	132	35	11
sub-26303/sub-26303_ses-20250327T214700_ecephys.nwb	393724568	89	30	9
sub-26265/sub-26265_ses-20241224T221224_ecephys.nwb	434241008	146	36	12
sub-24846/sub-24846_ses-20241127T211346_ecephys.nwb	432482352	127	43	13
sub-26303/sub-26303_ses-20250319T223825_ecephys.nwb	490481660	91	30	9
sub-24846/sub-24846_ses-20241120T185843_ecephys.nwb	450250584	214	58	21
sub-26349/sub-26349_ses-20250321T170531_ecephys.nwb	436696648	182	42	20
sub-25897/sub-25897_ses-20241113T135431_ecephys.nwb	550248444	209	46	22
sub-24846/sub-24846_ses-20241127T170343_ecephys.nwb	421901156	115	41	12
sub-25273/sub-25273_ses-20250429T021400_ecephys.nwb	548397404	181	44	20
sub-26303/sub-26303_ses-20250327T095935_ecephys.nwb	521825164	134	39	11
sub-29641/sub-29641_ses-20250327T032427_ecephys.nwb	422173472	190	43	19
sub-24846/sub-24846_ses-20241125T175818_ecephys.nwb	546672436	228	56	23
sub-25897/sub-25897_ses-20241111T165610_ecephys.nwb	639914096	272	62	25
sub-26265/sub-26265_ses-20241224T145228_ecephys.nwb	376922092	174	41	18
sub-25876/sub-25876_ses-20241111T233259_ecephys.nwb	500693004	198	49	21
sub-26271/sub-26271_ses-20250401T215051_ecephys.nwb	474453948	158	38	17
sub-26296/sub-26296_ses-20250305T205124_ecephys.nwb	694128372	139	34	11
sub-25897/sub-25897_ses-20241024T182144_ecephys.nwb	541248704	182	50	20
sub-29713/sub-29713_ses-20250425T133944_ecephys.nwb	393465736	198	45	20
sub-25897/sub-25897_ses-20241113T224919_ecephys.nwb	548303088	98	33	10
sub-25897/sub-25897_ses-20241113T152924_ecephys.nwb	615922488	254	55	23
sub-26303/sub-26303_ses-20250327T124330_ecephys.nwb	372339888	168	39	18
sub-25876/sub-25876_ses-20241109T003542_ecephys.nwb	572084460	149	42	13
sub-26303/sub-26303_ses-20250320T030558_ecephys.nwb	523154772	144	32	12
sub-25897/sub-25897_ses-20241113T224042_ecephys.nwb	614256732	185	46	19
sub-25876/sub-25876_ses-20241108T175852_ecephys.nwb	508796292	168	48	19
sub-26303/sub-26303_ses-20250320T052403_ecephys.nwb	477090928	109	29	10
sub-26265/sub-26265_ses-20241223T094100_ecephys.nwb	489375056	131	33	11
sub-25876/sub-25876_ses-20241108T234356_ecephys.nwb	548047568	110	39	11
sub-29641/sub-29641_ses-20250331T202734_ecephys.nwb	457365956	221	43	22
sub-24846/sub-24846_ses-20241120T154852_ecephys.nwb	408962516	116	47	11
sub-26296/sub-26296_ses-20250226T170351_ecephys.nwb	369868840	181	40	19
sub-26303/sub-26303_ses-20250320T024004_ecephys.nwb	483446592	110	30	10
sub-25876/sub-25876_ses-20241108T134004_ecephys.nwb	562918236	236	55	23
sub-25897/sub-25897_ses-20241024T200516_ecephys.nwb	564086508	181	49	20
sub-29713/sub-29713_ses-20250425T185019_ecephys.nwb	314178264	88	31	9
sub-26303/sub-26303_ses-20250327T233909_ecephys.nwb	378036500	93	30	10
sub-26342/sub-26342_ses-20241127T221422_ecephys.nwb	395051964	86	29	9
sub-29641/sub-29641_ses-20250322T042702_ecephys.nwb	512981528	91	30	9
sub-26303/sub-26303_ses-20250327T200329_ecephys.nwb	371363368	105	30	10
sub-25897/sub-25897_ses-20241113T153802_ecephys.nwb	478861852	119	36	11
sub-25897/sub-25897_ses-20241113T210549_ecephys.nwb	528647888	100	35	10
sub-25897/sub-25897_ses-20241025T000651_ecephys.nwb	510474308	103	37	11
sub-25897/sub-25897_ses-20241111T185656_ecephys.nwb	440440128	215	47	22
sub-26303/sub-26303_ses-20250327T130045_ecephys.nwb	473279056	226	43	23
sub-26342/sub-26342_ses-20241127T212237_ecephys.nwb	401676860	95	29	10
sub-26265/sub-26265_ses-20241225T003025_ecephys.nwb	375223232	120	32	12
sub-25897/sub-25897_ses-20241108T132249_ecephys.nwb	604340896	106	36	11
sub-25876/sub-25876_ses-20241109T030221_ecephys.nwb	565572660	109	39	11
sub-26349/sub-26349_ses-20250322T000751_ecephys.nwb	419478520	107	32	10
sub-26303/sub-26303_ses-20250319T211206_ecephys.nwb	475502548	214	42	20
sub-26349/sub-26349_ses-20250321T233322_ecephys.nwb	358714704	91	29	9
sub-25876/sub-25876_ses-20241111T212336_ecephys.nwb	525384892	233	53	23
sub-25897/sub-25897_ses-20241107T171820_ecephys.nwb	726858212	138	40	12
sub-24846/sub-24846_ses-20241127T151138_ecephys.nwb	405360320	153	42	13
sub-24846/sub-24846_ses-20241125T180656_ecephys.nwb	537350276	190	50	21
sub-25897/sub-25897_ses-20241113T162947_ecephys.nwb	473900692	142	36	12
sub-26271/sub-26271_ses-20250402T041026_ecephys.nwb	525942256	152	41	12
sub-25897/sub-25897_ses-20241111T204026_ecephys.nwb	443188788	150	44	13
sub-25897/sub-25897_ses-20241024T184737_ecephys.nwb	619900824	111	45	11
sub-25897/sub-25897_ses-20241025T005838_ecephys.nwb	721338592	207	59	22
sub-26342/sub-26342_ses-20241120T193249_ecephys.nwb	405260580	205	42	22
sub-25897/sub-25897_ses-20241108T235229_ecephys.nwb	899520456	153	38	13
sub-26303/sub-26303_ses-20250319T181051_ecephys.nwb	321973264	85	28	9
sub-24846/sub-24846_ses-20241120T155730_ecephys.nwb	441528964	209	58	21
sub-24846/sub-24846_ses-20241120T202500_ecephys.nwb	387511384	155	52	13
sub-26271/sub-26271_ses-20250402T001730_ecephys.nwb	413441828	88	29	9
sub-26296/sub-26296_ses-20250226T172106_ecephys.nwb	367727292	157	35	12
sub-25897/sub-25897_ses-20241107T162634_ecephys.nwb	834672100	246	53	24
sub-26342/sub-26342_ses-20241127T203051_ecephys.nwb	399285544	107	30	10
sub-26342/sub-26342_ses-20241127T150300_ecephys.nwb	402220140	109	30	10
sub-26265/sub-26265_ses-20241225T020518_ecephys.nwb	463101628	233	47	24
sub-25897/sub-25897_ses-20241108T230922_ecephys.nwb	834833880	112	37	11
sub-29641/sub-29641_ses-20250331T230242_ecephys.nwb	427472760	168	39	18
sub-26342/sub-26342_ses-20241127T130213_ecephys.nwb	368201992	90	29	9
sub-25897/sub-25897_ses-20241108T164112_ecephys.nwb	817199660	146	41	13
sub-26265/sub-26265_ses-20241224T214631_ecephys.nwb	376101632	148	37	17
sub-25876/sub-25876_ses-20241111T131154_ecephys.nwb	452338968	105	37	11
sub-26303/sub-26303_ses-20250327T140108_ecephys.nwb	403538296	144	33	13
sub-25897/sub-25897_ses-20241107T120744_ecephys.nwb	832390760	228	52	22
sub-26265/sub-26265_ses-20241223T012034_ecephys.nwb	374124808	147	36	12
sub-24846/sub-24846_ses-20241120T181534_ecephys.nwb	433076880	250	63	23
sub-25897/sub-25897_ses-20241111T210619_ecephys.nwb	360044176	113	34	11
sub-25897/sub-25897_ses-20241111T131153_ecephys.nwb	458709828	141	39	13
sub-26303/sub-26303_ses-20250327T223845_ecephys.nwb	422859580	126	33	11
sub-24846/sub-24846_ses-20241120T210809_ecephys.nwb	511778872	150	53	14
sub-24846/sub-24846_ses-20241127T215653_ecephys.nwb	451209796	208	49	21
sub-24846/sub-24846_ses-20241125T194151_ecephys.nwb	408649656	141	44	13
sub-24846/sub-24846_ses-20241127T153730_ecephys.nwb	432157816	202	48	21
sub-25897/sub-25897_ses-20241024T214011_ecephys.nwb	493045432	104	38	11
sub-26265/sub-26265_ses-20241224T194546_ecephys.nwb	391998720	106	31	10
sub-26303/sub-26303_ses-20250319T175336_ecephys.nwb	481841768	234	45	22
sub-25897/sub-25897_ses-20241107T134238_ecephys.nwb	739849772	133	40	12
sub-26342/sub-26342_ses-20241120T215923_ecephys.nwb	359328052	92	31	9
sub-26342/sub-26342_ses-20241127T144545_ecephys.nwb	356298796	89	28	9
sub-29641/sub-29641_ses-20250320T005617_ecephys.nwb	452275576	141	36	12
sub-25876/sub-25876_ses-20241109T021035_ecephys.nwb	592738800	112	40	11
sub-26303/sub-26303_ses-20250319T195425_ecephys.nwb	448704288	131	33	12
sub-25876/sub-25876_ses-20241111T162140_ecephys.nwb	472680128	143	41	13
sub-26303/sub-26303_ses-20250327T202044_ecephys.nwb	366167772	93	30	10
sub-25897/sub-25897_ses-20241108T174135_ecephys.nwb	824903396	133	38	12
sub-25876/sub-25876_ses-20241111T225829_ecephys.nwb	475248384	199	49	21
sub-25897/sub-25897_ses-20241108T134841_ecephys.nwb	586835884	106	36	11
sub-24846/sub-24846_ses-20241127T222245_ecephys.nwb	440871472	120	44	12
sub-25897/sub-25897_ses-20241113T142024_ecephys.nwb	506767304	207	44	21
sub-24846/sub-24846_ses-20241120T212525_ecephys.nwb	417509448	141	43	15
sub-24846/sub-24846_ses-20241125T230020_ecephys.nwb	425288936	132	41	12
sub-26296/sub-26296_ses-20250305T192509_ecephys.nwb	630734500	167	37	18
sub-25876/sub-25876_ses-20241111T111946_ecephys.nwb	445092060	106	37	11
sub-25897/sub-25897_ses-20241111T181348_ecephys.nwb	447768620	215	47	23
sub-26342/sub-26342_ses-20241127T220545_ecephys.nwb	406989224	89	29	9
sub-26349/sub-26349_ses-20250322T031729_ecephys.nwb	343985672	88	29	9
sub-26296/sub-26296_ses-20250305T172424_ecephys.nwb	550278736	90	28	9
sub-26265/sub-26265_ses-20241224T160129_ecephys.nwb	449834612	266	46	24
sub-26303/sub-26303_ses-20250319T184522_ecephys.nwb	407072088	106	31	10
sub-29641/sub-29641_ses-20250326T204733_ecephys.nwb	358737700	165	38	18
sub-25897/sub-25897_ses-20241111T122008_ecephys.nwb	507951812	187	50	20
sub-26349/sub-26349_ses-20250321T194917_ecephys.nwb	534359680	181	46	19
sub-25897/sub-25897_ses-20241111T144646_ecephys.nwb	531088508	209	47	22
sub-26296/sub-26296_ses-20250305T224331_ecephys.nwb	622237264	112	31	10
sub-26342/sub-26342_ses-20241120T151410_ecephys.nwb	321983640	91	30	9
sub-25897/sub-25897_ses-20241111T173040_ecephys.nwb	453257232	141	39	13
sub-26303/sub-26303_ses-20250327T212107_ecephys.nwb	351887400	84	27	9
sub-26296/sub-26296_ses-20250305T103024_ecephys.nwb	372418976	85	28	9
sub-26265/sub-26265_ses-20241223T044739_ecephys.nwb	512952440	112	37	10
sub-25897/sub-25897_ses-20241119T131001_ecephys.nwb	541511168	113	39	10
sub-26296/sub-26296_ses-20250305T114802_ecephys.nwb	409036572	89	28	9
sub-26342/sub-26342_ses-20241127T131928_ecephys.nwb	427265304	226	41	21
sub-24846/sub-24846_ses-20241125T174103_ecephys.nwb	538511820	222	50	23
sub-25897/sub-25897_ses-20241109T005252_ecephys.nwb	829486268	112	34	11
sub-26296/sub-26296_ses-20250305T180732_ecephys.nwb	627404192	132	32	11
sub-26265/sub-26265_ses-20241223T061356_ecephys.nwb	503820052	221	43	22
sub-29641/sub-29641_ses-20250320T054058_ecephys.nwb	531636016	204	41	19
sub-25897/sub-25897_ses-20241111T192248_ecephys.nwb	452449424	144	42	13
sub-29641/sub-29641_ses-20250321T174001_ecephys.nwb	410109296	194	41	20
sub-29641/sub-29641_ses-20250331T105843_ecephys.nwb	388523324	110	31	10
sub-25897/sub-25897_ses-20241111T101922_ecephys.nwb	421228272	126	36	12
sub-25897/sub-25897_ses-20241108T220021_ecephys.nwb	921658820	164	45	13
sub-26265/sub-26265_ses-20241224T172745_ecephys.nwb	362604764	90	30	9
sub-26265/sub-26265_ses-20241223T035554_ecephys.nwb	441085196	168	39	18
sub-26349/sub-26349_ses-20250321T181428_ecephys.nwb	424978736	182	41	19
sub-25897/sub-25897_ses-20241108T201651_ecephys.nwb	1107639308	189	54	14
sub-29641/sub-29641_ses-20250321T195803_ecephys.nwb	386124176	90	30	9
sub-26342/sub-26342_ses-20241120T215045_ecephys.nwb	382535088	122	33	11
sub-26296/sub-26296_ses-20250226T201337_ecephys.nwb	420274376	111	36	10
sub-26296/sub-26296_ses-20250226T130219_ecephys.nwb	307429164	110	31	10
sub-26303/sub-26303_ses-20250320T011346_ecephys.nwb	614720821	195	44	22
sub-26265/sub-26265_ses-20241224T181930_ecephys.nwb	387589300	125	32	11
sub-26303/sub-26303_ses-20250319T191116_ecephys.nwb	379599208	130	32	11
sub-24846/sub-24846_ses-20241127T131933_ecephys.nwb	367533516	104	43	9
sub-25897/sub-25897_ses-20241107T150855_ecephys.nwb	711463656	116	38	12
sub-25897/sub-25897_ses-20241119T145333_ecephys.nwb	543640652	138	42	11
sub-25876/sub-25876_ses-20241108T182445_ecephys.nwb	479655408	105	39	11
sub-26303/sub-26303_ses-20250320T063306_ecephys.nwb	706101928	262	50	24
sub-26271/sub-26271_ses-20250402T043619_ecephys.nwb	413333052	88	29	9
sub-25897/sub-25897_ses-20241119T151926_ecephys.nwb	511565868	151	36	12
sub-29641/sub-29641_ses-20250326T213920_ecephys.nwb	373531396	175	40	19
sub-24846/sub-24846_ses-20241125T211647_ecephys.nwb	487902032	209	55	22
sub-25876/sub-25876_ses-20241108T225210_ecephys.nwb	556763560	128	41	12
sub-25897/sub-25897_ses-20241107T140831_ecephys.nwb	807436516	195	49	20
sub-25273/sub-25273_ses-20250428T184551_ecephys.nwb	665200020	133	44	12
sub-26342/sub-26342_ses-20241120T154002_ecephys.nwb	341147604	111	32	10
sub-26342/sub-26342_ses-20241128T022432_ecephys.nwb	386061284	86	29	9
sub-26303/sub-26303_ses-20250327T104243_ecephys.nwb	435151712	202	42	20
sub-26296/sub-26296_ses-20250305T171547_ecephys.nwb	605733808	174	38	18
sub-26296/sub-26296_ses-20250226T111011_ecephys.nwb	457892434	133	52	10
sub-24846/sub-24846_ses-20241125T143949_ecephys.nwb	416563512	128	40	12
sub-29641/sub-29641_ses-20250322T020900_ecephys.nwb	494361784	111	31	10
sub-25897/sub-25897_ses-20241108T144027_ecephys.nwb	684205296	120	43	12
sub-29713/sub-29713_ses-20250425T230908_ecephys.nwb	299312140	102	36	8
sub-26265/sub-26265_ses-20241223T043902_ecephys.nwb	450207496	165	38	18
sub-24846/sub-24846_ses-20241120T233451_ecephys.nwb	419671564	149	44	15
sub-24846/sub-24846_ses-20241121T003515_ecephys.nwb	412603852	117	50	11
sub-25897/sub-25897_ses-20241109T024501_ecephys.nwb	1013439804	262	48	26
sub-24846/sub-24846_ses-20241120T205931_ecephys.nwb	403492560	132	47	12
sub-25273/sub-25273_ses-20250428T165349_ecephys.nwb	580482888	127	38	12
sub-29641/sub-29641_ses-20250321T214134_ecephys.nwb	458171604	139	36	12
sub-25273/sub-25273_ses-20250428T162758_ecephys.nwb	656384568	220	48	22
sub-24846/sub-24846_ses-20241120T190720_ecephys.nwb	461754792	145	57	12
sub-26342/sub-26342_ses-20241128T024148_ecephys.nwb	445431000	156	39	18
sub-26271/sub-26271_ses-20250401T233422_ecephys.nwb	421099100	134	33	11
sub-25897/sub-25897_ses-20241119T211311_ecephys.nwb	396833552	104	34	10
sub-26342/sub-26342_ses-20241120T184105_ecephys.nwb	334649856	110	31	10
sub-26296/sub-26296_ses-20250226T122749_ecephys.nwb	284312500	89	29	9
sub-25897/sub-25897_ses-20241108T141434_ecephys.nwb	816570708	216	53	21
sub-26265/sub-26265_ses-20241224T220347_ecephys.nwb	356380436	112	31	10
sub-24846/sub-24846_ses-20241125T161445_ecephys.nwb	414129744	154	43	13
sub-26303/sub-26303_ses-20250320T021411_ecephys.nwb	453286228	109	29	10
sub-25897/sub-25897_ses-20241111T110230_ecephys.nwb	494064304	245	50	24
sub-25273/sub-25273_ses-20250428T142719_ecephys.nwb	617355096	109	37	11
sub-25897/sub-25897_ses-20241113T123653_ecephys.nwb	508146408	253	48	24
sub-29641/sub-29641_ses-20250321T202355_ecephys.nwb	385488816	112	31	11
sub-29641/sub-29641_ses-20250326T193832_ecephys.nwb	369377612	186	40	19
sub-29641/sub-29641_ses-20250321T225913_ecephys.nwb	479680424	207	42	21
sub-24846/sub-24846_ses-20241121T021011_ecephys.nwb	566648108	207	61	22
sub-25897/sub-25897_ses-20241024T210540_ecephys.nwb	504298704	122	38	12
sub-29641/sub-29641_ses-20250327T013217_ecephys.nwb	353280604	125	32	11
sub-26265/sub-26265_ses-20241224T231247_ecephys.nwb	374231420	107	32	10
sub-25273/sub-25273_ses-20250428T143556_ecephys.nwb	576730132	196	46	21
sub-26265/sub-26265_ses-20241223T122455_ecephys.nwb	399615268	105	30	10
sub-29641/sub-29641_ses-20250321T213256_ecephys.nwb	422539300	107	32	10
sub-25876/sub-25876_ses-20241109T024505_ecephys.nwb	665100344	224	51	21
sub-25273/sub-25273_ses-20250428T191143_ecephys.nwb	666517468	188	46	21
sub-26265/sub-26265_ses-20241225T001310_ecephys.nwb	383990924	126	33	11
sub-25897/sub-25897_ses-20241109T000107_ecephys.nwb	894317120	116	40	11
sub-29641/sub-29641_ses-20250331T125923_ecephys.nwb	374347544	90	30	9
sub-26296/sub-26296_ses-20250305T222617_ecephys.nwb	671091764	187	38	19
sub-26349/sub-26349_ses-20250322T005057_ecephys.nwb	477725024	112	37	10
sub-25273/sub-25273_ses-20250429T015646_ecephys.nwb	466773996	103	34	11
sub-29641/sub-29641_ses-20250331T145126_ecephys.nwb	482087788	235	46	24
sub-26271/sub-26271_ses-20250401T194127_ecephys.nwb	565155800	264	47	24
sub-26265/sub-26265_ses-20241224T204609_ecephys.nwb	364408724	125	32	12
sub-24846/sub-24846_ses-20241121T011824_ecephys.nwb	472959264	194	57	20
sub-26265/sub-26265_ses-20241222T232822_ecephys.nwb	361303760	130	33	11
sub-26296/sub-26296_ses-20250305T220902_ecephys.nwb	676606908	202	40	20
sub-25876/sub-25876_ses-20241111T184819_ecephys.nwb	496714620	145	43	13
sub-25897/sub-25897_ses-20241107T115906_ecephys.nwb	751893168	154	45	13
sub-25897/sub-25897_ses-20241024T202232_ecephys.nwb	499263036	123	39	12
sub-26296/sub-26296_ses-20250226T193030_ecephys.nwb	325207948	85	26	9
sub-26342/sub-26342_ses-20241127T233201_ecephys.nwb	445495536	126	33	11
sub-29641/sub-29641_ses-20250322T052725_ecephys.nwb	631610152	195	41	20
sub-29641/sub-29641_ses-20250322T030924_ecephys.nwb	507782128	111	31	10
sub-26303/sub-26303_ses-20250320T034907_ecephys.nwb	576845080	202	41	20
sub-25876/sub-25876_ses-20241111T232421_ecephys.nwb	460846892	185	46	20
sub-24846/sub-24846_ses-20241128T012348_ecephys.nwb	415706104	111	37	11
sub-24846/sub-24846_ses-20241125T233451_ecephys.nwb	453401180	135	44	12
sub-29641/sub-29641_ses-20250327T033305_ecephys.nwb	347850920	106	31	10
sub-29713/sub-29713_ses-20250425T135659_ecephys.nwb	320138228	88	31	9
sub-26342/sub-26342_ses-20241127T225731_ecephys.nwb	425932468	130	33	11
sub-24846/sub-24846_ses-20241125T164038_ecephys.nwb	443217920	158	48	14
sub-25897/sub-25897_ses-20241107T215427_ecephys.nwb	809787896	120	45	12
sub-29641/sub-29641_ses-20250331T192714_ecephys.nwb	381766568	86	29	9
sub-26342/sub-26342_ses-20241127T235754_ecephys.nwb	425498796	162	39	18
sub-24846/sub-24846_ses-20241120T121307_ecephys.nwb	708971873	261	82	30
sub-24846/sub-24846_ses-20241125T154014_ecephys.nwb	383246884	110	38	11
sub-29641/sub-29641_ses-20250331T151717_ecephys.nwb	453430292	208	43	20
sub-29641/sub-29641_ses-20250327T015810_ecephys.nwb	344910252	110	31	10
sub-24846/sub-24846_ses-20241121T021848_ecephys.nwb	540619164	170	63	14
sub-25897/sub-25897_ses-20241114T015028_ecephys.nwb	599378520	110	39	11
sub-25876/sub-25876_ses-20241108T131411_ecephys.nwb	809875516	173	65	13
sub-26296/sub-26296_ses-20250305T113047_ecephys.nwb	444719588	118	31	11
sub-25897/sub-25897_ses-20241111T120253_ecephys.nwb	498451284	236	50	24
sub-25897/sub-25897_ses-20241119T214742_ecephys.nwb	513814088	133	41	11
sub-26303/sub-26303_ses-20250327T130922_ecephys.nwb	357445208	85	28	9
sub-25897/sub-25897_ses-20241024T212256_ecephys.nwb	478431080	107	38	11
sub-26296/sub-26296_ses-20250305T122232_ecephys.nwb	512212656	157	34	13
sub-26342/sub-26342_ses-20241127T125335_ecephys.nwb	443588924	115	37	10
sub-29641/sub-29641_ses-20250319T175334_ecephys.nwb	330152036	88	29	9
sub-29641/sub-29641_ses-20250327T052514_ecephys.nwb	372193820	86	29	9
sub-25876/sub-25876_ses-20241111T120253_ecephys.nwb	520519740	222	48	22
sub-26296/sub-26296_ses-20250305T212554_ecephys.nwb	635722540	167	37	18
sub-26265/sub-26265_ses-20241224T213754_ecephys.nwb	414352756	169	40	18
sub-25897/sub-25897_ses-20241119T131838_ecephys.nwb	579679060	183	41	19
sub-26271/sub-26271_ses-20250402T061112_ecephys.nwb	564835148	191	43	19
sub-26349/sub-26349_ses-20250321T230731_ecephys.nwb	454932448	207	42	22
sub-26296/sub-26296_ses-20250226T161206_ecephys.nwb	393522124	110	35	10
sub-25897/sub-25897_ses-20241108T133126_ecephys.nwb	555365516	109	39	11
sub-26342/sub-26342_ses-20241120T200718_ecephys.nwb	395279572	204	41	22
sub-25897/sub-25897_ses-20241024T161219_ecephys.nwb	453816180	125	38	12
sub-29713/sub-29713_ses-20250426T025326_ecephys.nwb	318979744	128	38	10
sub-25897/sub-25897_ses-20241113T175603_ecephys.nwb	516247844	177	41	19
sub-26265/sub-26265_ses-20241223T022936_ecephys.nwb	398607024	110	31	10
sub-26342/sub-26342_ses-20241127T133644_ecephys.nwb	392561148	133	32	11
sub-25897/sub-25897_ses-20241119T175445_ecephys.nwb	505487224	130	43	11
sub-24846/sub-24846_ses-20241128T025839_ecephys.nwb	429389392	146	42	14
sub-24846/sub-24846_ses-20241127T234858_ecephys.nwb	450473232	150	43	13
sub-26349/sub-26349_ses-20250321T205814_ecephys.nwb	370979372	125	32	11
sub-25876/sub-25876_ses-20241108T161521_ecephys.nwb	597775208	211	55	21
sub-25897/sub-25897_ses-20241109T032809_ecephys.nwb	1175347160	228	53	22
sub-24846/sub-24846_ses-20241125T181534_ecephys.nwb	446298640	175	46	19
sub-25876/sub-25876_ses-20241109T031936_ecephys.nwb	686331032	136	48	12
sub-29641/sub-29641_ses-20250321T175716_ecephys.nwb	381031364	168	39	18
sub-26265/sub-26265_ses-20241223T121617_ecephys.nwb	433242644	110	32	10
sub-29641/sub-29641_ses-20250322T051847_ecephys.nwb	523283748	136	33	11
sub-25897/sub-25897_ses-20241107T090632_ecephys.nwb	652522660	177	49	19
sub-26342/sub-26342_ses-20241121T013455_ecephys.nwb	326058284	89	28	9
sub-29641/sub-29641_ses-20250331T200142_ecephys.nwb	420262572	127	34	11
sub-24846/sub-24846_ses-20241120T154014_ecephys.nwb	430983660	119	52	11
sub-26342/sub-26342_ses-20241120T175758_ecephys.nwb	369381384	165	38	18
sub-29713/sub-29713_ses-20250425T183303_ecephys.nwb	326774480	89	30	9
sub-26303/sub-26303_ses-20250327T232153_ecephys.nwb	475581540	182	41	20
sub-26265/sub-26265_ses-20241224T201138_ecephys.nwb	360335028	90	30	9
sub-26296/sub-26296_ses-20250226T224016_ecephys.nwb	325997748	85	28	9
sub-26265/sub-26265_ses-20241224T155251_ecephys.nwb	363894052	126	33	11
sub-26296/sub-26296_ses-20250305T201654_ecephys.nwb	596467268	121	31	11
sub-24846/sub-24846_ses-20241125T102056_ecephys.nwb	472701636	112	40	11
sub-25897/sub-25897_ses-20241024T181306_ecephys.nwb	506032300	167	44	19
sub-29641/sub-29641_ses-20250320T012209_ecephys.nwb	479901212	181	40	19
sub-26342/sub-26342_ses-20241127T140236_ecephys.nwb	341051568	88	27	9
sub-25897/sub-25897_ses-20241024T191330_ecephys.nwb	601296340	256	52	25
sub-26271/sub-26271_ses-20250402T031840_ecephys.nwb	428794884	120	31	11
sub-25876/sub-25876_ses-20241108T201654_ecephys.nwb	656741912	226	59	22
sub-26303/sub-26303_ses-20250327T135230_ecephys.nwb	361947820	106	31	10
sub-25273/sub-25273_ses-20250428T205508_ecephys.nwb	555247572	181	43	20
sub-26342/sub-26342_ses-20241120T143941_ecephys.nwb	317076324	111	32	10
sub-26303/sub-26303_ses-20250319T172742_ecephys.nwb	381465748	102	34	10
sub-26303/sub-26303_ses-20250327T150132_ecephys.nwb	368290000	85	28	9
sub-25876/sub-25876_ses-20241108T223455_ecephys.nwb	503720232	105	38	11
sub-25897/sub-25897_ses-20241119T190346_ecephys.nwb	481986980	174	41	13
sub-25897/sub-25897_ses-20241107T181007_ecephys.nwb	871082768	211	53	21
sub-25876/sub-25876_ses-20241109T005257_ecephys.nwb	586211196	156	40	13
sub-29641/sub-29641_ses-20250322T014308_ecephys.nwb	460177036	117	31	11
sub-26303/sub-26303_ses-20250327T221253_ecephys.nwb	373649836	104	29	10
sub-24846/sub-24846_ses-20241125T221711_ecephys.nwb	512864436	138	49	13
sub-25897/sub-25897_ses-20241119T225643_ecephys.nwb	427068800	129	37	11
sub-25897/sub-25897_ses-20241119T230521_ecephys.nwb	447659072	146	36	12
sub-26303/sub-26303_ses-20250327T171934_ecephys.nwb	418079488	220	42	21
sub-26296/sub-26296_ses-20250305T135725_ecephys.nwb	533076284	105	30	10
sub-25897/sub-25897_ses-20241024T132822_ecephys.nwb	481661852	166	45	19
sub-25897/sub-25897_ses-20241108T190750_ecephys.nwb	843282172	116	40	12
sub-24846/sub-24846_ses-20241120T183249_ecephys.nwb	405258424	131	46	12
sub-29641/sub-29641_ses-20250326T162843_ecephys.nwb	313336944	86	29	9
sub-29641/sub-29641_ses-20250322T033516_ecephys.nwb	582458804	190	42	19
sub-25876/sub-25876_ses-20241108T184200_ecephys.nwb	496995000	129	41	12
sub-25897/sub-25897_ses-20241109T010130_ecephys.nwb	896615832	195	44	20
sub-25876/sub-25876_ses-20241111T201435_ecephys.nwb	536235068	220	52	22
sub-26296/sub-26296_ses-20250305T203409_ecephys.nwb	596648648	111	30	10
sub-29641/sub-29641_ses-20250331T143412_ecephys.nwb	361770528	86	29	9
sub-25273/sub-25273_ses-20250429T010503_ecephys.nwb	509472936	104	35	11
sub-26349/sub-26349_ses-20250321T214957_ecephys.nwb	439769632	93	36	9
sub-29641/sub-29641_ses-20250326T172907_ecephys.nwb	317289612	86	29	9
sub-25897/sub-25897_ses-20241113T190503_ecephys.nwb	588520080	217	46	23
sub-25897/sub-25897_ses-20241108T192506_ecephys.nwb	905980176	119	44	11
sub-24846/sub-24846_ses-20241125T124738_ecephys.nwb	474564892	109	39	11
sub-25876/sub-25876_ses-20241108T144905_ecephys.nwb	548004136	222	53	23
sub-29641/sub-29641_ses-20250326T160250_ecephys.nwb	364354596	146	35	12
sub-24846/sub-24846_ses-20241120T150543_ecephys.nwb	574134752	242	73	22
sub-25273/sub-25273_ses-20250428T155330_ecephys.nwb	719414008	260	52	25
sub-26342/sub-26342_ses-20241120T133043_ecephys.nwb	363261916	186	41	19
sub-25897/sub-25897_ses-20241107T160919_ecephys.nwb	803326296	147	45	13
sub-25897/sub-25897_ses-20241108T134004_ecephys.nwb	636676460	110	38	11
sub-29641/sub-29641_ses-20250319T191950_ecephys.nwb	376771884	111	32	10
sub-29713/sub-29713_ses-20250425T234338_ecephys.nwb	296805388	83	35	7
sub-24846/sub-24846_ses-20241128T004919_ecephys.nwb	399114680	127	38	12
sub-29641/sub-29641_ses-20250321T205826_ecephys.nwb	467904396	254	45	23
sub-26271/sub-26271_ses-20250402T011753_ecephys.nwb	422275504	102	30	10
sub-25897/sub-25897_ses-20241108T212551_ecephys.nwb	953592896	241	46	22
sub-25897/sub-25897_ses-20241024T125351_ecephys.nwb	487696044	132	44	12
sub-25876/sub-25876_ses-20241111T152117_ecephys.nwb	475569896	150	42	13
sub-29641/sub-29641_ses-20250327T034142_ecephys.nwb	388392100	194	41	22
sub-29641/sub-29641_ses-20250322T005122_ecephys.nwb	467507828	121	32	11
sub-29713/sub-29713_ses-20250426T000931_ecephys.nwb	316947504	116	38	9
sub-25897/sub-25897_ses-20241107T155203_ecephys.nwb	735190940	134	41	12
sub-26342/sub-26342_ses-20241120T131328_ecephys.nwb	320448024	107	37	8
sub-25897/sub-25897_ses-20241113T222326_ecephys.nwb	618724360	188	42	20
sub-25897/sub-25897_ses-20241108T205121_ecephys.nwb	909698616	157	38	13
sub-26342/sub-26342_ses-20241120T170615_ecephys.nwb	393062760	158	38	12
sub-25897/sub-25897_ses-20241119T192101_ecephys.nwb	433876312	104	34	10
sub-26265/sub-26265_ses-20241224T215509_ecephys.nwb	354175228	88	28	9
sub-26303/sub-26303_ses-20250327T181119_ecephys.nwb	368649848	86	29	9
sub-25897/sub-25897_ses-20241107T190153_ecephys.nwb	764320876	112	41	11
sub-25273/sub-25273_ses-20250428T190306_ecephys.nwb	567205684	147	38	14
sub-26303/sub-26303_ses-20250327T132637_ecephys.nwb	383723224	105	30	10
sub-26303/sub-26303_ses-20250327T145254_ecephys.nwb	413941152	132	34	11
sub-26271/sub-26271_ses-20250401T190657_ecephys.nwb	511831584	123	38	11
sub-29641/sub-29641_ses-20250322T043539_ecephys.nwb	465245200	84	29	8
sub-29713/sub-29713_ses-20250425T210821_ecephys.nwb	313477844	144	42	15
sub-26296/sub-26296_ses-20250226T160328_ecephys.nwb	297885568	86	29	9
sub-25897/sub-25897_ses-20241113T234942_ecephys.nwb	537401584	118	34	11
sub-25897/sub-25897_ses-20241111T183103_ecephys.nwb	478481176	132	45	12
sub-26265/sub-26265_ses-20241223T033838_ecephys.nwb	355705968	88	28	9
sub-25876/sub-25876_ses-20241111T160425_ecephys.nwb	455177492	121	37	12
sub-25273/sub-25273_ses-20250428T213813_ecephys.nwb	503968984	131	35	12
sub-25273/sub-25273_ses-20250428T172818_ecephys.nwb	517988120	131	36	14
sub-24846/sub-24846_ses-20241128T024124_ecephys.nwb	407056004	192	44	20
sub-24846/sub-24846_ses-20241120T140518_ecephys.nwb	486152444	164	61	13
sub-26342/sub-26342_ses-20241128T005817_ecephys.nwb	385026856	108	29	10
sub-24846/sub-24846_ses-20241125T154852_ecephys.nwb	429229872	218	49	22
sub-24846/sub-24846_ses-20241128T001450_ecephys.nwb	420327828	124	42	13
sub-26349/sub-26349_ses-20250322T060952_ecephys.nwb	324959064	90	27	9
sub-29641/sub-29641_ses-20250321T215011_ecephys.nwb	382316672	107	29	10
sub-29641/sub-29641_ses-20250331T210202_ecephys.nwb	407406000	205	40	22
sub-26271/sub-26271_ses-20250401T170610_ecephys.nwb	417020916	92	32	9
sub-25897/sub-25897_ses-20241119T140147_ecephys.nwb	487358476	164	39	12
sub-24846/sub-24846_ses-20241125T152258_ecephys.nwb	474509912	117	42	12
sub-29641/sub-29641_ses-20250327T031549_ecephys.nwb	388330308	191	38	20
sub-26296/sub-26296_ses-20250226T132812_ecephys.nwb	295762204	106	33	8
sub-26303/sub-26303_ses-20250319T221231_ecephys.nwb	446868172	137	32	12
sub-24846/sub-24846_ses-20241127T180405_ecephys.nwb	333235988	121	36	11
sub-25897/sub-25897_ses-20241107T144302_ecephys.nwb	827547656	241	51	24
sub-26265/sub-26265_ses-20241223T125925_ecephys.nwb	511349968	104	38	11
sub-25897/sub-25897_ses-20241024T170405_ecephys.nwb	492343316	199	45	20
sub-29641/sub-29641_ses-20250327T040735_ecephys.nwb	378551132	191	38	20
sub-29641/sub-29641_ses-20250320T040604_ecephys.nwb	348155680	90	27	10
sub-29713/sub-29713_ses-20250425T140537_ecephys.nwb	274670876	145	40	15
sub-24846/sub-24846_ses-20241128T011511_ecephys.nwb	397739048	117	38	12
sub-24846/sub-24846_ses-20241128T000613_ecephys.nwb	368890864	182	46	19
sub-29713/sub-29713_ses-20250425T203351_ecephys.nwb	271393280	108	34	8
sub-25897/sub-25897_ses-20241111T173917_ecephys.nwb	400825240	180	41	20
sub-24846/sub-24846_ses-20241125T185004_ecephys.nwb	422608840	129	38	12
sub-26303/sub-26303_ses-20250327T152724_ecephys.nwb	369222548	158	35	18
sub-24846/sub-24846_ses-20241127T175527_ecephys.nwb	399477540	165	40	14
sub-24846/sub-24846_ses-20241120T143950_ecephys.nwb	372240124	148	49	13
sub-25897/sub-25897_ses-20241119T164543_ecephys.nwb	511907248	180	44	19
sub-26296/sub-26296_ses-20250305T175017_ecephys.nwb	516151804	95	27	10
sub-26296/sub-26296_ses-20250305T204247_ecephys.nwb	580136892	171	35	18
sub-29713/sub-29713_ses-20250425T230030_ecephys.nwb	270308176	100	34	8
sub-26342/sub-26342_ses-20241127T131051_ecephys.nwb	343543012	112	29	10
sub-25897/sub-25897_ses-20241107T094103_ecephys.nwb	560852360	158	42	13
sub-24846/sub-24846_ses-20241125T171509_ecephys.nwb	420855880	125	37	12
sub-26271/sub-26271_ses-20250402T014346_ecephys.nwb	410504572	159	37	18
sub-25876/sub-25876_ses-20241108T195101_ecephys.nwb	487893120	124	40	12
sub-25897/sub-25897_ses-20241024T154625_ecephys.nwb	533521212	125	44	11
sub-26303/sub-26303_ses-20250327T215537_ecephys.nwb	370238684	103	28	10
sub-25897/sub-25897_ses-20241113T193056_ecephys.nwb	507223616	173	40	19
sub-29641/sub-29641_ses-20250320T053220_ecephys.nwb	339909428	84	27	9
sub-26271/sub-26271_ses-20250401T191534_ecephys.nwb	388487216	86	26	9
sub-26271/sub-26271_ses-20250401T180633_ecephys.nwb	472234804	111	33	10
sub-29641/sub-29641_ses-20250322T003407_ecephys.nwb	428985048	105	31	9
sub-26265/sub-26265_ses-20241224T195423_ecephys.nwb	290729152	81	28	8
sub-25897/sub-25897_ses-20241113T171255_ecephys.nwb	474180552	100	36	10
sub-26303/sub-26303_ses-20250319T171026_ecephys.nwb	327430420	91	28	10
sub-25897/sub-25897_ses-20241113T155517_ecephys.nwb	445131248	111	34	10
sub-24846/sub-24846_ses-20241120T182412_ecephys.nwb	351164996	132	42	15
sub-26271/sub-26271_ses-20250401T203312_ecephys.nwb	346600104	84	27	8
sub-29641/sub-29641_ses-20250331T125046_ecephys.nwb	445134708	234	43	23
sub-25876/sub-25876_ses-20241111T172203_ecephys.nwb	438719116	164	44	19
sub-26342/sub-26342_ses-20241127T193027_ecephys.nwb	359018356	147	32	11
sub-25897/sub-25897_ses-20241111T104515_ecephys.nwb	375198780	120	37	11
sub-25876/sub-25876_ses-20241109T020158_ecephys.nwb	522524460	161	41	13
sub-29641/sub-29641_ses-20250319T181927_ecephys.nwb	390437348	231	42	23
sub-26265/sub-26265_ses-20241223T012912_ecephys.nwb	340243376	125	32	11
sub-26303/sub-26303_ses-20250319T201141_ecephys.nwb	454406716	140	31	12
sub-25273/sub-25273_ses-20250429T024828_ecephys.nwb	540417560	108	38	11
sub-25897/sub-25897_ses-20241113T170418_ecephys.nwb	530981476	201	44	20
sub-29641/sub-29641_ses-20250327T014933_ecephys.nwb	267465516	83	26	8
sub-26296/sub-26296_ses-20250226T112726_ecephys.nwb	304834704	161	41	16
sub-25273/sub-25273_ses-20250429T031419_ecephys.nwb	442186704	190	41	21
sub-29641/sub-29641_ses-20250321T174839_ecephys.nwb	312051488	103	31	9
sub-25897/sub-25897_ses-20241024T183022_ecephys.nwb	421830588	131	39	12
sub-29641/sub-29641_ses-20250322T025208_ecephys.nwb	361177548	85	27	8
sub-24846/sub-24846_ses-20241127T155445_ecephys.nwb	367019700	105	40	11
sub-24846/sub-24846_ses-20241120T164916_ecephys.nwb	373633128	124	45	12
sub-29641/sub-29641_ses-20250326T174622_ecephys.nwb	308677036	104	29	10
sub-26296/sub-26296_ses-20250305T144032_ecephys.nwb	476272372	88	26	9
sub-26296/sub-26296_ses-20250226T113604_ecephys.nwb	252206488	77	29	7
sub-25876/sub-25876_ses-20241108T135719_ecephys.nwb	455752592	121	41	13
sub-26349/sub-26349_ses-20250322T030852_ecephys.nwb	310476328	87	27	9
sub-29713/sub-29713_ses-20250425T153153_ecephys.nwb	300900856	119	32	10
sub-24846/sub-24846_ses-20241125T170632_ecephys.nwb	461223136	187	50	19
sub-26342/sub-26342_ses-20241127T203928_ecephys.nwb	317072568	101	28	9
sub-26303/sub-26303_ses-20250327T201206_ecephys.nwb	376187572	178	37	19
sub-26265/sub-26265_ses-20241224T171907_ecephys.nwb	336502676	174	39	19
sub-26349/sub-26349_ses-20250321T183143_ecephys.nwb	339583204	159	36	17
sub-29641/sub-29641_ses-20250321T233344_ecephys.nwb	471254564	191	39	19
sub-29641/sub-29641_ses-20250322T050132_ecephys.nwb	442302492	103	29	9
sub-25273/sub-25273_ses-20250428T224710_ecephys.nwb	602380476	198	49	20
sub-25273/sub-25273_ses-20250429T004749_ecephys.nwb	547364768	124	41	11
sub-26303/sub-26303_ses-20250319T204612_ecephys.nwb	387445408	107	29	10
sub-29641/sub-29641_ses-20250319T225530_ecephys.nwb	420602576	171	38	17
sub-29641/sub-29641_ses-20250319T172741_ecephys.nwb	261959976	101	29	9
sub-29641/sub-29641_ses-20250331T164328_ecephys.nwb	302829072	80	27	8
sub-29641/sub-29641_ses-20250331T115026_ecephys.nwb	345318740	124	32	10
sub-26342/sub-26342_ses-20241120T232535_ecephys.nwb	380693164	182	38	18
sub-25897/sub-25897_ses-20241119T213904_ecephys.nwb	440330832	122	40	10
sub-26265/sub-26265_ses-20241223T032123_ecephys.nwb	396506672	172	37	18
sub-26342/sub-26342_ses-20241120T222514_ecephys.nwb	370285328	206	40	19
sub-29641/sub-29641_ses-20250331T183531_ecephys.nwb	299510424	98	29	9
sub-25897/sub-25897_ses-20241113T160355_ecephys.nwb	430727696	94	30	10
sub-29641/sub-29641_ses-20250326T223106_ecephys.nwb	369825624	180	39	19
sub-25897/sub-25897_ses-20241111T195719_ecephys.nwb	398450280	224	50	23
sub-25897/sub-25897_ses-20241111T225827_ecephys.nwb	381681972	196	45	20
sub-26349/sub-26349_ses-20250321T174000_ecephys.nwb	307316332	97	28	9
sub-26296/sub-26296_ses-20250305T104739_ecephys.nwb	421378764	185	38	20
sub-29641/sub-29641_ses-20250331T223651_ecephys.nwb	344210504	160	37	17
sub-25897/sub-25897_ses-20241108T202528_ecephys.nwb	739271016	149	36	12
sub-26303/sub-26303_ses-20250327T140945_ecephys.nwb	301239056	76	25	8
sub-26296/sub-26296_ses-20250305T211717_ecephys.nwb	528812044	88	26	9
sub-26265/sub-26265_ses-20241222T231945_ecephys.nwb	303835848	99	30	9
sub-26271/sub-26271_ses-20250401T183226_ecephys.nwb	351581104	150	35	17
sub-26303/sub-26303_ses-20250327T170219_ecephys.nwb	342027632	156	35	17
sub-26303/sub-26303_ses-20250320T064144_ecephys.nwb	531428784	95	37	9
sub-26271/sub-26271_ses-20250402T052804_ecephys.nwb	369944388	162	35	20
sub-26342/sub-26342_ses-20241127T234039_ecephys.nwb	410785168	146	35	17
sub-26342/sub-26342_ses-20241127T185557_ecephys.nwb	384486540	198	37	19
sub-29641/sub-29641_ses-20250331T101537_ecephys.nwb	325628936	110	30	10
sub-25876/sub-25876_ses-20241111T190534_ecephys.nwb	528120844	239	52	24
sub-25897/sub-25897_ses-20241024T112734_ecephys.nwb	384938220	109	37	11
sub-25897/sub-25897_ses-20241111T214927_ecephys.nwb	317031076	181	42	20
sub-25897/sub-25897_ses-20241107T123337_ecephys.nwb	633606088	110	39	11
sub-25897/sub-25897_ses-20241107T143424_ecephys.nwb	647593296	110	36	11
sub-26303/sub-26303_ses-20250320T000443_ecephys.nwb	424249024	159	33	18
sub-25897/sub-25897_ses-20241119T163705_ecephys.nwb	458745964	134	39	11
sub-25897/sub-25897_ses-20241113T215734_ecephys.nwb	464017836	115	31	10
sub-25897/sub-25897_ses-20241024T225750_ecephys.nwb	558938164	201	52	20
sub-26265/sub-26265_ses-20241224T140920_ecephys.nwb	277918256	147	36	17
sub-25273/sub-25273_ses-20250428T193734_ecephys.nwb	444141724	97	33	10
sub-26342/sub-26342_ses-20241127T231446_ecephys.nwb	317058724	78	27	8
sub-29641/sub-29641_ses-20250326T234845_ecephys.nwb	317896924	123	31	10
sub-25897/sub-25897_ses-20241107T210241_ecephys.nwb	600501840	104	36	10
sub-26303/sub-26303_ses-20250320T025720_ecephys.nwb	402995292	84	26	8
sub-24846/sub-24846_ses-20241128T014940_ecephys.nwb	400886140	138	40	12
sub-26303/sub-26303_ses-20250327T165341_ecephys.nwb	328411928	85	26	9
sub-25876/sub-25876_ses-20241108T233518_ecephys.nwb	512707732	121	40	11
sub-25897/sub-25897_ses-20241109T003537_ecephys.nwb	739762492	129	40	11
sub-25273/sub-25273_ses-20250429T030542_ecephys.nwb	485017292	184	40	20
sub-25897/sub-25897_ses-20241113T200526_ecephys.nwb	442871184	93	32	9
sub-24846/sub-24846_ses-20241120T232613_ecephys.nwb	445404372	268	57	25
sub-25273/sub-25273_ses-20250428T230424_ecephys.nwb	485494532	131	36	13
sub-25897/sub-25897_ses-20241108T175012_ecephys.nwb	766597084	149	40	12
sub-24846/sub-24846_ses-20241125T192436_ecephys.nwb	453156568	220	54	21
sub-26303/sub-26303_ses-20250327T212945_ecephys.nwb	279574440	77	26	8
sub-25897/sub-25897_ses-20241119T143618_ecephys.nwb	398661356	112	32	10
sub-26303/sub-26303_ses-20250327T192858_ecephys.nwb	301986940	97	28	9
sub-29641/sub-29641_ses-20250319T215507_ecephys.nwb	342590892	102	30	9
sub-25897/sub-25897_ses-20241113T120223_ecephys.nwb	394810152	112	33	11
sub-29641/sub-29641_ses-20250326T224821_ecephys.nwb	297977124	147	36	17
sub-25897/sub-25897_ses-20241114T003250_ecephys.nwb	511472128	99	37	9
sub-25897/sub-25897_ses-20241107T111558_ecephys.nwb	578271812	123	39	11
sub-26342/sub-26342_ses-20241121T004311_ecephys.nwb	280425236	83	27	9
sub-26342/sub-26342_ses-20241121T015209_ecephys.nwb	371279896	112	30	10
sub-26303/sub-26303_ses-20250319T200303_ecephys.nwb	405175152	178	38	19
sub-26342/sub-26342_ses-20241127T193905_ecephys.nwb	314567224	123	28	10
sub-25897/sub-25897_ses-20241111T194841_ecephys.nwb	318355840	92	32	10
sub-29641/sub-29641_ses-20250331T144249_ecephys.nwb	303699268	145	34	17
sub-25897/sub-25897_ses-20241107T135116_ecephys.nwb	595821112	110	38	11
sub-24846/sub-24846_ses-20241121T015255_ecephys.nwb	396495168	117	44	12
sub-29641/sub-29641_ses-20250331T120740_ecephys.nwb	335493008	146	36	16
sub-25876/sub-25876_ses-20241108T172422_ecephys.nwb	384999288	99	36	10
sub-25897/sub-25897_ses-20241107T113313_ecephys.nwb	580988252	123	39	11
sub-25897/sub-25897_ses-20241107T092347_ecephys.nwb	556865764	129	42	11
sub-26265/sub-26265_ses-20241224T191115_ecephys.nwb	300644864	82	28	8
sub-29641/sub-29641_ses-20250321T171408_ecephys.nwb	320566012	125	32	11
sub-24846/sub-24846_ses-20241125T143112_ecephys.nwb	414652224	124	42	11
sub-29641/sub-29641_ses-20250331T182654_ecephys.nwb	336570244	118	31	10
sub-25897/sub-25897_ses-20241114T005005_ecephys.nwb	427231468	89	30	9
sub-26342/sub-26342_ses-20241127T161202_ecephys.nwb	369939636	110	28	10
sub-26296/sub-26296_ses-20250226T192152_ecephys.nwb	297642308	118	31	10
sub-26342/sub-26342_ses-20241120T210739_ecephys.nwb	357096928	198	41	19
sub-26342/sub-26342_ses-20241121T002556_ecephys.nwb	291914116	103	27	10
sub-25897/sub-25897_ses-20241107T191909_ecephys.nwb	701330236	136	45	13
sub-25897/sub-25897_ses-20241113T193933_ecephys.nwb	373979564	91	30	9
sub-25897/sub-25897_ses-20241024T131944_ecephys.nwb	561526600	272	61	25
sub-25897/sub-25897_ses-20241024T163812_ecephys.nwb	500531504	188	49	20
sub-26349/sub-26349_ses-20250322T005934_ecephys.nwb	285843368	80	27	8
sub-25897/sub-25897_ses-20241024T123636_ecephys.nwb	393758504	114	36	11
sub-25876/sub-25876_ses-20241108T140557_ecephys.nwb	470082964	140	44	12
sub-26271/sub-26271_ses-20250402T015224_ecephys.nwb	405043940	188	39	19
sub-25897/sub-25897_ses-20241111T180510_ecephys.nwb	346592924	111	33	11
sub-25897/sub-25897_ses-20241108T182443_ecephys.nwb	709154592	102	33	10
sub-26265/sub-26265_ses-20241222T225351_ecephys.nwb	284706380	79	28	8
sub-26342/sub-26342_ses-20241120T135635_ecephys.nwb	278259076	122	31	10
sub-25897/sub-25897_ses-20241119T193817_ecephys.nwb	444460952	175	45	18
sub-26349/sub-26349_ses-20250321T171408_ecephys.nwb	308383264	79	28	8
sub-25897/sub-25897_ses-20241107T095818_ecephys.nwb	500301336	141	40	12
sub-26265/sub-26265_ses-20241222T234538_ecephys.nwb	361214224	107	35	9
sub-26303/sub-26303_ses-20250327T182835_ecephys.nwb	321878728	161	38	17
sub-29641/sub-29641_ses-20250319T163556_ecephys.nwb	297826088	120	33	10
sub-26296/sub-26296_ses-20250226T223138_ecephys.nwb	267638088	78	27	8
sub-26265/sub-26265_ses-20241224T232125_ecephys.nwb	308441032	99	30	9
sub-25273/sub-25273_ses-20250429T034010_ecephys.nwb	394993976	159	39	18
sub-26342/sub-26342_ses-20241120T125614_ecephys.nwb	325695252	179	40	18
sub-26303/sub-26303_ses-20250320T001321_ecephys.nwb	381437476	108	29	9
sub-25897/sub-25897_ses-20241119T161112_ecephys.nwb	456089348	229	44	21
sub-24846/sub-24846_ses-20241121T020133_ecephys.nwb	366150880	169	47	20
sub-25897/sub-25897_ses-20241109T025338_ecephys.nwb	737613584	109	31	12
sub-29641/sub-29641_ses-20250331T173511_ecephys.nwb	331891376	98	29	9
sub-25897/sub-25897_ses-20241111T102800_ecephys.nwb	309597808	97	32	10
sub-26303/sub-26303_ses-20250327T192020_ecephys.nwb	354072632	116	30	11
sub-26303/sub-26303_ses-20250320T041500_ecephys.nwb	408695596	91	27	9
sub-25897/sub-25897_ses-20241111T152954_ecephys.nwb	428436368	134	36	13
sub-26349/sub-26349_ses-20250322T011648_ecephys.nwb	407534692	225	42	22
sub-25876/sub-25876_ses-20241111T171326_ecephys.nwb	438773960	222	48	22
sub-26303/sub-26303_ses-20250320T013939_ecephys.nwb	472302652	130	30	12
sub-25897/sub-25897_ses-20241119T171136_ecephys.nwb	376467856	94	30	9
sub-29641/sub-29641_ses-20250326T173744_ecephys.nwb	307319868	105	30	10
sub-25897/sub-25897_ses-20241111T134624_ecephys.nwb	449927500	140	40	12
sub-26265/sub-26265_ses-20241223T112432_ecephys.nwb	387686948	103	30	9
sub-25897/sub-25897_ses-20241024T175551_ecephys.nwb	422852448	95	35	10
sub-26303/sub-26303_ses-20250327T234747_ecephys.nwb	298778996	80	26	8
sub-29641/sub-29641_ses-20250327T003153_ecephys.nwb	315040504	160	37	18
sub-25897/sub-25897_ses-20241111T183940_ecephys.nwb	333435120	115	34	11
sub-25897/sub-25897_ses-20241111T235013_ecephys.nwb	309724252	129	35	12
sub-25897/sub-25897_ses-20241107T081445_ecephys.nwb	473308336	100	37	10
sub-25897/sub-25897_ses-20241107T191031_ecephys.nwb	739910988	133	45	11
sub-26303/sub-26303_ses-20250327T194613_ecephys.nwb	331526724	83	26	9
sub-26271/sub-26271_ses-20250402T034433_ecephys.nwb	425333368	179	39	18
sub-25897/sub-25897_ses-20241024T203110_ecephys.nwb	460184784	123	39	12
sub-26265/sub-26265_ses-20241223T124210_ecephys.nwb	359978292	179	38	20
sub-25897/sub-25897_ses-20241024T131107_ecephys.nwb	406158932	100	38	10
sub-26265/sub-26265_ses-20241224T174500_ecephys.nwb	337213652	84	27	9
sub-25897/sub-25897_ses-20241024T172958_ecephys.nwb	508412344	251	53	25
sub-25897/sub-25897_ses-20241119T215619_ecephys.nwb	358899012	115	33	10
sub-29641/sub-29641_ses-20250327T030712_ecephys.nwb	361319736	129	31	11
sub-29641/sub-29641_ses-20250322T051010_ecephys.nwb	445325956	128	31	10
sub-25897/sub-25897_ses-20241109T012722_ecephys.nwb	699144596	125	33	11
sub-25897/sub-25897_ses-20241111T105352_ecephys.nwb	373393320	118	35	11
sub-26349/sub-26349_ses-20250321T173122_ecephys.nwb	316395344	100	28	9
sub-26303/sub-26303_ses-20250327T225601_ecephys.nwb	342942360	82	25	9
sub-29641/sub-29641_ses-20250321T185739_ecephys.nwb	346480848	119	32	10
sub-26349/sub-26349_ses-20250322T033443_ecephys.nwb	280811656	78	27	8
sub-25897/sub-25897_ses-20241108T162357_ecephys.nwb	668297120	183	43	19
sub-29641/sub-29641_ses-20250331T094945_ecephys.nwb	346956352	173	38	18
sub-24846/sub-24846_ses-20241125T104649_ecephys.nwb	412858824	130	39	12
sub-26303/sub-26303_ses-20250319T210328_ecephys.nwb	373689356	97	28	10
sub-26271/sub-26271_ses-20250401T160547_ecephys.nwb	547630284	233	58	20
sub-26265/sub-26265_ses-20241223T034716_ecephys.nwb	456784056	157	40	17
sub-29713/sub-29713_ses-20250426T021856_ecephys.nwb	223596100	83	29	7
sub-24846/sub-24846_ses-20241125T142234_ecephys.nwb	396029212	182	46	19
sub-25876/sub-25876_ses-20241108T185915_ecephys.nwb	442688420	99	39	10
sub-24846/sub-24846_ses-20241127T223959_ecephys.nwb	375441936	125	43	11
sub-26349/sub-26349_ses-20250321T210651_ecephys.nwb	314376192	150	36	17
sub-25876/sub-25876_ses-20241108T195939_ecephys.nwb	435830276	102	39	10
sub-26296/sub-26296_ses-20250226T234039_ecephys.nwb	264083968	78	27	8
sub-25897/sub-25897_ses-20241024T150317_ecephys.nwb	523415368	127	43	12
sub-24846/sub-24846_ses-20241127T193855_ecephys.nwb	387675168	110	37	11
sub-26265/sub-26265_ses-20241224T125141_ecephys.nwb	278559452	80	29	8
sub-26265/sub-26265_ses-20241223T053925_ecephys.nwb	430808893	108	30	10
sub-25897/sub-25897_ses-20241114T011557_ecephys.nwb	537614672	180	40	19
sub-24846/sub-24846_ses-20241127T202202_ecephys.nwb	336024388	98	34	10
sub-26342/sub-26342_ses-20241127T171225_ecephys.nwb	279328644	83	26	8
sub-26296/sub-26296_ses-20250305T153218_ecephys.nwb	419143040	83	25	8
sub-26342/sub-26342_ses-20241120T214208_ecephys.nwb	343884068	89	28	9
sub-26303/sub-26303_ses-20250327T172811_ecephys.nwb	291935916	85	32	8
sub-29641/sub-29641_ses-20250331T163451_ecephys.nwb	337927140	129	32	11
sub-25897/sub-25897_ses-20241107T100656_ecephys.nwb	610565948	210	53	20
sub-25897/sub-25897_ses-20241108T185913_ecephys.nwb	751606616	129	40	11
sub-25897/sub-25897_ses-20241108T234352_ecephys.nwb	735802184	128	35	11
sub-26303/sub-26303_ses-20250327T202921_ecephys.nwb	311962884	80	27	8
sub-26296/sub-26296_ses-20250305T142317_ecephys.nwb	542947848	186	37	19
sub-25897/sub-25897_ses-20241108T185035_ecephys.nwb	693077124	104	35	10
sub-24846/sub-24846_ses-20241127T230551_ecephys.nwb	369266648	106	40	11
sub-25897/sub-25897_ses-20241119T173730_ecephys.nwb	357443552	95	30	9
sub-24846/sub-24846_ses-20241120T221711_ecephys.nwb	378729048	131	44	12
sub-25897/sub-25897_ses-20241111T151239_ecephys.nwb	373458428	111	33	11
sub-26303/sub-26303_ses-20250327T210352_ecephys.nwb	302885852	97	28	9
sub-25897/sub-25897_ses-20241119T213026_ecephys.nwb	356857536	114	32	10
sub-26271/sub-26271_ses-20250402T032718_ecephys.nwb	371101324	193	39	20
sub-26296/sub-26296_ses-20250226T111848_ecephys.nwb	285736016	124	35	9
sub-26296/sub-26296_ses-20250305T193347_ecephys.nwb	453547300	103	28	9
sub-29713/sub-29713_ses-20250425T231746_ecephys.nwb	245808088	97	31	8
sub-25876/sub-25876_ses-20241108T204246_ecephys.nwb	490846920	104	38	11
sub-26296/sub-26296_ses-20250305T100431_ecephys.nwb	329002252	160	37	18
sub-26265/sub-26265_ses-20241224T150106_ecephys.nwb	276281116	99	30	9
sub-25897/sub-25897_ses-20241107T135953_ecephys.nwb	777483936	203	54	20
sub-26303/sub-26303_ses-20250327T154440_ecephys.nwb	303690116	78	27	8
sub-24846/sub-24846_ses-20241125T123022_ecephys.nwb	442911036	147	43	12
sub-25273/sub-25273_ses-20250428T171940_ecephys.nwb	545808692	120	38	13
sub-25897/sub-25897_ses-20241113T121938_ecephys.nwb	405081724	114	38	10
sub-26349/sub-26349_ses-20250322T042626_ecephys.nwb	351603008	104	29	10
sub-26342/sub-26342_ses-20241127T232323_ecephys.nwb	336925808	117	30	10
sub-24846/sub-24846_ses-20241125T174940_ecephys.nwb	432070468	115	43	11
sub-25897/sub-25897_ses-20241113T133716_ecephys.nwb	463067596	200	43	20
sub-29641/sub-29641_ses-20250331T224528_ecephys.nwb	399431636	125	32	11
sub-25897/sub-25897_ses-20241111T152117_ecephys.nwb	422640576	115	37	11
sub-26271/sub-26271_ses-20250402T010038_ecephys.nwb	351422716	103	28	9
sub-25897/sub-25897_ses-20241113T125408_ecephys.nwb	450720748	182	49	18
sub-25897/sub-25897_ses-20241107T110720_ecephys.nwb	664132932	170	45	19
sub-24846/sub-24846_ses-20241125T133047_ecephys.nwb	397728356	128	45	11
sub-24846/sub-24846_ses-20241127T181242_ecephys.nwb	333690720	101	35	10
sub-25876/sub-25876_ses-20241111T221521_ecephys.nwb	383413976	109	37	11
sub-25876/sub-25876_ses-20241108T181607_ecephys.nwb	495758220	102	42	10
sub-25897/sub-25897_ses-20241119T181200_ecephys.nwb	359774348	108	32	11
sub-26342/sub-26342_ses-20241128T004939_ecephys.nwb	362582536	141	36	16
sub-26342/sub-26342_ses-20241127T213952_ecephys.nwb	347418332	122	29	10
sub-29641/sub-29641_ses-20250331T160022_ecephys.nwb	353595484	99	30	9
sub-25273/sub-25273_ses-20250429T033133_ecephys.nwb	395810692	184	41	19
sub-26265/sub-26265_ses-20241222T233700_ecephys.nwb	275501260	99	30	9
sub-25897/sub-25897_ses-20241114T004127_ecephys.nwb	483376268	155	38	17
sub-29713/sub-29713_ses-20250425T213414_ecephys.nwb	267791448	104	34	8
sub-25273/sub-25273_ses-20250428T235606_ecephys.nwb	441444680	119	34	12
sub-25897/sub-25897_ses-20241109T015315_ecephys.nwb	795063056	168	39	13
sub-26303/sub-26303_ses-20250327T160155_ecephys.nwb	284087968	86	27	9
sub-26342/sub-26342_ses-20241120T164900_ecephys.nwb	323795216	178	39	18
sub-26349/sub-26349_ses-20250322T061829_ecephys.nwb	315927904	97	28	9
sub-26296/sub-26296_ses-20250226T165514_ecephys.nwb	309766520	127	29	11
sub-25897/sub-25897_ses-20241120T024103_ecephys.nwb	410008840	135	34	10
sub-24846/sub-24846_ses-20241125T110404_ecephys.nwb	397942112	118	36	12
sub-26349/sub-26349_ses-20250321T225017_ecephys.nwb	398863664	169	42	17
sub-26342/sub-26342_ses-20241128T025903_ecephys.nwb	430372720	190	38	20
sub-25897/sub-25897_ses-20241113T132001_ecephys.nwb	347341272	85	28	9
sub-25876/sub-25876_ses-20241111T165611_ecephys.nwb	404989676	119	38	11
sub-29641/sub-29641_ses-20250327T004031_ecephys.nwb	306519976	99	30	9
sub-26303/sub-26303_ses-20250327T103405_ecephys.nwb	351767108	191	38	20
sub-29641/sub-29641_ses-20250326T175500_ecephys.nwb	292580208	181	36	18
sub-26296/sub-26296_ses-20250305T210002_ecephys.nwb	495906988	165	35	17
sub-25897/sub-25897_ses-20241024T224035_ecephys.nwb	450621432	119	38	11
sub-24846/sub-24846_ses-20241127T193018_ecephys.nwb	363080240	164	43	18
sub-25897/sub-25897_ses-20241111T184818_ecephys.nwb	381284440	176	44	19
sub-25273/sub-25273_ses-20250428T195448_ecephys.nwb	378843288	97	32	10
sub-25876/sub-25876_ses-20241111T104515_ecephys.nwb	417173412	162	43	18
sub-26349/sub-26349_ses-20250322T035157_ecephys.nwb	419234356	167	44	17
sub-29641/sub-29641_ses-20250321T191455_ecephys.nwb	311253748	78	27	8
sub-25876/sub-25876_ses-20241111T123724_ecephys.nwb	462545324	171	45	19
sub-24846/sub-24846_ses-20241125T103811_ecephys.nwb	476896656	226	60	22
sub-26265/sub-26265_ses-20241224T184523_ecephys.nwb	340263284	138	33	11
sub-29641/sub-29641_ses-20250319T222100_ecephys.nwb	342284240	102	29	9
sub-26342/sub-26342_ses-20241128T030741_ecephys.nwb	340999252	82	28	9
sub-26296/sub-26296_ses-20250226T163758_ecephys.nwb	280791312	121	30	10
sub-26265/sub-26265_ses-20241224T210324_ecephys.nwb	369203896	206	41	21
sub-26271/sub-26271_ses-20250402T000015_ecephys.nwb	375451740	112	29	10
sub-26265/sub-26265_ses-20241223T003725_ecephys.nwb	268712512	82	28	8
sub-25897/sub-25897_ses-20241024T234936_ecephys.nwb	632906564	150	50	13
sub-26296/sub-26296_ses-20250226T153736_ecephys.nwb	257537760	98	29	9
sub-25876/sub-25876_ses-20241111T181349_ecephys.nwb	418384544	122	38	12
sub-26342/sub-26342_ses-20241127T211359_ecephys.nwb	373227392	191	38	20
sub-26265/sub-26265_ses-20241223T063111_ecephys.nwb	448446340	173	37	18
sub-25897/sub-25897_ses-20241119T235707_ecephys.nwb	489004016	241	44	25
sub-29641/sub-29641_ses-20250319T194543_ecephys.nwb	360283164	194	41	20
sub-25897/sub-25897_ses-20241108T153212_ecephys.nwb	660213768	110	36	11
sub-26303/sub-26303_ses-20250327T134353_ecephys.nwb	428850948	228	43	20
sub-25897/sub-25897_ses-20241111T115415_ecephys.nwb	395328112	191	41	20
sub-26349/sub-26349_ses-20250322T070135_ecephys.nwb	427580080	91	37	9
sub-26271/sub-26271_ses-20250402T013509_ecephys.nwb	337058672	81	27	9
sub-24846/sub-24846_ses-20241121T001800_ecephys.nwb	351955300	133	42	13
sub-26342/sub-26342_ses-20241127T210521_ecephys.nwb	310420560	80	27	8
sub-26265/sub-26265_ses-20241224T180215_ecephys.nwb	358669216	183	39	19
sub-25876/sub-25876_ses-20241111T173041_ecephys.nwb	453117164	194	49	20
sub-29641/sub-29641_ses-20250320T063243_ecephys.nwb	347471588	106	29	9
sub-29641/sub-29641_ses-20250320T010454_ecephys.nwb	394278960	124	31	11
sub-25273/sub-25273_ses-20250428T233015_ecephys.nwb	474883736	148	36	13
sub-29641/sub-29641_ses-20250326T185524_ecephys.nwb	260373344	81	27	8
sub-29641/sub-29641_ses-20250326T225659_ecephys.nwb	310553668	123	31	10
sub-25897/sub-25897_ses-20241024T160341_ecephys.nwb	463335508	140	44	12
sub-24846/sub-24846_ses-20241120T133925_ecephys.nwb	393586844	142	49	13
sub-26342/sub-26342_ses-20241121T012617_ecephys.nwb	323130380	82	27	8
sub-25897/sub-25897_ses-20241113T122816_ecephys.nwb	466368144	215	46	23
sub-25876/sub-25876_ses-20241108T230926_ecephys.nwb	485005252	122	40	11
sub-29641/sub-29641_ses-20250326T201303_ecephys.nwb	264954984	102	29	9
sub-29641/sub-29641_ses-20250326T214757_ecephys.nwb	294934308	98	29	9
sub-26271/sub-26271_ses-20250401T225114_ecephys.nwb	341384100	78	27	8
sub-25876/sub-25876_ses-20241111T170448_ecephys.nwb	423082852	102	36	11
sub-29641/sub-29641_ses-20250331T193551_ecephys.nwb	359798872	193	40	20
sub-26303/sub-26303_ses-20250319T191954_ecephys.nwb	304402864	97	28	9
sub-26342/sub-26342_ses-20241120T212453_ecephys.nwb	355788400	134	32	11
sub-26342/sub-26342_ses-20241127T132806_ecephys.nwb	349277700	117	29	11
sub-25876/sub-25876_ses-20241111T220643_ecephys.nwb	403429828	178	46	19
sub-25897/sub-25897_ses-20241111T202311_ecephys.nwb	340433780	187	40	20
sub-24846/sub-24846_ses-20241125T220833_ecephys.nwb	402976372	198	47	20
sub-25897/sub-25897_ses-20241111T174755_ecephys.nwb	363301652	97	36	10
sub-26342/sub-26342_ses-20241127T143707_ecephys.nwb	325153180	104	28	9
sub-25897/sub-25897_ses-20241119T191224_ecephys.nwb	412774224	119	31	11
sub-25876/sub-25876_ses-20241108T192508_ecephys.nwb	419574000	97	37	10
sub-25897/sub-25897_ses-20241119T233114_ecephys.nwb	416768352	141	41	11
sub-26271/sub-26271_ses-20250402T051049_ecephys.nwb	510879844	118	35	10
sub-26342/sub-26342_ses-20241128T014125_ecephys.nwb	333598032	102	30	9
sub-25897/sub-25897_ses-20241120T011446_ecephys.nwb	353149360	117	30	10
sub-26296/sub-26296_ses-20250226T184722_ecephys.nwb	292944004	131	32	11
sub-24846/sub-24846_ses-20241120T122145_ecephys.nwb	553641817	215	65	22
sub-25897/sub-25897_ses-20241113T180440_ecephys.nwb	393602368	113	32	10
sub-25273/sub-25273_ses-20250429T034847_ecephys.nwb	476437168	103	38	10
sub-24846/sub-24846_ses-20241120T162323_ecephys.nwb	378859964	169	48	14
sub-25897/sub-25897_ses-20241113T184748_ecephys.nwb	407452676	90	31	9
sub-24846/sub-24846_ses-20241128T022410_ecephys.nwb	402767100	127	42	11
sub-25897/sub-25897_ses-20241119T185508_ecephys.nwb	428010460	123	35	11
sub-26296/sub-26296_ses-20250305T123110_ecephys.nwb	414550916	86	25	9
sub-25876/sub-25876_ses-20241111T105353_ecephys.nwb	410488520	97	36	10
sub-26271/sub-26271_ses-20250402T003445_ecephys.nwb	341704048	79	26	8
sub-25273/sub-25273_ses-20250428T182837_ecephys.nwb	506137408	188	43	19
sub-29641/sub-29641_ses-20250321T170531_ecephys.nwb	301686416	106	31	10
sub-26342/sub-26342_ses-20241120T123859_ecephys.nwb	319888168	133	32	11
sub-25897/sub-25897_ses-20241113T154640_ecephys.nwb	420163504	114	34	10
sub-25897/sub-25897_ses-20241107T170943_ecephys.nwb	667198380	129	42	11
sub-25897/sub-25897_ses-20241107T074852_ecephys.nwb	500570024	235	55	23
sub-26303/sub-26303_ses-20250320T045810_ecephys.nwb	466972628	109	29	10
sub-26296/sub-26296_ses-20250305T195101_ecephys.nwb	440117704	83	27	8
sub-29641/sub-29641_ses-20250319T190235_ecephys.nwb	287853473	104	31	10
sub-29641/sub-29641_ses-20250331T222813_ecephys.nwb	371786372	87	27	9
sub-26342/sub-26342_ses-20241127T154609_ecephys.nwb	324723812	128	31	11
sub-25273/sub-25273_ses-20250428T221241_ecephys.nwb	424577448	142	37	12
sub-25897/sub-25897_ses-20241114T005842_ecephys.nwb	451035796	89	30	9
sub-25897/sub-25897_ses-20241024T115327_ecephys.nwb	483198816	130	46	12
sub-26349/sub-26349_ses-20250322T013403_ecephys.nwb	382555604	193	40	19
sub-26296/sub-26296_ses-20250226T175536_ecephys.nwb	258199568	78	27	8
sub-25273/sub-25273_ses-20250428T161921_ecephys.nwb	446319916	98	35	10
sub-25876/sub-25876_ses-20241108T235234_ecephys.nwb	486946364	128	39	11
sub-24846/sub-24846_ses-20241120T133047_ecephys.nwb	467972316	161	58	13
sub-26342/sub-26342_ses-20241127T175533_ecephys.nwb	318285724	82	27	8
sub-26296/sub-26296_ses-20250226T135405_ecephys.nwb	270987356	81	31	7
sub-29641/sub-29641_ses-20250319T235553_ecephys.nwb	333325840	101	29	9
sub-26342/sub-26342_ses-20241121T014332_ecephys.nwb	411252180	196	39	21
sub-26265/sub-26265_ses-20241224T134327_ecephys.nwb	307346420	114	30	11
sub-26296/sub-26296_ses-20250305T182447_ecephys.nwb	453787288	89	27	9
sub-25876/sub-25876_ses-20241111T125439_ecephys.nwb	400182868	119	37	11
sub-25897/sub-25897_ses-20241120T014039_ecephys.nwb	403556132	97	31	9
sub-26265/sub-26265_ses-20241224T163559_ecephys.nwb	304002072	98	29	9
sub-26296/sub-26296_ses-20250305T164955_ecephys.nwb	411246616	82	26	8
sub-26265/sub-26265_ses-20241224T143513_ecephys.nwb	296881720	99	30	9
sub-29641/sub-29641_ses-20250331T194428_ecephys.nwb	374151744	139	34	11
sub-26342/sub-26342_ses-20241120T122145_ecephys.nwb	306250320	164	40	16
sub-25897/sub-25897_ses-20241024T140253_ecephys.nwb	450632512	145	44	12
sub-26349/sub-26349_ses-20250322T053523_ecephys.nwb	377908104	180	39	19
sub-24846/sub-24846_ses-20241125T183249_ecephys.nwb	364824208	164	45	18
sub-24846/sub-24846_ses-20241120T195907_ecephys.nwb	342847532	129	44	12
sub-26265/sub-26265_ses-20241223T115025_ecephys.nwb	455933824	91	32	9
sub-26303/sub-26303_ses-20250319T171904_ecephys.nwb	409136052	212	41	21
sub-25897/sub-25897_ses-20241113T142901_ecephys.nwb	465715584	135	34	12
sub-25897/sub-25897_ses-20241113T132839_ecephys.nwb	384207808	137	35	12
sub-29641/sub-29641_ses-20250331T181817_ecephys.nwb	416105316	186	40	20
sub-26265/sub-26265_ses-20241223T103246_ecephys.nwb	393111532	171	37	18
sub-26296/sub-26296_ses-20250305T110454_ecephys.nwb	348620064	100	28	9
sub-25897/sub-25897_ses-20241113T225757_ecephys.nwb	438265496	96	37	9
sub-26265/sub-26265_ses-20241225T003903_ecephys.nwb	331220944	102	27	10
sub-24846/sub-24846_ses-20241120T164039_ecephys.nwb	420591896	257	55	24
sub-26265/sub-26265_ses-20241223T045617_ecephys.nwb	371998209	83	28	9
sub-26296/sub-26296_ses-20250305T184202_ecephys.nwb	423878620	83	24	8
sub-25897/sub-25897_ses-20241111T094452_ecephys.nwb	320311628	95	30	10
sub-29641/sub-29641_ses-20250320T001309_ecephys.nwb	430495640	114	26	10
sub-26303/sub-26303_ses-20250319T174458_ecephys.nwb	306429316	93	24	10
sub-25273/sub-25273_ses-20250428T234729_ecephys.nwb	571222364	204	48	20
sub-25876/sub-25876_ses-20241111T193127_ecephys.nwb	396353160	138	37	12
sub-29641/sub-29641_ses-20250321T173123_ecephys.nwb	307321740	103	27	9
sub-26303/sub-26303_ses-20250319T233011_ecephys.nwb	476325520	89	31	8
sub-25897/sub-25897_ses-20241107T133400_ecephys.nwb	645848300	128	42	12
sub-24846/sub-24846_ses-20241120T142234_ecephys.nwb	392825024	234	53	24
sub-25876/sub-25876_ses-20241108T143149_ecephys.nwb	455907668	203	47	22
sub-24846/sub-24846_ses-20241120T123901_ecephys.nwb	488113648	142	56	15
sub-29641/sub-29641_ses-20250331T221059_ecephys.nwb	318738280	95	26	9
sub-26342/sub-26342_ses-20241120T174044_ecephys.nwb	274023640	109	27	10
sub-26296/sub-26296_ses-20250226T150305_ecephys.nwb	285765252	105	26	10
sub-26271/sub-26271_ses-20250401T181511_ecephys.nwb	345749468	97	25	9
sub-26303/sub-26303_ses-20250320T013101_ecephys.nwb	510505388	128	34	11
sub-26303/sub-26303_ses-20250327T162748_ecephys.nwb	272385132	73	22	8
sub-25897/sub-25897_ses-20241108T131411_ecephys.nwb	1025028652	249	62	24
sub-24846/sub-24846_ses-20241125T114713_ecephys.nwb	481105112	175	42	14
sub-26265/sub-26265_ses-20241224T161006_ecephys.nwb	303248440	114	27	10
sub-26265/sub-26265_ses-20241223T055641_ecephys.nwb	283477968	78	22	8
sub-24846/sub-24846_ses-20241120T184127_ecephys.nwb	435681828	233	52	21
sub-24846/sub-24846_ses-20241127T200447_ecephys.nwb	342911124	116	34	11
sub-25897/sub-25897_ses-20241024T142846_ecephys.nwb	411741768	111	33	11
sub-26271/sub-26271_ses-20250402T045334_ecephys.nwb	331654856	98	25	9
sub-26271/sub-26271_ses-20250402T010916_ecephys.nwb	424835416	102	30	9
sub-25897/sub-25897_ses-20241111T143809_ecephys.nwb	418385944	181	39	20
sub-25897/sub-25897_ses-20241113T182155_ecephys.nwb	474951592	219	41	22
sub-26349/sub-26349_ses-20250321T175714_ecephys.nwb	363547856	169	34	18
sub-26265/sub-26265_ses-20241224T115118_ecephys.nwb	366471904	181	42	18
sub-29641/sub-29641_ses-20250331T233711_ecephys.nwb	317203788	102	25	9
sub-26265/sub-26265_ses-20241224T190238_ecephys.nwb	301234248	99	25	9
sub-26296/sub-26296_ses-20250226T131057_ecephys.nwb	307044032	118	31	10
sub-26265/sub-26265_ses-20241225T011333_ecephys.nwb	349691424	101	26	10
sub-26296/sub-26296_ses-20250305T214309_ecephys.nwb	512662368	162	32	17
sub-25897/sub-25897_ses-20241107T160041_ecephys.nwb	664397016	140	37	12
sub-26303/sub-26303_ses-20250319T162718_ecephys.nwb	566423868	115	39	10
sub-25897/sub-25897_ses-20241120T020632_ecephys.nwb	371669344	107	26	9
sub-25897/sub-25897_ses-20241111T205741_ecephys.nwb	282161124	111	29	11
sub-26342/sub-26342_ses-20241127T202213_ecephys.nwb	297696032	76	21	8
sub-26303/sub-26303_ses-20250327T190305_ecephys.nwb	329610736	186	33	19
sub-25897/sub-25897_ses-20241120T001422_ecephys.nwb	437069976	191	43	19
sub-26271/sub-26271_ses-20250402T023532_ecephys.nwb	393721592	123	25	11
sub-26303/sub-26303_ses-20250327T161033_ecephys.nwb	271008256	91	22	9
sub-26303/sub-26303_ses-20250327T151847_ecephys.nwb	310146188	124	25	11
sub-29641/sub-29641_ses-20250327T024119_ecephys.nwb	291673212	97	24	9
sub-26349/sub-26349_ses-20250321T185734_ecephys.nwb	304780392	112	25	10
sub-26303/sub-26303_ses-20250327T113428_ecephys.nwb	398725164	167	31	20
sub-29641/sub-29641_ses-20250320T031418_ecephys.nwb	313353896	92	23	9
sub-25897/sub-25897_ses-20241111T113700_ecephys.nwb	342815152	130	29	12
sub-25897/sub-25897_ses-20241111T191411_ecephys.nwb	323105464	110	29	11
sub-29641/sub-29641_ses-20250320T003024_ecephys.nwb	325095060	154	31	17
sub-26296/sub-26296_ses-20250226T194745_ecephys.nwb	262512152	95	23	9
sub-25897/sub-25897_ses-20241113T203956_ecephys.nwb	498764756	178	38	19
sub-25897/sub-25897_ses-20241111T194003_ecephys.nwb	393844116	192	43	20
sub-26349/sub-26349_ses-20250321T215834_ecephys.nwb	347901324	102	23	10
sub-26296/sub-26296_ses-20250226T205645_ecephys.nwb	247047060	78	21	8
sub-26342/sub-26342_ses-20241127T215707_ecephys.nwb	305899248	73	22	8
sub-25897/sub-25897_ses-20241107T142547_ecephys.nwb	581616380	143	34	13
sub-29713/sub-29713_ses-20250425T194205_ecephys.nwb	226879744	75	21	8
sub-25876/sub-25876_ses-20241108T154051_ecephys.nwb	462591436	137	35	13
sub-26303/sub-26303_ses-20250319T183645_ecephys.nwb	268706416	94	21	9
sub-25876/sub-25876_ses-20241108T141434_ecephys.nwb	506077428	179	46	19
sub-29641/sub-29641_ses-20250321T164815_ecephys.nwb	434117700	169	36	13
sub-25897/sub-25897_ses-20241108T213429_ecephys.nwb	775469716	165	36	13
sub-26271/sub-26271_ses-20250401T223359_ecephys.nwb	326581460	115	24	10
sub-29641/sub-29641_ses-20250322T000814_ecephys.nwb	328709444	79	21	8
sub-26296/sub-26296_ses-20250226T215708_ecephys.nwb	258108004	91	22	9
sub-29641/sub-29641_ses-20250319T234716_ecephys.nwb	312076416	88	21	9
sub-29713/sub-29713_ses-20250426T015303_ecephys.nwb	269622016	184	34	18
sub-26271/sub-26271_ses-20250401T235138_ecephys.nwb	339401392	78	21	8
sub-29641/sub-29641_ses-20250322T060156_ecephys.nwb	436561784	118	24	10
sub-24846/sub-24846_ses-20241125T155729_ecephys.nwb	377618224	136	36	12
sub-25897/sub-25897_ses-20241107T130807_ecephys.nwb	563303772	103	32	10
sub-26265/sub-26265_ses-20241223T084037_ecephys.nwb	310977212	75	20	8
sub-29641/sub-29641_ses-20250331T135943_ecephys.nwb	345729872	101	23	10
sub-26303/sub-26303_ses-20250327T185427_ecephys.nwb	271361048	70	19	8
sub-26303/sub-26303_ses-20250327T163625_ecephys.nwb	261026884	77	20	8
sub-25897/sub-25897_ses-20241107T201932_ecephys.nwb	572740672	94	29	10
sub-29641/sub-29641_ses-20250327T051637_ecephys.nwb	398605944	248	37	23
sub-25273/sub-25273_ses-20250428T214650_ecephys.nwb	576431076	195	42	20
sub-29641/sub-29641_ses-20250327T020648_ecephys.nwb	243385288	90	21	9
sub-29641/sub-29641_ses-20250319T181049_ecephys.nwb	281001324	93	24	9
sub-29641/sub-29641_ses-20250331T105006_ecephys.nwb	364492716	172	29	14
sub-26296/sub-26296_ses-20250226T142835_ecephys.nwb	232301264	116	26	10
sub-24846/sub-24846_ses-20241127T131056_ecephys.nwb	331547128	127	32	11
sub-26303/sub-26303_ses-20250327T174527_ecephys.nwb	326651048	148	29	18
sub-25876/sub-25876_ses-20241111T142054_ecephys.nwb	364590232	112	30	11
sub-26265/sub-26265_ses-20241224T233002_ecephys.nwb	251091116	71	20	8
sub-26265/sub-26265_ses-20241223T024652_ecephys.nwb	380752180	85	25	9
sub-26303/sub-26303_ses-20250327T171056_ecephys.nwb	320937124	192	33	19
sub-26342/sub-26342_ses-20241120T233413_ecephys.nwb	284158820	79	21	9
sub-25876/sub-25876_ses-20241111T121131_ecephys.nwb	380186344	162	37	19
sub-26296/sub-26296_ses-20250226T233201_ecephys.nwb	259861268	91	22	9
sub-25876/sub-25876_ses-20241111T185657_ecephys.nwb	435299732	181	39	21
sub-26303/sub-26303_ses-20250319T164433_ecephys.nwb	323318056	166	31	18
sub-29641/sub-29641_ses-20250321T225036_ecephys.nwb	313238284	136	28	16
sub-29641/sub-29641_ses-20250326T170314_ecephys.nwb	257963092	92	23	9
sub-29641/sub-29641_ses-20250322T011715_ecephys.nwb	430308256	194	33	19
sub-24846/sub-24846_ses-20241120T203338_ecephys.nwb	271611000	97	30	11
sub-29641/sub-29641_ses-20250320T025703_ecephys.nwb	389686540	78	20	8
sub-25876/sub-25876_ses-20241108T221740_ecephys.nwb	452057780	97	33	11
sub-25897/sub-25897_ses-20241111T172202_ecephys.nwb	351148164	187	37	20
sub-29641/sub-29641_ses-20250321T184902_ecephys.nwb	304553444	170	30	18
sub-25897/sub-25897_ses-20241024T220604_ecephys.nwb	392429528	89	29	10
sub-26265/sub-26265_ses-20241223T015505_ecephys.nwb	262549712	143	26	17
sub-24846/sub-24846_ses-20241125T162323_ecephys.nwb	344398072	178	36	20
sub-25897/sub-25897_ses-20241108T163235_ecephys.nwb	611110044	116	32	12
sub-26296/sub-26296_ses-20250305T111332_ecephys.nwb	264972492	69	16	8
sub-29713/sub-29713_ses-20250425T180711_ecephys.nwb	294309844	211	33	21
sub-25897/sub-25897_ses-20241119T165421_ecephys.nwb	344680492	91	21	10
sub-25897/sub-25897_ses-20241024T193923_ecephys.nwb	413309436	130	33	12
sub-24846/sub-24846_ses-20241127T125341_ecephys.nwb	341495972	156	38	12
sub-29713/sub-29713_ses-20250425T220845_ecephys.nwb	213355480	88	22	8
sub-29641/sub-29641_ses-20250331T170042_ecephys.nwb	251255924	68	17	8
sub-24846/sub-24846_ses-20241127T162914_ecephys.nwb	289090448	116	26	12
sub-29641/sub-29641_ses-20250322T035231_ecephys.nwb	435375332	162	27	18
sub-25876/sub-25876_ses-20241109T011849_ecephys.nwb	602660604	124	36	12
sub-25897/sub-25897_ses-20241113T124531_ecephys.nwb	298283624	84	23	10
sub-26349/sub-26349_ses-20250322T015954_ecephys.nwb	324205808	132	22	12
sub-24846/sub-24846_ses-20241127T140240_ecephys.nwb	280224812	92	27	10
sub-25273/sub-25273_ses-20250428T231301_ecephys.nwb	491593652	221	35	23
sub-26265/sub-26265_ses-20241225T012210_ecephys.nwb	242407388	110	21	11
sub-26296/sub-26296_ses-20250305T154933_ecephys.nwb	348180820	72	16	8
sub-26349/sub-26349_ses-20250321T184857_ecephys.nwb	340878784	84	25	9
sub-29641/sub-29641_ses-20250331T232833_ecephys.nwb	280290068	88	19	9
sub-25897/sub-25897_ses-20241108T195058_ecephys.nwb	707136048	118	29	11
sub-24846/sub-24846_ses-20241120T193314_ecephys.nwb	346149916	134	45	14
sub-26265/sub-26265_ses-20241223T105001_ecephys.nwb	382895988	117	26	10
sub-25897/sub-25897_ses-20241119T150211_ecephys.nwb	392371680	96	21	10
sub-26303/sub-26303_ses-20250327T111713_ecephys.nwb	245420860	87	18	9
sub-25897/sub-25897_ses-20241109T021907_ecephys.nwb	829856672	120	30	12
sub-25897/sub-25897_ses-20241107T094940_ecephys.nwb	486274908	125	37	12
sub-25876/sub-25876_ses-20241111T163856_ecephys.nwb	323847784	85	25	10
sub-26271/sub-26271_ses-20250401T185819_ecephys.nwb	355444380	183	29	19
sub-29713/sub-29713_ses-20250425T193327_ecephys.nwb	196735704	67	19	7
sub-25273/sub-25273_ses-20250428T173655_ecephys.nwb	395465640	150	32	18
sub-29641/sub-29641_ses-20250327T010624_ecephys.nwb	234338712	71	18	8
sub-29641/sub-29641_ses-20250331T191000_ecephys.nwb	251090240	68	17	8
sub-25876/sub-25876_ses-20241108T212555_ecephys.nwb	381480828	111	29	12
sub-25897/sub-25897_ses-20241113T162110_ecephys.nwb	313158016	78	20	9
sub-24846/sub-24846_ses-20241128T013226_ecephys.nwb	302987532	114	29	11
sub-26265/sub-26265_ses-20241224T233840_ecephys.nwb	232518864	69	18	8
sub-25897/sub-25897_ses-20241111T164732_ecephys.nwb	319196276	104	26	11
sub-26349/sub-26349_ses-20250322T002505_ecephys.nwb	383035204	209	32	22
sub-26342/sub-26342_ses-20241128T021555_ecephys.nwb	309821544	113	22	10
sub-25273/sub-25273_ses-20250428T220404_ecephys.nwb	339500012	106	24	11
sub-26342/sub-26342_ses-20241120T180636_ecephys.nwb	224328084	81	18	9
sub-29641/sub-29641_ses-20250331T140820_ecephys.nwb	254296404	88	19	9
sub-24846/sub-24846_ses-20241125T095502_ecephys.nwb	338241836	111	29	11
sub-29641/sub-29641_ses-20250321T201518_ecephys.nwb	248902252	71	17	8
sub-25897/sub-25897_ses-20241111T224950_ecephys.nwb	286955000	185	33	19
sub-24846/sub-24846_ses-20241121T004353_ecephys.nwb	390539196	197	46	21
sub-26265/sub-26265_ses-20241223T065704_ecephys.nwb	417152780	189	29	20
sub-25273/sub-25273_ses-20250428T210345_ecephys.nwb	452553152	134	26	13
sub-26296/sub-26296_ses-20250226T191315_ecephys.nwb	310923404	83	23	9
sub-26303/sub-26303_ses-20250320T060712_ecephys.nwb	359147872	77	18	9
sub-25897/sub-25897_ses-20241108T165827_ecephys.nwb	681939144	123	25	12
sub-29641/sub-29641_ses-20250320T030541_ecephys.nwb	346069364	115	22	11
sub-26342/sub-26342_ses-20241127T152016_ecephys.nwb	258555108	72	17	8
sub-29641/sub-29641_ses-20250321T190617_ecephys.nwb	261583732	88	19	9
sub-29713/sub-29713_ses-20250425T235216_ecephys.nwb	186358520	87	21	8
sub-29641/sub-29641_ses-20250331T185245_ecephys.nwb	321844180	157	28	18
sub-29641/sub-29641_ses-20250319T220344_ecephys.nwb	341342612	143	28	17
sub-29641/sub-29641_ses-20250331T121617_ecephys.nwb	244817808	88	19	9
sub-26296/sub-26296_ses-20250227T011532_ecephys.nwb	284025340	93	24	9
sub-24846/sub-24846_ses-20241125T132209_ecephys.nwb	284579252	110	27	11
sub-25876/sub-25876_ses-20241108T230048_ecephys.nwb	421230744	151	37	18
sub-26342/sub-26342_ses-20241120T195003_ecephys.nwb	293301240	182	31	19
sub-29641/sub-29641_ses-20250326T205611_ecephys.nwb	287112636	153	26	18
sub-29713/sub-29713_ses-20250425T201635_ecephys.nwb	212098416	71	20	7
sub-24846/sub-24846_ses-20241125T133925_ecephys.nwb	399278484	137	37	12
sub-25876/sub-25876_ses-20241108T175015_ecephys.nwb	383186212	108	30	11
sub-25897/sub-25897_ses-20241024T111857_ecephys.nwb	372257052	117	33	11
sub-25897/sub-25897_ses-20241108T142312_ecephys.nwb	614161984	101	31	11
sub-25897/sub-25897_ses-20241107T083201_ecephys.nwb	487666568	166	35	19
sub-26303/sub-26303_ses-20250320T020533_ecephys.nwb	284758860	71	16	8
sub-26342/sub-26342_ses-20241120T205902_ecephys.nwb	243895960	86	19	9
sub-26296/sub-26296_ses-20250305T200817_ecephys.nwb	469042608	135	22	11
sub-25897/sub-25897_ses-20241111T154709_ecephys.nwb	398800836	110	30	12
sub-25897/sub-25897_ses-20241119T202125_ecephys.nwb	294495848	104	22	10
sub-26342/sub-26342_ses-20241121T010903_ecephys.nwb	250020236	95	19	9
sub-26271/sub-26271_ses-20250401T232545_ecephys.nwb	290043592	81	18	9
sub-26303/sub-26303_ses-20250320T034029_ecephys.nwb	348626520	110	20	12
sub-25876/sub-25876_ses-20241111T113701_ecephys.nwb	382751024	109	30	11
sub-25897/sub-25897_ses-20241107T194502_ecephys.nwb	630328544	119	31	11
sub-26296/sub-26296_ses-20250305T115640_ecephys.nwb	307180792	92	18	9
sub-26342/sub-26342_ses-20241120T173207_ecephys.nwb	249709620	128	23	11
sub-26271/sub-26271_ses-20250401T174918_ecephys.nwb	363965428	159	24	13
sub-25876/sub-25876_ses-20241111T100207_ecephys.nwb	349772224	88	26	10
sub-25897/sub-25897_ses-20241107T213712_ecephys.nwb	534201872	91	25	10
sub-25876/sub-25876_ses-20241108T144027_ecephys.nwb	412496500	178	39	19
sub-25876/sub-25876_ses-20241108T190753_ecephys.nwb	437421748	176	38	20
sub-29641/sub-29641_ses-20250331T162614_ecephys.nwb	262318168	69	18	8
sub-26349/sub-26349_ses-20250322T020831_ecephys.nwb	256483404	89	20	9
sub-29641/sub-29641_ses-20250320T055813_ecephys.nwb	329495460	97	19	10
sub-26349/sub-26349_ses-20250322T015117_ecephys.nwb	323147936	98	26	9
sub-26265/sub-26265_ses-20241224T142635_ecephys.nwb	231585244	135	25	16
sub-29713/sub-29713_ses-20250425T175833_ecephys.nwb	228449824	89	20	9
sub-29641/sub-29641_ses-20250331T211039_ecephys.nwb	235468648	68	17	8
sub-26342/sub-26342_ses-20241120T185819_ecephys.nwb	293583896	170	31	18
sub-29713/sub-29713_ses-20250425T224315_ecephys.nwb	234719636	91	25	8
sub-25876/sub-25876_ses-20241108T205124_ecephys.nwb	412683548	108	30	11
sub-25897/sub-25897_ses-20241119T174607_ecephys.nwb	476109816	233	43	23
sub-26342/sub-26342_ses-20241120T213331_ecephys.nwb	280390552	188	30	20
sub-25897/sub-25897_ses-20241113T205711_ecephys.nwb	516006748	231	40	22
sub-25273/sub-25273_ses-20250428T175409_ecephys.nwb	443068236	158	33	19
sub-25897/sub-25897_ses-20241107T141709_ecephys.nwb	551136688	93	28	10
sub-24846/sub-24846_ses-20241120T223427_ecephys.nwb	301955772	116	33	12
sub-29641/sub-29641_ses-20250326T203856_ecephys.nwb	213530500	88	19	9
sub-26271/sub-26271_ses-20250401T174041_ecephys.nwb	334657968	178	28	19
sub-24846/sub-24846_ses-20241120T153137_ecephys.nwb	365274880	203	45	23
sub-26271/sub-26271_ses-20250401T171448_ecephys.nwb	231449512	68	16	9
sub-26271/sub-26271_ses-20250401T195842_ecephys.nwb	290485844	72	18	8
sub-24846/sub-24846_ses-20241120T195029_ecephys.nwb	306742920	180	40	21
sub-25273/sub-25273_ses-20250428T222955_ecephys.nwb	349914680	151	32	18
sub-26296/sub-26296_ses-20250226T151143_ecephys.nwb	262209916	96	24	9
sub-26265/sub-26265_ses-20241223T101531_ecephys.nwb	398960004	123	21	11
sub-25897/sub-25897_ses-20241111T175632_ecephys.nwb	265029552	84	21	10
sub-29641/sub-29641_ses-20250321T223319_ecephys.nwb	317987584	141	27	17
sub-26303/sub-26303_ses-20250327T101650_ecephys.nwb	260942324	107	20	10
sub-29641/sub-29641_ses-20250319T231245_ecephys.nwb	273364052	91	19	9
sub-25897/sub-25897_ses-20241108T151457_ecephys.nwb	661590148	108	37	11
sub-24846/sub-24846_ses-20241120T185005_ecephys.nwb	342839556	212	43	23
sub-29713/sub-29713_ses-20250425T164054_ecephys.nwb	325511920	151	28	18
sub-24846/sub-24846_ses-20241127T231429_ecephys.nwb	331555644	165	35	19
sub-25876/sub-25876_ses-20241111T195720_ecephys.nwb	313346568	89	26	10
sub-29713/sub-29713_ses-20250425T232623_ecephys.nwb	225971596	72	24	7
sub-26271/sub-26271_ses-20250401T212458_ecephys.nwb	364229520	197	30	21
sub-26271/sub-26271_ses-20250402T025248_ecephys.nwb	303023800	97	20	9
sub-29641/sub-29641_ses-20250319T202013_ecephys.nwb	243240916	68	17	8
sub-24846/sub-24846_ses-20241120T124738_ecephys.nwb	402126480	126	42	15
sub-25897/sub-25897_ses-20241108T184158_ecephys.nwb	610100184	94	24	11
sub-26342/sub-26342_ses-20241127T151138_ecephys.nwb	286884996	120	23	11
sub-26265/sub-26265_ses-20241223T042147_ecephys.nwb	299301088	109	22	10
sub-25897/sub-25897_ses-20241111T161302_ecephys.nwb	287355388	82	21	10
sub-26296/sub-26296_ses-20250226T230609_ecephys.nwb	235989928	134	26	16
sub-26303/sub-26303_ses-20250327T105120_ecephys.nwb	260605252	88	19	9
sub-25876/sub-25876_ses-20241111T210620_ecephys.nwb	328338164	109	28	11
sub-26265/sub-26265_ses-20241223T084914_ecephys.nwb	432541156	119	27	10
sub-25897/sub-25897_ses-20241024T133700_ecephys.nwb	380623808	125	29	12
sub-25876/sub-25876_ses-20241111T214051_ecephys.nwb	386854976	201	39	21
sub-26296/sub-26296_ses-20250305T134010_ecephys.nwb	351440896	107	19	10
sub-26265/sub-26265_ses-20241224T131734_ecephys.nwb	187478228	68	17	8
sub-24846/sub-24846_ses-20241128T015818_ecephys.nwb	332258168	117	31	11
sub-25897/sub-25897_ses-20241107T103249_ecephys.nwb	455860284	90	26	10
sub-26349/sub-26349_ses-20250321T190611_ecephys.nwb	278222140	150	27	17
sub-29641/sub-29641_ses-20250319T230408_ecephys.nwb	329368620	122	23	11
sub-29641/sub-29641_ses-20250322T030046_ecephys.nwb	354490376	145	25	16
sub-25897/sub-25897_ses-20241111T153832_ecephys.nwb	336686492	122	26	12
sub-26342/sub-26342_ses-20241120T134757_ecephys.nwb	230477696	92	22	8
sub-25897/sub-25897_ses-20241024T222319_ecephys.nwb	409759252	162	35	19
sub-24846/sub-24846_ses-20241127T232306_ecephys.nwb	318085656	131	31	12
sub-25876/sub-25876_ses-20241111T224951_ecephys.nwb	321425192	106	28	11
sub-29641/sub-29641_ses-20250322T004244_ecephys.nwb	302153860	75	17	8
sub-26271/sub-26271_ses-20250401T215928_ecephys.nwb	286444720	74	18	8
sub-26342/sub-26342_ses-20241121T005148_ecephys.nwb	304285040	124	22	11
sub-29641/sub-29641_ses-20250326T230536_ecephys.nwb	222997656	71	17	8
sub-26303/sub-26303_ses-20250327T125207_ecephys.nwb	288397732	113	22	10
sub-26349/sub-26349_ses-20250322T045217_ecephys.nwb	339426704	95	26	9
sub-26349/sub-26349_ses-20250322T051809_ecephys.nwb	334079112	134	23	12
sub-29713/sub-29713_ses-20250426T005240_ecephys.nwb	197872996	91	21	8
sub-24846/sub-24846_ses-20241120T171510_ecephys.nwb	422693696	238	55	24
sub-26303/sub-26303_ses-20250320T051525_ecephys.nwb	361979640	114	21	10
sub-25876/sub-25876_ses-20241108T200816_ecephys.nwb	373999768	87	27	10
sub-26303/sub-26303_ses-20250327T222130_ecephys.nwb	250646560	68	17	8
sub-25897/sub-25897_ses-20241113T214019_ecephys.nwb	398602772	88	29	9
sub-26303/sub-26303_ses-20250327T230438_ecephys.nwb	249696184	68	17	8
sub-26271/sub-26271_ses-20250402T044456_ecephys.nwb	322749896	155	28	17
sub-25876/sub-25876_ses-20241108T222618_ecephys.nwb	391469256	94	28	11
sub-25897/sub-25897_ses-20241113T231512_ecephys.nwb	522781756	193	33	20
sub-24846/sub-24846_ses-20241125T153136_ecephys.nwb	343630772	115	33	11
sub-26296/sub-26296_ses-20250226T171229_ecephys.nwb	272483704	74	23	8
sub-24846/sub-24846_ses-20241125T134802_ecephys.nwb	352832312	113	31	11
sub-25897/sub-25897_ses-20241114T002412_ecephys.nwb	508683580	132	25	12
sub-26265/sub-26265_ses-20241224T205446_ecephys.nwb	301200772	192	29	20
sub-26265/sub-26265_ses-20241224T133449_ecephys.nwb	229805996	109	22	10
sub-25897/sub-25897_ses-20241024T192208_ecephys.nwb	459987496	180	36	21
sub-26349/sub-26349_ses-20250321T164817_ecephys.nwb	527355388	129	40	10
sub-26342/sub-26342_ses-20241121T003434_ecephys.nwb	276443044	180	30	18
sub-24846/sub-24846_ses-20241125T093747_ecephys.nwb	426426512	134	36	13
sub-26303/sub-26303_ses-20250327T133515_ecephys.nwb	286913168	114	20	12
sub-25273/sub-25273_ses-20250429T001320_ecephys.nwb	338629160	105	24	11
sub-26342/sub-26342_ses-20241120T230821_ecephys.nwb	261172764	93	20	9
sub-26296/sub-26296_ses-20250305T105616_ecephys.nwb	264775588	90	18	9
sub-25897/sub-25897_ses-20241024T143723_ecephys.nwb	436657636	216	42	23
sub-26296/sub-26296_ses-20250226T141958_ecephys.nwb	260377368	184	31	19
sub-25897/sub-25897_ses-20241111T223235_ecephys.nwb	242433836	97	24	10
sub-25897/sub-25897_ses-20241024T194801_ecephys.nwb	497292244	113	35	11
sub-29641/sub-29641_ses-20250320T061528_ecephys.nwb	294345488	72	17	8
sub-26296/sub-26296_ses-20250305T130540_ecephys.nwb	339222760	99	18	9
sub-29641/sub-29641_ses-20250319T201135_ecephys.nwb	251618296	68	17	8
sub-26265/sub-26265_ses-20241223T090630_ecephys.nwb	317504760	93	20	9
sub-26271/sub-26271_ses-20250401T224237_ecephys.nwb	289971832	88	19	9
sub-25876/sub-25876_ses-20241108T150620_ecephys.nwb	378817364	91	30	10
sub-24846/sub-24846_ses-20241127T171221_ecephys.nwb	312342548	95	25	11
sub-26342/sub-26342_ses-20241128T001509_ecephys.nwb	292658252	108	21	10
sub-26303/sub-26303_ses-20250320T010508_ecephys.nwb	334929556	99	19	10
sub-26265/sub-26265_ses-20241224T141758_ecephys.nwb	245408300	164	27	18
sub-26296/sub-26296_ses-20250305T163240_ecephys.nwb	377866704	101	18	9
sub-26265/sub-26265_ses-20241224T224654_ecephys.nwb	229779020	71	17	8
sub-29641/sub-29641_ses-20250319T222937_ecephys.nwb	374994128	174	28	20
sub-26303/sub-26303_ses-20250327T141823_ecephys.nwb	358179280	223	32	23
sub-26342/sub-26342_ses-20241127T201336_ecephys.nwb	301477948	111	21	10
sub-25876/sub-25876_ses-20241111T211458_ecephys.nwb	406201964	175	37	20
sub-25897/sub-25897_ses-20241107T212834_ecephys.nwb	588776124	115	30	11
sub-26349/sub-26349_ses-20250322T052646_ecephys.nwb	271059316	130	25	16
sub-25897/sub-25897_ses-20241107T204526_ecephys.nwb	675268756	178	44	19
sub-26342/sub-26342_ses-20241120T182350_ecephys.nwb	219083824	72	17	8
sub-24846/sub-24846_ses-20241125T210809_ecephys.nwb	304090824	93	29	10
sub-25897/sub-25897_ses-20241114T001535_ecephys.nwb	478944028	120	23	12
sub-29641/sub-29641_ses-20250331T165205_ecephys.nwb	283338052	89	20	9
sub-26296/sub-26296_ses-20250305T125702_ecephys.nwb	389438116	149	26	17
sub-26265/sub-26265_ses-20241224T122548_ecephys.nwb	204353884	75	18	9
sub-29713/sub-29713_ses-20250425T173240_ecephys.nwb	255063796	135	27	16
sub-29641/sub-29641_ses-20250319T180212_ecephys.nwb	228656276	72	18	8
sub-25876/sub-25876_ses-20241109T025343_ecephys.nwb	439477272	101	30	11
sub-26303/sub-26303_ses-20250327T164503_ecephys.nwb	251278252	88	19	9
sub-26342/sub-26342_ses-20241127T200458_ecephys.nwb	297945440	102	22	10
sub-26296/sub-26296_ses-20250226T172944_ecephys.nwb	214970924	99	19	9
sub-26303/sub-26303_ses-20250320T050648_ecephys.nwb	371177992	162	26	18
sub-29641/sub-29641_ses-20250322T041824_ecephys.nwb	447866364	164	29	19
sub-26342/sub-26342_ses-20241121T020924_ecephys.nwb	253112892	116	21	10
sub-26265/sub-26265_ses-20241223T062234_ecephys.nwb	226054076	68	17	8
sub-24846/sub-24846_ses-20241127T135402_ecephys.nwb	333571848	194	39	20
sub-26342/sub-26342_ses-20241121T010025_ecephys.nwb	280793364	98	19	10
sub-26296/sub-26296_ses-20250226T213115_ecephys.nwb	259130928	102	19	10
sub-29641/sub-29641_ses-20250331T110720_ecephys.nwb	253499400	89	20	9
sub-29641/sub-29641_ses-20250331T141657_ecephys.nwb	281391132	128	23	11
sub-25876/sub-25876_ses-20241111T205743_ecephys.nwb	317517060	90	26	10
sub-25897/sub-25897_ses-20241024T230628_ecephys.nwb	393903316	91	25	11
sub-26271/sub-26271_ses-20250402T035311_ecephys.nwb	271288796	73	17	8
sub-29641/sub-29641_ses-20250327T000600_ecephys.nwb	322787068	229	34	23
sub-29641/sub-29641_ses-20250331T133351_ecephys.nwb	288482920	165	29	18
sub-29641/sub-29641_ses-20250327T035020_ecephys.nwb	275674120	74	17	9
sub-26296/sub-26296_ses-20250305T095554_ecephys.nwb	268195352	162	27	18
sub-24846/sub-24846_ses-20241120T215118_ecephys.nwb	385240408	186	42	23
sub-24846/sub-24846_ses-20241127T224837_ecephys.nwb	289057124	108	26	11
sub-25876/sub-25876_ses-20241111T135502_ecephys.nwb	341510700	86	26	10
sub-25273/sub-25273_ses-20250428T225547_ecephys.nwb	345929104	86	22	10
sub-29641/sub-29641_ses-20250320T045750_ecephys.nwb	458078248	198	31	20
sub-29641/sub-29641_ses-20250320T015640_ecephys.nwb	266086344	157	28	17
sub-26265/sub-26265_ses-20241223T011156_ecephys.nwb	291923056	95	20	10
sub-25897/sub-25897_ses-20241107T182722_ecephys.nwb	612788032	133	30	12
sub-25273/sub-25273_ses-20250428T233852_ecephys.nwb	341932628	85	22	10
sub-26342/sub-26342_ses-20241120T150533_ecephys.nwb	228118928	76	19	8
sub-25897/sub-25897_ses-20241111T171325_ecephys.nwb	347813912	127	30	12
sub-25897/sub-25897_ses-20241024T151155_ecephys.nwb	370395152	88	28	10
sub-25876/sub-25876_ses-20241108T215147_ecephys.nwb	456991620	163	37	19
sub-29641/sub-29641_ses-20250331T215345_ecephys.nwb	335931024	192	30	19
sub-26296/sub-26296_ses-20250305T225209_ecephys.nwb	592887068	247	34	22
sub-25897/sub-25897_ses-20241109T023623_ecephys.nwb	714375164	127	32	11
sub-26265/sub-26265_ses-20241224T123426_ecephys.nwb	233759660	115	23	10
sub-25876/sub-25876_ses-20241111T111108_ecephys.nwb	421250112	193	37	21
sub-25876/sub-25876_ses-20241108T154928_ecephys.nwb	416976640	128	32	12
sub-26349/sub-26349_ses-20250321T234200_ecephys.nwb	328245384	176	29	19
sub-29641/sub-29641_ses-20250322T023453_ecephys.nwb	361581800	98	21	9
sub-29713/sub-29713_ses-20250425T144845_ecephys.nwb	248225180	76	19	9
sub-26303/sub-26303_ses-20250328T001339_ecephys.nwb	382698764	205	32	22
sub-25876/sub-25876_ses-20241111T191412_ecephys.nwb	382045728	169	37	19
sub-25897/sub-25897_ses-20241119T222213_ecephys.nwb	354099116	189	35	21
sub-26296/sub-26296_ses-20250226T173821_ecephys.nwb	210916096	88	19	9
sub-29713/sub-29713_ses-20250426T031919_ecephys.nwb	199969456	87	21	8
sub-25897/sub-25897_ses-20241113T141146_ecephys.nwb	360133880	108	25	10
sub-24846/sub-24846_ses-20241127T154607_ecephys.nwb	253893976	107	27	10
sub-24846/sub-24846_ses-20241121T014417_ecephys.nwb	396503064	211	48	22
sub-24846/sub-24846_ses-20241125T222549_ecephys.nwb	398020476	153	35	13
sub-24846/sub-24846_ses-20241120T172347_ecephys.nwb	306472540	104	34	11
sub-29641/sub-29641_ses-20250331T213631_ecephys.nwb	278823520	89	20	9
sub-25876/sub-25876_ses-20241109T022750_ecephys.nwb	578634032	229	41	24
sub-29641/sub-29641_ses-20250319T223815_ecephys.nwb	336776796	189	30	19
sub-24846/sub-24846_ses-20241125T125616_ecephys.nwb	447054712	213	41	23
sub-25876/sub-25876_ses-20241108T231803_ecephys.nwb	511036172	157	40	18
sub-24846/sub-24846_ses-20241120T151421_ecephys.nwb	351616348	236	47	24
sub-26265/sub-26265_ses-20241223T053048_ecephys.nwb	281753856	150	27	17
sub-26296/sub-26296_ses-20250227T004939_ecephys.nwb	243895536	113	21	10
sub-25273/sub-25273_ses-20250429T022237_ecephys.nwb	374114848	127	26	12
sub-25897/sub-25897_ses-20241120T014916_ecephys.nwb	424110524	91	31	8
sub-26265/sub-26265_ses-20241224T202016_ecephys.nwb	250966296	133	25	16
sub-29641/sub-29641_ses-20250331T160900_ecephys.nwb	249307020	68	17	8
sub-25897/sub-25897_ses-20241024T104426_ecephys.nwb	681747020	252	65	21
sub-24846/sub-24846_ses-20241125T122145_ecephys.nwb	345213872	172	36	19
sub-25273/sub-25273_ses-20250429T012217_ecephys.nwb	433900492	179	32	20
sub-25897/sub-25897_ses-20241108T211713_ecephys.nwb	1032797492	223	44	22
sub-25876/sub-25876_ses-20241109T015320_ecephys.nwb	541430288	237	42	22
sub-25897/sub-25897_ses-20241113T192218_ecephys.nwb	421362028	111	23	11
sub-26296/sub-26296_ses-20250226T125342_ecephys.nwb	219276328	88	19	9
sub-26265/sub-26265_ses-20241223T052210_ecephys.nwb	314957868	154	26	17
sub-26265/sub-26265_ses-20241224T202853_ecephys.nwb	292629480	77	18	9
sub-29641/sub-29641_ses-20250326T191239_ecephys.nwb	221112720	88	19	9
sub-25876/sub-25876_ses-20241108T220025_ecephys.nwb	409628052	116	29	11
sub-29641/sub-29641_ses-20250322T002529_ecephys.nwb	311018580	93	19	9
sub-29641/sub-29641_ses-20250326T235722_ecephys.nwb	229126208	91	19	9
sub-24846/sub-24846_ses-20241120T134803_ecephys.nwb	394090136	189	50	20
sub-24846/sub-24846_ses-20241127T185549_ecephys.nwb	327760108	202	40	21
sub-26349/sub-26349_ses-20250322T065258_ecephys.nwb	422213596	122	29	11
sub-26296/sub-26296_ses-20250305T141440_ecephys.nwb	326908516	72	16	8
sub-26271/sub-26271_ses-20250401T213335_ecephys.nwb	289896816	92	19	9
sub-26271/sub-26271_ses-20250402T050211_ecephys.nwb	305073260	100	21	10
sub-26265/sub-26265_ses-20241223T054803_ecephys.nwb	457000288	184	37	19
sub-25897/sub-25897_ses-20241024T152910_ecephys.nwb	430849372	190	38	20
sub-25897/sub-25897_ses-20241024T135415_ecephys.nwb	398284168	191	39	20
sub-26342/sub-26342_ses-20241120T192411_ecephys.nwb	235548512	82	19	9
sub-26342/sub-26342_ses-20241127T205644_ecephys.nwb	260697308	68	17	8
sub-26265/sub-26265_ses-20241223T125048_ecephys.nwb	418382480	181	34	19
sub-25876/sub-25876_ses-20241111T152955_ecephys.nwb	371935256	112	29	11
sub-25876/sub-25876_ses-20241111T143810_ecephys.nwb	372178492	91	25	11
sub-25876/sub-25876_ses-20241111T112823_ecephys.nwb	437605340	151	31	14
sub-25897/sub-25897_ses-20241107T114151_ecephys.nwb	526951756	113	29	11
sub-29641/sub-29641_ses-20250319T171026_ecephys.nwb	213691484	69	18	8
sub-29641/sub-29641_ses-20250319T174457_ecephys.nwb	216752896	88	19	9
sub-26271/sub-26271_ses-20250402T042741_ecephys.nwb	322045588	168	28	18
sub-25273/sub-25273_ses-20250429T023951_ecephys.nwb	355679848	106	24	11
sub-29713/sub-29713_ses-20250425T191612_ecephys.nwb	206710268	67	19	7
sub-26303/sub-26303_ses-20250327T173649_ecephys.nwb	356954164	204	33	21
sub-25897/sub-25897_ses-20241113T174725_ecephys.nwb	374555668	109	22	11
sub-29641/sub-29641_ses-20250331T150840_ecephys.nwb	273712772	109	22	10
sub-24846/sub-24846_ses-20241125T205053_ecephys.nwb	348736936	105	29	13
sub-26303/sub-26303_ses-20250327T184550_ecephys.nwb	281399416	74	17	9
sub-29641/sub-29641_ses-20250326T222228_ecephys.nwb	274678612	164	29	18
sub-25273/sub-25273_ses-20250429T003912_ecephys.nwb	427986644	191	34	20
sub-29713/sub-29713_ses-20250425T142252_ecephys.nwb	306463248	94	25	9
sub-25897/sub-25897_ses-20241119T204718_ecephys.nwb	413174360	102	28	10
sub-26296/sub-26296_ses-20250226T134527_ecephys.nwb	202302504	88	19	9
sub-29641/sub-29641_ses-20250326T164558_ecephys.nwb	274806672	183	30	19
sub-25876/sub-25876_ses-20241111T154710_ecephys.nwb	321480296	87	25	10
sub-29641/sub-29641_ses-20250327T024956_ecephys.nwb	290881048	183	30	20
sub-24846/sub-24846_ses-20241127T192141_ecephys.nwb	389613580	287	45	27
sub-25273/sub-25273_ses-20250428T160207_ecephys.nwb	479729360	122	27	13
sub-25273/sub-25273_ses-20250428T204630_ecephys.nwb	533968592	117	35	11
sub-26296/sub-26296_ses-20250226T124504_ecephys.nwb	221261028	115	22	11
sub-24846/sub-24846_ses-20241125T150543_ecephys.nwb	312521352	93	26	10
sub-26265/sub-26265_ses-20241222T231107_ecephys.nwb	304419608	172	28	19
sub-29641/sub-29641_ses-20250320T043157_ecephys.nwb	258469804	68	17	8
sub-29641/sub-29641_ses-20250319T214629_ecephys.nwb	274077224	80	18	9
sub-26349/sub-26349_ses-20250322T030014_ecephys.nwb	329674936	193	31	20
sub-26271/sub-26271_ses-20250402T005201_ecephys.nwb	417922380	177	30	19
sub-24846/sub-24846_ses-20241120T161445_ecephys.nwb	362158452	175	42	20
sub-24846/sub-24846_ses-20241125T202500_ecephys.nwb	319481160	155	36	18
sub-25876/sub-25876_ses-20241111T114538_ecephys.nwb	338280448	89	25	10
sub-24846/sub-24846_ses-20241120T132210_ecephys.nwb	432958621	147	47	16
sub-24846/sub-24846_ses-20241128T002327_ecephys.nwb	315392692	111	29	11
sub-26303/sub-26303_ses-20250319T202019_ecephys.nwb	280846004	70	16	8
sub-29713/sub-29713_ses-20250425T185856_ecephys.nwb	254475472	169	31	19
sub-26349/sub-26349_ses-20250321T203222_ecephys.nwb	243150960	88	19	9
sub-26303/sub-26303_ses-20250327T120022_ecephys.nwb	333693700	145	28	17
sub-24846/sub-24846_ses-20241127T223122_ecephys.nwb	319092876	116	27	12
sub-25897/sub-25897_ses-20241108T215144_ecephys.nwb	694735072	115	25	13
sub-26296/sub-26296_ses-20250305T202532_ecephys.nwb	384897224	79	17	9
sub-26296/sub-26296_ses-20250305T123947_ecephys.nwb	394514092	140	24	17
sub-26303/sub-26303_ses-20250320T004752_ecephys.nwb	289355364	71	16	8
sub-25897/sub-25897_ses-20241120T015754_ecephys.nwb	330024176	82	22	8
sub-25897/sub-25897_ses-20241108T173257_ecephys.nwb	819971656	224	39	22
sub-24846/sub-24846_ses-20241127T233143_ecephys.nwb	368752384	215	40	21
sub-29641/sub-29641_ses-20250327T044206_ecephys.nwb	229000632	96	19	9
sub-29641/sub-29641_ses-20250326T165436_ecephys.nwb	251133824	127	24	12
sub-26342/sub-26342_ses-20241127T195620_ecephys.nwb	241293392	72	16	8
sub-29641/sub-29641_ses-20250326T215635_ecephys.nwb	240632388	93	20	9
sub-25273/sub-25273_ses-20250428T212059_ecephys.nwb	392871100	91	22	11
sub-26265/sub-26265_ses-20241224T115956_ecephys.nwb	203673264	88	19	9
sub-26349/sub-26349_ses-20250322T004220_ecephys.nwb	245748500	85	18	9
sub-29641/sub-29641_ses-20250331T205325_ecephys.nwb	347276308	162	27	19
sub-25897/sub-25897_ses-20241119T155357_ecephys.nwb	360128456	117	22	11
sub-26296/sub-26296_ses-20250305T235231_ecephys.nwb	393478512	82	18	10
sub-24846/sub-24846_ses-20241120T175818_ecephys.nwb	345379752	183	44	20
sub-29641/sub-29641_ses-20250331T111557_ecephys.nwb	324704996	203	32	21
sub-24846/sub-24846_ses-20241128T014103_ecephys.nwb	322749536	93	29	10
sub-25876/sub-25876_ses-20241108T152335_ecephys.nwb	409792492	170	38	19
sub-26342/sub-26342_ses-20241120T194126_ecephys.nwb	268541276	181	31	18
sub-25897/sub-25897_ses-20241108T140557_ecephys.nwb	682959440	187	42	21
sub-25897/sub-25897_ses-20241109T011845_ecephys.nwb	954720036	221	42	23
sub-26303/sub-26303_ses-20250327T153602_ecephys.nwb	238095412	87	18	9
sub-29713/sub-29713_ses-20250425T204228_ecephys.nwb	192621300	73	19	7
sub-25897/sub-25897_ses-20241113T211426_ecephys.nwb	366257960	100	22	10
sub-29641/sub-29641_ses-20250320T042319_ecephys.nwb	375352000	104	20	10
sub-26342/sub-26342_ses-20241120T203310_ecephys.nwb	250084704	116	21	10
sub-26296/sub-26296_ses-20250305T230924_ecephys.nwb	480334524	103	18	10
sub-29641/sub-29641_ses-20250331T094108_ecephys.nwb	360850228	182	36	18
sub-29713/sub-29713_ses-20250425T212536_ecephys.nwb	262381032	96	26	8
sub-26349/sub-26349_ses-20250321T232445_ecephys.nwb	256232332	88	19	9
sub-29713/sub-29713_ses-20250425T182426_ecephys.nwb	310901788	100	25	10
sub-29713/sub-29713_ses-20250425T141415_ecephys.nwb	266712880	183	33	18
sub-29641/sub-29641_ses-20250319T224652_ecephys.nwb	394866520	162	25	12
sub-26349/sub-26349_ses-20250321T213243_ecephys.nwb	311123396	143	26	17
sub-29641/sub-29641_ses-20250319T232123_ecephys.nwb	306992260	112	21	10
sub-24846/sub-24846_ses-20241125T223426_ecephys.nwb	392366908	240	46	23
sub-24846/sub-24846_ses-20241125T224304_ecephys.nwb	384514656	226	45	23
sub-26303/sub-26303_ses-20250327T175404_ecephys.nwb	276534128	90	21	9
sub-25876/sub-25876_ses-20241111T175634_ecephys.nwb	390537648	145	31	14
sub-25876/sub-25876_ses-20241109T000949_ecephys.nwb	407351472	89	27	10
sub-29641/sub-29641_ses-20250327T004909_ecephys.nwb	335227244	183	30	20
sub-25897/sub-25897_ses-20241107T082323_ecephys.nwb	437171384	113	31	11
sub-26296/sub-26296_ses-20250305T190754_ecephys.nwb	530188796	146	22	12
sub-29641/sub-29641_ses-20250321T192332_ecephys.nwb	288921344	165	27	18
sub-24846/sub-24846_ses-20241127T162037_ecephys.nwb	345095156	208	40	22
sub-29641/sub-29641_ses-20250319T210321_ecephys.nwb	268011620	93	20	9
sub-29641/sub-29641_ses-20250326T155412_ecephys.nwb	207330888	68	17	8
sub-25897/sub-25897_ses-20241113T235819_ecephys.nwb	431853692	94	29	10
sub-26303/sub-26303_ses-20250327T110836_ecephys.nwb	247130000	68	17	8
sub-26265/sub-26265_ses-20241223T102408_ecephys.nwb	268024516	74	17	8
sub-25876/sub-25876_ses-20241109T032813_ecephys.nwb	584472664	144	39	13
sub-25897/sub-25897_ses-20241024T234059_ecephys.nwb	393022028	89	28	10
sub-29713/sub-29713_ses-20250425T150600_ecephys.nwb	247507496	131	26	16
sub-26296/sub-26296_ses-20250226T120156_ecephys.nwb	211329472	110	22	9
sub-26342/sub-26342_ses-20241120T211616_ecephys.nwb	239985948	92	19	9
sub-25876/sub-25876_ses-20241111T222358_ecephys.nwb	363779912	133	32	12
sub-26265/sub-26265_ses-20241224T222939_ecephys.nwb	263045856	109	22	10
sub-24846/sub-24846_ses-20241125T232613_ecephys.nwb	378041180	101	34	10
sub-26265/sub-26265_ses-20241223T025529_ecephys.nwb	268206912	93	20	9
sub-26296/sub-26296_ses-20250227T002347_ecephys.nwb	222327496	88	19	9
sub-25876/sub-25876_ses-20241111T204028_ecephys.nwb	368412264	163	36	19
sub-26349/sub-26349_ses-20250322T055238_ecephys.nwb	352049528	128	29	11
sub-25897/sub-25897_ses-20241119T223050_ecephys.nwb	348659736	172	30	19
sub-24846/sub-24846_ses-20241120T225142_ecephys.nwb	362478664	217	45	22
sub-25876/sub-25876_ses-20241108T170707_ecephys.nwb	371877292	94	27	10
sub-25897/sub-25897_ses-20241107T185315_ecephys.nwb	572620828	92	27	10
sub-25897/sub-25897_ses-20241111T123723_ecephys.nwb	272974360	83	21	10
sub-29713/sub-29713_ses-20250425T181548_ecephys.nwb	295499428	183	30	20
sub-26271/sub-26271_ses-20250401T173203_ecephys.nwb	311967812	142	25	17
sub-26265/sub-26265_ses-20241223T115902_ecephys.nwb	383925624	218	35	21
sub-25876/sub-25876_ses-20241109T001827_ecephys.nwb	560073140	123	34	12
sub-29641/sub-29641_ses-20250331T150003_ecephys.nwb	322656756	192	33	19
sub-24846/sub-24846_ses-20241125T200744_ecephys.nwb	374491776	207	41	21
sub-25876/sub-25876_ses-20241108T220903_ecephys.nwb	450457356	181	37	20
sub-25897/sub-25897_ses-20241120T002300_ecephys.nwb	283040008	103	21	10
sub-29641/sub-29641_ses-20250320T014802_ecephys.nwb	301088008	114	22	10
sub-26303/sub-26303_ses-20250319T212044_ecephys.nwb	299197652	78	17	9
sub-26296/sub-26296_ses-20250227T000631_ecephys.nwb	219157100	69	18	8
sub-29713/sub-29713_ses-20250425T155746_ecephys.nwb	235469948	70	19	8
sub-25897/sub-25897_ses-20241107T211957_ecephys.nwb	559028400	111	27	11
sub-29641/sub-29641_ses-20250320T044034_ecephys.nwb	301960516	143	26	17
sub-24846/sub-24846_ses-20241127T173813_ecephys.nwb	414255848	182	40	21
sub-25897/sub-25897_ses-20241119T210433_ecephys.nwb	295367528	115	23	11
sub-26296/sub-26296_ses-20250226T180414_ecephys.nwb	195173892	70	17	8
sub-26271/sub-26271_ses-20250401T222521_ecephys.nwb	317485816	113	21	10
sub-29641/sub-29641_ses-20250322T020023_ecephys.nwb	328328556	98	20	9
sub-29641/sub-29641_ses-20250321T224157_ecephys.nwb	281891600	92	19	9
sub-26296/sub-26296_ses-20250226T210523_ecephys.nwb	240315516	85	19	9
sub-29641/sub-29641_ses-20250327T002316_ecephys.nwb	272551036	75	18	9
sub-26271/sub-26271_ses-20250402T055357_ecephys.nwb	373567132	160	25	18
sub-26265/sub-26265_ses-20241223T075728_ecephys.nwb	415683744	223	34	23
sub-26303/sub-26303_ses-20250319T233849_ecephys.nwb	354823392	160	27	17
sub-29641/sub-29641_ses-20250326T210449_ecephys.nwb	257404988	170	29	18
sub-29641/sub-29641_ses-20250321T235936_ecephys.nwb	299831192	134	25	16
sub-26342/sub-26342_ses-20241120T154839_ecephys.nwb	220835800	73	18	8
sub-25897/sub-25897_ses-20241119T224806_ecephys.nwb	477933836	125	36	12
sub-26296/sub-26296_ses-20250305T233516_ecephys.nwb	539290980	226	32	21
sub-26265/sub-26265_ses-20241225T013048_ecephys.nwb	232947840	89	19	10
sub-26342/sub-26342_ses-20241127T165510_ecephys.nwb	270289368	101	19	10
sub-26265/sub-26265_ses-20241224T130857_ecephys.nwb	242268532	122	23	11
sub-25273/sub-25273_ses-20250428T135251_ecephys.nwb	626853044	100	28	11
sub-26296/sub-26296_ses-20250305T102146_ecephys.nwb	270693508	107	20	10
sub-29641/sub-29641_ses-20250331T220222_ecephys.nwb	257391016	88	19	9
sub-26303/sub-26303_ses-20250320T035745_ecephys.nwb	324719536	92	18	9
sub-24846/sub-24846_ses-20241120T163201_ecephys.nwb	278914632	99	29	11
sub-26342/sub-26342_ses-20241121T000005_ecephys.nwb	274504948	94	18	10
sub-26303/sub-26303_ses-20250327T224723_ecephys.nwb	307167568	93	18	10
sub-26265/sub-26265_ses-20241223T014627_ecephys.nwb	293993712	93	24	9
sub-24846/sub-24846_ses-20241127T213101_ecephys.nwb	310568572	112	28	13
sub-26296/sub-26296_ses-20250226T145428_ecephys.nwb	235967432	150	26	17
sub-29641/sub-29641_ses-20250327T014055_ecephys.nwb	321730164	179	32	19
sub-26265/sub-26265_ses-20241224T144351_ecephys.nwb	238780884	154	27	17
sub-26342/sub-26342_ses-20241127T172940_ecephys.nwb	299823760	131	22	11
sub-26342/sub-26342_ses-20241121T020046_ecephys.nwb	232593252	72	17	8
sub-25876/sub-25876_ses-20241111T202312_ecephys.nwb	326098392	87	27	10
sub-25897/sub-25897_ses-20241120T021510_ecephys.nwb	345010104	105	21	10
sub-26265/sub-26265_ses-20241224T175337_ecephys.nwb	297543612	171	30	18
sub-26342/sub-26342_ses-20241120T223352_ecephys.nwb	251383452	116	21	10
sub-26349/sub-26349_ses-20250322T054401_ecephys.nwb	269374364	108	21	10
sub-25897/sub-25897_ses-20241024T195639_ecephys.nwb	376877360	109	27	11
sub-25897/sub-25897_ses-20241108T223451_ecephys.nwb	738596188	143	34	12
sub-25897/sub-25897_ses-20241111T150401_ecephys.nwb	469290056	195	40	21
sub-25897/sub-25897_ses-20241114T010720_ecephys.nwb	382840872	85	23	9
sub-26342/sub-26342_ses-20241120T163146_ecephys.nwb	307777420	174	29	20
sub-26303/sub-26303_ses-20250319T234727_ecephys.nwb	346254760	93	19	9
sub-25897/sub-25897_ses-20241108T225206_ecephys.nwb	686741164	172	33	18
sub-29713/sub-29713_ses-20250426T013548_ecephys.nwb	238293448	95	25	8
sub-25897/sub-25897_ses-20241024T164649_ecephys.nwb	488508188	205	43	22
sub-25897/sub-25897_ses-20241120T004853_ecephys.nwb	436124156	165	37	18
sub-25897/sub-25897_ses-20241111T142931_ecephys.nwb	375248416	111	33	11
sub-29641/sub-29641_ses-20250331T142534_ecephys.nwb	261420812	108	21	10
sub-25273/sub-25273_ses-20250428T151902_ecephys.nwb	460158032	110	27	11
sub-25897/sub-25897_ses-20241113T234104_ecephys.nwb	416562724	125	24	11
sub-25876/sub-25876_ses-20241108T202531_ecephys.nwb	447467316	182	38	21
sub-24846/sub-24846_ses-20241125T100340_ecephys.nwb	324338680	137	31	12
sub-29641/sub-29641_ses-20250322T040109_ecephys.nwb	375299228	119	21	10
sub-25897/sub-25897_ses-20241111T155547_ecephys.nwb	455222060	177	40	21
sub-26271/sub-26271_ses-20250402T002608_ecephys.nwb	319947772	77	17	9
sub-25897/sub-25897_ses-20241119T221335_ecephys.nwb	302365700	110	24	10
sub-24846/sub-24846_ses-20241127T195610_ecephys.nwb	359548988	211	39	23
sub-29641/sub-29641_ses-20250327T050759_ecephys.nwb	237181932	82	19	9
sub-26296/sub-26296_ses-20250305T230046_ecephys.nwb	486625536	177	28	19
sub-26265/sub-26265_ses-20241222T235416_ecephys.nwb	226685964	81	18	9
sub-25876/sub-25876_ses-20241111T124601_ecephys.nwb	331448672	85	25	10
sub-26303/sub-26303_ses-20250327T105958_ecephys.nwb	274133864	155	26	17
sub-25897/sub-25897_ses-20241107T200217_ecephys.nwb	666586504	217	42	22
sub-26296/sub-26296_ses-20250305T144910_ecephys.nwb	345258748	77	16	8
sub-26271/sub-26271_ses-20250401T164855_ecephys.nwb	238690324	87	18	9
sub-25897/sub-25897_ses-20241120T003137_ecephys.nwb	351612960	192	32	20
sub-25876/sub-25876_ses-20241109T012727_ecephys.nwb	453337044	139	32	13
sub-25897/sub-25897_ses-20241107T105004_ecephys.nwb	548871436	119	32	11
sub-25897/sub-25897_ses-20241111T141216_ecephys.nwb	362820308	104	23	12
sub-25273/sub-25273_ses-20250428T164512_ecephys.nwb	531376044	95	31	10
sub-26271/sub-26271_ses-20250402T033556_ecephys.nwb	360826940	98	19	10
sub-26349/sub-26349_ses-20250322T064421_ecephys.nwb	279718276	143	26	17
sub-26342/sub-26342_ses-20241127T141952_ecephys.nwb	283542712	112	21	10
sub-24846/sub-24846_ses-20241127T141954_ecephys.nwb	364366436	157	38	13
sub-29713/sub-29713_ses-20250425T154031_ecephys.nwb	197838360	68	20	7
sub-25897/sub-25897_ses-20241107T151733_ecephys.nwb	719932844	225	41	23
sub-26271/sub-26271_ses-20250401T234300_ecephys.nwb	275510236	88	19	9
sub-26349/sub-26349_ses-20250322T050055_ecephys.nwb	290721232	151	28	17
sub-29641/sub-29641_ses-20250321T231628_ecephys.nwb	306001660	102	20	10
sub-29641/sub-29641_ses-20250331T212754_ecephys.nwb	268067004	88	19	9
sub-25897/sub-25897_ses-20241107T105842_ecephys.nwb	723290764	216	45	24
sub-26349/sub-26349_ses-20250322T040035_ecephys.nwb	313248820	96	20	11
sub-24846/sub-24846_ses-20241127T145424_ecephys.nwb	338998244	122	35	13
sub-29641/sub-29641_ses-20250326T172029_ecephys.nwb	291854976	165	29	19
sub-29641/sub-29641_ses-20250321T180554_ecephys.nwb	276659732	93	20	10
sub-25897/sub-25897_ses-20241119T195532_ecephys.nwb	355524424	94	23	11
sub-24846/sub-24846_ses-20241120T200745_ecephys.nwb	361069960	125	39	13
sub-26265/sub-26265_ses-20241224T154413_ecephys.nwb	251898008	92	19	10
sub-26303/sub-26303_ses-20250327T161910_ecephys.nwb	253815128	69	16	10
sub-25897/sub-25897_ses-20241119T144455_ecephys.nwb	516272652	165	36	19
sub-29713/sub-29713_ses-20250426T011832_ecephys.nwb	254350984	154	33	17
sub-25897/sub-25897_ses-20241119T125245_ecephys.nwb	503793212	143	31	13
sub-26265/sub-26265_ses-20241224T162721_ecephys.nwb	248603420	89	19	10
sub-26265/sub-26265_ses-20241224T173622_ecephys.nwb	251855536	77	19	10
sub-26349/sub-26349_ses-20250321T184020_ecephys.nwb	263586140	89	19	10
sub-29641/sub-29641_ses-20250331T180103_ecephys.nwb	272310412	70	18	9
sub-25897/sub-25897_ses-20241111T224112_ecephys.nwb	242969116	85	21	11
sub-24846/sub-24846_ses-20241128T025002_ecephys.nwb	300000024	109	26	12
sub-25897/sub-25897_ses-20241107T132523_ecephys.nwb	726537164	261	45	24
sub-29641/sub-29641_ses-20250331T115903_ecephys.nwb	326251012	159	29	19
sub-26342/sub-26342_ses-20241120T141349_ecephys.nwb	262011768	95	24	9
sub-29713/sub-29713_ses-20250425T174955_ecephys.nwb	342154660	173	31	21
sub-25897/sub-25897_ses-20241111T233258_ecephys.nwb	257384408	126	25	13
sub-25876/sub-25876_ses-20241111T095330_ecephys.nwb	342844060	85	24	11
sub-25273/sub-25273_ses-20250428T232138_ecephys.nwb	412522736	93	22	12
sub-26296/sub-26296_ses-20250305T140602_ecephys.nwb	362072712	73	16	9
sub-24846/sub-24846_ses-20241127T214815_ecephys.nwb	319157648	136	28	15
sub-24846/sub-24846_ses-20241127T141117_ecephys.nwb	311018076	175	36	20
sub-29641/sub-29641_ses-20250319T162718_ecephys.nwb	341711976	117	30	11
sub-25897/sub-25897_ses-20241107T125930_ecephys.nwb	620172264	115	30	12
sub-25273/sub-25273_ses-20250428T144433_ecephys.nwb	628292288	149	36	14
sub-25876/sub-25876_ses-20241108T163236_ecephys.nwb	394971064	90	29	11
sub-26303/sub-26303_ses-20250327T231316_ecephys.nwb	248776504	71	16	9
sub-25876/sub-25876_ses-20241111T235014_ecephys.nwb	450449896	215	42	25
sub-24846/sub-24846_ses-20241121T012702_ecephys.nwb	321470148	100	29	13
sub-29641/sub-29641_ses-20250320T032256_ecephys.nwb	303214428	140	23	12
sub-25897/sub-25897_ses-20241111T140339_ecephys.nwb	447306732	197	39	22
sub-29641/sub-29641_ses-20250319T185357_ecephys.nwb	238653668	69	17	9
sub-25897/sub-25897_ses-20241114T012435_ecephys.nwb	422062564	81	21	10
sub-25897/sub-25897_ses-20241111T103637_ecephys.nwb	302077024	101	23	12
sub-25876/sub-25876_ses-20241111T132909_ecephys.nwb	342456576	86	25	11
sub-26265/sub-26265_ses-20241223T120740_ecephys.nwb	324489084	197	31	22
sub-26265/sub-26265_ses-20241224T140042_ecephys.nwb	260248236	145	27	18
sub-24846/sub-24846_ses-20241125T212525_ecephys.nwb	399902988	135	34	13
sub-29713/sub-29713_ses-20250426T033635_ecephys.nwb	320968856	196	40	19
sub-24846/sub-24846_ses-20241125T101218_ecephys.nwb	332772548	100	27	11
sub-26271/sub-26271_ses-20250402T022655_ecephys.nwb	346906052	176	29	18
sub-24846/sub-24846_ses-20241125T172347_ecephys.nwb	329177828	92	26	10
sub-25897/sub-25897_ses-20241113T230634_ecephys.nwb	444904696	103	28	10
sub-25897/sub-25897_ses-20241024T121043_ecephys.nwb	375484544	199	37	21
sub-29641/sub-29641_ses-20250331T130800_ecephys.nwb	254972196	92	19	9
sub-25897/sub-25897_ses-20241024T145439_ecephys.nwb	405913972	109	31	11
sub-29713/sub-29713_ses-20250425T143130_ecephys.nwb	253557700	73	19	9
sub-29641/sub-29641_ses-20250331T225405_ecephys.nwb	261804576	69	18	8
sub-26349/sub-26349_ses-20250321T192325_ecephys.nwb	258966444	88	19	9
sub-24846/sub-24846_ses-20241120T131332_ecephys.nwb	403338500	133	43	16
sub-25897/sub-25897_ses-20241113T114508_ecephys.nwb	427235624	108	28	12
sub-25897/sub-25897_ses-20241109T022745_ecephys.nwb	625933168	95	22	11
sub-26296/sub-26296_ses-20250305T103901_ecephys.nwb	257219048	68	16	9
sub-29641/sub-29641_ses-20250331T214508_ecephys.nwb	280540080	77	19	10
sub-29641/sub-29641_ses-20250327T042451_ecephys.nwb	264948536	109	21	11
sub-29641/sub-29641_ses-20250327T054230_ecephys.nwb	242478804	73	18	10
sub-29641/sub-29641_ses-20250321T210703_ecephys.nwb	336935540	89	19	11
sub-25897/sub-25897_ses-20241108T204243_ecephys.nwb	678305600	115	26	11
sub-29641/sub-29641_ses-20250322T032639_ecephys.nwb	431410008	106	21	11
sub-29713/sub-29713_ses-20250425T162339_ecephys.nwb	352508420	130	27	12
sub-26342/sub-26342_ses-20241127T181248_ecephys.nwb	250238688	79	17	10
sub-29641/sub-29641_ses-20250319T233838_ecephys.nwb	325417964	93	19	10
sub-29641/sub-29641_ses-20250322T013430_ecephys.nwb	351710236	73	18	8
sub-25876/sub-25876_ses-20241111T163018_ecephys.nwb	358005392	149	35	18
sub-25897/sub-25897_ses-20241107T084916_ecephys.nwb	448791976	115	28	11
sub-25876/sub-25876_ses-20241108T134841_ecephys.nwb	381025228	126	33	12
sub-25273/sub-25273_ses-20250428T203753_ecephys.nwb	472637840	226	36	23
sub-24846/sub-24846_ses-20241127T152853_ecephys.nwb	302858452	94	29	11
sub-26265/sub-26265_ses-20241224T130019_ecephys.nwb	231899208	114	21	11
sub-26296/sub-26296_ses-20250226T231446_ecephys.nwb	370448496	167	31	19
sub-25897/sub-25897_ses-20241108T150619_ecephys.nwb	642655280	232	39	24
sub-26296/sub-26296_ses-20250305T160648_ecephys.nwb	381949776	73	16	9
sub-24846/sub-24846_ses-20241127T132810_ecephys.nwb	262304292	109	28	11
sub-29641/sub-29641_ses-20250326T202140_ecephys.nwb	267956520	95	19	11
sub-26342/sub-26342_ses-20241128T000631_ecephys.nwb	333430172	129	23	12
sub-26342/sub-26342_ses-20241127T224853_ecephys.nwb	325951624	129	23	12
sub-29713/sub-29713_ses-20250426T020141_ecephys.nwb	238443304	146	28	16
sub-29641/sub-29641_ses-20250331T201019_ecephys.nwb	248550584	71	17	8
sub-29641/sub-29641_ses-20250319T183642_ecephys.nwb	240029928	89	20	9
sub-25897/sub-25897_ses-20241108T200813_ecephys.nwb	621862136	117	24	11
sub-26303/sub-26303_ses-20250319T222947_ecephys.nwb	447607880	119	26	10
sub-26271/sub-26271_ses-20250401T192412_ecephys.nwb	362078020	98	19	10
sub-29713/sub-29713_ses-20250425T154909_ecephys.nwb	238845416	72	19	8
sub-26303/sub-26303_ses-20250327T180242_ecephys.nwb	240269728	87	18	9
sub-29641/sub-29641_ses-20250320T051505_ecephys.nwb	308683096	170	29	18
sub-25897/sub-25897_ses-20241113T201404_ecephys.nwb	389503968	126	24	11
sub-24846/sub-24846_ses-20241120T222549_ecephys.nwb	301754004	99	29	12
sub-26342/sub-26342_ses-20241120T195840_ecephys.nwb	285189668	141	27	18
sub-26296/sub-26296_ses-20250305T185917_ecephys.nwb	484388920	136	22	12
sub-25897/sub-25897_ses-20241113T194811_ecephys.nwb	397230592	89	27	9
sub-26303/sub-26303_ses-20250319T173620_ecephys.nwb	228030748	94	18	9
sub-25273/sub-25273_ses-20250428T183714_ecephys.nwb	378644704	108	25	11
sub-26349/sub-26349_ses-20250321T195754_ecephys.nwb	321821864	228	33	20
sub-25876/sub-25876_ses-20241111T174756_ecephys.nwb	405869032	190	38	20
sub-26265/sub-26265_ses-20241224T124304_ecephys.nwb	219659280	93	20	9
sub-29713/sub-29713_ses-20250425T132229_ecephys.nwb	476044136	234	49	22
sub-26296/sub-26296_ses-20250226T224853_ecephys.nwb	330295104	189	29	21
sub-25897/sub-25897_ses-20241108T194221_ecephys.nwb	719840220	123	25	12
sub-25897/sub-25897_ses-20241109T014437_ecephys.nwb	661130108	156	31	18
sub-29641/sub-29641_ses-20250326T211327_ecephys.nwb	214647428	88	19	9
sub-25876/sub-25876_ses-20241108T171544_ecephys.nwb	432055972	93	33	10
sub-29641/sub-29641_ses-20250319T221222_ecephys.nwb	301362240	96	20	9
sub-24846/sub-24846_ses-20241127T213938_ecephys.nwb	331350772	171	33	20
sub-29641/sub-29641_ses-20250320T034849_ecephys.nwb	284955436	71	17	8
sub-29641/sub-29641_ses-20250319T200258_ecephys.nwb	300366492	164	29	19
sub-25897/sub-25897_ses-20241111T124601_ecephys.nwb	280437116	101	23	11
sub-25897/sub-25897_ses-20241111T095330_ecephys.nwb	281559148	89	22	10
sub-26303/sub-26303_ses-20250327T142701_ecephys.nwb	241954248	71	17	8
sub-26342/sub-26342_ses-20241121T000842_ecephys.nwb	323519748	207	31	21
sub-25897/sub-25897_ses-20241119T135309_ecephys.nwb	428819336	135	29	11
sub-26349/sub-26349_ses-20250322T022546_ecephys.nwb	279575884	186	29	18
sub-29641/sub-29641_ses-20250321T232506_ecephys.nwb	296170312	75	17	9
sub-25897/sub-25897_ses-20241119T184631_ecephys.nwb	379604360	95	25	10
sub-24846/sub-24846_ses-20241125T185842_ecephys.nwb	372656212	123	29	13
sub-25897/sub-25897_ses-20241024T224912_ecephys.nwb	531794520	97	37	10
sub-26303/sub-26303_ses-20250320T055834_ecephys.nwb	358844040	134	22	11
sub-26303/sub-26303_ses-20250319T181929_ecephys.nwb	219603416	70	16	9
sub-29641/sub-29641_ses-20250319T203728_ecephys.nwb	318963652	130	24	12
sub-26265/sub-26265_ses-20241224T153536_ecephys.nwb	284844608	177	30	19
sub-25897/sub-25897_ses-20241024T155503_ecephys.nwb	420393168	112	33	11
sub-25876/sub-25876_ses-20241108T145742_ecephys.nwb	382843456	128	32	12
sub-25897/sub-25897_ses-20241111T214049_ecephys.nwb	302420748	106	24	11
sub-25897/sub-25897_ses-20241113T220611_ecephys.nwb	402623672	107	29	10
sub-29641/sub-29641_ses-20250327T053352_ecephys.nwb	257103560	89	20	9
sub-24846/sub-24846_ses-20241125T163200_ecephys.nwb	363865228	142	36	14
sub-29641/sub-29641_ses-20250320T052342_ecephys.nwb	370601304	99	21	9
sub-29641/sub-29641_ses-20250326T233129_ecephys.nwb	218034168	69	18	8
sub-29641/sub-29641_ses-20250326T200425_ecephys.nwb	232479840	93	20	9
sub-25897/sub-25897_ses-20241024T205703_ecephys.nwb	446110980	98	29	11
sub-29713/sub-29713_ses-20250425T163217_ecephys.nwb	234306068	112	24	9
sub-25876/sub-25876_ses-20241108T214310_ecephys.nwb	417298868	108	30	11
sub-29713/sub-29713_ses-20250425T190734_ecephys.nwb	215882812	70	20	7
sub-24846/sub-24846_ses-20241120T143112_ecephys.nwb	304660296	132	35	13
sub-25876/sub-25876_ses-20241111T130316_ecephys.nwb	379154876	160	34	19
sub-25897/sub-25897_ses-20241025T003244_ecephys.nwb	470999524	161	38	19
sub-26265/sub-26265_ses-20241224T170152_ecephys.nwb	304712564	182	29	19
sub-26271/sub-26271_ses-20250401T200720_ecephys.nwb	365406484	96	24	9
sub-29641/sub-29641_ses-20250320T000431_ecephys.nwb	336413288	95	20	10
sub-26271/sub-26271_ses-20250402T040148_ecephys.nwb	345651472	104	20	11
sub-29641/sub-29641_ses-20250331T122454_ecephys.nwb	228091560	68	17	8
sub-26303/sub-26303_ses-20250319T235605_ecephys.nwb	332033244	95	21	9
sub-24846/sub-24846_ses-20241128T010634_ecephys.nwb	311603964	134	28	12
sub-25876/sub-25876_ses-20241111T183104_ecephys.nwb	370782960	175	37	20
sub-26342/sub-26342_ses-20241128T003224_ecephys.nwb	270150952	68	17	8
sub-29641/sub-29641_ses-20250319T171904_ecephys.nwb	224927984	88	19	9
sub-26271/sub-26271_ses-20250401T202435_ecephys.nwb	361464604	114	21	11
sub-26342/sub-26342_ses-20241121T021801_ecephys.nwb	298665524	79	20	10
sub-25273/sub-25273_ses-20250428T141005_ecephys.nwb	568417496	188	37	20
sub-29641/sub-29641_ses-20250322T045255_ecephys.nwb	361505492	76	18	8
sub-29641/sub-29641_ses-20250319T191112_ecephys.nwb	288005920	151	28	17
sub-26342/sub-26342_ses-20241127T194743_ecephys.nwb	254387328	91	18	9
sub-26342/sub-26342_ses-20241127T164632_ecephys.nwb	280100704	119	22	11
sub-26271/sub-26271_ses-20250402T020101_ecephys.nwb	294145036	74	16	11
sub-25897/sub-25897_ses-20241024T142008_ecephys.nwb	431467340	94	34	10
sub-25897/sub-25897_ses-20241024T113612_ecephys.nwb	330817324	107	29	11
sub-25897/sub-25897_ses-20241107T161757_ecephys.nwb	553389712	96	28	11
sub-25897/sub-25897_ses-20241111T114538_ecephys.nwb	319433948	109	25	12
sub-29713/sub-29713_ses-20250425T220007_ecephys.nwb	255365652	183	32	19
sub-29641/sub-29641_ses-20250319T193705_ecephys.nwb	286098948	103	19	11
sub-25897/sub-25897_ses-20241107T125052_ecephys.nwb	601196752	187	37	21
sub-24846/sub-24846_ses-20241127T172935_ecephys.nwb	283362220	110	27	12
sub-29641/sub-29641_ses-20250326T220513_ecephys.nwb	302244939	143	34	19
sub-29641/sub-29641_ses-20250320T013047_ecephys.nwb	314310140	92	19	10
sub-25876/sub-25876_ses-20241111T134624_ecephys.nwb	390447308	152	32	14
sub-29713/sub-29713_ses-20250425T152316_ecephys.nwb	299138260	95	25	10
sub-26342/sub-26342_ses-20241120T145656_ecephys.nwb	255697860	95	24	9
sub-26296/sub-26296_ses-20250226T115319_ecephys.nwb	199902776	69	18	8
sub-25897/sub-25897_ses-20241113T212304_ecephys.nwb	461446292	161	33	19
sub-25897/sub-25897_ses-20241119T182038_ecephys.nwb	485440536	264	43	25
sub-29713/sub-29713_ses-20250426T031042_ecephys.nwb	261694556	132	29	11
sub-26265/sub-26265_ses-20241224T230410_ecephys.nwb	297599068	148	26	18
sub-24846/sub-24846_ses-20241125T182411_ecephys.nwb	342535236	130	30	13
sub-25273/sub-25273_ses-20250428T152739_ecephys.nwb	467629864	113	26	12
sub-26349/sub-26349_ses-20250321T235914_ecephys.nwb	330379156	177	29	20
sub-29641/sub-29641_ses-20250327T005746_ecephys.nwb	230715620	69	17	9
sub-25897/sub-25897_ses-20241024T180428_ecephys.nwb	396826540	108	28	12
sub-29641/sub-29641_ses-20250320T050627_ecephys.nwb	269192028	69	17	9
sub-26296/sub-26296_ses-20250305T124825_ecephys.nwb	362076380	97	18	10
sub-25897/sub-25897_ses-20241024T111019_ecephys.nwb	351989424	90	29	11
sub-25897/sub-25897_ses-20241113T204834_ecephys.nwb	412475216	106	22	11
sub-29641/sub-29641_ses-20250321T165653_ecephys.nwb	232146280	91	19	9
sub-25897/sub-25897_ses-20241119T203840_ecephys.nwb	364791196	202	33	20
sub-26303/sub-26303_ses-20250327T235624_ecephys.nwb	287470528	142	25	17
sub-29713/sub-29713_ses-20250425T172403_ecephys.nwb	339126216	174	34	18
sub-26265/sub-26265_ses-20241224T182807_ecephys.nwb	298828924	95	20	10
sub-26296/sub-26296_ses-20250226T190437_ecephys.nwb	248311460	170	28	18
sub-25876/sub-25876_ses-20241109T004419_ecephys.nwb	460587212	118	31	12
sub-25897/sub-25897_ses-20241119T194654_ecephys.nwb	441947108	183	37	19
sub-25897/sub-25897_ses-20241024T183859_ecephys.nwb	377706836	105	27	11
sub-25897/sub-25897_ses-20241024T223157_ecephys.nwb	377291728	90	30	10
sub-25876/sub-25876_ses-20241111T102800_ecephys.nwb	448090372	247	42	24
sub-29641/sub-29641_ses-20250326T212204_ecephys.nwb	255276329	96	22	11
sub-24846/sub-24846_ses-20241127T221407_ecephys.nwb	309931580	103	26	12
sub-26342/sub-26342_ses-20241120T161431_ecephys.nwb	219751204	93	20	9
sub-25897/sub-25897_ses-20241107T192746_ecephys.nwb	753019844	226	39	23
sub-26265/sub-26265_ses-20241223T041309_ecephys.nwb	292565628	109	22	10
sub-26349/sub-26349_ses-20250322T043503_ecephys.nwb	289024564	115	22	11
sub-26296/sub-26296_ses-20250226T155451_ecephys.nwb	209714236	88	19	9
sub-25897/sub-25897_ses-20241108T145742_ecephys.nwb	503910808	111	27	11
sub-25876/sub-25876_ses-20241108T210839_ecephys.nwb	381778728	87	27	10
sub-26303/sub-26303_ses-20250327T195451_ecephys.nwb	263733857	70	18	9
sub-25876/sub-25876_ses-20241109T002704_ecephys.nwb	497286980	202	39	21
sub-26271/sub-26271_ses-20250401T184941_ecephys.nwb	278943652	91	18	9
sub-25897/sub-25897_ses-20241024T190452_ecephys.nwb	352603504	105	27	11
sub-29641/sub-29641_ses-20250322T034354_ecephys.nwb	313963264	72	17	8
sub-29713/sub-29713_ses-20250425T200757_ecephys.nwb	219966072	94	20	10
sub-24846/sub-24846_ses-20241125T201622_ecephys.nwb	282175204	91	26	10
sub-25897/sub-25897_ses-20241108T224329_ecephys.nwb	633598588	93	23	10
sub-29641/sub-29641_ses-20250326T163721_ecephys.nwb	214737984	72	18	8
sub-29641/sub-29641_ses-20250327T001438_ecephys.nwb	214808392	73	17	8
sub-25897/sub-25897_ses-20241024T173836_ecephys.nwb	402950176	110	31	12
sub-25897/sub-25897_ses-20241119T232236_ecephys.nwb	338100416	96	23	10
sub-24846/sub-24846_ses-20241125T115551_ecephys.nwb	361156840	112	30	11
sub-29641/sub-29641_ses-20250326T223943_ecephys.nwb	282989508	166	28	19
sub-26296/sub-26296_ses-20250226T200500_ecephys.nwb	277004812	107	20	11
sub-26265/sub-26265_ses-20241223T004603_ecephys.nwb	267891836	73	22	8
sub-24846/sub-24846_ses-20241125T203338_ecephys.nwb	355488952	97	27	11
sub-25897/sub-25897_ses-20241109T031931_ecephys.nwb	766412056	100	30	10
sub-26342/sub-26342_ses-20241120T164023_ecephys.nwb	255768128	82	18	9
sub-26271/sub-26271_ses-20250401T175756_ecephys.nwb	312244624	93	18	10
sub-26349/sub-26349_ses-20250322T025137_ecephys.nwb	354558352	115	28	10
sub-25897/sub-25897_ses-20241107T165227_ecephys.nwb	643070804	109	35	11
sub-26349/sub-26349_ses-20250321T225854_ecephys.nwb	255896996	88	19	9
sub-29641/sub-29641_ses-20250321T230751_ecephys.nwb	300404228	93	20	9
sub-25897/sub-25897_ses-20241111T162139_ecephys.nwb	310202660	82	22	10
sub-25897/sub-25897_ses-20241113T223204_ecephys.nwb	514921880	203	38	20
sub-25273/sub-25273_ses-20250429T002158_ecephys.nwb	354888292	114	25	13
sub-24846/sub-24846_ses-20241120T194151_ecephys.nwb	272351920	106	32	12
sub-25897/sub-25897_ses-20241119T182915_ecephys.nwb	323700744	119	26	11
sub-25897/sub-25897_ses-20241111T145524_ecephys.nwb	318332680	143	29	18
sub-29641/sub-29641_ses-20250320T060650_ecephys.nwb	239705296	92	19	9
sub-26296/sub-26296_ses-20250305T213432_ecephys.nwb	484155188	170	27	19
sub-25897/sub-25897_ses-20241107T203648_ecephys.nwb	630111836	144	37	12
sub-26271/sub-26271_ses-20250401T201557_ecephys.nwb	294126356	74	17	9
sub-26265/sub-26265_ses-20241223T092345_ecephys.nwb	390381076	188	29	20
sub-29641/sub-29641_ses-20250322T010000_ecephys.nwb	333041324	156	27	17
sub-26303/sub-26303_ses-20250319T170149_ecephys.nwb	254488108	88	19	9
sub-26342/sub-26342_ses-20241120T140512_ecephys.nwb	213566316	74	19	8
sub-26349/sub-26349_ses-20250321T174837_ecephys.nwb	422582592	141	30	12
sub-24846/sub-24846_ses-20241120T224305_ecephys.nwb	330529696	192	41	21
sub-25897/sub-25897_ses-20241111T130316_ecephys.nwb	306993368	104	26	11
sub-26271/sub-26271_ses-20250401T195005_ecephys.nwb	260983592	70	17	8
sub-26296/sub-26296_ses-20250226T203930_ecephys.nwb	218892684	71	17	8
sub-25273/sub-25273_ses-20250428T141842_ecephys.nwb	512943404	96	26	11
sub-26303/sub-26303_ses-20250327T223008_ecephys.nwb	249433616	68	17	8
sub-26265/sub-26265_ses-20241224T212039_ecephys.nwb	239258104	69	18	8
sub-26296/sub-26296_ses-20250305T185039_ecephys.nwb	417196424	73	17	8
sub-26342/sub-26342_ses-20241120T121307_ecephys.nwb	248821624	75	23	7
sub-26303/sub-26303_ses-20250320T044054_ecephys.nwb	359881740	95	20	10
sub-26296/sub-26296_ses-20250226T221423_ecephys.nwb	275340392	74	22	9
sub-25897/sub-25897_ses-20241119T233952_ecephys.nwb	310104320	89	23	9
sub-25897/sub-25897_ses-20241114T013312_ecephys.nwb	426464608	105	23	10
sub-29713/sub-29713_ses-20250426T002647_ecephys.nwb	315047264	191	41	19
sub-26265/sub-26265_ses-20241222T224513_ecephys.nwb	474338384	127	41	10
sub-25273/sub-25273_ses-20250428T201202_ecephys.nwb	405927848	142	29	13
sub-29641/sub-29641_ses-20250326T195547_ecephys.nwb	238960660	88	19	9
sub-29641/sub-29641_ses-20250321T204948_ecephys.nwb	264723464	88	19	9
sub-26296/sub-26296_ses-20250305T173302_ecephys.nwb	476036224	99	18	10
sub-25897/sub-25897_ses-20241113T134554_ecephys.nwb	421172436	218	36	22
sub-25897/sub-25897_ses-20241109T020152_ecephys.nwb	700288432	104	23	12
sub-26342/sub-26342_ses-20241120T202432_ecephys.nwb	224646868	75	18	8
sub-26296/sub-26296_ses-20250226T141120_ecephys.nwb	286170048	155	32	17
sub-26271/sub-26271_ses-20250402T051927_ecephys.nwb	308836584	94	18	12
sub-26271/sub-26271_ses-20250402T012631_ecephys.nwb	269017132	77	18	9
sub-25897/sub-25897_ses-20241107T153448_ecephys.nwb	573930064	100	32	10
sub-29713/sub-29713_ses-20250426T021018_ecephys.nwb	204830624	92	23	8
sub-24846/sub-24846_ses-20241125T112120_ecephys.nwb	361573500	130	30	12
sub-25897/sub-25897_ses-20241107T172658_ecephys.nwb	751532280	212	46	21
sub-29641/sub-29641_ses-20250322T055318_ecephys.nwb	366389980	96	19	9
sub-24846/sub-24846_ses-20241125T215956_ecephys.nwb	366049724	197	40	21
sub-26303/sub-26303_ses-20250319T165311_ecephys.nwb	291465140	143	26	17
sub-26349/sub-26349_ses-20250321T212405_ecephys.nwb	261787252	108	21	10
sub-26265/sub-26265_ses-20241225T002148_ecephys.nwb	244310324	72	18	8
sub-25897/sub-25897_ses-20241024T121920_ecephys.nwb	340669024	103	27	11
sub-29641/sub-29641_ses-20250320T021355_ecephys.nwb	284465772	92	19	9
sub-26265/sub-26265_ses-20241223T002009_ecephys.nwb	235139880	69	18	8
sub-24846/sub-24846_ses-20241127T165506_ecephys.nwb	309946900	124	29	14
sub-25273/sub-25273_ses-20250428T181123_ecephys.nwb	523031924	156	30	13
sub-26265/sub-26265_ses-20241223T063949_ecephys.nwb	375381252	169	28	19
sub-25897/sub-25897_ses-20241108T171542_ecephys.nwb	855834332	111	36	11
sub-26296/sub-26296_ses-20250305T215147_ecephys.nwb	449907300	114	20	10
sub-25876/sub-25876_ses-20241111T215806_ecephys.nwb	350321340	114	32	11
sub-26296/sub-26296_ses-20250226T181252_ecephys.nwb	346964524	115	28	11
sub-26265/sub-26265_ses-20241223T091507_ecephys.nwb	397498648	208	30	19
sub-26271/sub-26271_ses-20250401T193249_ecephys.nwb	309695912	106	21	11
sub-26265/sub-26265_ses-20241223T074850_ecephys.nwb	472222752	236	40	24
sub-29641/sub-29641_ses-20250327T012340_ecephys.nwb	232056808	69	18	8
sub-25897/sub-25897_ses-20241108T222614_ecephys.nwb	699378728	175	32	19
sub-26342/sub-26342_ses-20241120T234250_ecephys.nwb	273661080	120	23	11
sub-26303/sub-26303_ses-20250320T005630_ecephys.nwb	386380420	99	19	10
sub-26303/sub-26303_ses-20250327T114306_ecephys.nwb	258887380	70	17	8
sub-26303/sub-26303_ses-20250327T203759_ecephys.nwb	243358816	70	17	8
sub-26296/sub-26296_ses-20250226T121911_ecephys.nwb	208766344	87	21	8
sub-26342/sub-26342_ses-20241120T165738_ecephys.nwb	242679324	94	20	10
sub-26342/sub-26342_ses-20241120T143104_ecephys.nwb	213956664	93	20	9
sub-29641/sub-29641_ses-20250331T234548_ecephys.nwb	318014984	171	30	18
sub-29641/sub-29641_ses-20250331T154308_ecephys.nwb	291828500	150	27	17
sub-25876/sub-25876_ses-20241108T132248_ecephys.nwb	490965356	190	46	20
sub-29641/sub-29641_ses-20250320T004739_ecephys.nwb	363063964	203	32	20
sub-25897/sub-25897_ses-20241119T133554_ecephys.nwb	383140864	123	26	11
sub-25897/sub-25897_ses-20241107T184438_ecephys.nwb	785328208	238	48	22
sub-24846/sub-24846_ses-20241120T191558_ecephys.nwb	254868992	104	30	11
sub-26303/sub-26303_ses-20250319T232134_ecephys.nwb	306802780	92	18	9
sub-29713/sub-29713_ses-20250425T133106_ecephys.nwb	261375024	75	21	8
sub-26303/sub-26303_ses-20250320T012224_ecephys.nwb	305989860	113	21	10
sub-24846/sub-24846_ses-20241120T130454_ecephys.nwb	492390652	148	51	14
sub-29641/sub-29641_ses-20250319T211159_ecephys.nwb	319423360	144	27	17
sub-25897/sub-25897_ses-20241111T232420_ecephys.nwb	240307332	102	23	11
sub-26271/sub-26271_ses-20250401T225952_ecephys.nwb	292991364	110	22	11
sub-25897/sub-25897_ses-20241108T220859_ecephys.nwb	813274820	217	41	23
sub-25897/sub-25897_ses-20241107T205403_ecephys.nwb	568141140	116	28	12
sub-29641/sub-29641_ses-20250331T195305_ecephys.nwb	257131360	76	18	10
sub-26342/sub-26342_ses-20241128T015002_ecephys.nwb	375370028	191	31	22
sub-26303/sub-26303_ses-20250327T122614_ecephys.nwb	343593384	191	31	20
sub-25273/sub-25273_ses-20250428T200325_ecephys.nwb	439745492	114	25	13
sub-29641/sub-29641_ses-20250326T190401_ecephys.nwb	232889428	90	20	10
sub-26265/sub-26265_ses-20241223T000253_ecephys.nwb	237013308	136	25	17
sub-25876/sub-25876_ses-20241111T213213_ecephys.nwb	340742352	88	27	11
sub-25273/sub-25273_ses-20250429T011340_ecephys.nwb	360053048	106	25	13
sub-26303/sub-26303_ses-20250327T213822_ecephys.nwb	282712132	89	19	10
sub-24846/sub-24846_ses-20241125T191558_ecephys.nwb	281485900	93	25	11
sub-26342/sub-26342_ses-20241120T162308_ecephys.nwb	285246108	162	28	19
sub-29641/sub-29641_ses-20250327T025834_ecephys.nwb	265590112	132	26	17
sub-29641/sub-29641_ses-20250327T045921_ecephys.nwb	256423856	97	20	10
sub-24846/sub-24846_ses-20241127T142832_ecephys.nwb	324505664	156	37	19
sub-26303/sub-26303_ses-20250319T213800_ecephys.nwb	296407196	92	18	10
sub-25876/sub-25876_ses-20241111T204905_ecephys.nwb	357297192	108	28	12
sub-29641/sub-29641_ses-20250326T194710_ecephys.nwb	234890188	89	19	10
sub-29641/sub-29641_ses-20250319T212914_ecephys.nwb	296783736	102	20	10
sub-24846/sub-24846_ses-20241127T191303_ecephys.nwb	320874180	132	32	12
sub-26296/sub-26296_ses-20250305T131417_ecephys.nwb	350058424	99	19	10
sub-26303/sub-26303_ses-20250320T031435_ecephys.nwb	321365324	96	19	9
sub-26342/sub-26342_ses-20241120T224229_ecephys.nwb	234567028	79	17	8
sub-24846/sub-24846_ses-20241125T213402_ecephys.nwb	326065336	97	30	10
sub-26349/sub-26349_ses-20250321T193203_ecephys.nwb	354322108	217	33	23
sub-26342/sub-26342_ses-20241127T170347_ecephys.nwb	370311752	201	31	22
sub-26296/sub-26296_ses-20250305T093839_ecephys.nwb	335075988	136	28	11
sub-25897/sub-25897_ses-20241113T172133_ecephys.nwb	325634532	79	21	9
sub-29713/sub-29713_ses-20250426T022733_ecephys.nwb	245724576	76	25	7
sub-26265/sub-26265_ses-20241224T211201_ecephys.nwb	296187120	143	26	18
sub-26342/sub-26342_ses-20241127T204806_ecephys.nwb	276944380	107	20	10
sub-26296/sub-26296_ses-20250226T121034_ecephys.nwb	252156076	133	31	15
sub-25897/sub-25897_ses-20241111T213212_ecephys.nwb	301081576	106	28	11
sub-29641/sub-29641_ses-20250319T182804_ecephys.nwb	260508568	161	27	18
sub-26271/sub-26271_ses-20250401T205905_ecephys.nwb	356105324	115	22	11
sub-26265/sub-26265_ses-20241223T105839_ecephys.nwb	279387900	151	28	17
sub-24846/sub-24846_ses-20241120T141356_ecephys.nwb	334255336	107	36	12
sub-26303/sub-26303_ses-20250319T192832_ecephys.nwb	443489316	121	28	11
sub-25897/sub-25897_ses-20241107T163512_ecephys.nwb	570818752	112	28	11
sub-24846/sub-24846_ses-20241127T143709_ecephys.nwb	451979292	263	49	24
sub-24846/sub-24846_ses-20241120T123023_ecephys.nwb	914615032	431	108	41
sub-24846/sub-24846_ses-20241120T144827_ecephys.nwb	309970464	138	39	15
sub-26349/sub-26349_ses-20250321T201508_ecephys.nwb	296302516	109	22	10
sub-25897/sub-25897_ses-20241111T160424_ecephys.nwb	407434564	137	34	13
sub-29713/sub-29713_ses-20250426T004402_ecephys.nwb	210105272	89	23	8
sub-25273/sub-25273_ses-20250428T202039_ecephys.nwb	427382168	184	33	20
sub-25897/sub-25897_ses-20241113T163825_ecephys.nwb	364948012	108	26	11
sub-29641/sub-29641_ses-20250326T232252_ecephys.nwb	300000544	183	30	19
sub-26265/sub-26265_ses-20241224T192830_ecephys.nwb	258972508	109	22	10
sub-26342/sub-26342_ses-20241121T011740_ecephys.nwb	269480844	87	20	9
sub-29713/sub-29713_ses-20250425T205106_ecephys.nwb	234418144	91	25	8
sub-26296/sub-26296_ses-20250305T094716_ecephys.nwb	291308956	184	28	19
sub-24846/sub-24846_ses-20241125T193314_ecephys.nwb	346487124	239	39	23
sub-26349/sub-26349_ses-20250322T062706_ecephys.nwb	265745816	150	27	17
sub-26296/sub-26296_ses-20250226T203052_ecephys.nwb	218286920	68	17	8
sub-26342/sub-26342_ses-20241127T141114_ecephys.nwb	289105844	118	22	10
sub-25897/sub-25897_ses-20241025T004122_ecephys.nwb	489659928	120	33	12
sub-25897/sub-25897_ses-20241024T152032_ecephys.nwb	349781460	90	27	10
sub-26342/sub-26342_ses-20241120T153125_ecephys.nwb	235474736	98	21	9
sub-26296/sub-26296_ses-20250226T162043_ecephys.nwb	231311560	89	20	9
sub-25897/sub-25897_ses-20241111T125438_ecephys.nwb	306344760	85	22	11
sub-25876/sub-25876_ses-20241108T232641_ecephys.nwb	438584840	111	27	12
sub-26342/sub-26342_ses-20241120T190657_ecephys.nwb	305838700	183	32	19
sub-26296/sub-26296_ses-20250305T150625_ecephys.nwb	411084884	156	26	17
sub-26296/sub-26296_ses-20250305T170710_ecephys.nwb	402473328	142	25	17
sub-29641/sub-29641_ses-20250331T102414_ecephys.nwb	246247068	84	18	9
sub-25876/sub-25876_ses-20241108T213432_ecephys.nwb	419360848	92	26	11
sub-26265/sub-26265_ses-20241223T043024_ecephys.nwb	322459644	117	21	10
sub-26271/sub-26271_ses-20250401T204150_ecephys.nwb	356219504	183	29	19
sub-29713/sub-29713_ses-20250426T001809_ecephys.nwb	222414172	71	22	8
sub-25897/sub-25897_ses-20241024T231505_ecephys.nwb	384878788	106	27	12
sub-26265/sub-26265_ses-20241224T152658_ecephys.nwb	264881512	77	18	9
sub-26271/sub-26271_ses-20250401T161425_ecephys.nwb	239969320	69	18	8
sub-25897/sub-25897_ses-20241120T022347_ecephys.nwb	368480572	170	33	17
sub-26342/sub-26342_ses-20241128T025025_ecephys.nwb	300258676	72	19	8
sub-29641/sub-29641_ses-20250331T104128_ecephys.nwb	259953032	95	20	10
sub-26265/sub-26265_ses-20241223T002847_ecephys.nwb	232689136	88	19	9
sub-25876/sub-25876_ses-20241111T140339_ecephys.nwb	426169132	116	29	12
sub-24846/sub-24846_ses-20241125T165754_ecephys.nwb	345578344	113	31	11
sub-26342/sub-26342_ses-20241120T221637_ecephys.nwb	246652052	135	25	17
sub-26265/sub-26265_ses-20241224T235555_ecephys.nwb	325122248	210	33	21
sub-29641/sub-29641_ses-20250321T221604_ecephys.nwb	338062480	161	27	18
sub-29641/sub-29641_ses-20250331T221936_ecephys.nwb	291369700	101	20	10
sub-29641/sub-29641_ses-20250322T061911_ecephys.nwb	473072188	169	28	18
sub-29641/sub-29641_ses-20250326T234007_ecephys.nwb	222732728	69	17	9
sub-25876/sub-25876_ses-20241108T153213_ecephys.nwb	355793620	87	27	10
sub-25897/sub-25897_ses-20241113T232349_ecephys.nwb	379746300	89	22	10
sub-25897/sub-25897_ses-20241119T172014_ecephys.nwb	318961032	166	30	18
sub-25897/sub-25897_ses-20241119T170258_ecephys.nwb	404637308	180	38	18
sub-29641/sub-29641_ses-20250320T064121_ecephys.nwb	376790972	101	21	10
sub-26265/sub-26265_ses-20241224T164437_ecephys.nwb	335501728	201	31	22
sub-25897/sub-25897_ses-20241111T231543_ecephys.nwb	324191324	106	27	11
sub-25897/sub-25897_ses-20241119T132716_ecephys.nwb	405934532	152	27	12
sub-26342/sub-26342_ses-20241120T171452_ecephys.nwb	247238652	113	22	10
sub-25897/sub-25897_ses-20241119T152804_ecephys.nwb	470411552	177	36	19
sub-24846/sub-24846_ses-20241127T150301_ecephys.nwb	363183812	196	34	21
sub-29641/sub-29641_ses-20250320T054935_ecephys.nwb	289205540	72	18	8
sub-26349/sub-26349_ses-20250321T231608_ecephys.nwb	252090060	91	19	9
sub-25876/sub-25876_ses-20241108T194223_ecephys.nwb	473273876	185	40	20
sub-26303/sub-26303_ses-20250319T193709_ecephys.nwb	279500868	107	20	10
sub-29641/sub-29641_ses-20250320T002146_ecephys.nwb	331892044	95	20	10
sub-25897/sub-25897_ses-20241109T001822_ecephys.nwb	980425364	191	40	20
sub-29713/sub-29713_ses-20250425T174118_ecephys.nwb	235059624	114	22	10
sub-26296/sub-26296_ses-20250226T220546_ecephys.nwb	242085032	96	21	10
sub-26342/sub-26342_ses-20241120T184942_ecephys.nwb	240003720	95	22	9
sub-29713/sub-29713_ses-20250426T010955_ecephys.nwb	231340936	182	32	18
sub-29641/sub-29641_ses-20250331T231119_ecephys.nwb	333310788	156	27	18
sub-26296/sub-26296_ses-20250226T133649_ecephys.nwb	243614756	138	30	16
sub-25876/sub-25876_ses-20241111T122009_ecephys.nwb	363330008	106	28	11
sub-26265/sub-26265_ses-20241224T161844_ecephys.nwb	238540628	108	21	10
sub-29641/sub-29641_ses-20250322T063626_ecephys.nwb	381590044	83	17	9
sub-25897/sub-25897_ses-20241120T004015_ecephys.nwb	286552420	86	19	9
sub-26342/sub-26342_ses-20241127T162917_ecephys.nwb	229803868	71	16	8
sub-25876/sub-25876_ses-20241109T013605_ecephys.nwb	405077284	90	27	10
sub-29713/sub-29713_ses-20250425T202513_ecephys.nwb	353343312	152	38	16
sub-25897/sub-25897_ses-20241111T111108_ecephys.nwb	341845284	106	29	11
sub-26296/sub-26296_ses-20250305T164117_ecephys.nwb	472336020	182	28	19
sub-25876/sub-25876_ses-20241111T231544_ecephys.nwb	372705544	97	30	11
sub-29641/sub-29641_ses-20250322T054440_ecephys.nwb	425774404	178	28	18
sub-26296/sub-26296_ses-20250226T222301_ecephys.nwb	279211996	163	28	18
sub-26303/sub-26303_ses-20250327T120859_ecephys.nwb	252959108	88	19	9
sub-24846/sub-24846_ses-20241127T174650_ecephys.nwb	289007224	111	28	11
sub-25897/sub-25897_ses-20241107T181844_ecephys.nwb	586347696	118	29	11
sub-25897/sub-25897_ses-20241111T193126_ecephys.nwb	308783868	109	25	12
sub-26271/sub-26271_ses-20250401T220806_ecephys.nwb	373916548	97	24	9
sub-25876/sub-25876_ses-20241108T155806_ecephys.nwb	400417820	132	32	12
sub-26265/sub-26265_ses-20241224T165314_ecephys.nwb	311083996	192	30	19
sub-29641/sub-29641_ses-20250331T204448_ecephys.nwb	362164004	190	31	21
sub-26342/sub-26342_ses-20241128T002346_ecephys.nwb	331644460	177	30	19
sub-25897/sub-25897_ses-20241024T233221_ecephys.nwb	502224056	203	47	21
sub-26296/sub-26296_ses-20250226T152858_ecephys.nwb	213476624	92	19	9
sub-26342/sub-26342_ses-20241128T013247_ecephys.nwb	286942440	88	19	9
sub-29713/sub-29713_ses-20250425T195042_ecephys.nwb	253185272	122	25	11
sub-29641/sub-29641_ses-20250319T164433_ecephys.nwb	239424712	97	21	9
sub-29641/sub-29641_ses-20250321T193210_ecephys.nwb	284061040	113	22	10
sub-25897/sub-25897_ses-20241024T185615_ecephys.nwb	352202548	105	27	11
sub-25273/sub-25273_ses-20250428T174532_ecephys.nwb	484675612	94	31	10
sub-25876/sub-25876_ses-20241108T183322_ecephys.nwb	386762208	90	28	10
sub-29641/sub-29641_ses-20250322T065341_ecephys.nwb	404826616	118	21	10
sub-29641/sub-29641_ses-20250321T234221_ecephys.nwb	369333068	124	21	11
sub-24846/sub-24846_ses-20241125T195907_ecephys.nwb	346888840	93	29	10
sub-25273/sub-25273_ses-20250429T032256_ecephys.nwb	335197064	109	23	11
sub-26296/sub-26296_ses-20250305T132255_ecephys.nwb	497487712	205	29	21
sub-25897/sub-25897_ses-20241107T115028_ecephys.nwb	572930908	133	30	12
sub-26265/sub-26265_ses-20241224T181052_ecephys.nwb	236631512	88	19	9
sub-26342/sub-26342_ses-20241127T162039_ecephys.nwb	229880776	71	16	8
sub-26265/sub-26265_ses-20241224T212916_ecephys.nwb	254515940	130	25	16
sub-26342/sub-26342_ses-20241127T160324_ecephys.nwb	326955652	99	20	10
sub-24846/sub-24846_ses-20241125T214240_ecephys.nwb	335218648	112	29	11
sub-29713/sub-29713_ses-20250425T195920_ecephys.nwb	219833388	88	22	8
sub-25876/sub-25876_ses-20241111T122846_ecephys.nwb	354744936	105	27	11
sub-25897/sub-25897_ses-20241024T144601_ecephys.nwb	457749196	154	40	18
sub-25897/sub-25897_ses-20241119T231359_ecephys.nwb	294349208	84	20	9
sub-26303/sub-26303_ses-20250319T182807_ecephys.nwb	316867024	92	23	9
sub-26342/sub-26342_ses-20241127T183004_ecephys.nwb	280187212	80	16	9
sub-25897/sub-25897_ses-20241111T222357_ecephys.nwb	288387012	190	33	22
sub-24846/sub-24846_ses-20241120T173225_ecephys.nwb	342969860	192	41	22
sub-29713/sub-29713_ses-20250426T030204_ecephys.nwb	192657064	78	20	8
sub-25897/sub-25897_ses-20241108T210836_ecephys.nwb	691971868	143	29	12
sub-29641/sub-29641_ses-20250322T070219_ecephys.nwb	504455416	217	33	22
sub-26349/sub-26349_ses-20250321T223303_ecephys.nwb	312224528	112	20	11
sub-29641/sub-29641_ses-20250331T132514_ecephys.nwb	260473180	89	20	9
sub-26296/sub-26296_ses-20250305T120517_ecephys.nwb	335083448	113	20	10
sub-26265/sub-26265_ses-20241224T150943_ecephys.nwb	233549648	88	19	9
sub-25876/sub-25876_ses-20241111T194842_ecephys.nwb	317501340	89	26	10
sub-26296/sub-26296_ses-20250305T155810_ecephys.nwb	440390148	150	26	17
sub-25897/sub-25897_ses-20241024T165527_ecephys.nwb	378630624	117	30	12
sub-26265/sub-26265_ses-20241223T081443_ecephys.nwb	308214264	72	17	8
sub-26296/sub-26296_ses-20250305T175854_ecephys.nwb	475388216	178	27	18
sub-25897/sub-25897_ses-20241108T155804_ecephys.nwb	619655880	121	26	12
sub-25897/sub-25897_ses-20241111T234135_ecephys.nwb	234661804	78	21	9
sub-29641/sub-29641_ses-20250319T212036_ecephys.nwb	281693380	71	17	8
sub-26342/sub-26342_ses-20241127T214829_ecephys.nwb	266301804	91	18	9
sub-29713/sub-29713_ses-20250425T170647_ecephys.nwb	240481368	114	22	10
sub-25897/sub-25897_ses-20241108T160642_ecephys.nwb	728013724	221	43	23
sub-25897/sub-25897_ses-20241024T235814_ecephys.nwb	475770372	228	41	23
sub-26349/sub-26349_ses-20250321T165654_ecephys.nwb	292063488	94	21	9
sub-29641/sub-29641_ses-20250331T235425_ecephys.nwb	276208772	75	18	9
sub-26265/sub-26265_ses-20241223T021221_ecephys.nwb	299704864	165	29	19
sub-26349/sub-26349_ses-20250322T003342_ecephys.nwb	251897488	69	17	9
sub-26303/sub-26303_ses-20250320T024842_ecephys.nwb	354758916	74	18	9
sub-25876/sub-25876_ses-20241111T203150_ecephys.nwb	380000332	113	28	13
sub-25897/sub-25897_ses-20241119T162827_ecephys.nwb	320494600	85	20	10
sub-29641/sub-29641_ses-20250320T023110_ecephys.nwb	445429384	230	34	25
sub-24846/sub-24846_ses-20241125T173225_ecephys.nwb	367570072	103	32	12
sub-26342/sub-26342_ses-20241120T130451_ecephys.nwb	249577716	97	23	9
sub-25897/sub-25897_ses-20241111T142054_ecephys.nwb	370674376	107	27	12
sub-29641/sub-29641_ses-20250321T200640_ecephys.nwb	296189704	90	20	10
sub-26342/sub-26342_ses-20241120T144818_ecephys.nwb	236502204	117	23	10
sub-26349/sub-26349_ses-20250322T050932_ecephys.nwb	262058992	89	19	10
sub-26303/sub-26303_ses-20250320T054119_ecephys.nwb	326851952	95	19	11
sub-29641/sub-29641_ses-20250326T183808_ecephys.nwb	242368420	90	20	10
sub-29713/sub-29713_ses-20250425T225153_ecephys.nwb	240553980	183	32	19
sub-24846/sub-24846_ses-20241127T160322_ecephys.nwb	305556976	129	28	13
sub-26296/sub-26296_ses-20250305T162402_ecephys.nwb	476396920	103	18	11
sub-26342/sub-26342_ses-20241120T231658_ecephys.nwb	253203240	92	19	9
sub-24846/sub-24846_ses-20241127T184711_ecephys.nwb	310277116	111	29	11
sub-25876/sub-25876_ses-20241108T185038_ecephys.nwb	396306108	108	30	11
sub-25897/sub-25897_ses-20241108T175850_ecephys.nwb	698805320	129	29	12
sub-26271/sub-26271_ses-20250401T172325_ecephys.nwb	245398976	74	17	9
sub-26303/sub-26303_ses-20250320T054957_ecephys.nwb	351148736	94	20	9
sub-26265/sub-26265_ses-20241225T015641_ecephys.nwb	236961072	89	20	9
sub-25897/sub-25897_ses-20241113T143739_ecephys.nwb	380265224	109	23	11
sub-24846/sub-24846_ses-20241125T113836_ecephys.nwb	370885956	113	31	11
sub-26271/sub-26271_ses-20250402T031003_ecephys.nwb	363852868	77	23	8
sub-25876/sub-25876_ses-20241108T211717_ecephys.nwb	506144052	134	37	13
sub-25273/sub-25273_ses-20250428T154453_ecephys.nwb	608891868	100	31	11
sub-26296/sub-26296_ses-20250226T225731_ecephys.nwb	303532572	196	31	21
sub-26342/sub-26342_ses-20241128T020717_ecephys.nwb	313240844	133	23	11
sub-25273/sub-25273_ses-20250429T003035_ecephys.nwb	354122388	110	24	11
sub-25897/sub-25897_ses-20241111T221520_ecephys.nwb	279813532	142	30	17
sub-25897/sub-25897_ses-20241108T191628_ecephys.nwb	972421348	227	41	24
sub-26303/sub-26303_ses-20250327T181957_ecephys.nwb	225722228	68	17	8
sub-25876/sub-25876_ses-20241108T193346_ecephys.nwb	435784412	156	33	14
sub-24846/sub-24846_ses-20241125T225142_ecephys.nwb	327947072	98	31	10
sub-26342/sub-26342_ses-20241120T191534_ecephys.nwb	291162168	188	30	20
sub-26342/sub-26342_ses-20241127T174656_ecephys.nwb	274068840	146	25	17
sub-25897/sub-25897_ses-20241113T121101_ecephys.nwb	316227580	157	30	18
sub-29641/sub-29641_ses-20250320T011332_ecephys.nwb	352786240	108	21	11
sub-25897/sub-25897_ses-20241108T170705_ecephys.nwb	767880776	149	34	13
sub-26296/sub-26296_ses-20250226T131934_ecephys.nwb	212759684	69	18	8
sub-25897/sub-25897_ses-20241119T141025_ecephys.nwb	368822052	91	23	9
sub-26296/sub-26296_ses-20250226T182129_ecephys.nwb	281089860	184	30	20
sub-26265/sub-26265_ses-20241224T183645_ecephys.nwb	245522240	69	17	9
sub-29713/sub-29713_ses-20250426T012710_ecephys.nwb	296102448	164	37	17
sub-29641/sub-29641_ses-20250320T022233_ecephys.nwb	313935737	79	20	10
sub-26349/sub-26349_ses-20250321T224140_ecephys.nwb	247147604	69	17	9
sub-25897/sub-25897_ses-20241108T143149_ecephys.nwb	547673524	100	34	11
sub-25897/sub-25897_ses-20241113T115346_ecephys.nwb	291832912	79	21	9
sub-25897/sub-25897_ses-20241107T075730_ecephys.nwb	401909476	112	34	11
sub-26342/sub-26342_ses-20241127T213114_ecephys.nwb	232643820	70	16	8
sub-25897/sub-25897_ses-20241025T002407_ecephys.nwb	380344548	106	28	11
sub-25897/sub-25897_ses-20241113T131124_ecephys.nwb	381202536	89	26	10
sub-26342/sub-26342_ses-20241128T012410_ecephys.nwb	302935736	74	17	9
sub-24846/sub-24846_ses-20241127T201325_ecephys.nwb	346641348	223	39	23
sub-26271/sub-26271_ses-20250402T021817_ecephys.nwb	364540440	161	27	18
sub-25897/sub-25897_ses-20241111T163017_ecephys.nwb	399357644	116	32	12
sub-25897/sub-25897_ses-20241109T030216_ecephys.nwb	725817552	178	32	20
sub-25897/sub-25897_ses-20241024T174713_ecephys.nwb	506190564	106	37	11
sub-24846/sub-24846_ses-20241127T220530_ecephys.nwb	313024844	93	29	10
sub-29641/sub-29641_ses-20250331T174348_ecephys.nwb	300129936	127	23	11
sub-26303/sub-26303_ses-20250320T044932_ecephys.nwb	389472652	80	18	10
sub-24846/sub-24846_ses-20241127T133648_ecephys.nwb	288495344	100	28	11
sub-29641/sub-29641_ses-20250320T020517_ecephys.nwb	315017784	74	17	8
sub-26303/sub-26303_ses-20250320T062428_ecephys.nwb	303187756	72	17	8
sub-26342/sub-26342_ses-20241127T184719_ecephys.nwb	305058092	117	20	11
sub-29641/sub-29641_ses-20250321T184024_ecephys.nwb	250396080	69	18	8
sub-25897/sub-25897_ses-20241024T232343_ecephys.nwb	402407804	112	27	12
sub-25897/sub-25897_ses-20241108T180728_ecephys.nwb	687430852	123	29	11
sub-26303/sub-26303_ses-20250327T102528_ecephys.nwb	263231524	88	18	10
sub-26342/sub-26342_ses-20241127T172103_ecephys.nwb	320865232	137	22	12
sub-25876/sub-25876_ses-20241109T023628_ecephys.nwb	514715332	123	31	13
sub-26296/sub-26296_ses-20250305T183324_ecephys.nwb	485779032	103	18	10
sub-29641/sub-29641_ses-20250320T041442_ecephys.nwb	240592768	68	17	8
sub-26303/sub-26303_ses-20250319T220353_ecephys.nwb	345342908	152	25	17
sub-25897/sub-25897_ses-20241024T193045_ecephys.nwb	479856160	234	42	24
sub-26265/sub-26265_ses-20241225T000433_ecephys.nwb	309882068	196	31	21
sub-24846/sub-24846_ses-20241125T151420_ecephys.nwb	287310344	98	27	12
sub-25897/sub-25897_ses-20241108T232637_ecephys.nwb	598974256	92	23	10
sub-25897/sub-25897_ses-20241119T142740_ecephys.nwb	316718492	90	20	9
sub-25876/sub-25876_ses-20241111T145525_ecephys.nwb	332797600	87	25	10
sub-24846/sub-24846_ses-20241120T192436_ecephys.nwb	275285520	100	34	11
sub-25897/sub-25897_ses-20241114T014150_ecephys.nwb	429276444	126	24	11
sub-26303/sub-26303_ses-20250319T230418_ecephys.nwb	325933900	92	18	9
sub-25897/sub-25897_ses-20241107T195339_ecephys.nwb	574277940	101	31	11
sub-25897/sub-25897_ses-20241111T101045_ecephys.nwb	298924188	109	25	12
sub-26296/sub-26296_ses-20250226T213953_ecephys.nwb	203143412	70	17	8
sub-29713/sub-29713_ses-20250425T215129_ecephys.nwb	205184096	75	21	8
sub-26342/sub-26342_ses-20241127T182126_ecephys.nwb	336592924	196	30	19
sub-25897/sub-25897_ses-20241107T180129_ecephys.nwb	603156984	133	30	12
sub-24846/sub-24846_ses-20241128T005757_ecephys.nwb	370285644	191	38	20
sub-26265/sub-26265_ses-20241224T225532_ecephys.nwb	269963344	112	21	10
sub-25897/sub-25897_ses-20241024T134538_ecephys.nwb	418275396	111	33	11
sub-25897/sub-25897_ses-20241107T104127_ecephys.nwb	540125036	115	32	11
sub-24846/sub-24846_ses-20241121T013540_ecephys.nwb	333497988	124	39	12
sub-25897/sub-25897_ses-20241108T135719_ecephys.nwb	510168328	119	30	12
sub-25273/sub-25273_ses-20250428T180246_ecephys.nwb	418846972	88	23	11
sub-25273/sub-25273_ses-20250428T140128_ecephys.nwb	611541556	200	37	21
sub-24846/sub-24846_ses-20241125T195029_ecephys.nwb	387781916	198	38	21
sub-26296/sub-26296_ses-20250305T223454_ecephys.nwb	382234804	72	16	8
sub-26303/sub-26303_ses-20250327T155318_ecephys.nwb	286416964	99	19	10
sub-26303/sub-26303_ses-20250327T115144_ecephys.nwb	323903524	105	20	11
sub-25897/sub-25897_ses-20241119T234829_ecephys.nwb	471278136	136	36	11
sub-29641/sub-29641_ses-20250326T203018_ecephys.nwb	304071860	184	31	19
sub-26349/sub-26349_ses-20250321T211528_ecephys.nwb	333153172	184	29	20
sub-29641/sub-29641_ses-20250322T010837_ecephys.nwb	332174292	94	20	9
sub-29641/sub-29641_ses-20250322T064504_ecephys.nwb	367965332	73	18	8
sub-24846/sub-24846_ses-20241120T201622_ecephys.nwb	365845468	178	45	20
sub-26296/sub-26296_ses-20250226T204808_ecephys.nwb	268102880	107	20	11
sub-26349/sub-26349_ses-20250321T200631_ecephys.nwb	347088500	182	29	20
sub-26342/sub-26342_ses-20241120T132205_ecephys.nwb	283881060	190	33	21
sub-25876/sub-25876_ses-20241111T194005_ecephys.nwb	363855140	152	32	13
sub-26296/sub-26296_ses-20250226T154613_ecephys.nwb	244167400	97	19	10
sub-29641/sub-29641_ses-20250319T173619_ecephys.nwb	207100592	68	17	8
sub-25897/sub-25897_ses-20241107T121621_ecephys.nwb	576590672	175	36	19
sub-26303/sub-26303_ses-20250327T121737_ecephys.nwb	253578360	112	20	10
sub-26296/sub-26296_ses-20250305T101309_ecephys.nwb	245855284	87	18	9
sub-26303/sub-26303_ses-20250319T231256_ecephys.nwb	328150624	92	18	9
sub-25897/sub-25897_ses-20241111T230705_ecephys.nwb	309138560	105	26	11
sub-24846/sub-24846_ses-20241125T140518_ecephys.nwb	308559212	100	27	10
sub-26342/sub-26342_ses-20241120T172329_ecephys.nwb	242594044	93	20	9
sub-24846/sub-24846_ses-20241121T005231_ecephys.nwb	395241000	198	47	21
sub-25876/sub-25876_ses-20241111T101045_ecephys.nwb	408642592	135	29	13
sub-24846/sub-24846_ses-20241120T214240_ecephys.nwb	301648228	103	31	11
sub-26303/sub-26303_ses-20250327T123452_ecephys.nwb	230570032	87	18	9
sub-25897/sub-25897_ses-20241108T161519_ecephys.nwb	762540904	205	41	22
sub-24846/sub-24846_ses-20241120T211647_ecephys.nwb	377241780	110	32	12
sub-25897/sub-25897_ses-20241107T122459_ecephys.nwb	682515744	210	39	21
sub-25897/sub-25897_ses-20241119T154519_ecephys.nwb	447001116	127	27	11
sub-25273/sub-25273_ses-20250429T013932_ecephys.nwb	377618636	176	33	20
sub-25897/sub-25897_ses-20241119T203003_ecephys.nwb	276925696	84	20	9
sub-26296/sub-26296_ses-20250226T234916_ecephys.nwb	328742084	182	29	20
sub-29641/sub-29641_ses-20250322T012552_ecephys.nwb	334314128	93	19	9
sub-26303/sub-26303_ses-20250320T003914_ecephys.nwb	379681544	119	20	11
sub-25897/sub-25897_ses-20241113T151209_ecephys.nwb	315675232	82	24	9
sub-26271/sub-26271_ses-20250402T030125_ecephys.nwb	304135160	92	19	9
sub-24846/sub-24846_ses-20241127T235735_ecephys.nwb	281661244	89	25	10
sub-26271/sub-26271_ses-20250401T182349_ecephys.nwb	263658212	70	16	8
sub-29641/sub-29641_ses-20250327T045044_ecephys.nwb	234862348	92	19	9
sub-29641/sub-29641_ses-20250321T235059_ecephys.nwb	464287536	211	32	22
sub-26303/sub-26303_ses-20250327T151009_ecephys.nwb	264573168	92	19	9
sub-29641/sub-29641_ses-20250331T153431_ecephys.nwb	304397332	101	19	10
sub-26342/sub-26342_ses-20241128T010655_ecephys.nwb	372823296	141	24	12
sub-29641/sub-29641_ses-20250326T192954_ecephys.nwb	227218244	70	19	8
sub-24846/sub-24846_ses-20241125T204216_ecephys.nwb	405920048	206	40	22
sub-24846/sub-24846_ses-20241120T231736_ecephys.nwb	328747900	104	33	11
sub-24846/sub-24846_ses-20241125T160607_ecephys.nwb	359745736	181	39	19
sub-25897/sub-25897_ses-20241113T113630_ecephys.nwb	462249776	112	38	10
sub-25897/sub-25897_ses-20241119T183753_ecephys.nwb	379814912	198	33	20
sub-29641/sub-29641_ses-20250331T190122_ecephys.nwb	316041296	176	29	20
sub-25273/sub-25273_ses-20250428T182000_ecephys.nwb	404931752	111	25	11
sub-26296/sub-26296_ses-20250226T164636_ecephys.nwb	264558108	178	31	19
sub-25897/sub-25897_ses-20241111T215805_ecephys.nwb	268147900	97	24	10
sub-29641/sub-29641_ses-20250331T100700_ecephys.nwb	280487704	90	21	9
sub-25897/sub-25897_ses-20241111T203149_ecephys.nwb	264449460	88	28	10
sub-26265/sub-26265_ses-20241224T121711_ecephys.nwb	211035828	143	26	17
sub-26349/sub-26349_ses-20250321T202345_ecephys.nwb	259657696	130	25	16
sub-26342/sub-26342_ses-20241127T180411_ecephys.nwb	273052052	91	18	9
sub-26271/sub-26271_ses-20250402T053642_ecephys.nwb	314066508	114	21	11
sub-25273/sub-25273_ses-20250428T185429_ecephys.nwb	516700660	205	35	22
sub-26303/sub-26303_ses-20250319T194547_ecephys.nwb	272585896	73	17	8
sub-25897/sub-25897_ses-20241111T121130_ecephys.nwb	308892636	135	25	12
sub-26265/sub-26265_ses-20241223T010318_ecephys.nwb	215846044	69	18	8
sub-26303/sub-26303_ses-20250327T204637_ecephys.nwb	271142404	114	22	10
sub-25897/sub-25897_ses-20241107T183600_ecephys.nwb	646019812	101	28	11
sub-25897/sub-25897_ses-20241111T204904_ecephys.nwb	258284432	96	23	11
sub-25897/sub-25897_ses-20241107T084039_ecephys.nwb	487042620	133	30	13
sub-26296/sub-26296_ses-20250305T191632_ecephys.nwb	498247652	99	18	11
sub-25273/sub-25273_ses-20250428T153616_ecephys.nwb	498551740	195	36	21
sub-24846/sub-24846_ses-20241120T170632_ecephys.nwb	382759704	105	37	12
sub-24846/sub-24846_ses-20241125T135640_ecephys.nwb	382626164	115	32	12
sub-26296/sub-26296_ses-20250305T161525_ecephys.nwb	405332920	94	18	10
sub-26296/sub-26296_ses-20250226T183844_ecephys.nwb	267407420	169	28	19
sub-25897/sub-25897_ses-20241107T093225_ecephys.nwb	463097688	134	30	13
sub-26342/sub-26342_ses-20241128T015840_ecephys.nwb	289691884	95	19	10
sub-29641/sub-29641_ses-20250331T211916_ecephys.nwb	291575464	90	20	10
sub-25897/sub-25897_ses-20241108T144904_ecephys.nwb	557289436	195	35	20
sub-26296/sub-26296_ses-20250226T143713_ecephys.nwb	197697832	71	17	8
sub-26265/sub-26265_ses-20241224T135205_ecephys.nwb	217570940	92	19	9
sub-25897/sub-25897_ses-20241111T201434_ecephys.nwb	321462104	126	29	13
sub-26296/sub-26296_ses-20250305T143155_ecephys.nwb	462719192	185	28	20
sub-25897/sub-25897_ses-20241108T193343_ecephys.nwb	808438984	244	37	23
sub-24846/sub-24846_ses-20241120T215956_ecephys.nwb	412377784	224	49	24
sub-24846/sub-24846_ses-20241125T184127_ecephys.nwb	314351136	96	28	11
sub-25897/sub-25897_ses-20241111T212334_ecephys.nwb	364297620	161	35	14
sub-26271/sub-26271_ses-20250402T024410_ecephys.nwb	335911160	168	26	20
sub-26303/sub-26303_ses-20250320T003036_ecephys.nwb	458622624	89	22	10
sub-25876/sub-25876_ses-20241108T174137_ecephys.nwb	416987768	136	33	14
sub-25876/sub-25876_ses-20241108T180730_ecephys.nwb	405052300	111	29	12
sub-25273/sub-25273_ses-20250428T192857_ecephys.nwb	552190144	220	35	26
sub-24846/sub-24846_ses-20241127T205631_ecephys.nwb	334222232	165	35	19
sub-25897/sub-25897_ses-20241113T152047_ecephys.nwb	352925700	147	26	12
sub-25876/sub-25876_ses-20241111T151240_ecephys.nwb	332814752	86	25	11
sub-25897/sub-25897_ses-20241113T233227_ecephys.nwb	519677248	215	41	20
sub-24846/sub-24846_ses-20241128T021532_ecephys.nwb	293945872	92	26	11
sub-26265/sub-26265_ses-20241223T073135_ecephys.nwb	357766680	184	29	19
sub-25273/sub-25273_ses-20250429T020523_ecephys.nwb	452293976	177	33	21
sub-25876/sub-25876_ses-20241111T224114_ecephys.nwb	363526088	113	29	12
sub-25876/sub-25876_ses-20241111T101923_ecephys.nwb	403494256	111	27	12
sub-26342/sub-26342_ses-20241120T205024_ecephys.nwb	352839628	233	34	22
sub-25897/sub-25897_ses-20241024T211418_ecephys.nwb	437636225	178	38	21
sub-25876/sub-25876_ses-20241111T161303_ecephys.nwb	462259424	227	41	23
sub-25876/sub-25876_ses-20241111T214928_ecephys.nwb	332002412	87	27	10
sub-24846/sub-24846_ses-20241125T164916_ecephys.nwb	378818372	240	44	24
sub-26303/sub-26303_ses-20250320T023126_ecephys.nwb	391823648	78	23	8
sub-24846/sub-24846_ses-20241127T190426_ecephys.nwb	300482972	128	28	12
sub-24846/sub-24846_ses-20241125T231735_ecephys.nwb	388989476	182	44	21
sub-25897/sub-25897_ses-20241113T203119_ecephys.nwb	438838096	111	29	10
sub-29641/sub-29641_ses-20250320T034011_ecephys.nwb	301728148	96	20	9
sub-25273/sub-25273_ses-20250428T163635_ecephys.nwb	548065596	208	37	22
sub-29713/sub-29713_ses-20250425T145723_ecephys.nwb	254408236	90	21	9
sub-26265/sub-26265_ses-20241223T094938_ecephys.nwb	334664752	76	23	8
sub-24846/sub-24846_ses-20241127T203039_ecephys.nwb	285318524	115	27	12
sub-25897/sub-25897_ses-20241111T170447_ecephys.nwb	351953036	96	27	11
sub-25876/sub-25876_ses-20241111T230706_ecephys.nwb	382438112	202	39	22
sub-26296/sub-26296_ses-20250226T144550_ecephys.nwb	211186396	86	20	8
sub-24846/sub-24846_ses-20241125T105527_ecephys.nwb	326032156	113	30	12
sub-29641/sub-29641_ses-20250322T024331_ecephys.nwb	388201824	157	28	17
sub-29713/sub-29713_ses-20250426T014425_ecephys.nwb	232376844	91	25	8
sub-29641/sub-29641_ses-20250331T231956_ecephys.nwb	391507048	222	33	23
sub-26296/sub-26296_ses-20250305T195939_ecephys.nwb	542245108	212	31	20
sub-25897/sub-25897_ses-20241024T124514_ecephys.nwb	442319656	98	32	11
sub-25897/sub-25897_ses-20241109T002659_ecephys.nwb	657859472	111	24	11
sub-26349/sub-26349_ses-20250322T032606_ecephys.nwb	270610760	74	17	9
sub-25876/sub-25876_ses-20241111T182226_ecephys.nwb	359078920	107	29	11
sub-26342/sub-26342_ses-20241127T183841_ecephys.nwb	230120644	71	16	8
sub-25273/sub-25273_ses-20250428T223833_ecephys.nwb	399361692	182	33	20
sub-24846/sub-24846_ses-20241121T002638_ecephys.nwb	321416064	129	33	14
sub-29641/sub-29641_ses-20250331T172634_ecephys.nwb	348676920	187	30	19
sub-29641/sub-29641_ses-20250326T184646_ecephys.nwb	250825409	94	24	10
sub-26349/sub-26349_ses-20250322T063543_ecephys.nwb	328414784	177	28	19
sub-25897/sub-25897_ses-20241107T150017_ecephys.nwb	642278336	150	34	13
sub-26349/sub-26349_ses-20250322T040912_ecephys.nwb	254588176	91	19	10
sub-29641/sub-29641_ses-20250320T013925_ecephys.nwb	348091332	94	20	9
sub-26296/sub-26296_ses-20250226T212238_ecephys.nwb	234753800	108	21	10
sub-25897/sub-25897_ses-20241108T181605_ecephys.nwb	950082676	220	47	21
sub-29713/sub-29713_ses-20250425T192449_ecephys.nwb	257053184	77	24	8
sub-26342/sub-26342_ses-20241128T004102_ecephys.nwb	395931900	205	33	20
sub-25876/sub-25876_ses-20241108T173259_ecephys.nwb	423625388	171	39	19
sub-25897/sub-25897_ses-20241120T013201_ecephys.nwb	283504940	87	19	9
sub-25876/sub-25876_ses-20241111T093615_ecephys.nwb	471132024	117	33	12
sub-25273/sub-25273_ses-20250428T145310_ecephys.nwb	492112956	125	29	13
sub-25876/sub-25876_ses-20241111T180511_ecephys.nwb	387905268	135	30	13
sub-26296/sub-26296_ses-20250226T235754_ecephys.nwb	283065940	94	19	10
sub-25897/sub-25897_ses-20241107T164350_ecephys.nwb	640474424	111	27	12
sub-25897/sub-25897_ses-20241113T181318_ecephys.nwb	380474172	162	30	18
sub-29641/sub-29641_ses-20250322T015145_ecephys.nwb	315393068	72	17	8
sub-26303/sub-26303_ses-20250320T015655_ecephys.nwb	327637368	73	18	8
sub-25273/sub-25273_ses-20250428T215527_ecephys.nwb	334825148	85	22	10
sub-25897/sub-25897_ses-20241107T124214_ecephys.nwb	722759812	172	38	14
sub-24846/sub-24846_ses-20241120T120429_ecephys.nwb	1019219830	356	113	29
sub-25897/sub-25897_ses-20241119T172852_ecephys.nwb	380258744	119	27	11
sub-26303/sub-26303_ses-20250327T205514_ecephys.nwb	226932436	67	16	8
sub-29641/sub-29641_ses-20250327T011502_ecephys.nwb	228224868	91	19	9
sub-25897/sub-25897_ses-20241109T004415_ecephys.nwb	608637540	94	22	10
sub-26265/sub-26265_ses-20241223T100653_ecephys.nwb	273618332	71	17	8
sub-25876/sub-25876_ses-20241111T132032_ecephys.nwb	447873540	252	43	24
sub-25897/sub-25897_ses-20241111T133746_ecephys.nwb	400346784	170	31	20
sub-25897/sub-25897_ses-20241107T201055_ecephys.nwb	643806348	121	31	12
sub-25897/sub-25897_ses-20241024T203947_ecephys.nwb	438222776	103	32	11
sub-25897/sub-25897_ses-20241108T205958_ecephys.nwb	740609240	102	27	11
sub-26271/sub-26271_ses-20250401T184104_ecephys.nwb	308207388	98	19	10
sub-29713/sub-29713_ses-20250426T032757_ecephys.nwb	255283660	93	27	8
sub-26342/sub-26342_ses-20241120T181513_ecephys.nwb	234586960	99	19	9
sub-26349/sub-26349_ses-20250322T021709_ecephys.nwb	270391756	81	17	9
sub-29641/sub-29641_ses-20250331T203611_ecephys.nwb	251179860	68	17	8
sub-26265/sub-26265_ses-20241225T004741_ecephys.nwb	258057408	108	21	10
sub-24846/sub-24846_ses-20241125T102933_ecephys.nwb	432470544	261	47	25
sub-26349/sub-26349_ses-20250322T044340_ecephys.nwb	240923512	68	17	8
sub-24846/sub-24846_ses-20241125T131331_ecephys.nwb	345463664	96	26	11
sub-26265/sub-26265_ses-20241224T200301_ecephys.nwb	315421380	183	30	19
sub-25897/sub-25897_ses-20241107T174414_ecephys.nwb	561253236	93	26	10
sub-25897/sub-25897_ses-20241024T171243_ecephys.nwb	425029640	117	35	11
sub-25897/sub-25897_ses-20241109T013600_ecephys.nwb	654273528	95	26	10
sub-26349/sub-26349_ses-20250321T235037_ecephys.nwb	382573088	105	29	9
sub-26296/sub-26296_ses-20250226T123627_ecephys.nwb	240631400	87	18	10
sub-29713/sub-29713_ses-20250425T223437_ecephys.nwb	195067532	87	21	8
sub-26342/sub-26342_ses-20241127T230608_ecephys.nwb	261049084	92	19	9
sub-24846/sub-24846_ses-20241120T213402_ecephys.nwb	295052672	136	33	13
sub-29641/sub-29641_ses-20250322T053603_ecephys.nwb	443296816	179	29	18
sub-24846/sub-24846_ses-20241125T112958_ecephys.nwb	372803572	172	35	14
sub-26349/sub-26349_ses-20250322T001628_ecephys.nwb	273716892	108	21	10
sub-26265/sub-26265_ses-20241224T234717_ecephys.nwb	263626040	109	22	10
sub-25876/sub-25876_ses-20241108T133126_ecephys.nwb	403239352	116	33	11
sub-25897/sub-25897_ses-20241108T221736_ecephys.nwb	789712236	111	31	11
sub-26265/sub-26265_ses-20241224T193708_ecephys.nwb	275061460	98	19	10
sub-24846/sub-24846_ses-20241127T182957_ecephys.nwb	315759696	191	36	20
sub-25897/sub-25897_ses-20241024T122758_ecephys.nwb	399441952	104	32	12
sub-24846/sub-24846_ses-20241127T183834_ecephys.nwb	379283024	232	41	22
sub-26265/sub-26265_ses-20241223T071420_ecephys.nwb	313345032	93	19	9
sub-25897/sub-25897_ses-20241120T005730_ecephys.nwb	318958356	171	29	18
sub-26296/sub-26296_ses-20250227T010654_ecephys.nwb	223444980	91	19	9
sub-26303/sub-26303_ses-20250327T112551_ecephys.nwb	238319780	90	18	9
sub-24846/sub-24846_ses-20241120T145705_ecephys.nwb	283087016	134	35	13
sub-29641/sub-29641_ses-20250320T035726_ecephys.nwb	269892752	89	20	9
sub-29641/sub-29641_ses-20250331T180940_ecephys.nwb	289327320	147	26	17
sub-26265/sub-26265_ses-20241223T072257_ecephys.nwb	265606712	88	19	9
sub-29641/sub-29641_ses-20250326T171151_ecephys.nwb	223906380	112	21	10
sub-25897/sub-25897_ses-20241024T162934_ecephys.nwb	444071664	207	39	21
sub-29641/sub-29641_ses-20250321T181431_ecephys.nwb	263152444	75	18	9
sub-26342/sub-26342_ses-20241120T183228_ecephys.nwb	246275548	96	23	9
sub-24846/sub-24846_ses-20241127T194733_ecephys.nwb	303013552	91	27	10
sub-25876/sub-25876_ses-20241108T151458_ecephys.nwb	477794544	205	47	20
sub-29641/sub-29641_ses-20250326T181215_ecephys.nwb	296372252	177	29	19
sub-26271/sub-26271_ses-20250402T061950_ecephys.nwb	419705304	101	26	10
sub-24846/sub-24846_ses-20241127T204754_ecephys.nwb	329821468	162	32	14
sub-26349/sub-26349_ses-20250322T023423_ecephys.nwb	265100056	108	21	10
sub-29713/sub-29713_ses-20250425T184141_ecephys.nwb	221738124	88	19	9
sub-26296/sub-26296_ses-20250227T005817_ecephys.nwb	276647928	175	30	18
sub-25897/sub-25897_ses-20241113T221449_ecephys.nwb	441391792	145	29	12
sub-26342/sub-26342_ses-20241127T234916_ecephys.nwb	292107012	76	17	9
sub-25897/sub-25897_ses-20241107T154326_ecephys.nwb	688786620	238	41	24
sub-25876/sub-25876_ses-20241108T164951_ecephys.nwb	437458904	212	41	22
sub-29641/sub-29641_ses-20250320T003901_ecephys.nwb	328405388	114	22	10
sub-29641/sub-29641_ses-20250331T171757_ecephys.nwb	330781044	177	30	20
sub-26265/sub-26265_ses-20241223T123333_ecephys.nwb	251648644	68	17	8
sub-26296/sub-26296_ses-20250227T004102_ecephys.nwb	252395792	112	21	10
sub-25876/sub-25876_ses-20241108T165829_ecephys.nwb	462993296	204	42	21
sub-24846/sub-24846_ses-20241120T180656_ecephys.nwb	429350296	241	53	23
sub-25897/sub-25897_ses-20241024T120205_ecephys.nwb	434965696	191	47	20
sub-24846/sub-24846_ses-20241127T130218_ecephys.nwb	327112052	139	37	12
sub-26303/sub-26303_ses-20250327T191143_ecephys.nwb	352247876	181	28	21
sub-26271/sub-26271_ses-20250401T210743_ecephys.nwb	382664684	117	26	10
sub-25876/sub-25876_ses-20241108T210002_ecephys.nwb	411039848	115	30	13
sub-25273/sub-25273_ses-20250429T035724_ecephys.nwb	562905140	151	38	14
sub-26349/sub-26349_ses-20250322T060115_ecephys.nwb	239695792	70	18	9
sub-25876/sub-25876_ses-20241111T094452_ecephys.nwb	419526524	119	28	13
sub-25897/sub-25897_ses-20241107T074015_ecephys.nwb	499942616	137	37	13
sub-26342/sub-26342_ses-20241127T191312_ecephys.nwb	286340308	81	16	10
sub-29641/sub-29641_ses-20250326T161128_ecephys.nwb	260820392	177	29	20
sub-25897/sub-25897_ses-20241024T204825_ecephys.nwb	523506985	118	38	13
sub-29641/sub-29641_ses-20250331T095823_ecephys.nwb	293469196	164	28	19
sub-26265/sub-26265_ses-20241223T111554_ecephys.nwb	392039728	201	32	21
sub-29641/sub-29641_ses-20250322T022616_ecephys.nwb	330160212	76	17	9
sub-29641/sub-29641_ses-20250319T165311_ecephys.nwb	232900988	74	19	9
sub-26265/sub-26265_ses-20241223T020343_ecephys.nwb	246594884	100	21	11
sub-29713/sub-29713_ses-20250425T161501_ecephys.nwb	251169748	132	26	17
sub-25897/sub-25897_ses-20241113T173848_ecephys.nwb	373648688	101	23	11
sub-25897/sub-25897_ses-20241108T214306_ecephys.nwb	702481336	116	26	12
sub-26342/sub-26342_ses-20241120T235127_ecephys.nwb	282404708	94	20	10
sub-25273/sub-25273_ses-20250428T161044_ecephys.nwb	486687104	125	26	13
sub-26296/sub-26296_ses-20250226T114441_ecephys.nwb	220796176	87	20	9
sub-29641/sub-29641_ses-20250327T023241_ecephys.nwb	242906712	69	17	9
sub-25897/sub-25897_ses-20241107T214549_ecephys.nwb	687783180	136	37	13
sub-25897/sub-25897_ses-20241107T173536_ecephys.nwb	555143144	94	26	10
sub-26265/sub-26265_ses-20241225T013926_ecephys.nwb	285368468	150	26	18
sub-25897/sub-25897_ses-20241111T132031_ecephys.nwb	360062384	166	33	19
sub-25897/sub-25897_ses-20241120T000544_ecephys.nwb	300083312	88	19	11
sub-24846/sub-24846_ses-20241120T230858_ecephys.nwb	444033660	201	49	22
sub-26296/sub-26296_ses-20250305T210839_ecephys.nwb	486685604	175	27	18
sub-29641/sub-29641_ses-20250331T124209_ecephys.nwb	243107616	71	18	8
sub-25897/sub-25897_ses-20241113T185626_ecephys.nwb	433469916	107	22	12
sub-26265/sub-26265_ses-20241224T203731_ecephys.nwb	252498604	99	21	10
sub-24846/sub-24846_ses-20241120T165754_ecephys.nwb	281456612	99	30	11
sub-24846/sub-24846_ses-20241125T094625_ecephys.nwb	339370456	95	31	10
sub-29641/sub-29641_ses-20250322T001652_ecephys.nwb	300963200	73	18	8
sub-25897/sub-25897_ses-20241107T145140_ecephys.nwb	550191084	113	29	11
sub-25897/sub-25897_ses-20241107T080608_ecephys.nwb	411024852	94	32	10
sub-26271/sub-26271_ses-20250402T004323_ecephys.nwb	328002164	135	25	17
sub-29641/sub-29641_ses-20250331T103251_ecephys.nwb	275199840	150	27	17
sub-29641/sub-29641_ses-20250331T170920_ecephys.nwb	359905252	163	28	18
sub-26349/sub-26349_ses-20250321T214120_ecephys.nwb	243172652	68	17	8
sub-25876/sub-25876_ses-20241111T115416_ecephys.nwb	376405032	95	27	11
sub-24846/sub-24846_ses-20241120T152259_ecephys.nwb	321028260	132	35	13
sub-25897/sub-25897_ses-20241024T214848_ecephys.nwb	502861972	140	38	13
sub-24846/sub-24846_ses-20241127T172058_ecephys.nwb	350393792	187	38	20
sub-24846/sub-24846_ses-20241120T174103_ecephys.nwb	348716216	129	35	13
sub-26296/sub-26296_ses-20250226T214830_ecephys.nwb	209035432	68	17	8
sub-29641/sub-29641_ses-20250319T213752_ecephys.nwb	345209572	149	27	17
sub-29641/sub-29641_ses-20250319T233001_ecephys.nwb	295384416	71	19	9
sub-24846/sub-24846_ses-20241127T152016_ecephys.nwb	303791672	95	28	10
sub-26303/sub-26303_ses-20250320T043216_ecephys.nwb	447183576	160	31	17
sub-25897/sub-25897_ses-20241107T193624_ecephys.nwb	566364108	97	29	11
sub-26296/sub-26296_ses-20250305T145747_ecephys.nwb	430709240	79	17	9
sub-29641/sub-29641_ses-20250322T031801_ecephys.nwb	350517720	135	25	16
sub-26303/sub-26303_ses-20250320T042338_ecephys.nwb	382181500	99	19	10
sub-25897/sub-25897_ses-20241111T112823_ecephys.nwb	279778008	87	22	10
sub-24846/sub-24846_ses-20241125T145705_ecephys.nwb	326574856	90	26	10
sub-25897/sub-25897_ses-20241119T151048_ecephys.nwb	353833656	168	31	17
sub-29641/sub-29641_ses-20250331T114149_ecephys.nwb	308847972	162	27	19
sub-26271/sub-26271_ses-20250402T054519_ecephys.nwb	313508464	93	19	10
sub-26296/sub-26296_ses-20250226T232324_ecephys.nwb	240016540	89	19	10
sub-26342/sub-26342_ses-20241121T001719_ecephys.nwb	297287924	170	30	19
sub-26342/sub-26342_ses-20241120T152247_ecephys.nwb	240319600	79	18	9
sub-26265/sub-26265_ses-20241224T222102_ecephys.nwb	274501836	109	22	10
sub-25897/sub-25897_ses-20241119T223928_ecephys.nwb	271722652	84	20	9
sub-29713/sub-29713_ses-20250426T003524_ecephys.nwb	217039480	90	24	8
sub-29713/sub-29713_ses-20250425T164932_ecephys.nwb	230500436	69	18	8
sub-29713/sub-29713_ses-20250425T151438_ecephys.nwb	320612584	157	28	19
sub-26265/sub-26265_ses-20241223T030407_ecephys.nwb	261101144	88	19	9
sub-26342/sub-26342_ses-20241120T123022_ecephys.nwb	222365136	94	21	9
sub-25897/sub-25897_ses-20241119T201248_ecephys.nwb	303635284	104	22	10
sub-29641/sub-29641_ses-20250331T155145_ecephys.nwb	283434460	109	22	10
sub-25897/sub-25897_ses-20241119T212149_ecephys.nwb	319536268	114	26	11
sub-26349/sub-26349_ses-20250322T024300_ecephys.nwb	217573772	68	17	8
sub-24846/sub-24846_ses-20241125T123900_ecephys.nwb	420592892	186	40	20
sub-26303/sub-26303_ses-20250327T220415_ecephys.nwb	256088680	87	18	9
sub-29641/sub-29641_ses-20250326T221350_ecephys.nwb	262621452	102	19	10
sub-25897/sub-25897_ses-20241119T220457_ecephys.nwb	297602432	124	24	11
sub-26342/sub-26342_ses-20241127T163754_ecephys.nwb	320232300	182	29	18
sub-29641/sub-29641_ses-20250327T022403_ecephys.nwb	289120776	184	31	20
sub-26342/sub-26342_ses-20241127T173818_ecephys.nwb	303551364	180	27	19
sub-26303/sub-26303_ses-20250327T144416_ecephys.nwb	261029416	92	19	9
sub-24846/sub-24846_ses-20241125T111242_ecephys.nwb	365065764	156	34	18
sub-26265/sub-26265_ses-20241223T080606_ecephys.nwb	383172552	179	31	19
sub-25273/sub-25273_ses-20250429T025705_ecephys.nwb	368066672	126	26	12
sub-25897/sub-25897_ses-20241107T202810_ecephys.nwb	640783480	171	37	20
sub-24846/sub-24846_ses-20241120T205053_ecephys.nwb	275704452	99	30	11
sub-25897/sub-25897_ses-20241113T161232_ecephys.nwb	361395148	106	25	10
sub-26342/sub-26342_ses-20241127T142830_ecephys.nwb	262412984	85	17	10
sub-26303/sub-26303_ses-20250320T033151_ecephys.nwb	433909120	99	24	10
sub-24846/sub-24846_ses-20241125T141356_ecephys.nwb	355509532	111	32	12
sub-26303/sub-26303_ses-20250327T131800_ecephys.nwb	291981552	105	19	11
sub-25273/sub-25273_ses-20250428T151025_ecephys.nwb	519494056	141	28	13
sub-25897/sub-25897_ses-20241119T205556_ecephys.nwb	397229904	215	37	21
sub-26296/sub-26296_ses-20250305T194224_ecephys.nwb	380714204	72	16	8
sub-25876/sub-25876_ses-20241111T192249_ecephys.nwb	348755528	107	29	11
sub-26303/sub-26303_ses-20250320T022249_ecephys.nwb	335612556	119	20	10
sub-24846/sub-24846_ses-20241125T121307_ecephys.nwb	373762872	121	33	12
sub-29713/sub-29713_ses-20250426T023611_ecephys.nwb	229288348	90	23	9
sub-24846/sub-24846_ses-20241121T000045_ecephys.nwb	321910764	107	29	12
sub-26296/sub-26296_ses-20250305T221739_ecephys.nwb	474701952	170	27	18
sub-26271/sub-26271_ses-20250401T231707_ecephys.nwb	359388172	188	29	20
sub-29641/sub-29641_ses-20250321T172246_ecephys.nwb	222101836	71	17	8
sub-29641/sub-29641_ses-20250331T131637_ecephys.nwb	262184420	88	19	9
sub-24846/sub-24846_ses-20241125T120429_ecephys.nwb	383129860	104	29	11
sub-25876/sub-25876_ses-20241108T162358_ecephys.nwb	395112048	128	31	12
sub-29641/sub-29641_ses-20250320T023948_ecephys.nwb	416310900	100	20	11
sub-25897/sub-25897_ses-20241113T191341_ecephys.nwb	465864744	137	27	14
sub-25897/sub-25897_ses-20241024T213134_ecephys.nwb	456972688	192	42	20
sub-25897/sub-25897_ses-20241119T130123_ecephys.nwb	416537048	95	28	9
sub-26303/sub-26303_ses-20250319T202857_ecephys.nwb	354819544	114	27	10
sub-29641/sub-29641_ses-20250319T192828_ecephys.nwb	261318660	128	23	11
sub-24846/sub-24846_ses-20241120T235207_ecephys.nwb	289009316	104	31	12
sub-26349/sub-26349_ses-20250321T221548_ecephys.nwb	279178512	109	22	10
sub-26296/sub-26296_ses-20250305T113924_ecephys.nwb	315082016	141	24	15
sub-26349/sub-26349_ses-20250321T222425_ecephys.nwb	227716752	68	17	8
sub-29641/sub-29641_ses-20250319T195420_ecephys.nwb	259491076	108	21	10
sub-26342/sub-26342_ses-20241127T135359_ecephys.nwb	316227912	227	34	22
sub-25876/sub-25876_ses-20241109T010134_ecephys.nwb	427708880	94	27	11
sub-26342/sub-26342_ses-20241120T174921_ecephys.nwb	219888804	79	18	9
sub-26265/sub-26265_ses-20241222T230229_ecephys.nwb	255022032	94	21	9
sub-26265/sub-26265_ses-20241223T064827_ecephys.nwb	469631948	104	24	10
sub-26342/sub-26342_ses-20241120T120430_ecephys.nwb	309400044	117	31	9
sub-29641/sub-29641_ses-20250331T152554_ecephys.nwb	358343152	208	33	21
sub-26296/sub-26296_ses-20250227T003224_ecephys.nwb	226075028	100	20	10
sub-24846/sub-24846_ses-20241128T030716_ecephys.nwb	363316188	177	34	21
sub-25897/sub-25897_ses-20241108T183320_ecephys.nwb	772864384	208	38	21
sub-25876/sub-25876_ses-20241111T150402_ecephys.nwb	374612724	91	25	11
sub-26303/sub-26303_ses-20250320T014817_ecephys.nwb	363703260	149	25	18
sub-26296/sub-26296_ses-20250305T134847_ecephys.nwb	369770884	114	20	10
sub-29713/sub-29713_ses-20250425T171525_ecephys.nwb	237808864	109	22	10
sub-25897/sub-25897_ses-20241108T154927_ecephys.nwb	564963372	116	29	11
sub-26265/sub-26265_ses-20241223T005440_ecephys.nwb	278076876	151	27	17
sub-25876/sub-25876_ses-20241111T103638_ecephys.nwb	385756612	96	26	11
sub-25897/sub-25897_ses-20241024T114450_ecephys.nwb	481487968	109	37	11
sub-26271/sub-26271_ses-20250401T214213_ecephys.nwb	374510024	179	28	20
sub-25897/sub-25897_ses-20241107T211119_ecephys.nwb	613076692	149	33	13
sub-26303/sub-26303_ses-20250320T002158_ecephys.nwb	286252644	74	17	8
sub-26342/sub-26342_ses-20241127T145423_ecephys.nwb	305054936	153	26	16
sub-24846/sub-24846_ses-20241125T205931_ecephys.nwb	323245676	113	29	12
sub-26349/sub-26349_ses-20250321T180551_ecephys.nwb	264069232	92	19	9
sub-25876/sub-25876_ses-20241109T000111_ecephys.nwb	478393664	170	36	18
sub-29713/sub-29713_ses-20250425T233501_ecephys.nwb	199739404	69	20	8
sub-25897/sub-25897_ses-20241107T102411_ecephys.nwb	553159560	196	39	20
sub-25897/sub-25897_ses-20241111T182225_ecephys.nwb	338715948	108	30	11
sub-25897/sub-25897_ses-20241113T214856_ecephys.nwb	424789120	183	32	20
sub-25897/sub-25897_ses-20241113T130246_ecephys.nwb	312858800	96	23	10
sub-26342/sub-26342_ses-20241128T023310_ecephys.nwb	315583032	77	18	9
sub-29641/sub-29641_ses-20250321T220727_ecephys.nwb	308081628	74	17	9
sub-26296/sub-26296_ses-20250226T152021_ecephys.nwb	256772752	120	22	11
sub-26342/sub-26342_ses-20241120T225106_ecephys.nwb	276726168	79	18	9
sub-26265/sub-26265_ses-20241225T005618_ecephys.nwb	281661020	162	27	18
sub-29641/sub-29641_ses-20250331T135106_ecephys.nwb	250972744	68	17	8
sub-26342/sub-26342_ses-20241120T220800_ecephys.nwb	330686832	201	32	21
sub-24846/sub-24846_ses-20241128T023247_ecephys.nwb	304984740	118	27	12
sub-25897/sub-25897_ses-20241111T111945_ecephys.nwb	333211968	168	31	14
sub-29641/sub-29641_ses-20250319T202851_ecephys.nwb	302325692	163	28	18
sub-25897/sub-25897_ses-20241107T101534_ecephys.nwb	454714996	94	30	10
sub-29641/sub-29641_ses-20250326T154535_ecephys.nwb	224513916	116	23	14
sub-25897/sub-25897_ses-20241120T024941_ecephys.nwb	423367724	110	28	9
sub-25897/sub-25897_ses-20241120T023225_ecephys.nwb	316103120	103	22	9
sub-26349/sub-26349_ses-20250321T172245_ecephys.nwb	243896736	69	18	8
sub-25897/sub-25897_ses-20241111T200556_ecephys.nwb	245311916	101	23	11
sub-24846/sub-24846_ses-20241125T230857_ecephys.nwb	340058912	117	32	11
sub-29641/sub-29641_ses-20250322T044417_ecephys.nwb	323421100	74	17	8
sub-25876/sub-25876_ses-20241109T014442_ecephys.nwb	458865340	112	30	11
sub-26296/sub-26296_ses-20250305T133132_ecephys.nwb	430406032	102	18	10
sub-26303/sub-26303_ses-20250319T205450_ecephys.nwb	366560524	201	30	22
sub-26271/sub-26271_ses-20250401T162302_ecephys.nwb	243082436	108	21	10
sub-25897/sub-25897_ses-20241024T130229_ecephys.nwb	421445872	173	35	14
sub-26296/sub-26296_ses-20250227T001509_ecephys.nwb	299152784	117	26	10
sub-25273/sub-25273_ses-20250428T170226_ecephys.nwb	414459948	88	24	10
sub-25273/sub-25273_ses-20250428T211222_ecephys.nwb	483529188	220	37	23
sub-29641/sub-29641_ses-20250326T180337_ecephys.nwb	271628332	149	26	12
sub-24846/sub-24846_ses-20241127T182119_ecephys.nwb	408821368	232	41	24
sub-26265/sub-26265_ses-20241224T223817_ecephys.nwb	245507100	92	19	9
sub-29641/sub-29641_ses-20250320T062406_ecephys.nwb	320273548	163	28	19
sub-26303/sub-26303_ses-20250319T222109_ecephys.nwb	370733096	113	22	10
sub-26303/sub-26303_ses-20250327T143538_ecephys.nwb	338034580	175	28	19
sub-24846/sub-24846_ses-20241128T003205_ecephys.nwb	377308184	190	36	21
sub-26296/sub-26296_ses-20250226T140242_ecephys.nwb	216965964	106	22	9
sub-26303/sub-26303_ses-20250320T061550_ecephys.nwb	331153948	93	18	10
sub-26265/sub-26265_ses-20241223T033000_ecephys.nwb	283903616	88	19	9
sub-26296/sub-26296_ses-20250227T012409_ecephys.nwb	357773612	166	35	19
sub-26303/sub-26303_ses-20250320T032313_ecephys.nwb	306350912	74	16	9
sub-25897/sub-25897_ses-20241119T200410_ecephys.nwb	319298452	117	24	11
sub-26342/sub-26342_ses-20241127T134521_ecephys.nwb	263132248	92	18	10
sub-25897/sub-25897_ses-20241109T031053_ecephys.nwb	677362388	119	25	12
sub-26296/sub-26296_ses-20250226T211400_ecephys.nwb	288048076	97	24	10
sub-26296/sub-26296_ses-20250305T151502_ecephys.nwb	462867308	100	18	11
sub-26342/sub-26342_ses-20241128T011532_ecephys.nwb	331885048	155	27	18
sub-24846/sub-24846_ses-20241120T230020_ecephys.nwb	335422512	162	40	20
sub-25897/sub-25897_ses-20241024T162056_ecephys.nwb	370098820	108	29	12
sub-26265/sub-26265_ses-20241224T185400_ecephys.nwb	296258828	95	19	11
sub-29641/sub-29641_ses-20250331T191837_ecephys.nwb	305058012	151	27	18
sub-25897/sub-25897_ses-20241107T091510_ecephys.nwb	460358268	123	29	13
sub-24846/sub-24846_ses-20241128T020655_ecephys.nwb	321762344	164	33	20
sub-25876/sub-25876_ses-20241111T110230_ecephys.nwb	406725404	147	32	14
sub-29641/sub-29641_ses-20250327T021526_ecephys.nwb	230554612	76	18	10
sub-29641/sub-29641_ses-20250321T182309_ecephys.nwb	315188284	138	26	18
sub-26349/sub-26349_ses-20250321T182306_ecephys.nwb	288286356	107	20	11
sub-29641/sub-29641_ses-20250327T041613_ecephys.nwb	334373236	206	34	21
sub-26271/sub-26271_ses-20250401T221644_ecephys.nwb	332780296	93	19	10
sub-29641/sub-29641_ses-20250320T044912_ecephys.nwb	381752928	191	31	22
sub-25876/sub-25876_ses-20241111T141217_ecephys.nwb	335275692	92	25	11
sub-24846/sub-24846_ses-20241127T212223_ecephys.nwb	387981820	212	40	25
sub-26342/sub-26342_ses-20241127T222300_ecephys.nwb	323727276	168	27	20
sub-24846/sub-24846_ses-20241127T203917_ecephys.nwb	377048332	171	40	20
sub-26349/sub-26349_ses-20250321T204100_ecephys.nwb	229080592	75	18	9
sub-26265/sub-26265_ses-20241225T014803_ecephys.nwb	310021208	205	33	21
sub-29641/sub-29641_ses-20250321T212419_ecephys.nwb	272374372	92	20	9
sub-26265/sub-26265_ses-20241223T114147_ecephys.nwb	284302720	88	19	9
sub-29641/sub-29641_ses-20250326T213042_ecephys.nwb	238902360	131	26	16
sub-29641/sub-29641_ses-20250331T175225_ecephys.nwb	385915108	158	29	19
sub-26303/sub-26303_ses-20250327T100812_ecephys.nwb	278490032	73	16	9
sub-25876/sub-25876_ses-20241111T223236_ecephys.nwb	384205752	201	39	21
sub-25897/sub-25897_ses-20241113T213141_ecephys.nwb	490408536	132	29	12
sub-26349/sub-26349_ses-20250321T194040_ecephys.nwb	268452572	135	25	16
sub-26296/sub-26296_ses-20250226T174659_ecephys.nwb	210030844	92	19	9
sub-26296/sub-26296_ses-20250305T231801_ecephys.nwb	427205588	73	16	9
sub-25897/sub-25897_ses-20241113T195648_ecephys.nwb	430374668	107	22	12
sub-25876/sub-25876_ses-20241109T031058_ecephys.nwb	493640832	116	33	12
sub-29641/sub-29641_ses-20250321T183147_ecephys.nwb	277889636	115	21	12
sub-29713/sub-29713_ses-20250426T010117_ecephys.nwb	218655156	113	24	9
sub-25897/sub-25897_ses-20241024T153748_ecephys.nwb	346127900	86	26	10
sub-26342/sub-26342_ses-20241120T204147_ecephys.nwb	235605804	73	18	8
sub-29641/sub-29641_ses-20250331T134229_ecephys.nwb	311697617	114	25	12
sub-26265/sub-26265_ses-20241223T023814_ecephys.nwb	265203284	108	21	10
sub-25897/sub-25897_ses-20241108T203406_ecephys.nwb	780126472	122	27	12
sub-29641/sub-29641_ses-20250326T162005_ecephys.nwb	195183872	68	17	8
sub-25897/sub-25897_ses-20241024T110141_ecephys.nwb	380746460	109	31	11
sub-26342/sub-26342_ses-20241127T192149_ecephys.nwb	361946484	219	32	22
sub-25273/sub-25273_ses-20250429T013054_ecephys.nwb	377100236	127	26	12
sub-26349/sub-26349_ses-20250322T010811_ecephys.nwb	318740324	172	29	18
sub-29713/sub-29713_ses-20250426T024449_ecephys.nwb	241848064	110	26	9
sub-25897/sub-25897_ses-20241119T161950_ecephys.nwb	421853872	199	37	20
sub-25897/sub-25897_ses-20241113T165540_ecephys.nwb	386280700	85	21	10
sub-29713/sub-29713_ses-20250425T205944_ecephys.nwb	243689248	98	26	9
sub-26349/sub-26349_ses-20250322T041749_ecephys.nwb	311295996	196	31	21
sub-29641/sub-29641_ses-20250326T192117_ecephys.nwb	234867148	116	23	14
sub-24846/sub-24846_ses-20241120T135641_ecephys.nwb	356385436	130	39	13
sub-29641/sub-29641_ses-20250321T204111_ecephys.nwb	298412008	110	23	10
sub-26342/sub-26342_ses-20241127T223138_ecephys.nwb	280864420	88	19	9
sub-26296/sub-26296_ses-20250305T112209_ecephys.nwb	288333916	91	18	9
sub-25897/sub-25897_ses-20241111T132909_ecephys.nwb	306865992	84	24	10
sub-25876/sub-25876_ses-20241111T144647_ecephys.nwb	346396944	106	28	11
sub-26265/sub-26265_ses-20241223T013750_ecephys.nwb	252176296	71	18	8
sub-25273/sub-25273_ses-20250429T014809_ecephys.nwb	470640768	113	31	11
sub-26265/sub-26265_ses-20241223T001131_ecephys.nwb	340898832	161	29	18
sub-25897/sub-25897_ses-20241111T190533_ecephys.nwb	273778396	101	23	11
sub-29641/sub-29641_ses-20250331T201856_ecephys.nwb	253168492	75	18	9
sub-29641/sub-29641_ses-20250326T152819_ecephys.nwb	348442004	156	34	17
sub-24846/sub-24846_ses-20241120T160608_ecephys.nwb	429033176	120	43	12
sub-25876/sub-25876_ses-20241108T191630_ecephys.nwb	494701144	139	37	13
sub-25897/sub-25897_ses-20241108T164950_ecephys.nwb	759619768	223	43	22
sub-26265/sub-26265_ses-20241225T010455_ecephys.nwb	240508800	97	19	12
sub-26296/sub-26296_ses-20250226T193907_ecephys.nwb	221530528	68	17	8
sub-29641/sub-29641_ses-20250319T205444_ecephys.nwb	339136072	177	30	19
sub-24846/sub-24846_ses-20241127T164629_ecephys.nwb	405303544	197	39	22
sub-25897/sub-25897_ses-20241107T112435_ecephys.nwb	510701164	92	27	10
sub-25876/sub-25876_ses-20241111T234137_ecephys.nwb	336883220	116	29	12
sub-25897/sub-25897_ses-20241024T105304_ecephys.nwb	449031920	201	46	21
sub-29641/sub-29641_ses-20250326T153657_ecephys.nwb	234168900	92	20	9
sub-29641/sub-29641_ses-20250321T215849_ecephys.nwb	303774276	109	22	10
sub-26303/sub-26303_ses-20250328T000502_ecephys.nwb	269758780	87	18	9
sub-24846/sub-24846_ses-20241120T204216_ecephys.nwb	287298496	128	31	12
sub-25876/sub-25876_ses-20241111T183941_ecephys.nwb	367254864	97	26	11
sub-24846/sub-24846_ses-20241125T234329_ecephys.nwb	343468904	105	28	12
sub-26349/sub-26349_ses-20250322T014240_ecephys.nwb	254075824	113	21	10
sub-25897/sub-25897_ses-20241119T134432_ecephys.nwb	517888872	141	29	13
sub-29713/sub-29713_ses-20250425T221722_ecephys.nwb	205788748	88	22	8
sub-29641/sub-29641_ses-20250319T204606_ecephys.nwb	309630504	77	18	9
sub-26296/sub-26296_ses-20250305T152340_ecephys.nwb	373375348	93	18	9
sub-24846/sub-24846_ses-20241121T000922_ecephys.nwb	425037992	181	48	20
sub-25876/sub-25876_ses-20241108T203409_ecephys.nwb	377047008	113	28	11
sub-26271/sub-26271_ses-20250401T205028_ecephys.nwb	370138492	177	27	18
sub-26296/sub-26296_ses-20250226T185559_ecephys.nwb	225782796	92	19	9
sub-25897/sub-25897_ses-20241113T150332_ecephys.nwb	476475084	218	35	22
sub-26296/sub-26296_ses-20250305T234354_ecephys.nwb	546581360	206	31	18
sub-25897/sub-25897_ses-20241119T160234_ecephys.nwb	380647900	115	23	11
sub-25876/sub-25876_ses-20241111T153833_ecephys.nwb	378881460	92	26	11
sub-25897/sub-25897_ses-20241108T152334_ecephys.nwb	500873748	97	24	12
sub-25897/sub-25897_ses-20241111T220642_ecephys.nwb	284328484	109	27	11
sub-25897/sub-25897_ses-20241119T124408_ecephys.nwb	603380856	220	49	20
sub-25897/sub-25897_ses-20241108T172420_ecephys.nwb	565656740	92	23	10
sub-24846/sub-24846_ses-20241127T225714_ecephys.nwb	280416348	89	24	10
sub-29641/sub-29641_ses-20250321T194047_ecephys.nwb	267888012	70	19	8
sub-26265/sub-26265_ses-20241223T113310_ecephys.nwb	273837588	74	17	9
sub-26303/sub-26303_ses-20250319T190238_ecephys.nwb	252331348	88	19	9
sub-25897/sub-25897_ses-20241024T172120_ecephys.nwb	334427096	85	25	10
sub-25897/sub-25897_ses-20241108T230044_ecephys.nwb	762178257	147	32	13
sub-29641/sub-29641_ses-20250322T021738_ecephys.nwb	394008132	108	19	10
sub-25876/sub-25876_ses-20241111T155548_ecephys.nwb	370562388	126	30	12
sub-25897/sub-25897_ses-20241113T144617_ecephys.nwb	428953100	177	32	20
sub-29641/sub-29641_ses-20250321T222442_ecephys.nwb	349663644	203	32	20
sub-26303/sub-26303_ses-20250327T233031_ecephys.nwb	372098992	167	27	19
sub-24846/sub-24846_ses-20241121T010946_ecephys.nwb	434153980	173	46	14
sub-26303/sub-26303_ses-20250319T225540_ecephys.nwb	326354364	72	17	8
sub-25897/sub-25897_ses-20241024T141131_ecephys.nwb	329422216	105	27	11
sub-25897/sub-25897_ses-20241114T000657_ecephys.nwb	447727933	93	31	10
sub-26296/sub-26296_ses-20250305T174139_ecephys.nwb	365484380	74	16	8
sub-26296/sub-26296_ses-20250226T162921_ecephys.nwb	234328696	147	26	16
sub-26342/sub-26342_ses-20241120T201555_ecephys.nwb	261842076	112	21	10
sub-29641/sub-29641_ses-20250331T112434_ecephys.nwb	282281752	115	22	11
sub-24846/sub-24846_ses-20241125T190720_ecephys.nwb	352983960	124	31	13
sub-25897/sub-25897_ses-20241113T173010_ecephys.nwb	363099796	86	28	9
sub-25897/sub-25897_ses-20241107T152611_ecephys.nwb	549440560	92	27	10
sub-25897/sub-25897_ses-20241109T021030_ecephys.nwb	714272436	195	36	20
sub-26271/sub-26271_ses-20250401T164018_ecephys.nwb	279373828	97	24	10
sub-25876/sub-25876_ses-20241109T011012_ecephys.nwb	446037964	174	37	19
sub-26342/sub-26342_ses-20241127T224015_ecephys.nwb	261792964	87	18	9
sub-25897/sub-25897_ses-20241113T140309_ecephys.nwb	370503596	184	34	19
sub-26265/sub-26265_ses-20241223T093223_ecephys.nwb	369718516	193	28	20
sub-25897/sub-25897_ses-20241108T154049_ecephys.nwb	622584864	215	37	23
sub-29641/sub-29641_ses-20250327T035858_ecephys.nwb	223826168	88	19	9
sub-26342/sub-26342_ses-20241120T160554_ecephys.nwb	224010304	78	21	8
sub-26342/sub-26342_ses-20241120T225944_ecephys.nwb	276844768	166	27	17
sub-25897/sub-25897_ses-20241107T170105_ecephys.nwb	641455972	120	36	11
sub-26342/sub-26342_ses-20241127T190434_ecephys.nwb	269964952	92	19	9
sub-29641/sub-29641_ses-20250326T182053_ecephys.nwb	244750152	128	23	11
sub-25897/sub-25897_ses-20241111T100207_ecephys.nwb	325136200	94	23	11
sub-26349/sub-26349_ses-20250321T191448_ecephys.nwb	274497100	89	20	9
sub-25897/sub-25897_ses-20241107T131645_ecephys.nwb	608473384	120	32	11
sub-26342/sub-26342_ses-20241120T142226_ecephys.nwb	290092284	208	33	22
sub-25897/sub-25897_ses-20241024T215726_ecephys.nwb	422369996	182	38	21
sub-25273/sub-25273_ses-20250428T222118_ecephys.nwb	346437472	127	26	12
sub-26265/sub-26265_ses-20241223T082321_ecephys.nwb	321171676	120	22	11
sub-29641/sub-29641_ses-20250331T113311_ecephys.nwb	275411712	93	20	9
sub-25897/sub-25897_ses-20241109T000944_ecephys.nwb	787253172	237	37	22
sub-26296/sub-26296_ses-20250305T165832_ecephys.nwb	441915524	108	20	10
sub-26271/sub-26271_ses-20250401T165733_ecephys.nwb	288334384	176	29	19
sub-25897/sub-25897_ses-20241113T145454_ecephys.nwb	302696660	77	20	9
sub-26303/sub-26303_ses-20250320T053241_ecephys.nwb	426147708	98	24	9
sub-24846/sub-24846_ses-20241127T161159_ecephys.nwb	298958196	110	31	10
sub-25897/sub-25897_ses-20241119T153641_ecephys.nwb	368832176	113	28	10
sub-26271/sub-26271_ses-20250402T041904_ecephys.nwb	313781376	114	22	10
sub-26303/sub-26303_ses-20250327T193736_ecephys.nwb	317708952	95	20	10
sub-26265/sub-26265_ses-20241223T070542_ecephys.nwb	277865060	137	26	15
sub-26265/sub-26265_ses-20241224T120833_ecephys.nwb	217627348	108	21	10
sub-26265/sub-26265_ses-20241223T040431_ecephys.nwb	274460448	71	17	8
sub-29641/sub-29641_ses-20250331T123331_ecephys.nwb	233877124	68	17	8
sub-25897/sub-25897_ses-20241111T135501_ecephys.nwb	319835316	105	23	11
sub-24846/sub-24846_ses-20241128T004042_ecephys.nwb	413207340	162	39	13
sub-25897/sub-25897_ses-20241111T211457_ecephys.nwb	269007344	91	22	11
sub-29713/sub-29713_ses-20250425T134822_ecephys.nwb	273109496	177	30	19
sub-29713/sub-29713_ses-20250425T211659_ecephys.nwb	203954568	68	20	7
sub-26342/sub-26342_ses-20241120T124736_ecephys.nwb	223064768	97	20	9
sub-26303/sub-26303_ses-20250319T163555_ecephys.nwb	282260368	109	22	10
sub-29641/sub-29641_ses-20250319T170148_ecephys.nwb	208099924	70	17	8
sub-24846/sub-24846_ses-20241121T010109_ecephys.nwb	336817508	145	34	14
sub-29641/sub-29641_ses-20250322T040947_ecephys.nwb	368506932	122	24	14
sub-25897/sub-25897_ses-20241111T093614_ecephys.nwb	459630452	247	47	22
sub-24846/sub-24846_ses-20241120T220834_ecephys.nwb	369433872	109	40	11
sub-25876/sub-25876_ses-20241109T021912_ecephys.nwb	525533580	130	35	12
sub-26349/sub-26349_ses-20250322T012525_ecephys.nwb	247875476	68	17	8
sub-25273/sub-25273_ses-20250428T194611_ecephys.nwb	544160044	218	43	22
sub-26296/sub-26296_ses-20250305T220024_ecephys.nwb	497743668	194	27	19
sub-26265/sub-26265_ses-20241223T060518_ecephys.nwb	360738460	95	21	9
sub-26342/sub-26342_ses-20241120T133920_ecephys.nwb	207076484	80	19	9
sub-26342/sub-26342_ses-20241127T155446_ecephys.nwb	284534048	173	28	18
sub-25897/sub-25897_ses-20241111T163854_ecephys.nwb	306035460	104	25	11
sub-29713/sub-29713_ses-20250425T160624_ecephys.nwb	239834808	136	26	16
sub-26271/sub-26271_ses-20250401T230830_ecephys.nwb	378895484	149	32	17
sub-25273/sub-25273_ses-20250429T023114_ecephys.nwb	376331224	111	23	12
sub-24846/sub-24846_ses-20241120T174941_ecephys.nwb	301627328	178	39	20
sub-29713/sub-29713_ses-20250425T214252_ecephys.nwb	182558668	71	20	7
sub-25273/sub-25273_ses-20250429T000443_ecephys.nwb	331843100	107	25	11
sub-24846/sub-24846_ses-20241120T234329_ecephys.nwb	351764184	212	43	22
sub-29641/sub-29641_ses-20250321T211541_ecephys.nwb	351338536	141	24	13
sub-25876/sub-25876_ses-20241111T133747_ecephys.nwb	362744540	107	29	11
sub-24846/sub-24846_ses-20241125T144827_ecephys.nwb	377671288	108	36	11
sub-26271/sub-26271_ses-20250401T211620_ecephys.nwb	327901516	168	28	18
