asset_path	bytes_sent	number_of_requests	number_of_downloads	number_of_views
sub-VG1-GC#85/sub-VG1-GC#85_ses-2023-11-20-task-day10_widefield+behavior/sub-VG1-GC#85_ses-2023-11-20-task-day10_face-camera.mp4	20579817979	745	20	8
sub-VG1-GC#52/sub-VG1-GC#52_ses-2023-07-03-task-day13_widefield+behavior/sub-VG1-GC#52_ses-2023-07-03-task-day13_face-camera.mp4	17400703191	541	31	8
sub-VG1-GC#61/sub-VG1-GC#61_ses-2023-06-15-resting-state-day1_widefield+behavior.nwb	101810792624	18804	92	69
sub-VG1-GC#85/sub-VG1-GC#85_ses-2023-11-24-task-day13_widefield+behavior/sub-VG1-GC#85_ses-2023-11-24-task-day13_body-camera.mp4	9051872880	330	20	7
sub-VG1-GC#119/sub-VG1-GC#119_ses-2024-04-01-sensory-stim-day16_widefield.nwb	92621053370	10092	100	71
sub-VG1-GC#52/sub-VG1-GC#52_ses-2023-07-04-task-day14_widefield+behavior/sub-VG1-GC#52_ses-2023-07-04-task-day14_face-camera.mp4	17008454483	528	32	7
sub-VG1-GC#130/sub-VG1-GC#130_ses-2024-04-22-task-day5_widefield+behavior/sub-VG1-GC#130_ses-2024-04-22-task-day5_eye-camera.mp4	4443102317	188	25	8
sub-VG1-GC#52/sub-VG1-GC#52_ses-2023-06-27-task-day9_widefield+behavior/sub-VG1-GC#52_ses-2023-06-27-task-day9_face-camera.mp4	16589430226	529	33	7
sub-VG1-GC#54/sub-VG1-GC#54_ses-2023-06-21-task-day5_widefield+behavior/sub-VG1-GC#54_ses-2023-06-21-task-day5_face-camera.mp4	19632155395	527	25	7
sub-VG1-GC#130/sub-VG1-GC#130_ses-2024-04-16-task-day1_widefield+behavior.nwb	207888285157	28622	105	83
sub-VG1-GC#117/sub-VG1-GC#117_ses-2024-04-18-task-day3_widefield+behavior/sub-VG1-GC#117_ses-2024-04-18-task-day3_eye-camera.mp4	4572205070	193	30	9
sub-VG1-GC#52/sub-VG1-GC#52_ses-2023-06-30-task-day12_widefield+behavior/sub-VG1-GC#52_ses-2023-06-30-task-day12_face-camera.mp4	17666965730	526	30	7
sub-VG1-GC#60/sub-VG1-GC#60_ses-2023-06-14-resting-state-day0_widefield+behavior/sub-VG1-GC#60_ses-2023-06-14-resting-state-day0_face-camera.mp4	6315963466	204	25	8
sub-VG1-GC#125/sub-VG1-GC#125_ses-2024-04-26-task-day7_widefield+behavior.nwb	216167813797	27954	100	81
sub-VG1-GC#48/sub-VG1-GC#48_ses-2023-08-29-task-day7_widefield+behavior/sub-VG1-GC#48_ses-2023-08-29-task-day7_face-camera.mp4	22090213388	529	34	7
sub-VG1-GC#53/sub-VG1-GC#53_ses-2023-06-27-task-day9_widefield+behavior/sub-VG1-GC#53_ses-2023-06-27-task-day9_body-camera.mp4	9631952422	328	24	7
sub-VG1-GC#130/sub-VG1-GC#130_ses-2024-04-19-task-day4_widefield+behavior/sub-VG1-GC#130_ses-2024-04-19-task-day4_eye-camera.mp4	4266844796	191	31	8
sub-VG1-GC#117/sub-VG1-GC#117_ses-2024-04-17-task-day2_widefield+behavior.nwb	243932923297	28024	104	83
sub-VG1-GC#99/sub-VG1-GC#99_ses-2024-02-01-task-day7_widefield+behavior.nwb	215791222539	26901	112	82
sub-VG1-GC#85/sub-VG1-GC#85_ses-2023-11-27-task-day14_widefield+behavior/sub-VG1-GC#85_ses-2023-11-27-task-day14_eye-camera.mp4	6535231165	190	23	8
sub-VG1-GC#125/sub-VG1-GC#125_ses-2024-04-23-task-day4_widefield+behavior/sub-VG1-GC#125_ses-2024-04-23-task-day4_eye-camera.mp4	4470154610	185	25	8
sub-VG1-GC#53/sub-VG1-GC#53_ses-2023-06-19-task-day3_widefield+behavior/sub-VG1-GC#53_ses-2023-06-19-task-day3_body-camera.mp4	10723376578	331	25	7
sub-VG1-GC#61/sub-VG1-GC#61_ses-2023-06-15-task-day1_widefield+behavior/sub-VG1-GC#61_ses-2023-06-15-task-day1_eye-camera.mp4	4635003081	183	25	8
sub-VG1-GC#85/sub-VG1-GC#85_ses-2023-11-20-task-day10_widefield+behavior/sub-VG1-GC#85_ses-2023-11-20-task-day10_eye-camera.mp4	6666748743	197	19	9
sub-VG1-GC#87/sub-VG1-GC#87_ses-2023-11-06-task-day9_widefield+behavior.nwb	244297326729	27283	114	77
sub-VG1-GC#66/sub-VG1-GC#66_ses-2023-08-30-task-day8_widefield+behavior/sub-VG1-GC#66_ses-2023-08-30-task-day8_face-camera.mp4	14793998974	521	25	7
sub-VG1-GC#54/sub-VG1-GC#54_ses-2023-06-27-task-day9_widefield+behavior/sub-VG1-GC#54_ses-2023-06-27-task-day9_face-camera.mp4	13858117898	519	23	7
sub-VG1-GC#105/sub-VG1-GC#105_ses-2024-01-24-task-day1_widefield+behavior/sub-VG1-GC#105_ses-2024-01-24-task-day1_face-camera.mp4	15592354187	536	26	11
sub-VG1-GC#99/sub-VG1-GC#99_ses-2024-01-31-task-day6_widefield+behavior/sub-VG1-GC#99_ses-2024-01-31-task-day6_body-camera.mp4	7339867606	326	19	9
sub-VG1-GC#124/sub-VG1-GC#124_ses-2024-02-05-task-day15_widefield+behavior/sub-VG1-GC#124_ses-2024-02-05-task-day15_body-camera.mp4	8715706778	331	25	9
sub-VG1-GC#54/sub-VG1-GC#54_ses-2023-06-15-resting-state-day1_widefield+behavior/sub-VG1-GC#54_ses-2023-06-15-resting-state-day1_body-camera.mp4	7108786682	220	24	8
sub-VG1-GC#63/sub-VG1-GC#63_ses-2023-09-08-task-day15_widefield+behavior/sub-VG1-GC#63_ses-2023-09-08-task-day15_eye-camera.mp4	4720690665	189	28	8
sub-VG1-GC#85/sub-VG1-GC#85_ses-2023-11-17-task-day9_widefield+behavior/sub-VG1-GC#85_ses-2023-11-17-task-day9_eye-camera.mp4	4946792831	190	28	8
sub-VG1-GC#63/sub-VG1-GC#63_ses-2023-09-07-task-day14_widefield+behavior/sub-VG1-GC#63_ses-2023-09-07-task-day14_eye-camera.mp4	4921461763	188	27	8
sub-VG1-GC#60/sub-VG1-GC#60_ses-2023-06-22-task-day6_widefield+behavior/sub-VG1-GC#60_ses-2023-06-22-task-day6_face-camera.mp4	14978365289	528	27	9
sub-VG1-GC#78/sub-VG1-GC#78_ses-2023-11-14-resting-state-day1_widefield+behavior/sub-VG1-GC#78_ses-2023-11-14-resting-state-day1_eye-camera.mp4	2436598133	98	26	9
sub-VG1-GC#109/sub-VG1-GC#109_ses-2024-01-18-task-day3_widefield+behavior/sub-VG1-GC#109_ses-2024-01-18-task-day3_face-camera.mp4	13767237387	524	27	9
sub-VG1-GC#124/sub-VG1-GC#124_ses-2024-01-26-task-day9_widefield+behavior.nwb	240204706353	28782	117	87
sub-VG1-GC#48/sub-VG1-GC#48_ses-2023-08-18-resting-state-day0_widefield+behavior/sub-VG1-GC#48_ses-2023-08-18-resting-state-day0_face-camera.mp4	8562659415	216	31	10
sub-VG1-GC#52/sub-VG1-GC#52_ses-2023-06-23-task-day7_widefield+behavior/sub-VG1-GC#52_ses-2023-06-23-task-day7_body-camera.mp4	11727568167	353	34	7
sub-VG1-GC#78/sub-VG1-GC#78_ses-2023-11-24-task-day8_widefield+behavior.nwb	218562108798	26874	106	75
sub-VG1-GC#66/sub-VG1-GC#66_ses-2023-08-23-task-day3_widefield+behavior/sub-VG1-GC#66_ses-2023-08-23-task-day3_eye-camera.mp4	4986815309	192	30	8
sub-VG1-GC#48/sub-VG1-GC#48_ses-2023-09-12-sensory-stim-day16_widefield.nwb	152463540276	13209	110	80
sub-VG1-GC#99/sub-VG1-GC#99_ses-2024-01-29-task-day4_widefield+behavior/sub-VG1-GC#99_ses-2024-01-29-task-day4_body-camera.mp4	8092563378	336	23	9
sub-VG1-GC#124/sub-VG1-GC#124_ses-2024-01-18-task-day3_widefield+behavior/sub-VG1-GC#124_ses-2024-01-18-task-day3_face-camera.mp4	12758427095	518	22	9
sub-VG1-GC#78/sub-VG1-GC#78_ses-2023-11-27-task-day9_widefield+behavior/sub-VG1-GC#78_ses-2023-11-27-task-day9_body-camera.mp4	8164903802	334	31	7
sub-VG1-GC#117/sub-VG1-GC#117_ses-2024-04-25-task-day8_widefield+behavior/sub-VG1-GC#117_ses-2024-04-25-task-day8_face-camera.mp4	13171183437	509	18	7
sub-VG1-GC#52/sub-VG1-GC#52_ses-2023-06-21-task-day5_widefield+behavior.nwb	284264456893	30591	120	89
sub-VG1-GC#127/sub-VG1-GC#127_ses-2024-04-17-task-day2_widefield+behavior/sub-VG1-GC#127_ses-2024-04-17-task-day2_face-camera.mp4	13416693383	515	19	9
sub-VG1-GC#73/sub-VG1-GC#73_ses-2023-08-28-task-day6_widefield+behavior.nwb	222678391554	27826	98	79
sub-VG1-GC#53/sub-VG1-GC#53_ses-2023-07-04-task-day14_widefield+behavior.nwb	278786185911	29216	105	83
sub-VG1-GC#63/sub-VG1-GC#63_ses-2023-08-30-task-day8_widefield+behavior/sub-VG1-GC#63_ses-2023-08-30-task-day8_body-camera.mp4	8852136903	333	29	7
sub-VG1-GC#48/sub-VG1-GC#48_ses-2023-09-01-task-day10_widefield+behavior/sub-VG1-GC#48_ses-2023-09-01-task-day10_body-camera.mp4	12332203763	333	30	7
sub-VG1-GC#117/sub-VG1-GC#117_ses-2024-05-10-sensory-stim-day16_widefield.nwb	87504801203	9978	90	71
sub-VG1-GC#66/sub-VG1-GC#66_ses-2023-08-23-task-day3_widefield+behavior/sub-VG1-GC#66_ses-2023-08-23-task-day3_body-camera.mp4	8321240377	335	31	7
sub-VG1-GC#127/sub-VG1-GC#127_ses-2024-04-30-task-day10_widefield+behavior/sub-VG1-GC#127_ses-2024-04-30-task-day10_eye-camera.mp4	4224413479	184	23	9
sub-VG1-GC#66/sub-VG1-GC#66_ses-2023-08-24-task-day4_widefield+behavior/sub-VG1-GC#66_ses-2023-08-24-task-day4_face-camera.mp4	14808519597	531	33	8
sub-VG1-GC#117/sub-VG1-GC#117_ses-2024-05-01-task-day11_widefield+behavior/sub-VG1-GC#117_ses-2024-05-01-task-day11_face-camera.mp4	11895277039	521	27	8
sub-VG1-GC#105/sub-VG1-GC#105_ses-2024-02-15-resting-state-day15_widefield+behavior.nwb	108503992317	19380	93	73
sub-VG1-GC#73/sub-VG1-GC#73_ses-2023-08-28-task-day6_widefield+behavior/sub-VG1-GC#73_ses-2023-08-28-task-day6_eye-camera.mp4	6318597735	198	29	8
sub-VG1-GC#66/sub-VG1-GC#66_ses-2023-08-30-task-day8_widefield+behavior.nwb	243179659664	27419	112	78
sub-VG1-GC#116/sub-VG1-GC#116_ses-2024-01-31-task-day12_widefield+behavior/sub-VG1-GC#116_ses-2024-01-31-task-day12_eye-camera.mp4	6709936949	206	31	9
sub-VG1-GC#109/sub-VG1-GC#109_ses-2024-01-18-task-day3_widefield+behavior.nwb	217477852649	28780	106	82
sub-VG1-GC#119/sub-VG1-GC#119_ses-2024-03-21-task-day9_widefield+behavior/sub-VG1-GC#119_ses-2024-03-21-task-day9_eye-camera.mp4	4944977267	192	32	8
sub-VG1-GC#66/sub-VG1-GC#66_ses-2023-08-18-resting-state-day0_widefield+behavior/sub-VG1-GC#66_ses-2023-08-18-resting-state-day0_body-camera.mp4	3733606138	142	29	7
sub-VG1-GC#119/sub-VG1-GC#119_ses-2024-03-27-task-day13_widefield+behavior/sub-VG1-GC#119_ses-2024-03-27-task-day13_eye-camera.mp4	4939166620	196	36	8
sub-VG1-GC#52/sub-VG1-GC#52_ses-2023-06-27-task-day9_widefield+behavior/sub-VG1-GC#52_ses-2023-06-27-task-day9_body-camera.mp4	10710212154	335	31	7
sub-VG1-GC#48/sub-VG1-GC#48_ses-2023-08-18-resting-state-day0_widefield+behavior.nwb	130704038096	37748	153	102
sub-VG1-GC#125/sub-VG1-GC#125_ses-2024-05-02-task-day10_widefield+behavior.nwb	229087465260	27659	101	80
sub-VG1-GC#117/sub-VG1-GC#117_ses-2024-04-17-task-day2_widefield+behavior/sub-VG1-GC#117_ses-2024-04-17-task-day2_body-camera.mp4	8879623395	342	20	9
sub-VG1-GC#99/sub-VG1-GC#99_ses-2024-02-07-task-day10_widefield+behavior/sub-VG1-GC#99_ses-2024-02-07-task-day10_body-camera.mp4	7427378814	326	19	9
sub-VG1-GC#60/sub-VG1-GC#60_ses-2023-06-15-task-day1_widefield+behavior/sub-VG1-GC#60_ses-2023-06-15-task-day1_body-camera.mp4	14460887478	519	22	8
sub-VG1-GC#109/sub-VG1-GC#109_ses-2024-01-16-resting-state-day1_widefield+behavior/sub-VG1-GC#109_ses-2024-01-16-resting-state-day1_body-camera.mp4	3507709188	159	38	10
sub-VG1-GC#60/sub-VG1-GC#60_ses-2023-07-05-task-day15_widefield+behavior/sub-VG1-GC#60_ses-2023-07-05-task-day15_eye-camera.mp4	4968511057	192	29	8
sub-VG1-GC#63/sub-VG1-GC#63_ses-2023-08-22-task-day2_widefield+behavior.nwb	265283698417	26847	100	78
sub-VG1-GC#130/sub-VG1-GC#130_ses-2024-04-24-resting-state-day7_widefield+behavior/sub-VG1-GC#130_ses-2024-04-24-resting-state-day7_face-camera.mp4	5013843739	201	24	8
sub-VG1-GC#127/sub-VG1-GC#127_ses-2024-04-16-resting-state-day1_widefield+behavior.nwb	81590791352	18756	91	68
sub-VG1-GC#78/sub-VG1-GC#78_ses-2023-11-21-task-day6_widefield+behavior/sub-VG1-GC#78_ses-2023-11-21-task-day6_eye-camera.mp4	4855000551	185	23	9
sub-VG1-GC#54/sub-VG1-GC#54_ses-2023-07-05-task-day15_widefield+behavior.nwb	313346110310	30159	110	89
sub-VG1-GC#109/sub-VG1-GC#109_ses-2024-01-29-task-day10_widefield+behavior.nwb	218986718011	28999	113	81
sub-VG1-GC#51/sub-VG1-GC#51_ses-2023-06-20-task-day4_widefield+behavior/sub-VG1-GC#51_ses-2023-06-20-task-day4_eye-camera.mp4	7124815314	192	30	9
sub-VG1-GC#66/sub-VG1-GC#66_ses-2023-09-08-resting-state-day15_widefield+behavior/sub-VG1-GC#66_ses-2023-09-08-resting-state-day15_face-camera.mp4	5572083491	203	25	7
sub-VG1-GC#51/sub-VG1-GC#51_ses-2023-06-29-task-day11_widefield+behavior/sub-VG1-GC#51_ses-2023-06-29-task-day11_face-camera.mp4	19383679898	528	33	7
sub-VG1-GC#127/sub-VG1-GC#127_ses-2024-04-30-task-day10_widefield+behavior/sub-VG1-GC#127_ses-2024-04-30-task-day10_face-camera.mp4	13158513923	515	23	7
sub-VG1-GC#54/sub-VG1-GC#54_ses-2023-06-15-task-day1_widefield+behavior/sub-VG1-GC#54_ses-2023-06-15-task-day1_face-camera.mp4	16237376349	520	23	7
sub-VG1-GC#48/sub-VG1-GC#48_ses-2023-08-29-task-day7_widefield+behavior/sub-VG1-GC#48_ses-2023-08-29-task-day7_eye-camera.mp4	7120319454	197	37	8
sub-VG1-GC#119/sub-VG1-GC#119_ses-2024-03-07-task-day1_widefield+behavior/sub-VG1-GC#119_ses-2024-03-07-task-day1_face-camera.mp4	14933723371	531	30	7
sub-VG1-GC#105/sub-VG1-GC#105_ses-2024-02-01-task-day7_widefield+behavior/sub-VG1-GC#105_ses-2024-02-01-task-day7_body-camera.mp4	9754645117	329	27	7
sub-VG1-GC#61/sub-VG1-GC#61_ses-2023-07-05-task-day15_widefield+behavior/sub-VG1-GC#61_ses-2023-07-05-task-day15_face-camera.mp4	15097943102	532	19	7
sub-VG1-GC#53/sub-VG1-GC#53_ses-2023-07-03-task-day13_widefield+behavior/sub-VG1-GC#53_ses-2023-07-03-task-day13_eye-camera.mp4	5206341145	182	25	8
sub-VG1-GC#73/sub-VG1-GC#73_ses-2023-08-31-task-day9_widefield+behavior/sub-VG1-GC#73_ses-2023-08-31-task-day9_face-camera.mp4	14764032113	524	27	7
sub-VG1-GC#130/sub-VG1-GC#130_ses-2024-05-07-task-day13_widefield+behavior/sub-VG1-GC#130_ses-2024-05-07-task-day13_eye-camera.mp4	4528313188	189	27	8
sub-VG1-GC#87/sub-VG1-GC#87_ses-2023-11-02-task-day8_widefield+behavior.nwb	235609808406	28101	116	80
sub-VG1-GC#51/sub-VG1-GC#51_ses-2023-06-15-task-day1_widefield+behavior/sub-VG1-GC#51_ses-2023-06-15-task-day1_body-camera.mp4	22462479948	543	37	9
sub-VG1-GC#87/sub-VG1-GC#87_ses-2023-10-27-task-day4_widefield+behavior/sub-VG1-GC#87_ses-2023-10-27-task-day4_face-camera.mp4	13786579404	518	24	7
sub-VG1-GC#117/sub-VG1-GC#117_ses-2024-04-24-task-day7_widefield+behavior/sub-VG1-GC#117_ses-2024-04-24-task-day7_face-camera.mp4	14528386530	547	27	8
sub-VG1-GC#117/sub-VG1-GC#117_ses-2024-04-15-resting-state-day0_widefield+behavior/sub-VG1-GC#117_ses-2024-04-15-resting-state-day0_body-camera.mp4	2949446732	143	30	8
sub-VG1-GC#51/sub-VG1-GC#51_ses-2023-06-26-task-day8_widefield+behavior/sub-VG1-GC#51_ses-2023-06-26-task-day8_face-camera.mp4	20711854988	525	29	7
sub-VG1-GC#48/sub-VG1-GC#48_ses-2023-08-31-task-day9_widefield+behavior.nwb	303351832375	30396	115	84
sub-VG1-GC#130/sub-VG1-GC#130_ses-2024-04-19-task-day4_widefield+behavior/sub-VG1-GC#130_ses-2024-04-19-task-day4_body-camera.mp4	7997736642	332	30	7
sub-VG1-GC#119/sub-VG1-GC#119_ses-2024-03-08-task-day2_widefield+behavior/sub-VG1-GC#119_ses-2024-03-08-task-day2_body-camera.mp4	10691704862	377	28	8
sub-VG1-GC#66/sub-VG1-GC#66_ses-2023-09-04-task-day11_widefield+behavior/sub-VG1-GC#66_ses-2023-09-04-task-day11_body-camera.mp4	9653880072	348	27	8
sub-VG1-GC#63/sub-VG1-GC#63_ses-2023-08-30-task-day8_widefield+behavior.nwb	245261223655	28810	105	82
sub-VG1-GC#53/sub-VG1-GC#53_ses-2023-06-26-task-day8_widefield+behavior.nwb	286089765655	30703	114	89
sub-VG1-GC#117/sub-VG1-GC#117_ses-2024-04-16-resting-state-day1_widefield+behavior.nwb	81417731638	19896	89	70
sub-VG1-GC#105/sub-VG1-GC#105_ses-2024-02-07-task-day10_widefield+behavior/sub-VG1-GC#105_ses-2024-02-07-task-day10_body-camera.mp4	10038483745	339	29	7
sub-VG1-GC#53/sub-VG1-GC#53_ses-2023-06-21-task-day5_widefield+behavior/sub-VG1-GC#53_ses-2023-06-21-task-day5_face-camera.mp4	19013857434	555	31	8
sub-VG1-GC#109/sub-VG1-GC#109_ses-2024-02-05-resting-state-day15_widefield+behavior.nwb	98272811506	19047	108	71
sub-VG1-GC#63/sub-VG1-GC#63_ses-2023-09-04-task-day11_widefield+behavior/sub-VG1-GC#63_ses-2023-09-04-task-day11_face-camera.mp4	14748486272	532	25	7
sub-VG1-GC#63/sub-VG1-GC#63_ses-2023-08-29-resting-state-day7_widefield+behavior/sub-VG1-GC#63_ses-2023-08-29-resting-state-day7_body-camera.mp4	3474905900	141	26	8
sub-VG1-GC#99/sub-VG1-GC#99_ses-2024-02-15-resting-state-day15_widefield+behavior/sub-VG1-GC#99_ses-2024-02-15-resting-state-day15_body-camera.mp4	2797874808	134	22	8
sub-VG1-GC#60/sub-VG1-GC#60_ses-2023-06-27-task-day9_widefield+behavior/sub-VG1-GC#60_ses-2023-06-27-task-day9_eye-camera.mp4	4364725841	183	24	9
sub-VG1-GC#129/sub-VG1-GC#129_ses-2024-03-29-task-day15_widefield+behavior/sub-VG1-GC#129_ses-2024-03-29-task-day15_eye-camera.mp4	3845823502	186	26	8
sub-VG1-GC#122/sub-VG1-GC#122_ses-2024-04-01-sensory-stim-day16_widefield.nwb	95018181283	10174	98	70
sub-VG1-GC#53/sub-VG1-GC#53_ses-2023-06-23-task-day7_widefield+behavior.nwb	319976048923	29716	113	83
sub-VG1-GC#119/sub-VG1-GC#119_ses-2024-03-18-task-day7_widefield+behavior/sub-VG1-GC#119_ses-2024-03-18-task-day7_face-camera.mp4	12425189911	524	32	7
sub-VG1-GC#125/sub-VG1-GC#125_ses-2024-05-08-task-day12_widefield+behavior/sub-VG1-GC#125_ses-2024-05-08-task-day12_face-camera.mp4	11749310335	515	23	7
sub-VG1-GC#109/sub-VG1-GC#109_ses-2024-01-16-task-day1_widefield+behavior/sub-VG1-GC#109_ses-2024-01-16-task-day1_eye-camera.mp4	4402734217	199	34	8
sub-VG1-GC#48/sub-VG1-GC#48_ses-2023-08-21-resting-state-day1_widefield+behavior/sub-VG1-GC#48_ses-2023-08-21-resting-state-day1_eye-camera.mp4	2747135610	101	35	8
sub-VG1-GC#119/sub-VG1-GC#119_ses-2024-03-27-task-day13_widefield+behavior/sub-VG1-GC#119_ses-2024-03-27-task-day13_face-camera.mp4	13268581710	523	28	8
sub-VG1-GC#109/sub-VG1-GC#109_ses-2024-01-31-task-day12_widefield+behavior/sub-VG1-GC#109_ses-2024-01-31-task-day12_body-camera.mp4	8065444202	334	31	8
sub-VG1-GC#85/sub-VG1-GC#85_ses-2023-11-17-task-day9_widefield+behavior.nwb	230336084759	26378	105	75
sub-VG1-GC#61/sub-VG1-GC#61_ses-2023-06-23-resting-state-day7_widefield+behavior.nwb	109976762754	18618	92	67
sub-VG1-GC#52/sub-VG1-GC#52_ses-2023-07-03-task-day13_widefield+behavior.nwb	244274334088	29289	113	81
sub-VG1-GC#87/sub-VG1-GC#87_ses-2023-11-01-task-day7_widefield+behavior.nwb	239290101642	27277	118	80
sub-VG1-GC#99/sub-VG1-GC#99_ses-2024-02-09-task-day12_widefield+behavior.nwb	173113383438	27034	105	80
sub-VG1-GC#60/sub-VG1-GC#60_ses-2023-06-30-task-day12_widefield+behavior/sub-VG1-GC#60_ses-2023-06-30-task-day12_body-camera.mp4	7329985525	327	23	7
sub-VG1-GC#48/sub-VG1-GC#48_ses-2023-08-21-task-day1_widefield+behavior/sub-VG1-GC#48_ses-2023-08-21-task-day1_face-camera.mp4	19748860684	520	26	7
sub-VG1-GC#78/sub-VG1-GC#78_ses-2023-11-22-resting-state-day7_widefield+behavior/sub-VG1-GC#78_ses-2023-11-22-resting-state-day7_eye-camera.mp4	1876549413	91	25	8
sub-VG1-GC#73/sub-VG1-GC#73_ses-2023-09-06-task-day13_widefield+behavior/sub-VG1-GC#73_ses-2023-09-06-task-day13_body-camera.mp4	7692781494	339	31	7
sub-VG1-GC#61/sub-VG1-GC#61_ses-2023-07-04-task-day14_widefield+behavior/sub-VG1-GC#61_ses-2023-07-04-task-day14_face-camera.mp4	11933062046	520	23	7
sub-VG1-GC#124/sub-VG1-GC#124_ses-2024-01-22-task-day5_widefield+behavior/sub-VG1-GC#124_ses-2024-01-22-task-day5_eye-camera.mp4	4582546846	188	24	8
sub-VG1-GC#60/sub-VG1-GC#60_ses-2023-06-28-task-day10_widefield+behavior.nwb	226538966927	29651	108	78
sub-VG1-GC#124/sub-VG1-GC#124_ses-2024-01-29-task-day10_widefield+behavior/sub-VG1-GC#124_ses-2024-01-29-task-day10_eye-camera.mp4	4504157978	190	27	9
sub-VG1-GC#129/sub-VG1-GC#129_ses-2024-03-29-task-day15_widefield+behavior.nwb	215101151214	27149	114	88
sub-VG1-GC#109/sub-VG1-GC#109_ses-2024-01-31-task-day12_widefield+behavior/sub-VG1-GC#109_ses-2024-01-31-task-day12_face-camera.mp4	12357732031	527	33	8
sub-VG1-GC#48/sub-VG1-GC#48_ses-2023-08-21-resting-state-day1_widefield+behavior/sub-VG1-GC#48_ses-2023-08-21-resting-state-day1_body-camera.mp4	4945936503	146	33	7
sub-VG1-GC#105/sub-VG1-GC#105_ses-2024-02-01-task-day7_widefield+behavior/sub-VG1-GC#105_ses-2024-02-01-task-day7_eye-camera.mp4	4929063646	188	28	8
sub-VG1-GC#52/sub-VG1-GC#52_ses-2023-06-28-task-day10_widefield+behavior/sub-VG1-GC#52_ses-2023-06-28-task-day10_body-camera.mp4	9703579690	333	29	7
sub-VG1-GC#116/sub-VG1-GC#116_ses-2024-01-25-task-day8_widefield+behavior/sub-VG1-GC#116_ses-2024-01-25-task-day8_body-camera.mp4	8081675415	335	31	8
sub-VG1-GC#105/sub-VG1-GC#105_ses-2024-01-24-resting-state-day1_widefield+behavior/sub-VG1-GC#105_ses-2024-01-24-resting-state-day1_body-camera.mp4	5927217387	191	37	18
sub-VG1-GC#125/sub-VG1-GC#125_ses-2024-04-18-resting-state-day1_widefield+behavior/sub-VG1-GC#125_ses-2024-04-18-resting-state-day1_eye-camera.mp4	1796251315	96	30	8
sub-VG1-GC#48/sub-VG1-GC#48_ses-2023-09-08-task-day15_widefield+behavior.nwb	296113919147	30775	122	90
sub-VG1-GC#78/sub-VG1-GC#78_ses-2023-11-13-resting-state-day0_widefield+behavior/sub-VG1-GC#78_ses-2023-11-13-resting-state-day0_eye-camera.mp4	1745874055	93	27	8
sub-VG1-GC#53/sub-VG1-GC#53_ses-2023-06-14-resting-state-day0_widefield+behavior/sub-VG1-GC#53_ses-2023-06-14-resting-state-day0_face-camera.mp4	5277518518	209	25	8
sub-VG1-GC#51/sub-VG1-GC#51_ses-2023-06-30-task-day12_widefield+behavior/sub-VG1-GC#51_ses-2023-06-30-task-day12_face-camera.mp4	18242210126	531	29	7
sub-VG1-GC#130/sub-VG1-GC#130_ses-2024-04-19-task-day4_widefield+behavior.nwb	172031913570	28202	104	80
sub-VG1-GC#87/sub-VG1-GC#87_ses-2023-10-27-task-day4_widefield+behavior.nwb	216825148076	28922	118	81
sub-VG1-GC#125/sub-VG1-GC#125_ses-2024-05-02-task-day10_widefield+behavior/sub-VG1-GC#125_ses-2024-05-02-task-day10_eye-camera.mp4	4454779722	190	21	9
sub-VG1-GC#53/sub-VG1-GC#53_ses-2023-06-30-task-day12_widefield+behavior/sub-VG1-GC#53_ses-2023-06-30-task-day12_body-camera.mp4	9787642662	329	26	7
sub-VG1-GC#99/sub-VG1-GC#99_ses-2024-01-26-task-day3_widefield+behavior.nwb	159316821483	25896	100	77
sub-VG1-GC#130/sub-VG1-GC#130_ses-2024-04-30-task-day10_widefield+behavior/sub-VG1-GC#130_ses-2024-04-30-task-day10_face-camera.mp4	11822218157	529	25	8
sub-VG1-GC#48/sub-VG1-GC#48_ses-2023-08-30-task-day8_widefield+behavior.nwb	240573476865	32303	122	90
sub-VG1-GC#53/sub-VG1-GC#53_ses-2023-07-03-task-day13_widefield+behavior.nwb	224651850628	29709	108	83
sub-VG1-GC#109/sub-VG1-GC#109_ses-2024-01-24-resting-state-day7_widefield+behavior.nwb	86700352060	21297	104	71
sub-VG1-GC#61/sub-VG1-GC#61_ses-2023-06-26-task-day8_widefield+behavior/sub-VG1-GC#61_ses-2023-06-26-task-day8_body-camera.mp4	8009046832	329	25	7
sub-VG1-GC#54/sub-VG1-GC#54_ses-2023-06-19-task-day3_widefield+behavior/sub-VG1-GC#54_ses-2023-06-19-task-day3_face-camera.mp4	12309355378	519	22	7
sub-VG1-GC#127/sub-VG1-GC#127_ses-2024-05-07-task-day13_widefield+behavior/sub-VG1-GC#127_ses-2024-05-07-task-day13_body-camera.mp4	7094513475	321	20	7
sub-VG1-GC#129/sub-VG1-GC#129_ses-2024-03-07-resting-state-day1_widefield+behavior/sub-VG1-GC#129_ses-2024-03-07-resting-state-day1_body-camera.mp4	2756514484	131	21	7
sub-VG1-GC#52/sub-VG1-GC#52_ses-2023-06-15-task-day1_widefield+behavior/sub-VG1-GC#52_ses-2023-06-15-task-day1_face-camera.mp4	16457757297	531	27	8
sub-VG1-GC#73/sub-VG1-GC#73_ses-2023-08-29-task-day7_widefield+behavior/sub-VG1-GC#73_ses-2023-08-29-task-day7_eye-camera.mp4	4607786041	201	40	8
sub-VG1-GC#127/sub-VG1-GC#127_ses-2024-04-17-task-day2_widefield+behavior.nwb	214864612931	27665	115	79
sub-VG1-GC#53/sub-VG1-GC#53_ses-2023-06-26-task-day8_widefield+behavior/sub-VG1-GC#53_ses-2023-06-26-task-day8_face-camera.mp4	16181511588	518	22	7
sub-VG1-GC#99/sub-VG1-GC#99_ses-2024-01-30-task-day5_widefield+behavior/sub-VG1-GC#99_ses-2024-01-30-task-day5_eye-camera.mp4	3683061245	183	21	9
sub-VG1-GC#66/sub-VG1-GC#66_ses-2023-08-28-task-day6_widefield+behavior/sub-VG1-GC#66_ses-2023-08-28-task-day6_face-camera.mp4	11938557663	536	36	7
sub-VG1-GC#122/sub-VG1-GC#122_ses-2024-03-25-task-day11_widefield+behavior.nwb	168195904249	27689	104	80
sub-VG1-GC#54/sub-VG1-GC#54_ses-2023-06-15-resting-state-day1_widefield+behavior/sub-VG1-GC#54_ses-2023-06-15-resting-state-day1_face-camera.mp4	6626967762	219	24	8
sub-VG1-GC#105/sub-VG1-GC#105_ses-2024-02-06-task-day9_widefield+behavior/sub-VG1-GC#105_ses-2024-02-06-task-day9_body-camera.mp4	8893119497	332	30	7
sub-VG1-GC#130/sub-VG1-GC#130_ses-2024-04-25-task-day8_widefield+behavior/sub-VG1-GC#130_ses-2024-04-25-task-day8_body-camera.mp4	7115620675	321	18	8
sub-VG1-GC#105/sub-VG1-GC#105_ses-2024-01-29-task-day4_widefield+behavior/sub-VG1-GC#105_ses-2024-01-29-task-day4_eye-camera.mp4	5124295117	195	30	8
sub-VG1-GC#48/sub-VG1-GC#48_ses-2023-09-04-task-day11_widefield+behavior.nwb	252241451191	29891	113	83
sub-VG1-GC#124/sub-VG1-GC#124_ses-2024-01-19-task-day4_widefield+behavior.nwb	166205959650	27329	103	77
sub-VG1-GC#117/sub-VG1-GC#117_ses-2024-04-26-task-day9_widefield+behavior/sub-VG1-GC#117_ses-2024-04-26-task-day9_eye-camera.mp4	3680331458	189	29	8
sub-VG1-GC#105/sub-VG1-GC#105_ses-2024-01-26-task-day3_widefield.nwb	261970849677	18094	112	84
sub-VG1-GC#124/sub-VG1-GC#124_ses-2024-02-05-resting-state-day15_widefield+behavior/sub-VG1-GC#124_ses-2024-02-05-resting-state-day15_body-camera.mp4	3144954471	141	27	8
sub-VG1-GC#61/sub-VG1-GC#61_ses-2023-06-26-task-day8_widefield+behavior.nwb	204333072673	28605	103	82
sub-VG1-GC#78/sub-VG1-GC#78_ses-2023-11-15-task-day2_widefield+behavior/sub-VG1-GC#78_ses-2023-11-15-task-day2_body-camera.mp4	8190151680	339	33	7
sub-VG1-GC#122/sub-VG1-GC#122_ses-2024-03-26-task-day12_widefield+behavior/sub-VG1-GC#122_ses-2024-03-26-task-day12_face-camera.mp4	11462377816	519	26	7
sub-VG1-GC#124/sub-VG1-GC#124_ses-2024-01-26-task-day9_widefield+behavior/sub-VG1-GC#124_ses-2024-01-26-task-day9_face-camera.mp4	13001627331	528	30	9
sub-VG1-GC#48/sub-VG1-GC#48_ses-2023-09-01-task-day10_widefield+behavior.nwb	262581493839	29381	115	81
sub-VG1-GC#105/sub-VG1-GC#105_ses-2024-02-02-task-day8_widefield+behavior/sub-VG1-GC#105_ses-2024-02-02-task-day8_face-camera.mp4	14710725557	518	25	7
sub-VG1-GC#54/sub-VG1-GC#54_ses-2023-06-26-task-day8_widefield+behavior/sub-VG1-GC#54_ses-2023-06-26-task-day8_eye-camera.mp4	4359716803	183	24	9
sub-VG1-GC#48/sub-VG1-GC#48_ses-2023-09-08-task-day15_widefield+behavior/sub-VG1-GC#48_ses-2023-09-08-task-day15_body-camera.mp4	10677832599	330	27	7
sub-VG1-GC#130/sub-VG1-GC#130_ses-2024-05-07-task-day13_widefield+behavior/sub-VG1-GC#130_ses-2024-05-07-task-day13_face-camera.mp4	11771694878	535	24	9
sub-VG1-GC#109/sub-VG1-GC#109_ses-2024-01-24-resting-state-day7_widefield+behavior/sub-VG1-GC#109_ses-2024-01-24-resting-state-day7_body-camera.mp4	3088823875	138	26	7
sub-VG1-GC#51/sub-VG1-GC#51_ses-2023-06-15-resting-state-day1_widefield+behavior/sub-VG1-GC#51_ses-2023-06-15-resting-state-day1_face-camera.mp4	9016262663	217	34	10
sub-VG1-GC#85/sub-VG1-GC#85_ses-2023-11-24-task-day13_widefield+behavior/sub-VG1-GC#85_ses-2023-11-24-task-day13_eye-camera.mp4	4531872599	186	22	8
sub-VG1-GC#87/sub-VG1-GC#87_ses-2023-10-25-task-day2_widefield+behavior.nwb	229556141222	27116	119	77
sub-VG1-GC#54/sub-VG1-GC#54_ses-2023-06-20-task-day4_widefield+behavior/sub-VG1-GC#54_ses-2023-06-20-task-day4_face-camera.mp4	11957255682	518	21	7
sub-VG1-GC#85/sub-VG1-GC#85_ses-2023-11-17-task-day9_widefield+behavior/sub-VG1-GC#85_ses-2023-11-17-task-day9_body-camera.mp4	8084188745	328	23	8
sub-VG1-GC#63/sub-VG1-GC#63_ses-2023-09-01-task-day10_widefield+behavior/sub-VG1-GC#63_ses-2023-09-01-task-day10_eye-camera.mp4	4974747868	199	27	9
sub-VG1-GC#48/sub-VG1-GC#48_ses-2023-09-05-task-day12_widefield+behavior/sub-VG1-GC#48_ses-2023-09-05-task-day12_eye-camera.mp4	6186780096	199	30	9
sub-VG1-GC#122/sub-VG1-GC#122_ses-2024-03-18-resting-state-day7_widefield+behavior/sub-VG1-GC#122_ses-2024-03-18-resting-state-day7_face-camera.mp4	4003527391	195	20	7
sub-VG1-GC#63/sub-VG1-GC#63_ses-2023-09-07-task-day14_widefield+behavior/sub-VG1-GC#63_ses-2023-09-07-task-day14_face-camera.mp4	12417335138	520	24	7
sub-VG1-GC#122/sub-VG1-GC#122_ses-2024-03-29-task-day15_widefield+behavior/sub-VG1-GC#122_ses-2024-03-29-task-day15_eye-camera.mp4	4048794083	185	25	8
sub-VG1-GC#99/sub-VG1-GC#99_ses-2024-02-08-task-day11_widefield+behavior/sub-VG1-GC#99_ses-2024-02-08-task-day11_body-camera.mp4	6501520868	330	22	9
sub-VG1-GC#129/sub-VG1-GC#129_ses-2024-03-13-task-day4_widefield+behavior.nwb	168977244311	28598	105	83
sub-VG1-GC#60/sub-VG1-GC#60_ses-2023-07-04-task-day14_widefield+behavior/sub-VG1-GC#60_ses-2023-07-04-task-day14_face-camera.mp4	12583942138	516	21	7
sub-VG1-GC#119/sub-VG1-GC#119_ses-2024-03-18-resting-state-day7_widefield+behavior/sub-VG1-GC#119_ses-2024-03-18-resting-state-day7_eye-camera.mp4	1850121650	88	23	8
sub-VG1-GC#51/sub-VG1-GC#51_ses-2023-07-11-sensory-stim-day16_widefield.nwb	111883238702	5729	95	67
sub-VG1-GC#48/sub-VG1-GC#48_ses-2023-08-22-task-day2_widefield+behavior/sub-VG1-GC#48_ses-2023-08-22-task-day2_eye-camera.mp4	6669001004	191	31	8
sub-VG1-GC#117/sub-VG1-GC#117_ses-2024-04-23-task-day6_widefield+behavior/sub-VG1-GC#117_ses-2024-04-23-task-day6_eye-camera.mp4	4095953989	188	26	9
sub-VG1-GC#127/sub-VG1-GC#127_ses-2024-04-18-task-day3_widefield+behavior/sub-VG1-GC#127_ses-2024-04-18-task-day3_eye-camera.mp4	4103856240	195	32	9
sub-VG1-GC#87/sub-VG1-GC#87_ses-2023-11-09-task-day12_widefield+behavior/sub-VG1-GC#87_ses-2023-11-09-task-day12_body-camera.mp4	8012988007	331	28	7
sub-VG1-GC#54/sub-VG1-GC#54_ses-2023-06-16-task-day2_widefield+behavior/sub-VG1-GC#54_ses-2023-06-16-task-day2_body-camera.mp4	14410684698	529	21	8
sub-VG1-GC#99/sub-VG1-GC#99_ses-2024-01-24-task-day1_widefield+behavior/sub-VG1-GC#99_ses-2024-01-24-task-day1_eye-camera.mp4	4479630315	185	22	9
sub-VG1-GC#52/sub-VG1-GC#52_ses-2023-06-16-task-day2_widefield+behavior.nwb	326352287359	31825	121	89
sub-VG1-GC#54/sub-VG1-GC#54_ses-2023-06-28-task-day10_widefield+behavior/sub-VG1-GC#54_ses-2023-06-28-task-day10_body-camera.mp4	8033156109	331	27	7
sub-VG1-GC#48/sub-VG1-GC#48_ses-2023-08-30-task-day8_widefield+behavior/sub-VG1-GC#48_ses-2023-08-30-task-day8_body-camera.mp4	11747309700	338	29	7
sub-VG1-GC#48/sub-VG1-GC#48_ses-2023-09-14-sensory-stim-day17_widefield.nwb	109624134578	6045	100	68
sub-VG1-GC#127/sub-VG1-GC#127_ses-2024-05-09-resting-state-day15_widefield+behavior/sub-VG1-GC#127_ses-2024-05-09-resting-state-day15_face-camera.mp4	4493941776	195	19	7
sub-VG1-GC#61/sub-VG1-GC#61_ses-2023-06-27-task-day9_widefield+behavior.nwb	252689138474	28370	99	77
sub-VG1-GC#87/sub-VG1-GC#87_ses-2023-11-06-task-day9_widefield+behavior/sub-VG1-GC#87_ses-2023-11-06-task-day9_eye-camera.mp4	4436303829	185	24	8
sub-VG1-GC#63/sub-VG1-GC#63_ses-2023-08-29-task-day7_widefield+behavior.nwb	255918733279	27004	116	81
sub-VG1-GC#105/sub-VG1-GC#105_ses-2024-02-06-task-day9_widefield+behavior.nwb	256469170819	29535	114	84
sub-VG1-GC#52/sub-VG1-GC#52_ses-2023-06-15-task-day1_widefield+behavior/sub-VG1-GC#52_ses-2023-06-15-task-day1_eye-camera.mp4	5496938757	191	26	8
sub-VG1-GC#53/sub-VG1-GC#53_ses-2023-06-14-resting-state-day0_widefield+behavior/sub-VG1-GC#53_ses-2023-06-14-resting-state-day0_eye-camera.mp4	1981640433	93	24	8
sub-VG1-GC#53/sub-VG1-GC#53_ses-2023-06-15-resting-state-day1_widefield+behavior/sub-VG1-GC#53_ses-2023-06-15-resting-state-day1_body-camera.mp4	6570536898	206	28	7
sub-VG1-GC#116/sub-VG1-GC#116_ses-2024-01-19-task-day4_widefield+behavior.nwb	180871233781	28885	110	84
sub-VG1-GC#61/sub-VG1-GC#61_ses-2023-06-23-resting-state-day7_widefield+behavior/sub-VG1-GC#61_ses-2023-06-23-resting-state-day7_face-camera.mp4	5651508566	202	22	7
sub-VG1-GC#85/sub-VG1-GC#85_ses-2023-11-16-resting-state-day8_widefield+behavior/sub-VG1-GC#85_ses-2023-11-16-resting-state-day8_eye-camera.mp4	1905531477	94	28	8
sub-VG1-GC#130/sub-VG1-GC#130_ses-2024-04-26-task-day9_widefield+behavior.nwb	201400158542	27242	103	78
sub-VG1-GC#87/sub-VG1-GC#87_ses-2023-10-25-task-day2_widefield+behavior/sub-VG1-GC#87_ses-2023-10-25-task-day2_face-camera.mp4	13456374234	532	24	7
sub-VG1-GC#61/sub-VG1-GC#61_ses-2023-06-28-task-day10_widefield+behavior/sub-VG1-GC#61_ses-2023-06-28-task-day10_eye-camera.mp4	4507193361	192	23	8
sub-VG1-GC#99/sub-VG1-GC#99_ses-2024-01-25-task-day2_widefield+behavior/sub-VG1-GC#99_ses-2024-01-25-task-day2_eye-camera.mp4	5192296096	208	30	9
sub-VG1-GC#116/sub-VG1-GC#116_ses-2024-01-17-task-day2_widefield+behavior.nwb	254780684606	27639	114	84
sub-VG1-GC#124/sub-VG1-GC#124_ses-2024-01-24-resting-state-day7_widefield+behavior/sub-VG1-GC#124_ses-2024-01-24-resting-state-day7_body-camera.mp4	3142769361	147	35	7
sub-VG1-GC#48/sub-VG1-GC#48_ses-2023-08-21-task-day1_widefield+behavior/sub-VG1-GC#48_ses-2023-08-21-task-day1_eye-camera.mp4	6601641142	189	29	8
sub-VG1-GC#66/sub-VG1-GC#66_ses-2023-08-29-task-day7_widefield+behavior/sub-VG1-GC#66_ses-2023-08-29-task-day7_face-camera.mp4	13340015882	520	23	7
sub-VG1-GC#53/sub-VG1-GC#53_ses-2023-06-28-task-day10_widefield+behavior.nwb	249451637375	28950	111	81
sub-VG1-GC#51/sub-VG1-GC#51_ses-2023-07-04-task-day14_widefield+behavior.nwb	281544210747	18283	114	80
sub-VG1-GC#116/sub-VG1-GC#116_ses-2024-01-26-task-day9_widefield+behavior/sub-VG1-GC#116_ses-2024-01-26-task-day9_face-camera.mp4	12817442032	527	32	8
sub-VG1-GC#48/sub-VG1-GC#48_ses-2023-08-28-task-day6_widefield+behavior/sub-VG1-GC#48_ses-2023-08-28-task-day6_face-camera.mp4	21432185737	545	30	9
sub-VG1-GC#53/sub-VG1-GC#53_ses-2023-06-23-resting-state-day7_widefield+behavior/sub-VG1-GC#53_ses-2023-06-23-resting-state-day7_face-camera.mp4	6206218582	214	34	7
sub-VG1-GC#119/sub-VG1-GC#119_ses-2024-03-26-task-day12_widefield+behavior/sub-VG1-GC#119_ses-2024-03-26-task-day12_body-camera.mp4	7148053275	331	30	7
sub-VG1-GC#63/sub-VG1-GC#63_ses-2023-08-30-task-day8_widefield+behavior/sub-VG1-GC#63_ses-2023-08-30-task-day8_eye-camera.mp4	4518649975	190	29	8
sub-VG1-GC#116/sub-VG1-GC#116_ses-2024-01-30-task-day11_widefield+behavior/sub-VG1-GC#116_ses-2024-01-30-task-day11_face-camera.mp4	12075481907	524	30	8
sub-VG1-GC#66/sub-VG1-GC#66_ses-2023-08-25-task-day5_widefield+behavior/sub-VG1-GC#66_ses-2023-08-25-task-day5_body-camera.mp4	8031671117	331	28	7
sub-VG1-GC#73/sub-VG1-GC#73_ses-2023-08-25-task-day5_widefield+behavior/sub-VG1-GC#73_ses-2023-08-25-task-day5_face-camera.mp4	13167999522	530	27	7
sub-VG1-GC#60/sub-VG1-GC#60_ses-2023-06-23-resting-state-day7_widefield+behavior.nwb	109611056101	19031	100	67
sub-VG1-GC#51/sub-VG1-GC#51_ses-2023-06-21-task-day5_widefield+behavior/sub-VG1-GC#51_ses-2023-06-21-task-day5_eye-camera.mp4	6525587341	187	27	9
sub-VG1-GC#117/sub-VG1-GC#117_ses-2024-04-16-task-day1_widefield+behavior/sub-VG1-GC#117_ses-2024-04-16-task-day1_face-camera.mp4	11778659135	517	22	8
sub-VG1-GC#61/sub-VG1-GC#61_ses-2023-06-21-task-day5_widefield+behavior.nwb	208941485547	25641	98	75
sub-VG1-GC#130/sub-VG1-GC#130_ses-2024-04-24-task-day7_widefield+behavior/sub-VG1-GC#130_ses-2024-04-24-task-day7_eye-camera.mp4	4596250968	209	28	9
sub-VG1-GC#116/sub-VG1-GC#116_ses-2024-01-22-task-day5_widefield+behavior/sub-VG1-GC#116_ses-2024-01-22-task-day5_face-camera.mp4	12713683503	522	27	8
sub-VG1-GC#73/sub-VG1-GC#73_ses-2023-09-05-task-day12_widefield+behavior/sub-VG1-GC#73_ses-2023-09-05-task-day12_body-camera.mp4	8090024746	332	26	7
sub-VG1-GC#73/sub-VG1-GC#73_ses-2023-08-28-task-day6_widefield+behavior/sub-VG1-GC#73_ses-2023-08-28-task-day6_body-camera.mp4	8127571393	331	24	7
sub-VG1-GC#48/sub-VG1-GC#48_ses-2023-08-25-task-day5_widefield+behavior.nwb	248958249281	29954	119	83
sub-VG1-GC#54/sub-VG1-GC#54_ses-2023-06-20-task-day4_widefield+behavior/sub-VG1-GC#54_ses-2023-06-20-task-day4_eye-camera.mp4	4372814491	183	24	8
sub-VG1-GC#119/sub-VG1-GC#119_ses-2024-03-27-task-day13_widefield+behavior/sub-VG1-GC#119_ses-2024-03-27-task-day13_body-camera.mp4	7550432759	333	32	7
sub-VG1-GC#66/sub-VG1-GC#66_ses-2023-09-08-resting-state-day15_widefield+behavior.nwb	109169482242	17723	99	66
sub-VG1-GC#73/sub-VG1-GC#73_ses-2023-09-07-task-day14_widefield+behavior/sub-VG1-GC#73_ses-2023-09-07-task-day14_body-camera.mp4	8012519734	322	18	7
sub-VG1-GC#78/sub-VG1-GC#78_ses-2023-11-14-task-day1_widefield+behavior/sub-VG1-GC#78_ses-2023-11-14-task-day1_body-camera.mp4	8023001960	329	26	7
sub-VG1-GC#122/sub-VG1-GC#122_ses-2024-03-28-task-day14_widefield+behavior/sub-VG1-GC#122_ses-2024-03-28-task-day14_face-camera.mp4	12015106435	524	20	7
sub-VG1-GC#53/sub-VG1-GC#53_ses-2023-06-23-task-day7_widefield+behavior/sub-VG1-GC#53_ses-2023-06-23-task-day7_body-camera.mp4	9761452776	326	22	7
sub-VG1-GC#117/sub-VG1-GC#117_ses-2024-05-07-task-day13_widefield+behavior/sub-VG1-GC#117_ses-2024-05-07-task-day13_face-camera.mp4	11103127664	516	23	8
sub-VG1-GC#129/sub-VG1-GC#129_ses-2024-03-12-task-day3_widefield+behavior.nwb	187576285750	29729	102	82
sub-VG1-GC#124/sub-VG1-GC#124_ses-2024-01-16-resting-state-day1_widefield+behavior/sub-VG1-GC#124_ses-2024-01-16-resting-state-day1_body-camera.mp4	3113083955	143	31	7
sub-VG1-GC#117/sub-VG1-GC#117_ses-2024-04-24-resting-state-day7_widefield+behavior/sub-VG1-GC#117_ses-2024-04-24-resting-state-day7_body-camera.mp4	2779606785	135	21	8
sub-VG1-GC#54/sub-VG1-GC#54_ses-2023-06-14-resting-state-day0_widefield+behavior/sub-VG1-GC#54_ses-2023-06-14-resting-state-day0_body-camera.mp4	3199008147	146	18	10
sub-VG1-GC#129/sub-VG1-GC#129_ses-2024-03-29-resting-state-day15_widefield+behavior/sub-VG1-GC#129_ses-2024-03-29-resting-state-day15_eye-camera.mp4	1721683741	91	26	8
sub-VG1-GC#60/sub-VG1-GC#60_ses-2023-07-05-resting-state-day15_widefield+behavior/sub-VG1-GC#60_ses-2023-07-05-resting-state-day15_body-camera.mp4	3709985754	147	24	7
sub-VG1-GC#85/sub-VG1-GC#85_ses-2023-11-13-task-day5_widefield+behavior/sub-VG1-GC#85_ses-2023-11-13-task-day5_eye-camera.mp4	4452555089	188	27	8
sub-VG1-GC#129/sub-VG1-GC#129_ses-2024-03-19-task-day8_widefield.nwb	160283584913	9274	90	66
sub-VG1-GC#124/sub-VG1-GC#124_ses-2024-01-31-task-day12_widefield+behavior/sub-VG1-GC#124_ses-2024-01-31-task-day12_eye-camera.mp4	4556188574	196	31	10
sub-VG1-GC#130/sub-VG1-GC#130_ses-2024-04-17-task-day2_widefield+behavior.nwb	207069932142	28716	107	80
sub-VG1-GC#124/sub-VG1-GC#124_ses-2024-01-23-task-day6_widefield+behavior/sub-VG1-GC#124_ses-2024-01-23-task-day6_face-camera.mp4	12907821979	534	29	9
sub-VG1-GC#117/sub-VG1-GC#117_ses-2024-04-30-task-day10_widefield+behavior/sub-VG1-GC#117_ses-2024-04-30-task-day10_body-camera.mp4	6387559216	324	23	7
sub-VG1-GC#85/sub-VG1-GC#85_ses-2023-11-15-task-day7_widefield+behavior.nwb	228190774863	26927	107	76
sub-VG1-GC#129/sub-VG1-GC#129_ses-2024-03-06-resting-state-day0_widefield+behavior.nwb	59122905192	20963	88	68
sub-VG1-GC#119/sub-VG1-GC#119_ses-2024-03-21-task-day9_widefield+behavior/sub-VG1-GC#119_ses-2024-03-21-task-day9_face-camera.mp4	13350282328	534	41	7
sub-VG1-GC#51/sub-VG1-GC#51_ses-2023-06-19-task-day3_widefield+behavior/sub-VG1-GC#51_ses-2023-06-19-task-day3_face-camera.mp4	20717901471	529	30	9
sub-VG1-GC#105/sub-VG1-GC#105_ses-2024-02-14-task-day14_widefield+behavior/sub-VG1-GC#105_ses-2024-02-14-task-day14_face-camera.mp4	13952482755	520	25	8
sub-VG1-GC#119/sub-VG1-GC#119_ses-2024-03-25-task-day11_widefield+behavior.nwb	181022419872	26993	101	78
sub-VG1-GC#125/sub-VG1-GC#125_ses-2024-04-26-task-day7_widefield+behavior/sub-VG1-GC#125_ses-2024-04-26-task-day7_eye-camera.mp4	4088365571	188	28	8
sub-VG1-GC#73/sub-VG1-GC#73_ses-2023-08-31-task-day9_widefield+behavior/sub-VG1-GC#73_ses-2023-08-31-task-day9_eye-camera.mp4	4465318573	187	26	8
sub-VG1-GC#105/sub-VG1-GC#105_ses-2024-02-01-resting-state-day7_widefield+behavior/sub-VG1-GC#105_ses-2024-02-01-resting-state-day7_body-camera.mp4	3289187798	139	25	8
sub-VG1-GC#61/sub-VG1-GC#61_ses-2023-06-28-task-day10_widefield+behavior/sub-VG1-GC#61_ses-2023-06-28-task-day10_body-camera.mp4	8052005571	328	24	7
sub-VG1-GC#85/sub-VG1-GC#85_ses-2023-11-17-task-day9_widefield+behavior/sub-VG1-GC#85_ses-2023-11-17-task-day9_face-camera.mp4	14785555128	546	20	9
sub-VG1-GC#54/sub-VG1-GC#54_ses-2023-06-30-task-day12_widefield+behavior/sub-VG1-GC#54_ses-2023-06-30-task-day12_eye-camera.mp4	4371934117	185	27	8
sub-VG1-GC#99/sub-VG1-GC#99_ses-2024-01-24-task-day1_widefield+behavior/sub-VG1-GC#99_ses-2024-01-24-task-day1_face-camera.mp4	13280732438	530	21	10
sub-VG1-GC#85/sub-VG1-GC#85_ses-2023-10-27-task-day4_widefield+behavior/sub-VG1-GC#85_ses-2023-10-27-task-day4_face-camera.mp4	12972099378	524	18	8
sub-VG1-GC#122/sub-VG1-GC#122_ses-2024-03-13-task-day4_widefield+behavior/sub-VG1-GC#122_ses-2024-03-13-task-day4_face-camera.mp4	11686064052	521	28	7
sub-VG1-GC#130/sub-VG1-GC#130_ses-2024-04-17-task-day2_widefield+behavior/sub-VG1-GC#130_ses-2024-04-17-task-day2_eye-camera.mp4	4047811438	183	22	9
sub-VG1-GC#87/sub-VG1-GC#87_ses-2023-10-25-task-day2_widefield+behavior/sub-VG1-GC#87_ses-2023-10-25-task-day2_body-camera.mp4	8095823500	336	33	7
sub-VG1-GC#48/sub-VG1-GC#48_ses-2023-08-30-task-day8_widefield+behavior/sub-VG1-GC#48_ses-2023-08-30-task-day8_eye-camera.mp4	6766750145	196	33	8
sub-VG1-GC#78/sub-VG1-GC#78_ses-2023-11-30-task-day12_widefield+behavior/sub-VG1-GC#78_ses-2023-11-30-task-day12_face-camera.mp4	11851769507	517	23	7
sub-VG1-GC#130/sub-VG1-GC#130_ses-2024-04-24-resting-state-day7_widefield+behavior/sub-VG1-GC#130_ses-2024-04-24-resting-state-day7_eye-camera.mp4	1696455051	90	25	8
sub-VG1-GC#51/sub-VG1-GC#51_ses-2023-06-27-task-day9_widefield+behavior/sub-VG1-GC#51_ses-2023-06-27-task-day9_body-camera.mp4	12863865128	346	31	7
sub-VG1-GC#52/sub-VG1-GC#52_ses-2023-07-04-task-day14_widefield+behavior.nwb	297247889993	29088	113	81
sub-VG1-GC#99/sub-VG1-GC#99_ses-2024-02-15-task-day15_widefield+behavior/sub-VG1-GC#99_ses-2024-02-15-task-day15_face-camera.mp4	11030786492	517	19	9
sub-VG1-GC#99/sub-VG1-GC#99_ses-2024-02-15-resting-state-day15_widefield+behavior/sub-VG1-GC#99_ses-2024-02-15-resting-state-day15_eye-camera.mp4	1748350951	91	25	8
sub-VG1-GC#63/sub-VG1-GC#63_ses-2023-08-23-task-day3_widefield+behavior.nwb	225572740435	27761	102	81
sub-VG1-GC#73/sub-VG1-GC#73_ses-2023-08-22-task-day2_widefield+behavior/sub-VG1-GC#73_ses-2023-08-22-task-day2_body-camera.mp4	7493089230	336	24	7
sub-VG1-GC#73/sub-VG1-GC#73_ses-2023-08-29-task-day7_widefield+behavior.nwb	244593846671	27781	108	80
sub-VG1-GC#63/sub-VG1-GC#63_ses-2023-08-30-task-day8_widefield+behavior/sub-VG1-GC#63_ses-2023-08-30-task-day8_face-camera.mp4	12856977366	523	27	7
sub-VG1-GC#117/sub-VG1-GC#117_ses-2024-04-30-task-day10_widefield+behavior.nwb	184864513132	28774	107	84
sub-VG1-GC#51/sub-VG1-GC#51_ses-2023-07-05-task-day15_widefield+behavior/sub-VG1-GC#51_ses-2023-07-05-task-day15_eye-camera.mp4	6499192963	205	38	9
sub-VG1-GC#130/sub-VG1-GC#130_ses-2024-05-02-task-day12_widefield+behavior/sub-VG1-GC#130_ses-2024-05-02-task-day12_body-camera.mp4	7146994119	327	24	8
sub-VG1-GC#87/sub-VG1-GC#87_ses-2023-10-23-resting-state-day0_widefield+behavior.nwb	70292534530	17696	94	67
sub-VG1-GC#117/sub-VG1-GC#117_ses-2024-04-18-task-day3_widefield+behavior/sub-VG1-GC#117_ses-2024-04-18-task-day3_body-camera.mp4	7208235299	333	28	8
sub-VG1-GC#122/sub-VG1-GC#122_ses-2024-03-18-task-day7_widefield+behavior/sub-VG1-GC#122_ses-2024-03-18-task-day7_eye-camera.mp4	4010850881	185	25	8
sub-VG1-GC#85/sub-VG1-GC#85_ses-2023-11-28-task-day15_widefield+behavior/sub-VG1-GC#85_ses-2023-11-28-task-day15_body-camera.mp4	8064025506	329	24	8
sub-VG1-GC#130/sub-VG1-GC#130_ses-2024-04-23-task-day6_widefield+behavior.nwb	190100158907	27328	99	77
sub-VG1-GC#116/sub-VG1-GC#116_ses-2024-01-17-task-day2_widefield+behavior/sub-VG1-GC#116_ses-2024-01-17-task-day2_face-camera.mp4	13331931333	523	26	8
sub-VG1-GC#105/sub-VG1-GC#105_ses-2024-01-29-task-day4_widefield+behavior/sub-VG1-GC#105_ses-2024-01-29-task-day4_body-camera.mp4	9778694507	349	31	10
sub-VG1-GC#51/sub-VG1-GC#51_ses-2023-06-23-task-day7_widefield+behavior/sub-VG1-GC#51_ses-2023-06-23-task-day7_face-camera.mp4	20833999664	540	39	7
sub-VG1-GC#87/sub-VG1-GC#87_ses-2023-11-10-task-day13_widefield+behavior/sub-VG1-GC#87_ses-2023-11-10-task-day13_face-camera.mp4	12483337042	529	22	7
sub-VG1-GC#66/sub-VG1-GC#66_ses-2023-09-06-task-day13_widefield+behavior/sub-VG1-GC#66_ses-2023-09-06-task-day13_eye-camera.mp4	4508489971	193	30	8
sub-VG1-GC#109/sub-VG1-GC#109_ses-2024-01-23-task-day6_widefield+behavior/sub-VG1-GC#109_ses-2024-01-23-task-day6_body-camera.mp4	8064149585	329	25	8
sub-VG1-GC#109/sub-VG1-GC#109_ses-2024-02-05-resting-state-day15_widefield+behavior/sub-VG1-GC#109_ses-2024-02-05-resting-state-day15_body-camera.mp4	3105766667	139	28	8
sub-VG1-GC#85/sub-VG1-GC#85_ses-2023-11-16-task-day8_widefield+behavior/sub-VG1-GC#85_ses-2023-11-16-task-day8_eye-camera.mp4	4524640263	192	29	8
sub-VG1-GC#51/sub-VG1-GC#51_ses-2023-07-04-task-day14_widefield+behavior/sub-VG1-GC#51_ses-2023-07-04-task-day14_face-camera.mp4	19134424739	525	29	7
sub-VG1-GC#48/sub-VG1-GC#48_ses-2023-08-23-task-day3_widefield+behavior/sub-VG1-GC#48_ses-2023-08-23-task-day3_body-camera.mp4	12158670296	336	32	8
sub-VG1-GC#52/sub-VG1-GC#52_ses-2023-06-23-task-day7_widefield+behavior/sub-VG1-GC#52_ses-2023-06-23-task-day7_face-camera.mp4	16222664002	563	32	8
sub-VG1-GC#109/sub-VG1-GC#109_ses-2024-01-22-task-day5_widefield+behavior.nwb	181533958428	29199	117	82
sub-VG1-GC#109/sub-VG1-GC#109_ses-2024-01-23-task-day6_widefield+behavior.nwb	186379939599	28393	108	79
sub-VG1-GC#61/sub-VG1-GC#61_ses-2023-06-14-resting-state-day0_widefield+behavior.nwb	68751863865	18638	84	69
sub-VG1-GC#130/sub-VG1-GC#130_ses-2024-05-02-task-day12_widefield+behavior/sub-VG1-GC#130_ses-2024-05-02-task-day12_eye-camera.mp4	4037767781	183	23	8
sub-VG1-GC#122/sub-VG1-GC#122_ses-2024-03-28-task-day14_widefield+behavior/sub-VG1-GC#122_ses-2024-03-28-task-day14_body-camera.mp4	7329760199	352	25	7
sub-VG1-GC#48/sub-VG1-GC#48_ses-2023-08-29-task-day7_widefield+behavior/sub-VG1-GC#48_ses-2023-08-29-task-day7_body-camera.mp4	12430304229	335	31	8
sub-VG1-GC#105/sub-VG1-GC#105_ses-2024-02-09-task-day12_widefield+behavior/sub-VG1-GC#105_ses-2024-02-09-task-day12_eye-camera.mp4	4884459056	183	23	8
sub-VG1-GC#53/sub-VG1-GC#53_ses-2023-06-23-task-day7_widefield+behavior/sub-VG1-GC#53_ses-2023-06-23-task-day7_face-camera.mp4	15512113794	520	25	7
sub-VG1-GC#52/sub-VG1-GC#52_ses-2023-06-16-task-day2_widefield+behavior/sub-VG1-GC#52_ses-2023-06-16-task-day2_eye-camera.mp4	3546173487	181	29	7
sub-VG1-GC#130/sub-VG1-GC#130_ses-2024-04-16-resting-state-day1_widefield+behavior/sub-VG1-GC#130_ses-2024-04-16-resting-state-day1_face-camera.mp4	4106028927	199	23	7
sub-VG1-GC#116/sub-VG1-GC#116_ses-2024-01-16-task-day1_widefield+behavior/sub-VG1-GC#116_ses-2024-01-16-task-day1_body-camera.mp4	8591669204	342	29	7
sub-VG1-GC#130/sub-VG1-GC#130_ses-2024-04-24-resting-state-day7_widefield+behavior.nwb	84087997659	18077	93	69
sub-VG1-GC#105/sub-VG1-GC#105_ses-2024-02-13-task-day13_widefield+behavior/sub-VG1-GC#105_ses-2024-02-13-task-day13_face-camera.mp4	14707251143	515	21	8
sub-VG1-GC#127/sub-VG1-GC#127_ses-2024-05-07-task-day13_widefield+behavior/sub-VG1-GC#127_ses-2024-05-07-task-day13_face-camera.mp4	11723052451	512	20	7
sub-VG1-GC#48/sub-VG1-GC#48_ses-2023-09-01-task-day10_widefield+behavior/sub-VG1-GC#48_ses-2023-09-01-task-day10_face-camera.mp4	17702109527	521	25	7
sub-VG1-GC#48/sub-VG1-GC#48_ses-2023-09-08-task-day15_widefield+behavior/sub-VG1-GC#48_ses-2023-09-08-task-day15_eye-camera.mp4	4990405276	187	27	8
sub-VG1-GC#61/sub-VG1-GC#61_ses-2023-06-23-task-day7_widefield+behavior.nwb	244881710547	27470	103	78
sub-VG1-GC#54/sub-VG1-GC#54_ses-2023-07-03-task-day13_widefield+behavior/sub-VG1-GC#54_ses-2023-07-03-task-day13_eye-camera.mp4	3864144321	176	18	8
sub-VG1-GC#60/sub-VG1-GC#60_ses-2023-06-26-task-day8_widefield+behavior/sub-VG1-GC#60_ses-2023-06-26-task-day8_body-camera.mp4	8098834338	334	23	8
sub-VG1-GC#109/sub-VG1-GC#109_ses-2024-01-16-resting-state-day1_widefield+behavior.nwb	87286730495	19924	104	72
sub-VG1-GC#124/sub-VG1-GC#124_ses-2024-01-24-task-day7_widefield+behavior.nwb	216791894049	26559	121	78
sub-VG1-GC#125/sub-VG1-GC#125_ses-2024-05-08-task-day12_widefield+behavior/sub-VG1-GC#125_ses-2024-05-08-task-day12_eye-camera.mp4	3602881494	187	27	8
sub-VG1-GC#66/sub-VG1-GC#66_ses-2023-09-12-sensory-stim-day16_widefield.nwb	118775186748	6646	87	60
sub-VG1-GC#87/sub-VG1-GC#87_ses-2023-11-01-resting-state-day7_widefield+behavior/sub-VG1-GC#87_ses-2023-11-01-resting-state-day7_face-camera.mp4	4640619155	206	28	7
sub-VG1-GC#109/sub-VG1-GC#109_ses-2024-01-16-task-day1_widefield+behavior/sub-VG1-GC#109_ses-2024-01-16-task-day1_face-camera.mp4	13326151339	557	29	9
sub-VG1-GC#78/sub-VG1-GC#78_ses-2023-11-16-task-day3_widefield+behavior.nwb	196349703747	27411	110	77
sub-VG1-GC#63/sub-VG1-GC#63_ses-2023-09-08-resting-state-day15_widefield+behavior/sub-VG1-GC#63_ses-2023-09-08-resting-state-day15_body-camera.mp4	3110237728	137	24	7
sub-VG1-GC#116/sub-VG1-GC#116_ses-2024-02-02-task-day14_widefield+behavior/sub-VG1-GC#116_ses-2024-02-02-task-day14_body-camera.mp4	8038914749	329	26	8
sub-VG1-GC#60/sub-VG1-GC#60_ses-2023-06-22-task-day6_widefield+behavior/sub-VG1-GC#60_ses-2023-06-22-task-day6_body-camera.mp4	8087374298	332	26	8
sub-VG1-GC#124/sub-VG1-GC#124_ses-2024-01-16-resting-state-day1_widefield+behavior/sub-VG1-GC#124_ses-2024-01-16-resting-state-day1_eye-camera.mp4	1673356164	99	34	8
sub-VG1-GC#122/sub-VG1-GC#122_ses-2024-03-12-task-day3_widefield+behavior/sub-VG1-GC#122_ses-2024-03-12-task-day3_face-camera.mp4	11388049623	537	24	7
sub-VG1-GC#60/sub-VG1-GC#60_ses-2023-06-15-resting-state-day1_widefield+behavior/sub-VG1-GC#60_ses-2023-06-15-resting-state-day1_face-camera.mp4	5067083236	203	26	7
sub-VG1-GC#122/sub-VG1-GC#122_ses-2024-03-27-task-day13_widefield+behavior/sub-VG1-GC#122_ses-2024-03-27-task-day13_face-camera.mp4	7993524809	523	25	7
sub-VG1-GC#73/sub-VG1-GC#73_ses-2023-09-07-task-day14_widefield+behavior/sub-VG1-GC#73_ses-2023-09-07-task-day14_face-camera.mp4	13312892053	527	30	7
sub-VG1-GC#66/sub-VG1-GC#66_ses-2023-08-21-resting-state-day1_widefield+behavior/sub-VG1-GC#66_ses-2023-08-21-resting-state-day1_face-camera.mp4	5199149264	210	31	7
sub-VG1-GC#61/sub-VG1-GC#61_ses-2023-06-30-task-day12_widefield+behavior/sub-VG1-GC#61_ses-2023-06-30-task-day12_body-camera.mp4	8031946238	325	21	7
sub-VG1-GC#105/sub-VG1-GC#105_ses-2024-02-07-task-day10_widefield+behavior/sub-VG1-GC#105_ses-2024-02-07-task-day10_eye-camera.mp4	4598583018	195	32	8
sub-VG1-GC#48/sub-VG1-GC#48_ses-2023-09-05-task-day12_widefield+behavior/sub-VG1-GC#48_ses-2023-09-05-task-day12_body-camera.mp4	11259176207	347	33	8
sub-VG1-GC#48/sub-VG1-GC#48_ses-2023-08-28-task-day6_widefield+behavior/sub-VG1-GC#48_ses-2023-08-28-task-day6_body-camera.mp4	12561198035	338	31	9
sub-VG1-GC#124/sub-VG1-GC#124_ses-2024-01-18-task-day3_widefield+behavior.nwb	179135538498	27155	103	75
sub-VG1-GC#87/sub-VG1-GC#87_ses-2023-10-26-task-day3_widefield+behavior/sub-VG1-GC#87_ses-2023-10-26-task-day3_body-camera.mp4	8014233065	328	25	7
sub-VG1-GC#87/sub-VG1-GC#87_ses-2023-10-23-resting-state-day0_widefield+behavior/sub-VG1-GC#87_ses-2023-10-23-resting-state-day0_eye-camera.mp4	1559103788	92	23	9
sub-VG1-GC#125/sub-VG1-GC#125_ses-2024-05-13-resting-state-day15_widefield+behavior/sub-VG1-GC#125_ses-2024-05-13-resting-state-day15_face-camera.mp4	2593619560	195	25	6
sub-VG1-GC#52/sub-VG1-GC#52_ses-2023-07-04-task-day14_widefield+behavior/sub-VG1-GC#52_ses-2023-07-04-task-day14_eye-camera.mp4	4834152972	187	28	9
sub-VG1-GC#52/sub-VG1-GC#52_ses-2023-06-19-task-day3_widefield+behavior.nwb	269775869607	29496	110	83
sub-VG1-GC#51/sub-VG1-GC#51_ses-2023-06-27-task-day9_widefield+behavior/sub-VG1-GC#51_ses-2023-06-27-task-day9_eye-camera.mp4	6290873573	191	28	8
sub-VG1-GC#85/sub-VG1-GC#85_ses-2023-10-25-task-day2_widefield+behavior.nwb	261640539105	26936	110	75
sub-VG1-GC#51/sub-VG1-GC#51_ses-2023-06-21-task-day5_widefield+behavior.nwb	236991044029	29803	113	83
sub-VG1-GC#60/sub-VG1-GC#60_ses-2023-07-03-task-day13_widefield+behavior.nwb	208321912223	28198	108	81
sub-VG1-GC#109/sub-VG1-GC#109_ses-2024-02-07-sensory-stim-day17_widefield.nwb	75088174944	5900	112	65
sub-VG1-GC#117/sub-VG1-GC#117_ses-2024-04-30-task-day10_widefield+behavior/sub-VG1-GC#117_ses-2024-04-30-task-day10_face-camera.mp4	7414052109	511	24	7
sub-VG1-GC#87/sub-VG1-GC#87_ses-2023-11-14-resting-state-day15_widefield+behavior.nwb	81984508925	18149	94	64
sub-VG1-GC#116/sub-VG1-GC#116_ses-2024-01-31-task-day12_widefield+behavior.nwb	188511773241	28296	110	80
sub-VG1-GC#87/sub-VG1-GC#87_ses-2023-11-08-task-day11_widefield+behavior.nwb	204474396861	28244	105	78
sub-VG1-GC#61/sub-VG1-GC#61_ses-2023-06-19-task-day3_widefield+behavior/sub-VG1-GC#61_ses-2023-06-19-task-day3_eye-camera.mp4	3836672881	187	23	8
sub-VG1-GC#119/sub-VG1-GC#119_ses-2024-03-18-resting-state-day7_widefield+behavior.nwb	92159000007	18938	110	67
sub-VG1-GC#66/sub-VG1-GC#66_ses-2023-08-21-task-day1_widefield+behavior/sub-VG1-GC#66_ses-2023-08-21-task-day1_body-camera.mp4	8685984602	337	27	8
sub-VG1-GC#52/sub-VG1-GC#52_ses-2023-07-04-task-day14_widefield+behavior/sub-VG1-GC#52_ses-2023-07-04-task-day14_body-camera.mp4	9723098178	336	30	8
sub-VG1-GC#130/sub-VG1-GC#130_ses-2024-04-25-task-day8_widefield+behavior.nwb	166927795419	27920	104	81
sub-VG1-GC#53/sub-VG1-GC#53_ses-2023-06-23-task-day7_widefield+behavior/sub-VG1-GC#53_ses-2023-06-23-task-day7_eye-camera.mp4	3507272549	176	24	7
sub-VG1-GC#116/sub-VG1-GC#116_ses-2024-02-07-sensory-stim-day17_widefield.nwb	67902687156	5805	93	63
sub-VG1-GC#124/sub-VG1-GC#124_ses-2024-02-06-sensory-stim-day16_widefield.nwb	63730656917	5406	88	60
sub-VG1-GC#124/sub-VG1-GC#124_ses-2024-01-16-task-day1_widefield+behavior/sub-VG1-GC#124_ses-2024-01-16-task-day1_eye-camera.mp4	2763380000	182	28	7
sub-VG1-GC#66/sub-VG1-GC#66_ses-2023-09-01-task-day10_widefield+behavior/sub-VG1-GC#66_ses-2023-09-01-task-day10_face-camera.mp4	9077072108	526	27	6
sub-VG1-GC#60/sub-VG1-GC#60_ses-2023-06-23-task-day7_widefield+behavior/sub-VG1-GC#60_ses-2023-06-23-task-day7_body-camera.mp4	5442810226	324	25	7
sub-VG1-GC#85/sub-VG1-GC#85_ses-2023-11-22-task-day12_widefield+behavior/sub-VG1-GC#85_ses-2023-11-22-task-day12_face-camera.mp4	8900008442	512	23	7
sub-VG1-GC#99/sub-VG1-GC#99_ses-2024-02-06-task-day9_widefield+behavior/sub-VG1-GC#99_ses-2024-02-06-task-day9_eye-camera.mp4	3620111860	192	28	9
sub-VG1-GC#78/sub-VG1-GC#78_ses-2023-11-27-task-day9_widefield+behavior/sub-VG1-GC#78_ses-2023-11-27-task-day9_eye-camera.mp4	4064973987	190	29	8
sub-VG1-GC#52/sub-VG1-GC#52_ses-2023-06-26-task-day8_widefield+behavior/sub-VG1-GC#52_ses-2023-06-26-task-day8_body-camera.mp4	9032454370	330	26	7
sub-VG1-GC#129/sub-VG1-GC#129_ses-2024-03-18-resting-state-day7_widefield+behavior/sub-VG1-GC#129_ses-2024-03-18-resting-state-day7_eye-camera.mp4	1430502059	87	22	8
sub-VG1-GC#53/sub-VG1-GC#53_ses-2023-06-16-task-day2_widefield+behavior/sub-VG1-GC#53_ses-2023-06-16-task-day2_body-camera.mp4	11884529682	527	36	7
sub-VG1-GC#124/sub-VG1-GC#124_ses-2024-01-26-task-day9_widefield+behavior/sub-VG1-GC#124_ses-2024-01-26-task-day9_eye-camera.mp4	2766988106	183	29	7
sub-VG1-GC#52/sub-VG1-GC#52_ses-2023-06-16-task-day2_widefield+behavior/sub-VG1-GC#52_ses-2023-06-16-task-day2_face-camera.mp4	11833632450	521	31	6
sub-VG1-GC#109/sub-VG1-GC#109_ses-2024-01-19-task-day4_widefield+behavior/sub-VG1-GC#109_ses-2024-01-19-task-day4_face-camera.mp4	12803310071	534	37	8
sub-VG1-GC#99/sub-VG1-GC#99_ses-2024-02-07-task-day10_widefield+behavior.nwb	168121804379	28799	101	79
sub-VG1-GC#87/sub-VG1-GC#87_ses-2023-10-24-task-day1_widefield+behavior/sub-VG1-GC#87_ses-2023-10-24-task-day1_face-camera.mp4	9070859496	528	31	6
sub-VG1-GC#87/sub-VG1-GC#87_ses-2023-11-01-task-day7_widefield+behavior/sub-VG1-GC#87_ses-2023-11-01-task-day7_eye-camera.mp4	4098942915	187	24	8
sub-VG1-GC#129/sub-VG1-GC#129_ses-2024-03-18-task-day7_widefield+behavior/sub-VG1-GC#129_ses-2024-03-18-task-day7_body-camera.mp4	7087107911	325	24	7
sub-VG1-GC#99/sub-VG1-GC#99_ses-2024-01-26-task-day3_widefield+behavior/sub-VG1-GC#99_ses-2024-01-26-task-day3_eye-camera.mp4	3643258656	192	27	10
sub-VG1-GC#73/sub-VG1-GC#73_ses-2023-09-12-sensory-stim-day16_widefield.nwb	117350834256	12659	92	69
sub-VG1-GC#48/sub-VG1-GC#48_ses-2023-08-24-task-day4_widefield+behavior/sub-VG1-GC#48_ses-2023-08-24-task-day4_eye-camera.mp4	6191184224	189	29	8
sub-VG1-GC#87/sub-VG1-GC#87_ses-2023-11-08-task-day11_widefield+behavior/sub-VG1-GC#87_ses-2023-11-08-task-day11_body-camera.mp4	5388205470	324	26	6
sub-VG1-GC#48/sub-VG1-GC#48_ses-2023-08-22-task-day2_widefield+behavior/sub-VG1-GC#48_ses-2023-08-22-task-day2_face-camera.mp4	16233460090	525	35	7
sub-VG1-GC#130/sub-VG1-GC#130_ses-2024-05-09-resting-state-day15_widefield+behavior.nwb	72232494036	18374	88	65
sub-VG1-GC#51/sub-VG1-GC#51_ses-2023-06-26-task-day8_widefield+behavior.nwb	254895630435	31053	108	83
sub-VG1-GC#124/sub-VG1-GC#124_ses-2024-01-23-task-day6_widefield+behavior/sub-VG1-GC#124_ses-2024-01-23-task-day6_body-camera.mp4	5434667921	321	21	6
sub-VG1-GC#127/sub-VG1-GC#127_ses-2024-04-24-task-day7_widefield+behavior/sub-VG1-GC#127_ses-2024-04-24-task-day7_eye-camera.mp4	3669957046	183	20	8
sub-VG1-GC#105/sub-VG1-GC#105_ses-2024-02-15-resting-state-day15_widefield+behavior/sub-VG1-GC#105_ses-2024-02-15-resting-state-day15_eye-camera.mp4	1717043440	87	22	8
sub-VG1-GC#122/sub-VG1-GC#122_ses-2024-03-18-task-day7_widefield+behavior/sub-VG1-GC#122_ses-2024-03-18-task-day7_body-camera.mp4	4524082849	324	29	6
sub-VG1-GC#116/sub-VG1-GC#116_ses-2024-02-05-resting-state-day15_widefield+behavior/sub-VG1-GC#116_ses-2024-02-05-resting-state-day15_eye-camera.mp4	1129698039	82	23	7
sub-VG1-GC#85/sub-VG1-GC#85_ses-2023-11-28-resting-state-day15_widefield+behavior/sub-VG1-GC#85_ses-2023-11-28-resting-state-day15_eye-camera.mp4	1160928974	87	26	7
sub-VG1-GC#87/sub-VG1-GC#87_ses-2023-11-14-task-day15_widefield+behavior/sub-VG1-GC#87_ses-2023-11-14-task-day15_face-camera.mp4	12693613918	528	27	8
sub-VG1-GC#117/sub-VG1-GC#117_ses-2024-05-09-resting-state-day15_widefield+behavior/sub-VG1-GC#117_ses-2024-05-09-resting-state-day15_body-camera.mp4	1616217082	130	24	6
sub-VG1-GC#61/sub-VG1-GC#61_ses-2023-06-15-resting-state-day1_widefield+behavior/sub-VG1-GC#61_ses-2023-06-15-resting-state-day1_face-camera.mp4	3561779034	191	19	6
sub-VG1-GC#51/sub-VG1-GC#51_ses-2023-07-05-resting-state-day15_widefield+behavior/sub-VG1-GC#51_ses-2023-07-05-resting-state-day15_eye-camera.mp4	1960881285	102	42	7
sub-VG1-GC#122/sub-VG1-GC#122_ses-2024-03-12-task-day3_widefield+behavior/sub-VG1-GC#122_ses-2024-03-12-task-day3_body-camera.mp4	4731994897	335	27	6
sub-VG1-GC#119/sub-VG1-GC#119_ses-2024-03-06-resting-state-day0_widefield+behavior.nwb	69024131017	19841	99	67
sub-VG1-GC#130/sub-VG1-GC#130_ses-2024-04-15-resting-state-day0_widefield+behavior/sub-VG1-GC#130_ses-2024-04-15-resting-state-day0_face-camera.mp4	4658271472	204	26	8
sub-VG1-GC#66/sub-VG1-GC#66_ses-2023-09-14-sensory-stim-day17_widefield.nwb	77360947994	5569	90	57
sub-VG1-GC#48/sub-VG1-GC#48_ses-2023-08-29-resting-state-day7_widefield+behavior.nwb	139564396599	27043	119	80
sub-VG1-GC#52/sub-VG1-GC#52_ses-2023-06-28-task-day10_widefield+behavior/sub-VG1-GC#52_ses-2023-06-28-task-day10_eye-camera.mp4	3540306561	182	30	7
sub-VG1-GC#87/sub-VG1-GC#87_ses-2023-10-24-task-day1_widefield+behavior.nwb	204835983822	27475	110	81
sub-VG1-GC#73/sub-VG1-GC#73_ses-2023-09-04-task-day11_widefield+behavior/sub-VG1-GC#73_ses-2023-09-04-task-day11_body-camera.mp4	5419196480	324	26	6
sub-VG1-GC#116/sub-VG1-GC#116_ses-2024-01-24-task-day7_widefield+behavior.nwb	205925116833	28203	114	82
sub-VG1-GC#53/sub-VG1-GC#53_ses-2023-06-23-resting-state-day7_widefield+behavior/sub-VG1-GC#53_ses-2023-06-23-resting-state-day7_body-camera.mp4	3782818414	144	30	7
sub-VG1-GC#48/sub-VG1-GC#48_ses-2023-09-06-task-day13_widefield+behavior/sub-VG1-GC#48_ses-2023-09-06-task-day13_face-camera.mp4	13304990512	524	37	6
sub-VG1-GC#117/sub-VG1-GC#117_ses-2024-05-07-task-day13_widefield+behavior.nwb	179798088688	28091	103	80
sub-VG1-GC#130/sub-VG1-GC#130_ses-2024-04-24-task-day7_widefield+behavior/sub-VG1-GC#130_ses-2024-04-24-task-day7_body-camera.mp4	7900079975	366	25	8
sub-VG1-GC#109/sub-VG1-GC#109_ses-2024-01-18-task-day3_widefield+behavior/sub-VG1-GC#109_ses-2024-01-18-task-day3_eye-camera.mp4	2779988872	183	28	8
sub-VG1-GC#125/sub-VG1-GC#125_ses-2024-04-30-task-day8_widefield+behavior/sub-VG1-GC#125_ses-2024-04-30-task-day8_eye-camera.mp4	2282274665	173	19	7
sub-VG1-GC#129/sub-VG1-GC#129_ses-2024-03-07-resting-state-day1_widefield+behavior/sub-VG1-GC#129_ses-2024-03-07-resting-state-day1_face-camera.mp4	2574785543	193	23	6
sub-VG1-GC#116/sub-VG1-GC#116_ses-2024-01-24-resting-state-day7_widefield+behavior/sub-VG1-GC#116_ses-2024-01-24-resting-state-day7_eye-camera.mp4	1175107269	86	27	7
sub-VG1-GC#52/sub-VG1-GC#52_ses-2023-06-29-task-day11_widefield+behavior/sub-VG1-GC#52_ses-2023-06-29-task-day11_eye-camera.mp4	4840037970	189	31	8
sub-VG1-GC#99/sub-VG1-GC#99_ses-2024-01-24-resting-state-day1_widefield+behavior/sub-VG1-GC#99_ses-2024-01-24-resting-state-day1_body-camera.mp4	2326916120	155	28	7
sub-VG1-GC#117/sub-VG1-GC#117_ses-2024-04-23-task-day6_widefield+behavior/sub-VG1-GC#117_ses-2024-04-23-task-day6_face-camera.mp4	7492026793	520	31	7
sub-VG1-GC#60/sub-VG1-GC#60_ses-2023-06-15-task-day1_widefield+behavior/sub-VG1-GC#60_ses-2023-06-15-task-day1_eye-camera.mp4	3947076345	181	23	8
sub-VG1-GC#78/sub-VG1-GC#78_ses-2023-11-20-task-day5_widefield+behavior/sub-VG1-GC#78_ses-2023-11-20-task-day5_body-camera.mp4	5484336356	333	35	7
sub-VG1-GC#129/sub-VG1-GC#129_ses-2024-03-18-task-day7_widefield+behavior/sub-VG1-GC#129_ses-2024-03-18-task-day7_eye-camera.mp4	2330731612	183	28	8
sub-VG1-GC#119/sub-VG1-GC#119_ses-2024-03-19-task-day8_widefield.nwb	165653115050	9410	99	67
sub-VG1-GC#109/sub-VG1-GC#109_ses-2024-01-30-task-day11_widefield+behavior.nwb	183424950624	29445	112	82
sub-VG1-GC#61/sub-VG1-GC#61_ses-2023-07-03-task-day13_widefield+behavior/sub-VG1-GC#61_ses-2023-07-03-task-day13_body-camera.mp4	5408767582	322	25	6
sub-VG1-GC#122/sub-VG1-GC#122_ses-2024-03-06-resting-state-day0_widefield+behavior/sub-VG1-GC#122_ses-2024-03-06-resting-state-day0_eye-camera.mp4	1288138118	89	24	8
sub-VG1-GC#52/sub-VG1-GC#52_ses-2023-06-23-resting-state-day7_widefield+behavior/sub-VG1-GC#52_ses-2023-06-23-resting-state-day7_face-camera.mp4	4611042584	199	26	6
sub-VG1-GC#52/sub-VG1-GC#52_ses-2023-06-23-resting-state-day7_widefield+behavior/sub-VG1-GC#52_ses-2023-06-23-resting-state-day7_eye-camera.mp4	1997260753	91	25	8
sub-VG1-GC#87/sub-VG1-GC#87_ses-2023-11-02-task-day8_widefield+behavior/sub-VG1-GC#87_ses-2023-11-02-task-day8_body-camera.mp4	5381299342	320	23	6
sub-VG1-GC#119/sub-VG1-GC#119_ses-2024-03-18-task-day7_widefield+behavior.nwb	226566840417	29612	119	87
sub-VG1-GC#99/sub-VG1-GC#99_ses-2024-01-25-task-day2_widefield+behavior/sub-VG1-GC#99_ses-2024-01-25-task-day2_face-camera.mp4	12183489375	549	25	9
sub-VG1-GC#109/sub-VG1-GC#109_ses-2024-01-29-task-day10_widefield+behavior/sub-VG1-GC#109_ses-2024-01-29-task-day10_eye-camera.mp4	2758023218	184	30	7
sub-VG1-GC#119/sub-VG1-GC#119_ses-2024-03-08-task-day2_widefield+behavior/sub-VG1-GC#119_ses-2024-03-08-task-day2_eye-camera.mp4	4387871627	198	26	8
sub-VG1-GC#85/sub-VG1-GC#85_ses-2023-10-23-resting-state-day0_widefield+behavior/sub-VG1-GC#85_ses-2023-10-23-resting-state-day0_eye-camera.mp4	1053163161	88	27	8
sub-VG1-GC#105/sub-VG1-GC#105_ses-2024-02-07-task-day10_widefield+behavior.nwb	224168169077	27693	104	79
sub-VG1-GC#48/sub-VG1-GC#48_ses-2023-09-06-task-day13_widefield+behavior/sub-VG1-GC#48_ses-2023-09-06-task-day13_body-camera.mp4	8003615953	330	34	6
sub-VG1-GC#63/sub-VG1-GC#63_ses-2023-08-31-task-day9_widefield+behavior/sub-VG1-GC#63_ses-2023-08-31-task-day9_face-camera.mp4	8999810906	528	34	6
sub-VG1-GC#78/sub-VG1-GC#78_ses-2023-11-20-task-day5_widefield+behavior/sub-VG1-GC#78_ses-2023-11-20-task-day5_face-camera.mp4	13357002273	528	33	8
sub-VG1-GC#130/sub-VG1-GC#130_ses-2024-04-24-resting-state-day7_widefield+behavior/sub-VG1-GC#130_ses-2024-04-24-resting-state-day7_body-camera.mp4	1572560399	126	20	6
sub-VG1-GC#116/sub-VG1-GC#116_ses-2024-01-24-task-day7_widefield+behavior/sub-VG1-GC#116_ses-2024-01-24-task-day7_eye-camera.mp4	2733085916	175	21	7
sub-VG1-GC#125/sub-VG1-GC#125_ses-2024-05-10-task-day14_widefield+behavior.nwb	198266020829	27337	97	77
sub-VG1-GC#129/sub-VG1-GC#129_ses-2024-03-25-task-day11_widefield+behavior/sub-VG1-GC#129_ses-2024-03-25-task-day11_body-camera.mp4	5609886172	348	22	7
sub-VG1-GC#78/sub-VG1-GC#78_ses-2023-11-22-resting-state-day7_widefield+behavior/sub-VG1-GC#78_ses-2023-11-22-resting-state-day7_body-camera.mp4	2534903366	145	25	7
sub-VG1-GC#109/sub-VG1-GC#109_ses-2024-01-24-task-day7_widefield+behavior.nwb	208661505320	28253	110	85
sub-VG1-GC#124/sub-VG1-GC#124_ses-2024-01-24-task-day7_widefield+behavior/sub-VG1-GC#124_ses-2024-01-24-task-day7_eye-camera.mp4	3227116074	188	23	8
sub-VG1-GC#51/sub-VG1-GC#51_ses-2023-06-14-resting-state-day0_widefield+behavior/sub-VG1-GC#51_ses-2023-06-14-resting-state-day0_body-camera.mp4	1910605621	124	16	6
sub-VG1-GC#109/sub-VG1-GC#109_ses-2024-02-01-task-day13_widefield+behavior.nwb	175213815485	27908	108	78
sub-VG1-GC#99/sub-VG1-GC#99_ses-2024-01-24-resting-state-day1_widefield+behavior/sub-VG1-GC#99_ses-2024-01-24-resting-state-day1_eye-camera.mp4	1430518052	103	30	8
sub-VG1-GC#53/sub-VG1-GC#53_ses-2023-06-19-task-day3_widefield+behavior/sub-VG1-GC#53_ses-2023-06-19-task-day3_eye-camera.mp4	3542751233	181	28	7
sub-VG1-GC#99/sub-VG1-GC#99_ses-2024-02-07-task-day10_widefield+behavior/sub-VG1-GC#99_ses-2024-02-07-task-day10_face-camera.mp4	7457062423	512	20	8
sub-VG1-GC#66/sub-VG1-GC#66_ses-2023-09-08-resting-state-day15_widefield+behavior/sub-VG1-GC#66_ses-2023-09-08-resting-state-day15_body-camera.mp4	2829870143	140	27	7
sub-VG1-GC#109/sub-VG1-GC#109_ses-2024-02-05-resting-state-day15_widefield+behavior/sub-VG1-GC#109_ses-2024-02-05-resting-state-day15_face-camera.mp4	3136671863	204	33	7
sub-VG1-GC#117/sub-VG1-GC#117_ses-2024-05-01-task-day11_widefield+behavior/sub-VG1-GC#117_ses-2024-05-01-task-day11_eye-camera.mp4	2323486588	181	27	7
sub-VG1-GC#129/sub-VG1-GC#129_ses-2024-03-15-task-day6_widefield+behavior/sub-VG1-GC#129_ses-2024-03-15-task-day6_eye-camera.mp4	3574808886	181	21	8
sub-VG1-GC#60/sub-VG1-GC#60_ses-2023-06-19-task-day3_widefield+behavior/sub-VG1-GC#60_ses-2023-06-19-task-day3_face-camera.mp4	8977569514	520	27	8
sub-VG1-GC#85/sub-VG1-GC#85_ses-2023-11-16-resting-state-day8_widefield+behavior.nwb	70924846748	18724	95	65
sub-VG1-GC#66/sub-VG1-GC#66_ses-2023-08-29-task-day7_widefield+behavior/sub-VG1-GC#66_ses-2023-08-29-task-day7_body-camera.mp4	7246926334	327	23	7
sub-VG1-GC#125/sub-VG1-GC#125_ses-2024-04-18-resting-state-day1_widefield+behavior.nwb	62915355603	19216	82	66
sub-VG1-GC#61/sub-VG1-GC#61_ses-2023-06-29-task-day11_widefield+behavior/sub-VG1-GC#61_ses-2023-06-29-task-day11_eye-camera.mp4	2803182861	183	23	7
sub-VG1-GC#63/sub-VG1-GC#63_ses-2023-08-21-resting-state-day1_widefield+behavior.nwb	85223143538	18513	89	67
sub-VG1-GC#105/sub-VG1-GC#105_ses-2024-02-01-resting-state-day7_widefield+behavior/sub-VG1-GC#105_ses-2024-02-01-resting-state-day7_eye-camera.mp4	1325073538	88	29	7
sub-VG1-GC#54/sub-VG1-GC#54_ses-2023-06-16-task-day2_widefield+behavior/sub-VG1-GC#54_ses-2023-06-16-task-day2_eye-camera.mp4	3086676086	172	20	7
sub-VG1-GC#87/sub-VG1-GC#87_ses-2023-11-08-task-day11_widefield+behavior/sub-VG1-GC#87_ses-2023-11-08-task-day11_eye-camera.mp4	2741440149	179	24	7
sub-VG1-GC#87/sub-VG1-GC#87_ses-2023-11-06-task-day9_widefield+behavior/sub-VG1-GC#87_ses-2023-11-06-task-day9_face-camera.mp4	8862257408	508	20	6
sub-VG1-GC#127/sub-VG1-GC#127_ses-2024-05-02-task-day12_widefield+behavior/sub-VG1-GC#127_ses-2024-05-02-task-day12_face-camera.mp4	7392067879	510	24	6
sub-VG1-GC#105/sub-VG1-GC#105_ses-2024-02-13-task-day13_widefield+behavior.nwb	201795008744	28977	101	78
sub-VG1-GC#51/sub-VG1-GC#51_ses-2023-06-22-task-day6_widefield+behavior/sub-VG1-GC#51_ses-2023-06-22-task-day6_face-camera.mp4	16343877011	530	38	7
sub-VG1-GC#130/sub-VG1-GC#130_ses-2024-04-19-task-day4_widefield+behavior/sub-VG1-GC#130_ses-2024-04-19-task-day4_face-camera.mp4	10881399825	523	28	8
sub-VG1-GC#63/sub-VG1-GC#63_ses-2023-08-25-task-day5_widefield+behavior/sub-VG1-GC#63_ses-2023-08-25-task-day5_face-camera.mp4	12407924768	518	18	8
sub-VG1-GC#119/sub-VG1-GC#119_ses-2024-03-07-resting-state-day1_widefield+behavior/sub-VG1-GC#119_ses-2024-03-07-resting-state-day1_face-camera.mp4	3088366505	198	28	6
sub-VG1-GC#122/sub-VG1-GC#122_ses-2024-03-12-task-day3_widefield+behavior/sub-VG1-GC#122_ses-2024-03-12-task-day3_eye-camera.mp4	2376766472	184	24	7
sub-VG1-GC#53/sub-VG1-GC#53_ses-2023-06-27-task-day9_widefield+behavior/sub-VG1-GC#53_ses-2023-06-27-task-day9_face-camera.mp4	11807987566	513	23	6
sub-VG1-GC#125/sub-VG1-GC#125_ses-2024-04-25-task-day6_widefield+behavior/sub-VG1-GC#125_ses-2024-04-25-task-day6_face-camera.mp4	7493879264	518	24	7
sub-VG1-GC#125/sub-VG1-GC#125_ses-2024-04-25-task-day6_widefield+behavior/sub-VG1-GC#125_ses-2024-04-25-task-day6_body-camera.mp4	4557657138	322	22	7
sub-VG1-GC#60/sub-VG1-GC#60_ses-2023-06-14-resting-state-day0_widefield+behavior/sub-VG1-GC#60_ses-2023-06-14-resting-state-day0_body-camera.mp4	1904262626	129	21	6
sub-VG1-GC#63/sub-VG1-GC#63_ses-2023-08-31-task-day9_widefield+behavior/sub-VG1-GC#63_ses-2023-08-31-task-day9_eye-camera.mp4	2821586901	190	33	7
sub-VG1-GC#109/sub-VG1-GC#109_ses-2024-01-26-task-day9_widefield+behavior.nwb	200915846175	28300	109	78
sub-VG1-GC#116/sub-VG1-GC#116_ses-2024-01-29-task-day10_widefield+behavior/sub-VG1-GC#116_ses-2024-01-29-task-day10_body-camera.mp4	5458070893	329	32	7
sub-VG1-GC#124/sub-VG1-GC#124_ses-2024-01-16-task-day1_widefield+behavior/sub-VG1-GC#124_ses-2024-01-16-task-day1_face-camera.mp4	8917785700	517	28	7
sub-VG1-GC#105/sub-VG1-GC#105_ses-2024-02-08-task-day11_widefield+behavior/sub-VG1-GC#105_ses-2024-02-08-task-day11_face-camera.mp4	10337282622	513	26	6
sub-VG1-GC#52/sub-VG1-GC#52_ses-2023-07-05-task-day15_widefield+behavior/sub-VG1-GC#52_ses-2023-07-05-task-day15_eye-camera.mp4	3537859389	178	26	7
sub-VG1-GC#124/sub-VG1-GC#124_ses-2024-02-05-task-day15_widefield+behavior/sub-VG1-GC#124_ses-2024-02-05-task-day15_face-camera.mp4	8967899315	524	33	8
sub-VG1-GC#63/sub-VG1-GC#63_ses-2023-08-23-task-day3_widefield+behavior/sub-VG1-GC#63_ses-2023-08-23-task-day3_body-camera.mp4	5425557732	327	30	6
sub-VG1-GC#66/sub-VG1-GC#66_ses-2023-08-23-task-day3_widefield+behavior.nwb	207624266116	27741	103	77
sub-VG1-GC#60/sub-VG1-GC#60_ses-2023-06-15-task-day1_widefield+behavior/sub-VG1-GC#60_ses-2023-06-15-task-day1_face-camera.mp4	8887220132	510	20	6
sub-VG1-GC#127/sub-VG1-GC#127_ses-2024-05-07-task-day13_widefield+behavior/sub-VG1-GC#127_ses-2024-05-07-task-day13_eye-camera.mp4	2303952242	175	21	7
sub-VG1-GC#54/sub-VG1-GC#54_ses-2023-06-20-task-day4_widefield+behavior/sub-VG1-GC#54_ses-2023-06-20-task-day4_body-camera.mp4	5382287432	321	22	7
sub-VG1-GC#129/sub-VG1-GC#129_ses-2024-03-28-task-day14_widefield+behavior/sub-VG1-GC#129_ses-2024-03-28-task-day14_face-camera.mp4	7467935016	514	23	7
sub-VG1-GC#122/sub-VG1-GC#122_ses-2024-03-21-task-day9_widefield+behavior/sub-VG1-GC#122_ses-2024-03-21-task-day9_body-camera.mp4	4497550912	320	24	6
sub-VG1-GC#73/sub-VG1-GC#73_ses-2023-08-21-resting-state-day1_widefield+behavior/sub-VG1-GC#73_ses-2023-08-21-resting-state-day1_face-camera.mp4	3189576586	204	31	6
sub-VG1-GC#99/sub-VG1-GC#99_ses-2024-02-08-task-day11_widefield+behavior.nwb	154847041207	26083	101	76
sub-VG1-GC#66/sub-VG1-GC#66_ses-2023-08-29-resting-state-day7_widefield+behavior/sub-VG1-GC#66_ses-2023-08-29-resting-state-day7_eye-camera.mp4	1293841193	84	23	7
sub-VG1-GC#66/sub-VG1-GC#66_ses-2023-08-21-resting-state-day1_widefield+behavior.nwb	100911846949	17931	102	66
sub-VG1-GC#117/sub-VG1-GC#117_ses-2024-04-19-task-day4_widefield+behavior.nwb	188072576464	28662	107	83
sub-VG1-GC#60/sub-VG1-GC#60_ses-2023-06-29-task-day11_widefield+behavior/sub-VG1-GC#60_ses-2023-06-29-task-day11_face-camera.mp4	12455490542	518	21	7
sub-VG1-GC#73/sub-VG1-GC#73_ses-2023-09-08-resting-state-day15_widefield+behavior/sub-VG1-GC#73_ses-2023-09-08-resting-state-day15_eye-camera.mp4	1200221745	87	26	7
sub-VG1-GC#85/sub-VG1-GC#85_ses-2023-11-22-task-day12_widefield+behavior/sub-VG1-GC#85_ses-2023-11-22-task-day12_body-camera.mp4	5364164986	321	24	6
sub-VG1-GC#87/sub-VG1-GC#87_ses-2023-11-07-task-day10_widefield+behavior/sub-VG1-GC#87_ses-2023-11-07-task-day10_body-camera.mp4	5367028866	319	21	6
sub-VG1-GC#99/sub-VG1-GC#99_ses-2024-02-08-task-day11_widefield+behavior/sub-VG1-GC#99_ses-2024-02-08-task-day11_eye-camera.mp4	2367883150	182	24	8
sub-VG1-GC#105/sub-VG1-GC#105_ses-2024-01-24-task-day1_widefield+behavior/sub-VG1-GC#105_ses-2024-01-24-task-day1_body-camera.mp4	7385645567	358	27	18
sub-VG1-GC#109/sub-VG1-GC#109_ses-2024-01-26-task-day9_widefield+behavior/sub-VG1-GC#109_ses-2024-01-26-task-day9_eye-camera.mp4	2821579418	187	33	7
sub-VG1-GC#122/sub-VG1-GC#122_ses-2024-03-07-resting-state-day1_widefield+behavior/sub-VG1-GC#122_ses-2024-03-07-resting-state-day1_body-camera.mp4	1612379309	131	25	6
sub-VG1-GC#54/sub-VG1-GC#54_ses-2023-06-30-task-day12_widefield+behavior.nwb	206105913125	30160	105	83
sub-VG1-GC#87/sub-VG1-GC#87_ses-2023-10-24-task-day1_widefield+behavior/sub-VG1-GC#87_ses-2023-10-24-task-day1_body-camera.mp4	5486523176	325	22	7
sub-VG1-GC#125/sub-VG1-GC#125_ses-2024-04-23-task-day4_widefield+behavior.nwb	187386863228	28208	98	80
sub-VG1-GC#63/sub-VG1-GC#63_ses-2023-08-29-task-day7_widefield+behavior/sub-VG1-GC#63_ses-2023-08-29-task-day7_face-camera.mp4	9050232572	530	33	6
sub-VG1-GC#122/sub-VG1-GC#122_ses-2024-03-27-task-day13_widefield+behavior/sub-VG1-GC#122_ses-2024-03-27-task-day13_eye-camera.mp4	2341192412	181	27	7
sub-VG1-GC#124/sub-VG1-GC#124_ses-2024-01-19-task-day4_widefield+behavior/sub-VG1-GC#124_ses-2024-01-19-task-day4_face-camera.mp4	12660762903	527	32	9
sub-VG1-GC#125/sub-VG1-GC#125_ses-2024-04-30-task-day8_widefield+behavior/sub-VG1-GC#125_ses-2024-04-30-task-day8_face-camera.mp4	10282541489	511	19	7
sub-VG1-GC#125/sub-VG1-GC#125_ses-2024-04-17-resting-state-day0_widefield+behavior.nwb	54648896133	19384	87	67
sub-VG1-GC#99/sub-VG1-GC#99_ses-2024-01-26-task-day3_widefield+behavior/sub-VG1-GC#99_ses-2024-01-26-task-day3_face-camera.mp4	7520451517	521	29	8
sub-VG1-GC#60/sub-VG1-GC#60_ses-2023-06-26-task-day8_widefield+behavior/sub-VG1-GC#60_ses-2023-06-26-task-day8_eye-camera.mp4	3791590629	186	25	8
sub-VG1-GC#52/sub-VG1-GC#52_ses-2023-06-20-task-day4_widefield+behavior/sub-VG1-GC#52_ses-2023-06-20-task-day4_face-camera.mp4	14885357672	523	26	7
sub-VG1-GC#54/sub-VG1-GC#54_ses-2023-06-21-task-day5_widefield+behavior.nwb	206912948382	31267	104	78
sub-VG1-GC#116/sub-VG1-GC#116_ses-2024-01-22-task-day5_widefield+behavior/sub-VG1-GC#116_ses-2024-01-22-task-day5_eye-camera.mp4	2765263106	185	31	7
sub-VG1-GC#124/sub-VG1-GC#124_ses-2024-01-25-task-day8_widefield+behavior/sub-VG1-GC#124_ses-2024-01-25-task-day8_body-camera.mp4	5469030429	328	29	7
sub-VG1-GC#129/sub-VG1-GC#129_ses-2024-03-29-resting-state-day15_widefield+behavior.nwb	77028419789	18663	87	65
sub-VG1-GC#73/sub-VG1-GC#73_ses-2023-08-23-task-day3_widefield+behavior/sub-VG1-GC#73_ses-2023-08-23-task-day3_eye-camera.mp4	2738960613	178	23	7
sub-VG1-GC#122/sub-VG1-GC#122_ses-2024-03-22-task-day10_widefield.nwb	177816211961	9557	95	68
sub-VG1-GC#78/sub-VG1-GC#78_ses-2023-11-22-resting-state-day7_widefield+behavior.nwb	80866846066	17761	88	61
sub-VG1-GC#129/sub-VG1-GC#129_ses-2024-03-14-task-day5_widefield+behavior/sub-VG1-GC#129_ses-2024-03-14-task-day5_face-camera.mp4	7405335382	510	23	6
sub-VG1-GC#87/sub-VG1-GC#87_ses-2023-10-24-task-day1_widefield+behavior/sub-VG1-GC#87_ses-2023-10-24-task-day1_eye-camera.mp4	2849346183	186	28	7
sub-VG1-GC#54/sub-VG1-GC#54_ses-2023-06-22-task-day6_widefield+behavior.nwb	201278648244	28891	105	77
sub-VG1-GC#48/sub-VG1-GC#48_ses-2023-09-07-task-day14_widefield+behavior/sub-VG1-GC#48_ses-2023-09-07-task-day14_face-camera.mp4	17257953160	527	32	7
sub-VG1-GC#117/sub-VG1-GC#117_ses-2024-04-22-task-day5_widefield+behavior.nwb	168790200691	27761	103	83
sub-VG1-GC#109/sub-VG1-GC#109_ses-2024-02-05-resting-state-day15_widefield+behavior/sub-VG1-GC#109_ses-2024-02-05-resting-state-day15_eye-camera.mp4	1564602052	88	23	8
sub-VG1-GC#117/sub-VG1-GC#117_ses-2024-05-01-task-day11_widefield+behavior/sub-VG1-GC#117_ses-2024-05-01-task-day11_body-camera.mp4	4514910372	319	23	6
sub-VG1-GC#119/sub-VG1-GC#119_ses-2024-03-14-task-day5_widefield+behavior/sub-VG1-GC#119_ses-2024-03-14-task-day5_eye-camera.mp4	2821297616	191	37	7
sub-VG1-GC#124/sub-VG1-GC#124_ses-2024-01-24-resting-state-day7_widefield+behavior/sub-VG1-GC#124_ses-2024-01-24-resting-state-day7_face-camera.mp4	3133495089	201	31	6
sub-VG1-GC#105/sub-VG1-GC#105_ses-2024-02-09-task-day12_widefield+behavior.nwb	216124406543	29487	107	80
sub-VG1-GC#87/sub-VG1-GC#87_ses-2023-10-23-resting-state-day0_widefield+behavior/sub-VG1-GC#87_ses-2023-10-23-resting-state-day0_body-camera.mp4	1877656416	128	21	6
sub-VG1-GC#73/sub-VG1-GC#73_ses-2023-09-08-resting-state-day15_widefield+behavior/sub-VG1-GC#73_ses-2023-09-08-resting-state-day15_face-camera.mp4	3146190500	200	27	6
sub-VG1-GC#66/sub-VG1-GC#66_ses-2023-08-24-task-day4_widefield+behavior/sub-VG1-GC#66_ses-2023-08-24-task-day4_body-camera.mp4	5455369011	331	30	7
sub-VG1-GC#87/sub-VG1-GC#87_ses-2023-10-31-task-day6_widefield+behavior/sub-VG1-GC#87_ses-2023-10-31-task-day6_eye-camera.mp4	2736894157	178	21	8
sub-VG1-GC#54/sub-VG1-GC#54_ses-2023-07-03-task-day13_widefield+behavior/sub-VG1-GC#54_ses-2023-07-03-task-day13_body-camera.mp4	5372209670	319	21	6
sub-VG1-GC#109/sub-VG1-GC#109_ses-2024-01-23-task-day6_widefield+behavior/sub-VG1-GC#109_ses-2024-01-23-task-day6_face-camera.mp4	8970834543	518	26	7
sub-VG1-GC#54/sub-VG1-GC#54_ses-2023-06-27-task-day9_widefield+behavior/sub-VG1-GC#54_ses-2023-06-27-task-day9_eye-camera.mp4	2675345043	175	23	7
sub-VG1-GC#130/sub-VG1-GC#130_ses-2024-04-22-task-day5_widefield+behavior/sub-VG1-GC#130_ses-2024-04-22-task-day5_body-camera.mp4	7134297547	325	22	8
sub-VG1-GC#122/sub-VG1-GC#122_ses-2024-03-28-task-day14_widefield+behavior/sub-VG1-GC#122_ses-2024-03-28-task-day14_eye-camera.mp4	2349690930	179	22	7
sub-VG1-GC#85/sub-VG1-GC#85_ses-2023-11-15-task-day7_widefield+behavior/sub-VG1-GC#85_ses-2023-11-15-task-day7_face-camera.mp4	17467231318	673	21	8
sub-VG1-GC#116/sub-VG1-GC#116_ses-2024-02-02-task-day14_widefield+behavior.nwb	220689803258	27134	105	78
sub-VG1-GC#60/sub-VG1-GC#60_ses-2023-06-23-task-day7_widefield+behavior.nwb	258036130512	29643	122	84
sub-VG1-GC#116/sub-VG1-GC#116_ses-2024-02-01-task-day13_widefield+behavior.nwb	188729472135	29047	117	82
sub-VG1-GC#60/sub-VG1-GC#60_ses-2023-06-23-task-day7_widefield+behavior/sub-VG1-GC#60_ses-2023-06-23-task-day7_face-camera.mp4	8946087714	517	25	7
sub-VG1-GC#122/sub-VG1-GC#122_ses-2024-03-18-resting-state-day7_widefield+behavior.nwb	81260105299	19501	99	71
sub-VG1-GC#85/sub-VG1-GC#85_ses-2023-10-25-task-day2_widefield+behavior/sub-VG1-GC#85_ses-2023-10-25-task-day2_face-camera.mp4	8855484292	511	23	6
sub-VG1-GC#48/sub-VG1-GC#48_ses-2023-08-23-task-day3_widefield+behavior/sub-VG1-GC#48_ses-2023-08-23-task-day3_eye-camera.mp4	4915257910	182	28	7
sub-VG1-GC#48/sub-VG1-GC#48_ses-2023-09-08-resting-state-day15_widefield+behavior.nwb	122461821204	20674	106	70
sub-VG1-GC#53/sub-VG1-GC#53_ses-2023-07-03-task-day13_widefield+behavior/sub-VG1-GC#53_ses-2023-07-03-task-day13_body-camera.mp4	9718713928	328	25	7
sub-VG1-GC#130/sub-VG1-GC#130_ses-2024-05-07-task-day13_widefield+behavior/sub-VG1-GC#130_ses-2024-05-07-task-day13_body-camera.mp4	4580452006	327	26	7
sub-VG1-GC#130/sub-VG1-GC#130_ses-2024-05-07-task-day13_widefield+behavior.nwb	157105904000	27698	100	78
sub-VG1-GC#109/sub-VG1-GC#109_ses-2024-01-25-task-day8_widefield+behavior.nwb	185978901891	30157	114	86
sub-VG1-GC#130/sub-VG1-GC#130_ses-2024-05-09-resting-state-day15_widefield+behavior/sub-VG1-GC#130_ses-2024-05-09-resting-state-day15_eye-camera.mp4	985170938	84	25	7
sub-VG1-GC#51/sub-VG1-GC#51_ses-2023-06-20-task-day4_widefield+behavior/sub-VG1-GC#51_ses-2023-06-20-task-day4_face-camera.mp4	16669740396	535	32	8
sub-VG1-GC#109/sub-VG1-GC#109_ses-2024-01-25-task-day8_widefield+behavior/sub-VG1-GC#109_ses-2024-01-25-task-day8_eye-camera.mp4	2809750382	185	31	7
sub-VG1-GC#129/sub-VG1-GC#129_ses-2024-03-07-task-day1_widefield+behavior.nwb	160082020588	30761	113	86
sub-VG1-GC#99/sub-VG1-GC#99_ses-2024-02-13-task-day13_widefield+behavior/sub-VG1-GC#99_ses-2024-02-13-task-day13_body-camera.mp4	4549909453	326	25	8
sub-VG1-GC#119/sub-VG1-GC#119_ses-2024-03-22-task-day10_widefield.nwb	167247124428	18153	110	76
sub-VG1-GC#73/sub-VG1-GC#73_ses-2023-09-05-task-day12_widefield+behavior/sub-VG1-GC#73_ses-2023-09-05-task-day12_eye-camera.mp4	2764112277	182	25	7
sub-VG1-GC#52/sub-VG1-GC#52_ses-2023-07-03-task-day13_widefield+behavior/sub-VG1-GC#52_ses-2023-07-03-task-day13_body-camera.mp4	7334747030	335	29	6
sub-VG1-GC#48/sub-VG1-GC#48_ses-2023-08-28-task-day6_widefield+behavior.nwb	231947623965	29572	115	82
sub-VG1-GC#119/sub-VG1-GC#119_ses-2024-03-28-task-day14_widefield+behavior/sub-VG1-GC#119_ses-2024-03-28-task-day14_eye-camera.mp4	2769205114	186	30	8
sub-VG1-GC#87/sub-VG1-GC#87_ses-2023-11-09-task-day12_widefield+behavior/sub-VG1-GC#87_ses-2023-11-09-task-day12_face-camera.mp4	11811481216	676	26	6
sub-VG1-GC#116/sub-VG1-GC#116_ses-2024-01-17-task-day2_widefield+behavior/sub-VG1-GC#116_ses-2024-01-17-task-day2_body-camera.mp4	7554204831	331	28	7
sub-VG1-GC#125/sub-VG1-GC#125_ses-2024-05-08-task-day12_widefield+behavior/sub-VG1-GC#125_ses-2024-05-08-task-day12_body-camera.mp4	4466632495	319	24	6
sub-VG1-GC#117/sub-VG1-GC#117_ses-2024-04-16-task-day1_widefield+behavior.nwb	168981059415	28977	113	88
sub-VG1-GC#51/sub-VG1-GC#51_ses-2023-06-23-resting-state-day7_widefield+behavior.nwb	120427503232	20514	107	78
sub-VG1-GC#63/sub-VG1-GC#63_ses-2023-08-25-task-day5_widefield+behavior/sub-VG1-GC#63_ses-2023-08-25-task-day5_eye-camera.mp4	2728235865	174	18	7
sub-VG1-GC#87/sub-VG1-GC#87_ses-2023-10-24-resting-state-day1_widefield+behavior/sub-VG1-GC#87_ses-2023-10-24-resting-state-day1_face-camera.mp4	3099044316	192	21	6
sub-VG1-GC#129/sub-VG1-GC#129_ses-2024-03-12-task-day3_widefield+behavior/sub-VG1-GC#129_ses-2024-03-12-task-day3_eye-camera.mp4	3608421490	186	26	8
sub-VG1-GC#99/sub-VG1-GC#99_ses-2024-02-01-resting-state-day7_widefield+behavior/sub-VG1-GC#99_ses-2024-02-01-resting-state-day7_face-camera.mp4	2581503667	192	21	6
sub-VG1-GC#125/sub-VG1-GC#125_ses-2024-05-08-task-day12_widefield+behavior.nwb	168678206058	28728	104	79
sub-VG1-GC#48/sub-VG1-GC#48_ses-2023-08-29-resting-state-day7_widefield+behavior/sub-VG1-GC#48_ses-2023-08-29-resting-state-day7_eye-camera.mp4	2103986433	95	34	8
sub-VG1-GC#105/sub-VG1-GC#105_ses-2024-02-06-task-day9_widefield+behavior/sub-VG1-GC#105_ses-2024-02-06-task-day9_eye-camera.mp4	3196523914	179	25	7
sub-VG1-GC#125/sub-VG1-GC#125_ses-2024-04-17-resting-state-day0_widefield+behavior/sub-VG1-GC#125_ses-2024-04-17-resting-state-day0_eye-camera.mp4	875819543	84	25	7
sub-VG1-GC#129/sub-VG1-GC#129_ses-2024-03-15-task-day6_widefield+behavior/sub-VG1-GC#129_ses-2024-03-15-task-day6_face-camera.mp4	7367010080	508	21	6
sub-VG1-GC#78/sub-VG1-GC#78_ses-2023-11-24-task-day8_widefield+behavior/sub-VG1-GC#78_ses-2023-11-24-task-day8_eye-camera.mp4	4110905238	187	26	8
sub-VG1-GC#116/sub-VG1-GC#116_ses-2024-01-29-task-day10_widefield+behavior/sub-VG1-GC#116_ses-2024-01-29-task-day10_face-camera.mp4	12713299963	526	31	8
sub-VG1-GC#61/sub-VG1-GC#61_ses-2023-06-23-task-day7_widefield+behavior/sub-VG1-GC#61_ses-2023-06-23-task-day7_body-camera.mp4	5465636752	325	25	6
sub-VG1-GC#51/sub-VG1-GC#51_ses-2023-06-23-resting-state-day7_widefield+behavior/sub-VG1-GC#51_ses-2023-06-23-resting-state-day7_eye-camera.mp4	2133571911	93	33	7
sub-VG1-GC#78/sub-VG1-GC#78_ses-2023-12-06-sensory-stim-day16_widefield.nwb	81029878272	5373	82	58
sub-VG1-GC#63/sub-VG1-GC#63_ses-2023-08-18-resting-state-day0_widefield+behavior/sub-VG1-GC#63_ses-2023-08-18-resting-state-day0_eye-camera.mp4	1373253157	91	29	7
sub-VG1-GC#78/sub-VG1-GC#78_ses-2023-11-14-task-day1_widefield+behavior/sub-VG1-GC#78_ses-2023-11-14-task-day1_eye-camera.mp4	4042464468	185	24	8
sub-VG1-GC#125/sub-VG1-GC#125_ses-2024-04-17-resting-state-day0_widefield+behavior/sub-VG1-GC#125_ses-2024-04-17-resting-state-day0_face-camera.mp4	2572792352	195	26	6
sub-VG1-GC#127/sub-VG1-GC#127_ses-2024-04-24-task-day7_widefield+behavior.nwb	188225714695	27735	117	79
sub-VG1-GC#125/sub-VG1-GC#125_ses-2024-05-14-sensory-stim-day16_widefield.nwb	83671994909	5540	80	61
sub-VG1-GC#61/sub-VG1-GC#61_ses-2023-06-29-task-day11_widefield+behavior/sub-VG1-GC#61_ses-2023-06-29-task-day11_face-camera.mp4	9375830098	540	25	6
sub-VG1-GC#54/sub-VG1-GC#54_ses-2023-07-03-task-day13_widefield+behavior/sub-VG1-GC#54_ses-2023-07-03-task-day13_face-camera.mp4	8870775680	510	21	6
sub-VG1-GC#61/sub-VG1-GC#61_ses-2023-06-19-task-day3_widefield+behavior/sub-VG1-GC#61_ses-2023-06-19-task-day3_body-camera.mp4	5655697398	334	21	7
sub-VG1-GC#117/sub-VG1-GC#117_ses-2024-05-02-task-day12_widefield+behavior.nwb	153476589516	27729	105	80
sub-VG1-GC#119/sub-VG1-GC#119_ses-2024-03-26-task-day12_widefield+behavior.nwb	172053703733	29325	112	81
sub-VG1-GC#117/sub-VG1-GC#117_ses-2024-05-08-task-day14_widefield+behavior/sub-VG1-GC#117_ses-2024-05-08-task-day14_body-camera.mp4	4504872168	319	23	6
sub-VG1-GC#127/sub-VG1-GC#127_ses-2024-05-08-task-day14_widefield+behavior/sub-VG1-GC#127_ses-2024-05-08-task-day14_body-camera.mp4	4476279490	314	19	6
sub-VG1-GC#60/sub-VG1-GC#60_ses-2023-06-19-task-day3_widefield+behavior.nwb	206796271029	30657	110	81
sub-VG1-GC#54/sub-VG1-GC#54_ses-2023-06-23-task-day7_widefield+behavior/sub-VG1-GC#54_ses-2023-06-23-task-day7_eye-camera.mp4	3936978774	182	24	8
sub-VG1-GC#119/sub-VG1-GC#119_ses-2024-03-07-resting-state-day1_widefield+behavior/sub-VG1-GC#119_ses-2024-03-07-resting-state-day1_body-camera.mp4	2799108146	140	28	7
sub-VG1-GC#78/sub-VG1-GC#78_ses-2023-12-05-task-day15_widefield+behavior/sub-VG1-GC#78_ses-2023-12-05-task-day15_body-camera.mp4	5483954110	325	21	6
sub-VG1-GC#54/sub-VG1-GC#54_ses-2023-06-20-task-day4_widefield+behavior.nwb	233408205735	30511	108	82
sub-VG1-GC#78/sub-VG1-GC#78_ses-2023-11-24-task-day8_widefield+behavior/sub-VG1-GC#78_ses-2023-11-24-task-day8_body-camera.mp4	7428409666	334	30	7
sub-VG1-GC#117/sub-VG1-GC#117_ses-2024-04-26-task-day9_widefield+behavior/sub-VG1-GC#117_ses-2024-04-26-task-day9_body-camera.mp4	4528711252	326	30	6
sub-VG1-GC#48/sub-VG1-GC#48_ses-2023-08-25-task-day5_widefield+behavior/sub-VG1-GC#48_ses-2023-08-25-task-day5_face-camera.mp4	19290581410	528	30	9
sub-VG1-GC#73/sub-VG1-GC#73_ses-2023-08-31-task-day9_widefield+behavior/sub-VG1-GC#73_ses-2023-08-31-task-day9_body-camera.mp4	5409770644	321	23	6
sub-VG1-GC#66/sub-VG1-GC#66_ses-2023-09-08-task-day15_widefield+behavior/sub-VG1-GC#66_ses-2023-09-08-task-day15_body-camera.mp4	5424579166	327	29	6
sub-VG1-GC#78/sub-VG1-GC#78_ses-2023-11-24-task-day8_widefield+behavior/sub-VG1-GC#78_ses-2023-11-24-task-day8_face-camera.mp4	8865338994	510	20	6
sub-VG1-GC#63/sub-VG1-GC#63_ses-2023-08-18-resting-state-day0_widefield+behavior/sub-VG1-GC#63_ses-2023-08-18-resting-state-day0_body-camera.mp4	2287430311	133	23	6
sub-VG1-GC#127/sub-VG1-GC#127_ses-2024-05-01-task-day11_widefield+behavior/sub-VG1-GC#127_ses-2024-05-01-task-day11_eye-camera.mp4	2280520175	171	17	7
sub-VG1-GC#116/sub-VG1-GC#116_ses-2024-01-16-task-day1_widefield+behavior.nwb	177620171880	29257	125	88
sub-VG1-GC#127/sub-VG1-GC#127_ses-2024-04-25-task-day8_widefield+behavior/sub-VG1-GC#127_ses-2024-04-25-task-day8_eye-camera.mp4	2329556687	183	29	7
sub-VG1-GC#61/sub-VG1-GC#61_ses-2023-06-19-task-day3_widefield+behavior/sub-VG1-GC#61_ses-2023-06-19-task-day3_face-camera.mp4	9297438706	532	19	6
sub-VG1-GC#78/sub-VG1-GC#78_ses-2023-12-05-resting-state-day15_widefield+behavior/sub-VG1-GC#78_ses-2023-12-05-resting-state-day15_body-camera.mp4	1905031876	128	21	6
sub-VG1-GC#78/sub-VG1-GC#78_ses-2023-11-13-resting-state-day0_widefield+behavior/sub-VG1-GC#78_ses-2023-11-13-resting-state-day0_face-camera.mp4	4387585714	200	23	7
sub-VG1-GC#85/sub-VG1-GC#85_ses-2023-10-23-resting-state-day0_widefield+behavior/sub-VG1-GC#85_ses-2023-10-23-resting-state-day0_face-camera.mp4	3067630686	193	22	6
sub-VG1-GC#124/sub-VG1-GC#124_ses-2024-01-16-resting-state-day1_widefield+behavior.nwb	73501141440	18474	91	67
sub-VG1-GC#116/sub-VG1-GC#116_ses-2024-01-25-task-day8_widefield+behavior.nwb	190854896679	28984	110	83
sub-VG1-GC#51/sub-VG1-GC#51_ses-2023-06-15-resting-state-day1_widefield+behavior/sub-VG1-GC#51_ses-2023-06-15-resting-state-day1_body-camera.mp4	7213696795	241	34	12
sub-VG1-GC#63/sub-VG1-GC#63_ses-2023-09-08-task-day15_widefield+behavior/sub-VG1-GC#63_ses-2023-09-08-task-day15_face-camera.mp4	8907647668	516	27	6
sub-VG1-GC#85/sub-VG1-GC#85_ses-2023-11-13-task-day5_widefield+behavior/sub-VG1-GC#85_ses-2023-11-13-task-day5_body-camera.mp4	7402628582	327	24	7
sub-VG1-GC#54/sub-VG1-GC#54_ses-2023-06-21-task-day5_widefield+behavior/sub-VG1-GC#54_ses-2023-06-21-task-day5_body-camera.mp4	5405524984	319	21	6
sub-VG1-GC#119/sub-VG1-GC#119_ses-2024-03-18-task-day7_widefield+behavior/sub-VG1-GC#119_ses-2024-03-18-task-day7_eye-camera.mp4	3857029886	183	23	8
sub-VG1-GC#48/sub-VG1-GC#48_ses-2023-08-21-resting-state-day1_widefield+behavior/sub-VG1-GC#48_ses-2023-08-21-resting-state-day1_face-camera.mp4	6138465147	198	25	6
sub-VG1-GC#119/sub-VG1-GC#119_ses-2024-03-28-task-day14_widefield+behavior/sub-VG1-GC#119_ses-2024-03-28-task-day14_body-camera.mp4	5480311327	325	27	7
sub-VG1-GC#99/sub-VG1-GC#99_ses-2024-02-01-task-day7_widefield+behavior/sub-VG1-GC#99_ses-2024-02-01-task-day7_body-camera.mp4	4562678780	319	20	7
sub-VG1-GC#87/sub-VG1-GC#87_ses-2023-11-10-task-day13_widefield+behavior/sub-VG1-GC#87_ses-2023-11-10-task-day13_body-camera.mp4	5377343802	322	20	7
sub-VG1-GC#51/sub-VG1-GC#51_ses-2023-07-05-resting-state-day15_widefield+behavior.nwb	138199679716	20413	101	73
sub-VG1-GC#73/sub-VG1-GC#73_ses-2023-08-18-resting-state-day0_widefield+behavior/sub-VG1-GC#73_ses-2023-08-18-resting-state-day0_face-camera.mp4	4521415530	202	22	7
sub-VG1-GC#109/sub-VG1-GC#109_ses-2024-02-01-task-day13_widefield+behavior/sub-VG1-GC#109_ses-2024-02-01-task-day13_eye-camera.mp4	4081983332	183	23	8
sub-VG1-GC#127/sub-VG1-GC#127_ses-2024-04-24-task-day7_widefield+behavior/sub-VG1-GC#127_ses-2024-04-24-task-day7_face-camera.mp4	7581460045	518	19	6
sub-VG1-GC#85/sub-VG1-GC#85_ses-2023-11-28-resting-state-day15_widefield+behavior/sub-VG1-GC#85_ses-2023-11-28-resting-state-day15_body-camera.mp4	1915479424	124	17	6
sub-VG1-GC#61/sub-VG1-GC#61_ses-2023-06-23-resting-state-day7_widefield+behavior/sub-VG1-GC#61_ses-2023-06-23-resting-state-day7_body-camera.mp4	3131252948	131	17	7
sub-VG1-GC#51/sub-VG1-GC#51_ses-2023-06-21-task-day5_widefield+behavior/sub-VG1-GC#51_ses-2023-06-21-task-day5_body-camera.mp4	9836831315	327	26	8
sub-VG1-GC#117/sub-VG1-GC#117_ses-2024-04-24-resting-state-day7_widefield+behavior/sub-VG1-GC#117_ses-2024-04-24-resting-state-day7_face-camera.mp4	3056810904	187	15	7
sub-VG1-GC#122/sub-VG1-GC#122_ses-2024-03-25-task-day11_widefield+behavior/sub-VG1-GC#122_ses-2024-03-25-task-day11_face-camera.mp4	10474811962	512	19	7
sub-VG1-GC#116/sub-VG1-GC#116_ses-2024-01-19-task-day4_widefield+behavior/sub-VG1-GC#116_ses-2024-01-19-task-day4_eye-camera.mp4	2717307128	174	20	7
sub-VG1-GC#63/sub-VG1-GC#63_ses-2023-09-14-sensory-stim-day17_widefield.nwb	75756166020	5818	80	61
sub-VG1-GC#60/sub-VG1-GC#60_ses-2023-06-15-resting-state-day1_widefield+behavior.nwb	87657721705	20762	94	73
sub-VG1-GC#54/sub-VG1-GC#54_ses-2023-06-26-task-day8_widefield+behavior/sub-VG1-GC#54_ses-2023-06-26-task-day8_face-camera.mp4	8881066162	509	18	6
sub-VG1-GC#54/sub-VG1-GC#54_ses-2023-06-29-task-day11_widefield+behavior/sub-VG1-GC#54_ses-2023-06-29-task-day11_face-camera.mp4	8878872974	504	13	6
sub-VG1-GC#117/sub-VG1-GC#117_ses-2024-04-23-task-day6_widefield+behavior.nwb	171195484699	27608	99	80
sub-VG1-GC#51/sub-VG1-GC#51_ses-2023-06-16-task-day2_widefield+behavior.nwb	278323042293	30868	117	89
sub-VG1-GC#99/sub-VG1-GC#99_ses-2024-02-07-task-day10_widefield+behavior/sub-VG1-GC#99_ses-2024-02-07-task-day10_eye-camera.mp4	4037780727	177	14	9
sub-VG1-GC#54/sub-VG1-GC#54_ses-2023-06-28-task-day10_widefield+behavior/sub-VG1-GC#54_ses-2023-06-28-task-day10_face-camera.mp4	13310916255	515	18	7
sub-VG1-GC#122/sub-VG1-GC#122_ses-2024-03-18-resting-state-day7_widefield+behavior/sub-VG1-GC#122_ses-2024-03-18-resting-state-day7_body-camera.mp4	1563694402	122	18	6
sub-VG1-GC#53/sub-VG1-GC#53_ses-2023-06-26-task-day8_widefield+behavior/sub-VG1-GC#53_ses-2023-06-26-task-day8_eye-camera.mp4	3501190157	171	19	7
sub-VG1-GC#124/sub-VG1-GC#124_ses-2024-01-24-task-day7_widefield+behavior/sub-VG1-GC#124_ses-2024-01-24-task-day7_body-camera.mp4	5451869661	324	27	6
sub-VG1-GC#116/sub-VG1-GC#116_ses-2024-02-01-task-day13_widefield+behavior/sub-VG1-GC#116_ses-2024-02-01-task-day13_eye-camera.mp4	2719060850	174	20	7
sub-VG1-GC#53/sub-VG1-GC#53_ses-2023-07-05-task-day15_widefield+behavior/sub-VG1-GC#53_ses-2023-07-05-task-day15_face-camera.mp4	11824251386	516	28	6
sub-VG1-GC#73/sub-VG1-GC#73_ses-2023-08-25-task-day5_widefield+behavior/sub-VG1-GC#73_ses-2023-08-25-task-day5_eye-camera.mp4	2787614883	177	19	7
sub-VG1-GC#125/sub-VG1-GC#125_ses-2024-04-30-task-day8_widefield+behavior/sub-VG1-GC#125_ses-2024-04-30-task-day8_body-camera.mp4	4449139371	310	15	6
sub-VG1-GC#54/sub-VG1-GC#54_ses-2023-06-22-task-day6_widefield+behavior/sub-VG1-GC#54_ses-2023-06-22-task-day6_face-camera.mp4	8904324936	511	19	7
sub-VG1-GC#129/sub-VG1-GC#129_ses-2024-03-06-resting-state-day0_widefield+behavior/sub-VG1-GC#129_ses-2024-03-06-resting-state-day0_body-camera.mp4	1606191348	124	20	6
sub-VG1-GC#53/sub-VG1-GC#53_ses-2023-06-30-task-day12_widefield+behavior/sub-VG1-GC#53_ses-2023-06-30-task-day12_face-camera.mp4	11787115582	508	20	6
sub-VG1-GC#61/sub-VG1-GC#61_ses-2023-06-14-resting-state-day0_widefield+behavior/sub-VG1-GC#61_ses-2023-06-14-resting-state-day0_body-camera.mp4	2070635551	134	14	7
sub-VG1-GC#87/sub-VG1-GC#87_ses-2023-10-31-task-day6_widefield+behavior/sub-VG1-GC#87_ses-2023-10-31-task-day6_face-camera.mp4	13236478948	514	18	8
sub-VG1-GC#48/sub-VG1-GC#48_ses-2023-09-07-task-day14_widefield+behavior/sub-VG1-GC#48_ses-2023-09-07-task-day14_eye-camera.mp4	4058415689	179	25	7
sub-VG1-GC#60/sub-VG1-GC#60_ses-2023-07-04-task-day14_widefield+behavior/sub-VG1-GC#60_ses-2023-07-04-task-day14_eye-camera.mp4	2650290627	166	14	7
sub-VG1-GC#52/sub-VG1-GC#52_ses-2023-06-30-task-day12_widefield+behavior/sub-VG1-GC#52_ses-2023-06-30-task-day12_eye-camera.mp4	3532989877	176	24	7
sub-VG1-GC#66/sub-VG1-GC#66_ses-2023-09-08-task-day15_widefield+behavior/sub-VG1-GC#66_ses-2023-09-08-task-day15_eye-camera.mp4	2756999715	177	22	7
sub-VG1-GC#73/sub-VG1-GC#73_ses-2023-09-08-resting-state-day15_widefield+behavior.nwb	97341641786	19992	82	66
sub-VG1-GC#116/sub-VG1-GC#116_ses-2024-01-30-task-day11_widefield+behavior/sub-VG1-GC#116_ses-2024-01-30-task-day11_eye-camera.mp4	4079764151	189	29	8
sub-VG1-GC#51/sub-VG1-GC#51_ses-2023-06-19-task-day3_widefield+behavior.nwb	239320130014	30931	110	88
sub-VG1-GC#52/sub-VG1-GC#52_ses-2023-06-20-task-day4_widefield+behavior.nwb	270565632145	29995	108	82
sub-VG1-GC#127/sub-VG1-GC#127_ses-2024-05-09-task-day15_widefield+behavior/sub-VG1-GC#127_ses-2024-05-09-task-day15_eye-camera.mp4	2311251616	174	20	7
sub-VG1-GC#124/sub-VG1-GC#124_ses-2024-02-02-task-day14_widefield+behavior/sub-VG1-GC#124_ses-2024-02-02-task-day14_body-camera.mp4	5496623805	323	21	8
sub-VG1-GC#130/sub-VG1-GC#130_ses-2024-04-16-task-day1_widefield+behavior/sub-VG1-GC#130_ses-2024-04-16-task-day1_eye-camera.mp4	2290546574	173	15	9
sub-VG1-GC#78/sub-VG1-GC#78_ses-2023-11-17-task-day4_widefield+behavior/sub-VG1-GC#78_ses-2023-11-17-task-day4_body-camera.mp4	9177164701	528	23	8
sub-VG1-GC#127/sub-VG1-GC#127_ses-2024-04-16-resting-state-day1_widefield+behavior/sub-VG1-GC#127_ses-2024-04-16-resting-state-day1_body-camera.mp4	2435330215	123	13	7
sub-VG1-GC#51/sub-VG1-GC#51_ses-2023-07-03-task-day13_widefield+behavior/sub-VG1-GC#51_ses-2023-07-03-task-day13_face-camera.mp4	18919762434	519	23	7
sub-VG1-GC#73/sub-VG1-GC#73_ses-2023-09-08-task-day15_widefield+behavior/sub-VG1-GC#73_ses-2023-09-08-task-day15_face-camera.mp4	8909047122	512	16	7
sub-VG1-GC#109/sub-VG1-GC#109_ses-2024-01-25-task-day8_widefield+behavior/sub-VG1-GC#109_ses-2024-01-25-task-day8_face-camera.mp4	8869272521	507	19	7
sub-VG1-GC#53/sub-VG1-GC#53_ses-2023-06-14-resting-state-day0_widefield+behavior.nwb	54743854743	21421	81	69
sub-VG1-GC#116/sub-VG1-GC#116_ses-2024-02-05-task-day15_widefield+behavior/sub-VG1-GC#116_ses-2024-02-05-task-day15_face-camera.mp4	8862433035	508	20	6
sub-VG1-GC#78/sub-VG1-GC#78_ses-2023-11-17-task-day4_widefield+behavior.nwb	199696127951	27130	100	75
sub-VG1-GC#117/sub-VG1-GC#117_ses-2024-04-16-resting-state-day1_widefield+behavior/sub-VG1-GC#117_ses-2024-04-16-resting-state-day1_body-camera.mp4	1645794783	128	20	7
sub-VG1-GC#119/sub-VG1-GC#119_ses-2024-03-15-task-day6_widefield+behavior/sub-VG1-GC#119_ses-2024-03-15-task-day6_face-camera.mp4	8853740793	506	19	6
sub-VG1-GC#85/sub-VG1-GC#85_ses-2023-11-13-task-day5_widefield+behavior/sub-VG1-GC#85_ses-2023-11-13-task-day5_face-camera.mp4	8845113210	507	19	6
sub-VG1-GC#122/sub-VG1-GC#122_ses-2024-03-14-task-day5_widefield+behavior/sub-VG1-GC#122_ses-2024-03-14-task-day5_eye-camera.mp4	2265283711	169	15	7
sub-VG1-GC#105/sub-VG1-GC#105_ses-2024-02-01-task-day7_widefield+behavior.nwb	273645829530	28393	111	84
sub-VG1-GC#52/sub-VG1-GC#52_ses-2023-06-28-task-day10_widefield+behavior.nwb	251685817529	29575	107	80
sub-VG1-GC#85/sub-VG1-GC#85_ses-2023-11-13-task-day5_widefield+behavior.nwb	200026809505	25732	94	72
sub-VG1-GC#54/sub-VG1-GC#54_ses-2023-07-11-sensory-stim-day16_widefield.nwb	91294421792	5632	84	66
sub-VG1-GC#129/sub-VG1-GC#129_ses-2024-03-21-task-day9_widefield+behavior/sub-VG1-GC#129_ses-2024-03-21-task-day9_eye-camera.mp4	2320795452	178	24	7
sub-VG1-GC#116/sub-VG1-GC#116_ses-2024-01-18-task-day3_widefield+behavior.nwb	194013824002	28108	104	82
sub-VG1-GC#99/sub-VG1-GC#99_ses-2024-02-02-task-day8_widefield+behavior.nwb	158619516403	26592	101	79
sub-VG1-GC#125/sub-VG1-GC#125_ses-2024-04-24-task-day5_widefield+behavior/sub-VG1-GC#125_ses-2024-04-24-task-day5_body-camera.mp4	4548600514	317	17	6
sub-VG1-GC#125/sub-VG1-GC#125_ses-2024-05-09-task-day13_widefield+behavior.nwb	168307021846	27375	91	75
sub-VG1-GC#130/sub-VG1-GC#130_ses-2024-05-01-task-day11_widefield+behavior/sub-VG1-GC#130_ses-2024-05-01-task-day11_face-camera.mp4	7524109884	507	10	7
sub-VG1-GC#60/sub-VG1-GC#60_ses-2023-07-03-task-day13_widefield+behavior/sub-VG1-GC#60_ses-2023-07-03-task-day13_body-camera.mp4	5451033670	318	16	6
sub-VG1-GC#124/sub-VG1-GC#124_ses-2024-01-25-task-day8_widefield+behavior/sub-VG1-GC#124_ses-2024-01-25-task-day8_face-camera.mp4	12589029255	516	18	9
sub-VG1-GC#53/sub-VG1-GC#53_ses-2023-07-03-task-day13_widefield+behavior/sub-VG1-GC#53_ses-2023-07-03-task-day13_face-camera.mp4	11753537778	503	15	6
sub-VG1-GC#61/sub-VG1-GC#61_ses-2023-06-29-task-day11_widefield+behavior.nwb	191990465294	26877	94	77
sub-VG1-GC#122/sub-VG1-GC#122_ses-2024-03-12-task-day3_widefield+behavior.nwb	172577466402	27458	92	80
sub-VG1-GC#51/sub-VG1-GC#51_ses-2023-06-14-resting-state-day0_widefield+behavior.nwb	67275664016	24926	106	74
sub-VG1-GC#105/sub-VG1-GC#105_ses-2024-02-02-task-day8_widefield+behavior/sub-VG1-GC#105_ses-2024-02-02-task-day8_eye-camera.mp4	4440318088	180	20	8
sub-VG1-GC#73/sub-VG1-GC#73_ses-2023-09-07-task-day14_widefield+behavior/sub-VG1-GC#73_ses-2023-09-07-task-day14_eye-camera.mp4	2693552583	167	12	7
sub-VG1-GC#66/sub-VG1-GC#66_ses-2023-09-05-task-day12_widefield+behavior.nwb	199485995332	28138	98	79
sub-VG1-GC#99/sub-VG1-GC#99_ses-2024-01-24-resting-state-day1_widefield+behavior.nwb	64333092335	17772	84	67
sub-VG1-GC#87/sub-VG1-GC#87_ses-2023-10-31-task-day6_widefield+behavior.nwb	200422476429	26560	93	73
sub-VG1-GC#48/sub-VG1-GC#48_ses-2023-09-05-task-day12_widefield+behavior/sub-VG1-GC#48_ses-2023-09-05-task-day12_face-camera.mp4	13246198903	510	21	6
sub-VG1-GC#87/sub-VG1-GC#87_ses-2023-11-13-task-day14_widefield+behavior/sub-VG1-GC#87_ses-2023-11-13-task-day14_face-camera.mp4	8807544854	499	11	6
sub-VG1-GC#87/sub-VG1-GC#87_ses-2023-11-06-task-day9_widefield+behavior/sub-VG1-GC#87_ses-2023-11-06-task-day9_body-camera.mp4	7927167206	314	11	7
sub-VG1-GC#117/sub-VG1-GC#117_ses-2024-04-24-resting-state-day7_widefield+behavior.nwb	71036919165	20484	80	71
sub-VG1-GC#130/sub-VG1-GC#130_ses-2024-04-15-resting-state-day0_widefield+behavior/sub-VG1-GC#130_ses-2024-04-15-resting-state-day0_eye-camera.mp4	1031684841	78	17	8
sub-VG1-GC#78/sub-VG1-GC#78_ses-2023-11-14-task-day1_widefield+behavior/sub-VG1-GC#78_ses-2023-11-14-task-day1_face-camera.mp4	8852175110	506	18	6
sub-VG1-GC#109/sub-VG1-GC#109_ses-2024-01-22-task-day5_widefield+behavior/sub-VG1-GC#109_ses-2024-01-22-task-day5_body-camera.mp4	5388416507	321	24	7
sub-VG1-GC#48/sub-VG1-GC#48_ses-2023-08-25-task-day5_widefield+behavior/sub-VG1-GC#48_ses-2023-08-25-task-day5_eye-camera.mp4	4866368221	175	20	7
sub-VG1-GC#51/sub-VG1-GC#51_ses-2023-06-20-task-day4_widefield+behavior/sub-VG1-GC#51_ses-2023-06-20-task-day4_body-camera.mp4	12499615461	334	21	8
sub-VG1-GC#60/sub-VG1-GC#60_ses-2023-06-23-resting-state-day7_widefield+behavior/sub-VG1-GC#60_ses-2023-06-23-resting-state-day7_body-camera.mp4	2159777479	121	14	6
sub-VG1-GC#52/sub-VG1-GC#52_ses-2023-06-14-resting-state-day0_widefield+behavior/sub-VG1-GC#52_ses-2023-06-14-resting-state-day0_face-camera.mp4	4864800551	204	13	7
sub-VG1-GC#54/sub-VG1-GC#54_ses-2023-06-15-resting-state-day1_widefield+behavior/sub-VG1-GC#54_ses-2023-06-15-resting-state-day1_eye-camera.mp4	1696838208	84	12	10
sub-VG1-GC#117/sub-VG1-GC#117_ses-2024-05-09-resting-state-day15_widefield+behavior/sub-VG1-GC#117_ses-2024-05-09-resting-state-day15_eye-camera.mp4	939603680	73	14	7
sub-VG1-GC#87/sub-VG1-GC#87_ses-2023-10-25-task-day2_widefield+behavior/sub-VG1-GC#87_ses-2023-10-25-task-day2_eye-camera.mp4	3689809265	176	15	8
sub-VG1-GC#54/sub-VG1-GC#54_ses-2023-07-03-task-day13_widefield+behavior.nwb	207158785097	29274	100	83
sub-VG1-GC#124/sub-VG1-GC#124_ses-2024-01-24-task-day7_widefield+behavior/sub-VG1-GC#124_ses-2024-01-24-task-day7_face-camera.mp4	12927202859	520	21	9
sub-VG1-GC#109/sub-VG1-GC#109_ses-2024-01-31-task-day12_widefield+behavior/sub-VG1-GC#109_ses-2024-01-31-task-day12_eye-camera.mp4	2689143770	167	13	7
sub-VG1-GC#78/sub-VG1-GC#78_ses-2023-11-21-task-day6_widefield+behavior/sub-VG1-GC#78_ses-2023-11-21-task-day6_body-camera.mp4	7947008898	315	11	8
sub-VG1-GC#66/sub-VG1-GC#66_ses-2023-08-29-resting-state-day7_widefield+behavior.nwb	96270409366	18604	90	66
sub-VG1-GC#130/sub-VG1-GC#130_ses-2024-05-01-task-day11_widefield+behavior/sub-VG1-GC#130_ses-2024-05-01-task-day11_eye-camera.mp4	2271908242	166	9	7
sub-VG1-GC#60/sub-VG1-GC#60_ses-2023-06-14-resting-state-day0_widefield+behavior/sub-VG1-GC#60_ses-2023-06-14-resting-state-day0_eye-camera.mp4	1129212740	76	15	7
sub-VG1-GC#78/sub-VG1-GC#78_ses-2023-11-28-task-day10_widefield+behavior.nwb	186541671506	28366	100	77
sub-VG1-GC#99/sub-VG1-GC#99_ses-2024-02-01-task-day7_widefield+behavior/sub-VG1-GC#99_ses-2024-02-01-task-day7_eye-camera.mp4	2261422602	169	14	7
sub-VG1-GC#63/sub-VG1-GC#63_ses-2023-08-29-resting-state-day7_widefield+behavior/sub-VG1-GC#63_ses-2023-08-29-resting-state-day7_face-camera.mp4	3631206458	192	16	7
sub-VG1-GC#78/sub-VG1-GC#78_ses-2023-11-22-task-day7_widefield+behavior/sub-VG1-GC#78_ses-2023-11-22-task-day7_eye-camera.mp4	4058472921	179	15	8
sub-VG1-GC#63/sub-VG1-GC#63_ses-2023-09-08-task-day15_widefield+behavior.nwb	230971094714	29126	112	86
sub-VG1-GC#87/sub-VG1-GC#87_ses-2023-11-14-resting-state-day15_widefield+behavior/sub-VG1-GC#87_ses-2023-11-14-resting-state-day15_body-camera.mp4	1921234960	131	24	6
sub-VG1-GC#85/sub-VG1-GC#85_ses-2023-10-23-resting-state-day0_widefield+behavior.nwb	77222215661	19719	79	69
sub-VG1-GC#85/sub-VG1-GC#85_ses-2023-11-28-task-day15_widefield+behavior.nwb	253539692063	26293	98	77
sub-VG1-GC#53/sub-VG1-GC#53_ses-2023-06-28-task-day10_widefield+behavior/sub-VG1-GC#53_ses-2023-06-28-task-day10_face-camera.mp4	11848024974	510	19	6
sub-VG1-GC#85/sub-VG1-GC#85_ses-2023-10-24-task-day1_widefield+behavior/sub-VG1-GC#85_ses-2023-10-24-task-day1_body-camera.mp4	5337421646	308	11	6
sub-VG1-GC#66/sub-VG1-GC#66_ses-2023-09-06-task-day13_widefield+behavior/sub-VG1-GC#66_ses-2023-09-06-task-day13_body-camera.mp4	5417067958	318	18	6
sub-VG1-GC#125/sub-VG1-GC#125_ses-2024-04-17-resting-state-day0_widefield+behavior/sub-VG1-GC#125_ses-2024-04-17-resting-state-day0_body-camera.mp4	2406732883	121	11	7
sub-VG1-GC#105/sub-VG1-GC#105_ses-2024-01-29-task-day4_widefield+behavior.nwb	229893655825	27365	103	79
sub-VG1-GC#129/sub-VG1-GC#129_ses-2024-03-27-task-day13_widefield+behavior/sub-VG1-GC#129_ses-2024-03-27-task-day13_face-camera.mp4	7353621822	503	16	6
sub-VG1-GC#85/sub-VG1-GC#85_ses-2023-11-14-task-day6_widefield+behavior/sub-VG1-GC#85_ses-2023-11-14-task-day6_body-camera.mp4	5325060584	308	11	6
sub-VG1-GC#116/sub-VG1-GC#116_ses-2024-01-23-task-day6_widefield+behavior/sub-VG1-GC#116_ses-2024-01-23-task-day6_face-camera.mp4	9274147555	525	14	7
sub-VG1-GC#48/sub-VG1-GC#48_ses-2023-08-31-task-day9_widefield+behavior/sub-VG1-GC#48_ses-2023-08-31-task-day9_body-camera.mp4	8970895239	320	20	6
sub-VG1-GC#48/sub-VG1-GC#48_ses-2023-08-22-task-day2_widefield+behavior.nwb	325573790332	31042	118	88
sub-VG1-GC#61/sub-VG1-GC#61_ses-2023-07-03-task-day13_widefield+behavior/sub-VG1-GC#61_ses-2023-07-03-task-day13_face-camera.mp4	8797063786	501	13	6
sub-VG1-GC#53/sub-VG1-GC#53_ses-2023-06-29-task-day11_widefield+behavior/sub-VG1-GC#53_ses-2023-06-29-task-day11_body-camera.mp4	7235567282	324	24	6
sub-VG1-GC#87/sub-VG1-GC#87_ses-2023-10-23-resting-state-day0_widefield+behavior/sub-VG1-GC#87_ses-2023-10-23-resting-state-day0_face-camera.mp4	3025530636	183	11	7
sub-VG1-GC#124/sub-VG1-GC#124_ses-2024-01-18-task-day3_widefield+behavior/sub-VG1-GC#124_ses-2024-01-18-task-day3_eye-camera.mp4	2678561302	169	14	8
sub-VG1-GC#130/sub-VG1-GC#130_ses-2024-04-26-task-day9_widefield+behavior/sub-VG1-GC#130_ses-2024-04-26-task-day9_face-camera.mp4	7390665554	506	18	7
sub-VG1-GC#53/sub-VG1-GC#53_ses-2023-06-27-task-day9_widefield+behavior/sub-VG1-GC#53_ses-2023-06-27-task-day9_eye-camera.mp4	3459206685	165	13	7
sub-VG1-GC#51/sub-VG1-GC#51_ses-2023-06-15-resting-state-day1_widefield+behavior.nwb	126000941696	21151	91	82
sub-VG1-GC#78/sub-VG1-GC#78_ses-2023-11-29-task-day11_widefield+behavior/sub-VG1-GC#78_ses-2023-11-29-task-day11_eye-camera.mp4	2730265719	176	21	7
sub-VG1-GC#127/sub-VG1-GC#127_ses-2024-05-07-task-day13_widefield+behavior.nwb	156841324814	28353	96	75
sub-VG1-GC#73/sub-VG1-GC#73_ses-2023-08-18-resting-state-day0_widefield+behavior.nwb	67379537882	18776	81	67
sub-VG1-GC#52/sub-VG1-GC#52_ses-2023-06-14-resting-state-day0_widefield+behavior/sub-VG1-GC#52_ses-2023-06-14-resting-state-day0_eye-camera.mp4	1216992421	81	15	7
sub-VG1-GC#127/sub-VG1-GC#127_ses-2024-05-10-sensory-stim-day16_widefield.nwb	71326808557	5687	81	61
sub-VG1-GC#51/sub-VG1-GC#51_ses-2023-06-23-task-day7_widefield+behavior.nwb	345020269324	31829	127	110
sub-VG1-GC#122/sub-VG1-GC#122_ses-2024-03-13-task-day4_widefield+behavior/sub-VG1-GC#122_ses-2024-03-13-task-day4_eye-camera.mp4	2265367041	170	16	7
sub-VG1-GC#124/sub-VG1-GC#124_ses-2024-02-05-task-day15_widefield+behavior.nwb	208695644478	27864	95	82
sub-VG1-GC#54/sub-VG1-GC#54_ses-2023-06-27-task-day9_widefield+behavior.nwb	252878282062	31121	98	78
sub-VG1-GC#117/sub-VG1-GC#117_ses-2024-04-30-task-day10_widefield+behavior/sub-VG1-GC#117_ses-2024-04-30-task-day10_eye-camera.mp4	2233794503	169	15	7
sub-VG1-GC#87/sub-VG1-GC#87_ses-2023-11-15-sensory-stim-day16_widefield.nwb	71776413358	5335	82	58
sub-VG1-GC#63/sub-VG1-GC#63_ses-2023-08-21-task-day1_widefield+behavior/sub-VG1-GC#63_ses-2023-08-21-task-day1_eye-camera.mp4	2712910371	176	21	7
sub-VG1-GC#124/sub-VG1-GC#124_ses-2024-01-24-resting-state-day7_widefield+behavior/sub-VG1-GC#124_ses-2024-01-24-resting-state-day7_eye-camera.mp4	1184243600	86	27	7
sub-VG1-GC#109/sub-VG1-GC#109_ses-2024-01-30-task-day11_widefield+behavior/sub-VG1-GC#109_ses-2024-01-30-task-day11_eye-camera.mp4	3991221869	177	14	9
sub-VG1-GC#105/sub-VG1-GC#105_ses-2024-02-15-task-day15_widefield+behavior/sub-VG1-GC#105_ses-2024-02-15-task-day15_body-camera.mp4	6254734837	318	21	7
sub-VG1-GC#127/sub-VG1-GC#127_ses-2024-05-09-resting-state-day15_widefield+behavior.nwb	71354714713	18097	80	66
sub-VG1-GC#130/sub-VG1-GC#130_ses-2024-04-30-task-day10_widefield+behavior.nwb	156027197299	27357	88	77
sub-VG1-GC#61/sub-VG1-GC#61_ses-2023-06-20-task-day4_widefield+behavior.nwb	193797347631	28085	91	77
sub-VG1-GC#73/sub-VG1-GC#73_ses-2023-09-08-task-day15_widefield+behavior.nwb	240272293132	28673	97	83
sub-VG1-GC#99/sub-VG1-GC#99_ses-2024-02-13-task-day13_widefield+behavior.nwb	154919190142	25521	91	74
sub-VG1-GC#63/sub-VG1-GC#63_ses-2023-09-08-task-day15_widefield+behavior/sub-VG1-GC#63_ses-2023-09-08-task-day15_body-camera.mp4	7694665226	325	21	7
sub-VG1-GC#130/sub-VG1-GC#130_ses-2024-04-18-task-day3_widefield+behavior/sub-VG1-GC#130_ses-2024-04-18-task-day3_body-camera.mp4	4489343933	311	14	6
sub-VG1-GC#87/sub-VG1-GC#87_ses-2023-10-30-task-day5_widefield+behavior/sub-VG1-GC#87_ses-2023-10-30-task-day5_body-camera.mp4	5374805970	315	18	6
sub-VG1-GC#78/sub-VG1-GC#78_ses-2023-12-05-task-day15_widefield+behavior/sub-VG1-GC#78_ses-2023-12-05-task-day15_face-camera.mp4	8993490358	510	11	6
sub-VG1-GC#127/sub-VG1-GC#127_ses-2024-05-01-task-day11_widefield+behavior/sub-VG1-GC#127_ses-2024-05-01-task-day11_body-camera.mp4	4403390487	303	7	6
sub-VG1-GC#127/sub-VG1-GC#127_ses-2024-04-25-task-day8_widefield+behavior/sub-VG1-GC#127_ses-2024-04-25-task-day8_face-camera.mp4	7380068576	503	15	7
sub-VG1-GC#127/sub-VG1-GC#127_ses-2024-04-26-task-day9_widefield+behavior/sub-VG1-GC#127_ses-2024-04-26-task-day9_face-camera.mp4	7405393473	509	21	7
sub-VG1-GC#66/sub-VG1-GC#66_ses-2023-08-25-task-day5_widefield+behavior/sub-VG1-GC#66_ses-2023-08-25-task-day5_face-camera.mp4	8820643064	502	14	6
sub-VG1-GC#119/sub-VG1-GC#119_ses-2024-03-27-task-day13_widefield+behavior.nwb	171821539786	27696	93	78
sub-VG1-GC#124/sub-VG1-GC#124_ses-2024-01-25-task-day8_widefield+behavior/sub-VG1-GC#124_ses-2024-01-25-task-day8_eye-camera.mp4	2693023658	169	15	7
sub-VG1-GC#73/sub-VG1-GC#73_ses-2023-09-06-task-day13_widefield+behavior/sub-VG1-GC#73_ses-2023-09-06-task-day13_eye-camera.mp4	2748247977	176	18	7
sub-VG1-GC#122/sub-VG1-GC#122_ses-2024-03-15-task-day6_widefield+behavior/sub-VG1-GC#122_ses-2024-03-15-task-day6_body-camera.mp4	4450834516	311	15	6
sub-VG1-GC#73/sub-VG1-GC#73_ses-2023-08-31-task-day9_widefield+behavior.nwb	226535874201	26725	95	75
sub-VG1-GC#99/sub-VG1-GC#99_ses-2024-01-26-task-day3_widefield+behavior/sub-VG1-GC#99_ses-2024-01-26-task-day3_body-camera.mp4	5421997730	318	17	8
sub-VG1-GC#99/sub-VG1-GC#99_ses-2024-01-30-task-day5_widefield+behavior.nwb	139392299315	26176	93	74
sub-VG1-GC#48/sub-VG1-GC#48_ses-2023-08-29-task-day7_widefield+behavior.nwb	296586550007	30281	109	86
sub-VG1-GC#105/sub-VG1-GC#105_ses-2024-02-09-task-day12_widefield+behavior/sub-VG1-GC#105_ses-2024-02-09-task-day12_body-camera.mp4	6176583184	310	14	6
sub-VG1-GC#122/sub-VG1-GC#122_ses-2024-03-21-task-day9_widefield+behavior/sub-VG1-GC#122_ses-2024-03-21-task-day9_face-camera.mp4	11711067975	508	15	7
sub-VG1-GC#61/sub-VG1-GC#61_ses-2023-06-15-task-day1_widefield+behavior.nwb	197292872978	27150	96	78
sub-VG1-GC#99/sub-VG1-GC#99_ses-2024-01-29-task-day4_widefield+behavior/sub-VG1-GC#99_ses-2024-01-29-task-day4_eye-camera.mp4	2300676073	170	11	8
sub-VG1-GC#51/sub-VG1-GC#51_ses-2023-06-21-task-day5_widefield+behavior/sub-VG1-GC#51_ses-2023-06-21-task-day5_face-camera.mp4	19653991072	519	20	9
sub-VG1-GC#60/sub-VG1-GC#60_ses-2023-07-05-task-day15_widefield+behavior/sub-VG1-GC#60_ses-2023-07-05-task-day15_face-camera.mp4	9166559604	525	18	6
sub-VG1-GC#99/sub-VG1-GC#99_ses-2024-02-16-sensory-stim-day16_widefield.nwb	69037030426	9928	85	69
sub-VG1-GC#51/sub-VG1-GC#51_ses-2023-06-16-task-day2_widefield+behavior/sub-VG1-GC#51_ses-2023-06-16-task-day2_eye-camera.mp4	5209124092	177	23	8
sub-VG1-GC#122/sub-VG1-GC#122_ses-2024-03-25-task-day11_widefield+behavior/sub-VG1-GC#122_ses-2024-03-25-task-day11_body-camera.mp4	4436722197	313	17	6
sub-VG1-GC#73/sub-VG1-GC#73_ses-2023-08-22-task-day2_widefield+behavior/sub-VG1-GC#73_ses-2023-08-22-task-day2_eye-camera.mp4	2735441241	169	10	7
sub-VG1-GC#116/sub-VG1-GC#116_ses-2024-01-26-task-day9_widefield+behavior.nwb	221737824189	27250	105	77
sub-VG1-GC#116/sub-VG1-GC#116_ses-2024-01-24-resting-state-day7_widefield+behavior/sub-VG1-GC#116_ses-2024-01-24-resting-state-day7_face-camera.mp4	3058524625	188	18	6
sub-VG1-GC#60/sub-VG1-GC#60_ses-2023-06-19-task-day3_widefield+behavior/sub-VG1-GC#60_ses-2023-06-19-task-day3_body-camera.mp4	5353188292	316	18	6
sub-VG1-GC#73/sub-VG1-GC#73_ses-2023-08-21-task-day1_widefield+behavior/sub-VG1-GC#73_ses-2023-08-21-task-day1_body-camera.mp4	5547874734	329	23	6
sub-VG1-GC#105/sub-VG1-GC#105_ses-2024-02-01-resting-state-day7_widefield+behavior.nwb	98182060646	20529	85	72
sub-VG1-GC#61/sub-VG1-GC#61_ses-2023-06-22-task-day6_widefield+behavior/sub-VG1-GC#61_ses-2023-06-22-task-day6_body-camera.mp4	7876316594	317	13	7
sub-VG1-GC#122/sub-VG1-GC#122_ses-2024-03-21-task-day9_widefield+behavior/sub-VG1-GC#122_ses-2024-03-21-task-day9_eye-camera.mp4	2259464688	171	17	7
sub-VG1-GC#105/sub-VG1-GC#105_ses-2024-02-08-task-day11_widefield+behavior/sub-VG1-GC#105_ses-2024-02-08-task-day11_body-camera.mp4	8832979919	315	13	7
sub-VG1-GC#51/sub-VG1-GC#51_ses-2023-06-30-task-day12_widefield+behavior/sub-VG1-GC#51_ses-2023-06-30-task-day12_body-camera.mp4	11709675427	327	20	7
sub-VG1-GC#116/sub-VG1-GC#116_ses-2024-01-24-task-day7_widefield+behavior/sub-VG1-GC#116_ses-2024-01-24-task-day7_face-camera.mp4	13231045977	510	15	8
sub-VG1-GC#54/sub-VG1-GC#54_ses-2023-06-23-task-day7_widefield+behavior.nwb	248844297306	29914	112	83
sub-VG1-GC#99/sub-VG1-GC#99_ses-2024-02-08-task-day11_widefield+behavior/sub-VG1-GC#99_ses-2024-02-08-task-day11_face-camera.mp4	7464838494	508	15	8
sub-VG1-GC#109/sub-VG1-GC#109_ses-2024-01-19-task-day4_widefield+behavior/sub-VG1-GC#109_ses-2024-01-19-task-day4_eye-camera.mp4	2738600002	178	21	8
sub-VG1-GC#129/sub-VG1-GC#129_ses-2024-03-21-task-day9_widefield+behavior.nwb	188566808496	28004	93	81
sub-VG1-GC#105/sub-VG1-GC#105_ses-2024-01-23-resting-state-day0_widefield.nwb	169943525847	13908	260	142
sub-VG1-GC#48/sub-VG1-GC#48_ses-2023-09-04-task-day11_widefield+behavior/sub-VG1-GC#48_ses-2023-09-04-task-day11_body-camera.mp4	8084568331	321	21	6
sub-VG1-GC#125/sub-VG1-GC#125_ses-2024-04-24-task-day5_widefield+behavior/sub-VG1-GC#125_ses-2024-04-24-task-day5_eye-camera.mp4	2279179323	172	16	7
sub-VG1-GC#109/sub-VG1-GC#109_ses-2024-02-02-task-day14_widefield+behavior/sub-VG1-GC#109_ses-2024-02-02-task-day14_body-camera.mp4	5342480063	310	13	7
sub-VG1-GC#116/sub-VG1-GC#116_ses-2024-01-24-resting-state-day7_widefield+behavior/sub-VG1-GC#116_ses-2024-01-24-resting-state-day7_body-camera.mp4	1893396967	127	21	6
sub-VG1-GC#105/sub-VG1-GC#105_ses-2024-01-30-task-day5_widefield+behavior/sub-VG1-GC#105_ses-2024-01-30-task-day5_eye-camera.mp4	3095609714	165	11	7
sub-VG1-GC#52/sub-VG1-GC#52_ses-2023-07-05-resting-state-day15_widefield+behavior/sub-VG1-GC#52_ses-2023-07-05-resting-state-day15_eye-camera.mp4	1557470627	84	24	7
sub-VG1-GC#122/sub-VG1-GC#122_ses-2024-03-26-task-day12_widefield+behavior/sub-VG1-GC#122_ses-2024-03-26-task-day12_body-camera.mp4	4431564844	309	13	6
sub-VG1-GC#127/sub-VG1-GC#127_ses-2024-04-17-task-day2_widefield+behavior/sub-VG1-GC#127_ses-2024-04-17-task-day2_body-camera.mp4	4421019692	306	10	6
sub-VG1-GC#124/sub-VG1-GC#124_ses-2024-02-02-task-day14_widefield+behavior.nwb	193927879466	27075	96	77
sub-VG1-GC#124/sub-VG1-GC#124_ses-2024-01-23-task-day6_widefield+behavior.nwb	168690751787	26534	96	74
sub-VG1-GC#130/sub-VG1-GC#130_ses-2024-05-09-task-day15_widefield+behavior/sub-VG1-GC#130_ses-2024-05-09-task-day15_face-camera.mp4	10850413435	510	17	7
sub-VG1-GC#122/sub-VG1-GC#122_ses-2024-03-06-resting-state-day0_widefield+behavior.nwb	51124483102	19357	85	69
sub-VG1-GC#61/sub-VG1-GC#61_ses-2023-06-28-task-day10_widefield+behavior.nwb	191039675668	26890	89	75
sub-VG1-GC#78/sub-VG1-GC#78_ses-2023-11-16-task-day3_widefield+behavior/sub-VG1-GC#78_ses-2023-11-16-task-day3_face-camera.mp4	12201629030	514	18	8
sub-VG1-GC#78/sub-VG1-GC#78_ses-2023-11-16-task-day3_widefield+behavior/sub-VG1-GC#78_ses-2023-11-16-task-day3_eye-camera.mp4	2699411295	172	17	7
sub-VG1-GC#63/sub-VG1-GC#63_ses-2023-08-18-resting-state-day0_widefield+behavior.nwb	74378501890	18764	87	68
sub-VG1-GC#48/sub-VG1-GC#48_ses-2023-08-28-task-day6_widefield+behavior/sub-VG1-GC#48_ses-2023-08-28-task-day6_eye-camera.mp4	6220248444	182	20	8
sub-VG1-GC#48/sub-VG1-GC#48_ses-2023-08-18-resting-state-day0_widefield+behavior/sub-VG1-GC#48_ses-2023-08-18-resting-state-day0_body-camera.mp4	3808724664	261	69	13
sub-VG1-GC#130/sub-VG1-GC#130_ses-2024-04-16-resting-state-day1_widefield+behavior.nwb	62772961751	18715	84	70
sub-VG1-GC#73/sub-VG1-GC#73_ses-2023-09-01-task-day10_widefield+behavior/sub-VG1-GC#73_ses-2023-09-01-task-day10_eye-camera.mp4	4009096641	176	15	8
sub-VG1-GC#66/sub-VG1-GC#66_ses-2023-08-31-task-day9_widefield+behavior/sub-VG1-GC#66_ses-2023-08-31-task-day9_face-camera.mp4	8826234848	502	14	6
sub-VG1-GC#119/sub-VG1-GC#119_ses-2024-03-13-task-day4_widefield+behavior/sub-VG1-GC#119_ses-2024-03-13-task-day4_body-camera.mp4	5311475905	311	15	7
sub-VG1-GC#117/sub-VG1-GC#117_ses-2024-04-24-task-day7_widefield+behavior/sub-VG1-GC#117_ses-2024-04-24-task-day7_eye-camera.mp4	2262037243	171	17	7
sub-VG1-GC#48/sub-VG1-GC#48_ses-2023-08-18-resting-state-day0_widefield+behavior/sub-VG1-GC#48_ses-2023-08-18-resting-state-day0_eye-camera.mp4	2080294393	105	26	12
sub-VG1-GC#66/sub-VG1-GC#66_ses-2023-09-07-task-day14_widefield+behavior.nwb	231173235242	28176	97	77
sub-VG1-GC#85/sub-VG1-GC#85_ses-2023-11-16-resting-state-day8_widefield+behavior/sub-VG1-GC#85_ses-2023-11-16-resting-state-day8_face-camera.mp4	3030482410	183	12	6
sub-VG1-GC#124/sub-VG1-GC#124_ses-2024-02-01-task-day13_widefield+behavior.nwb	165922191660	27638	99	78
sub-VG1-GC#53/sub-VG1-GC#53_ses-2023-06-30-task-day12_widefield+behavior/sub-VG1-GC#53_ses-2023-06-30-task-day12_eye-camera.mp4	3477096053	169	17	7
sub-VG1-GC#73/sub-VG1-GC#73_ses-2023-08-21-resting-state-day1_widefield+behavior/sub-VG1-GC#73_ses-2023-08-21-resting-state-day1_eye-camera.mp4	1139616754	81	20	7
sub-VG1-GC#53/sub-VG1-GC#53_ses-2023-07-05-resting-state-day15_widefield+behavior.nwb	121563015947	19533	92	70
sub-VG1-GC#52/sub-VG1-GC#52_ses-2023-06-15-task-day1_widefield+behavior.nwb	256729941532	30549	114	91
sub-VG1-GC#129/sub-VG1-GC#129_ses-2024-03-18-task-day7_widefield+behavior.nwb	195883009091	27769	105	87
sub-VG1-GC#87/sub-VG1-GC#87_ses-2023-11-01-task-day7_widefield+behavior/sub-VG1-GC#87_ses-2023-11-01-task-day7_body-camera.mp4	5398875560	313	13	6
sub-VG1-GC#66/sub-VG1-GC#66_ses-2023-09-06-task-day13_widefield+behavior.nwb	225178723153	27425	98	76
sub-VG1-GC#73/sub-VG1-GC#73_ses-2023-09-05-task-day12_widefield+behavior.nwb	193829195463	27577	90	77
sub-VG1-GC#66/sub-VG1-GC#66_ses-2023-08-31-task-day9_widefield+behavior.nwb	231557174465	28390	94	78
sub-VG1-GC#53/sub-VG1-GC#53_ses-2023-06-30-task-day12_widefield+behavior.nwb	221071707370	30512	110	85
sub-VG1-GC#73/sub-VG1-GC#73_ses-2023-08-21-task-day1_widefield+behavior.nwb	207619450196	26498	92	77
sub-VG1-GC#48/sub-VG1-GC#48_ses-2023-09-06-task-day13_widefield+behavior.nwb	230790116754	29986	103	83
sub-VG1-GC#119/sub-VG1-GC#119_ses-2024-03-28-task-day14_widefield+behavior.nwb	239697636828	27823	98	78
sub-VG1-GC#54/sub-VG1-GC#54_ses-2023-06-29-task-day11_widefield+behavior.nwb	222444021511	29385	100	80
sub-VG1-GC#127/sub-VG1-GC#127_ses-2024-04-24-resting-state-day7_widefield+behavior/sub-VG1-GC#127_ses-2024-04-24-resting-state-day7_eye-camera.mp4	928337192	73	14	7
sub-VG1-GC#129/sub-VG1-GC#129_ses-2024-03-21-task-day9_widefield+behavior/sub-VG1-GC#129_ses-2024-03-21-task-day9_face-camera.mp4	7399638617	507	20	6
sub-VG1-GC#63/sub-VG1-GC#63_ses-2023-08-31-task-day9_widefield+behavior.nwb	239125159155	26491	93	74
sub-VG1-GC#60/sub-VG1-GC#60_ses-2023-06-27-task-day9_widefield+behavior.nwb	229780528475	28314	100	76
sub-VG1-GC#127/sub-VG1-GC#127_ses-2024-05-01-task-day11_widefield+behavior/sub-VG1-GC#127_ses-2024-05-01-task-day11_face-camera.mp4	7320916324	496	9	6
sub-VG1-GC#52/sub-VG1-GC#52_ses-2023-06-26-task-day8_widefield+behavior.nwb	258967701903	31588	108	85
sub-VG1-GC#60/sub-VG1-GC#60_ses-2023-06-16-task-day2_widefield+behavior/sub-VG1-GC#60_ses-2023-06-16-task-day2_eye-camera.mp4	2673667977	174	20	7
sub-VG1-GC#119/sub-VG1-GC#119_ses-2024-03-29-task-day15_widefield+behavior.nwb	206250241809	27636	100	83
sub-VG1-GC#87/sub-VG1-GC#87_ses-2023-10-24-resting-state-day1_widefield+behavior.nwb	70397825425	18237	92	65
sub-VG1-GC#124/sub-VG1-GC#124_ses-2024-01-31-task-day12_widefield+behavior.nwb	185540840258	27858	103	79
sub-VG1-GC#73/sub-VG1-GC#73_ses-2023-08-29-resting-state-day7_widefield.nwb	79762499292	4931	85	60
sub-VG1-GC#127/sub-VG1-GC#127_ses-2024-04-26-task-day9_widefield+behavior/sub-VG1-GC#127_ses-2024-04-26-task-day9_body-camera.mp4	4445016754	316	20	6
sub-VG1-GC#73/sub-VG1-GC#73_ses-2023-09-01-task-day10_widefield+behavior.nwb	192801057503	26957	92	75
sub-VG1-GC#117/sub-VG1-GC#117_ses-2024-04-25-task-day8_widefield+behavior/sub-VG1-GC#117_ses-2024-04-25-task-day8_body-camera.mp4	4473458433	315	19	7
sub-VG1-GC#116/sub-VG1-GC#116_ses-2024-01-22-task-day5_widefield+behavior.nwb	196937008641	28017	107	80
sub-VG1-GC#54/sub-VG1-GC#54_ses-2023-06-23-resting-state-day7_widefield+behavior/sub-VG1-GC#54_ses-2023-06-23-resting-state-day7_face-camera.mp4	3542607924	189	16	6
sub-VG1-GC#117/sub-VG1-GC#117_ses-2024-04-26-task-day9_widefield+behavior/sub-VG1-GC#117_ses-2024-04-26-task-day9_face-camera.mp4	7372008946	231	19	7
sub-VG1-GC#99/sub-VG1-GC#99_ses-2024-02-06-task-day9_widefield+behavior.nwb	212519913324	26516	95	76
sub-VG1-GC#130/sub-VG1-GC#130_ses-2024-04-25-task-day8_widefield+behavior/sub-VG1-GC#130_ses-2024-04-25-task-day8_face-camera.mp4	7348010094	498	10	7
sub-VG1-GC#122/sub-VG1-GC#122_ses-2024-03-07-task-day1_widefield+behavior/sub-VG1-GC#122_ses-2024-03-07-task-day1_face-camera.mp4	7564731031	518	26	8
sub-VG1-GC#60/sub-VG1-GC#60_ses-2023-07-05-resting-state-day15_widefield+behavior.nwb	105074919707	18781	87	67
sub-VG1-GC#52/sub-VG1-GC#52_ses-2023-06-28-task-day10_widefield+behavior/sub-VG1-GC#52_ses-2023-06-28-task-day10_face-camera.mp4	15820817752	516	20	7
sub-VG1-GC#54/sub-VG1-GC#54_ses-2023-07-05-task-day15_widefield+behavior/sub-VG1-GC#54_ses-2023-07-05-task-day15_eye-camera.mp4	2616072483	88	15	7
sub-VG1-GC#127/sub-VG1-GC#127_ses-2024-04-16-task-day1_widefield+behavior/sub-VG1-GC#127_ses-2024-04-16-task-day1_face-camera.mp4	8845985769	501	13	7
sub-VG1-GC#66/sub-VG1-GC#66_ses-2023-08-21-task-day1_widefield+behavior.nwb	259948543894	28002	111	85
sub-VG1-GC#122/sub-VG1-GC#122_ses-2024-03-13-task-day4_widefield+behavior/sub-VG1-GC#122_ses-2024-03-13-task-day4_body-camera.mp4	4451087328	312	16	6
sub-VG1-GC#78/sub-VG1-GC#78_ses-2023-11-22-task-day7_widefield+behavior/sub-VG1-GC#78_ses-2023-11-22-task-day7_body-camera.mp4	8122683838	324	14	7
sub-VG1-GC#78/sub-VG1-GC#78_ses-2023-12-05-resting-state-day15_widefield+behavior/sub-VG1-GC#78_ses-2023-12-05-resting-state-day15_face-camera.mp4	3026911972	186	15	6
sub-VG1-GC#85/sub-VG1-GC#85_ses-2023-10-24-resting-state-day1_widefield+behavior/sub-VG1-GC#85_ses-2023-10-24-resting-state-day1_face-camera.mp4	3050318336	184	11	6
sub-VG1-GC#66/sub-VG1-GC#66_ses-2023-08-29-resting-state-day7_widefield+behavior/sub-VG1-GC#66_ses-2023-08-29-resting-state-day7_body-camera.mp4	2163926451	122	15	6
sub-VG1-GC#130/sub-VG1-GC#130_ses-2024-05-09-task-day15_widefield+behavior/sub-VG1-GC#130_ses-2024-05-09-task-day15_body-camera.mp4	7085985371	316	15	7
sub-VG1-GC#127/sub-VG1-GC#127_ses-2024-04-23-task-day6_widefield+behavior/sub-VG1-GC#127_ses-2024-04-23-task-day6_body-camera.mp4	7050535207	312	10	7
sub-VG1-GC#127/sub-VG1-GC#127_ses-2024-04-22-task-day5_widefield+behavior.nwb	157317890071	27905	101	76
sub-VG1-GC#60/sub-VG1-GC#60_ses-2023-06-16-task-day2_widefield+behavior/sub-VG1-GC#60_ses-2023-06-16-task-day2_body-camera.mp4	8994814744	516	19	6
sub-VG1-GC#87/sub-VG1-GC#87_ses-2023-11-13-task-day14_widefield+behavior/sub-VG1-GC#87_ses-2023-11-13-task-day14_eye-camera.mp4	4011074364	178	17	8
sub-VG1-GC#85/sub-VG1-GC#85_ses-2023-11-28-resting-state-day15_widefield+behavior/sub-VG1-GC#85_ses-2023-11-28-resting-state-day15_face-camera.mp4	4560682082	196	16	8
sub-VG1-GC#124/sub-VG1-GC#124_ses-2024-01-16-task-day1_widefield+behavior.nwb	173030017808	28032	100	80
sub-VG1-GC#73/sub-VG1-GC#73_ses-2023-08-23-task-day3_widefield+behavior/sub-VG1-GC#73_ses-2023-08-23-task-day3_face-camera.mp4	12876137022	511	17	7
sub-VG1-GC#60/sub-VG1-GC#60_ses-2023-07-05-resting-state-day15_widefield+behavior/sub-VG1-GC#60_ses-2023-07-05-resting-state-day15_face-camera.mp4	3855282811	200	12	6
sub-VG1-GC#73/sub-VG1-GC#73_ses-2023-08-23-task-day3_widefield+behavior/sub-VG1-GC#73_ses-2023-08-23-task-day3_body-camera.mp4	5322648754	309	12	6
sub-VG1-GC#48/sub-VG1-GC#48_ses-2023-09-05-task-day12_widefield+behavior.nwb	250365772806	30503	104	86
sub-VG1-GC#53/sub-VG1-GC#53_ses-2023-06-15-task-day1_widefield+behavior.nwb	256387189734	30070	103	85
sub-VG1-GC#127/sub-VG1-GC#127_ses-2024-04-23-task-day6_widefield+behavior/sub-VG1-GC#127_ses-2024-04-23-task-day6_face-camera.mp4	7356465123	499	12	6
sub-VG1-GC#117/sub-VG1-GC#117_ses-2024-05-08-task-day14_widefield+behavior/sub-VG1-GC#117_ses-2024-05-08-task-day14_face-camera.mp4	11770513675	514	21	7
sub-VG1-GC#51/sub-VG1-GC#51_ses-2023-06-29-task-day11_widefield+behavior/sub-VG1-GC#51_ses-2023-06-29-task-day11_body-camera.mp4	8890517802	318	21	6
sub-VG1-GC#78/sub-VG1-GC#78_ses-2023-11-15-task-day2_widefield+behavior.nwb	255844380423	26133	98	74
sub-VG1-GC#109/sub-VG1-GC#109_ses-2024-01-19-task-day4_widefield+behavior.nwb	168339084609	30101	111	84
sub-VG1-GC#119/sub-VG1-GC#119_ses-2024-03-21-task-day9_widefield+behavior.nwb	206951904306	27268	102	79
sub-VG1-GC#125/sub-VG1-GC#125_ses-2024-04-22-task-day3_widefield+behavior.nwb	165466216469	27498	85	76
sub-VG1-GC#122/sub-VG1-GC#122_ses-2024-03-07-resting-state-day1_widefield+behavior/sub-VG1-GC#122_ses-2024-03-07-resting-state-day1_eye-camera.mp4	960919424	75	16	7
sub-VG1-GC#124/sub-VG1-GC#124_ses-2024-01-19-task-day4_widefield+behavior/sub-VG1-GC#124_ses-2024-01-19-task-day4_body-camera.mp4	5335346073	315	19	6
sub-VG1-GC#87/sub-VG1-GC#87_ses-2023-11-01-resting-state-day7_widefield+behavior/sub-VG1-GC#87_ses-2023-11-01-resting-state-day7_body-camera.mp4	1948036744	129	22	6
sub-VG1-GC#116/sub-VG1-GC#116_ses-2024-01-23-task-day6_widefield+behavior/sub-VG1-GC#116_ses-2024-01-23-task-day6_body-camera.mp4	5564411591	322	12	6
sub-VG1-GC#119/sub-VG1-GC#119_ses-2024-03-12-task-day3_widefield+behavior.nwb	175112531359	28048	100	77
sub-VG1-GC#127/sub-VG1-GC#127_ses-2024-04-22-task-day5_widefield+behavior/sub-VG1-GC#127_ses-2024-04-22-task-day5_eye-camera.mp4	2267067276	169	14	8
sub-VG1-GC#85/sub-VG1-GC#85_ses-2023-11-21-task-day11_widefield+behavior/sub-VG1-GC#85_ses-2023-11-21-task-day11_face-camera.mp4	8987811162	512	13	6
sub-VG1-GC#105/sub-VG1-GC#105_ses-2024-02-15-task-day15_widefield+behavior/sub-VG1-GC#105_ses-2024-02-15-task-day15_eye-camera.mp4	4445875166	180	19	9
sub-VG1-GC#129/sub-VG1-GC#129_ses-2024-03-08-task-day2_widefield+behavior.nwb	216525642857	27260	92	81
sub-VG1-GC#105/sub-VG1-GC#105_ses-2024-01-25-task-day2_widefield+behavior/sub-VG1-GC#105_ses-2024-01-25-task-day2_body-camera.mp4	6218229339	317	19	7
sub-VG1-GC#85/sub-VG1-GC#85_ses-2023-10-24-resting-state-day1_widefield+behavior.nwb	72415826242	18058	84	67
sub-VG1-GC#99/sub-VG1-GC#99_ses-2024-02-09-task-day12_widefield+behavior/sub-VG1-GC#99_ses-2024-02-09-task-day12_body-camera.mp4	5378873391	320	17	9
sub-VG1-GC#87/sub-VG1-GC#87_ses-2023-10-24-resting-state-day1_widefield+behavior/sub-VG1-GC#87_ses-2023-10-24-resting-state-day1_body-camera.mp4	1854632718	119	12	6
sub-VG1-GC#85/sub-VG1-GC#85_ses-2023-10-24-task-day1_widefield+behavior/sub-VG1-GC#85_ses-2023-10-24-task-day1_eye-camera.mp4	2671026333	169	14	7
sub-VG1-GC#124/sub-VG1-GC#124_ses-2024-02-05-resting-state-day15_widefield+behavior/sub-VG1-GC#124_ses-2024-02-05-resting-state-day15_eye-camera.mp4	1107054132	75	15	8
sub-VG1-GC#105/sub-VG1-GC#105_ses-2024-02-02-task-day8_widefield+behavior/sub-VG1-GC#105_ses-2024-02-02-task-day8_body-camera.mp4	8713335604	314	12	7
sub-VG1-GC#119/sub-VG1-GC#119_ses-2024-03-18-task-day7_widefield+behavior/sub-VG1-GC#119_ses-2024-03-18-task-day7_body-camera.mp4	7957544657	323	22	7
sub-VG1-GC#122/sub-VG1-GC#122_ses-2024-03-25-task-day11_widefield+behavior/sub-VG1-GC#122_ses-2024-03-25-task-day11_eye-camera.mp4	2247260025	168	14	7
sub-VG1-GC#53/sub-VG1-GC#53_ses-2023-07-05-resting-state-day15_widefield+behavior/sub-VG1-GC#53_ses-2023-07-05-resting-state-day15_body-camera.mp4	2754277753	123	16	6
sub-VG1-GC#53/sub-VG1-GC#53_ses-2023-06-21-task-day5_widefield+behavior/sub-VG1-GC#53_ses-2023-06-21-task-day5_eye-camera.mp4	3543152689	181	28	7
sub-VG1-GC#87/sub-VG1-GC#87_ses-2023-11-02-task-day8_widefield+behavior/sub-VG1-GC#87_ses-2023-11-02-task-day8_eye-camera.mp4	2691382551	170	15	7
sub-VG1-GC#109/sub-VG1-GC#109_ses-2024-01-16-task-day1_widefield+behavior.nwb	186855018168	28742	107	85
sub-VG1-GC#127/sub-VG1-GC#127_ses-2024-04-16-task-day1_widefield+behavior.nwb	175341753493	28075	101	82
sub-VG1-GC#52/sub-VG1-GC#52_ses-2023-06-22-task-day6_widefield+behavior/sub-VG1-GC#52_ses-2023-06-22-task-day6_body-camera.mp4	7083927742	313	15	6
sub-VG1-GC#125/sub-VG1-GC#125_ses-2024-05-10-task-day14_widefield+behavior/sub-VG1-GC#125_ses-2024-05-10-task-day14_face-camera.mp4	7355238779	500	12	7
sub-VG1-GC#78/sub-VG1-GC#78_ses-2023-11-29-task-day11_widefield+behavior/sub-VG1-GC#78_ses-2023-11-29-task-day11_body-camera.mp4	5418143202	321	23	6
sub-VG1-GC#53/sub-VG1-GC#53_ses-2023-07-11-sensory-stim-day16_widefield.nwb	101765761285	5810	77	64
sub-VG1-GC#63/sub-VG1-GC#63_ses-2023-09-06-task-day13_widefield+behavior/sub-VG1-GC#63_ses-2023-09-06-task-day13_body-camera.mp4	7944714889	315	12	7
sub-VG1-GC#129/sub-VG1-GC#129_ses-2024-03-14-task-day5_widefield+behavior/sub-VG1-GC#129_ses-2024-03-14-task-day5_eye-camera.mp4	2230904054	165	11	7
sub-VG1-GC#119/sub-VG1-GC#119_ses-2024-03-25-task-day11_widefield+behavior/sub-VG1-GC#119_ses-2024-03-25-task-day11_face-camera.mp4	13076786171	509	16	7
sub-VG1-GC#66/sub-VG1-GC#66_ses-2023-09-04-task-day11_widefield+behavior.nwb	197116137375	26772	92	74
sub-VG1-GC#119/sub-VG1-GC#119_ses-2024-03-07-task-day1_widefield+behavior.nwb	174716111849	28634	107	85
sub-VG1-GC#54/sub-VG1-GC#54_ses-2023-06-28-task-day10_widefield+behavior.nwb	200981327887	29157	95	80
sub-VG1-GC#85/sub-VG1-GC#85_ses-2023-11-22-task-day12_widefield+behavior.nwb	199693334331	27428	95	75
sub-VG1-GC#127/sub-VG1-GC#127_ses-2024-04-30-task-day10_widefield+behavior/sub-VG1-GC#127_ses-2024-04-30-task-day10_body-camera.mp4	4452446295	309	13	7
sub-VG1-GC#78/sub-VG1-GC#78_ses-2023-11-17-task-day4_widefield+behavior/sub-VG1-GC#78_ses-2023-11-17-task-day4_face-camera.mp4	15039170321	845	11	8
sub-VG1-GC#48/sub-VG1-GC#48_ses-2023-09-08-resting-state-day15_widefield+behavior/sub-VG1-GC#48_ses-2023-09-08-resting-state-day15_body-camera.mp4	3951404928	134	22	7
sub-VG1-GC#66/sub-VG1-GC#66_ses-2023-08-18-resting-state-day0_widefield+behavior/sub-VG1-GC#66_ses-2023-08-18-resting-state-day0_eye-camera.mp4	1754701172	93	26	8
sub-VG1-GC#85/sub-VG1-GC#85_ses-2023-10-23-resting-state-day0_widefield+behavior/sub-VG1-GC#85_ses-2023-10-23-resting-state-day0_body-camera.mp4	1878452868	126	19	6
sub-VG1-GC#130/sub-VG1-GC#130_ses-2024-04-23-task-day6_widefield+behavior/sub-VG1-GC#130_ses-2024-04-23-task-day6_face-camera.mp4	7416703284	504	12	7
sub-VG1-GC#52/sub-VG1-GC#52_ses-2023-06-27-task-day9_widefield+behavior/sub-VG1-GC#52_ses-2023-06-27-task-day9_eye-camera.mp4	4014465276	179	21	8
sub-VG1-GC#124/sub-VG1-GC#124_ses-2024-01-31-task-day12_widefield+behavior/sub-VG1-GC#124_ses-2024-01-31-task-day12_face-camera.mp4	8963223263	519	28	8
sub-VG1-GC#105/sub-VG1-GC#105_ses-2024-01-30-task-day5_widefield+behavior/sub-VG1-GC#105_ses-2024-01-30-task-day5_face-camera.mp4	10244008718	498	11	6
sub-VG1-GC#119/sub-VG1-GC#119_ses-2024-03-13-task-day4_widefield+behavior.nwb	172287046736	25606	111	81
sub-VG1-GC#87/sub-VG1-GC#87_ses-2023-11-01-task-day7_widefield+behavior/sub-VG1-GC#87_ses-2023-11-01-task-day7_face-camera.mp4	8961371618	510	16	6
sub-VG1-GC#109/sub-VG1-GC#109_ses-2024-01-17-task-day2_widefield+behavior/sub-VG1-GC#109_ses-2024-01-17-task-day2_face-camera.mp4	8916343461	517	25	8
sub-VG1-GC#52/sub-VG1-GC#52_ses-2023-07-03-task-day13_widefield+behavior/sub-VG1-GC#52_ses-2023-07-03-task-day13_eye-camera.mp4	3569302985	174	19	7
sub-VG1-GC#53/sub-VG1-GC#53_ses-2023-07-05-task-day15_widefield+behavior/sub-VG1-GC#53_ses-2023-07-05-task-day15_body-camera.mp4	7100874486	318	21	6
sub-VG1-GC#87/sub-VG1-GC#87_ses-2023-11-07-task-day10_widefield+behavior/sub-VG1-GC#87_ses-2023-11-07-task-day10_face-camera.mp4	11890332738	506	11	7
sub-VG1-GC#125/sub-VG1-GC#125_ses-2024-05-07-task-day11_widefield+behavior.nwb	155605962570	28141	88	78
sub-VG1-GC#119/sub-VG1-GC#119_ses-2024-03-26-task-day12_widefield+behavior/sub-VG1-GC#119_ses-2024-03-26-task-day12_face-camera.mp4	7338061146	499	13	6
sub-VG1-GC#129/sub-VG1-GC#129_ses-2024-03-15-task-day6_widefield+behavior.nwb	156134604556	29868	92	79
sub-VG1-GC#73/sub-VG1-GC#73_ses-2023-08-21-resting-state-day1_widefield+behavior.nwb	78410136748	18332	79	62
sub-VG1-GC#99/sub-VG1-GC#99_ses-2024-02-01-resting-state-day7_widefield+behavior/sub-VG1-GC#99_ses-2024-02-01-resting-state-day7_eye-camera.mp4	948795909	74	14	7
sub-VG1-GC#54/sub-VG1-GC#54_ses-2023-06-15-task-day1_widefield+behavior.nwb	242480174562	29644	98	86
sub-VG1-GC#87/sub-VG1-GC#87_ses-2023-11-02-task-day8_widefield+behavior/sub-VG1-GC#87_ses-2023-11-02-task-day8_face-camera.mp4	12827738002	512	18	7
sub-VG1-GC#60/sub-VG1-GC#60_ses-2023-06-20-task-day4_widefield+behavior/sub-VG1-GC#60_ses-2023-06-20-task-day4_body-camera.mp4	7982443109	318	13	8
sub-VG1-GC#85/sub-VG1-GC#85_ses-2023-10-26-task-day3_widefield+behavior/sub-VG1-GC#85_ses-2023-10-26-task-day3_face-camera.mp4	8823365128	502	13	6
sub-VG1-GC#125/sub-VG1-GC#125_ses-2024-04-26-task-day7_widefield+behavior/sub-VG1-GC#125_ses-2024-04-26-task-day7_body-camera.mp4	4458034796	311	14	6
sub-VG1-GC#105/sub-VG1-GC#105_ses-2024-02-14-task-day14_widefield+behavior/sub-VG1-GC#105_ses-2024-02-14-task-day14_body-camera.mp4	8450160413	318	15	8
sub-VG1-GC#63/sub-VG1-GC#63_ses-2023-08-29-task-day7_widefield+behavior/sub-VG1-GC#63_ses-2023-08-29-task-day7_body-camera.mp4	5460465812	321	19	6
sub-VG1-GC#130/sub-VG1-GC#130_ses-2024-05-09-resting-state-day15_widefield+behavior/sub-VG1-GC#130_ses-2024-05-09-resting-state-day15_face-camera.mp4	3986272027	190	14	7
sub-VG1-GC#53/sub-VG1-GC#53_ses-2023-06-19-task-day3_widefield+behavior/sub-VG1-GC#53_ses-2023-06-19-task-day3_face-camera.mp4	11847618378	510	16	6
sub-VG1-GC#61/sub-VG1-GC#61_ses-2023-06-26-task-day8_widefield+behavior/sub-VG1-GC#61_ses-2023-06-26-task-day8_face-camera.mp4	8873923426	508	19	6
sub-VG1-GC#109/sub-VG1-GC#109_ses-2024-01-22-task-day5_widefield+behavior/sub-VG1-GC#109_ses-2024-01-22-task-day5_face-camera.mp4	8826148221	502	14	7
sub-VG1-GC#127/sub-VG1-GC#127_ses-2024-04-15-resting-state-day0_widefield+behavior/sub-VG1-GC#127_ses-2024-04-15-resting-state-day0_body-camera.mp4	1573389964	124	20	6
sub-VG1-GC#51/sub-VG1-GC#51_ses-2023-06-29-task-day11_widefield+behavior.nwb	244113300174	64333	210	187
sub-VG1-GC#117/sub-VG1-GC#117_ses-2024-05-01-task-day11_widefield+behavior.nwb	154256556226	28621	92	82
sub-VG1-GC#73/sub-VG1-GC#73_ses-2023-08-28-task-day6_widefield+behavior/sub-VG1-GC#73_ses-2023-08-28-task-day6_face-camera.mp4	11248472803	516	14	7
sub-VG1-GC#63/sub-VG1-GC#63_ses-2023-08-21-task-day1_widefield+behavior/sub-VG1-GC#63_ses-2023-08-21-task-day1_face-camera.mp4	8837850836	503	13	7
sub-VG1-GC#87/sub-VG1-GC#87_ses-2023-10-31-task-day6_widefield+behavior/sub-VG1-GC#87_ses-2023-10-31-task-day6_body-camera.mp4	5334291502	308	11	6
sub-VG1-GC#119/sub-VG1-GC#119_ses-2024-03-14-task-day5_widefield+behavior/sub-VG1-GC#119_ses-2024-03-14-task-day5_face-camera.mp4	8846362505	509	22	6
sub-VG1-GC#60/sub-VG1-GC#60_ses-2023-07-04-task-day14_widefield+behavior.nwb	230705667628	27390	97	76
sub-VG1-GC#127/sub-VG1-GC#127_ses-2024-04-22-task-day5_widefield+behavior/sub-VG1-GC#127_ses-2024-04-22-task-day5_face-camera.mp4	7425347611	509	21	7
sub-VG1-GC#109/sub-VG1-GC#109_ses-2024-02-01-task-day13_widefield+behavior/sub-VG1-GC#109_ses-2024-02-01-task-day13_body-camera.mp4	8010231749	320	16	8
sub-VG1-GC#109/sub-VG1-GC#109_ses-2024-01-30-task-day11_widefield+behavior/sub-VG1-GC#109_ses-2024-01-30-task-day11_body-camera.mp4	5367871109	313	16	7
sub-VG1-GC#129/sub-VG1-GC#129_ses-2024-03-12-task-day3_widefield+behavior/sub-VG1-GC#129_ses-2024-03-12-task-day3_body-camera.mp4	4439899994	312	16	6
sub-VG1-GC#116/sub-VG1-GC#116_ses-2024-01-31-task-day12_widefield+behavior/sub-VG1-GC#116_ses-2024-01-31-task-day12_body-camera.mp4	5375593461	319	22	6
sub-VG1-GC#85/sub-VG1-GC#85_ses-2023-11-14-task-day6_widefield+behavior/sub-VG1-GC#85_ses-2023-11-14-task-day6_eye-camera.mp4	2669270865	168	13	7
sub-VG1-GC#130/sub-VG1-GC#130_ses-2024-05-08-task-day14_widefield+behavior/sub-VG1-GC#130_ses-2024-05-08-task-day14_face-camera.mp4	7431845208	508	18	6
sub-VG1-GC#119/sub-VG1-GC#119_ses-2024-03-26-task-day12_widefield+behavior/sub-VG1-GC#119_ses-2024-03-26-task-day12_eye-camera.mp4	2707301246	173	19	7
sub-VG1-GC#119/sub-VG1-GC#119_ses-2024-03-07-resting-state-day1_widefield+behavior.nwb	65304374551	20034	90	70
sub-VG1-GC#109/sub-VG1-GC#109_ses-2024-02-01-task-day13_widefield+behavior/sub-VG1-GC#109_ses-2024-02-01-task-day13_face-camera.mp4	8869536109	507	17	7
sub-VG1-GC#105/sub-VG1-GC#105_ses-2024-02-01-resting-state-day7_widefield+behavior/sub-VG1-GC#105_ses-2024-02-01-resting-state-day7_face-camera.mp4	5027622378	197	19	8
sub-VG1-GC#127/sub-VG1-GC#127_ses-2024-04-30-task-day10_widefield+behavior.nwb	156396092702	27923	104	75
sub-VG1-GC#116/sub-VG1-GC#116_ses-2024-02-05-task-day15_widefield+behavior.nwb	235651294364	28327	109	90
sub-VG1-GC#51/sub-VG1-GC#51_ses-2023-07-05-resting-state-day15_widefield+behavior/sub-VG1-GC#51_ses-2023-07-05-resting-state-day15_face-camera.mp4	5695441406	202	28	6
sub-VG1-GC#73/sub-VG1-GC#73_ses-2023-08-24-task-day4_widefield+behavior/sub-VG1-GC#73_ses-2023-08-24-task-day4_face-camera.mp4	8860730422	502	13	6
sub-VG1-GC#99/sub-VG1-GC#99_ses-2024-02-02-task-day8_widefield+behavior/sub-VG1-GC#99_ses-2024-02-02-task-day8_face-camera.mp4	7455297380	509	16	8
sub-VG1-GC#99/sub-VG1-GC#99_ses-2024-02-06-task-day9_widefield+behavior/sub-VG1-GC#99_ses-2024-02-06-task-day9_face-camera.mp4	7428331618	505	12	8
sub-VG1-GC#61/sub-VG1-GC#61_ses-2023-06-15-task-day1_widefield+behavior/sub-VG1-GC#61_ses-2023-06-15-task-day1_body-camera.mp4	8835330198	501	11	6
sub-VG1-GC#127/sub-VG1-GC#127_ses-2024-04-16-task-day1_widefield+behavior/sub-VG1-GC#127_ses-2024-04-16-task-day1_eye-camera.mp4	2221061617	169	15	7
sub-VG1-GC#129/sub-VG1-GC#129_ses-2024-03-13-task-day4_widefield+behavior/sub-VG1-GC#129_ses-2024-03-13-task-day4_body-camera.mp4	4472727729	311	14	7
sub-VG1-GC#52/sub-VG1-GC#52_ses-2023-06-23-resting-state-day7_widefield+behavior/sub-VG1-GC#52_ses-2023-06-23-resting-state-day7_body-camera.mp4	2773001189	123	16	6
sub-VG1-GC#117/sub-VG1-GC#117_ses-2024-04-19-task-day4_widefield+behavior/sub-VG1-GC#117_ses-2024-04-19-task-day4_eye-camera.mp4	2297428191	175	19	8
sub-VG1-GC#66/sub-VG1-GC#66_ses-2023-08-23-task-day3_widefield+behavior/sub-VG1-GC#66_ses-2023-08-23-task-day3_face-camera.mp4	8932446466	512	21	6
sub-VG1-GC#117/sub-VG1-GC#117_ses-2024-04-26-task-day9_widefield+behavior.nwb	187427683774	27888	92	80
sub-VG1-GC#130/sub-VG1-GC#130_ses-2024-05-10-sensory-stim-day16_widefield.nwb	57378434984	5586	78	61
sub-VG1-GC#124/sub-VG1-GC#124_ses-2024-02-02-task-day14_widefield+behavior/sub-VG1-GC#124_ses-2024-02-02-task-day14_face-camera.mp4	8995009091	518	25	8
sub-VG1-GC#119/sub-VG1-GC#119_ses-2024-04-02-sensory-stim-day17_widefield.nwb	64869873506	5587	82	62
sub-VG1-GC#125/sub-VG1-GC#125_ses-2024-05-13-task-day15_widefield+behavior/sub-VG1-GC#125_ses-2024-05-13-task-day15_face-camera.mp4	7305891278	494	9	6
sub-VG1-GC#130/sub-VG1-GC#130_ses-2024-04-18-task-day3_widefield+behavior.nwb	159310416502	27772	90	76
sub-VG1-GC#63/sub-VG1-GC#63_ses-2023-09-08-resting-state-day15_widefield+behavior/sub-VG1-GC#63_ses-2023-09-08-resting-state-day15_face-camera.mp4	3543359214	189	17	6
sub-VG1-GC#87/sub-VG1-GC#87_ses-2023-11-10-task-day13_widefield+behavior/sub-VG1-GC#87_ses-2023-11-10-task-day13_eye-camera.mp4	2669225859	168	13	7
sub-VG1-GC#48/sub-VG1-GC#48_ses-2023-08-24-task-day4_widefield+behavior/sub-VG1-GC#48_ses-2023-08-24-task-day4_body-camera.mp4	9742604570	318	20	8
sub-VG1-GC#73/sub-VG1-GC#73_ses-2023-09-06-task-day13_widefield+behavior/sub-VG1-GC#73_ses-2023-09-06-task-day13_face-camera.mp4	12016853854	523	20	7
sub-VG1-GC#73/sub-VG1-GC#73_ses-2023-08-24-task-day4_widefield+behavior/sub-VG1-GC#73_ses-2023-08-24-task-day4_eye-camera.mp4	2705671311	171	16	7
sub-VG1-GC#73/sub-VG1-GC#73_ses-2023-09-04-task-day11_widefield+behavior/sub-VG1-GC#73_ses-2023-09-04-task-day11_face-camera.mp4	8882421602	508	17	6
sub-VG1-GC#60/sub-VG1-GC#60_ses-2023-06-23-task-day7_widefield+behavior/sub-VG1-GC#60_ses-2023-06-23-task-day7_eye-camera.mp4	2624800743	166	14	7
sub-VG1-GC#53/sub-VG1-GC#53_ses-2023-06-20-task-day4_widefield+behavior/sub-VG1-GC#53_ses-2023-06-20-task-day4_body-camera.mp4	7146354602	319	21	6
sub-VG1-GC#119/sub-VG1-GC#119_ses-2024-03-28-task-day14_widefield+behavior/sub-VG1-GC#119_ses-2024-03-28-task-day14_face-camera.mp4	8914677909	514	25	7
sub-VG1-GC#87/sub-VG1-GC#87_ses-2023-11-09-task-day12_widefield+behavior/sub-VG1-GC#87_ses-2023-11-09-task-day12_eye-camera.mp4	2683034589	170	15	7
sub-VG1-GC#61/sub-VG1-GC#61_ses-2023-07-04-task-day14_widefield+behavior/sub-VG1-GC#61_ses-2023-07-04-task-day14_body-camera.mp4	5362245132	310	12	6
sub-VG1-GC#85/sub-VG1-GC#85_ses-2023-10-26-task-day3_widefield+behavior/sub-VG1-GC#85_ses-2023-10-26-task-day3_eye-camera.mp4	2669115387	168	13	7
sub-VG1-GC#87/sub-VG1-GC#87_ses-2023-11-14-task-day15_widefield+behavior.nwb	220863890781	26466	102	80
sub-VG1-GC#124/sub-VG1-GC#124_ses-2024-02-01-task-day13_widefield+behavior/sub-VG1-GC#124_ses-2024-02-01-task-day13_face-camera.mp4	8934494571	509	16	8
sub-VG1-GC#125/sub-VG1-GC#125_ses-2024-04-26-task-day7_widefield+behavior/sub-VG1-GC#125_ses-2024-04-26-task-day7_face-camera.mp4	7385706201	502	13	6
sub-VG1-GC#61/sub-VG1-GC#61_ses-2023-07-04-task-day14_widefield+behavior.nwb	227858237999	27099	91	75
sub-VG1-GC#78/sub-VG1-GC#78_ses-2023-11-22-task-day7_widefield+behavior.nwb	220683866365	27345	101	78
sub-VG1-GC#85/sub-VG1-GC#85_ses-2023-11-22-task-day12_widefield+behavior/sub-VG1-GC#85_ses-2023-11-22-task-day12_eye-camera.mp4	3987042648	174	13	8
sub-VG1-GC#51/sub-VG1-GC#51_ses-2023-07-05-resting-state-day15_widefield+behavior/sub-VG1-GC#51_ses-2023-07-05-resting-state-day15_body-camera.mp4	3438901906	134	26	6
sub-VG1-GC#52/sub-VG1-GC#52_ses-2023-07-05-resting-state-day15_widefield+behavior.nwb	122496163668	19824	92	69
sub-VG1-GC#78/sub-VG1-GC#78_ses-2023-12-05-resting-state-day15_widefield+behavior.nwb	81051968165	18596	87	65
sub-VG1-GC#117/sub-VG1-GC#117_ses-2024-04-25-task-day8_widefield+behavior/sub-VG1-GC#117_ses-2024-04-25-task-day8_eye-camera.mp4	2225196350	162	8	7
sub-VG1-GC#53/sub-VG1-GC#53_ses-2023-06-22-task-day6_widefield+behavior/sub-VG1-GC#53_ses-2023-06-22-task-day6_body-camera.mp4	7152775550	317	19	6
sub-VG1-GC#85/sub-VG1-GC#85_ses-2023-11-27-task-day14_widefield+behavior.nwb	217124421595	27045	97	74
sub-VG1-GC#87/sub-VG1-GC#87_ses-2023-10-30-task-day5_widefield+behavior.nwb	187833747834	27748	99	77
sub-VG1-GC#85/sub-VG1-GC#85_ses-2023-10-24-resting-state-day1_widefield+behavior/sub-VG1-GC#85_ses-2023-10-24-resting-state-day1_eye-camera.mp4	1107262405	75	14	7
sub-VG1-GC#117/sub-VG1-GC#117_ses-2024-05-02-task-day12_widefield+behavior/sub-VG1-GC#117_ses-2024-05-02-task-day12_face-camera.mp4	7350588040	501	14	7
sub-VG1-GC#87/sub-VG1-GC#87_ses-2023-11-10-task-day13_widefield+behavior.nwb	187038030999	27290	104	79
sub-VG1-GC#129/sub-VG1-GC#129_ses-2024-03-12-task-day3_widefield+behavior/sub-VG1-GC#129_ses-2024-03-12-task-day3_face-camera.mp4	7377007310	503	15	7
sub-VG1-GC#117/sub-VG1-GC#117_ses-2024-04-22-task-day5_widefield+behavior/sub-VG1-GC#117_ses-2024-04-22-task-day5_face-camera.mp4	7455323491	510	19	7
sub-VG1-GC#54/sub-VG1-GC#54_ses-2023-06-16-task-day2_widefield+behavior/sub-VG1-GC#54_ses-2023-06-16-task-day2_face-camera.mp4	8817829492	501	11	6
sub-VG1-GC#54/sub-VG1-GC#54_ses-2023-06-27-task-day9_widefield+behavior/sub-VG1-GC#54_ses-2023-06-27-task-day9_body-camera.mp4	5359199400	313	13	7
sub-VG1-GC#99/sub-VG1-GC#99_ses-2024-01-29-task-day4_widefield+behavior/sub-VG1-GC#99_ses-2024-01-29-task-day4_face-camera.mp4	7586405033	515	13	8
sub-VG1-GC#127/sub-VG1-GC#127_ses-2024-05-02-task-day12_widefield+behavior/sub-VG1-GC#127_ses-2024-05-02-task-day12_body-camera.mp4	4445790793	311	16	6
sub-VG1-GC#73/sub-VG1-GC#73_ses-2023-09-06-task-day13_widefield+behavior.nwb	198099259425	26641	96	78
sub-VG1-GC#124/sub-VG1-GC#124_ses-2024-01-15-resting-state-day0_widefield.nwb	63554512140	4874	77	66
sub-VG1-GC#130/sub-VG1-GC#130_ses-2024-04-25-task-day8_widefield+behavior/sub-VG1-GC#130_ses-2024-04-25-task-day8_eye-camera.mp4	3533092730	171	10	9
sub-VG1-GC#53/sub-VG1-GC#53_ses-2023-06-16-task-day2_widefield+behavior.nwb	274397017133	30073	101	82
sub-VG1-GC#116/sub-VG1-GC#116_ses-2024-01-16-task-day1_widefield+behavior/sub-VG1-GC#116_ses-2024-01-16-task-day1_eye-camera.mp4	4012645628	181	21	8
sub-VG1-GC#105/sub-VG1-GC#105_ses-2024-01-25-task-day2_widefield+behavior.nwb	295928007484	36200	106	83
sub-VG1-GC#109/sub-VG1-GC#109_ses-2024-01-24-task-day7_widefield+behavior/sub-VG1-GC#109_ses-2024-01-24-task-day7_eye-camera.mp4	4047731666	180	18	8
sub-VG1-GC#124/sub-VG1-GC#124_ses-2024-01-16-task-day1_widefield+behavior/sub-VG1-GC#124_ses-2024-01-16-task-day1_body-camera.mp4	5365989829	317	20	7
sub-VG1-GC#61/sub-VG1-GC#61_ses-2023-06-19-task-day3_widefield+behavior.nwb	193753389739	26036	87	76
sub-VG1-GC#54/sub-VG1-GC#54_ses-2023-06-15-resting-state-day1_widefield+behavior.nwb	96931952382	20005	92	70
sub-VG1-GC#130/sub-VG1-GC#130_ses-2024-04-24-task-day7_widefield+behavior/sub-VG1-GC#130_ses-2024-04-24-task-day7_face-camera.mp4	12116179714	574	15	8
sub-VG1-GC#52/sub-VG1-GC#52_ses-2023-06-22-task-day6_widefield+behavior.nwb	258697918865	30143	107	83
sub-VG1-GC#122/sub-VG1-GC#122_ses-2024-03-29-task-day15_widefield+behavior/sub-VG1-GC#122_ses-2024-03-29-task-day15_body-camera.mp4	4430325574	309	14	6
sub-VG1-GC#99/sub-VG1-GC#99_ses-2024-01-25-task-day2_widefield+behavior/sub-VG1-GC#99_ses-2024-01-25-task-day2_body-camera.mp4	5670245216	333	15	8
sub-VG1-GC#122/sub-VG1-GC#122_ses-2024-03-06-resting-state-day0_widefield+behavior/sub-VG1-GC#122_ses-2024-03-06-resting-state-day0_face-camera.mp4	3989449179	191	16	7
sub-VG1-GC#54/sub-VG1-GC#54_ses-2023-06-19-task-day3_widefield+behavior/sub-VG1-GC#54_ses-2023-06-19-task-day3_eye-camera.mp4	2618661123	163	10	7
sub-VG1-GC#127/sub-VG1-GC#127_ses-2024-04-25-task-day8_widefield+behavior/sub-VG1-GC#127_ses-2024-04-25-task-day8_body-camera.mp4	4459203637	314	18	6
sub-VG1-GC#125/sub-VG1-GC#125_ses-2024-04-30-task-day8_widefield+behavior.nwb	184366381464	27590	89	80
sub-VG1-GC#63/sub-VG1-GC#63_ses-2023-09-04-task-day11_widefield+behavior/sub-VG1-GC#63_ses-2023-09-04-task-day11_eye-camera.mp4	2682561087	171	16	7
sub-VG1-GC#53/sub-VG1-GC#53_ses-2023-06-14-resting-state-day0_widefield+behavior/sub-VG1-GC#53_ses-2023-06-14-resting-state-day0_body-camera.mp4	1932388458	123	13	6
sub-VG1-GC#53/sub-VG1-GC#53_ses-2023-06-28-task-day10_widefield+behavior/sub-VG1-GC#53_ses-2023-06-28-task-day10_body-camera.mp4	9417580392	326	20	7
sub-VG1-GC#78/sub-VG1-GC#78_ses-2023-11-20-task-day5_widefield+behavior.nwb	192453155015	26058	87	72
sub-VG1-GC#85/sub-VG1-GC#85_ses-2023-11-20-task-day10_widefield+behavior.nwb	202014586963	25541	96	75
sub-VG1-GC#52/sub-VG1-GC#52_ses-2023-06-15-task-day1_widefield+behavior/sub-VG1-GC#52_ses-2023-06-15-task-day1_body-camera.mp4	16034720564	521	17	8
sub-VG1-GC#129/sub-VG1-GC#129_ses-2024-03-06-resting-state-day0_widefield+behavior/sub-VG1-GC#129_ses-2024-03-06-resting-state-day0_face-camera.mp4	3999459779	189	14	7
sub-VG1-GC#78/sub-VG1-GC#78_ses-2023-11-21-task-day6_widefield+behavior.nwb	186478383312	26801	99	74
sub-VG1-GC#119/sub-VG1-GC#119_ses-2024-03-07-task-day1_widefield+behavior/sub-VG1-GC#119_ses-2024-03-07-task-day1_eye-camera.mp4	2717379728	171	15	7
sub-VG1-GC#51/sub-VG1-GC#51_ses-2023-06-15-resting-state-day1_widefield+behavior/sub-VG1-GC#51_ses-2023-06-15-resting-state-day1_eye-camera.mp4	3458785326	146	26	16
sub-VG1-GC#61/sub-VG1-GC#61_ses-2023-07-03-task-day13_widefield+behavior.nwb	200793172087	27004	87	75
sub-VG1-GC#61/sub-VG1-GC#61_ses-2023-07-04-task-day14_widefield+behavior/sub-VG1-GC#61_ses-2023-07-04-task-day14_eye-camera.mp4	2609359761	165	12	7
sub-VG1-GC#130/sub-VG1-GC#130_ses-2024-04-22-task-day5_widefield+behavior/sub-VG1-GC#130_ses-2024-04-22-task-day5_face-camera.mp4	10590342275	505	9	8
sub-VG1-GC#61/sub-VG1-GC#61_ses-2023-06-23-task-day7_widefield+behavior/sub-VG1-GC#61_ses-2023-06-23-task-day7_face-camera.mp4	8922016120	508	13	6
sub-VG1-GC#87/sub-VG1-GC#87_ses-2023-10-27-task-day4_widefield+behavior/sub-VG1-GC#87_ses-2023-10-27-task-day4_body-camera.mp4	5309334326	309	12	6
sub-VG1-GC#116/sub-VG1-GC#116_ses-2024-02-05-resting-state-day15_widefield+behavior/sub-VG1-GC#116_ses-2024-02-05-resting-state-day15_body-camera.mp4	1840632443	116	11	7
sub-VG1-GC#87/sub-VG1-GC#87_ses-2023-11-14-resting-state-day15_widefield+behavior/sub-VG1-GC#87_ses-2023-11-14-resting-state-day15_face-camera.mp4	4578162358	201	24	7
sub-VG1-GC#105/sub-VG1-GC#105_ses-2024-01-24-task-day1_widefield+behavior/sub-VG1-GC#105_ses-2024-01-24-task-day1_eye-camera.mp4	4130294569	192	20	12
sub-VG1-GC#60/sub-VG1-GC#60_ses-2023-06-22-task-day6_widefield+behavior/sub-VG1-GC#60_ses-2023-06-22-task-day6_eye-camera.mp4	2668039799	173	19	8
sub-VG1-GC#52/sub-VG1-GC#52_ses-2023-06-21-task-day5_widefield+behavior/sub-VG1-GC#52_ses-2023-06-21-task-day5_body-camera.mp4	7109433254	315	17	6
sub-VG1-GC#85/sub-VG1-GC#85_ses-2023-11-27-task-day14_widefield+behavior/sub-VG1-GC#85_ses-2023-11-27-task-day14_face-camera.mp4	8792165540	499	10	7
sub-VG1-GC#61/sub-VG1-GC#61_ses-2023-07-05-task-day15_widefield+behavior.nwb	225858606849	28006	97	84
sub-VG1-GC#61/sub-VG1-GC#61_ses-2023-06-27-task-day9_widefield+behavior/sub-VG1-GC#61_ses-2023-06-27-task-day9_eye-camera.mp4	2685891645	171	16	7
sub-VG1-GC#109/sub-VG1-GC#109_ses-2024-01-17-task-day2_widefield+behavior.nwb	218011778407	28375	97	78
sub-VG1-GC#127/sub-VG1-GC#127_ses-2024-05-08-task-day14_widefield+behavior/sub-VG1-GC#127_ses-2024-05-08-task-day14_eye-camera.mp4	2715531122	180	17	8
sub-VG1-GC#60/sub-VG1-GC#60_ses-2023-06-27-task-day9_widefield+behavior/sub-VG1-GC#60_ses-2023-06-27-task-day9_face-camera.mp4	14744384454	542	16	9
sub-VG1-GC#117/sub-VG1-GC#117_ses-2024-05-08-task-day14_widefield+behavior.nwb	220504880169	27570	94	83
sub-VG1-GC#129/sub-VG1-GC#129_ses-2024-03-29-resting-state-day15_widefield+behavior/sub-VG1-GC#129_ses-2024-03-29-resting-state-day15_face-camera.mp4	3483750363	208	17	8
sub-VG1-GC#116/sub-VG1-GC#116_ses-2024-01-16-resting-state-day1_widefield+behavior/sub-VG1-GC#116_ses-2024-01-16-resting-state-day1_eye-camera.mp4	1241732386	79	17	8
sub-VG1-GC#48/sub-VG1-GC#48_ses-2023-09-07-task-day14_widefield+behavior/sub-VG1-GC#48_ses-2023-09-07-task-day14_body-camera.mp4	8874502241	335	21	7
sub-VG1-GC#125/sub-VG1-GC#125_ses-2024-05-13-resting-state-day15_widefield+behavior.nwb	76414213596	18285	76	67
sub-VG1-GC#99/sub-VG1-GC#99_ses-2024-02-02-task-day8_widefield+behavior/sub-VG1-GC#99_ses-2024-02-02-task-day8_eye-camera.mp4	2711944689	183	19	8
sub-VG1-GC#99/sub-VG1-GC#99_ses-2024-02-15-task-day15_widefield+behavior/sub-VG1-GC#99_ses-2024-02-15-task-day15_body-camera.mp4	8003752054	335	10	10
sub-VG1-GC#61/sub-VG1-GC#61_ses-2023-07-05-task-day15_widefield+behavior/sub-VG1-GC#61_ses-2023-07-05-task-day15_body-camera.mp4	9155980328	341	8	8
sub-VG1-GC#63/sub-VG1-GC#63_ses-2023-08-21-resting-state-day1_widefield+behavior/sub-VG1-GC#63_ses-2023-08-21-resting-state-day1_face-camera.mp4	4551652776	209	18	8
sub-VG1-GC#127/sub-VG1-GC#127_ses-2024-05-01-task-day11_widefield+behavior.nwb	172727070101	27346	93	75
sub-VG1-GC#61/sub-VG1-GC#61_ses-2023-06-16-task-day2_widefield+behavior/sub-VG1-GC#61_ses-2023-06-16-task-day2_eye-camera.mp4	3039235641	171	9	8
sub-VG1-GC#66/sub-VG1-GC#66_ses-2023-08-21-task-day1_widefield+behavior/sub-VG1-GC#66_ses-2023-08-21-task-day1_eye-camera.mp4	3157657630	182	16	8
sub-VG1-GC#48/sub-VG1-GC#48_ses-2023-08-21-task-day1_widefield+behavior.nwb	319147294203	47105	154	99
sub-VG1-GC#99/sub-VG1-GC#99_ses-2024-02-15-resting-state-day15_widefield+behavior.nwb	76391259151	18115	79	66
sub-VG1-GC#61/sub-VG1-GC#61_ses-2023-06-16-task-day2_widefield+behavior.nwb	261868441215	28489	95	78
sub-VG1-GC#105/sub-VG1-GC#105_ses-2024-01-25-task-day2_widefield+behavior/sub-VG1-GC#105_ses-2024-01-25-task-day2_eye-camera.mp4	3847679614	186	16	9
sub-VG1-GC#99/sub-VG1-GC#99_ses-2024-01-24-resting-state-day1_widefield+behavior/sub-VG1-GC#99_ses-2024-01-24-resting-state-day1_face-camera.mp4	5982342238	242	19	9
sub-VG1-GC#87/sub-VG1-GC#87_ses-2023-11-14-task-day15_widefield+behavior/sub-VG1-GC#87_ses-2023-11-14-task-day15_eye-camera.mp4	3184232124	184	18	8
sub-VG1-GC#73/sub-VG1-GC#73_ses-2023-09-04-task-day11_widefield+behavior.nwb	211611558901	27164	87	76
sub-VG1-GC#99/sub-VG1-GC#99_ses-2024-01-31-task-day6_widefield+behavior/sub-VG1-GC#99_ses-2024-01-31-task-day6_eye-camera.mp4	2655859167	173	9	8
sub-VG1-GC#60/sub-VG1-GC#60_ses-2023-06-28-task-day10_widefield+behavior/sub-VG1-GC#60_ses-2023-06-28-task-day10_face-camera.mp4	10291920422	531	13	7
sub-VG1-GC#99/sub-VG1-GC#99_ses-2024-01-23-resting-state-day0_widefield.nwb	60227027740	5133	77	67
sub-VG1-GC#117/sub-VG1-GC#117_ses-2024-04-17-task-day2_widefield+behavior/sub-VG1-GC#117_ses-2024-04-17-task-day2_eye-camera.mp4	2710633800	176	10	9
sub-VG1-GC#119/sub-VG1-GC#119_ses-2024-03-21-task-day9_widefield+behavior/sub-VG1-GC#119_ses-2024-03-21-task-day9_body-camera.mp4	6222789096	334	21	7
sub-VG1-GC#63/sub-VG1-GC#63_ses-2023-08-29-resting-state-day7_widefield+behavior.nwb	100426613949	17589	82	63
sub-VG1-GC#60/sub-VG1-GC#60_ses-2023-06-29-task-day11_widefield+behavior/sub-VG1-GC#60_ses-2023-06-29-task-day11_eye-camera.mp4	3048789024	174	12	8
sub-VG1-GC#125/sub-VG1-GC#125_ses-2024-05-09-task-day13_widefield+behavior/sub-VG1-GC#125_ses-2024-05-09-task-day13_face-camera.mp4	7380747733	503	16	6
sub-VG1-GC#87/sub-VG1-GC#87_ses-2023-11-07-task-day10_widefield+behavior.nwb	221051706547	26712	96	73
sub-VG1-GC#109/sub-VG1-GC#109_ses-2024-01-15-resting-state-day0_widefield.nwb	62284292337	5121	84	69
sub-VG1-GC#130/sub-VG1-GC#130_ses-2024-05-02-task-day12_widefield+behavior/sub-VG1-GC#130_ses-2024-05-02-task-day12_face-camera.mp4	12033725995	536	15	8
sub-VG1-GC#60/sub-VG1-GC#60_ses-2023-06-21-task-day5_widefield+behavior/sub-VG1-GC#60_ses-2023-06-21-task-day5_face-camera.mp4	10492630505	543	14	8
sub-VG1-GC#66/sub-VG1-GC#66_ses-2023-08-18-resting-state-day0_widefield+behavior.nwb	80668047237	20738	88	73
sub-VG1-GC#54/sub-VG1-GC#54_ses-2023-07-05-resting-state-day15_widefield+behavior/sub-VG1-GC#54_ses-2023-07-05-resting-state-day15_face-camera.mp4	4074945090	200	16	7
sub-VG1-GC#63/sub-VG1-GC#63_ses-2023-08-23-task-day3_widefield+behavior/sub-VG1-GC#63_ses-2023-08-23-task-day3_face-camera.mp4	10310210771	533	15	8
sub-VG1-GC#99/sub-VG1-GC#99_ses-2024-01-31-task-day6_widefield+behavior.nwb	155052137915	26695	93	74
sub-VG1-GC#51/sub-VG1-GC#51_ses-2023-06-16-task-day2_widefield+behavior/sub-VG1-GC#51_ses-2023-06-16-task-day2_body-camera.mp4	16272647964	514	19	7
sub-VG1-GC#116/sub-VG1-GC#116_ses-2024-01-25-task-day8_widefield+behavior/sub-VG1-GC#116_ses-2024-01-25-task-day8_eye-camera.mp4	2702408060	172	18	7
sub-VG1-GC#85/sub-VG1-GC#85_ses-2023-11-14-task-day6_widefield+behavior.nwb	209911968633	25767	94	72
sub-VG1-GC#105/sub-VG1-GC#105_ses-2024-01-24-task-day1_widefield+behavior.nwb	319169301250	70000	243	149
sub-VG1-GC#60/sub-VG1-GC#60_ses-2023-06-29-task-day11_widefield+behavior.nwb	194065402167	28225	96	75
sub-VG1-GC#124/sub-VG1-GC#124_ses-2024-01-29-task-day10_widefield+behavior.nwb	190055785759	27622	96	80
sub-VG1-GC#61/sub-VG1-GC#61_ses-2023-07-05-resting-state-day15_widefield+behavior.nwb	100831825177	18274	80	67
sub-VG1-GC#109/sub-VG1-GC#109_ses-2024-02-02-task-day14_widefield+behavior/sub-VG1-GC#109_ses-2024-02-02-task-day14_eye-camera.mp4	3127906898	177	13	9
sub-VG1-GC#73/sub-VG1-GC#73_ses-2023-08-30-task-day8_widefield+behavior/sub-VG1-GC#73_ses-2023-08-30-task-day8_face-camera.mp4	10380162616	536	13	7
sub-VG1-GC#127/sub-VG1-GC#127_ses-2024-05-02-task-day12_widefield+behavior/sub-VG1-GC#127_ses-2024-05-02-task-day12_eye-camera.mp4	2651016920	175	12	8
sub-VG1-GC#66/sub-VG1-GC#66_ses-2023-08-29-task-day7_widefield+behavior/sub-VG1-GC#66_ses-2023-08-29-task-day7_eye-camera.mp4	2686478547	169	13	7
sub-VG1-GC#119/sub-VG1-GC#119_ses-2024-03-06-resting-state-day0_widefield+behavior/sub-VG1-GC#119_ses-2024-03-06-resting-state-day0_face-camera.mp4	3043522527	188	18	6
sub-VG1-GC#51/sub-VG1-GC#51_ses-2023-06-15-task-day1_widefield+behavior/sub-VG1-GC#51_ses-2023-06-15-task-day1_eye-camera.mp4	5939221450	194	22	10
sub-VG1-GC#99/sub-VG1-GC#99_ses-2024-02-01-resting-state-day7_widefield+behavior.nwb	86721909349	18800	81	65
sub-VG1-GC#119/sub-VG1-GC#119_ses-2024-03-06-resting-state-day0_widefield+behavior/sub-VG1-GC#119_ses-2024-03-06-resting-state-day0_body-camera.mp4	1873543941	127	23	6
sub-VG1-GC#117/sub-VG1-GC#117_ses-2024-04-18-task-day3_widefield+behavior/sub-VG1-GC#117_ses-2024-04-18-task-day3_face-camera.mp4	7411586719	509	19	7
sub-VG1-GC#66/sub-VG1-GC#66_ses-2023-09-04-task-day11_widefield+behavior/sub-VG1-GC#66_ses-2023-09-04-task-day11_eye-camera.mp4	3157280251	181	17	8
sub-VG1-GC#87/sub-VG1-GC#87_ses-2023-10-24-resting-state-day1_widefield+behavior/sub-VG1-GC#87_ses-2023-10-24-resting-state-day1_eye-camera.mp4	1232086937	76	13	8
sub-VG1-GC#53/sub-VG1-GC#53_ses-2023-07-05-resting-state-day15_widefield+behavior/sub-VG1-GC#53_ses-2023-07-05-resting-state-day15_eye-camera.mp4	1660235199	80	17	8
sub-VG1-GC#119/sub-VG1-GC#119_ses-2024-03-15-task-day6_widefield+behavior.nwb	189029577603	27732	106	77
sub-VG1-GC#54/sub-VG1-GC#54_ses-2023-06-26-task-day8_widefield+behavior/sub-VG1-GC#54_ses-2023-06-26-task-day8_body-camera.mp4	5399397670	317	19	6
sub-VG1-GC#129/sub-VG1-GC#129_ses-2024-03-28-task-day14_widefield+behavior/sub-VG1-GC#129_ses-2024-03-28-task-day14_eye-camera.mp4	2307020551	172	18	7
sub-VG1-GC#122/sub-VG1-GC#122_ses-2024-03-21-task-day9_widefield+behavior.nwb	190108158153	27868	94	78
sub-VG1-GC#78/sub-VG1-GC#78_ses-2023-11-27-task-day9_widefield+behavior.nwb	233843592415	26446	90	73
sub-VG1-GC#125/sub-VG1-GC#125_ses-2024-04-18-resting-state-day1_widefield+behavior/sub-VG1-GC#125_ses-2024-04-18-resting-state-day1_face-camera.mp4	4119248671	197	16	7
sub-VG1-GC#130/sub-VG1-GC#130_ses-2024-05-09-task-day15_widefield+behavior/sub-VG1-GC#130_ses-2024-05-09-task-day15_eye-camera.mp4	2247167495	169	15	7
sub-VG1-GC#125/sub-VG1-GC#125_ses-2024-04-23-task-day4_widefield+behavior/sub-VG1-GC#125_ses-2024-04-23-task-day4_face-camera.mp4	7360270384	502	15	6
sub-VG1-GC#66/sub-VG1-GC#66_ses-2023-08-28-task-day6_widefield+behavior/sub-VG1-GC#66_ses-2023-08-28-task-day6_eye-camera.mp4	2729199903	176	19	7
sub-VG1-GC#61/sub-VG1-GC#61_ses-2023-07-11-sensory-stim-day16_widefield.nwb	74274046994	5599	76	63
sub-VG1-GC#60/sub-VG1-GC#60_ses-2023-06-23-resting-state-day7_widefield+behavior/sub-VG1-GC#60_ses-2023-06-23-resting-state-day7_eye-camera.mp4	1261383601	81	21	7
sub-VG1-GC#85/sub-VG1-GC#85_ses-2023-10-26-task-day3_widefield+behavior/sub-VG1-GC#85_ses-2023-10-26-task-day3_body-camera.mp4	7808886770	316	12	7
sub-VG1-GC#122/sub-VG1-GC#122_ses-2024-03-14-task-day5_widefield+behavior/sub-VG1-GC#122_ses-2024-03-14-task-day5_face-camera.mp4	7371323787	503	16	6
sub-VG1-GC#109/sub-VG1-GC#109_ses-2024-01-22-task-day5_widefield+behavior/sub-VG1-GC#109_ses-2024-01-22-task-day5_eye-camera.mp4	2680379672	169	15	7
sub-VG1-GC#125/sub-VG1-GC#125_ses-2024-04-19-task-day2_widefield+behavior/sub-VG1-GC#125_ses-2024-04-19-task-day2_body-camera.mp4	4432484176	307	12	6
sub-VG1-GC#51/sub-VG1-GC#51_ses-2023-06-23-resting-state-day7_widefield+behavior/sub-VG1-GC#51_ses-2023-06-23-resting-state-day7_body-camera.mp4	3638554090	129	21	7
sub-VG1-GC#129/sub-VG1-GC#129_ses-2024-03-08-task-day2_widefield+behavior/sub-VG1-GC#129_ses-2024-03-08-task-day2_eye-camera.mp4	3612662590	178	15	8
sub-VG1-GC#117/sub-VG1-GC#117_ses-2024-04-24-resting-state-day7_widefield+behavior/sub-VG1-GC#117_ses-2024-04-24-resting-state-day7_eye-camera.mp4	943804226	69	10	7
sub-VG1-GC#119/sub-VG1-GC#119_ses-2024-03-29-task-day15_widefield+behavior/sub-VG1-GC#119_ses-2024-03-29-task-day15_eye-camera.mp4	2737719766	175	20	8
sub-VG1-GC#127/sub-VG1-GC#127_ses-2024-04-19-task-day4_widefield+behavior/sub-VG1-GC#127_ses-2024-04-19-task-day4_eye-camera.mp4	2233508203	165	11	7
sub-VG1-GC#127/sub-VG1-GC#127_ses-2024-04-23-task-day6_widefield+behavior.nwb	154340856245	27115	89	74
sub-VG1-GC#109/sub-VG1-GC#109_ses-2024-01-24-resting-state-day7_widefield+behavior/sub-VG1-GC#109_ses-2024-01-24-resting-state-day7_eye-camera.mp4	1545125796	83	18	8
sub-VG1-GC#87/sub-VG1-GC#87_ses-2023-10-27-task-day4_widefield+behavior/sub-VG1-GC#87_ses-2023-10-27-task-day4_eye-camera.mp4	4006439934	177	16	8
sub-VG1-GC#85/sub-VG1-GC#85_ses-2023-10-27-task-day4_widefield+behavior/sub-VG1-GC#85_ses-2023-10-27-task-day4_eye-camera.mp4	2655969135	164	9	7
sub-VG1-GC#85/sub-VG1-GC#85_ses-2023-10-24-resting-state-day1_widefield+behavior/sub-VG1-GC#85_ses-2023-10-24-resting-state-day1_body-camera.mp4	1847040296	120	13	6
sub-VG1-GC#124/sub-VG1-GC#124_ses-2024-01-29-task-day10_widefield+behavior/sub-VG1-GC#124_ses-2024-01-29-task-day10_face-camera.mp4	8979812055	510	15	8
sub-VG1-GC#130/sub-VG1-GC#130_ses-2024-05-08-task-day14_widefield+behavior/sub-VG1-GC#130_ses-2024-05-08-task-day14_eye-camera.mp4	2291224582	171	15	8
sub-VG1-GC#116/sub-VG1-GC#116_ses-2024-02-05-task-day15_widefield+behavior/sub-VG1-GC#116_ses-2024-02-05-task-day15_body-camera.mp4	5398068285	318	22	6
sub-VG1-GC#52/sub-VG1-GC#52_ses-2023-06-19-task-day3_widefield+behavior/sub-VG1-GC#52_ses-2023-06-19-task-day3_face-camera.mp4	11772275406	505	15	6
sub-VG1-GC#125/sub-VG1-GC#125_ses-2024-05-07-task-day11_widefield+behavior/sub-VG1-GC#125_ses-2024-05-07-task-day11_body-camera.mp4	4468005569	313	18	6
sub-VG1-GC#51/sub-VG1-GC#51_ses-2023-06-23-resting-state-day7_widefield+behavior/sub-VG1-GC#51_ses-2023-06-23-resting-state-day7_face-camera.mp4	7501452271	203	22	8
sub-VG1-GC#129/sub-VG1-GC#129_ses-2024-03-27-task-day13_widefield+behavior/sub-VG1-GC#129_ses-2024-03-27-task-day13_eye-camera.mp4	2242972848	170	16	7
sub-VG1-GC#60/sub-VG1-GC#60_ses-2023-06-22-task-day6_widefield+behavior.nwb	210229275047	27341	95	73
sub-VG1-GC#117/sub-VG1-GC#117_ses-2024-04-18-task-day3_widefield+behavior.nwb	156732287287	27964	96	82
sub-VG1-GC#51/sub-VG1-GC#51_ses-2023-07-05-task-day15_widefield+behavior.nwb	283215872342	32376	108	92
sub-VG1-GC#129/sub-VG1-GC#129_ses-2024-03-08-task-day2_widefield+behavior/sub-VG1-GC#129_ses-2024-03-08-task-day2_body-camera.mp4	6858775805	325	16	7
sub-VG1-GC#99/sub-VG1-GC#99_ses-2024-01-24-task-day1_widefield+behavior/sub-VG1-GC#99_ses-2024-01-24-task-day1_body-camera.mp4	5353021514	308	8	7
sub-VG1-GC#52/sub-VG1-GC#52_ses-2023-07-05-task-day15_widefield+behavior/sub-VG1-GC#52_ses-2023-07-05-task-day15_body-camera.mp4	7080375422	313	15	6
sub-VG1-GC#48/sub-VG1-GC#48_ses-2023-09-06-task-day13_widefield+behavior/sub-VG1-GC#48_ses-2023-09-06-task-day13_eye-camera.mp4	4004421305	175	21	7
sub-VG1-GC#54/sub-VG1-GC#54_ses-2023-06-23-task-day7_widefield+behavior/sub-VG1-GC#54_ses-2023-06-23-task-day7_face-camera.mp4	8824520372	505	16	7
sub-VG1-GC#54/sub-VG1-GC#54_ses-2023-06-28-task-day10_widefield+behavior/sub-VG1-GC#54_ses-2023-06-28-task-day10_eye-camera.mp4	3912902085	173	15	8
sub-VG1-GC#125/sub-VG1-GC#125_ses-2024-04-24-task-day5_widefield+behavior/sub-VG1-GC#125_ses-2024-04-24-task-day5_face-camera.mp4	7492725192	508	13	7
sub-VG1-GC#51/sub-VG1-GC#51_ses-2023-06-15-task-day1_widefield+behavior/sub-VG1-GC#51_ses-2023-06-15-task-day1_face-camera.mp4	17443366821	519	23	7
sub-VG1-GC#87/sub-VG1-GC#87_ses-2023-10-30-task-day5_widefield+behavior/sub-VG1-GC#87_ses-2023-10-30-task-day5_face-camera.mp4	8862601142	508	19	7
sub-VG1-GC#48/sub-VG1-GC#48_ses-2023-08-23-task-day3_widefield+behavior/sub-VG1-GC#48_ses-2023-08-23-task-day3_face-camera.mp4	16160216661	510	20	8
sub-VG1-GC#122/sub-VG1-GC#122_ses-2024-03-26-task-day12_widefield+behavior.nwb	206973898930	28632	103	82
sub-VG1-GC#53/sub-VG1-GC#53_ses-2023-07-05-task-day15_widefield+behavior.nwb	254097492854	30675	109	84
sub-VG1-GC#73/sub-VG1-GC#73_ses-2023-08-25-task-day5_widefield+behavior/sub-VG1-GC#73_ses-2023-08-25-task-day5_body-camera.mp4	7719228422	324	16	7
sub-VG1-GC#63/sub-VG1-GC#63_ses-2023-08-28-task-day6_widefield+behavior/sub-VG1-GC#63_ses-2023-08-28-task-day6_body-camera.mp4	8120507560	324	16	8
sub-VG1-GC#63/sub-VG1-GC#63_ses-2023-09-04-task-day11_widefield+behavior/sub-VG1-GC#63_ses-2023-09-04-task-day11_body-camera.mp4	5322466222	310	12	6
sub-VG1-GC#124/sub-VG1-GC#124_ses-2024-01-22-task-day5_widefield+behavior/sub-VG1-GC#124_ses-2024-01-22-task-day5_body-camera.mp4	5486497589	328	16	7
sub-VG1-GC#51/sub-VG1-GC#51_ses-2023-06-26-task-day8_widefield+behavior/sub-VG1-GC#51_ses-2023-06-26-task-day8_eye-camera.mp4	4789705875	171	18	7
sub-VG1-GC#52/sub-VG1-GC#52_ses-2023-06-15-resting-state-day1_widefield+behavior/sub-VG1-GC#52_ses-2023-06-15-resting-state-day1_face-camera.mp4	4565731663	190	16	6
sub-VG1-GC#117/sub-VG1-GC#117_ses-2024-04-15-resting-state-day0_widefield+behavior/sub-VG1-GC#117_ses-2024-04-15-resting-state-day0_eye-camera.mp4	854059396	79	18	8
sub-VG1-GC#63/sub-VG1-GC#63_ses-2023-08-31-task-day9_widefield+behavior/sub-VG1-GC#63_ses-2023-08-31-task-day9_body-camera.mp4	5482245980	330	30	6
sub-VG1-GC#109/sub-VG1-GC#109_ses-2024-01-24-task-day7_widefield+behavior/sub-VG1-GC#109_ses-2024-01-24-task-day7_body-camera.mp4	5434701733	322	22	7
sub-VG1-GC#66/sub-VG1-GC#66_ses-2023-09-08-task-day15_widefield+behavior.nwb	241676916349	28703	109	85
sub-VG1-GC#127/sub-VG1-GC#127_ses-2024-05-09-resting-state-day15_widefield+behavior/sub-VG1-GC#127_ses-2024-05-09-resting-state-day15_body-camera.mp4	1684312850	115	11	6
sub-VG1-GC#52/sub-VG1-GC#52_ses-2023-06-20-task-day4_widefield+behavior/sub-VG1-GC#52_ses-2023-06-20-task-day4_body-camera.mp4	7143772114	320	20	6
sub-VG1-GC#129/sub-VG1-GC#129_ses-2024-03-07-resting-state-day1_widefield+behavior/sub-VG1-GC#129_ses-2024-03-07-resting-state-day1_eye-camera.mp4	933573638	72	13	7
sub-VG1-GC#122/sub-VG1-GC#122_ses-2024-03-15-task-day6_widefield+behavior/sub-VG1-GC#122_ses-2024-03-15-task-day6_eye-camera.mp4	2246280874	168	14	7
sub-VG1-GC#53/sub-VG1-GC#53_ses-2023-06-16-task-day2_widefield+behavior/sub-VG1-GC#53_ses-2023-06-16-task-day2_face-camera.mp4	15108745720	518	21	8
sub-VG1-GC#127/sub-VG1-GC#127_ses-2024-05-02-task-day12_widefield+behavior.nwb	189808708768	30102	100	81
sub-VG1-GC#53/sub-VG1-GC#53_ses-2023-06-21-task-day5_widefield+behavior/sub-VG1-GC#53_ses-2023-06-21-task-day5_body-camera.mp4	8889722904	355	23	8
sub-VG1-GC#130/sub-VG1-GC#130_ses-2024-04-16-resting-state-day1_widefield+behavior/sub-VG1-GC#130_ses-2024-04-16-resting-state-day1_eye-camera.mp4	1286778058	80	15	9
sub-VG1-GC#53/sub-VG1-GC#53_ses-2023-06-15-resting-state-day1_widefield+behavior.nwb	116476441772	21185	92	71
sub-VG1-GC#63/sub-VG1-GC#63_ses-2023-08-29-task-day7_widefield+behavior/sub-VG1-GC#63_ses-2023-08-29-task-day7_eye-camera.mp4	3608782817	193	17	9
sub-VG1-GC#66/sub-VG1-GC#66_ses-2023-08-21-resting-state-day1_widefield+behavior/sub-VG1-GC#66_ses-2023-08-21-resting-state-day1_eye-camera.mp4	1625710535	94	27	9
sub-VG1-GC#61/sub-VG1-GC#61_ses-2023-06-20-task-day4_widefield+behavior/sub-VG1-GC#61_ses-2023-06-20-task-day4_eye-camera.mp4	3490763457	185	15	9
sub-VG1-GC#78/sub-VG1-GC#78_ses-2023-11-13-resting-state-day0_widefield+behavior.nwb	71962800596	19669	87	69
sub-VG1-GC#63/sub-VG1-GC#63_ses-2023-08-18-resting-state-day0_widefield+behavior/sub-VG1-GC#63_ses-2023-08-18-resting-state-day0_face-camera.mp4	4686180064	212	15	8
sub-VG1-GC#66/sub-VG1-GC#66_ses-2023-08-24-task-day4_widefield+behavior/sub-VG1-GC#66_ses-2023-08-24-task-day4_eye-camera.mp4	3624101617	197	24	9
sub-VG1-GC#52/sub-VG1-GC#52_ses-2023-06-16-task-day2_widefield+behavior/sub-VG1-GC#52_ses-2023-06-16-task-day2_body-camera.mp4	14697513224	563	17	8
sub-VG1-GC#66/sub-VG1-GC#66_ses-2023-09-01-task-day10_widefield+behavior/sub-VG1-GC#66_ses-2023-09-01-task-day10_body-camera.mp4	7232920782	355	15	8
sub-VG1-GC#109/sub-VG1-GC#109_ses-2024-01-26-task-day9_widefield+behavior/sub-VG1-GC#109_ses-2024-01-26-task-day9_face-camera.mp4	11798744387	566	22	9
sub-VG1-GC#105/sub-VG1-GC#105_ses-2024-02-15-task-day15_widefield+behavior/sub-VG1-GC#105_ses-2024-02-15-task-day15_face-camera.mp4	13214709833	562	18	9
sub-VG1-GC#63/sub-VG1-GC#63_ses-2023-09-04-task-day11_widefield+behavior.nwb	226908451923	28081	96	76
sub-VG1-GC#127/sub-VG1-GC#127_ses-2024-04-24-resting-state-day7_widefield+behavior.nwb	76266394677	19267	87	66
sub-VG1-GC#117/sub-VG1-GC#117_ses-2024-05-02-task-day12_widefield+behavior/sub-VG1-GC#117_ses-2024-05-02-task-day12_body-camera.mp4	5278227253	320	8	7
sub-VG1-GC#129/sub-VG1-GC#129_ses-2024-03-28-task-day14_widefield+behavior/sub-VG1-GC#129_ses-2024-03-28-task-day14_body-camera.mp4	6260483957	349	18	8
sub-VG1-GC#130/sub-VG1-GC#130_ses-2024-04-17-task-day2_widefield+behavior/sub-VG1-GC#130_ses-2024-04-17-task-day2_face-camera.mp4	8787566281	529	14	8
sub-VG1-GC#51/sub-VG1-GC#51_ses-2023-06-14-resting-state-day0_widefield+behavior/sub-VG1-GC#51_ses-2023-06-14-resting-state-day0_face-camera.mp4	3579337317	192	7	7
sub-VG1-GC#119/sub-VG1-GC#119_ses-2024-03-12-task-day3_widefield+behavior/sub-VG1-GC#119_ses-2024-03-12-task-day3_face-camera.mp4	10304737413	533	17	8
sub-VG1-GC#51/sub-VG1-GC#51_ses-2023-06-27-task-day9_widefield+behavior/sub-VG1-GC#51_ses-2023-06-27-task-day9_face-camera.mp4	18236088346	555	19	7
sub-VG1-GC#61/sub-VG1-GC#61_ses-2023-07-05-resting-state-day15_widefield+behavior/sub-VG1-GC#61_ses-2023-07-05-resting-state-day15_face-camera.mp4	4362740114	210	12	7
sub-VG1-GC#127/sub-VG1-GC#127_ses-2024-04-23-task-day6_widefield+behavior/sub-VG1-GC#127_ses-2024-04-23-task-day6_eye-camera.mp4	2649722282	173	10	8
sub-VG1-GC#125/sub-VG1-GC#125_ses-2024-04-18-resting-state-day1_widefield+behavior/sub-VG1-GC#125_ses-2024-04-18-resting-state-day1_body-camera.mp4	1902983769	129	15	7
sub-VG1-GC#129/sub-VG1-GC#129_ses-2024-03-28-task-day14_widefield+behavior.nwb	207947229672	28554	90	77
sub-VG1-GC#54/sub-VG1-GC#54_ses-2023-06-14-resting-state-day0_widefield+behavior/sub-VG1-GC#54_ses-2023-06-14-resting-state-day0_eye-camera.mp4	2070195968	98	14	11
sub-VG1-GC#78/sub-VG1-GC#78_ses-2023-11-20-task-day5_widefield+behavior/sub-VG1-GC#78_ses-2023-11-20-task-day5_eye-camera.mp4	3179923246	189	25	8
sub-VG1-GC#109/sub-VG1-GC#109_ses-2024-02-06-sensory-stim-day16_widefield.nwb	99723268330	10384	101	73
sub-VG1-GC#48/sub-VG1-GC#48_ses-2023-08-21-task-day1_widefield+behavior/sub-VG1-GC#48_ses-2023-08-21-task-day1_body-camera.mp4	13312504692	357	19	9
sub-VG1-GC#87/sub-VG1-GC#87_ses-2023-10-26-task-day3_widefield+behavior/sub-VG1-GC#87_ses-2023-10-26-task-day3_face-camera.mp4	10287442673	531	15	7
sub-VG1-GC#53/sub-VG1-GC#53_ses-2023-06-16-task-day2_widefield+behavior/sub-VG1-GC#53_ses-2023-06-16-task-day2_eye-camera.mp4	4414521677	212	22	9
sub-VG1-GC#61/sub-VG1-GC#61_ses-2023-06-15-resting-state-day1_widefield+behavior/sub-VG1-GC#61_ses-2023-06-15-resting-state-day1_eye-camera.mp4	1349862252	75	12	8
sub-VG1-GC#66/sub-VG1-GC#66_ses-2023-08-28-task-day6_widefield+behavior.nwb	215688066527	27203	94	74
sub-VG1-GC#116/sub-VG1-GC#116_ses-2024-01-23-task-day6_widefield+behavior/sub-VG1-GC#116_ses-2024-01-23-task-day6_eye-camera.mp4	3240675914	181	11	8
sub-VG1-GC#125/sub-VG1-GC#125_ses-2024-04-26-resting-state-day7_widefield+behavior/sub-VG1-GC#125_ses-2024-04-26-resting-state-day7_body-camera.mp4	2986368073	177	14	10
sub-VG1-GC#117/sub-VG1-GC#117_ses-2024-04-17-task-day2_widefield+behavior/sub-VG1-GC#117_ses-2024-04-17-task-day2_face-camera.mp4	8842923781	526	8	8
sub-VG1-GC#52/sub-VG1-GC#52_ses-2023-06-29-task-day11_widefield+behavior/sub-VG1-GC#52_ses-2023-06-29-task-day11_face-camera.mp4	13230650879	538	20	7
sub-VG1-GC#116/sub-VG1-GC#116_ses-2024-01-22-task-day5_widefield+behavior/sub-VG1-GC#116_ses-2024-01-22-task-day5_body-camera.mp4	6240226207	334	20	7
sub-VG1-GC#51/sub-VG1-GC#51_ses-2023-06-22-task-day6_widefield+behavior.nwb	255345097496	30100	99	80
sub-VG1-GC#125/sub-VG1-GC#125_ses-2024-05-13-task-day15_widefield+behavior.nwb	206348432397	28484	88	79
sub-VG1-GC#78/sub-VG1-GC#78_ses-2023-11-29-task-day11_widefield+behavior/sub-VG1-GC#78_ses-2023-11-29-task-day11_face-camera.mp4	10348924301	537	19	7
sub-VG1-GC#127/sub-VG1-GC#127_ses-2024-05-09-task-day15_widefield+behavior.nwb	207070892863	27238	102	82
sub-VG1-GC#85/sub-VG1-GC#85_ses-2023-11-24-task-day13_widefield+behavior.nwb	200932379859	26840	91	74
sub-VG1-GC#99/sub-VG1-GC#99_ses-2024-02-15-resting-state-day15_widefield+behavior/sub-VG1-GC#99_ses-2024-02-15-resting-state-day15_face-camera.mp4	3098413682	200	16	8
sub-VG1-GC#105/sub-VG1-GC#105_ses-2024-02-13-task-day13_widefield+behavior/sub-VG1-GC#105_ses-2024-02-13-task-day13_body-camera.mp4	9899540275	384	9	9
sub-VG1-GC#52/sub-VG1-GC#52_ses-2023-06-23-task-day7_widefield+behavior.nwb	289149335541	30897	112	85
sub-VG1-GC#53/sub-VG1-GC#53_ses-2023-06-28-task-day10_widefield+behavior/sub-VG1-GC#53_ses-2023-06-28-task-day10_eye-camera.mp4	5204484750	187	19	9
sub-VG1-GC#48/sub-VG1-GC#48_ses-2023-08-29-resting-state-day7_widefield+behavior/sub-VG1-GC#48_ses-2023-08-29-resting-state-day7_face-camera.mp4	6855277468	260	21	8
sub-VG1-GC#105/sub-VG1-GC#105_ses-2024-01-31-task-day6_widefield+behavior/sub-VG1-GC#105_ses-2024-01-31-task-day6_body-camera.mp4	9340424623	329	9	8
sub-VG1-GC#125/sub-VG1-GC#125_ses-2024-04-22-task-day3_widefield+behavior/sub-VG1-GC#125_ses-2024-04-22-task-day3_face-camera.mp4	8779592831	524	10	7
sub-VG1-GC#54/sub-VG1-GC#54_ses-2023-06-22-task-day6_widefield+behavior/sub-VG1-GC#54_ses-2023-06-22-task-day6_eye-camera.mp4	3046973206	177	15	8
sub-VG1-GC#63/sub-VG1-GC#63_ses-2023-08-25-task-day5_widefield+behavior.nwb	226596281511	28460	96	76
sub-VG1-GC#116/sub-VG1-GC#116_ses-2024-01-29-task-day10_widefield+behavior/sub-VG1-GC#116_ses-2024-01-29-task-day10_eye-camera.mp4	4442787616	187	17	10
sub-VG1-GC#54/sub-VG1-GC#54_ses-2023-07-05-task-day15_widefield+behavior/sub-VG1-GC#54_ses-2023-07-05-task-day15_body-camera.mp4	6188775220	326	11	7
sub-VG1-GC#105/sub-VG1-GC#105_ses-2024-01-31-task-day6_widefield+behavior/sub-VG1-GC#105_ses-2024-01-31-task-day6_eye-camera.mp4	3535104138	174	11	8
sub-VG1-GC#51/sub-VG1-GC#51_ses-2023-06-22-task-day6_widefield+behavior/sub-VG1-GC#51_ses-2023-06-22-task-day6_body-camera.mp4	10654863938	335	18	9
sub-VG1-GC#130/sub-VG1-GC#130_ses-2024-04-18-task-day3_widefield+behavior/sub-VG1-GC#130_ses-2024-04-18-task-day3_eye-camera.mp4	3947898310	183	13	9
sub-VG1-GC#53/sub-VG1-GC#53_ses-2023-07-05-resting-state-day15_widefield+behavior/sub-VG1-GC#53_ses-2023-07-05-resting-state-day15_face-camera.mp4	5024947246	198	16	7
sub-VG1-GC#122/sub-VG1-GC#122_ses-2024-03-18-task-day7_widefield+behavior/sub-VG1-GC#122_ses-2024-03-18-task-day7_face-camera.mp4	8814818323	532	17	7
sub-VG1-GC#116/sub-VG1-GC#116_ses-2024-01-15-resting-state-day0_widefield.nwb	57708128358	5349	93	69
sub-VG1-GC#63/sub-VG1-GC#63_ses-2023-08-28-task-day6_widefield+behavior.nwb	234687955321	27396	90	77
sub-VG1-GC#116/sub-VG1-GC#116_ses-2024-01-24-resting-state-day7_widefield+behavior.nwb	82224312131	20220	86	69
sub-VG1-GC#109/sub-VG1-GC#109_ses-2024-01-26-task-day9_widefield+behavior/sub-VG1-GC#109_ses-2024-01-26-task-day9_body-camera.mp4	6282964164	340	23	9
sub-VG1-GC#61/sub-VG1-GC#61_ses-2023-06-27-task-day9_widefield+behavior/sub-VG1-GC#61_ses-2023-06-27-task-day9_body-camera.mp4	6338813063	336	14	7
sub-VG1-GC#73/sub-VG1-GC#73_ses-2023-09-01-task-day10_widefield+behavior/sub-VG1-GC#73_ses-2023-09-01-task-day10_face-camera.mp4	10310172269	530	12	7
sub-VG1-GC#63/sub-VG1-GC#63_ses-2023-08-22-task-day2_widefield+behavior/sub-VG1-GC#63_ses-2023-08-22-task-day2_face-camera.mp4	10432131794	541	16	8
sub-VG1-GC#53/sub-VG1-GC#53_ses-2023-07-05-task-day15_widefield+behavior/sub-VG1-GC#53_ses-2023-07-05-task-day15_eye-camera.mp4	5107788727	185	18	9
sub-VG1-GC#129/sub-VG1-GC#129_ses-2024-03-07-task-day1_widefield+behavior/sub-VG1-GC#129_ses-2024-03-07-task-day1_face-camera.mp4	11703964031	561	18	7
sub-VG1-GC#48/sub-VG1-GC#48_ses-2023-08-24-task-day4_widefield+behavior/sub-VG1-GC#48_ses-2023-08-24-task-day4_face-camera.mp4	17610781291	534	17	9
sub-VG1-GC#73/sub-VG1-GC#73_ses-2023-08-24-task-day4_widefield+behavior/sub-VG1-GC#73_ses-2023-08-24-task-day4_body-camera.mp4	6184414801	324	9	7
sub-VG1-GC#119/sub-VG1-GC#119_ses-2024-03-07-resting-state-day1_widefield+behavior/sub-VG1-GC#119_ses-2024-03-07-resting-state-day1_eye-camera.mp4	1266329902	79	17	8
sub-VG1-GC#54/sub-VG1-GC#54_ses-2023-06-19-task-day3_widefield+behavior/sub-VG1-GC#54_ses-2023-06-19-task-day3_body-camera.mp4	7833119214	315	11	7
sub-VG1-GC#127/sub-VG1-GC#127_ses-2024-04-24-resting-state-day7_widefield+behavior/sub-VG1-GC#127_ses-2024-04-24-resting-state-day7_face-camera.mp4	2999954525	194	14	7
sub-VG1-GC#60/sub-VG1-GC#60_ses-2023-07-05-task-day15_widefield+behavior/sub-VG1-GC#60_ses-2023-07-05-task-day15_body-camera.mp4	6452516498	343	17	7
sub-VG1-GC#63/sub-VG1-GC#63_ses-2023-09-07-task-day14_widefield+behavior/sub-VG1-GC#63_ses-2023-09-07-task-day14_body-camera.mp4	6211951281	331	16	7
sub-VG1-GC#63/sub-VG1-GC#63_ses-2023-08-21-resting-state-day1_widefield+behavior/sub-VG1-GC#63_ses-2023-08-21-resting-state-day1_eye-camera.mp4	1405382565	80	17	8
sub-VG1-GC#78/sub-VG1-GC#78_ses-2023-12-05-task-day15_widefield+behavior/sub-VG1-GC#78_ses-2023-12-05-task-day15_eye-camera.mp4	3183191778	179	12	8
sub-VG1-GC#73/sub-VG1-GC#73_ses-2023-08-24-task-day4_widefield+behavior.nwb	225265034411	28102	92	79
sub-VG1-GC#105/sub-VG1-GC#105_ses-2024-01-29-task-day4_widefield+behavior/sub-VG1-GC#105_ses-2024-01-29-task-day4_face-camera.mp4	12215624267	552	16	7
sub-VG1-GC#125/sub-VG1-GC#125_ses-2024-04-23-task-day4_widefield+behavior/sub-VG1-GC#125_ses-2024-04-23-task-day4_body-camera.mp4	8033508018	344	15	8
sub-VG1-GC#60/sub-VG1-GC#60_ses-2023-07-05-resting-state-day15_widefield+behavior/sub-VG1-GC#60_ses-2023-07-05-resting-state-day15_eye-camera.mp4	1952931201	88	13	9
sub-VG1-GC#48/sub-VG1-GC#48_ses-2023-09-08-resting-state-day15_widefield+behavior/sub-VG1-GC#48_ses-2023-09-08-resting-state-day15_face-camera.mp4	5526266181	199	19	7
sub-VG1-GC#99/sub-VG1-GC#99_ses-2024-02-14-task-day14_widefield+behavior/sub-VG1-GC#99_ses-2024-02-14-task-day14_body-camera.mp4	7952470038	336	12	10
sub-VG1-GC#116/sub-VG1-GC#116_ses-2024-01-19-task-day4_widefield+behavior/sub-VG1-GC#116_ses-2024-01-19-task-day4_body-camera.mp4	5313405117	308	13	6
sub-VG1-GC#105/sub-VG1-GC#105_ses-2024-01-24-resting-state-day1_widefield+behavior/sub-VG1-GC#105_ses-2024-01-24-resting-state-day1_face-camera.mp4	6577449114	208	19	10
sub-VG1-GC#119/sub-VG1-GC#119_ses-2024-03-12-task-day3_widefield+behavior/sub-VG1-GC#119_ses-2024-03-12-task-day3_eye-camera.mp4	2681888432	172	18	7
sub-VG1-GC#78/sub-VG1-GC#78_ses-2023-11-21-task-day6_widefield+behavior/sub-VG1-GC#78_ses-2023-11-21-task-day6_face-camera.mp4	10245482215	528	12	7
sub-VG1-GC#99/sub-VG1-GC#99_ses-2024-02-13-task-day13_widefield+behavior/sub-VG1-GC#99_ses-2024-02-13-task-day13_face-camera.mp4	8923310052	537	15	9
sub-VG1-GC#78/sub-VG1-GC#78_ses-2023-11-14-resting-state-day1_widefield+behavior/sub-VG1-GC#78_ses-2023-11-14-resting-state-day1_body-camera.mp4	1856365850	121	16	6
sub-VG1-GC#52/sub-VG1-GC#52_ses-2023-07-11-sensory-stim-day16_widefield.nwb	93655123992	5594	81	63
sub-VG1-GC#124/sub-VG1-GC#124_ses-2024-01-30-task-day11_widefield+behavior/sub-VG1-GC#124_ses-2024-01-30-task-day11_body-camera.mp4	5503340281	326	25	8
sub-VG1-GC#125/sub-VG1-GC#125_ses-2024-04-26-resting-state-day7_widefield+behavior/sub-VG1-GC#125_ses-2024-04-26-resting-state-day7_face-camera.mp4	2522487523	183	13	6
sub-VG1-GC#78/sub-VG1-GC#78_ses-2023-11-14-resting-state-day1_widefield+behavior.nwb	70054660352	18238	86	67
sub-VG1-GC#60/sub-VG1-GC#60_ses-2023-06-20-task-day4_widefield+behavior/sub-VG1-GC#60_ses-2023-06-20-task-day4_eye-camera.mp4	3903789858	174	16	8
sub-VG1-GC#53/sub-VG1-GC#53_ses-2023-06-22-task-day6_widefield+behavior/sub-VG1-GC#53_ses-2023-06-22-task-day6_face-camera.mp4	11801095490	507	16	6
sub-VG1-GC#130/sub-VG1-GC#130_ses-2024-05-09-resting-state-day15_widefield+behavior/sub-VG1-GC#130_ses-2024-05-09-resting-state-day15_body-camera.mp4	2406403611	125	13	7
sub-VG1-GC#127/sub-VG1-GC#127_ses-2024-04-18-task-day3_widefield+behavior/sub-VG1-GC#127_ses-2024-04-18-task-day3_body-camera.mp4	4480523012	314	19	6
sub-VG1-GC#85/sub-VG1-GC#85_ses-2023-11-27-task-day14_widefield+behavior/sub-VG1-GC#85_ses-2023-11-27-task-day14_body-camera.mp4	7928083367	357	8	9
sub-VG1-GC#53/sub-VG1-GC#53_ses-2023-06-20-task-day4_widefield+behavior/sub-VG1-GC#53_ses-2023-06-20-task-day4_eye-camera.mp4	4361361871	190	19	9
sub-VG1-GC#54/sub-VG1-GC#54_ses-2023-06-23-task-day7_widefield+behavior/sub-VG1-GC#54_ses-2023-06-23-task-day7_body-camera.mp4	9247324546	350	13	9
sub-VG1-GC#73/sub-VG1-GC#73_ses-2023-08-18-resting-state-day0_widefield+behavior/sub-VG1-GC#73_ses-2023-08-18-resting-state-day0_body-camera.mp4	2478793118	134	14	8
sub-VG1-GC#124/sub-VG1-GC#124_ses-2024-01-30-task-day11_widefield+behavior.nwb	221626596268	27601	95	80
sub-VG1-GC#130/sub-VG1-GC#130_ses-2024-04-26-task-day9_widefield+behavior/sub-VG1-GC#130_ses-2024-04-26-task-day9_body-camera.mp4	6182460413	345	14	9
sub-VG1-GC#66/sub-VG1-GC#66_ses-2023-09-07-task-day14_widefield+behavior/sub-VG1-GC#66_ses-2023-09-07-task-day14_body-camera.mp4	7076422918	342	10	8
sub-VG1-GC#53/sub-VG1-GC#53_ses-2023-06-15-resting-state-day1_widefield+behavior/sub-VG1-GC#53_ses-2023-06-15-resting-state-day1_eye-camera.mp4	2108533415	89	20	9
sub-VG1-GC#85/sub-VG1-GC#85_ses-2023-11-28-task-day15_widefield+behavior/sub-VG1-GC#85_ses-2023-11-28-task-day15_eye-camera.mp4	3129460816	176	11	9
sub-VG1-GC#85/sub-VG1-GC#85_ses-2023-10-24-task-day1_widefield+behavior.nwb	218915211246	30364	99	80
sub-VG1-GC#119/sub-VG1-GC#119_ses-2024-03-14-task-day5_widefield+behavior.nwb	189619386259	27985	107	80
sub-VG1-GC#127/sub-VG1-GC#127_ses-2024-04-15-resting-state-day0_widefield+behavior.nwb	55323098061	18915	82	68
sub-VG1-GC#87/sub-VG1-GC#87_ses-2023-11-08-task-day11_widefield+behavior/sub-VG1-GC#87_ses-2023-11-08-task-day11_face-camera.mp4	10364687116	536	19	7
sub-VG1-GC#130/sub-VG1-GC#130_ses-2024-05-08-task-day14_widefield+behavior.nwb	206730877806	27262	90	76
sub-VG1-GC#61/sub-VG1-GC#61_ses-2023-06-16-task-day2_widefield+behavior/sub-VG1-GC#61_ses-2023-06-16-task-day2_face-camera.mp4	10339157658	534	11	7
sub-VG1-GC#109/sub-VG1-GC#109_ses-2024-01-17-task-day2_widefield+behavior/sub-VG1-GC#109_ses-2024-01-17-task-day2_eye-camera.mp4	3145485434	184	21	8
sub-VG1-GC#109/sub-VG1-GC#109_ses-2024-01-24-task-day7_widefield+behavior/sub-VG1-GC#109_ses-2024-01-24-task-day7_face-camera.mp4	10446502954	541	17	8
sub-VG1-GC#60/sub-VG1-GC#60_ses-2023-06-30-task-day12_widefield+behavior.nwb	224473512052	28929	101	80
sub-VG1-GC#52/sub-VG1-GC#52_ses-2023-06-15-resting-state-day1_widefield+behavior/sub-VG1-GC#52_ses-2023-06-15-resting-state-day1_body-camera.mp4	5052138688	199	15	7
sub-VG1-GC#51/sub-VG1-GC#51_ses-2023-06-22-task-day6_widefield+behavior/sub-VG1-GC#51_ses-2023-06-22-task-day6_eye-camera.mp4	5270395637	189	25	10
sub-VG1-GC#117/sub-VG1-GC#117_ses-2024-04-15-resting-state-day0_widefield+behavior.nwb	74605760588	19186	83	71
sub-VG1-GC#122/sub-VG1-GC#122_ses-2024-03-14-task-day5_widefield+behavior.nwb	186220923860	27340	94	79
sub-VG1-GC#117/sub-VG1-GC#117_ses-2024-05-02-task-day12_widefield+behavior/sub-VG1-GC#117_ses-2024-05-02-task-day12_eye-camera.mp4	3960038348	180	11	9
sub-VG1-GC#52/sub-VG1-GC#52_ses-2023-06-14-resting-state-day0_widefield+behavior.nwb	76040656005	22043	92	73
sub-VG1-GC#119/sub-VG1-GC#119_ses-2024-03-06-resting-state-day0_widefield+behavior/sub-VG1-GC#119_ses-2024-03-06-resting-state-day0_eye-camera.mp4	1152096973	86	24	8
sub-VG1-GC#51/sub-VG1-GC#51_ses-2023-06-14-resting-state-day0_widefield+behavior/sub-VG1-GC#51_ses-2023-06-14-resting-state-day0_eye-camera.mp4	1714893561	78	8	9
sub-VG1-GC#125/sub-VG1-GC#125_ses-2024-05-10-task-day14_widefield+behavior/sub-VG1-GC#125_ses-2024-05-10-task-day14_body-camera.mp4	7436749675	331	12	8
sub-VG1-GC#129/sub-VG1-GC#129_ses-2024-03-14-task-day5_widefield+behavior/sub-VG1-GC#129_ses-2024-03-14-task-day5_body-camera.mp4	7911239377	330	12	8
sub-VG1-GC#85/sub-VG1-GC#85_ses-2023-10-25-task-day2_widefield+behavior/sub-VG1-GC#85_ses-2023-10-25-task-day2_eye-camera.mp4	3433036220	237	17	9
sub-VG1-GC#116/sub-VG1-GC#116_ses-2024-01-18-task-day3_widefield+behavior/sub-VG1-GC#116_ses-2024-01-18-task-day3_eye-camera.mp4	4398904374	183	14	9
sub-VG1-GC#125/sub-VG1-GC#125_ses-2024-05-01-task-day9_widefield+behavior/sub-VG1-GC#125_ses-2024-05-01-task-day9_eye-camera.mp4	2666172722	175	12	8
sub-VG1-GC#66/sub-VG1-GC#66_ses-2023-09-05-task-day12_widefield+behavior/sub-VG1-GC#66_ses-2023-09-05-task-day12_face-camera.mp4	10297080774	534	16	7
sub-VG1-GC#125/sub-VG1-GC#125_ses-2024-04-25-task-day6_widefield+behavior/sub-VG1-GC#125_ses-2024-04-25-task-day6_eye-camera.mp4	2710929530	178	13	8
sub-VG1-GC#125/sub-VG1-GC#125_ses-2024-05-13-resting-state-day15_widefield+behavior/sub-VG1-GC#125_ses-2024-05-13-resting-state-day15_eye-camera.mp4	1120213851	76	14	8
sub-VG1-GC#122/sub-VG1-GC#122_ses-2024-03-28-task-day14_widefield+behavior.nwb	221273520727	27606	91	77
sub-VG1-GC#51/sub-VG1-GC#51_ses-2023-07-03-task-day13_widefield+behavior.nwb	254421621660	30633	103	80
sub-VG1-GC#52/sub-VG1-GC#52_ses-2023-06-30-task-day12_widefield+behavior.nwb	269275119065	30588	101	81
sub-VG1-GC#117/sub-VG1-GC#117_ses-2024-04-23-task-day6_widefield+behavior/sub-VG1-GC#117_ses-2024-04-23-task-day6_body-camera.mp4	5412762141	336	21	8
sub-VG1-GC#73/sub-VG1-GC#73_ses-2023-09-05-task-day12_widefield+behavior/sub-VG1-GC#73_ses-2023-09-05-task-day12_face-camera.mp4	10408922662	539	16	7
sub-VG1-GC#109/sub-VG1-GC#109_ses-2024-01-16-task-day1_widefield+behavior/sub-VG1-GC#109_ses-2024-01-16-task-day1_body-camera.mp4	6629952596	363	32	8
sub-VG1-GC#60/sub-VG1-GC#60_ses-2023-06-20-task-day4_widefield+behavior.nwb	214079381205	29438	100	81
sub-VG1-GC#116/sub-VG1-GC#116_ses-2024-02-05-resting-state-day15_widefield+behavior/sub-VG1-GC#116_ses-2024-02-05-resting-state-day15_face-camera.mp4	4958240267	199	13	8
sub-VG1-GC#73/sub-VG1-GC#73_ses-2023-08-18-resting-state-day0_widefield+behavior/sub-VG1-GC#73_ses-2023-08-18-resting-state-day0_eye-camera.mp4	1268071537	79	15	8
sub-VG1-GC#63/sub-VG1-GC#63_ses-2023-09-12-sensory-stim-day16_widefield.nwb	112174970969	6763	77	59
sub-VG1-GC#125/sub-VG1-GC#125_ses-2024-05-13-resting-state-day15_widefield+behavior/sub-VG1-GC#125_ses-2024-05-13-resting-state-day15_body-camera.mp4	1844796653	122	11	8
sub-VG1-GC#60/sub-VG1-GC#60_ses-2023-06-16-task-day2_widefield+behavior.nwb	255475139915	29665	102	83
sub-VG1-GC#109/sub-VG1-GC#109_ses-2024-01-16-resting-state-day1_widefield+behavior/sub-VG1-GC#109_ses-2024-01-16-resting-state-day1_eye-camera.mp4	1338389055	97	29	9
sub-VG1-GC#63/sub-VG1-GC#63_ses-2023-09-01-task-day10_widefield+behavior/sub-VG1-GC#63_ses-2023-09-01-task-day10_face-camera.mp4	10440547474	545	21	7
sub-VG1-GC#105/sub-VG1-GC#105_ses-2024-01-24-resting-state-day1_widefield+behavior.nwb	109900447620	36283	156	122
sub-VG1-GC#129/sub-VG1-GC#129_ses-2024-03-29-task-day15_widefield+behavior/sub-VG1-GC#129_ses-2024-03-29-task-day15_face-camera.mp4	8804406235	529	14	8
sub-VG1-GC#61/sub-VG1-GC#61_ses-2023-06-21-task-day5_widefield+behavior/sub-VG1-GC#61_ses-2023-06-21-task-day5_body-camera.mp4	6388837497	340	17	7
sub-VG1-GC#129/sub-VG1-GC#129_ses-2024-03-27-task-day13_widefield+behavior/sub-VG1-GC#129_ses-2024-03-27-task-day13_body-camera.mp4	5313425123	326	14	7
sub-VG1-GC#116/sub-VG1-GC#116_ses-2024-01-30-task-day11_widefield+behavior.nwb	202617334426	28986	98	80
sub-VG1-GC#52/sub-VG1-GC#52_ses-2023-06-21-task-day5_widefield+behavior/sub-VG1-GC#52_ses-2023-06-21-task-day5_eye-camera.mp4	5176680297	184	17	9
sub-VG1-GC#125/sub-VG1-GC#125_ses-2024-04-24-task-day5_widefield+behavior.nwb	173297887920	28796	89	80
sub-VG1-GC#129/sub-VG1-GC#129_ses-2024-03-22-task-day10_widefield.nwb	167050219242	9860	83	70
sub-VG1-GC#119/sub-VG1-GC#119_ses-2024-03-25-task-day11_widefield+behavior/sub-VG1-GC#119_ses-2024-03-25-task-day11_eye-camera.mp4	3231679520	189	26	8
sub-VG1-GC#53/sub-VG1-GC#53_ses-2023-06-22-task-day6_widefield+behavior.nwb	251301813441	29522	100	81
sub-VG1-GC#52/sub-VG1-GC#52_ses-2023-06-29-task-day11_widefield+behavior.nwb	264812266861	29019	99	79
sub-VG1-GC#54/sub-VG1-GC#54_ses-2023-06-23-resting-state-day7_widefield+behavior.nwb	104905538001	19991	86	69
sub-VG1-GC#129/sub-VG1-GC#129_ses-2024-03-06-resting-state-day0_widefield+behavior/sub-VG1-GC#129_ses-2024-03-06-resting-state-day0_eye-camera.mp4	948103046	78	16	8
sub-VG1-GC#54/sub-VG1-GC#54_ses-2023-06-14-resting-state-day0_widefield+behavior/sub-VG1-GC#54_ses-2023-06-14-resting-state-day0_face-camera.mp4	5499890073	215	7	9
sub-VG1-GC#54/sub-VG1-GC#54_ses-2023-06-29-task-day11_widefield+behavior/sub-VG1-GC#54_ses-2023-06-29-task-day11_eye-camera.mp4	3030257271	171	9	8
sub-VG1-GC#78/sub-VG1-GC#78_ses-2023-12-05-resting-state-day15_widefield+behavior/sub-VG1-GC#78_ses-2023-12-05-resting-state-day15_eye-camera.mp4	1705381455	84	15	9
sub-VG1-GC#124/sub-VG1-GC#124_ses-2024-02-01-task-day13_widefield+behavior/sub-VG1-GC#124_ses-2024-02-01-task-day13_eye-camera.mp4	3287123281	191	24	10
sub-VG1-GC#99/sub-VG1-GC#99_ses-2024-01-25-task-day2_widefield+behavior.nwb	215854880635	26523	93	78
sub-VG1-GC#99/sub-VG1-GC#99_ses-2024-02-15-task-day15_widefield+behavior.nwb	209207688014	26248	94	80
sub-VG1-GC#130/sub-VG1-GC#130_ses-2024-04-16-task-day1_widefield+behavior/sub-VG1-GC#130_ses-2024-04-16-task-day1_body-camera.mp4	6270951623	325	12	8
sub-VG1-GC#87/sub-VG1-GC#87_ses-2023-10-26-task-day3_widefield+behavior.nwb	219939227683	25995	92	75
sub-VG1-GC#60/sub-VG1-GC#60_ses-2023-06-19-task-day3_widefield+behavior/sub-VG1-GC#60_ses-2023-06-19-task-day3_eye-camera.mp4	3050535192	179	18	8
sub-VG1-GC#109/sub-VG1-GC#109_ses-2024-01-16-resting-state-day1_widefield+behavior/sub-VG1-GC#109_ses-2024-01-16-resting-state-day1_face-camera.mp4	3569769595	207	21	8
sub-VG1-GC#73/sub-VG1-GC#73_ses-2023-08-22-task-day2_widefield+behavior.nwb	244990286580	26939	89	74
sub-VG1-GC#122/sub-VG1-GC#122_ses-2024-03-26-task-day12_widefield+behavior/sub-VG1-GC#122_ses-2024-03-26-task-day12_eye-camera.mp4	2677383476	177	14	8
sub-VG1-GC#78/sub-VG1-GC#78_ses-2023-11-27-task-day9_widefield+behavior/sub-VG1-GC#78_ses-2023-11-27-task-day9_face-camera.mp4	10365755414	539	23	7
sub-VG1-GC#51/sub-VG1-GC#51_ses-2023-07-04-task-day14_widefield+behavior/sub-VG1-GC#51_ses-2023-07-04-task-day14_body-camera.mp4	12364960983	341	17	9
sub-VG1-GC#73/sub-VG1-GC#73_ses-2023-08-21-task-day1_widefield+behavior/sub-VG1-GC#73_ses-2023-08-21-task-day1_eye-camera.mp4	4269883468	194	19	9
sub-VG1-GC#127/sub-VG1-GC#127_ses-2024-04-19-task-day4_widefield+behavior.nwb	172216707141	29348	101	81
sub-VG1-GC#124/sub-VG1-GC#124_ses-2024-02-02-task-day14_widefield+behavior/sub-VG1-GC#124_ses-2024-02-02-task-day14_eye-camera.mp4	4550083721	197	23	11
sub-VG1-GC#116/sub-VG1-GC#116_ses-2024-02-06-sensory-stim-day16_widefield.nwb	103148501517	5954	93	63
sub-VG1-GC#63/sub-VG1-GC#63_ses-2023-09-01-task-day10_widefield+behavior.nwb	205625701687	27767	89	76
sub-VG1-GC#99/sub-VG1-GC#99_ses-2024-02-09-task-day12_widefield+behavior/sub-VG1-GC#99_ses-2024-02-09-task-day12_eye-camera.mp4	2737056781	185	17	10
sub-VG1-GC#51/sub-VG1-GC#51_ses-2023-06-19-task-day3_widefield+behavior/sub-VG1-GC#51_ses-2023-06-19-task-day3_body-camera.mp4	13331063846	343	21	9
sub-VG1-GC#73/sub-VG1-GC#73_ses-2023-08-25-task-day5_widefield+behavior.nwb	226102050332	29117	91	77
sub-VG1-GC#85/sub-VG1-GC#85_ses-2023-10-27-task-day4_widefield+behavior.nwb	217764300528	28127	97	76
sub-VG1-GC#124/sub-VG1-GC#124_ses-2024-02-07-sensory-stim-day17_widefield.nwb	97741767358	5903	80	65
sub-VG1-GC#127/sub-VG1-GC#127_ses-2024-04-19-task-day4_widefield+behavior/sub-VG1-GC#127_ses-2024-04-19-task-day4_body-camera.mp4	7960301117	331	11	9
sub-VG1-GC#78/sub-VG1-GC#78_ses-2023-11-28-task-day10_widefield+behavior/sub-VG1-GC#78_ses-2023-11-28-task-day10_eye-camera.mp4	4411995021	183	13	9
sub-VG1-GC#60/sub-VG1-GC#60_ses-2023-06-30-task-day12_widefield+behavior/sub-VG1-GC#60_ses-2023-06-30-task-day12_eye-camera.mp4	4307467445	180	13	9
sub-VG1-GC#125/sub-VG1-GC#125_ses-2024-05-01-task-day9_widefield+behavior/sub-VG1-GC#125_ses-2024-05-01-task-day9_face-camera.mp4	12927180083	552	11	9
sub-VG1-GC#116/sub-VG1-GC#116_ses-2024-02-02-task-day14_widefield+behavior/sub-VG1-GC#116_ses-2024-02-02-task-day14_eye-camera.mp4	3106747076	177	13	9
sub-VG1-GC#61/sub-VG1-GC#61_ses-2023-06-16-task-day2_widefield+behavior/sub-VG1-GC#61_ses-2023-06-16-task-day2_body-camera.mp4	10343517478	534	11	7
sub-VG1-GC#52/sub-VG1-GC#52_ses-2023-06-20-task-day4_widefield+behavior/sub-VG1-GC#52_ses-2023-06-20-task-day4_eye-camera.mp4	3922293699	179	17	8
sub-VG1-GC#60/sub-VG1-GC#60_ses-2023-06-28-task-day10_widefield+behavior/sub-VG1-GC#60_ses-2023-06-28-task-day10_eye-camera.mp4	3034209930	177	16	8
sub-VG1-GC#85/sub-VG1-GC#85_ses-2023-11-21-task-day11_widefield+behavior/sub-VG1-GC#85_ses-2023-11-21-task-day11_eye-camera.mp4	3165439770	178	11	8
sub-VG1-GC#124/sub-VG1-GC#124_ses-2024-01-30-task-day11_widefield+behavior/sub-VG1-GC#124_ses-2024-01-30-task-day11_face-camera.mp4	10375692278	542	22	9
sub-VG1-GC#53/sub-VG1-GC#53_ses-2023-06-29-task-day11_widefield+behavior/sub-VG1-GC#53_ses-2023-06-29-task-day11_face-camera.mp4	13416095938	548	24	7
sub-VG1-GC#53/sub-VG1-GC#53_ses-2023-06-23-resting-state-day7_widefield+behavior.nwb	116476193198	20101	98	68
sub-VG1-GC#73/sub-VG1-GC#73_ses-2023-08-21-resting-state-day1_widefield+behavior/sub-VG1-GC#73_ses-2023-08-21-resting-state-day1_body-camera.mp4	2215133244	134	20	7
sub-VG1-GC#127/sub-VG1-GC#127_ses-2024-04-25-task-day8_widefield+behavior.nwb	172786043318	28133	102	79
sub-VG1-GC#117/sub-VG1-GC#117_ses-2024-04-16-task-day1_widefield+behavior/sub-VG1-GC#117_ses-2024-04-16-task-day1_body-camera.mp4	8151251269	336	13	10
sub-VG1-GC#122/sub-VG1-GC#122_ses-2024-03-14-task-day5_widefield+behavior/sub-VG1-GC#122_ses-2024-03-14-task-day5_body-camera.mp4	5332576223	327	14	7
sub-VG1-GC#66/sub-VG1-GC#66_ses-2023-08-29-task-day7_widefield+behavior.nwb	260319608801	27195	104	80
sub-VG1-GC#54/sub-VG1-GC#54_ses-2023-07-05-resting-state-day15_widefield+behavior/sub-VG1-GC#54_ses-2023-07-05-resting-state-day15_body-camera.mp4	2477380750	129	15	7
sub-VG1-GC#60/sub-VG1-GC#60_ses-2023-06-15-resting-state-day1_widefield+behavior/sub-VG1-GC#60_ses-2023-06-15-resting-state-day1_body-camera.mp4	4021129302	200	18	8
sub-VG1-GC#129/sub-VG1-GC#129_ses-2024-03-18-resting-state-day7_widefield+behavior/sub-VG1-GC#129_ses-2024-03-18-resting-state-day7_face-camera.mp4	2994130253	195	16	7
sub-VG1-GC#85/sub-VG1-GC#85_ses-2023-11-15-task-day7_widefield+behavior/sub-VG1-GC#85_ses-2023-11-15-task-day7_body-camera.mp4	6316097114	336	14	7
sub-VG1-GC#119/sub-VG1-GC#119_ses-2024-03-18-resting-state-day7_widefield+behavior/sub-VG1-GC#119_ses-2024-03-18-resting-state-day7_face-camera.mp4	4815242666	197	11	9
sub-VG1-GC#119/sub-VG1-GC#119_ses-2024-03-14-task-day5_widefield+behavior/sub-VG1-GC#119_ses-2024-03-14-task-day5_body-camera.mp4	5371297263	315	18	7
sub-VG1-GC#127/sub-VG1-GC#127_ses-2024-04-26-task-day9_widefield+behavior/sub-VG1-GC#127_ses-2024-04-26-task-day9_eye-camera.mp4	2255563904	171	17	7
sub-VG1-GC#129/sub-VG1-GC#129_ses-2024-03-18-resting-state-day7_widefield+behavior.nwb	70763212151	18080	82	65
sub-VG1-GC#51/sub-VG1-GC#51_ses-2023-07-03-task-day13_widefield+behavior/sub-VG1-GC#51_ses-2023-07-03-task-day13_eye-camera.mp4	4314042789	170	18	7
sub-VG1-GC#78/sub-VG1-GC#78_ses-2023-11-30-task-day12_widefield+behavior/sub-VG1-GC#78_ses-2023-11-30-task-day12_body-camera.mp4	5322064400	308	11	6
sub-VG1-GC#52/sub-VG1-GC#52_ses-2023-06-15-resting-state-day1_widefield+behavior/sub-VG1-GC#52_ses-2023-06-15-resting-state-day1_eye-camera.mp4	1580792789	80	19	7
sub-VG1-GC#61/sub-VG1-GC#61_ses-2023-06-26-task-day8_widefield+behavior/sub-VG1-GC#61_ses-2023-06-26-task-day8_eye-camera.mp4	2633743203	168	16	7
sub-VG1-GC#54/sub-VG1-GC#54_ses-2023-07-05-task-day15_widefield+behavior/sub-VG1-GC#54_ses-2023-07-05-task-day15_face-camera.mp4	13211835669	509	13	7
sub-VG1-GC#129/sub-VG1-GC#129_ses-2024-03-18-resting-state-day7_widefield+behavior/sub-VG1-GC#129_ses-2024-03-18-resting-state-day7_body-camera.mp4	1539285243	118	14	6
sub-VG1-GC#124/sub-VG1-GC#124_ses-2024-02-01-task-day13_widefield+behavior/sub-VG1-GC#124_ses-2024-02-01-task-day13_body-camera.mp4	5473534715	323	22	8
sub-VG1-GC#52/sub-VG1-GC#52_ses-2023-06-27-task-day9_widefield+behavior.nwb	295535433593	29809	100	80
sub-VG1-GC#127/sub-VG1-GC#127_ses-2024-04-26-task-day9_widefield+behavior.nwb	206311415100	27152	102	76
sub-VG1-GC#52/sub-VG1-GC#52_ses-2023-06-15-resting-state-day1_widefield+behavior.nwb	110640204676	20747	90	71
sub-VG1-GC#117/sub-VG1-GC#117_ses-2024-04-22-task-day5_widefield+behavior/sub-VG1-GC#117_ses-2024-04-22-task-day5_eye-camera.mp4	2720272284	180	15	9
sub-VG1-GC#53/sub-VG1-GC#53_ses-2023-06-15-task-day1_widefield+behavior/sub-VG1-GC#53_ses-2023-06-15-task-day1_eye-camera.mp4	3949558653	181	17	9
sub-VG1-GC#66/sub-VG1-GC#66_ses-2023-08-18-resting-state-day0_widefield+behavior/sub-VG1-GC#66_ses-2023-08-18-resting-state-day0_face-camera.mp4	4077774086	204	22	7
sub-VG1-GC#51/sub-VG1-GC#51_ses-2023-06-29-task-day11_widefield+behavior/sub-VG1-GC#51_ses-2023-06-29-task-day11_eye-camera.mp4	4404654897	174	22	7
sub-VG1-GC#54/sub-VG1-GC#54_ses-2023-07-05-resting-state-day15_widefield+behavior/sub-VG1-GC#54_ses-2023-07-05-resting-state-day15_eye-camera.mp4	1534240649	86	19	10
sub-VG1-GC#73/sub-VG1-GC#73_ses-2023-09-08-resting-state-day15_widefield+behavior/sub-VG1-GC#73_ses-2023-09-08-resting-state-day15_body-camera.mp4	3353587704	141	15	9
sub-VG1-GC#60/sub-VG1-GC#60_ses-2023-06-21-task-day5_widefield+behavior.nwb	236771543943	28521	99	78
sub-VG1-GC#78/sub-VG1-GC#78_ses-2023-11-15-task-day2_widefield+behavior/sub-VG1-GC#78_ses-2023-11-15-task-day2_face-camera.mp4	11888888666	567	14	8
sub-VG1-GC#129/sub-VG1-GC#129_ses-2024-03-07-resting-state-day1_widefield+behavior.nwb	75053795919	18650	79	69
sub-VG1-GC#48/sub-VG1-GC#48_ses-2023-08-25-task-day5_widefield+behavior/sub-VG1-GC#48_ses-2023-08-25-task-day5_body-camera.mp4	13951961035	358	19	11
sub-VG1-GC#130/sub-VG1-GC#130_ses-2024-04-17-task-day2_widefield+behavior/sub-VG1-GC#130_ses-2024-04-17-task-day2_body-camera.mp4	6188795514	344	14	9
sub-VG1-GC#124/sub-VG1-GC#124_ses-2024-01-25-task-day8_widefield+behavior.nwb	184054700954	26744	93	76
sub-VG1-GC#60/sub-VG1-GC#60_ses-2023-07-03-task-day13_widefield+behavior/sub-VG1-GC#60_ses-2023-07-03-task-day13_eye-camera.mp4	4399592251	183	13	9
sub-VG1-GC#124/sub-VG1-GC#124_ses-2024-01-26-task-day9_widefield+behavior/sub-VG1-GC#124_ses-2024-01-26-task-day9_body-camera.mp4	6276766493	334	18	8
sub-VG1-GC#116/sub-VG1-GC#116_ses-2024-01-31-task-day12_widefield+behavior/sub-VG1-GC#116_ses-2024-01-31-task-day12_face-camera.mp4	13620307854	538	15	9
sub-VG1-GC#51/sub-VG1-GC#51_ses-2023-07-03-task-day13_widefield+behavior/sub-VG1-GC#51_ses-2023-07-03-task-day13_body-camera.mp4	12354833882	338	17	8
sub-VG1-GC#73/sub-VG1-GC#73_ses-2023-08-30-task-day8_widefield+behavior/sub-VG1-GC#73_ses-2023-08-30-task-day8_eye-camera.mp4	3570727609	188	13	9
sub-VG1-GC#125/sub-VG1-GC#125_ses-2024-04-22-task-day3_widefield+behavior/sub-VG1-GC#125_ses-2024-04-22-task-day3_body-camera.mp4	5306741915	326	14	7
sub-VG1-GC#130/sub-VG1-GC#130_ses-2024-04-30-task-day10_widefield+behavior/sub-VG1-GC#130_ses-2024-04-30-task-day10_body-camera.mp4	5296368887	323	11	7
sub-VG1-GC#63/sub-VG1-GC#63_ses-2023-08-23-task-day3_widefield+behavior/sub-VG1-GC#63_ses-2023-08-23-task-day3_eye-camera.mp4	3120660760	180	16	8
sub-VG1-GC#73/sub-VG1-GC#73_ses-2023-09-08-task-day15_widefield+behavior/sub-VG1-GC#73_ses-2023-09-08-task-day15_eye-camera.mp4	3126604279	181	11	9
sub-VG1-GC#125/sub-VG1-GC#125_ses-2024-04-26-resting-state-day7_widefield+behavior/sub-VG1-GC#125_ses-2024-04-26-resting-state-day7_eye-camera.mp4	1531774312	82	13	10
sub-VG1-GC#87/sub-VG1-GC#87_ses-2023-11-14-task-day15_widefield+behavior/sub-VG1-GC#87_ses-2023-11-14-task-day15_body-camera.mp4	6310724164	337	20	7
sub-VG1-GC#61/sub-VG1-GC#61_ses-2023-06-14-resting-state-day0_widefield+behavior/sub-VG1-GC#61_ses-2023-06-14-resting-state-day0_eye-camera.mp4	1364935753	80	9	8
sub-VG1-GC#63/sub-VG1-GC#63_ses-2023-09-07-task-day14_widefield+behavior.nwb	245092592499	27324	97	76
sub-VG1-GC#51/sub-VG1-GC#51_ses-2023-06-15-task-day1_widefield+behavior.nwb	326981557702	31935	139	126
sub-VG1-GC#105/sub-VG1-GC#105_ses-2024-01-30-task-day5_widefield+behavior.nwb	277077612840	29125	111	85
sub-VG1-GC#52/sub-VG1-GC#52_ses-2023-06-21-task-day5_widefield+behavior/sub-VG1-GC#52_ses-2023-06-21-task-day5_face-camera.mp4	13234158494	536	18	7
sub-VG1-GC#119/sub-VG1-GC#119_ses-2024-03-29-task-day15_widefield+behavior/sub-VG1-GC#119_ses-2024-03-29-task-day15_face-camera.mp4	10304370603	532	16	8
sub-VG1-GC#117/sub-VG1-GC#117_ses-2024-05-08-task-day14_widefield+behavior/sub-VG1-GC#117_ses-2024-05-08-task-day14_eye-camera.mp4	2757494684	182	19	8
sub-VG1-GC#99/sub-VG1-GC#99_ses-2024-01-30-task-day5_widefield+behavior/sub-VG1-GC#99_ses-2024-01-30-task-day5_body-camera.mp4	5362009352	329	13	9
sub-VG1-GC#116/sub-VG1-GC#116_ses-2024-01-24-task-day7_widefield+behavior/sub-VG1-GC#116_ses-2024-01-24-task-day7_body-camera.mp4	6243319440	329	14	8
sub-VG1-GC#53/sub-VG1-GC#53_ses-2023-06-29-task-day11_widefield+behavior.nwb	264983767317	30719	107	81
sub-VG1-GC#124/sub-VG1-GC#124_ses-2024-01-23-task-day6_widefield+behavior/sub-VG1-GC#124_ses-2024-01-23-task-day6_eye-camera.mp4	3251686751	194	18	9
sub-VG1-GC#66/sub-VG1-GC#66_ses-2023-08-25-task-day5_widefield+behavior/sub-VG1-GC#66_ses-2023-08-25-task-day5_eye-camera.mp4	3120687976	181	17	8
sub-VG1-GC#122/sub-VG1-GC#122_ses-2024-03-06-resting-state-day0_widefield+behavior/sub-VG1-GC#122_ses-2024-03-06-resting-state-day0_body-camera.mp4	1842957255	130	20	7
sub-VG1-GC#99/sub-VG1-GC#99_ses-2024-01-24-task-day1_widefield+behavior.nwb	172701791651	30156	100	79
sub-VG1-GC#116/sub-VG1-GC#116_ses-2024-01-16-resting-state-day1_widefield+behavior.nwb	76431614935	20668	95	71
sub-VG1-GC#61/sub-VG1-GC#61_ses-2023-06-21-task-day5_widefield+behavior/sub-VG1-GC#61_ses-2023-06-21-task-day5_eye-camera.mp4	3140450773	180	16	8
sub-VG1-GC#122/sub-VG1-GC#122_ses-2024-03-07-task-day1_widefield+behavior.nwb	176799755893	28397	99	82
sub-VG1-GC#109/sub-VG1-GC#109_ses-2024-01-25-task-day8_widefield+behavior/sub-VG1-GC#109_ses-2024-01-25-task-day8_body-camera.mp4	6245727715	332	18	8
sub-VG1-GC#105/sub-VG1-GC#105_ses-2024-01-24-resting-state-day1_widefield+behavior/sub-VG1-GC#105_ses-2024-01-24-resting-state-day1_eye-camera.mp4	1740325209	104	22	11
sub-VG1-GC#130/sub-VG1-GC#130_ses-2024-04-26-task-day9_widefield+behavior/sub-VG1-GC#130_ses-2024-04-26-task-day9_eye-camera.mp4	2690593964	182	19	8
sub-VG1-GC#127/sub-VG1-GC#127_ses-2024-04-16-task-day1_widefield+behavior/sub-VG1-GC#127_ses-2024-04-16-task-day1_body-camera.mp4	5291599111	325	12	7
sub-VG1-GC#127/sub-VG1-GC#127_ses-2024-04-18-task-day3_widefield+behavior/sub-VG1-GC#127_ses-2024-04-18-task-day3_face-camera.mp4	8863880595	531	16	8
sub-VG1-GC#105/sub-VG1-GC#105_ses-2024-01-25-task-day2_widefield+behavior/sub-VG1-GC#105_ses-2024-01-25-task-day2_face-camera.mp4	17034598841	556	17	9
sub-VG1-GC#109/sub-VG1-GC#109_ses-2024-01-30-task-day11_widefield+behavior/sub-VG1-GC#109_ses-2024-01-30-task-day11_face-camera.mp4	10277831992	529	13	8
sub-VG1-GC#119/sub-VG1-GC#119_ses-2024-03-29-task-day15_widefield+behavior/sub-VG1-GC#119_ses-2024-03-29-task-day15_body-camera.mp4	6226741915	331	17	8
sub-VG1-GC#129/sub-VG1-GC#129_ses-2024-03-13-task-day4_widefield+behavior/sub-VG1-GC#129_ses-2024-03-13-task-day4_eye-camera.mp4	2684214608	179	16	8
sub-VG1-GC#60/sub-VG1-GC#60_ses-2023-06-21-task-day5_widefield+behavior/sub-VG1-GC#60_ses-2023-06-21-task-day5_body-camera.mp4	6326214936	331	9	8
sub-VG1-GC#61/sub-VG1-GC#61_ses-2023-06-22-task-day6_widefield+behavior/sub-VG1-GC#61_ses-2023-06-22-task-day6_face-camera.mp4	10319687009	535	18	7
sub-VG1-GC#52/sub-VG1-GC#52_ses-2023-06-19-task-day3_widefield+behavior/sub-VG1-GC#52_ses-2023-06-19-task-day3_eye-camera.mp4	3893862126	178	17	8
sub-VG1-GC#116/sub-VG1-GC#116_ses-2024-02-02-task-day14_widefield+behavior/sub-VG1-GC#116_ses-2024-02-02-task-day14_face-camera.mp4	14664008463	540	18	9
sub-VG1-GC#117/sub-VG1-GC#117_ses-2024-04-22-task-day5_widefield+behavior/sub-VG1-GC#117_ses-2024-04-22-task-day5_body-camera.mp4	8929192156	371	22	11
sub-VG1-GC#119/sub-VG1-GC#119_ses-2024-03-15-task-day6_widefield+behavior/sub-VG1-GC#119_ses-2024-03-15-task-day6_body-camera.mp4	6216567923	331	18	7
sub-VG1-GC#53/sub-VG1-GC#53_ses-2023-06-20-task-day4_widefield+behavior/sub-VG1-GC#53_ses-2023-06-20-task-day4_face-camera.mp4	13278011715	535	15	8
sub-VG1-GC#48/sub-VG1-GC#48_ses-2023-09-08-resting-state-day15_widefield+behavior/sub-VG1-GC#48_ses-2023-09-08-resting-state-day15_eye-camera.mp4	2279284064	88	20	9
sub-VG1-GC#54/sub-VG1-GC#54_ses-2023-07-04-task-day14_widefield+behavior/sub-VG1-GC#54_ses-2023-07-04-task-day14_body-camera.mp4	6189741023	328	14	7
sub-VG1-GC#85/sub-VG1-GC#85_ses-2023-10-24-task-day1_widefield+behavior/sub-VG1-GC#85_ses-2023-10-24-task-day1_face-camera.mp4	14661700170	535	12	8
sub-VG1-GC#54/sub-VG1-GC#54_ses-2023-06-21-task-day5_widefield+behavior/sub-VG1-GC#54_ses-2023-06-21-task-day5_eye-camera.mp4	3040712818	172	11	8
sub-VG1-GC#122/sub-VG1-GC#122_ses-2024-03-08-task-day2_widefield+behavior/sub-VG1-GC#122_ses-2024-03-08-task-day2_body-camera.mp4	5343202646	333	16	9
sub-VG1-GC#66/sub-VG1-GC#66_ses-2023-09-08-task-day15_widefield+behavior/sub-VG1-GC#66_ses-2023-09-08-task-day15_face-camera.mp4	10323624250	534	17	7
sub-VG1-GC#122/sub-VG1-GC#122_ses-2024-03-07-resting-state-day1_widefield+behavior.nwb	82307056527	19075	87	69
sub-VG1-GC#51/sub-VG1-GC#51_ses-2023-06-20-task-day4_widefield+behavior.nwb	255930334753	30269	103	87
sub-VG1-GC#99/sub-VG1-GC#99_ses-2024-02-09-task-day12_widefield+behavior/sub-VG1-GC#99_ses-2024-02-09-task-day12_face-camera.mp4	8926541966	540	20	9
sub-VG1-GC#127/sub-VG1-GC#127_ses-2024-04-22-task-day5_widefield+behavior/sub-VG1-GC#127_ses-2024-04-22-task-day5_body-camera.mp4	5378357833	336	11	9
sub-VG1-GC#66/sub-VG1-GC#66_ses-2023-09-05-task-day12_widefield+behavior/sub-VG1-GC#66_ses-2023-09-05-task-day12_eye-camera.mp4	3170332084	190	15	9
sub-VG1-GC#125/sub-VG1-GC#125_ses-2024-04-19-task-day2_widefield+behavior/sub-VG1-GC#125_ses-2024-04-19-task-day2_eye-camera.mp4	2689123448	184	10	9
sub-VG1-GC#122/sub-VG1-GC#122_ses-2024-03-07-resting-state-day1_widefield+behavior/sub-VG1-GC#122_ses-2024-03-07-resting-state-day1_face-camera.mp4	3012228681	192	12	7
sub-VG1-GC#116/sub-VG1-GC#116_ses-2024-01-17-task-day2_widefield+behavior/sub-VG1-GC#116_ses-2024-01-17-task-day2_eye-camera.mp4	2700078897	173	16	8
sub-VG1-GC#51/sub-VG1-GC#51_ses-2023-07-05-task-day15_widefield+behavior/sub-VG1-GC#51_ses-2023-07-05-task-day15_body-camera.mp4	8876409030	320	22	6
sub-VG1-GC#109/sub-VG1-GC#109_ses-2024-02-02-task-day14_widefield+behavior/sub-VG1-GC#109_ses-2024-02-02-task-day14_face-camera.mp4	8851449601	503	15	7
sub-VG1-GC#54/sub-VG1-GC#54_ses-2023-07-05-resting-state-day15_widefield+behavior.nwb	115607239874	22343	88	73
sub-VG1-GC#61/sub-VG1-GC#61_ses-2023-06-30-task-day12_widefield+behavior.nwb	189643783601	27627	91	78
sub-VG1-GC#53/sub-VG1-GC#53_ses-2023-06-22-task-day6_widefield+behavior/sub-VG1-GC#53_ses-2023-06-22-task-day6_eye-camera.mp4	3906701295	181	19	8
sub-VG1-GC#53/sub-VG1-GC#53_ses-2023-07-04-task-day14_widefield+behavior/sub-VG1-GC#53_ses-2023-07-04-task-day14_body-camera.mp4	8651419309	355	13	7
sub-VG1-GC#117/sub-VG1-GC#117_ses-2024-05-07-task-day13_widefield+behavior/sub-VG1-GC#117_ses-2024-05-07-task-day13_body-camera.mp4	4438780355	306	10	7
sub-VG1-GC#122/sub-VG1-GC#122_ses-2024-03-07-task-day1_widefield+behavior/sub-VG1-GC#122_ses-2024-03-07-task-day1_body-camera.mp4	4465551650	310	13	6
sub-VG1-GC#85/sub-VG1-GC#85_ses-2023-10-26-task-day3_widefield+behavior.nwb	184420702063	27048	94	74
sub-VG1-GC#63/sub-VG1-GC#63_ses-2023-08-29-resting-state-day7_widefield+behavior/sub-VG1-GC#63_ses-2023-08-29-resting-state-day7_eye-camera.mp4	1285683449	79	18	7
sub-VG1-GC#127/sub-VG1-GC#127_ses-2024-05-08-task-day14_widefield+behavior/sub-VG1-GC#127_ses-2024-05-08-task-day14_face-camera.mp4	7385246689	504	18	6
sub-VG1-GC#99/sub-VG1-GC#99_ses-2024-01-30-task-day5_widefield+behavior/sub-VG1-GC#99_ses-2024-01-30-task-day5_face-camera.mp4	8854467986	529	10	9
sub-VG1-GC#122/sub-VG1-GC#122_ses-2024-03-27-task-day13_widefield+behavior/sub-VG1-GC#122_ses-2024-03-27-task-day13_body-camera.mp4	7935961529	338	20	8
sub-VG1-GC#63/sub-VG1-GC#63_ses-2023-09-01-task-day10_widefield+behavior/sub-VG1-GC#63_ses-2023-09-01-task-day10_body-camera.mp4	6268631956	326	9	7
sub-VG1-GC#73/sub-VG1-GC#73_ses-2023-08-29-task-day7_widefield+behavior/sub-VG1-GC#73_ses-2023-08-29-task-day7_face-camera.mp4	10386743153	541	23	7
sub-VG1-GC#78/sub-VG1-GC#78_ses-2023-11-28-task-day10_widefield+behavior/sub-VG1-GC#78_ses-2023-11-28-task-day10_face-camera.mp4	8811532544	500	11	6
sub-VG1-GC#61/sub-VG1-GC#61_ses-2023-07-05-task-day15_widefield+behavior/sub-VG1-GC#61_ses-2023-07-05-task-day15_eye-camera.mp4	2698277403	167	10	7
sub-VG1-GC#99/sub-VG1-GC#99_ses-2024-02-15-task-day15_widefield+behavior/sub-VG1-GC#99_ses-2024-02-15-task-day15_eye-camera.mp4	2276765397	166	9	8
sub-VG1-GC#99/sub-VG1-GC#99_ses-2024-02-06-task-day9_widefield+behavior/sub-VG1-GC#99_ses-2024-02-06-task-day9_body-camera.mp4	4528470744	317	15	8
sub-VG1-GC#99/sub-VG1-GC#99_ses-2024-01-31-task-day6_widefield+behavior/sub-VG1-GC#99_ses-2024-01-31-task-day6_face-camera.mp4	7376104686	499	8	8
sub-VG1-GC#117/sub-VG1-GC#117_ses-2024-04-19-task-day4_widefield+behavior/sub-VG1-GC#117_ses-2024-04-19-task-day4_face-camera.mp4	8871310991	535	17	8
sub-VG1-GC#73/sub-VG1-GC#73_ses-2023-08-23-task-day3_widefield+behavior.nwb	218090975191	28054	90	78
sub-VG1-GC#63/sub-VG1-GC#63_ses-2023-08-25-task-day5_widefield+behavior/sub-VG1-GC#63_ses-2023-08-25-task-day5_body-camera.mp4	5347939770	307	8	7
sub-VG1-GC#53/sub-VG1-GC#53_ses-2023-06-20-task-day4_widefield+behavior.nwb	272513936691	31698	108	89
sub-VG1-GC#61/sub-VG1-GC#61_ses-2023-06-15-resting-state-day1_widefield+behavior/sub-VG1-GC#61_ses-2023-06-15-resting-state-day1_body-camera.mp4	3423112100	185	13	6
sub-VG1-GC#78/sub-VG1-GC#78_ses-2023-11-16-task-day3_widefield+behavior/sub-VG1-GC#78_ses-2023-11-16-task-day3_body-camera.mp4	5363237906	316	19	6
sub-VG1-GC#122/sub-VG1-GC#122_ses-2024-03-08-task-day2_widefield+behavior/sub-VG1-GC#122_ses-2024-03-08-task-day2_eye-camera.mp4	2262091927	173	14	8
sub-VG1-GC#85/sub-VG1-GC#85_ses-2023-11-16-task-day8_widefield+behavior.nwb	224161629059	23841	100	75
sub-VG1-GC#130/sub-VG1-GC#130_ses-2024-05-08-task-day14_widefield+behavior/sub-VG1-GC#130_ses-2024-05-08-task-day14_body-camera.mp4	4520634548	319	17	8
sub-VG1-GC#125/sub-VG1-GC#125_ses-2024-04-19-task-day2_widefield+behavior/sub-VG1-GC#125_ses-2024-04-19-task-day2_face-camera.mp4	10228439751	527	12	7
sub-VG1-GC#61/sub-VG1-GC#61_ses-2023-06-28-task-day10_widefield+behavior/sub-VG1-GC#61_ses-2023-06-28-task-day10_face-camera.mp4	10365918458	535	16	7
sub-VG1-GC#85/sub-VG1-GC#85_ses-2023-11-20-task-day10_widefield+behavior/sub-VG1-GC#85_ses-2023-11-20-task-day10_body-camera.mp4	6670014050	346	8	8
sub-VG1-GC#48/sub-VG1-GC#48_ses-2023-09-07-task-day14_widefield+behavior.nwb	302162183841	30968	110	87
sub-VG1-GC#119/sub-VG1-GC#119_ses-2024-03-13-task-day4_widefield+behavior/sub-VG1-GC#119_ses-2024-03-13-task-day4_eye-camera.mp4	3973890119	197	16	9
sub-VG1-GC#130/sub-VG1-GC#130_ses-2024-04-22-task-day5_widefield+behavior.nwb	218662676689	29025	94	83
sub-VG1-GC#130/sub-VG1-GC#130_ses-2024-04-15-resting-state-day0_widefield+behavior.nwb	61646432130	20990	86	72
sub-VG1-GC#66/sub-VG1-GC#66_ses-2023-09-07-task-day14_widefield+behavior/sub-VG1-GC#66_ses-2023-09-07-task-day14_face-camera.mp4	11726331590	554	8	8
sub-VG1-GC#130/sub-VG1-GC#130_ses-2024-05-01-task-day11_widefield+behavior.nwb	189947177854	27918	90	76
sub-VG1-GC#130/sub-VG1-GC#130_ses-2024-04-23-task-day6_widefield+behavior/sub-VG1-GC#130_ses-2024-04-23-task-day6_body-camera.mp4	6212212293	342	10	9
sub-VG1-GC#125/sub-VG1-GC#125_ses-2024-05-13-task-day15_widefield+behavior/sub-VG1-GC#125_ses-2024-05-13-task-day15_body-camera.mp4	6139692902	336	7	8
sub-VG1-GC#53/sub-VG1-GC#53_ses-2023-06-15-resting-state-day1_widefield+behavior/sub-VG1-GC#53_ses-2023-06-15-resting-state-day1_face-camera.mp4	5529615182	209	17	8
sub-VG1-GC#66/sub-VG1-GC#66_ses-2023-08-31-task-day9_widefield+behavior/sub-VG1-GC#66_ses-2023-08-31-task-day9_body-camera.mp4	7096592902	345	14	8
sub-VG1-GC#48/sub-VG1-GC#48_ses-2023-09-01-task-day10_widefield+behavior/sub-VG1-GC#48_ses-2023-09-01-task-day10_eye-camera.mp4	4869483741	192	19	9
sub-VG1-GC#53/sub-VG1-GC#53_ses-2023-06-15-task-day1_widefield+behavior/sub-VG1-GC#53_ses-2023-06-15-task-day1_face-camera.mp4	14801219874	569	17	8
sub-VG1-GC#129/sub-VG1-GC#129_ses-2024-03-18-task-day7_widefield+behavior/sub-VG1-GC#129_ses-2024-03-18-task-day7_face-camera.mp4	10239305187	555	13	8
sub-VG1-GC#60/sub-VG1-GC#60_ses-2023-06-15-resting-state-day1_widefield+behavior/sub-VG1-GC#60_ses-2023-06-15-resting-state-day1_eye-camera.mp4	2158326194	104	22	11
sub-VG1-GC#99/sub-VG1-GC#99_ses-2024-02-13-task-day13_widefield+behavior/sub-VG1-GC#99_ses-2024-02-13-task-day13_eye-camera.mp4	4486261619	201	19	11
sub-VG1-GC#125/sub-VG1-GC#125_ses-2024-05-01-task-day9_widefield+behavior.nwb	222307688624	28628	91	82
sub-VG1-GC#130/sub-VG1-GC#130_ses-2024-04-18-task-day3_widefield+behavior/sub-VG1-GC#130_ses-2024-04-18-task-day3_face-camera.mp4	10349512410	563	13	10
sub-VG1-GC#54/sub-VG1-GC#54_ses-2023-06-19-task-day3_widefield+behavior.nwb	218203850585	31493	95	81
sub-VG1-GC#78/sub-VG1-GC#78_ses-2023-11-22-resting-state-day7_widefield+behavior/sub-VG1-GC#78_ses-2023-11-22-resting-state-day7_face-camera.mp4	4987737198	202	15	8
sub-VG1-GC#116/sub-VG1-GC#116_ses-2024-01-26-task-day9_widefield+behavior/sub-VG1-GC#116_ses-2024-01-26-task-day9_body-camera.mp4	8121822518	340	20	9
sub-VG1-GC#78/sub-VG1-GC#78_ses-2023-11-30-task-day12_widefield+behavior/sub-VG1-GC#78_ses-2023-11-30-task-day12_eye-camera.mp4	3094915099	176	12	8
sub-VG1-GC#63/sub-VG1-GC#63_ses-2023-08-22-task-day2_widefield+behavior/sub-VG1-GC#63_ses-2023-08-22-task-day2_eye-camera.mp4	3160257681	183	17	8
sub-VG1-GC#127/sub-VG1-GC#127_ses-2024-05-09-task-day15_widefield+behavior/sub-VG1-GC#127_ses-2024-05-09-task-day15_face-camera.mp4	9718866727	595	14	8
sub-VG1-GC#54/sub-VG1-GC#54_ses-2023-06-15-task-day1_widefield+behavior/sub-VG1-GC#54_ses-2023-06-15-task-day1_body-camera.mp4	13256381152	532	13	7
sub-VG1-GC#116/sub-VG1-GC#116_ses-2024-01-26-task-day9_widefield+behavior/sub-VG1-GC#116_ses-2024-01-26-task-day9_eye-camera.mp4	4458907450	188	18	10
sub-VG1-GC#60/sub-VG1-GC#60_ses-2023-06-23-resting-state-day7_widefield+behavior/sub-VG1-GC#60_ses-2023-06-23-resting-state-day7_face-camera.mp4	4024654602	200	18	7
sub-VG1-GC#48/sub-VG1-GC#48_ses-2023-08-22-task-day2_widefield+behavior/sub-VG1-GC#48_ses-2023-08-22-task-day2_body-camera.mp4	10630399511	337	22	8
sub-VG1-GC#52/sub-VG1-GC#52_ses-2023-07-05-resting-state-day15_widefield+behavior/sub-VG1-GC#52_ses-2023-07-05-resting-state-day15_face-camera.mp4	5089559308	205	21	7
sub-VG1-GC#129/sub-VG1-GC#129_ses-2024-03-25-task-day11_widefield+behavior/sub-VG1-GC#129_ses-2024-03-25-task-day11_eye-camera.mp4	2678029232	176	13	8
sub-VG1-GC#48/sub-VG1-GC#48_ses-2023-09-08-task-day15_widefield+behavior/sub-VG1-GC#48_ses-2023-09-08-task-day15_face-camera.mp4	14711894551	535	18	7
sub-VG1-GC#122/sub-VG1-GC#122_ses-2024-03-18-task-day7_widefield+behavior.nwb	209184257979	28678	99	86
sub-VG1-GC#52/sub-VG1-GC#52_ses-2023-07-05-resting-state-day15_widefield+behavior/sub-VG1-GC#52_ses-2023-07-05-resting-state-day15_body-camera.mp4	3983477534	142	21	8
sub-VG1-GC#48/sub-VG1-GC#48_ses-2023-08-23-task-day3_widefield+behavior.nwb	252211451346	30844	109	88
sub-VG1-GC#53/sub-VG1-GC#53_ses-2023-06-21-task-day5_widefield+behavior.nwb	270721686537	31025	103	84
sub-VG1-GC#122/sub-VG1-GC#122_ses-2024-03-07-task-day1_widefield+behavior/sub-VG1-GC#122_ses-2024-03-07-task-day1_eye-camera.mp4	2734940104	182	17	9
sub-VG1-GC#66/sub-VG1-GC#66_ses-2023-09-04-task-day11_widefield+behavior/sub-VG1-GC#66_ses-2023-09-04-task-day11_face-camera.mp4	10317798091	534	16	7
sub-VG1-GC#87/sub-VG1-GC#87_ses-2023-10-26-task-day3_widefield+behavior/sub-VG1-GC#87_ses-2023-10-26-task-day3_eye-camera.mp4	3138384920	180	16	8
sub-VG1-GC#52/sub-VG1-GC#52_ses-2023-06-29-task-day11_widefield+behavior/sub-VG1-GC#52_ses-2023-06-29-task-day11_body-camera.mp4	8012675729	334	19	7
sub-VG1-GC#117/sub-VG1-GC#117_ses-2024-05-07-task-day13_widefield+behavior/sub-VG1-GC#117_ses-2024-05-07-task-day13_eye-camera.mp4	3964018571	184	15	9
sub-VG1-GC#78/sub-VG1-GC#78_ses-2023-11-22-task-day7_widefield+behavior/sub-VG1-GC#78_ses-2023-11-22-task-day7_face-camera.mp4	10498268926	546	18	7
sub-VG1-GC#87/sub-VG1-GC#87_ses-2023-11-13-task-day14_widefield+behavior/sub-VG1-GC#87_ses-2023-11-13-task-day14_body-camera.mp4	8876475802	344	24	8
sub-VG1-GC#124/sub-VG1-GC#124_ses-2024-02-05-task-day15_widefield+behavior/sub-VG1-GC#124_ses-2024-02-05-task-day15_eye-camera.mp4	3452076003	251	28	11
sub-VG1-GC#54/sub-VG1-GC#54_ses-2023-06-26-task-day8_widefield+behavior.nwb	231950801552	31353	98	82
sub-VG1-GC#125/sub-VG1-GC#125_ses-2024-05-02-task-day10_widefield+behavior/sub-VG1-GC#125_ses-2024-05-02-task-day10_face-camera.mp4	12187004947	529	9	8
sub-VG1-GC#54/sub-VG1-GC#54_ses-2023-06-22-task-day6_widefield+behavior/sub-VG1-GC#54_ses-2023-06-22-task-day6_body-camera.mp4	6621221278	390	19	8
sub-VG1-GC#125/sub-VG1-GC#125_ses-2024-05-01-task-day9_widefield+behavior/sub-VG1-GC#125_ses-2024-05-01-task-day9_body-camera.mp4	7867653019	332	13	8
sub-VG1-GC#109/sub-VG1-GC#109_ses-2024-01-18-task-day3_widefield+behavior/sub-VG1-GC#109_ses-2024-01-18-task-day3_body-camera.mp4	6297235131	336	19	9
sub-VG1-GC#85/sub-VG1-GC#85_ses-2023-11-14-task-day6_widefield+behavior/sub-VG1-GC#85_ses-2023-11-14-task-day6_face-camera.mp4	10279461718	530	14	7
sub-VG1-GC#78/sub-VG1-GC#78_ses-2023-11-17-task-day4_widefield+behavior/sub-VG1-GC#78_ses-2023-11-17-task-day4_eye-camera.mp4	7890837150	362	25	12
sub-VG1-GC#73/sub-VG1-GC#73_ses-2023-09-08-task-day15_widefield+behavior/sub-VG1-GC#73_ses-2023-09-08-task-day15_body-camera.mp4	6235250894	330	11	8
sub-VG1-GC#122/sub-VG1-GC#122_ses-2024-03-15-task-day6_widefield+behavior.nwb	190887282282	27161	93	77
sub-VG1-GC#99/sub-VG1-GC#99_ses-2024-02-01-resting-state-day7_widefield+behavior/sub-VG1-GC#99_ses-2024-02-01-resting-state-day7_body-camera.mp4	1856425440	123	10	7
sub-VG1-GC#85/sub-VG1-GC#85_ses-2023-11-24-task-day13_widefield+behavior/sub-VG1-GC#85_ses-2023-11-24-task-day13_face-camera.mp4	10510144325	541	11	8
sub-VG1-GC#125/sub-VG1-GC#125_ses-2024-05-07-task-day11_widefield+behavior/sub-VG1-GC#125_ses-2024-05-07-task-day11_face-camera.mp4	8801769627	528	14	7
sub-VG1-GC#60/sub-VG1-GC#60_ses-2023-06-14-resting-state-day0_widefield+behavior.nwb	62452217032	19068	81	68
sub-VG1-GC#122/sub-VG1-GC#122_ses-2024-03-19-task-day8_widefield.nwb	185638041079	19055	99	82
sub-VG1-GC#51/sub-VG1-GC#51_ses-2023-07-05-task-day15_widefield+behavior/sub-VG1-GC#51_ses-2023-07-05-task-day15_face-camera.mp4	16185184603	542	25	7
sub-VG1-GC#54/sub-VG1-GC#54_ses-2023-06-30-task-day12_widefield+behavior/sub-VG1-GC#54_ses-2023-06-30-task-day12_face-camera.mp4	10319178833	532	14	7
sub-VG1-GC#116/sub-VG1-GC#116_ses-2024-01-19-task-day4_widefield+behavior/sub-VG1-GC#116_ses-2024-01-19-task-day4_face-camera.mp4	13927728360	539	17	9
sub-VG1-GC#124/sub-VG1-GC#124_ses-2024-01-31-task-day12_widefield+behavior/sub-VG1-GC#124_ses-2024-01-31-task-day12_body-camera.mp4	6319161968	337	20	9
sub-VG1-GC#109/sub-VG1-GC#109_ses-2024-01-31-task-day12_widefield+behavior.nwb	195851538453	29694	102	82
sub-VG1-GC#117/sub-VG1-GC#117_ses-2024-04-24-task-day7_widefield+behavior/sub-VG1-GC#117_ses-2024-04-24-task-day7_body-camera.mp4	7485311846	335	15	9
sub-VG1-GC#105/sub-VG1-GC#105_ses-2024-02-15-resting-state-day15_widefield+behavior/sub-VG1-GC#105_ses-2024-02-15-resting-state-day15_face-camera.mp4	3996921967	192	11	8
sub-VG1-GC#85/sub-VG1-GC#85_ses-2023-11-21-task-day11_widefield+behavior/sub-VG1-GC#85_ses-2023-11-21-task-day11_body-camera.mp4	8992295416	337	9	8
sub-VG1-GC#52/sub-VG1-GC#52_ses-2023-07-05-task-day15_widefield+behavior.nwb	289654224475	29072	107	85
sub-VG1-GC#129/sub-VG1-GC#129_ses-2024-03-29-resting-state-day15_widefield+behavior/sub-VG1-GC#129_ses-2024-03-29-resting-state-day15_body-camera.mp4	1551410317	124	17	7
sub-VG1-GC#61/sub-VG1-GC#61_ses-2023-06-30-task-day12_widefield+behavior/sub-VG1-GC#61_ses-2023-06-30-task-day12_eye-camera.mp4	2611679877	165	13	7
sub-VG1-GC#85/sub-VG1-GC#85_ses-2023-10-27-task-day4_widefield+behavior/sub-VG1-GC#85_ses-2023-10-27-task-day4_body-camera.mp4	5300033816	305	8	6
sub-VG1-GC#78/sub-VG1-GC#78_ses-2023-11-13-resting-state-day0_widefield+behavior/sub-VG1-GC#78_ses-2023-11-13-resting-state-day0_body-camera.mp4	1844423478	122	15	6
sub-VG1-GC#51/sub-VG1-GC#51_ses-2023-06-16-task-day2_widefield+behavior/sub-VG1-GC#51_ses-2023-06-16-task-day2_face-camera.mp4	17740267199	544	20	8
sub-VG1-GC#73/sub-VG1-GC#73_ses-2023-08-29-task-day7_widefield+behavior/sub-VG1-GC#73_ses-2023-08-29-task-day7_body-camera.mp4	6302971691	335	20	7
sub-VG1-GC#124/sub-VG1-GC#124_ses-2024-02-05-resting-state-day15_widefield+behavior.nwb	93709876615	20346	97	74
sub-VG1-GC#53/sub-VG1-GC#53_ses-2023-07-04-task-day14_widefield+behavior/sub-VG1-GC#53_ses-2023-07-04-task-day14_eye-camera.mp4	4327085613	204	21	9
sub-VG1-GC#66/sub-VG1-GC#66_ses-2023-08-29-resting-state-day7_widefield+behavior/sub-VG1-GC#66_ses-2023-08-29-resting-state-day7_face-camera.mp4	5064179438	197	18	7
sub-VG1-GC#130/sub-VG1-GC#130_ses-2024-04-15-resting-state-day0_widefield+behavior/sub-VG1-GC#130_ses-2024-04-15-resting-state-day0_body-camera.mp4	1889719674	122	14	7
sub-VG1-GC#117/sub-VG1-GC#117_ses-2024-04-19-task-day4_widefield+behavior/sub-VG1-GC#117_ses-2024-04-19-task-day4_body-camera.mp4	4490746695	312	14	7
sub-VG1-GC#66/sub-VG1-GC#66_ses-2023-08-28-task-day6_widefield+behavior/sub-VG1-GC#66_ses-2023-08-28-task-day6_body-camera.mp4	6325939762	338	21	7
sub-VG1-GC#129/sub-VG1-GC#129_ses-2024-03-25-task-day11_widefield+behavior/sub-VG1-GC#129_ses-2024-03-25-task-day11_face-camera.mp4	11859087375	535	13	8
sub-VG1-GC#125/sub-VG1-GC#125_ses-2024-05-13-task-day15_widefield+behavior/sub-VG1-GC#125_ses-2024-05-13-task-day15_eye-camera.mp4	2212045645	161	7	7
sub-VG1-GC#124/sub-VG1-GC#124_ses-2024-01-30-task-day11_widefield+behavior/sub-VG1-GC#124_ses-2024-01-30-task-day11_eye-camera.mp4	2784329412	177	20	8
sub-VG1-GC#130/sub-VG1-GC#130_ses-2024-04-16-resting-state-day1_widefield+behavior/sub-VG1-GC#130_ses-2024-04-16-resting-state-day1_body-camera.mp4	2498324511	126	16	7
sub-VG1-GC#85/sub-VG1-GC#85_ses-2023-11-21-task-day11_widefield+behavior.nwb	201885731127	26276	94	74
sub-VG1-GC#66/sub-VG1-GC#66_ses-2023-09-07-task-day14_widefield+behavior/sub-VG1-GC#66_ses-2023-09-07-task-day14_eye-camera.mp4	3097260932	173	9	8
sub-VG1-GC#130/sub-VG1-GC#130_ses-2024-05-09-task-day15_widefield+behavior.nwb	208183037008	29543	97	83
sub-VG1-GC#60/sub-VG1-GC#60_ses-2023-07-11-sensory-stim-day16_widefield.nwb	85493835660	5630	78	61
sub-VG1-GC#52/sub-VG1-GC#52_ses-2023-06-30-task-day12_widefield+behavior/sub-VG1-GC#52_ses-2023-06-30-task-day12_body-camera.mp4	7973432687	334	19	7
sub-VG1-GC#125/sub-VG1-GC#125_ses-2024-04-25-task-day6_widefield+behavior.nwb	178639838800	28102	91	77
sub-VG1-GC#61/sub-VG1-GC#61_ses-2023-06-29-task-day11_widefield+behavior/sub-VG1-GC#61_ses-2023-06-29-task-day11_body-camera.mp4	5626762468	329	17	6
sub-VG1-GC#63/sub-VG1-GC#63_ses-2023-09-08-resting-state-day15_widefield+behavior.nwb	96070287766	17691	85	64
sub-VG1-GC#61/sub-VG1-GC#61_ses-2023-06-23-task-day7_widefield+behavior/sub-VG1-GC#61_ses-2023-06-23-task-day7_eye-camera.mp4	3059147850	175	12	8
sub-VG1-GC#116/sub-VG1-GC#116_ses-2024-01-30-task-day11_widefield+behavior/sub-VG1-GC#116_ses-2024-01-30-task-day11_body-camera.mp4	8166417572	344	24	8
sub-VG1-GC#54/sub-VG1-GC#54_ses-2023-06-23-resting-state-day7_widefield+behavior/sub-VG1-GC#54_ses-2023-06-23-resting-state-day7_body-camera.mp4	2438750754	125	12	7
sub-VG1-GC#48/sub-VG1-GC#48_ses-2023-08-21-resting-state-day1_widefield+behavior.nwb	132856891895	25139	114	79
sub-VG1-GC#54/sub-VG1-GC#54_ses-2023-07-04-task-day14_widefield+behavior.nwb	252247393367	29868	100	85
sub-VG1-GC#119/sub-VG1-GC#119_ses-2024-03-12-task-day3_widefield+behavior/sub-VG1-GC#119_ses-2024-03-12-task-day3_body-camera.mp4	6196852311	328	15	7
sub-VG1-GC#63/sub-VG1-GC#63_ses-2023-08-21-task-day1_widefield+behavior/sub-VG1-GC#63_ses-2023-08-21-task-day1_body-camera.mp4	8853443092	334	13	8
sub-VG1-GC#105/sub-VG1-GC#105_ses-2024-02-15-task-day15_widefield+behavior.nwb	326005464135	29829	112	92
sub-VG1-GC#105/sub-VG1-GC#105_ses-2024-02-08-task-day11_widefield+behavior.nwb	220388238537	27892	93	77
sub-VG1-GC#127/sub-VG1-GC#127_ses-2024-05-08-task-day14_widefield+behavior.nwb	190703813086	26678	100	75
sub-VG1-GC#48/sub-VG1-GC#48_ses-2023-08-31-task-day9_widefield+behavior/sub-VG1-GC#48_ses-2023-08-31-task-day9_face-camera.mp4	14169587687	514	18	6
sub-VG1-GC#78/sub-VG1-GC#78_ses-2023-11-29-task-day11_widefield+behavior.nwb	206147368575	26569	95	75
sub-VG1-GC#48/sub-VG1-GC#48_ses-2023-09-04-task-day11_widefield+behavior/sub-VG1-GC#48_ses-2023-09-04-task-day11_eye-camera.mp4	4059939398	175	19	7
sub-VG1-GC#117/sub-VG1-GC#117_ses-2024-04-16-resting-state-day1_widefield+behavior/sub-VG1-GC#117_ses-2024-04-16-resting-state-day1_eye-camera.mp4	1107267759	78	15	9
sub-VG1-GC#130/sub-VG1-GC#130_ses-2024-05-01-task-day11_widefield+behavior/sub-VG1-GC#130_ses-2024-05-01-task-day11_body-camera.mp4	5404174449	328	9	8
sub-VG1-GC#61/sub-VG1-GC#61_ses-2023-06-22-task-day6_widefield+behavior/sub-VG1-GC#61_ses-2023-06-22-task-day6_eye-camera.mp4	3057994937	175	14	8
sub-VG1-GC#52/sub-VG1-GC#52_ses-2023-06-14-resting-state-day0_widefield+behavior/sub-VG1-GC#52_ses-2023-06-14-resting-state-day0_body-camera.mp4	2993078087	140	12	8
sub-VG1-GC#52/sub-VG1-GC#52_ses-2023-06-26-task-day8_widefield+behavior/sub-VG1-GC#52_ses-2023-06-26-task-day8_eye-camera.mp4	3895579761	178	17	8
sub-VG1-GC#61/sub-VG1-GC#61_ses-2023-06-30-task-day12_widefield+behavior/sub-VG1-GC#61_ses-2023-06-30-task-day12_face-camera.mp4	10312064734	530	12	7
sub-VG1-GC#99/sub-VG1-GC#99_ses-2024-02-01-task-day7_widefield+behavior/sub-VG1-GC#99_ses-2024-02-01-task-day7_face-camera.mp4	8919234160	536	13	9
sub-VG1-GC#116/sub-VG1-GC#116_ses-2024-01-16-resting-state-day1_widefield+behavior/sub-VG1-GC#116_ses-2024-01-16-resting-state-day1_body-camera.mp4	2120166735	127	15	7
sub-VG1-GC#122/sub-VG1-GC#122_ses-2024-03-18-resting-state-day7_widefield+behavior/sub-VG1-GC#122_ses-2024-03-18-resting-state-day7_eye-camera.mp4	1064984587	75	13	8
sub-VG1-GC#66/sub-VG1-GC#66_ses-2023-08-21-resting-state-day1_widefield+behavior/sub-VG1-GC#66_ses-2023-08-21-resting-state-day1_body-camera.mp4	2519460334	134	21	7
sub-VG1-GC#52/sub-VG1-GC#52_ses-2023-06-22-task-day6_widefield+behavior/sub-VG1-GC#52_ses-2023-06-22-task-day6_face-camera.mp4	13208043228	533	16	7
sub-VG1-GC#87/sub-VG1-GC#87_ses-2023-11-07-task-day10_widefield+behavior/sub-VG1-GC#87_ses-2023-11-07-task-day10_eye-camera.mp4	4409615319	182	12	9
sub-VG1-GC#116/sub-VG1-GC#116_ses-2024-01-16-resting-state-day1_widefield+behavior/sub-VG1-GC#116_ses-2024-01-16-resting-state-day1_face-camera.mp4	4972935081	201	15	8
sub-VG1-GC#60/sub-VG1-GC#60_ses-2023-06-30-task-day12_widefield+behavior/sub-VG1-GC#60_ses-2023-06-30-task-day12_face-camera.mp4	10316985837	536	18	7
sub-VG1-GC#105/sub-VG1-GC#105_ses-2024-02-14-task-day14_widefield+behavior.nwb	282969834323	28466	99	82
sub-VG1-GC#54/sub-VG1-GC#54_ses-2023-06-30-task-day12_widefield+behavior/sub-VG1-GC#54_ses-2023-06-30-task-day12_body-camera.mp4	7963353530	321	17	7
sub-VG1-GC#60/sub-VG1-GC#60_ses-2023-07-05-task-day15_widefield+behavior.nwb	246669018583	26265	101	78
sub-VG1-GC#78/sub-VG1-GC#78_ses-2023-11-15-task-day2_widefield+behavior/sub-VG1-GC#78_ses-2023-11-15-task-day2_eye-camera.mp4	2706896811	172	15	7
sub-VG1-GC#127/sub-VG1-GC#127_ses-2024-04-16-resting-state-day1_widefield+behavior/sub-VG1-GC#127_ses-2024-04-16-resting-state-day1_face-camera.mp4	2492263557	177	9	6
sub-VG1-GC#63/sub-VG1-GC#63_ses-2023-09-06-task-day13_widefield+behavior/sub-VG1-GC#63_ses-2023-09-06-task-day13_eye-camera.mp4	2672109975	170	15	7
sub-VG1-GC#129/sub-VG1-GC#129_ses-2024-03-07-task-day1_widefield+behavior/sub-VG1-GC#129_ses-2024-03-07-task-day1_body-camera.mp4	5308255811	327	15	7
sub-VG1-GC#109/sub-VG1-GC#109_ses-2024-02-02-task-day14_widefield+behavior.nwb	255224692128	27324	106	80
sub-VG1-GC#54/sub-VG1-GC#54_ses-2023-07-04-task-day14_widefield+behavior/sub-VG1-GC#54_ses-2023-07-04-task-day14_face-camera.mp4	10281250625	531	14	8
sub-VG1-GC#119/sub-VG1-GC#119_ses-2024-03-25-task-day11_widefield+behavior/sub-VG1-GC#119_ses-2024-03-25-task-day11_body-camera.mp4	6203366525	328	15	7
sub-VG1-GC#117/sub-VG1-GC#117_ses-2024-04-16-task-day1_widefield+behavior/sub-VG1-GC#117_ses-2024-04-16-task-day1_eye-camera.mp4	3117131263	186	12	10
sub-VG1-GC#109/sub-VG1-GC#109_ses-2024-01-29-task-day10_widefield+behavior/sub-VG1-GC#109_ses-2024-01-29-task-day10_face-camera.mp4	11814992979	562	16	9
sub-VG1-GC#63/sub-VG1-GC#63_ses-2023-08-28-task-day6_widefield+behavior/sub-VG1-GC#63_ses-2023-08-28-task-day6_eye-camera.mp4	4923745026	194	12	11
sub-VG1-GC#53/sub-VG1-GC#53_ses-2023-06-23-resting-state-day7_widefield+behavior/sub-VG1-GC#53_ses-2023-06-23-resting-state-day7_eye-camera.mp4	1872302217	90	24	9
sub-VG1-GC#61/sub-VG1-GC#61_ses-2023-06-14-resting-state-day0_widefield+behavior/sub-VG1-GC#61_ses-2023-06-14-resting-state-day0_face-camera.mp4	5911439268	222	6	9
sub-VG1-GC#73/sub-VG1-GC#73_ses-2023-09-04-task-day11_widefield+behavior/sub-VG1-GC#73_ses-2023-09-04-task-day11_eye-camera.mp4	3587787681	189	16	9
sub-VG1-GC#116/sub-VG1-GC#116_ses-2024-01-16-task-day1_widefield+behavior/sub-VG1-GC#116_ses-2024-01-16-task-day1_face-camera.mp4	11743194671	563	20	8
sub-VG1-GC#66/sub-VG1-GC#66_ses-2023-09-01-task-day10_widefield+behavior/sub-VG1-GC#66_ses-2023-09-01-task-day10_eye-camera.mp4	3648012689	193	17	9
sub-VG1-GC#60/sub-VG1-GC#60_ses-2023-06-26-task-day8_widefield+behavior/sub-VG1-GC#60_ses-2023-06-26-task-day8_face-camera.mp4	11990318090	572	13	9
sub-VG1-GC#53/sub-VG1-GC#53_ses-2023-06-29-task-day11_widefield+behavior/sub-VG1-GC#53_ses-2023-06-29-task-day11_eye-camera.mp4	5745180893	240	22	10
sub-VG1-GC#85/sub-VG1-GC#85_ses-2023-11-16-resting-state-day8_widefield+behavior/sub-VG1-GC#85_ses-2023-11-16-resting-state-day8_body-camera.mp4	2149779021	128	15	7
sub-VG1-GC#54/sub-VG1-GC#54_ses-2023-07-04-task-day14_widefield+behavior/sub-VG1-GC#54_ses-2023-07-04-task-day14_eye-camera.mp4	3029536137	175	14	8
sub-VG1-GC#52/sub-VG1-GC#52_ses-2023-06-22-task-day6_widefield+behavior/sub-VG1-GC#52_ses-2023-06-22-task-day6_eye-camera.mp4	4306920491	187	17	9
sub-VG1-GC#66/sub-VG1-GC#66_ses-2023-09-01-task-day10_widefield+behavior.nwb	212811563088	27755	99	77
sub-VG1-GC#127/sub-VG1-GC#127_ses-2024-04-16-resting-state-day1_widefield+behavior/sub-VG1-GC#127_ses-2024-04-16-resting-state-day1_eye-camera.mp4	1213129934	75	10	9
sub-VG1-GC#117/sub-VG1-GC#117_ses-2024-05-09-resting-state-day15_widefield+behavior/sub-VG1-GC#117_ses-2024-05-09-resting-state-day15_face-camera.mp4	3676284967	238	13	8
sub-VG1-GC#85/sub-VG1-GC#85_ses-2023-11-28-resting-state-day15_widefield+behavior.nwb	87984684071	17654	84	65
sub-VG1-GC#127/sub-VG1-GC#127_ses-2024-04-24-task-day7_widefield+behavior/sub-VG1-GC#127_ses-2024-04-24-task-day7_body-camera.mp4	5480015843	332	10	8
sub-VG1-GC#124/sub-VG1-GC#124_ses-2024-01-22-task-day5_widefield+behavior.nwb	206480708625	33306	120	83
sub-VG1-GC#78/sub-VG1-GC#78_ses-2023-11-30-task-day12_widefield+behavior.nwb	231201096647	26366	89	74
sub-VG1-GC#129/sub-VG1-GC#129_ses-2024-03-27-task-day13_widefield+behavior.nwb	190576288502	30141	91	82
sub-VG1-GC#85/sub-VG1-GC#85_ses-2023-11-15-task-day7_widefield+behavior/sub-VG1-GC#85_ses-2023-11-15-task-day7_eye-camera.mp4	3157367238	180	13	8
sub-VG1-GC#85/sub-VG1-GC#85_ses-2023-11-16-task-day8_widefield+behavior/sub-VG1-GC#85_ses-2023-11-16-task-day8_body-camera.mp4	8900257056	338	15	8
sub-VG1-GC#61/sub-VG1-GC#61_ses-2023-07-05-resting-state-day15_widefield+behavior/sub-VG1-GC#61_ses-2023-07-05-resting-state-day15_eye-camera.mp4	1489276956	81	15	8
sub-VG1-GC#61/sub-VG1-GC#61_ses-2023-06-21-task-day5_widefield+behavior/sub-VG1-GC#61_ses-2023-06-21-task-day5_face-camera.mp4	10571124744	548	17	7
sub-VG1-GC#129/sub-VG1-GC#129_ses-2024-03-07-task-day1_widefield+behavior/sub-VG1-GC#129_ses-2024-03-07-task-day1_eye-camera.mp4	2691087398	180	17	8
sub-VG1-GC#105/sub-VG1-GC#105_ses-2024-02-15-resting-state-day15_widefield+behavior/sub-VG1-GC#105_ses-2024-02-15-resting-state-day15_body-camera.mp4	2490500647	136	13	8
sub-VG1-GC#87/sub-VG1-GC#87_ses-2023-11-13-task-day14_widefield+behavior.nwb	254471573915	26648	101	77
sub-VG1-GC#129/sub-VG1-GC#129_ses-2024-04-01-sensory-stim-day16_widefield.nwb	103078182209	10322	88	71
sub-VG1-GC#66/sub-VG1-GC#66_ses-2023-08-21-task-day1_widefield+behavior/sub-VG1-GC#66_ses-2023-08-21-task-day1_face-camera.mp4	11905876970	541	17	7
sub-VG1-GC#78/sub-VG1-GC#78_ses-2023-11-28-task-day10_widefield+behavior/sub-VG1-GC#78_ses-2023-11-28-task-day10_body-camera.mp4	6212530955	326	11	7
sub-VG1-GC#63/sub-VG1-GC#63_ses-2023-09-06-task-day13_widefield+behavior/sub-VG1-GC#63_ses-2023-09-06-task-day13_face-camera.mp4	10269658204	531	14	7
sub-VG1-GC#99/sub-VG1-GC#99_ses-2024-02-14-task-day14_widefield+behavior.nwb	205546794672	26130	93	76
sub-VG1-GC#66/sub-VG1-GC#66_ses-2023-08-30-task-day8_widefield+behavior/sub-VG1-GC#66_ses-2023-08-30-task-day8_eye-camera.mp4	3112868234	177	13	8
sub-VG1-GC#60/sub-VG1-GC#60_ses-2023-06-27-task-day9_widefield+behavior/sub-VG1-GC#60_ses-2023-06-27-task-day9_body-camera.mp4	6248182643	332	16	8
sub-VG1-GC#130/sub-VG1-GC#130_ses-2024-05-02-task-day12_widefield+behavior.nwb	172248118964	28599	90	79
sub-VG1-GC#122/sub-VG1-GC#122_ses-2024-03-27-task-day13_widefield+behavior.nwb	172994192884	27522	93	79
sub-VG1-GC#60/sub-VG1-GC#60_ses-2023-06-16-task-day2_widefield+behavior/sub-VG1-GC#60_ses-2023-06-16-task-day2_face-camera.mp4	13878307142	550	18	8
sub-VG1-GC#105/sub-VG1-GC#105_ses-2024-02-08-task-day11_widefield+behavior/sub-VG1-GC#105_ses-2024-02-08-task-day11_eye-camera.mp4	4844165403	185	16	9
sub-VG1-GC#116/sub-VG1-GC#116_ses-2024-01-25-task-day8_widefield+behavior/sub-VG1-GC#116_ses-2024-01-25-task-day8_face-camera.mp4	10307523812	534	17	8
sub-VG1-GC#73/sub-VG1-GC#73_ses-2023-08-30-task-day8_widefield+behavior/sub-VG1-GC#73_ses-2023-08-30-task-day8_body-camera.mp4	6310345466	329	11	7
sub-VG1-GC#53/sub-VG1-GC#53_ses-2023-06-19-task-day3_widefield+behavior.nwb	285926272311	29756	101	85
sub-VG1-GC#51/sub-VG1-GC#51_ses-2023-06-27-task-day9_widefield+behavior.nwb	312650985231	31227	99	81
sub-VG1-GC#53/sub-VG1-GC#53_ses-2023-06-27-task-day9_widefield+behavior.nwb	287659006979	30326	105	85
sub-VG1-GC#130/sub-VG1-GC#130_ses-2024-04-16-task-day1_widefield+behavior/sub-VG1-GC#130_ses-2024-04-16-task-day1_face-camera.mp4	10244790986	526	11	8
sub-VG1-GC#125/sub-VG1-GC#125_ses-2024-05-09-task-day13_widefield+behavior/sub-VG1-GC#125_ses-2024-05-09-task-day13_body-camera.mp4	5338072445	331	18	7
sub-VG1-GC#99/sub-VG1-GC#99_ses-2024-02-14-task-day14_widefield+behavior/sub-VG1-GC#99_ses-2024-02-14-task-day14_face-camera.mp4	8894511167	535	13	10
sub-VG1-GC#60/sub-VG1-GC#60_ses-2023-06-21-task-day5_widefield+behavior/sub-VG1-GC#60_ses-2023-06-21-task-day5_eye-camera.mp4	3125509083	185	9	10
sub-VG1-GC#48/sub-VG1-GC#48_ses-2023-08-30-task-day8_widefield+behavior/sub-VG1-GC#48_ses-2023-08-30-task-day8_face-camera.mp4	16438199534	549	22	7
sub-VG1-GC#119/sub-VG1-GC#119_ses-2024-03-15-task-day6_widefield+behavior/sub-VG1-GC#119_ses-2024-03-15-task-day6_eye-camera.mp4	3184687814	192	29	8
sub-VG1-GC#130/sub-VG1-GC#130_ses-2024-04-24-task-day7_widefield+behavior.nwb	212366754545	28132	104	83
sub-VG1-GC#109/sub-VG1-GC#109_ses-2024-01-29-task-day10_widefield+behavior/sub-VG1-GC#109_ses-2024-01-29-task-day10_body-camera.mp4	6243799634	331	16	8
sub-VG1-GC#63/sub-VG1-GC#63_ses-2023-09-06-task-day13_widefield+behavior.nwb	209491979877	26783	93	74
sub-VG1-GC#63/sub-VG1-GC#63_ses-2023-08-21-resting-state-day1_widefield+behavior/sub-VG1-GC#63_ses-2023-08-21-resting-state-day1_body-camera.mp4	2562621390	147	23	8
sub-VG1-GC#124/sub-VG1-GC#124_ses-2024-01-24-resting-state-day7_widefield+behavior.nwb	86313365751	18286	86	66
sub-VG1-GC#124/sub-VG1-GC#124_ses-2024-01-16-resting-state-day1_widefield+behavior/sub-VG1-GC#124_ses-2024-01-16-resting-state-day1_face-camera.mp4	3578066317	203	23	7
sub-VG1-GC#105/sub-VG1-GC#105_ses-2024-02-02-task-day8_widefield+behavior.nwb	220697593447	28821	101	80
sub-VG1-GC#116/sub-VG1-GC#116_ses-2024-01-23-task-day6_widefield+behavior.nwb	192019547047	28052	109	82
sub-VG1-GC#60/sub-VG1-GC#60_ses-2023-06-29-task-day11_widefield+behavior/sub-VG1-GC#60_ses-2023-06-29-task-day11_body-camera.mp4	5357702464	312	12	6
sub-VG1-GC#129/sub-VG1-GC#129_ses-2024-03-13-task-day4_widefield+behavior/sub-VG1-GC#129_ses-2024-03-13-task-day4_face-camera.mp4	7344596712	506	19	6
sub-VG1-GC#87/sub-VG1-GC#87_ses-2023-11-09-task-day12_widefield+behavior.nwb	186562385727	28648	100	79
sub-VG1-GC#124/sub-VG1-GC#124_ses-2024-01-18-task-day3_widefield+behavior/sub-VG1-GC#124_ses-2024-01-18-task-day3_body-camera.mp4	5322677551	309	12	7
sub-VG1-GC#61/sub-VG1-GC#61_ses-2023-06-20-task-day4_widefield+behavior/sub-VG1-GC#61_ses-2023-06-20-task-day4_body-camera.mp4	5414760088	326	17	7
sub-VG1-GC#125/sub-VG1-GC#125_ses-2024-04-22-task-day3_widefield+behavior/sub-VG1-GC#125_ses-2024-04-22-task-day3_eye-camera.mp4	2269777654	179	14	8
sub-VG1-GC#61/sub-VG1-GC#61_ses-2023-06-15-task-day1_widefield+behavior/sub-VG1-GC#61_ses-2023-06-15-task-day1_face-camera.mp4	8899465398	518	17	7
sub-VG1-GC#52/sub-VG1-GC#52_ses-2023-06-19-task-day3_widefield+behavior/sub-VG1-GC#52_ses-2023-06-19-task-day3_body-camera.mp4	7099523995	316	17	6
sub-VG1-GC#124/sub-VG1-GC#124_ses-2024-01-19-task-day4_widefield+behavior/sub-VG1-GC#124_ses-2024-01-19-task-day4_eye-camera.mp4	2691979574	171	17	7
sub-VG1-GC#105/sub-VG1-GC#105_ses-2024-01-30-task-day5_widefield+behavior/sub-VG1-GC#105_ses-2024-01-30-task-day5_body-camera.mp4	6182804019	309	11	7
sub-VG1-GC#105/sub-VG1-GC#105_ses-2024-02-13-task-day13_widefield+behavior/sub-VG1-GC#105_ses-2024-02-13-task-day13_eye-camera.mp4	3098877699	165	11	7
sub-VG1-GC#52/sub-VG1-GC#52_ses-2023-07-05-task-day15_widefield+behavior/sub-VG1-GC#52_ses-2023-07-05-task-day15_face-camera.mp4	13210266363	531	14	7
sub-VG1-GC#73/sub-VG1-GC#73_ses-2023-08-22-task-day2_widefield+behavior/sub-VG1-GC#73_ses-2023-08-22-task-day2_face-camera.mp4	10612533837	546	15	7
sub-VG1-GC#53/sub-VG1-GC#53_ses-2023-06-26-task-day8_widefield+behavior/sub-VG1-GC#53_ses-2023-06-26-task-day8_body-camera.mp4	7962832668	328	13	7
sub-VG1-GC#122/sub-VG1-GC#122_ses-2024-03-08-task-day2_widefield+behavior/sub-VG1-GC#122_ses-2024-03-08-task-day2_face-camera.mp4	8827176021	532	17	7
sub-VG1-GC#127/sub-VG1-GC#127_ses-2024-04-15-resting-state-day0_widefield+behavior/sub-VG1-GC#127_ses-2024-04-15-resting-state-day0_eye-camera.mp4	843566216	79	19	8
sub-VG1-GC#73/sub-VG1-GC#73_ses-2023-09-01-task-day10_widefield+behavior/sub-VG1-GC#73_ses-2023-09-01-task-day10_body-camera.mp4	5331287824	311	13	6
sub-VG1-GC#116/sub-VG1-GC#116_ses-2024-01-18-task-day3_widefield+behavior/sub-VG1-GC#116_ses-2024-01-18-task-day3_face-camera.mp4	9151177341	511	17	7
sub-VG1-GC#66/sub-VG1-GC#66_ses-2023-09-05-task-day12_widefield+behavior/sub-VG1-GC#66_ses-2023-09-05-task-day12_body-camera.mp4	6208078092	330	15	7
sub-VG1-GC#54/sub-VG1-GC#54_ses-2023-06-15-task-day1_widefield+behavior/sub-VG1-GC#54_ses-2023-06-15-task-day1_eye-camera.mp4	3454086777	174	12	8
sub-VG1-GC#125/sub-VG1-GC#125_ses-2024-04-26-resting-state-day7_widefield+behavior.nwb	76506850489	20730	83	71
sub-VG1-GC#61/sub-VG1-GC#61_ses-2023-06-20-task-day4_widefield+behavior/sub-VG1-GC#61_ses-2023-06-20-task-day4_face-camera.mp4	10312598226	533	15	7
sub-VG1-GC#109/sub-VG1-GC#109_ses-2024-01-17-task-day2_widefield+behavior/sub-VG1-GC#109_ses-2024-01-17-task-day2_body-camera.mp4	8857264889	340	21	8
sub-VG1-GC#116/sub-VG1-GC#116_ses-2024-02-05-task-day15_widefield+behavior/sub-VG1-GC#116_ses-2024-02-05-task-day15_eye-camera.mp4	3188562848	189	26	8
sub-VG1-GC#124/sub-VG1-GC#124_ses-2024-01-29-task-day10_widefield+behavior/sub-VG1-GC#124_ses-2024-01-29-task-day10_body-camera.mp4	6364690095	338	18	9
sub-VG1-GC#109/sub-VG1-GC#109_ses-2024-01-24-resting-state-day7_widefield+behavior/sub-VG1-GC#109_ses-2024-01-24-resting-state-day7_face-camera.mp4	3557731950	201	21	7
sub-VG1-GC#122/sub-VG1-GC#122_ses-2024-03-08-task-day2_widefield+behavior.nwb	226607561338	29198	96	80
sub-VG1-GC#109/sub-VG1-GC#109_ses-2024-01-19-task-day4_widefield+behavior/sub-VG1-GC#109_ses-2024-01-19-task-day4_body-camera.mp4	6291456823	336	19	9
sub-VG1-GC#78/sub-VG1-GC#78_ses-2023-12-05-task-day15_widefield+behavior.nwb	238799830747	27045	110	79
sub-VG1-GC#117/sub-VG1-GC#117_ses-2024-05-09-resting-state-day15_widefield+behavior.nwb	76316839623	18682	82	68
sub-VG1-GC#48/sub-VG1-GC#48_ses-2023-08-31-task-day9_widefield+behavior/sub-VG1-GC#48_ses-2023-08-31-task-day9_eye-camera.mp4	5817830367	185	23	8
sub-VG1-GC#87/sub-VG1-GC#87_ses-2023-10-30-task-day5_widefield+behavior/sub-VG1-GC#87_ses-2023-10-30-task-day5_eye-camera.mp4	2725178499	174	19	7
sub-VG1-GC#61/sub-VG1-GC#61_ses-2023-06-27-task-day9_widefield+behavior/sub-VG1-GC#61_ses-2023-06-27-task-day9_face-camera.mp4	9004181396	511	12	6
sub-VG1-GC#52/sub-VG1-GC#52_ses-2023-06-23-task-day7_widefield+behavior/sub-VG1-GC#52_ses-2023-06-23-task-day7_eye-camera.mp4	4976427182	185	21	8
sub-VG1-GC#122/sub-VG1-GC#122_ses-2024-03-15-task-day6_widefield+behavior/sub-VG1-GC#122_ses-2024-03-15-task-day6_face-camera.mp4	8810508943	527	12	7
sub-VG1-GC#87/sub-VG1-GC#87_ses-2023-11-01-resting-state-day7_widefield+behavior/sub-VG1-GC#87_ses-2023-11-01-resting-state-day7_eye-camera.mp4	1750978230	91	22	9
sub-VG1-GC#60/sub-VG1-GC#60_ses-2023-06-26-task-day8_widefield+behavior.nwb	207407554031	28608	101	76
sub-VG1-GC#105/sub-VG1-GC#105_ses-2024-02-09-task-day12_widefield+behavior/sub-VG1-GC#105_ses-2024-02-09-task-day12_face-camera.mp4	10268877585	502	11	8
sub-VG1-GC#117/sub-VG1-GC#117_ses-2024-04-15-resting-state-day0_widefield+behavior/sub-VG1-GC#117_ses-2024-04-15-resting-state-day0_face-camera.mp4	2609022101	189	16	8
sub-VG1-GC#63/sub-VG1-GC#63_ses-2023-08-22-task-day2_widefield+behavior/sub-VG1-GC#63_ses-2023-08-22-task-day2_body-camera.mp4	7713368482	323	17	7
sub-VG1-GC#73/sub-VG1-GC#73_ses-2023-08-30-task-day8_widefield+behavior.nwb	219293959500	27353	91	76
sub-VG1-GC#119/sub-VG1-GC#119_ses-2024-03-18-resting-state-day7_widefield+behavior/sub-VG1-GC#119_ses-2024-03-18-resting-state-day7_body-camera.mp4	2119610895	125	15	7
sub-VG1-GC#66/sub-VG1-GC#66_ses-2023-08-25-task-day5_widefield+behavior.nwb	222944387579	28559	95	79
sub-VG1-GC#63/sub-VG1-GC#63_ses-2023-09-08-resting-state-day15_widefield+behavior/sub-VG1-GC#63_ses-2023-09-08-resting-state-day15_eye-camera.mp4	1849395777	86	17	9
sub-VG1-GC#61/sub-VG1-GC#61_ses-2023-06-23-resting-state-day7_widefield+behavior/sub-VG1-GC#61_ses-2023-06-23-resting-state-day7_eye-camera.mp4	1808304089	84	15	9
sub-VG1-GC#116/sub-VG1-GC#116_ses-2024-02-01-task-day13_widefield+behavior/sub-VG1-GC#116_ses-2024-02-01-task-day13_body-camera.mp4	8005698369	364	16	9
sub-VG1-GC#129/sub-VG1-GC#129_ses-2024-03-25-task-day11_widefield+behavior.nwb	189014017700	27804	90	78
sub-VG1-GC#48/sub-VG1-GC#48_ses-2023-08-29-resting-state-day7_widefield+behavior/sub-VG1-GC#48_ses-2023-08-29-resting-state-day7_body-camera.mp4	4285821221	142	23	8
sub-VG1-GC#85/sub-VG1-GC#85_ses-2023-11-30-sensory-stim-day16_widefield.nwb	87077246433	5562	76	60
sub-VG1-GC#66/sub-VG1-GC#66_ses-2023-09-08-resting-state-day15_widefield+behavior/sub-VG1-GC#66_ses-2023-09-08-resting-state-day15_eye-camera.mp4	1427588704	90	20	9
sub-VG1-GC#51/sub-VG1-GC#51_ses-2023-06-23-task-day7_widefield+behavior/sub-VG1-GC#51_ses-2023-06-23-task-day7_eye-camera.mp4	5723515296	199	26	10
sub-VG1-GC#60/sub-VG1-GC#60_ses-2023-06-28-task-day10_widefield+behavior/sub-VG1-GC#60_ses-2023-06-28-task-day10_body-camera.mp4	7106133830	346	14	8
sub-VG1-GC#116/sub-VG1-GC#116_ses-2024-02-05-resting-state-day15_widefield+behavior.nwb	87992370838	20913	87	72
sub-VG1-GC#105/sub-VG1-GC#105_ses-2024-02-07-task-day10_widefield+behavior/sub-VG1-GC#105_ses-2024-02-07-task-day10_face-camera.mp4	13562360513	579	21	8
sub-VG1-GC#52/sub-VG1-GC#52_ses-2023-06-23-resting-state-day7_widefield+behavior.nwb	132529028508	22883	94	70
sub-VG1-GC#109/sub-VG1-GC#109_ses-2024-01-23-task-day6_widefield+behavior/sub-VG1-GC#109_ses-2024-01-23-task-day6_eye-camera.mp4	3597620902	189	17	9
sub-VG1-GC#73/sub-VG1-GC#73_ses-2023-09-14-sensory-stim-day17_widefield.nwb	93147709914	5930	72	61
sub-VG1-GC#130/sub-VG1-GC#130_ses-2024-04-23-task-day6_widefield+behavior/sub-VG1-GC#130_ses-2024-04-23-task-day6_eye-camera.mp4	3132460993	189	16	10
sub-VG1-GC#117/sub-VG1-GC#117_ses-2024-04-16-resting-state-day1_widefield+behavior/sub-VG1-GC#117_ses-2024-04-16-resting-state-day1_face-camera.mp4	3546895096	207	15	9
sub-VG1-GC#61/sub-VG1-GC#61_ses-2023-07-05-resting-state-day15_widefield+behavior/sub-VG1-GC#61_ses-2023-07-05-resting-state-day15_body-camera.mp4	2654576746	134	11	7
sub-VG1-GC#54/sub-VG1-GC#54_ses-2023-06-29-task-day11_widefield+behavior/sub-VG1-GC#54_ses-2023-06-29-task-day11_body-camera.mp4	6219320900	326	11	7
sub-VG1-GC#66/sub-VG1-GC#66_ses-2023-08-30-task-day8_widefield+behavior/sub-VG1-GC#66_ses-2023-08-30-task-day8_body-camera.mp4	8216118002	335	13	9
sub-VG1-GC#51/sub-VG1-GC#51_ses-2023-06-19-task-day3_widefield+behavior/sub-VG1-GC#51_ses-2023-06-19-task-day3_eye-camera.mp4	5247663322	189	26	9
sub-VG1-GC#116/sub-VG1-GC#116_ses-2024-02-01-task-day13_widefield+behavior/sub-VG1-GC#116_ses-2024-02-01-task-day13_face-camera.mp4	10350837147	538	21	8
sub-VG1-GC#129/sub-VG1-GC#129_ses-2024-03-15-task-day6_widefield+behavior/sub-VG1-GC#129_ses-2024-03-15-task-day6_body-camera.mp4	5299518759	327	15	7
sub-VG1-GC#116/sub-VG1-GC#116_ses-2024-01-18-task-day3_widefield+behavior/sub-VG1-GC#116_ses-2024-01-18-task-day3_body-camera.mp4	8690525977	335	16	8
sub-VG1-GC#85/sub-VG1-GC#85_ses-2023-11-28-task-day15_widefield+behavior/sub-VG1-GC#85_ses-2023-11-28-task-day15_face-camera.mp4	10311427451	529	11	8
sub-VG1-GC#51/sub-VG1-GC#51_ses-2023-06-30-task-day12_widefield+behavior.nwb	254189476567	30944	99	82
sub-VG1-GC#127/sub-VG1-GC#127_ses-2024-05-09-task-day15_widefield+behavior/sub-VG1-GC#127_ses-2024-05-09-task-day15_body-camera.mp4	5282758523	321	8	7
sub-VG1-GC#125/sub-VG1-GC#125_ses-2024-05-09-task-day13_widefield+behavior/sub-VG1-GC#125_ses-2024-05-09-task-day13_eye-camera.mp4	2699164526	181	18	8
sub-VG1-GC#61/sub-VG1-GC#61_ses-2023-06-22-task-day6_widefield+behavior.nwb	209987227957	27283	89	78
sub-VG1-GC#60/sub-VG1-GC#60_ses-2023-07-03-task-day13_widefield+behavior/sub-VG1-GC#60_ses-2023-07-03-task-day13_face-camera.mp4	14311385899	548	15	8
sub-VG1-GC#127/sub-VG1-GC#127_ses-2024-04-15-resting-state-day0_widefield+behavior/sub-VG1-GC#127_ses-2024-04-15-resting-state-day0_face-camera.mp4	3030961069	201	23	7
sub-VG1-GC#60/sub-VG1-GC#60_ses-2023-06-15-task-day1_widefield+behavior.nwb	255378229600	31811	107	88
sub-VG1-GC#99/sub-VG1-GC#99_ses-2024-01-29-task-day4_widefield+behavior.nwb	155047185605	27340	92	78
sub-VG1-GC#130/sub-VG1-GC#130_ses-2024-04-30-task-day10_widefield+behavior/sub-VG1-GC#130_ses-2024-04-30-task-day10_eye-camera.mp4	2977322120	231	12	9
sub-VG1-GC#116/sub-VG1-GC#116_ses-2024-01-29-task-day10_widefield+behavior.nwb	204225181929	28700	104	82
sub-VG1-GC#122/sub-VG1-GC#122_ses-2024-03-13-task-day4_widefield+behavior.nwb	191127304746	27948	94	80
sub-VG1-GC#129/sub-VG1-GC#129_ses-2024-03-21-task-day9_widefield+behavior/sub-VG1-GC#129_ses-2024-03-21-task-day9_body-camera.mp4	5358206919	332	19	7
sub-VG1-GC#53/sub-VG1-GC#53_ses-2023-06-15-task-day1_widefield+behavior/sub-VG1-GC#53_ses-2023-06-15-task-day1_body-camera.mp4	13356814176	543	18	8
sub-VG1-GC#117/sub-VG1-GC#117_ses-2024-04-24-task-day7_widefield+behavior.nwb	205488456990	27965	97	84
sub-VG1-GC#105/sub-VG1-GC#105_ses-2024-02-06-task-day9_widefield+behavior/sub-VG1-GC#105_ses-2024-02-06-task-day9_face-camera.mp4	16165646748	553	21	8
sub-VG1-GC#63/sub-VG1-GC#63_ses-2023-08-28-task-day6_widefield+behavior/sub-VG1-GC#63_ses-2023-08-28-task-day6_face-camera.mp4	10470979232	542	14	8
sub-VG1-GC#60/sub-VG1-GC#60_ses-2023-06-20-task-day4_widefield+behavior/sub-VG1-GC#60_ses-2023-06-20-task-day4_face-camera.mp4	10380099182	540	17	9
sub-VG1-GC#105/sub-VG1-GC#105_ses-2024-01-31-task-day6_widefield+behavior/sub-VG1-GC#105_ses-2024-01-31-task-day6_face-camera.mp4	11748520771	528	11	7
sub-VG1-GC#127/sub-VG1-GC#127_ses-2024-04-17-task-day2_widefield+behavior/sub-VG1-GC#127_ses-2024-04-17-task-day2_eye-camera.mp4	2651169608	173	10	8
sub-VG1-GC#51/sub-VG1-GC#51_ses-2023-06-23-task-day7_widefield+behavior/sub-VG1-GC#51_ses-2023-06-23-task-day7_body-camera.mp4	11700728180	348	22	9
sub-VG1-GC#66/sub-VG1-GC#66_ses-2023-08-31-task-day9_widefield+behavior/sub-VG1-GC#66_ses-2023-08-31-task-day9_eye-camera.mp4	3126556973	181	17	8
sub-VG1-GC#87/sub-VG1-GC#87_ses-2023-11-14-resting-state-day15_widefield+behavior/sub-VG1-GC#87_ses-2023-11-14-resting-state-day15_eye-camera.mp4	1334834941	89	26	8
sub-VG1-GC#124/sub-VG1-GC#124_ses-2024-02-05-resting-state-day15_widefield+behavior/sub-VG1-GC#124_ses-2024-02-05-resting-state-day15_face-camera.mp4	3601742713	201	17	9
sub-VG1-GC#122/sub-VG1-GC#122_ses-2024-03-29-task-day15_widefield+behavior/sub-VG1-GC#122_ses-2024-03-29-task-day15_face-camera.mp4	8782324515	526	13	7
sub-VG1-GC#127/sub-VG1-GC#127_ses-2024-05-09-resting-state-day15_widefield+behavior/sub-VG1-GC#127_ses-2024-05-09-resting-state-day15_eye-camera.mp4	1138875968	79	17	8
sub-VG1-GC#125/sub-VG1-GC#125_ses-2024-05-07-task-day11_widefield+behavior/sub-VG1-GC#125_ses-2024-05-07-task-day11_eye-camera.mp4	2675763824	178	15	8
sub-VG1-GC#61/sub-VG1-GC#61_ses-2023-07-03-task-day13_widefield+behavior/sub-VG1-GC#61_ses-2023-07-03-task-day13_eye-camera.mp4	3073005517	176	15	8
sub-VG1-GC#54/sub-VG1-GC#54_ses-2023-06-16-task-day2_widefield+behavior.nwb	288449423665	29949	102	82
sub-VG1-GC#85/sub-VG1-GC#85_ses-2023-10-25-task-day2_widefield+behavior/sub-VG1-GC#85_ses-2023-10-25-task-day2_body-camera.mp4	8818896728	336	16	8
sub-VG1-GC#53/sub-VG1-GC#53_ses-2023-07-04-task-day14_widefield+behavior/sub-VG1-GC#53_ses-2023-07-04-task-day14_face-camera.mp4	14400754168	584	21	7
sub-VG1-GC#51/sub-VG1-GC#51_ses-2023-06-26-task-day8_widefield+behavior/sub-VG1-GC#51_ses-2023-06-26-task-day8_body-camera.mp4	10609782606	336	21	7
sub-VG1-GC#127/sub-VG1-GC#127_ses-2024-04-19-task-day4_widefield+behavior/sub-VG1-GC#127_ses-2024-04-19-task-day4_face-camera.mp4	8833809119	529	12	8
sub-VG1-GC#125/sub-VG1-GC#125_ses-2024-05-10-task-day14_widefield+behavior/sub-VG1-GC#125_ses-2024-05-10-task-day14_eye-camera.mp4	2662526744	175	12	8
sub-VG1-GC#105/sub-VG1-GC#105_ses-2024-01-31-task-day6_widefield+behavior.nwb	241989325818	28187	104	79
sub-VG1-GC#60/sub-VG1-GC#60_ses-2023-07-04-task-day14_widefield+behavior/sub-VG1-GC#60_ses-2023-07-04-task-day14_body-camera.mp4	8836499332	333	12	8
sub-VG1-GC#52/sub-VG1-GC#52_ses-2023-06-26-task-day8_widefield+behavior/sub-VG1-GC#52_ses-2023-06-26-task-day8_face-camera.mp4	17306056072	543	19	8
sub-VG1-GC#54/sub-VG1-GC#54_ses-2023-06-14-resting-state-day0_widefield+behavior.nwb	64968643642	20553	79	68
sub-VG1-GC#105/sub-VG1-GC#105_ses-2024-02-01-task-day7_widefield+behavior/sub-VG1-GC#105_ses-2024-02-01-task-day7_face-camera.mp4	11740167919	538	12	8
sub-VG1-GC#119/sub-VG1-GC#119_ses-2024-03-08-task-day2_widefield+behavior.nwb	224840584452	25502	107	82
sub-VG1-GC#129/sub-VG1-GC#129_ses-2024-03-14-task-day5_widefield+behavior.nwb	172705355956	27739	91	79
sub-VG1-GC#119/sub-VG1-GC#119_ses-2024-03-07-task-day1_widefield+behavior/sub-VG1-GC#119_ses-2024-03-07-task-day1_body-camera.mp4	6342432007	346	18	8
sub-VG1-GC#127/sub-VG1-GC#127_ses-2024-04-18-task-day3_widefield+behavior.nwb	179612567140	27804	95	78
sub-VG1-GC#129/sub-VG1-GC#129_ses-2024-03-08-task-day2_widefield+behavior/sub-VG1-GC#129_ses-2024-03-08-task-day2_face-camera.mp4	7514106336	512	14	6
sub-VG1-GC#51/sub-VG1-GC#51_ses-2023-06-30-task-day12_widefield+behavior/sub-VG1-GC#51_ses-2023-06-30-task-day12_eye-camera.mp4	4803207913	183	20	8
sub-VG1-GC#99/sub-VG1-GC#99_ses-2024-02-02-task-day8_widefield+behavior/sub-VG1-GC#99_ses-2024-02-02-task-day8_body-camera.mp4	5404338092	335	17	8
sub-VG1-GC#125/sub-VG1-GC#125_ses-2024-04-19-task-day2_widefield+behavior.nwb	255575175214	28398	96	81
sub-VG1-GC#129/sub-VG1-GC#129_ses-2024-03-29-task-day15_widefield+behavior/sub-VG1-GC#129_ses-2024-03-29-task-day15_body-camera.mp4	5354414635	337	14	8
sub-VG1-GC#105/sub-VG1-GC#105_ses-2024-02-16-sensory-stim-day16_widefield.nwb	116700168250	6705	80	65
sub-VG1-GC#122/sub-VG1-GC#122_ses-2024-03-29-task-day15_widefield+behavior.nwb	215133092529	27592	110	84
sub-VG1-GC#105/sub-VG1-GC#105_ses-2024-02-14-task-day14_widefield+behavior/sub-VG1-GC#105_ses-2024-02-14-task-day14_eye-camera.mp4	3555126770	179	16	8
sub-VG1-GC#78/sub-VG1-GC#78_ses-2023-11-14-task-day1_widefield+behavior.nwb	186475224932	26404	95	77
sub-VG1-GC#78/sub-VG1-GC#78_ses-2023-11-14-resting-state-day1_widefield+behavior/sub-VG1-GC#78_ses-2023-11-14-resting-state-day1_face-camera.mp4	3000056006	184	13	6
sub-VG1-GC#66/sub-VG1-GC#66_ses-2023-08-24-task-day4_widefield+behavior.nwb	198881756353	27722	104	76
sub-VG1-GC#66/sub-VG1-GC#66_ses-2023-09-06-task-day13_widefield+behavior/sub-VG1-GC#66_ses-2023-09-06-task-day13_face-camera.mp4	10399606920	539	16	7
sub-VG1-GC#87/sub-VG1-GC#87_ses-2023-11-01-resting-state-day7_widefield+behavior.nwb	82388876173	17070	90	63
sub-VG1-GC#48/sub-VG1-GC#48_ses-2023-08-24-task-day4_widefield+behavior.nwb	256629559640	31656	114	88
sub-VG1-GC#54/sub-VG1-GC#54_ses-2023-06-23-resting-state-day7_widefield+behavior/sub-VG1-GC#54_ses-2023-06-23-resting-state-day7_eye-camera.mp4	1666286198	80	13	9
sub-VG1-GC#73/sub-VG1-GC#73_ses-2023-09-07-task-day14_widefield+behavior.nwb	246417877465	26383	97	76
sub-VG1-GC#63/sub-VG1-GC#63_ses-2023-08-21-task-day1_widefield+behavior.nwb	230570830392	28677	100	86
sub-VG1-GC#99/sub-VG1-GC#99_ses-2024-02-14-task-day14_widefield+behavior/sub-VG1-GC#99_ses-2024-02-14-task-day14_eye-camera.mp4	3192620456	178	15	9
sub-VG1-GC#73/sub-VG1-GC#73_ses-2023-08-21-task-day1_widefield+behavior/sub-VG1-GC#73_ses-2023-08-21-task-day1_face-camera.mp4	9100902930	520	17	6
sub-VG1-GC#127/sub-VG1-GC#127_ses-2024-04-24-resting-state-day7_widefield+behavior/sub-VG1-GC#127_ses-2024-04-24-resting-state-day7_body-camera.mp4	1519323439	114	10	6
sub-VG1-GC#48/sub-VG1-GC#48_ses-2023-09-04-task-day11_widefield+behavior/sub-VG1-GC#48_ses-2023-09-04-task-day11_face-camera.mp4	13406335828	513	17	6
sub-VG1-GC#117/sub-VG1-GC#117_ses-2024-04-25-task-day8_widefield+behavior.nwb	171776789251	28541	95	84
sub-VG1-GC#125/sub-VG1-GC#125_ses-2024-05-02-task-day10_widefield+behavior/sub-VG1-GC#125_ses-2024-05-02-task-day10_body-camera.mp4	6697940075	310	9	7
sub-VG1-GC#124/sub-VG1-GC#124_ses-2024-01-22-task-day5_widefield+behavior/sub-VG1-GC#124_ses-2024-01-22-task-day5_face-camera.mp4	9088237903	519	16	8
