week_start	sub-anm00229327/sub-anm00229327_ses-20170627T093438_ecephys.nwb	sub-anm00229327/sub-anm00229327_ses-20170627T093442_ecephys.nwb	sub-anm00229327/sub-anm00229327_ses-20170627T093445_ecephys.nwb	sub-anm00229327/sub-anm00229327_ses-20170627T093449_ecephys.nwb	sub-anm00229327/sub-anm00229327_ses-20170627T093452_ecephys.nwb	sub-anm00229329/sub-anm00229329_ses-20170627T093456_ecephys.nwb	sub-anm00229329/sub-anm00229329_ses-20170627T093500_ecephys.nwb	sub-anm00229329/sub-anm00229329_ses-20170627T093506_ecephys.nwb	sub-anm00229329/sub-anm00229329_ses-20170627T093510_ecephys.nwb	sub-anm00234218/sub-anm00234218_ses-20170627T093521_ecephys+ogen.nwb	sub-anm00234218/sub-anm00234218_ses-20170627T093525_ecephys+ogen.nwb	sub-anm00234218/sub-anm00234218_ses-20170627T093528_ecephys+ogen.nwb	sub-anm00234218/sub-anm00234218_ses-20170627T093532_ecephys+ogen.nwb	sub-anm00237800/sub-anm00237800_ses-20170627T093536_ecephys.nwb	sub-anm00237800/sub-anm00237800_ses-20170627T093538_ecephys.nwb	sub-anm00237800/sub-anm00237800_ses-20170627T093540_ecephys.nwb	sub-anm00237800/sub-anm00237800_ses-20170627T093542_ecephys.nwb	sub-anm00237800/sub-anm00237800_ses-20170627T093548_ecephys.nwb	sub-anm00239123/sub-anm00239123_ses-20170627T093549_ecephys+ogen.nwb	sub-anm00239123/sub-anm00239123_ses-20170627T093552_ecephys+ogen.nwb	sub-anm00239123/sub-anm00239123_ses-20170627T093555_ecephys+ogen.nwb	sub-anm00242747/sub-anm00242747_ses-20170627T093605_ecephys.nwb	sub-anm00242747/sub-anm00242747_ses-20170627T093609_ecephys.nwb	sub-anm00242747/sub-anm00242747_ses-20170627T093613_ecephys.nwb	sub-anm00242747/sub-anm00242747_ses-20170627T093614_ecephys.nwb	sub-anm00242747/sub-anm00242747_ses-20170627T093618_ecephys.nwb	sub-anm00242747/sub-anm00242747_ses-20170627T093620_ecephys.nwb	sub-anm00242747/sub-anm00242747_ses-20170627T093622_ecephys.nwb	sub-anm00260487/sub-anm00260487_ses-20170627T093624_ecephys+ogen.nwb	sub-anm00260487/sub-anm00260487_ses-20170627T093627_ecephys+ogen.nwb	sub-anm00260487/sub-anm00260487_ses-20170627T093629_ecephys+ogen.nwb	sub-anm00260487/sub-anm00260487_ses-20170627T093632_ecephys+ogen.nwb	sub-anm00260487/sub-anm00260487_ses-20170627T093634_ecephys+ogen.nwb	sub-anm00260487/sub-anm00260487_ses-20170627T093637_ecephys+ogen.nwb	sub-anm00260487/sub-anm00260487_ses-20170627T093639_ecephys+ogen.nwb	sub-anm00260487/sub-anm00260487_ses-20170627T093642_ecephys+ogen.nwb	sub-anm00260487/sub-anm00260487_ses-20170627T093646_ecephys+ogen.nwb	sub-anm00260487/sub-anm00260487_ses-20170627T093648_ecephys+ogen.nwb	sub-anm00260487/sub-anm00260487_ses-20170627T093650_ecephys+ogen.nwb	sub-anm00260488/sub-anm00260488_ses-20170627T093653_ecephys+ogen.nwb	sub-anm00260488/sub-anm00260488_ses-20170627T093655_ecephys+ogen.nwb	sub-anm00260488/sub-anm00260488_ses-20170627T093657_ecephys+ogen.nwb	sub-anm00260488/sub-anm00260488_ses-20170627T093701_ecephys+ogen.nwb	sub-anm00260488/sub-anm00260488_ses-20170627T093707_ecephys+ogen.nwb	sub-anm00260488/sub-anm00260488_ses-20170627T093710_ecephys+ogen.nwb	sub-anm00260490/sub-anm00260490_ses-20170627T093714_ecephys+ogen.nwb	sub-anm00260490/sub-anm00260490_ses-20170627T093716_ecephys+ogen.nwb	sub-anm00260490/sub-anm00260490_ses-20170627T093718_ecephys+ogen.nwb	sub-anm00260490/sub-anm00260490_ses-20170627T093723_ecephys+ogen.nwb	sub-anm00260490/sub-anm00260490_ses-20170627T093725_ecephys+ogen.nwb	sub-anm00260490/sub-anm00260490_ses-20170627T093727_ecephys+ogen.nwb	sub-anm00260490/sub-anm00260490_ses-20170627T093729_ecephys+ogen.nwb	sub-anm00260491/sub-anm00260491_ses-20170627T093731_ecephys+ogen.nwb	sub-anm00260491/sub-anm00260491_ses-20170627T093734_ecephys+ogen.nwb	sub-anm00260491/sub-anm00260491_ses-20170627T093744_ecephys+ogen.nwb	sub-anm00261334/sub-anm00261334_ses-20170627T093747_ecephys+ogen.nwb	sub-anm00261334/sub-anm00261334_ses-20170627T093751_ecephys+ogen.nwb	sub-anm00261334/sub-anm00261334_ses-20170627T093755_ecephys+ogen.nwb	sub-anm00261334/sub-anm00261334_ses-20170627T093757_ecephys+ogen.nwb	sub-anm00261334/sub-anm00261334_ses-20170627T093801_ecephys+ogen.nwb	sub-anm00261335/sub-anm00261335_ses-20170627T093811_ecephys+ogen.nwb	sub-anm00261335/sub-anm00261335_ses-20170627T093819_ecephys+ogen.nwb	sub-anm00261335/sub-anm00261335_ses-20170627T093823_ecephys+ogen.nwb	sub-anm00261335/sub-anm00261335_ses-20170627T093829_ecephys+ogen.nwb	sub-anm00261335/sub-anm00261335_ses-20170627T093839_ecephys+ogen.nwb	sub-anm00261335/sub-anm00261335_ses-20170627T093841_ecephys+ogen.nwb	sub-anm00261335/sub-anm00261335_ses-20170627T093844_ecephys+ogen.nwb	sub-anm00261335/sub-anm00261335_ses-20170627T093854_ecephys+ogen.nwb	sub-anm00261335/sub-anm00261335_ses-20170627T093858_ecephys+ogen.nwb	sub-anm00261336/sub-anm00261336_ses-20170627T093903_ecephys+ogen.nwb	sub-anm00261336/sub-anm00261336_ses-20170627T093909_ecephys+ogen.nwb	sub-anm00261336/sub-anm00261336_ses-20170627T093926_ecephys+ogen.nwb	sub-anm00261336/sub-anm00261336_ses-20170627T093934_ecephys+ogen.nwb	sub-anm00261336/sub-anm00261336_ses-20170627T093938_ecephys+ogen.nwb	sub-anm00261336/sub-anm00261336_ses-20170627T093946_ecephys+ogen.nwb	sub-anm00264941/sub-anm00264941_ses-20170627T093958_ecephys+ogen.nwb	sub-anm00264942/sub-anm00264942_ses-20170627T094001_ecephys+ogen.nwb	sub-anm00264942/sub-anm00264942_ses-20170627T094004_ecephys+ogen.nwb	sub-anm00264942/sub-anm00264942_ses-20170627T094005_ecephys+ogen.nwb	sub-anm00264942/sub-anm00264942_ses-20170627T094007_ecephys+ogen.nwb	sub-anm00264942/sub-anm00264942_ses-20170627T094011_ecephys+ogen.nwb	sub-anm00264942/sub-anm00264942_ses-20170627T094013_ecephys+ogen.nwb	sub-anm00264943/sub-anm00264943_ses-20170627T094016_ecephys+ogen.nwb	sub-anm00264943/sub-anm00264943_ses-20170627T094019_ecephys+ogen.nwb	sub-anm00264943/sub-anm00264943_ses-20170627T094028_ecephys+ogen.nwb	sub-anm00264943/sub-anm00264943_ses-20170627T094033_ecephys+ogen.nwb	sub-anm00264943/sub-anm00264943_ses-20170627T094037_ecephys+ogen.nwb	sub-anm00264943/sub-anm00264943_ses-20170627T094041_ecephys+ogen.nwb	sub-anm00264943/sub-anm00264943_ses-20170627T094049_ecephys+ogen.nwb	sub-anm00264943/sub-anm00264943_ses-20170627T094051_ecephys+ogen.nwb	sub-anm00264943/sub-anm00264943_ses-20170627T094054_ecephys+ogen.nwb	sub-anm00264943/sub-anm00264943_ses-20170627T094056_ecephys+ogen.nwb	sub-anm00264943/sub-anm00264943_ses-20170627T094100_ecephys+ogen.nwb	sub-anm00264944/sub-anm00264944_ses-20170627T094102_ecephys+ogen.nwb	sub-anm00264944/sub-anm00264944_ses-20170627T094106_ecephys+ogen.nwb	sub-anm00264944/sub-anm00264944_ses-20170627T094108_ecephys+ogen.nwb	sub-anm00264944/sub-anm00264944_ses-20170627T094111_ecephys+ogen.nwb	sub-anm00264944/sub-anm00264944_ses-20170627T094119_ecephys+ogen.nwb	sub-anm00267975/sub-anm00267975_ses-20170627T094121_ecephys+ogen.nwb	sub-anm00267975/sub-anm00267975_ses-20170627T094123_ecephys+ogen.nwb	sub-anm00267975/sub-anm00267975_ses-20170627T094125_ecephys+ogen.nwb	sub-anm00267975/sub-anm00267975_ses-20170627T094128_ecephys+ogen.nwb	sub-anm00267975/sub-anm00267975_ses-20170627T094130_ecephys+ogen.nwb	sub-anm00267975/sub-anm00267975_ses-20170627T094132_ecephys+ogen.nwb	sub-anm00279338/sub-anm00279338_ses-20170627T094133_ecephys+ogen.nwb	sub-anm00279338/sub-anm00279338_ses-20170627T094137_ecephys+ogen.nwb	sub-anm00279338/sub-anm00279338_ses-20170627T094139_ecephys+ogen.nwb	sub-anm00279338/sub-anm00279338_ses-20170627T094145_ecephys+ogen.nwb	sub-anm00313106/sub-anm00313106_ses-20170627T094148_ecephys+ogen.nwb	sub-anm00313106/sub-anm00313106_ses-20170627T094151_ecephys+ogen.nwb	sub-anm00313106/sub-anm00313106_ses-20170627T094153_ecephys+ogen.nwb	sub-anm00313106/sub-anm00313106_ses-20170627T094159_ecephys+ogen.nwb	sub-anm00313106/sub-anm00313106_ses-20170627T094204_ecephys+ogen.nwb	sub-anm00313111/sub-anm00313111_ses-20170627T094206_ecephys+ogen.nwb	sub-anm00313111/sub-anm00313111_ses-20170627T094208_ecephys+ogen.nwb	sub-anm00313111/sub-anm00313111_ses-20170627T094213_ecephys+ogen.nwb	sub-anm00313111/sub-anm00313111_ses-20170627T094216_ecephys+ogen.nwb	sub-anm00313111/sub-anm00313111_ses-20170627T094219_ecephys+ogen.nwb	sub-anm00313111/sub-anm00313111_ses-20170627T094224_ecephys+ogen.nwb	sub-anm00322805/sub-anm00322805_ses-20170627T094226_ecephys+ogen.nwb	sub-anm00322805/sub-anm00322805_ses-20170627T094229_ecephys+ogen.nwb	sub-anm00322805/sub-anm00322805_ses-20170627T094232_ecephys+ogen.nwb	sub-anm00322805/sub-anm00322805_ses-20170627T094238_ecephys+ogen.nwb	sub-anm00322805/sub-anm00322805_ses-20170627T094241_ecephys+ogen.nwb	sub-anm00322807/sub-anm00322807_ses-20170627T094245_ecephys+ogen.nwb	sub-anm00322807/sub-anm00322807_ses-20170627T094249_ecephys+ogen.nwb	sub-anm00322807/sub-anm00322807_ses-20170627T094251_ecephys+ogen.nwb	sub-anm00322807/sub-anm00322807_ses-20170627T094255_ecephys+ogen.nwb	sub-anm00322807/sub-anm00322807_ses-20170627T094257_ecephys+ogen.nwb	sub-anm00322807/sub-anm00322807_ses-20170627T094303_ecephys+ogen.nwb	sub-anm00322807/sub-anm00322807_ses-20170627T094307_ecephys+ogen.nwb	sub-anm00322807/sub-anm00322807_ses-20170627T094308_ecephys+ogen.nwb	sub-anm00323634/sub-anm00323634_ses-20170627T094311_ecephys+ogen.nwb	sub-anm00323634/sub-anm00323634_ses-20170627T094314_ecephys+ogen.nwb	sub-anm00323634/sub-anm00323634_ses-20170627T094316_ecephys+ogen.nwb	sub-anm00323634/sub-anm00323634_ses-20170627T094318_ecephys+ogen.nwb	sub-anm00323634/sub-anm00323634_ses-20170627T094322_ecephys+ogen.nwb	sub-anm300476/sub-anm300476_ses-20170520T182859_behavior+icephys+ogen.nwb	sub-anm300476/sub-anm300476_ses-20170520T183518_behavior+icephys+ogen.nwb	sub-anm300476/sub-anm300476_ses-20170520T184255_behavior+icephys+ogen.nwb	sub-anm300476/sub-anm300476_ses-20170520T184357_behavior+icephys+ogen.nwb	sub-anm300476/sub-anm300476_ses-20170520T184445_behavior+icephys+ogen.nwb	sub-anm300476/sub-anm300476_ses-20170520T184727_behavior+icephys+ogen.nwb	sub-anm322808/sub-anm322808_ses-20170520T192529_behavior+icephys+ogen.nwb	sub-anm322808/sub-anm322808_ses-20170520T192714_behavior+icephys+ogen.nwb	sub-anm322808/sub-anm322808_ses-20170520T192910_behavior+icephys+ogen.nwb	sub-anm322808/sub-anm322808_ses-20170520T193012_behavior+icephys+ogen.nwb	sub-anm322808/sub-anm322808_ses-20170520T193115_behavior+icephys+ogen.nwb	sub-anm322808/sub-anm322808_ses-20170520T193233_behavior+icephys+ogen.nwb	sub-anm323951/sub-anm323951_ses-20170520T185157_behavior+icephys+ogen.nwb	sub-anm323951/sub-anm323951_ses-20170520T185302_behavior+icephys+ogen.nwb	sub-anm323951/sub-anm323951_ses-20170520T185417_behavior+icephys+ogen.nwb	sub-anm323951/sub-anm323951_ses-20170520T190909_behavior+icephys+ogen.nwb	sub-anm323951/sub-anm323951_ses-20170520T191036_behavior+icephys+ogen.nwb	sub-anm323952/sub-anm323952_ses-20170520T184934_behavior+icephys+ogen.nwb	sub-anm323952/sub-anm323952_ses-20170520T190713_behavior+icephys+ogen.nwb	sub-anm323952/sub-anm323952_ses-20170520T190810_behavior+icephys+ogen.nwb	sub-anm323953/sub-anm323953_ses-20170520T184837_behavior+icephys+ogen.nwb	sub-anm323953/sub-anm323953_ses-20170520T185647_behavior+icephys+ogen.nwb	sub-anm323953/sub-anm323953_ses-20170520T190049_behavior+icephys+ogen.nwb	sub-anm323953/sub-anm323953_ses-20170520T190247_behavior+icephys+ogen.nwb	sub-anm323953/sub-anm323953_ses-20170520T190350_behavior+icephys+ogen.nwb	sub-anm323953/sub-anm323953_ses-20170520T190618_behavior+icephys+ogen.nwb	sub-anm324791/sub-anm324791_ses-20170520T191239_behavior+icephys+ogen.nwb	sub-anm324791/sub-anm324791_ses-20170520T191415_behavior+icephys+ogen.nwb	sub-anm324791/sub-anm324791_ses-20170520T191500_behavior+icephys+ogen.nwb	sub-anm324791/sub-anm324791_ses-20170520T191805_behavior+icephys+ogen.nwb	sub-anm324791/sub-anm324791_ses-20170520T192113_behavior+icephys+ogen.nwb	sub-anm324791/sub-anm324791_ses-20170520T192447_behavior+icephys+ogen.nwb	sub-anm324792/sub-anm324792_ses-20170520T193436_behavior+icephys+ogen.nwb	sub-anm324792/sub-anm324792_ses-20170520T193555_behavior+icephys+ogen.nwb	sub-anm324792/sub-anm324792_ses-20170520T193731_behavior+icephys+ogen.nwb	sub-anm324792/sub-anm324792_ses-20170520T193909_behavior+icephys+ogen.nwb
2021-04-19	1488064	1881528	1300312	2083448	2878172	1171364	1917080	2301924	1326896	1498628	1848912	1835432	1491648	981336	899292	449204	713576	530076	587240	730472	2708556	1188704	2061512	580892	1860520	1132196	1582140	623372	1468000	1364816	1449156	822220	2960256	1033860	1445252	4990080	665460	1225792	1952988	846408	504116	2081292	1832264	1602860	2306968	714776	599832	348280	881376	1021392	771792	1558588	1330028	1143360	1428092	3397716	3782008	788552	4331244	1418752	5371368	0	4922068	4199816	2238888	1152444	988384	3124320	708296	4336460	8388608	7359732	3578616	6561584	0	569408	1010392	492084	478012	2037500	438196	1201968	0	2618792	2540816	1885592	0	1695012	861964	0	1526288	1456844	0	1865376	0	564544	1186272	0	728372	751436	0	578312	809320	650616	0	1407512	992552	0	1384568	1043484	1250844	0	862212	943432	0	1101920	1492608	1985708	0	800596	1187444	0	1016932	0	1198708	1015244	1497172	0	0	1579772	714608	0	586644	459732	585012	1065336	0	360710144	553648128	107161376	92707712	293601280	158755056	200540504	243269632	150994944	144354928	171392360	234881024	135056224	92274688	267810016	142606336	225098328	201326592	132326376	92274688	126085792	360710144	230789888	83886080	117440512	103526168	209715200	92274688	260046848	243269632	371269520	79499872	117440512	192937984	109051904	75497472
2021-05-03	0	0	1300312	2083448	2878172	0	0	0	1326896	0	0	0	0	0	0	0	0	0	0	0	0	0	0	0	0	0	0	0	0	0	0	0	0	0	0	2495040	665460	0	0	0	0	0	1832264	0	0	0	0	0	0	0	0	0	0	0	0	0	0	0	0	0	0	3184920	0	0	0	0	0	0	0	0	0	0	0	0	0	0	0	0	0	0	0	0	0	0	2540816	0	0	0	0	595004	0	0	773432	0	0	0	0	0	0	0	0	0	0	0	0	1407512	0	0	0	1043484	0	0	0	0	0	0	0	0	0	0	0	0	0	0	0	0	0	0	0	0	0	0	0	0	0	0	0	0	0	0	0	0	0	0	0	0	0	0	0	0	0	0	0	7730937	0	0	0	0	0	6968220	0	0	0	0	0	0	0	18648284	0	0	0	0	7465481
2021-05-10	0	0	0	0	0	0	1917080	2301924	0	0	1848912	1835432	0	981336	899292	0	0	0	587240	0	0	0	0	0	0	0	0	0	0	0	0	0	0	0	0	0	0	0	0	0	0	0	0	0	0	0	0	0	0	0	0	0	0	0	0	0	0	0	0	0	0	0	0	0	0	0	0	0	0	0	0	0	0	0	0	0	0	0	0	0	0	0	0	0	0	0	0	0	0	0	0	0	0	0	0	0	0	0	0	0	0	0	0	0	0	0	0	0	0	0	0	0	0	0	0	0	0	0	0	0	0	0	0	0	0	0	0	0	0	0	0	0	0	0	0	0	0	0	0	0	0	0	0	0	0	0	0	0	0	0	0	0	0	0	0	0	0	0	0	0	0	0	0	0	0	0	0	0	0	0	0	0	0
2021-06-07	5952256	0	0	0	0	0	0	0	0	0	0	0	0	0	0	0	0	0	0	0	0	0	0	0	0	0	0	0	0	0	0	0	0	0	0	0	0	0	0	0	0	0	0	0	0	0	0	0	0	0	0	0	0	0	0	0	0	0	0	0	0	0	0	0	0	0	0	0	0	0	0	0	0	0	0	0	0	0	0	0	0	0	0	0	0	0	0	0	0	0	0	0	0	0	0	0	0	0	0	0	0	0	0	0	0	0	0	0	0	0	0	0	0	0	0	0	0	0	0	0	0	0	0	0	0	0	0	0	0	0	0	0	0	0	0	0	0	0	0	0	0	0	0	0	0	0	0	0	0	0	0	0	0	0	0	0	0	0	0	0	0	0	0	0	0	0	0	0	0	0	0	0	0
2021-10-11	1488064	0	0	0	0	0	0	0	0	0	0	0	0	0	0	0	0	0	0	0	0	0	0	0	0	0	0	0	0	0	0	0	0	0	0	0	0	0	0	0	0	0	0	0	0	0	0	0	0	0	0	0	0	0	0	0	0	0	0	0	0	0	0	0	0	0	0	0	0	0	0	0	0	0	0	0	0	0	0	0	0	0	0	0	0	0	0	0	0	0	0	0	0	0	0	0	0	0	0	0	0	0	0	0	0	0	0	0	0	0	0	0	0	0	0	0	0	0	0	0	0	0	0	0	0	0	0	0	0	0	0	0	0	0	0	0	0	0	0	0	0	0	0	0	0	0	0	0	0	0	0	0	0	0	0	0	0	0	0	0	0	0	0	0	0	0	0	0	0	0	0	0	0
2021-11-08	7440320	9407640	6501560	10417240	11512688	2342728	9585400	6905772	5307584	7493140	9244560	1835432	1491648	981336	1798584	1347612	2140728	1590228	1761720	2921888	10834224	5943520	10307560	1161784	5581560	3396588	4746420	3116860	5872000	8188896	2898312	2466660	8880768	5169300	2890504	12475200	1996380	3064480	7811952	4232040	1512348	8325168	5496792	4808580	13841808	714776	1799496	1741400	3525504	4085568	3087168	3117176	5320112	1143360	5712368	12383160	5673012	788552	8662488	4256256	10742736	3184920	19688272	20999080	6716664	5762220	3953536	14687292	3541480	26018760	45033100	21123121	14314464	37254308	11961376	2847040	1010392	492084	1434036	12225000	2629176	4807872	4634736	5237584	9812460	5656776	5618892	3390024	1723928	2975020	6105152	5827376	1546864	9326880	3530160	2258176	4745088	1882008	2913488	751436	1943816	2891560	809320	3253080	2738520	2815024	3970208	2446552	6922840	3130452	3752532	3357552	2586636	1886864	4356260	5509600	7463040	7942832	3957040	4002980	2374888	4719600	6101592	0	2397416	3045732	3127072	2436032	7250420	12638176	714608	5774620	2346576	1379196	2340048	2130672	2905680	42073838	54483961	37262917	11580049	43002934	82985837	78074018	61120306	48476612	53156626	47051138	48842966	34873813	54284814	9522765	76150345	55479366	0	36068365	25051941	67557614	36631990	53222990	34242886	89457734	41476562	35039254	35105618	47913870	35502919	132728	88726792	52560288	68718515	46022965	75587658
2021-11-15	1488064	1881528	1300312	2083448	0	0	3834160	0	0	2997256	1848912	3670864	1491648	0	899292	898408	0	0	587240	730472	2708556	0	2061512	580892	3721040	2264392	3164280	0	0	0	0	822220	1480128	1033860	1445252	2495040	665460	612896	1952988	846408	504116	0	1832264	3205720	2306968	714776	599832	696560	881376	2042784	0	3117176	2660056	1143360	1428092	3397716	3782008	1577104	0	1418752	5371368	6369840	9844136	4199816	4477776	1152444	988384	6248640	708296	8672920	9006620	14719464	0	13123168	5980688	0	1010392	492084	478012	4075000	876392	1201968	0	2618792	2540816	0	0	3390024	2585892	595004	3052576	0	773432	1865376	706032	564544	1186272	0	0	751436	0	1156624	809320	650616	1825680	703756	1985104	1223276	1384568	0	1250844	839388	0	0	0	1101920	1492608	3971416	989260	800596	1187444	943920	0	570932	1198708	0	1497172	609008	1450084	3159544	1429216	1154924	0	459732	0	0	0	23923753	12144612	21401921	12376417	12376417	11613700	20639204	22397381	17287353	12575509	22065561	26611964	12177325	22961944	10982773	24454665	11348244	0	0	0	15197356	12210976	11513685	23890102	29066494	13736410	17188276	29166509	10020964	29398314	34873813	11646413	11911869	0	23857389	12310053
2022-02-07	1488064	1881528	1300312	2083448	0	1171364	1917080	2301924	1326896	1498628	1848912	1835432	1491648	981336	899292	449204	713576	530076	0	730472	2708556	0	2061512	580892	1860520	0	1582140	623372	0	1364816	1449156	0	1480128	1033860	1445252	2495040	665460	612896	1952988	846408	0	2081292	1832264	1602860	2306968	0	599832	348280	881376	0	771792	1558588	1330028	1143360	0	3397716	1891004	788552	4331244	1418752	5371368	3184920	0	4199816	2238888	1152444	988384	0	0	0	0	0	0	0	0	0	0	0	0	0	0	0	0	0	0	0	0	0	0	0	0	0	0	0	0	0	0	0	0	0	0	0	0	0	0	0	0	0	0	0	0	0	0	0	0	0	0	0	0	0	0	0	0	0	0	0	0	0	0	0	0	0	0	0	0	0	0	0	0	0	0	0	0	0	0	0	0	0	0	0	0	0	0	0	0	0	0	0	0	0	0	0	0	0	0	0	0	0	0	0	0	0	0
2022-02-14	11301712	0	0	0	0	0	0	0	0	0	0	0	0	0	0	0	0	0	0	0	0	0	0	0	0	0	0	0	0	0	0	0	0	0	0	0	0	0	0	0	0	0	0	0	0	0	0	0	0	0	0	0	0	0	0	0	0	0	0	0	0	0	0	0	0	0	0	0	0	0	0	0	0	0	0	0	0	0	0	0	0	0	0	0	0	0	0	0	0	0	0	0	0	0	0	0	0	0	0	0	0	0	0	0	0	0	0	0	0	0	0	0	0	0	0	0	0	0	0	0	0	0	0	0	0	0	0	0	0	0	0	0	0	0	0	0	0	0	0	0	0	0	0	0	0	0	0	0	0	0	0	0	0	0	0	0	0	0	0	0	0	0	0	0	0	0	0	0	0	0	0	0	0
2022-03-21	1488064	0	0	0	0	0	0	0	0	0	0	0	0	0	0	0	0	0	0	0	0	0	0	0	0	0	0	0	0	0	0	0	0	0	0	0	0	0	0	0	0	0	0	0	0	0	0	0	0	0	0	0	0	0	0	0	0	0	0	0	0	0	0	0	0	0	0	0	0	0	0	0	0	0	0	0	0	0	0	0	0	0	0	0	0	0	0	0	0	0	0	0	0	0	0	0	0	0	0	0	0	0	0	0	0	0	0	0	0	0	0	0	0	0	0	0	0	0	0	0	0	0	0	0	0	0	0	0	0	0	0	0	0	0	0	0	0	0	0	0	0	0	0	0	0	0	0	0	0	0	0	0	0	0	0	0	0	0	0	0	0	0	0	0	0	0	0	0	0	0	0	0	0
2022-04-11	1582984	2022712	565040	2096920	413072	205516	1804456	2299056	1504152	99568	3498712	1787024	206856	322324	147420	41784	400000	707488	649168	252016	2724672	2071272	353136	446440	176568	1033604	1629700	709112	1607008	190632	2622168	84104	1577648	164856	248056	0	42000	694368	2008128	666256	848904	332456	1776696	3068232	2500360	808256	669112	410392	891320	1172560	1339336	272304	1324112	423576	2766888	3197488	2041968	787144	4383312	231104	10631944	283240	9821992	192792	126208	1157688	1185824	3089112	1268632	8683320	332832	7624512	240192	6768808	126208	288176	1192144	830256	845336	3842848	433016	95080	349224	5389344	2472496	2099472	286672	3314960	220328	277832	1545088	1652776	235920	183672	242400	911512	1207736	605776	590008	1418920	1813616	713904	907368	1355296	235552	136064	1245376	1417552	1383920	230472	1354848	1088456	1040184	1179320	1679512	225776	2759416	99528	470888	695120	251824	1277576	1156448	766672	1279168	1169824	1434376	614856	1689656	3096832	182536	1312928	556640	556640	658536	145944	350840	324704	378072	225096	306800	210272	297800	328736	204968	247144	196248	273504	320264	328968	82144	155856	250112	173376	422952	328368	297048	193824	485840	333232	196600	228496	193768	316672	331896	331664	266688	243272	428312	384192	304304	300896	421640
2022-04-25	238048	0	0	0	0	0	0	0	0	0	0	0	0	0	0	0	0	0	0	0	0	0	0	0	0	0	0	0	0	0	0	0	0	0	0	0	0	0	0	0	0	0	0	0	0	0	0	0	0	0	0	0	0	0	0	0	0	0	0	0	0	0	0	0	0	0	0	0	0	0	0	0	0	0	0	0	0	0	0	0	0	0	0	0	0	0	0	0	0	0	0	0	0	0	0	0	0	0	0	0	0	0	0	0	0	0	0	0	0	0	0	0	0	0	0	0	0	0	0	0	0	0	0	0	0	0	0	0	0	0	0	0	0	0	0	0	0	0	0	0	0	0	0	0	0	0	0	0	0	0	0	0	0	0	0	0	0	0	0	0	0	0	0	0	0	0	0	0	0	0	0	0	0
2022-05-09	0	0	0	0	0	0	0	0	0	0	0	0	0	0	0	0	0	0	587240	0	0	0	0	0	0	0	0	0	0	0	0	0	0	0	0	0	0	0	0	0	0	0	0	0	0	0	0	0	0	0	0	0	0	0	0	0	0	0	0	0	0	0	0	0	0	0	0	0	0	0	0	0	0	0	0	0	0	0	0	0	0	0	0	0	0	0	0	0	0	0	0	0	0	0	0	0	0	0	0	0	0	0	0	0	0	0	0	0	0	0	0	0	0	0	0	0	0	0	0	0	0	0	0	0	0	0	0	0	0	0	0	0	0	0	0	0	0	0	0	0	0	0	0	0	0	0	0	0	0	0	0	0	0	0	0	0	0	0	0	0	0	0	0	0	0	0	0	0	0	0	0	0	0
2022-06-13	4464192	3763056	1300312	2083448	2878172	1171364	1917080	2301924	2653792	2997256	3697824	3670864	2983296	1962672	1798584	898408	1427152	1060152	1174480	1460944	2708556	2377408	4123024	1161784	3721040	2264392	3164280	1246744	2936000	2729632	2898312	1644440	2960256	2067720	2890504	4990080	1330920	1225792	3905976	846408	1008232	4162584	3664528	3205720	4613936	1429552	599832	696560	1762752	2042784	1543584	3117176	2660056	2286720	2856184	3397716	3782008	1577104	8662488	2837504	10742736	6369840	9844136	8399632	2238888	1152444	2965152	3124320	1416592	8672920	18013240	14719464	3578616	13123168	11961376	569408	2020784	984168	478012	2037500	0	1201968	1158684	0	7622448	1885592	3745928	3390024	1723928	1190008	1526288	2913688	1546864	1865376	706032	0	1186272	0	728372	751436	971908	0	809320	650616	0	703756	1985104	2446552	2769136	1043484	1250844	1678776	1724424	1886864	1742504	2203840	2985216	3971416	1978520	800596	1187444	2831760	2033864	570932	2397416	2030488	2994344	0	2900168	0	714608	1154924	586644	459732	1170024	1065336	1937120	631978008	2780881296	432426560	168205184	0	518836704	786956976	1249347672	243947736	245018224	866498616	1210743276	0	257306352	435582176	863518152	401259096	1366126608	648637368	680319768	419943744	1194596128	1069857024	655842552	939039088	562236744	348223012	278817360	500981992	535451272	606177288	146608736	289941784	344953344	343441368	0
2022-06-27	0	0	0	0	0	0	0	0	1326896	0	0	0	0	0	0	0	0	0	0	0	0	0	0	0	0	0	0	0	0	0	0	0	0	0	0	0	0	0	0	0	0	0	0	0	0	0	0	0	0	0	0	0	0	0	0	0	0	0	0	0	0	0	0	0	0	0	0	0	0	0	0	0	0	0	0	0	0	0	0	0	0	0	0	0	0	0	0	0	0	0	0	0	0	0	0	0	0	0	0	0	0	0	0	0	0	0	0	0	0	0	0	0	0	0	0	0	0	0	0	0	0	0	0	0	0	0	0	609008	0	0	0	0	0	0	0	0	0	0	0	0	0	0	0	0	0	0	0	0	0	0	0	0	0	0	0	0	0	0	0	0	0	0	0	0	0	0	0	0	0	0	0	0	0
2022-07-04	1440616	0	0	84656	0	0	0	0	0	0	0	0	0	0	0	0	0	0	0	0	0	0	0	0	0	0	0	0	0	0	0	0	0	0	0	0	0	0	0	0	0	0	0	0	0	0	0	0	0	0	0	0	0	0	0	0	0	0	0	0	0	0	0	0	0	0	0	0	0	0	0	0	0	0	0	0	0	0	0	0	0	0	0	0	0	0	0	0	0	0	0	0	0	0	0	0	0	0	0	0	0	0	0	0	0	0	0	0	0	0	0	0	0	0	0	0	0	0	0	0	0	0	0	0	0	0	0	0	0	0	0	0	0	0	0	0	0	0	0	0	0	0	0	0	0	0	0	0	0	0	0	0	0	0	0	0	0	0	0	0	0	0	0	0	0	0	0	0	0	0	0	0	0
2022-07-11	1488064	1881528	0	0	2878172	0	0	2301924	0	1498628	0	0	1491648	981336	899292	449204	0	530076	587240	730472	0	1188704	2061512	0	1860520	0	1582140	623372	0	0	0	0	0	1033860	0	0	665460	0	1952988	846408	504116	0	0	1602860	0	0	0	0	881376	0	771792	1558588	0	1143360	1428092	3397716	1891004	0	0	1418752	5371368	3184920	4922068	4199816	0	1152444	0	3124320	0	4336460	0	0	3578616	6561584	0	0	1010392	0	478012	0	438196	0	0	2618792	0	0	0	0	861964	0	1526288	2913688	773432	0	706032	564544	0	627336	728372	0	971908	578312	809320	650616	912840	0	992552	1223276	1384568	1043484	0	0	0	943432	0	1101920	1492608	1985708	0	800596	0	943920	1016932	0	1198708	0	1497172	0	1450084	1579772	714608	1154924	586644	459732	0	1065336	0	374014196	419430400	90384160	83886080	207596264	182438108	104857600	146800640	133680009	100012036	282527300	208531840	202310196	146905897	287453264	163125688	224381148	407525108	121547181	104857600	99746580	262540448	83989248	62914560	196889784	159469586	167772160	72179468	186409192	199906952	348213476	62722656	185084184	219124224	288887184	138295308
2022-07-25	0	0	0	0	0	0	0	0	1326896	0	0	0	0	0	0	0	0	0	0	0	0	0	0	0	0	0	0	0	0	0	0	0	0	0	0	0	0	0	0	0	0	0	0	0	0	0	0	348280	0	0	0	0	0	0	0	0	0	0	0	0	0	0	0	0	0	0	0	0	0	0	0	0	0	0	0	0	0	0	0	0	438196	0	0	0	0	0	0	0	0	0	0	0	0	0	0	0	0	0	0	0	0	0	0	0	0	0	0	0	0	0	0	0	0	0	0	0	0	0	0	0	0	0	0	0	0	0	0	0	0	0	0	0	0	0	0	0	0	0	0	0	0	0	0	0	0	0	0	0	0	0	0	0	0	0	0	0	0	0	0	0	0	0	0	0	0	0	0	0	0	0	0	0	0
2022-08-01	0	0	0	0	0	1171364	1917080	0	0	0	0	0	0	0	0	0	0	530076	0	0	2708556	0	0	0	0	1132196	0	623372	0	0	0	0	0	0	0	0	0	0	0	846408	0	0	0	0	0	0	0	5920760	0	0	0	0	0	1143360	0	0	1891004	0	0	0	5371368	0	0	0	0	0	0	0	0	0	9006620	0	0	0	0	0	0	0	0	0	5258352	0	1158684	0	0	0	0	0	0	0	0	1456844	0	0	0	564544	1186272	0	0	0	0	0	0	0	0	0	0	0	0	0	0	0	0	0	0	0	0	0	0	0	1187444	0	0	0	0	1015244	0	0	1450084	0	0	1154924	0	0	0	0	0	0	570425344	0	67108864	0	0	0	0	0	0	0	0	117440512	0	243269632	0	0	0	0	0	0	0	0	0	0	114028312	255948324	0	282878184	0	310378496	0	142606336	0	0	0
2022-08-08	0	0	1300312	0	0	0	0	0	0	0	0	0	2983296	0	899292	449204	713576	0	0	0	0	0	0	580892	0	0	0	0	0	0	1449156	0	0	0	0	0	665460	0	0	0	0	2081292	0	0	0	0	0	7662160	0	0	771792	0	0	0	1428092	3397716	0	0	0	1418752	0	3184920	4922068	0	2238888	1152444	0	0	0	0	0	0	0	6561584	0	569408	1010392	492084	0	0	7011136	0	0	2618792	2540816	0	0	0	0	0	1526288	0	773432	0	0	0	0	0	728372	0	971908	578312	0	650616	0	703756	0	0	0	1043484	0	0	862212	0	0	1101920	1492608	0	989260	800596	0	0	0	0	0	0	0	0	0	0	714608	0	586644	459732	0	1065336	0	631978008	0	216213280	0	0	0	0	416449224	243947736	245018224	0	0	0	0	0	287839384	401259096	455375536	216212456	0	209971872	0	0	0	469519544	0	0	0	0	535451272	0	146608736	0	0	343441368	0
2022-08-15	0	0	0	0	0	0	0	0	0	0	0	0	0	0	0	0	0	0	0	0	0	0	0	0	0	0	0	0	0	0	0	0	0	0	0	0	0	0	0	0	0	0	0	0	0	0	0	4527640	0	0	0	0	0	0	0	0	0	0	0	0	0	0	0	0	0	0	0	0	0	0	0	0	0	0	0	0	0	0	0	0	5258352	0	0	0	0	0	0	0	0	0	0	0	0	0	0	0	0	0	0	0	0	0	0	0	0	0	0	0	0	0	0	0	0	0	0	0	0	0	0	0	0	0	0	0	0	0	0	0	0	0	0	0	0	0	0	0	0	0	0	0	0	0	0	0	0	0	0	0	0	0	0	0	0	0	0	0	0	0	0	0	0	0	0	0	0	0	0	0	0	0	0	0	0
2022-08-22	0	0	1300312	0	5756344	1171364	0	0	17249648	2997256	0	9177160	0	981336	0	0	713576	530076	587240	0	2708556	0	0	580892	1860520	1132196	1582140	623372	1468000	1364816	1449156	0	1480128	0	0	2495040	0	612896	0	0	504116	2081292	0	0	0	0	599832	1044840	881376	0	771792	0	1330028	1143360	1428092	0	1891004	0	4331244	1418752	5371368	0	4922068	4199816	0	0	0	0	0	4336460	9006620	0	0	6561584	0	0	0	0	0	0	438196	0	1158684	0	2540816	1885592	0	0	861964	0	1526288	0	0	0	0	0	0	627336	728372	0	971908	578312	0	0	0	703756	0	0	1384568	0	1250844	839388	862212	0	0	1101920	0	1985708	0	0	1187444	0	0	570932	2397416	1015244	1497172	3654048	0	0	714608	1154924	0	0	585012	1065336	968560	631978008	0	0	168205184	0	0	0	416449224	243947736	245018224	288832872	0	0	0	0	0	401259096	455375536	0	226773256	209971872	1194596128	356619008	0	469519544	187412248	0	0	500981992	0	0	0	0	0	343441368	0
2022-08-29	0	0	0	0	0	0	0	0	0	0	0	0	0	0	0	1796816	0	0	0	0	0	4754816	0	0	0	0	0	0	0	0	0	0	0	4135440	15897772	0	0	0	0	0	0	0	0	0	0	0	0	2089680	0	0	0	0	0	0	0	0	0	0	0	0	0	0	0	0	0	0	0	0	0	0	0	7359732	0	0	5980688	0	0	0	0	0	2190980	0	0	2618792	0	0	0	0	0	595004	0	0	773432	0	0	0	0	0	0	0	0	0	0	0	0	0	0	0	0	0	0	0	0	0	0	0	2985216	0	0	0	0	0	0	0	0	0	0	0	0	0	0	0	0	0	0	0	0	0	0	0	0	0	259418352	0	0	0	0	0	0	0	0	0	0	0	0	0	0	0	0	0	0	0	0	0	0	0	0	0	0	0	0	0	228486960
2022-09-05	0	0	0	0	0	0	0	0	0	0	0	0	0	0	0	3593632	0	0	0	0	0	0	0	0	0	0	0	0	0	0	0	0	0	0	1445252	0	0	0	0	0	0	0	0	0	0	0	0	0	0	0	0	0	0	0	0	0	0	0	0	0	0	0	0	0	0	0	0	0	0	0	0	0	0	0	0	0	0	0	0	0	3067372	0	0	0	0	0	0	0	0	0	0	0	0	0	0	0	0	0	0	0	0	0	0	0	0	0	0	0	0	0	0	0	0	0	0	0	0	0	0	0	0	0	0	0	0	0	0	0	0	0	0	0	0	0	0	0	0	0	0	0	0	0	0	0	0	0	0	0	0	0	0	0	0	0	0	0	0	0	0	0	0	0	0	0	0	0	0	0	0	0	0	0	0
2022-10-03	0	0	0	2083448	2878172	0	0	0	0	0	0	0	1491648	981336	0	0	713576	0	0	0	2708556	0	0	0	1860520	0	0	0	0	0	0	822220	0	0	0	2495040	665460	0	0	0	0	2081292	0	0	0	0	599832	0	0	0	771792	0	1330028	1143360	0	3397716	0	0	0	1418752	0	0	4922068	4199816	0	0	0	3124320	708296	0	0	7359732	0	0	5980688	0	0	0	478012	2037500	0	0	0	0	2540816	0	0	0	861964	595004	1526288	0	0	0	706032	0	1186272	0	0	0	0	0	0	650616	912840	0	0	1223276	0	0	0	839388	0	943432	871252	0	0	0	989260	0	1187444	0	1016932	0	0	0	1497172	0	1450084	0	0	0	0	0	585012	0	0	631978008	0	0	0	0	0	0	0	243947736	245018224	0	403581092	227330912	0	871164352	0	0	0	216212456	0	209971872	0	0	218614184	469519544	187412248	348223012	139408680	0	535451272	606177288	0	0	344953344	0	0
2022-11-14	0	0	0	0	0	0	0	0	0	0	0	0	0	0	0	0	0	0	0	0	0	0	0	0	0	0	0	0	0	0	0	0	0	0	0	0	0	0	0	0	0	0	0	0	0	0	0	0	0	0	0	1558588	0	0	0	0	0	0	0	0	10742736	0	0	0	0	0	0	0	0	0	0	0	0	0	0	0	0	0	0	0	0	0	0	0	0	1885592	0	0	0	0	1526288	0	0	0	0	0	0	627336	728372	0	0	0	0	650616	0	0	992552	0	0	0	1250844	0	0	0	0	0	0	0	0	0	0	0	0	0	0	0	0	0	0	0	0	0	0	0	0	0	0	10485760	10485760	5242880	5242880	0	15694741	0	5242880	0	5242880	0	0	0	11089960	0	7531845	10020964	14541533	5242880	5242880	0	0	14964613	0	0	0	0	8792761	0	0	6337293	0	0	0	0	0
2022-11-21	0	0	0	0	0	0	0	0	0	0	0	0	0	0	0	0	0	0	0	0	0	1188704	0	0	0	0	0	0	0	0	0	0	0	0	0	0	0	0	0	0	0	0	0	0	0	0	0	0	0	0	0	0	0	0	0	0	0	0	0	0	0	0	0	0	0	0	0	0	0	0	0	0	0	0	0	569408	1010392	0	0	0	0	0	0	2618792	0	0	0	0	0	0	0	0	0	0	0	0	0	0	0	0	0	0	0	0	0	0	0	0	1384568	0	0	0	0	0	0	0	0	0	0	0	0	0	0	0	0	0	0	0	0	0	0	0	0	0	0	0	0	117129646	91379531	114076902	80365866	108568690	120014190	100372267	79634979	60222157	163781662	145398834	121308757	179443566	148186122	105980494	156613467	122903314	98512254	126785139	185615418	77709430	123962379	118357849	123864295	99942308	105050460	79536785	112449577	99011336	180339066	132359715	128775121	117595132	152066181	98082240	150906163
2022-11-28	1488064	0	1300312	2083448	0	0	0	0	0	0	1848912	1835432	0	981336	899292	449204	713576	0	0	0	2708556	0	2061512	580892	0	1132196	0	0	1468000	0	1449156	822220	1480128	0	1445252	0	665460	612896	1952988	846408	504116	2081292	1832264	0	2306968	714776	0	348280	881376	1021392	0	1558588	0	1143360	0	3397716	0	788552	0	0	0	3184920	4922068	0	0	1152444	988384	0	0	4336460	9006620	0	3578616	0	0	0	1010392	0	0	2037500	0	0	0	0	2540816	1885592	1872964	0	0	0	1526288	1456844	0	0	706032	564544	0	0	728372	751436	0	578312	809320	650616	912840	703756	992552	1223276	1384568	1043484	1250844	839388	862212	943432	871252	1101920	1492608	1985708	989260	800596	0	0	1016932	570932	0	0	1497172	0	0	1579772	714608	1154924	0	0	585012	0	968560	631978008	0	216213280	0	0	0	0	416449224	0	245018224	288832872	403581092	0	0	0	0	0	0	0	0	0	0	0	0	0	0	0	0	0	0	0	0	0	0	0	0
2022-12-05	0	0	0	0	0	0	0	0	0	0	0	0	0	0	0	0	0	0	0	0	0	0	0	0	0	0	0	0	0	0	0	0	0	0	0	0	0	0	0	0	0	0	0	0	0	0	0	0	0	0	0	0	0	0	0	0	0	0	0	0	0	0	0	0	0	0	0	0	0	0	0	0	0	0	0	0	0	0	0	0	0	0	0	0	0	0	0	0	0	0	0	0	0	0	0	0	0	0	0	0	0	0	0	0	0	0	0	0	0	0	0	0	0	0	0	0	0	0	0	0	0	0	0	0	0	0	0	0	0	0	0	0	0	0	0	0	0	0	0	0	0	0	0	0	0	0	0	0	0	0	257306352	0	287839384	401259096	455375536	216212456	226773256	209971872	597298064	0	218614184	469519544	187412248	348223012	139408680	500981992	0	606177288	146608736	289941784	344953344	343441368	228486960
2022-12-12	0	0	1300312	2083448	0	1171364	0	0	0	0	0	0	0	0	0	0	0	0	0	730472	0	0	0	0	0	0	1582140	623372	0	0	0	0	0	0	0	0	0	0	0	0	0	2081292	0	3205720	2306968	0	599832	0	881376	0	0	0	0	0	0	0	0	0	0	0	0	0	0	0	0	0	0	0	0	2190012	0	0	0	0	737808	0	1010392	0	0	0	0	0	0	0	0	0	0	0	0	0	0	1456844	0	0	0	0	1186272	0	0	0	0	0	0	0	912840	703756	0	0	0	0	0	0	0	0	0	0	0	0	0	0	0	0	0	0	0	0	0	0	0	0	0	0	0	0	0	0	0	317413439	231870298	258084078	294482387	176390877	336158151	95395905	434178607	291893308	244909362	276397673	233300297	321160605	380791004	313560630	298796875	125790617	221219290	181932685	302212331	266577677	299494221	274839581	276300417	260872194	175463602	324809797	140621564	191189111	202339146	123799697	197827332	195438228	256158529	217470138	239703016
2022-12-19	4464192	0	1300312	0	0	0	0	0	0	0	0	0	0	0	0	0	0	0	0	0	0	0	0	0	0	0	0	0	0	0	0	0	0	0	0	0	0	0	0	0	0	0	0	0	0	0	0	0	0	0	0	0	0	0	0	0	0	0	0	0	0	0	0	0	0	0	0	0	0	0	0	0	0	0	0	0	0	0	0	0	0	0	0	0	0	0	0	0	0	0	0	0	0	0	0	0	0	0	0	0	0	0	0	0	0	0	0	0	0	0	0	0	0	0	0	0	0	0	0	0	0	0	0	0	0	0	0	0	0	0	0	0	0	0	0	0	0	0	0	0	0	0	0	0	0	0	0	0	0	0	0	0	0	0	0	0	0	0	0	0	0	0	0	0	0	0	0	0	0	0	0	0	0
2023-01-02	0	0	0	0	0	0	0	0	0	4495884	0	0	0	0	0	0	0	0	21727880	730472	2708556	0	0	0	0	0	0	0	0	0	0	822220	0	1033860	0	0	0	0	0	0	0	0	0	0	0	0	0	0	0	0	0	0	0	0	0	0	0	0	0	0	0	0	0	0	0	0	0	0	0	4336460	0	0	3578616	0	5242880	0	0	0	0	0	0	0	0	0	0	0	0	0	0	0	0	0	0	0	0	0	0	0	0	0	0	0	0	0	0	0	0	0	0	0	0	0	0	0	0	0	0	0	0	0	0	0	0	0	0	0	0	609008	0	0	0	0	586644	0	0	0	0	234526624	168229981	145366176	302251555	194642798	243783933	193081892	302847010	194775526	192024276	258981399	145866196	172179108	120414250	180240927	193845492	146959850	137237938	154426214	217802013	210933808	212760170	288145977	299263299	324977004	14799172	114575101	128046993	178150875	224271096	171049982	256923122	114442373	129274313	230973032	175960863
2023-01-23	0	1881528	0	2083448	2878172	1171364	0	0	0	1498628	1848912	0	0	981336	0	898408	713576	530076	587240	730472	2708556	0	4123024	0	1860520	0	0	0	0	1364816	0	822220	0	1033860	0	0	1330920	1225792	0	0	0	0	0	1602860	4613936	0	599832	0	881376	0	771792	1558588	0	0	0	0	3782008	788552	4331244	0	0	6369840	4922068	0	0	1152444	988384	0	708296	0	18013240	0	3578616	6561584	0	0	0	0	478012	0	438196	1201968	1158684	2618792	0	1885592	1872964	1695012	0	0	0	1456844	773432	1865376	0	564544	1186272	0	728372	751436	971908	578312	0	650616	912840	703756	992552	1223276	1384568	0	0	0	862212	943432	0	1101920	1492608	0	989260	800596	1187444	943920	0	0	0	0	0	609008	0	1579772	0	0	586644	0	585012	0	968560	631978008	0	0	168205184	480226024	0	393478488	0	278025181	0	322678512	0	36068365	35239284	0	0	401259096	0	0	226773256	0	597298064	0	0	0	187412248	0	0	500981992	0	0	0	289941784	0	0	228486960
2023-01-30	0	0	0	0	0	0	0	0	0	0	0	0	1491648	0	0	0	0	0	0	0	0	0	0	0	0	0	0	0	0	0	0	0	0	0	0	0	0	0	0	0	0	0	0	0	0	0	0	0	0	0	0	1558588	0	0	0	0	0	0	0	0	0	0	0	0	0	0	0	2190012	0	0	0	0	0	0	0	569408	0	0	0	0	0	0	0	0	0	1885592	0	0	0	0	0	0	0	0	0	0	0	0	0	0	0	0	0	0	0	0	0	0	0	0	0	0	0	0	0	0	0	0	0	800596	0	0	0	570932	0	0	0	0	0	0	0	0	0	0	0	0	0	107042318	160928120	150908039	151074363	124460578	111322327	51362977	99609550	72799432	121508732	123964200	157344409	135776054	105183188	159801698	133720646	43433831	150807031	105217777	149314365	111122297	99907719	23823738	79600335	105051398	39651083	18647346	35769258	149711556	187902686	148551593	91413182	84145855	105482295	127347881	161658069
2023-02-06	1488064	1881528	1300312	2083448	2878172	1171364	1917080	2301924	0	0	0	0	0	0	0	0	0	0	0	0	0	0	0	0	0	0	0	0	0	0	0	0	0	0	0	0	0	0	0	0	0	0	0	0	0	0	0	0	0	0	0	0	0	0	0	0	0	0	4331244	1418752	5371368	3184920	4922068	4199816	2238888	1152444	988384	3124320	708296	4336460	9006620	7359732	3578616	6561584	5980688	569408	1010392	492084	478012	2037500	438196	1201968	1158684	2618792	2540816	1885592	1872964	1695012	861964	595004	1526288	1456844	773432	1865376	706032	564544	1186272	627336	728372	751436	971908	578312	809320	650616	912840	0	0	0	0	0	0	0	0	0	0	0	0	0	0	0	0	0	0	0	0	0	0	0	0	0	0	0	0	0	0	0	0	0	0	0	0	0	0	0	0	0	0	0	0	0	0	0	0	0	0	0	0	0	0	0	0	0	0	0	0	0	0	0	0	0	0	0	0
2023-02-13	0	0	0	0	0	0	0	0	1326896	0	0	0	0	0	0	0	0	0	0	0	0	0	0	0	0	0	0	0	0	0	0	0	0	0	0	0	0	0	0	0	0	0	0	0	0	0	599832	0	881376	0	0	0	0	0	0	0	0	0	0	0	0	0	0	0	0	0	0	0	0	0	0	0	0	0	0	0	0	0	0	0	0	0	0	0	0	0	0	0	0	0	0	0	0	0	0	0	0	0	0	0	0	0	0	0	0	0	0	0	0	0	0	0	0	0	0	0	0	0	0	0	0	0	0	0	0	0	0	0	0	0	0	0	0	0	0	0	0	0	0	0	0	0	0	0	0	0	0	0	0	0	0	0	0	0	0	0	0	0	0	0	0	0	0	0	0	0	0	0	0	0	0	0	0
2023-02-20	0	0	0	0	0	0	0	0	0	0	0	0	0	0	0	0	0	0	0	0	0	0	0	0	0	0	0	0	0	0	0	0	0	0	0	0	0	0	0	0	0	0	0	0	0	0	0	0	0	0	0	0	0	0	0	0	0	0	0	0	0	0	0	0	0	0	0	0	0	0	0	0	0	0	0	0	0	0	0	0	0	0	0	0	0	0	0	0	0	0	0	0	0	0	0	0	0	0	0	0	0	0	0	0	0	0	0	0	0	0	0	0	0	0	0	0	0	0	0	0	0	0	0	0	0	0	0	609008	0	0	0	0	0	0	0	0	0	0	0	0	0	0	0	0	0	0	0	0	0	0	0	201326592	0	0	0	0	0	0	0	0	0	0	0	0	0	0	0	0	0	0	0	0	0
2023-03-13	2976128	0	0	0	0	0	0	0	0	0	0	0	0	0	0	0	0	0	0	0	0	0	0	0	0	0	0	0	0	0	0	0	0	0	0	0	0	0	0	0	0	0	0	0	0	0	0	0	0	0	0	0	0	0	0	0	0	0	0	0	0	0	0	0	0	0	0	0	0	0	0	0	0	0	0	0	0	0	0	0	0	0	0	0	0	0	0	0	0	0	0	0	0	0	0	0	0	0	0	0	0	0	0	0	0	0	0	0	0	0	0	0	0	0	0	0	0	0	0	0	0	0	0	0	0	0	0	0	0	0	0	0	0	0	0	0	0	0	0	0	0	0	0	0	0	0	0	0	0	0	0	0	0	0	0	0	0	0	0	0	0	0	0	0	0	0	0	0	0	0	0	0	0
2023-03-27	0	0	0	0	0	0	0	0	0	0	1848912	0	0	0	0	0	0	0	0	0	2708556	0	0	0	0	0	0	0	0	0	0	0	0	0	0	0	0	0	0	0	0	0	0	0	0	0	0	0	0	0	0	0	0	0	0	0	0	0	0	0	0	0	0	0	0	0	0	0	0	0	0	0	0	0	0	0	0	0	0	0	0	0	0	0	0	0	0	0	0	0	0	0	0	0	0	0	0	0	0	0	0	0	0	0	0	0	0	0	0	0	0	0	0	0	0	0	0	0	0	0	0	0	0	0	0	0	0	0	0	0	0	0	0	0	0	0	0	0	0	0	0	0	0	0	0	0	0	0	0	0	0	0	0	0	0	0	0	0	0	0	0	0	0	0	0	0	0	0	0	0	0	0	0
2023-04-03	0	0	0	0	0	0	0	0	0	0	0	0	0	0	0	0	0	0	0	0	0	0	0	0	0	0	0	0	0	0	0	0	0	0	0	0	0	0	0	0	0	0	0	0	0	0	0	0	0	0	0	0	0	0	0	0	0	0	0	0	0	0	0	0	0	0	0	0	0	0	0	0	2190012	0	0	0	0	0	0	0	0	0	0	0	0	0	0	0	0	0	0	0	0	0	0	0	0	0	0	0	0	0	0	0	0	0	0	0	0	0	0	0	0	0	0	0	0	0	0	0	0	943920	0	0	0	0	0	0	0	0	0	0	0	0	0	0	0	0	0	0	0	0	0	0	0	0	0	0	0	0	127613282	0	0	0	0	0	0	0	0	0	0	0	0	0	0	0	0	0	0	0	0	0	0
2023-04-10	0	0	0	0	5756344	0	0	0	0	0	0	0	0	0	0	0	0	530076	0	0	2708556	0	0	0	1860520	0	0	0	0	0	0	0	0	0	0	2495040	0	0	0	846408	0	0	0	0	0	0	0	0	881376	0	0	0	0	1143360	0	0	1891004	0	0	0	0	0	0	0	0	0	0	0	0	0	9006620	0	0	0	0	0	0	0	0	0	0	0	0	0	0	0	0	0	0	0	0	0	0	0	0	564544	0	0	0	0	0	0	0	0	0	0	0	0	0	0	0	0	0	0	0	0	0	0	0	0	1187444	0	0	0	0	0	0	609008	0	0	0	0	1173288	0	0	0	0	0	0	0	0	0	0	0	0	0	0	0	0	0	0	435582176	0	0	0	0	0	0	0	0	0	0	0	0	0	0	0	0	0	0	0	0	0
2023-04-17	0	0	0	0	0	0	0	0	0	0	0	0	0	0	0	0	0	0	0	0	0	0	0	0	0	0	0	0	0	0	0	0	0	0	0	0	0	0	0	0	0	0	0	0	0	0	0	0	0	0	0	0	0	0	0	0	0	0	0	0	0	0	0	0	0	0	0	0	0	0	0	0	0	0	0	0	0	0	0	0	0	0	0	0	0	0	0	0	0	0	0	0	0	0	0	0	0	0	0	0	0	0	0	0	912840	0	0	0	0	0	0	0	0	0	0	0	0	0	0	0	0	0	0	0	0	0	0	0	0	0	0	0	0	0	0	0	0	0	0	0	0	0	0	0	0	0	0	0	0	0	0	0	0	0	0	0	0	0	0	0	0	0	0	0	0	0	0	0	0	0	0	0	0
2023-05-01	0	0	0	0	0	0	0	0	0	0	0	0	0	0	0	0	0	0	0	0	0	0	0	0	0	0	0	0	0	0	0	0	0	0	0	0	0	0	0	0	0	0	0	0	0	0	0	0	0	0	0	0	0	0	0	0	0	0	0	0	0	0	0	0	0	0	0	0	0	0	0	0	0	0	0	0	0	0	0	0	0	0	0	0	0	0	0	0	0	0	0	0	0	0	0	0	0	0	0	0	0	0	0	0	0	0	0	0	0	0	0	0	0	0	0	0	0	0	0	0	0	0	0	0	0	0	0	0	0	0	0	0	0	0	0	0	0	83584051	0	43565676	82522227	0	0	85839489	0	0	0	0	0	0	0	79302166	0	0	0	0	104619563	0	0	0	0	0	0	0	0	0	0	0	0	0	0	0	0
2023-05-08	0	0	0	0	0	0	0	0	0	0	0	0	0	0	0	449204	0	0	0	0	0	0	0	0	0	0	0	0	0	0	0	0	0	0	0	0	0	0	0	0	0	0	0	0	0	0	0	0	0	0	0	0	0	0	0	0	0	0	0	0	0	0	0	0	0	0	0	0	0	0	0	0	0	0	0	0	0	0	0	0	438196	0	0	0	0	0	0	0	0	0	0	0	0	0	0	0	0	0	0	0	0	0	0	0	0	0	0	0	0	0	0	0	0	0	0	0	0	0	0	0	0	0	0	0	0	0	0	0	0	0	0	0	0	0	0	0	0	0	0	0	0	0	0	0	0	0	0	0	0	0	0	0	0	0	137037908	0	0	0	0	116365163	0	0	0	0	135046105	0	0	0	0	0	132060608	0	0
2023-05-15	0	0	0	0	0	0	0	0	0	0	0	0	0	0	0	0	0	0	0	0	0	0	0	0	0	0	0	0	0	0	0	0	0	0	0	0	0	0	0	0	0	0	0	0	0	0	0	0	0	0	0	0	0	0	0	0	0	0	0	0	0	0	0	0	0	0	0	0	0	0	0	0	0	0	0	0	0	0	0	0	0	0	0	0	0	0	0	0	0	0	0	0	0	0	0	0	0	0	0	0	0	0	0	0	0	0	0	0	0	0	0	0	0	0	0	0	0	0	0	0	0	0	0	0	0	0	1497172	0	0	0	0	0	0	0	0	0	0	163812609	0	0	0	0	0	148119758	0	0	0	208772757	0	0	0	0	0	0	0	0	0	0	0	0	0	0	0	0	0	0	0	0	0	0	0	0	138497033
2023-05-22	1413296	1881528	0	0	0	0	0	0	0	0	0	0	0	0	0	0	0	0	0	0	0	0	0	0	0	0	0	0	0	0	1449156	0	0	0	0	0	0	0	0	0	0	0	0	0	0	0	0	0	0	0	0	0	0	0	0	0	0	0	0	0	0	0	0	0	0	0	0	0	0	0	0	0	2190012	0	0	0	0	0	0	0	0	0	0	0	0	0	0	0	0	0	0	0	0	0	0	0	0	0	0	0	0	0	0	0	0	0	0	0	0	0	0	0	0	0	0	0	0	0	0	0	0	0	0	0	0	0	0	0	0	0	0	0	0	0	0	0	0	0	0	0	0	0	0	0	0	0	0	0	0	0	0	9025504	0	0	0	166767104	0	0	0	0	0	0	0	0	0	0	0	0	0	0	171279856	131165163	0
2023-05-29	834880	0	0	0	0	0	0	0	0	0	0	0	0	0	0	0	0	0	0	0	0	0	0	0	0	0	0	0	0	0	0	0	0	0	0	0	0	0	0	0	0	0	0	0	0	0	0	0	0	0	0	0	0	0	0	0	0	0	0	0	0	0	0	0	0	0	0	0	0	0	0	0	0	0	0	0	0	0	0	0	0	0	0	0	0	0	0	0	0	0	0	0	0	0	0	0	0	0	0	0	0	0	0	0	0	0	0	0	0	0	0	0	0	0	0	0	0	0	0	0	0	0	0	0	0	0	0	0	0	0	0	0	0	0	0	0	0	0	0	0	0	0	0	0	50336625	0	0	0	0	0	0	0	0	0	0	0	0	0	0	0	0	0	166798934	0	0	0	0	0	0	0	0	0	0
2023-06-05	944288	0	0	0	0	0	0	0	0	0	0	0	0	0	0	0	0	0	587240	0	0	0	0	0	0	0	0	0	0	0	0	0	0	0	0	0	0	0	0	0	0	0	0	0	0	0	0	0	0	0	0	0	0	0	0	0	0	0	0	0	0	0	0	0	0	0	0	0	0	0	0	0	0	0	0	0	0	0	0	0	0	0	0	0	0	0	0	0	0	0	0	0	0	0	0	0	0	0	0	0	0	0	0	0	0	0	0	0	0	0	0	0	0	0	0	0	0	0	0	0	0	0	0	0	0	0	0	0	0	0	0	0	0	0	0	0	0	0	0	0	0	0	0	0	0	0	0	103789544	0	0	0	0	0	0	0	0	0	0	0	0	0	0	0	0	0	0	0	0	0	0	0	0	0
2023-06-12	1198688	0	0	0	0	0	0	0	0	0	0	0	0	0	0	0	0	0	0	0	0	0	0	0	0	0	0	0	0	0	0	0	0	0	0	0	0	0	0	0	0	0	0	0	0	0	0	0	0	0	0	0	0	0	0	0	0	0	0	0	0	0	0	0	0	0	0	0	0	0	0	0	0	0	0	0	0	0	0	0	0	0	0	0	0	0	0	0	0	0	0	0	0	0	0	0	0	0	0	0	0	0	0	0	0	0	0	0	0	0	0	0	0	0	0	0	0	0	0	0	0	0	0	0	0	0	0	0	0	0	0	0	0	0	0	0	0	0	0	0	0	79070416	0	0	0	0	0	0	0	0	0	0	0	0	0	0	0	0	0	0	0	0	0	0	0	0	0	0	0	0	0	94267717	0
2023-06-19	10094936	0	0	0	0	0	0	0	0	0	0	0	0	0	0	0	0	0	0	0	0	0	0	0	0	0	0	0	0	0	0	0	0	0	0	0	0	0	0	0	0	0	0	0	0	0	0	0	0	0	0	0	0	0	0	0	0	0	0	0	0	0	0	0	0	0	0	0	0	0	0	0	0	0	0	0	0	0	0	0	0	0	0	0	0	0	0	0	0	0	0	0	0	0	0	0	0	0	0	0	0	0	0	0	0	0	0	0	0	0	0	0	0	0	0	0	0	0	0	0	0	0	0	0	0	0	0	0	0	0	0	0	0	0	0	0	0	0	0	0	0	0	0	0	0	0	0	0	0	0	0	0	0	0	0	0	0	0	0	0	0	0	0	0	0	0	0	0	0	0	0	0	0
2023-06-26	16247424	0	0	0	0	0	0	0	0	0	0	0	0	0	0	0	0	0	0	0	0	0	0	0	0	0	0	0	0	0	0	0	0	0	0	0	0	0	0	0	0	0	0	0	0	0	0	0	0	0	0	0	0	0	0	0	0	0	0	0	0	0	0	0	0	0	0	0	0	0	0	0	0	0	0	0	0	0	0	0	0	0	0	0	0	0	0	0	0	0	0	0	0	0	0	0	0	0	0	0	0	0	0	0	0	0	0	0	0	0	0	0	0	0	0	0	0	0	0	0	0	0	0	0	0	0	0	0	0	0	0	0	0	0	0	0	0	0	0	0	0	0	0	0	0	0	0	67457599	0	0	0	0	0	0	0	0	0	0	0	0	0	0	0	0	0	0	0	0	0	0	0	0	0
2023-07-03	714120	0	0	0	0	0	0	0	0	0	0	0	0	0	0	0	0	0	587240	0	0	0	0	0	0	0	0	0	0	0	0	0	0	0	0	0	0	0	0	0	0	0	0	0	0	0	0	0	0	0	0	0	0	0	0	0	0	0	0	0	0	0	0	0	0	0	0	0	0	0	0	0	0	0	0	0	0	0	0	0	0	0	0	0	0	0	0	0	0	0	0	0	0	0	0	0	0	0	0	0	0	0	0	0	0	0	0	0	0	0	0	0	0	0	0	0	0	0	0	0	0	0	0	0	0	0	0	0	0	0	0	0	0	0	0	0	0	0	0	0	0	0	0	0	0	0	0	0	0	0	0	0	0	0	0	0	0	0	0	0	0	0	0	0	0	0	0	0	0	0	0	0	0
2023-07-10	882832	0	0	0	0	0	0	0	0	0	0	0	0	0	0	0	0	0	0	0	0	0	0	0	0	0	0	0	0	0	0	0	0	0	0	0	0	0	0	0	0	0	0	0	0	0	0	0	0	0	0	0	0	0	0	0	0	0	0	0	0	0	0	0	0	0	0	0	0	0	0	0	0	0	0	0	0	0	0	0	0	0	0	0	0	0	0	0	0	0	0	0	0	0	0	0	0	0	0	0	0	0	0	0	0	0	0	0	0	0	0	0	0	0	0	0	0	0	0	0	0	0	0	0	0	0	0	0	0	0	0	0	0	0	0	0	0	0	0	0	0	0	0	117796100	0	0	0	40681132	0	0	0	0	0	0	0	0	0	0	0	0	0	0	0	0	9091868	0	119056188	0	0	0	0	0	0
2023-07-17	786928	0	0	0	0	0	0	0	0	0	0	0	0	0	0	0	0	0	0	0	0	0	0	0	0	0	0	0	0	0	0	0	0	0	0	0	0	0	0	0	0	0	0	0	0	0	0	0	0	0	0	0	0	0	0	0	0	0	0	0	0	0	0	0	0	0	0	0	0	0	0	0	0	0	0	0	0	0	0	0	0	0	0	0	0	0	0	0	0	0	0	0	0	0	0	0	0	0	0	0	0	0	0	0	0	0	0	0	0	0	0	0	0	0	0	0	0	0	0	0	0	0	0	0	0	0	0	0	0	0	714608	0	0	0	0	0	0	0	0	0	0	0	0	0	0	0	0	0	0	0	0	0	0	0	0	0	0	0	0	0	0	0	0	0	0	0	0	0	0	0	0	0	0
2023-07-24	1118056	0	0	0	0	0	0	0	0	0	0	0	0	0	0	449204	0	0	0	0	0	0	0	0	0	0	0	0	0	0	0	0	0	0	0	0	0	0	0	0	0	0	0	0	0	0	0	0	0	0	0	0	0	0	0	0	0	0	0	0	0	0	0	0	0	0	0	0	0	0	0	0	0	0	0	0	0	0	0	0	0	0	0	0	0	0	0	0	0	0	0	0	0	0	0	0	0	0	0	751436	0	0	0	0	0	0	0	0	0	0	0	0	0	0	0	0	0	0	0	0	0	0	0	0	0	0	0	0	0	0	0	0	0	0	0	132728	0	0	0	0	0	0	0	0	0	0	0	0	0	0	0	0	0	0	0	149345257	91977690	0	0	120745132	0	0	0	0	0	0	0	0	0	0	0	0	0
2023-07-31	934152	0	0	0	0	0	0	0	0	0	0	0	0	0	0	449204	0	0	0	0	0	0	0	0	0	0	1582140	0	0	0	0	0	0	0	0	2495040	0	0	0	0	0	0	0	0	0	0	0	0	0	1021392	0	0	0	0	1428092	0	0	0	0	0	0	0	0	0	0	0	0	0	708296	0	0	0	0	0	0	0	0	0	0	0	0	0	1158684	0	0	0	0	0	0	0	0	0	0	0	0	0	0	627336	0	0	0	0	809320	0	0	0	0	1223276	0	0	0	0	0	0	0	0	0	0	0	0	0	0	0	0	0	0	0	0	0	0	714608	0	0	0	0	0	0	0	0	10352784	0	0	0	6370944	2190012	0	0	0	0	6437308	0	0	0	0	0	0	0	0	0	0	0	0	0	0	0	0	0	6304580	0	0	0	18382828	0
2023-08-07	2646736	1881528	0	2083448	2878172	2342728	1917080	0	1326896	1498628	0	0	0	981336	899292	2246020	0	0	0	0	2708556	0	0	0	0	0	1582140	0	1468000	0	1449156	0	0	1033860	1445252	2495040	665460	612896	0	0	504116	0	1832264	1602860	2306968	714776	599832	0	0	1021392	0	0	0	1143360	0	0	0	788552	4331244	0	5371368	0	4922068	4199816	2238888	1152444	988384	0	0	4336460	0	0	0	6561584	0	0	0	0	478012	0	1314588	0	1158684	2618792	0	0	1872964	0	0	0	0	0	773432	1865376	706032	0	0	0	728372	0	0	0	0	0	0	703756	992552	1223276	1384568	0	1250844	0	0	0	871252	0	1492608	1985708	989260	800596	1187444	943920	1016932	0	0	0	1497172	0	1450084	1579772	0	0	0	0	0	0	0	631978008	0	216213280	0	0	0	131531792	0	243947736	245018224	0	403581092	227330912	257306352	0	0	0	455375536	0	0	209971872	0	0	218614184	0	0	0	0	500981992	535451272	72801308	0	0	0	343441368	0
2023-08-14	1120856	0	0	0	0	0	0	0	0	0	0	0	0	0	0	1347612	0	0	0	0	0	0	0	0	0	0	0	0	0	0	0	0	0	0	0	0	0	0	0	0	0	0	0	0	0	0	0	0	0	0	0	0	0	0	0	0	0	0	0	0	0	0	0	0	0	0	0	0	0	0	0	0	0	0	0	0	0	0	478012	0	876392	0	0	0	0	0	0	0	0	0	0	0	0	0	0	0	0	0	0	0	0	0	0	0	0	0	0	0	0	0	0	0	0	1886864	0	0	0	0	0	0	0	0	0	0	0	0	0	0	0	0	0	0	0	0	0	0	0	0	80034984	0	0	0	63708612	0	0	0	0	85543196	0	0	0	0	0	0	0	0	66297636	102530724	0	0	0	0	0	0	0	0	0	0	0	0	0	152039924	140691680
2023-08-21	829232	0	0	0	0	0	0	0	0	0	0	0	0	0	0	2695224	0	0	0	0	0	0	0	0	0	0	0	0	0	0	0	0	0	0	0	0	0	0	0	0	0	0	0	0	0	0	0	0	0	0	0	0	0	0	0	0	0	0	0	0	0	0	0	0	0	0	0	0	0	0	0	0	0	0	0	0	0	0	0	0	2629176	0	0	0	0	0	0	0	0	0	0	0	0	0	0	0	0	0	0	0	0	0	0	0	0	0	0	0	0	0	0	0	0	0	0	0	0	0	0	0	0	0	0	0	0	0	0	0	0	0	0	0	0	0	0	0	0	0	0	0	0	0	0	0	0	0	100209640	0	153497448	0	0	0	0	0	0	0	0	0	0	0	0	0	0	0	0	162856428	0	0	0	0	0	0	0
2023-08-28	1675384	0	0	0	0	0	0	0	0	0	0	0	0	0	0	3144428	0	0	0	0	0	0	0	0	0	1132196	0	0	0	0	0	0	0	0	0	0	0	0	0	0	0	0	0	0	0	0	0	0	0	0	0	0	0	0	0	0	0	0	0	0	0	0	0	0	0	0	0	0	0	0	0	0	0	0	0	0	0	0	0	0	3067372	0	0	0	0	0	0	0	0	0	0	0	0	0	0	0	0	0	0	0	0	0	0	0	0	0	0	0	0	0	0	0	0	0	0	0	0	0	0	0	0	0	0	0	0	0	0	0	0	0	0	0	0	0	0	0	0	0	0	0	0	0	0	0	0	0	0	0	0	0	0	0	0	0	0	0	0	0	0	0	0	0	0	85344104	0	0	0	0	0	186615568	0	0	0
2023-09-04	1102840	0	0	0	0	0	0	0	0	0	0	0	0	0	0	0	0	0	0	0	0	0	0	0	0	0	0	0	0	0	0	0	0	0	0	0	0	0	0	0	0	0	0	0	0	0	0	0	0	0	0	0	0	0	0	0	0	0	0	0	0	0	0	0	0	0	0	0	0	0	0	0	0	0	0	0	0	0	0	0	0	0	0	0	0	0	0	0	0	0	0	0	0	0	0	0	0	0	0	0	0	0	0	0	0	0	0	0	0	0	0	0	0	0	0	0	0	0	0	0	0	0	0	0	0	0	0	0	0	0	0	0	0	0	0	0	0	0	0	0	159803684	0	0	0	0	0	0	0	0	0	0	0	0	0	0	0	0	0	0	0	0	95630524	0	0	0	0	0	0	0	0	0	0	0
2023-09-11	2499512	0	0	0	0	0	0	0	1326896	0	0	0	0	0	0	0	0	0	0	0	0	0	0	0	0	0	0	0	0	0	0	0	0	0	0	0	0	0	0	0	0	0	0	0	0	0	0	0	0	0	0	0	0	0	0	0	0	0	0	0	0	0	0	0	0	0	0	0	0	0	0	0	0	0	0	0	0	0	0	0	0	0	0	0	0	0	0	0	0	0	0	0	0	0	0	0	0	0	0	0	0	0	0	650616	0	0	0	0	0	0	0	0	0	0	0	0	0	0	0	0	0	0	0	0	0	0	0	0	0	0	0	0	0	0	0	0	0	95231512	0	0	0	0	0	0	0	0	0	0	0	0	0	0	0	0	0	0	0	0	128547068	103063292	0	0	0	0	0	0	133789824	0	0	0	0	0	0
2023-09-18	929072	0	0	0	0	0	0	0	0	0	0	0	0	0	0	0	0	0	0	0	0	0	0	0	0	0	0	0	0	0	0	0	0	0	0	0	0	0	0	0	0	0	0	0	0	0	0	0	0	0	0	0	0	0	0	0	0	0	0	0	0	0	0	0	0	0	0	0	0	0	0	0	0	0	0	0	0	0	0	0	0	0	0	0	0	0	0	0	0	0	0	0	0	0	0	0	0	0	0	0	0	0	0	0	0	0	0	0	0	0	0	0	0	0	0	0	0	0	0	0	0	0	0	0	0	0	0	0	0	0	0	0	0	0	0	0	0	0	0	0	0	0	0	0	128547068	0	0	0	0	0	74327680	0	0	0	0	79304980	0	0	0	0	0	0	0	0	0	0	0	0	0	0	0	0	102597916
2023-09-25	1118600	0	0	0	0	0	0	0	0	0	0	0	0	0	0	449204	0	0	0	0	0	0	0	0	0	0	0	0	0	0	0	0	0	0	0	0	0	0	0	0	0	0	0	0	0	0	0	0	0	0	0	0	0	0	0	0	0	0	0	0	0	0	0	0	0	0	0	0	0	0	0	0	0	0	0	0	0	0	0	0	0	0	0	0	0	0	0	0	0	0	0	0	0	0	0	0	0	0	0	0	0	0	0	0	0	0	0	0	0	0	0	0	0	0	0	0	0	0	0	0	0	0	0	0	0	0	0	0	0	0	0	0	0	0	0	0	0	0	0	0	0	0	0	0	0	0	0	0	0	0	0	0	0	0	53423020	0	0	0	0	0	0	0	0	0	0	0	0	0	0	0	0	0	0
2023-10-02	147224	0	0	0	0	0	0	0	0	0	0	0	0	0	0	0	0	0	0	0	0	0	0	0	0	0	0	0	0	0	0	0	0	0	0	0	0	0	0	0	0	0	0	0	0	0	0	0	0	0	0	0	0	0	0	0	0	0	0	0	0	0	0	0	0	0	0	0	0	0	0	0	0	0	0	0	0	0	0	0	0	0	0	0	0	0	0	0	0	0	0	0	0	0	0	0	0	0	0	0	0	0	0	0	0	0	0	0	0	0	0	0	0	0	0	0	0	0	0	0	0	0	0	0	0	0	0	0	0	0	0	0	0	0	0	0	0	0	0	69881292	0	0	183695552	0	0	0	0	0	98550540	0	0	0	0	0	0	0	0	0	0	0	0	0	0	0	0	0	0	0	0	0	0	0	0
2023-10-09	133696	0	0	0	0	1171364	0	0	0	0	0	0	0	0	0	0	0	0	0	0	0	0	0	0	0	0	0	0	0	0	0	0	0	0	0	0	0	0	0	0	0	0	0	0	0	0	0	0	0	0	0	0	0	0	0	0	0	0	0	0	0	0	0	0	0	0	0	0	0	0	0	0	0	0	0	0	0	0	0	0	0	0	0	0	0	0	0	0	0	0	0	0	0	0	0	0	0	0	0	0	0	0	0	0	0	0	0	0	0	0	0	0	0	0	0	0	0	0	0	0	0	0	0	0	0	0	0	609008	0	1579772	0	0	0	0	0	0	0	0	0	0	0	130869808	0	0	0	0	0	0	0	112885164	0	0	0	0	0	0	0	107244224	0	0	0	0	0	0	0	0	0	0	0	0	0	58266764	0
2023-10-16	0	0	0	0	0	0	0	0	0	0	0	0	0	0	0	0	0	0	0	0	0	0	0	0	0	0	0	0	0	0	0	0	0	0	0	0	0	0	0	0	0	0	0	0	0	0	599832	0	0	0	0	0	0	0	0	0	0	0	0	0	0	0	0	0	0	0	0	3124320	0	0	0	0	0	0	0	0	0	0	0	0	0	0	0	0	0	0	0	0	0	0	0	0	0	0	0	0	0	0	0	0	0	0	0	0	0	0	0	0	0	0	0	0	0	0	0	0	0	0	0	0	0	0	0	0	0	0	0	0	0	0	0	0	0	0	0	0	0	0	0	0	0	0	0	0	0	0	0	0	0	0	0	159383552	0	0	0	0	0	0	0	0	0	0	0	0	0	0	0	0	0	0	0	0	0
2023-10-23	0	0	1300312	0	2878172	1171364	0	0	1326896	0	1848912	0	0	0	899292	449204	0	0	587240	0	0	0	2061512	0	1860520	0	1582140	0	0	0	0	0	1480128	0	0	2495040	0	0	0	0	504116	0	1832264	0	0	714776	0	0	0	0	0	0	0	0	0	0	3782008	0	4331244	0	0	0	4922068	4199816	0	0	0	0	708296	4336460	0	7359732	3578616	0	0	569408	1010392	0	0	0	876392	0	0	0	2540816	0	0	0	0	0	0	1456844	0	1865376	0	564544	1186272	0	728372	0	971908	0	809320	0	0	703756	992552	1223276	0	1043484	0	839388	0	0	871252	0	1492608	0	0	800596	0	0	1016932	0	1198708	1015244	0	609008	1450084	0	0	1154924	586644	459732	585012	0	1937120	0	0	0	0	0	259418352	393478488	0	243947736	0	0	0	227330912	0	0	287839384	0	0	0	226773256	209971872	0	356619008	218614184	0	187412248	0	0	500981992	535451272	606177288	146608736	0	0	0	0
2023-10-30	238048	0	0	0	0	0	0	0	0	0	0	0	0	0	0	1347612	0	0	587240	0	0	0	0	0	0	0	0	623372	0	0	0	0	0	0	0	0	0	0	0	0	0	0	0	0	0	0	0	0	0	0	0	0	0	0	0	0	0	0	0	0	0	0	4922068	0	0	0	0	0	0	0	0	0	0	0	0	0	0	0	0	0	438196	0	0	0	0	0	0	0	0	0	0	0	0	0	0	0	0	0	0	0	0	0	0	0	0	0	0	0	0	0	0	0	0	0	0	0	0	0	0	0	0	0	0	0	0	1015244	0	0	0	0	0	0	0	0	0	1065336	0	0	0	0	0	0	0	0	0	76175576	0	0	117440512	0	0	0	0	0	0	0	0	0	0	0	0	218103808	0	0	105854248	0	0	0	0	83886080	7830952	0	0
2023-11-06	90824	0	0	0	0	0	0	0	1326896	0	0	1835432	0	0	0	0	0	0	0	0	0	0	0	0	0	0	0	0	0	0	0	0	0	0	0	0	0	0	0	0	0	0	0	0	0	0	0	0	0	0	0	0	0	0	0	0	0	0	0	0	0	0	0	0	0	0	0	0	0	0	0	0	0	0	0	0	0	0	0	0	0	0	0	0	0	0	0	0	0	0	0	0	0	0	0	0	0	0	0	0	0	0	0	0	0	0	0	0	0	0	0	0	0	0	0	0	0	0	0	0	0	0	0	0	0	0	0	0	0	0	0	0	0	0	0	0	0	0	0	0	0	0	0	0	0	0	0	0	0	0	0	0	0	0	0	0	152902656	0	0	0	0	0	0	0	0	0	0	0	0	146797168	0	0	0
2023-11-13	0	0	0	0	0	0	0	0	0	0	0	0	0	0	0	0	0	0	0	0	0	0	0	0	0	0	0	0	0	0	0	0	0	0	0	0	0	0	0	0	0	0	0	0	0	0	0	0	0	0	0	0	0	0	0	0	0	0	0	0	0	0	0	0	0	0	0	0	0	0	0	0	0	0	0	0	0	0	0	0	438196	0	0	0	0	0	1872964	0	0	0	0	0	0	0	0	0	0	0	0	0	0	0	0	0	0	0	0	0	0	0	0	0	0	0	0	0	0	0	0	0	0	0	0	0	0	0	0	0	0	0	0	0	0	459732	0	0	0	0	0	0	0	0	0	0	0	0	0	0	0	0	0	0	0	0	0	0	0	0	0	0	0	0	0	0	0	0	0	0	0	0	0	0	0
2023-11-20	5030656	0	0	0	0	0	0	0	0	0	0	0	0	0	0	0	0	0	0	0	0	0	0	0	0	0	0	0	0	0	0	0	0	0	0	0	0	0	0	0	0	0	0	0	0	0	0	0	0	0	0	0	0	0	0	0	0	0	0	0	0	0	0	0	0	0	0	0	0	0	0	0	0	0	0	0	0	0	0	0	0	0	0	0	0	0	0	0	0	0	0	0	0	0	0	0	0	0	0	0	0	0	0	0	0	0	0	0	0	0	0	0	0	0	0	0	0	0	0	0	0	0	0	0	0	0	0	0	0	0	0	0	0	0	0	0	0	0	0	0	0	0	0	0	0	0	0	0	0	0	0	0	0	0	0	0	0	0	0	0	0	0	0	0	0	0	0	0	0	0	0	0	0
2023-12-04	2976128	0	0	0	0	0	0	0	0	0	0	0	0	0	0	0	0	0	0	0	0	0	0	0	0	0	0	0	0	0	0	0	0	0	0	0	0	0	0	0	0	0	0	0	0	0	0	0	0	0	0	0	0	0	0	0	0	0	0	0	0	0	0	0	0	0	0	0	0	0	0	0	0	0	0	0	0	0	0	0	0	0	0	0	0	0	0	0	0	0	0	0	0	0	0	0	0	0	0	0	0	0	0	0	0	0	0	0	0	0	0	0	0	0	0	0	0	0	0	0	0	0	0	0	0	0	0	0	0	0	0	0	0	0	0	0	0	0	0	0	0	0	0	0	0	0	0	0	0	0	0	0	0	0	0	0	0	0	0	0	0	10485760	0	0	0	0	32134792	34703368	36508256	33040664	35623424	34111448	34500400
2023-12-11	235224	0	0	0	0	0	0	0	0	0	0	0	0	0	0	449204	0	0	0	0	0	0	0	0	0	0	0	0	0	0	0	0	0	0	0	0	0	0	0	0	0	0	0	0	0	0	0	0	0	0	0	0	0	0	0	0	0	0	0	0	0	0	0	0	0	0	0	0	0	0	0	0	0	0	0	0	0	0	0	0	438196	0	0	0	0	0	0	0	0	0	0	0	0	0	0	0	0	0	0	0	0	0	0	0	0	0	0	0	0	0	0	0	0	0	0	0	0	0	0	0	0	0	0	0	0	0	0	0	0	0	0	0	0	0	0	0	0	0	0	0	0	0	0	0	0	0	0	0	0	0	0	0	0	0	0	0	0	0	0	0	0	0	0	0	0	0	0	0	0	0	0	0	0
2024-01-01	0	0	0	0	0	0	0	0	0	0	0	0	0	0	899292	898408	0	0	0	0	0	0	0	0	0	0	0	0	0	0	0	0	0	0	0	0	0	0	0	0	0	0	0	0	0	0	0	0	0	0	0	0	0	0	0	0	0	0	0	0	0	0	0	0	0	0	0	0	0	0	0	0	0	0	0	0	0	0	0	0	438196	0	0	0	0	1885592	1872964	0	0	0	0	0	0	0	0	0	0	0	0	0	0	1156624	0	0	0	0	0	0	0	0	0	0	0	943432	0	0	0	0	0	0	0	0	0	0	0	0	0	0	0	0	0	0	0	0	0	0	0	159339964	45724796	156552676	102198904	125295232	73863132	114145252	112354252	220460380	57072212	158941780	74593136	175929308	85076992	29133796	36699292	71739484	46454800	78574148	25815596	83751368	33115636	31921084	52958472	9224596	18183736	11214688	9556416	124365308	154096380	74659500	176924768	168697288	159804512	93970596	129608064
2024-01-22	2307264	4108584	2743648	132728	3310260	0	4317640	356324	3161488	1870856	4113136	2843896	1856896	819200	489692	449204	0	427676	1659320	1256144	3164312	2132512	1371736	1537876	1058640	2782188	409600	939544	2936000	1364816	2636996	1030040	0	2067720	2492556	344640	1330920	305696	2472376	846408	504116	4162584	633792	2453380	819200	1224752	599832	0	1014104	0	1543584	1558588	1840856	0	3362676	530516	0	1065104	7660976	3334656	614400	522520	4965256	2401936	4878112	538044	3441536	821440	708296	1740800	12940980	6803512	506616	1039968	4795332	979008	3017568	881768	478012	501500	438196	970336	1088568	2190012	2682828	2397592	951364	409600	2133528	0	1526288	535244	773432	3730752	1002464	974144	1595872	1677208	523572	512000	0	1530136	297320	307200	503240	1202712	1851256	506476	0	1574968	0	1371576	1374212	2420696	2204156	3793280	1902208	614400	1087248	493396	1658088	534320	1016932	1961064	3361232	503244	0	1218016	1978568	3159544	1734224	1695448	484244	869332	1067624	799472	0	6243380	14241448	8009344	6571976	5982740	4157640	819200	4419660	0	12307300	3773760	1077020	13064540	5508212	3077808	2308228	819200	5636180	951928	4956600	5796500	1053192	1967616	6884544	1874288	2702896	11204668	14692480	1372392	2051344	9110356	11414608	1511312	1124472	913368	6460140
2024-01-29	0	0	0	0	0	0	0	0	0	0	0	0	0	0	0	0	0	0	0	0	0	0	0	0	0	0	0	0	0	0	0	0	0	0	0	0	0	0	0	0	0	0	0	0	0	0	0	0	0	0	0	0	0	0	0	0	0	0	0	0	0	0	0	0	0	0	0	0	0	0	0	0	0	0	0	0	0	0	0	0	876392	0	0	0	0	0	0	0	0	0	0	0	0	0	0	0	0	0	0	0	0	0	0	0	0	0	0	0	0	0	0	0	0	0	0	0	0	0	0	0	0	0	0	0	0	0	0	0	0	0	0	0	0	0	0	0	0	0	0	0	0	0	0	0	0	0	0	0	0	0	0	0	0	0	0	0	0	0	0	0	0	0	0	0	0	0	0	0	0	0	6370944	913368	0
2024-02-05	0	1881528	0	0	2878172	0	1917080	0	1326896	0	0	0	0	0	899292	0	0	530076	0	0	0	0	2061512	0	0	0	1582140	623372	0	0	1449156	822220	1480128	0	0	2495040	0	0	0	0	504116	0	0	1602860	0	0	0	348280	0	1021392	0	0	0	0	0	3397716	0	0	0	1418752	5371368	0	0	0	0	1152444	0	0	0	4336460	0	7359732	0	6561584	0	569408	0	492084	478012	2037500	0	0	0	0	0	0	0	1695012	0	0	0	0	0	0	0	0	0	0	0	751436	971908	578312	0	650616	912840	703756	0	0	0	0	1250844	0	862212	943432	0	1101920	1492608	1985708	0	0	0	0	0	570932	1198708	1015244	0	0	0	0	714608	1154924	586644	459732	585012	1065336	0	0	926960432	0	168205184	480226024	0	0	0	0	245018224	0	403581092	0	0	435582176	0	401259096	0	0	0	0	597298064	356619008	218614184	469519544	187412248	0	0	500981992	0	606177288	0	0	0	343441368	0
2024-02-19	0	0	0	0	0	0	0	0	0	0	0	0	0	0	0	0	0	0	0	0	0	0	0	0	0	0	0	0	0	0	0	0	0	0	0	0	0	0	0	0	0	0	0	0	0	0	0	0	0	0	0	0	0	0	0	0	0	0	0	0	0	0	0	0	0	0	0	0	0	0	0	0	0	0	0	0	0	492084	0	0	0	0	0	0	0	0	0	0	0	0	0	0	0	0	0	0	0	0	0	0	0	0	0	0	0	0	0	0	0	0	0	0	0	0	0	0	0	0	0	0	0	0	0	0	0	0	0	0	0	0	0	0	0	0	0	0	0	0	0	0	0	0	0	0	0	0	0	0	0	0	0	0	0	0	0	0	0	0	0	0	0	0	0	0	0	0	0	0	0	0	0	0	0
2024-02-26	2959474	0	0	0	0	0	0	0	0	0	0	0	0	0	0	0	0	0	2431497	0	0	0	0	0	0	0	0	0	0	0	0	0	0	0	0	0	0	0	0	0	0	0	0	0	0	0	0	0	0	0	0	0	0	0	0	0	0	0	0	0	0	0	0	0	0	0	0	0	0	0	0	0	0	0	0	0	0	0	0	0	0	0	0	0	0	0	0	0	0	0	0	0	0	0	0	0	0	0	0	0	0	0	0	0	0	0	0	0	0	0	0	0	0	0	0	0	0	0	0	0	0	0	0	0	0	0	0	0	0	0	0	0	0	0	0	0	0	0	0	0	0	0	0	0	0	0	0	0	0	0	0	0	0	0	0	0	0	0	0	0	0	0	0	0	0	0	0	0	0	0	0	0	0
2024-03-04	4464192	0	0	0	0	0	0	0	0	0	0	0	0	0	0	0	0	0	0	0	0	0	0	0	0	0	0	0	0	0	0	0	0	0	0	0	0	0	0	0	0	0	0	0	0	0	0	0	0	0	0	0	0	0	0	0	0	0	0	0	0	0	0	0	0	0	0	0	0	0	0	0	0	0	0	0	0	0	0	0	0	0	0	0	0	0	0	0	0	595004	0	0	0	0	0	0	0	0	0	0	0	0	0	0	0	0	0	0	0	0	0	0	0	0	0	0	0	0	0	0	0	0	0	0	0	0	0	0	0	0	0	0	0	0	0	0	0	0	0	0	0	0	0	0	0	0	0	0	0	0	0	0	0	0	0	0	0	0	0	0	0	0	0	0	0	0	0	0	0	0	0	0	0
2024-03-11	1952128	3748176	4367168	4166896	3401144	1171364	4568216	4950660	1834592	3456900	2351640	4160112	1959296	469336	0	449204	1935928	515196	0	0	455756	1188704	2587024	1640276	1860520	1132196	4746420	1548036	0	1364816	2883328	1644440	2945272	2589580	2875520	5422136	1315936	1837184	1938004	2232024	0	4912676	7800152	2064336	4598952	2639320	599832	1393120	1338168	3558584	1543584	3087208	3170884	4473016	2856184	7310964	1891004	1562120	5416132	3334656	9689396	5882468	518868	4713232	4912004	1152444	1961784	3571256	1211792	650060	11689068	5308292	0	4966372	12587296	569408	2504192	969184	956024	4060016	876392	485168	1143700	5222600	2190012	5641792	2399744	3375040	0	1667628	1526288	1992088	1546864	1865376	691048	1678648	1640760	1049872	1251944	884164	1943816	563328	1900976	979048	1401096	1906468	2450672	0	2754152	2086968	1784888	839388	657412	943432	1742504	2691360	3438840	1970724	1451536	1293992	2359904	2422160	2018880	1126880	1198708	1015244	1482188	594024	1963584	0	1924040	3449788	484244	904480	1067624	1065336	2890696	6370944	7737776	16182128	17074336	0	13183144	6287052	7698224	0	3384564	11785736	13603792	13833396	12958116	9755508	11682672	11695144	3295668	865256	5192516	6379284	0	983808	1194552	184528	8253304	93934656	12155144	0	0	1402888	1610336	2190012	7583516	913368	0
2024-03-18	0	0	0	0	0	0	0	0	0	0	0	0	0	0	0	0	0	0	0	0	0	0	0	0	0	0	0	0	0	0	0	0	0	0	0	0	0	0	0	0	0	0	0	0	0	0	0	0	0	0	0	0	0	0	0	0	0	0	0	0	0	0	0	0	0	0	0	0	0	4336460	0	0	0	0	0	0	0	0	0	0	0	0	1158684	2618792	2540816	0	0	1695012	0	0	0	1456844	0	0	0	0	0	0	0	0	0	0	809320	0	0	0	0	0	0	0	0	0	0	0	0	0	0	0	0	0	0	0	0	0	0	0	0	0	0	0	0	0	0	0	0	0	0	0	0	0	0	0	0	393478488	0	0	0	0	0	0	0	0	0	0	0	0	0	0	0	0	0	0	0	0	0	0	0	0	0	0	0	0	0
2024-03-25	3904256	6092512	1781424	1094896	5425968	3149456	1917080	4950660	1834592	1973256	4215536	3348128	4942592	1450672	1798584	449204	508776	0	1556920	1256144	3164312	0	132728	1640276	529320	1264924	2493620	448900	1366400	648016	0	1644440	456128	3111440	1445252	894080	665460	612896	2472376	1385616	1008232	2831384	2333328	476460	3117548	1224752	1594696	1393120	1762752	0	1700976	4186352	1840856	1143360	2856184	0	1891004	2130208	4873688	1915904	4446388	4902544	1170464	4332544	2190012	538044	952768	3113852	132728	782788	1014840	0	506616	10817332	697376	1036416	0	492084	956024	4529920	876392	485168	1088568	468392	4872840	3199176	1872964	2161224	1723928	1580212	2028576	1992088	1239664	534176	1913296	462144	2842016	627336	728372	1298072	971908	1530136	1403960	0	503240	498956	480552	3459504	1847536	2618452	534044	18998724	862212	1477264	461652	1589440	0	654508	2455780	800596	470644	943920	2026796	468532	481908	1651216	1970344	0	2507052	0	1734224	0	8345744	459732	13250476	450936	456560	183020368	0	7339424	1395584	7973660	1503080	0	2190012	6370944	7779568	8352876	944292	924512	187219740	0	7351892	6370944	7826192	967656	981256	8140784	920464	0	0	7175360	15818800	7764588	8607156	0	0	7043828	1610336	1378584	0	913368	954160
2024-04-01	361664	1881528	1679024	445048	420572	454564	1917080	55490588	0	1498628	415312	2237264	1491648	981336	1286584	898408	1119952	0	1174480	0	0	0	2061512	376092	0	415396	1935480	316172	2014400	1808032	425156	412620	707456	0	1445252	344640	665460	305696	416988	846408	0	2626584	0	374060	2306968	1122352	994864	348280	20641024	1428384	771792	432188	0	1569920	1832184	3825832	1891004	1065104	0	1813504	0	2190012	416468	4199816	0	1152444	988384	359520	0	4336460	8892776	7167312	0	417584	5980688	364608	0	389684	853624	2037500	438196	382768	0	4746016	390416	0	2312328	1695012	349964	0	1526288	535244	363832	431776	398832	564544	1186272	627336	1149544	1195672	971908	0	1618640	994032	503240	396556	2363256	1627352	132728	429084	0	429788	0	431432	871252	0	1858816	0	0	390996	0	1375840	1016932	366132	379508	400844	0	301808	0	0	407408	0	968488	357332	0	1065336	968560	7238840	1366832	5375484	0	0	0	0	0	0	0	6428320	0	924512	1408752	1406176	0	0	9087108	967656	981256	0	0	0	911784	937144	1351448	0	3384564	1372392	0	7300040	0	0	0	189308396	7300040
2024-04-08	0	0	0	0	0	0	0	0	0	0	0	0	0	0	0	0	0	0	0	0	0	0	0	0	0	0	0	0	0	0	0	0	0	0	0	62376000	0	0	0	0	0	0	0	0	0	0	0	0	0	0	0	0	0	0	38558484	0	0	0	0	0	0	0	0	0	0	0	0	78108000	16999104	0	0	0	0	0	0	0	0	0	0	0	0	0	0	0	0	0	0	0	0	0	0	0	0	0	0	0	0	0	0	0	0	0	0	0	0	0	0	0	0	0	0	0	0	0	0	0	0	0	0	0	0	0	0	0	0	0	0	14616192	0	0	0	0	0	0	0	0	0	0	0	0	0	0	0	0	0	0	0	0	0	0	0	0	0	127224376	0	233994264	240261580	0	0	0	0	0	0	0	0	0	0	0	0	0	0	0	0
2024-04-15	0	0	0	0	0	0	0	0	0	0	0	0	0	0	0	0	0	0	0	0	0	0	0	0	0	0	0	0	0	0	39127212	0	0	0	0	0	0	0	0	0	0	0	0	0	0	0	0	0	0	0	0	0	0	0	0	0	0	0	0	0	0	0	0	0	0	0	0	0	0	78056280	0	0	0	0	0	0	0	0	13862348	0	0	0	0	0	0	0	0	0	0	0	0	0	0	0	0	0	0	0	0	0	0	0	0	0	0	0	0	0	0	0	0	0	0	0	0	20936480	0	0	0	0	30873544	20766240	29491028	0	0	0	0	0	0	0	0	0	0	0	0	0	0	0	0	0	0	0	0	0	0	0	0	0	0	0	0	0	0	0	0	0	0	0	0	0	0	0	0	0	0	0	0	0	0	0	0	0	242030316
2024-04-22	26785152	2227056	1679024	2528496	841144	1171364	381080	356324	0	372228	415312	0	1491648	366936	0	0	406376	14842128	0	132728	3164312	1188704	2061512	0	2287440	415396	0	0	546400	0	1449156	822220	1833856	1453320	0	2534652	358260	918592	2369976	846408	905832	27602088	398664	1602860	2190012	1122352	994864	0	0	1021392	1133984	1990776	408428	559288	404092	3046244	4137012	788552	0	394752	558568	0	93519292	411016	0	0	1362368	359520	708296	0	6901856	0	2190012	0	155497888	0	395992	492084	375612	2436600	438196	1201968	441884	0	0	0	1872964	2058824	16377316	985208	132728	1456844	0	0	1104864	924288	1553344	13174056	728372	444236	1329416	951824	430048	343416	1416080	1100312	1370704	536804	493296	429084	431644	1269176	1314824	0	1230504	385120	1858816	449708	374860	1191592	1187444	0	1016932	366132	1578216	1416088	370772	609008	426084	453372	0	0	586644	0	0	348536	968560	7769752	0	7339424	180892504	1403624	1370352	979288	0	1259736	1408624	986472	14349820	0	1408752	0	914584	0	8025284	6437308	12741888	4910936	920464	3771096	0	0	7722392	0	0	8340612	6304580	0	0	0	0	0	0
2024-04-29	0	0	0	0	0	0	0	0	0	0	0	0	0	0	0	0	0	0	0	0	0	0	0	0	0	0	0	0	0	0	0	0	0	0	0	0	0	0	41012748	0	0	0	0	0	0	0	0	0	13220640	0	0	0	29260616	0	0	0	0	0	0	36887552	0	0	0	0	0	0	0	0	0	0	0	0	0	0	0	0	0	0	0	0	0	0	0	0	0	0	0	0	0	0	0	0	0	0	0	0	0	0	0	0	0	13301176	0	0	0	0	0	0	0	0	0	0	0	0	0	0	0	0	0	0	0	0	0	0	0	24365856	0	0	0	0	16435984	0	0	0	0	0	0	0	0	0	0	207998524	0	0	0	0	0	0	0	0	0	0	0	0	0	0	0	0	0	0	0	0	0	0	7100948	0	0	1402888	8512192	0	0	6769128	7300040
2024-05-06	0	0	0	0	0	0	46009920	0	25211024	0	0	0	0	26496072	0	7636468	0	11131596	0	0	0	0	0	0	0	0	0	0	0	0	0	0	0	0	0	0	0	0	0	0	0	0	0	0	0	0	0	0	0	0	0	0	0	0	0	0	0	0	0	0	96572520	0	0	0	0	0	0	0	0	0	0	0	0	0	0	0	0	0	0	0	0	0	0	89038928	0	0	0	0	0	0	0	0	0	0	0	0	0	0	0	0	0	0	0	0	0	0	0	0	0	0	26267724	0	5173272	0	0	0	0	0	0	0	0	0	0	0	0	0	0	0	0	0	0	0	0	0	0	0	0	0	0	0	0	0	0	0	0	0	0	0	0	0	0	0	0	0	0	0	0	0	0	0	0	0	0	0	0	0	0	0	0	0	0	0	0
2024-05-13	0	0	0	0	0	0	0	0	0	0	0	0	0	0	0	0	0	0	0	0	0	0	0	0	0	0	39553500	0	0	0	0	0	0	0	0	0	0	0	0	0	0	64520052	0	0	0	0	0	0	0	0	0	0	34580728	0	0	0	0	0	0	0	0	0	0	0	0	0	0	0	0	0	0	178671180	0	0	0	0	0	0	0	0	0	0	0	0	0	0	0	0	0	0	0	0	0	0	0	0	0	0	0	0	0	0	0	0	0	0	0	0	0	0	0	0	0	0	0	0	0	0	0	0	0	0	0	0	0	0	0	0	0	0	0	0	0	0	0	0	0	0	0	0	0	0	0	0	0	0	0	0	0	0	0	0	0	0	0	0	0	0	0	0	199420336	0	0	0	0	0	0	214655648	0	0	0	0	0
2024-05-20	0	0	0	0	77710644	0	0	0	0	0	0	0	40274496	0	0	0	0	0	0	0	0	0	0	0	0	0	26896380	0	0	0	0	0	0	0	0	0	0	0	0	0	0	0	0	30454340	0	0	0	0	0	0	16979424	0	0	33157440	0	0	0	0	0	0	0	0	0	0	0	0	0	0	0	0	0	0	0	0	0	0	0	0	0	0	0	0	0	0	0	0	0	0	0	0	0	0	0	0	0	0	0	0	0	0	0	0	0	0	0	0	0	0	0	28174068	0	0	0	0	0	0	0	0	0	0	0	0	0	0	0	0	0	0	0	0	0	0	0	0	0	0	0	0	0	0	0	0	0	0	0	0	0	0	0	0	0	0	0	0	0	0	0	0	0	0	0	0	128940484	0	0	0	0	0	0	0	0	0	0
2024-05-27	25297088	0	0	0	0	0	0	0	0	0	0	0	0	0	0	0	0	0	0	0	0	0	0	0	0	0	0	0	0	1364816	0	17266620	0	0	0	0	0	0	0	0	0	0	0	0	0	0	0	0	0	16342272	0	0	0	0	0	0	0	0	0	0	0	0	0	0	0	0	0	0	0	4336460	0	0	0	0	0	0	0	0	0	0	0	0	0	0	0	0	1872964	0	0	0	0	0	0	26115264	0	0	0	0	0	0	16522436	0	0	14313552	0	0	0	0	0	0	0	0	0	0	0	0	0	0	0	0	0	0	0	0	0	0	0	11571152	0	0	0	0	0	0	0	0	0	0	0	0	0	0	0	0	0	0	155469828	0	0	0	0	0	0	0	0	0	0	0	0	0	0	0	0	0	0	0	0	0	0	0	219084292	0	0
2024-06-03	0	1881528	0	0	2878172	0	0	0	0	0	0	0	0	0	0	0	713576	0	0	730472	2708556	0	0	12779624	0	1132196	0	623372	0	0	0	0	0	0	0	0	0	0	0	0	0	0	0	0	0	0	0	0	0	0	0	0	0	0	0	0	0	0	0	0	0	0	0	0	0	0	988384	0	0	0	0	0	0	0	0	0	0	0	0	0	0	0	0	0	0	0	0	0	0	0	0	0	17788936	0	0	0	0	0	0	0	0	0	21042320	0	0	0	0	0	0	0	0	0	0	0	0	0	0	1985708	0	0	0	0	1016932	0	0	0	0	0	0	0	0	0	0	0	0	0	968560	0	0	0	0	0	0	0	0	0	0	0	0	0	0	131585548	0	0	0	0	0	0	0	0	0	0	0	0	0	204218900	0	0	0	12078248	0	0	0
2024-06-10	4464192	1881528	2600624	0	2878172	2342728	0	2301924	1326896	4495884	3697824	0	1491648	981336	2697876	1347612	713576	530076	0	0	2708556	1188704	2061512	0	0	1132196	3164280	0	1468000	0	0	822220	0	0	1445252	2495040	0	0	0	0	1008232	2081292	0	0	0	0	0	0	0	0	0	0	1330028	1143360	0	0	0	0	4331244	0	0	0	0	4199816	0	0	0	0	1416592	0	0	0	3578616	0	5980688	0	0	0	0	0	0	0	18538944	0	0	0	0	0	0	0	0	0	0	0	0	564544	0	0	0	0	0	0	0	0	0	0	0	0	0	0	0	0	0	0	0	0	0	0	0	0	0	0	0	570932	0	0	0	609008	0	0	0	0	0	0	0	0	0	0	0	0	0	0	0	0	0	0	0	0	0	0	0	0	0	0	0	0	182536	0	0	0	0	0	107514232	0	0	0	0	0	0	0	0	0	0
2024-06-17	0	0	0	0	0	0	0	0	0	0	0	0	0	0	0	0	0	0	0	0	0	0	0	0	0	0	0	0	0	0	0	0	0	0	0	0	0	0	0	0	0	0	0	0	0	0	0	0	0	0	0	0	0	0	0	0	0	0	0	0	0	0	0	0	0	0	0	0	0	0	18013240	14719464	3578616	0	11961376	1138816	0	0	0	0	438196	1201968	0	0	0	0	0	0	861964	595004	0	0	773432	5596128	0	0	1186272	0	0	0	1943816	578312	0	0	0	703756	0	0	0	0	0	0	0	0	0	0	0	0	989260	0	0	0	0	570932	0	0	0	0	0	0	0	0	0	0	0	0	0	0	0	0	0	0	0	0	0	0	0	0	0	0	0	0	0	0	0	0	0	0	0	0	0	0	0	0	0	0	535451272	1212354576	0	0	0	0	0
2024-06-24	1488064	1881528	1300312	0	0	0	0	0	1326896	0	0	0	0	0	0	0	0	0	0	0	2708556	1188704	0	0	1860520	0	0	623372	0	0	1449156	0	1480128	0	1445252	0	0	0	0	0	0	0	0	0	2306968	0	0	348280	0	1021392	0	0	0	0	1428092	0	0	0	0	0	0	0	0	4199816	0	0	0	0	0	0	0	0	0	0	0	569408	0	0	0	0	0	0	0	0	0	1885592	0	0	0	0	0	0	0	0	0	0	0	0	0	0	0	0	0	0	0	703756	992552	0	0	0	0	0	0	0	0	1101920	0	0	0	800596	2374888	0	1016932	0	0	0	0	0	0	0	0	0	586644	0	0	0	0	0	18648284	0	0	0	0	0	0	40482040	0	0	21900120	0	0	0	0	18913740	0	0	0	19311924	0	0	0	0	0	23691948	0	0	20771932	0	0	0	20904660	0	0
2024-07-08	1927552	1881528	3114504	4166896	0	516004	2392368	2190012	1736288	1948680	407120	2360144	0	981336	899292	449204	0	0	1043408	730472	480332	0	2419088	0	1860520	1132196	1984632	623372	1468000	0	1849736	1251224	1780608	509572	527748	0	403316	612896	0	846408	0	0	2353808	0	2306968	0	599832	348280	0	366032	771792	1558588	0	1631360	1938680	3397716	1891004	1183888	4331244	0	5893072	2190012	0	4860688	0	366012	1321408	3627200	0	4871832	0	7359732	4011504	7093856	6456352	569408	0	853096	824952	0	438196	677680	1662008	3140432	2540816	0	431172	1695012	861964	595004	1872928	0	1153648	1865376	443888	433472	0	627336	0	1109656	0	0	809320	388472	777104	703756	992552	1223276	1982704	1043484	0	839388	1200136	288072	478036	315488	0	674988	1323160	669524	0	0	2526508	879720	1198708	490956	0	0	0	0	0	0	0	0	0	0	0	0	0	0	0	0	0	0	0	0	0	0	0	0	0	0	0	0	0	0	0	0	0	0	0	0	0	0	0	0	0	0	0	0	0	0	0
2024-07-15	1488064	0	1300312	2083448	0	0	1917080	0	0	1498628	0	0	0	0	0	449204	0	530076	0	0	0	0	0	580892	1860520	1132196	0	0	0	0	1449156	822220	1480128	0	0	0	665460	0	0	0	504116	2081292	0	0	0	0	0	348280	881376	1021392	771792	0	1330028	0	1428092	3397716	1891004	0	4331244	0	5371368	0	4446388	0	0	0	0	0	0	4336460	0	6636400	0	0	0	0	1010392	492084	0	0	438196	1201968	0	0	2190012	1885592	1872964	1695012	0	595004	1526288	0	773432	0	0	0	0	0	728372	0	0	0	0	0	0	0	0	1223276	0	1043484	0	0	0	0	871252	0	0	1985708	0	800596	1187444	1363552	1016932	570932	0	1015244	2994344	955872	0	0	714608	1654488	1042216	0	0	1065336	1412832	13870076	9023224	7300040	16657364	16156128	10419148	18169176	1737416	8633504	7661612	1129832	12741888	10020964	10134668	12277340	18913740	1358424	18449192	7560612	8033836	7545120	1706896	0	10485512	11547336	20639204	23591556	13604152	10419148	18714648	16545384	13927068	1714456	6636400	1343448	19378288
2024-07-22	0	0	0	0	0	0	0	0	0	0	0	0	0	0	0	0	0	0	0	0	0	0	0	0	0	0	0	0	0	0	0	0	0	0	0	0	0	0	0	0	0	0	0	1602860	0	0	0	0	0	0	0	0	0	0	0	0	0	0	0	0	0	0	0	0	0	0	0	0	0	0	0	0	0	0	0	0	0	0	0	0	0	0	0	0	0	0	0	0	0	0	0	0	0	0	0	0	0	0	0	0	0	0	0	0	0	0	0	0	0	0	0	0	0	0	0	0	0	0	0	0	0	0	0	0	0	0	0	0	0	0	714608	0	0	0	0	0	0	0	0	0	0	0	0	0	0	0	0	0	0	0	0	0	0	0	0	0	0	0	0	0	0	0	0	0	0	0	0	0	0	0	0	0	0
2024-07-29	0	0	0	0	0	0	0	0	0	0	0	0	0	0	0	0	0	0	0	0	0	0	0	0	0	0	0	0	0	0	0	0	0	0	0	0	0	612896	0	0	0	0	0	0	2306968	0	0	0	0	0	0	0	0	0	0	0	0	0	0	0	0	0	0	0	0	0	0	0	0	0	0	0	0	0	0	0	0	0	0	0	0	0	0	0	0	0	0	0	0	0	0	0	0	0	0	0	0	0	0	0	0	0	0	0	0	0	0	0	0	0	0	0	862212	0	0	0	0	0	0	0	0	0	0	0	0	0	0	0	0	0	0	0	0	0	0	0	0	0	0	0	0	0	0	0	0	0	0	0	0	227330912	0	0	0	0	0	0	0	0	0	0	0	0	0	0	0	0	0	0	0	0	0	0	0
2024-08-05	0	0	0	0	0	0	0	0	0	0	0	0	0	0	0	0	0	0	0	0	0	0	0	0	0	0	0	0	0	0	0	0	0	0	0	0	0	0	0	0	0	0	0	0	2306968	0	0	0	0	0	0	0	0	0	0	0	0	0	0	0	0	0	0	0	0	0	0	0	0	0	0	0	0	0	0	0	0	0	0	0	0	0	0	0	0	0	0	0	0	0	0	0	0	0	0	0	0	0	0	0	0	0	0	0	0	0	0	0	0	0	0	0	0	0	0	0	0	0	0	0	0	0	0	0	0	0	0	0	0	0	0	0	0	0	0	0	0	0	0	0	0	0	0	0	0	0	0	0	0	0	0	0	0	0	0	0	0	0	0	0	0	0	0	0	0	0	0	0	0	0	0	0	0
2024-08-12	0	0	0	0	0	0	0	0	0	0	0	0	0	0	0	0	0	0	0	0	0	0	0	0	0	0	0	0	0	0	0	0	0	0	0	0	0	0	0	0	0	0	0	0	0	0	0	0	0	0	0	0	0	0	0	0	0	0	0	0	5371368	0	0	0	0	0	0	0	0	0	0	0	0	0	0	0	0	0	0	0	0	0	0	0	0	0	0	0	0	0	0	0	0	0	0	0	0	0	0	0	0	0	0	0	0	0	0	0	0	0	0	0	0	0	0	0	0	0	0	0	0	0	0	0	0	0	0	0	0	0	0	0	0	0	0	0	0	0	0	0	0	0	0	0	0	0	0	0	0	0	0	0	0	0	0	0	0	0	0	0	0	0	0	0	0	0	0	0	0	0	0	0	0
2024-08-19	0	0	0	0	0	0	0	0	0	0	0	0	0	0	0	0	0	0	0	0	0	0	0	0	0	0	0	0	0	0	0	0	0	0	0	0	0	0	0	0	0	0	0	0	0	0	0	0	0	0	0	1558588	0	0	0	0	0	0	0	0	0	0	0	0	0	0	0	0	0	0	0	0	0	0	0	0	0	0	0	0	0	0	0	0	0	0	0	0	0	0	0	0	0	0	0	0	0	0	0	0	0	0	0	0	0	0	0	0	0	0	0	0	0	0	0	0	0	0	0	0	0	0	0	0	0	0	0	0	0	0	0	0	0	0	0	0	0	0	0	0	0	0	0	0	0	0	0	0	0	0	0	0	0	0	0	0	0	0	0	0	0	0	0	0	0	0	0	0	0	0	0	0	0
2024-08-26	2976128	3763056	3900936	2083448	5756344	2342728	7668320	6905772	3980688	1498628	3697824	1835432	4474944	1962672	1798584	449204	1427152	530076	0	2191416	5417112	2377408	2061512	1161784	0	3396588	1582140	0	1468000	1364816	1449156	1644440	0	1033860	2890504	2495040	1330920	612896	1952988	1692816	1008232	0	3664528	1602860	4380024	1429552	599832	696560	1762752	0	771792	1558588	1330028	0	1428092	8985444	1891004	1577104	4331244	1418752	0	2190012	4922068	8399632	6618912	1152444	0	5314332	1416592	4336460	16391908	0	9347244	0	10427076	569408	3031176	984168	478012	2037500	438196	0	1158684	2618792	2540816	5656776	1872964	6780048	0	1785012	3185304	2913688	773432	1865376	2118096	1129088	1186272	1254672	728372	751436	3887632	1156624	0	1951848	1825680	0	3970208	1223276	2769136	0	1250844	1678776	0	943432	871252	2203840	0	1985708	0	800596	3562332	1887840	2033864	0	0	0	1497172	0	4350252	1579772	1429216	4619696	0	0	1170024	2130672	968560	15529176	8162772	10220056	19710108	0	11082788	12410068	0	8892776	10087328	6370944	15064628	11879156	0	26346508	0	28204700	6968220	12874616	2190012	8959140	7167312	11149152	21302844	25550140	9954600	28801976	0	20639204	9556416	19577380	0	23824676	20971024	10684604	6304580
2024-09-02	1488064	0	0	0	0	0	1917080	0	1326896	2997256	0	0	0	0	0	0	0	0	0	0	5417112	0	0	0	0	1132196	0	623372	1468000	0	0	0	0	0	0	2495040	0	0	0	0	0	0	1832264	0	0	714776	599832	0	0	1021392	0	0	0	0	0	0	1891004	0	0	0	0	0	0	0	0	0	0	12497280	0	0	0	0	0	0	0	0	0	0	0	0	0	0	0	0	0	0	0	0	0	0	0	2913688	0	0	0	0	0	0	0	0	0	0	0	0	0	0	992552	0	1384568	0	0	0	0	0	0	0	0	0	0	0	0	0	0	0	0	0	0	0	0	0	714608	3464772	0	0	0	0	0	0	1367362352	0	0	0	0	0	0	0	0	0	0	0	0	1306746528	0	0	0	0	0	0	0	0	0	0	0	895079620	0	0	0	0	0	139481648	0	0	0
2024-09-09	0	0	0	0	0	0	0	0	0	0	0	0	0	0	0	0	0	0	0	0	0	0	2061512	0	0	0	4746420	0	0	0	0	0	1480128	0	0	0	0	0	0	0	0	2081292	0	0	0	0	0	0	0	0	0	0	0	1143360	1428092	0	0	0	0	0	0	3184920	0	0	0	1152444	0	0	0	0	0	7359732	0	0	0	0	0	0	0	0	0	0	0	2618792	0	0	0	0	0	0	0	0	0	0	0	0	0	0	0	0	0	0	0	0	0	703756	0	1223276	0	0	0	839388	0	0	0	1101920	0	1985708	0	0	0	0	0	0	0	0	0	0	0	3159544	0	0	0	459732	0	0	0	293601280	0	0	0	0	205466912	125829120	0	0	0	62914560	0	0	0	0	0	0	266631856	0	0	126085792	0	146800640	92785064	0	0	0	0	0	0	0	0	0	234254224	0	0
2024-09-16	2976128	6084320	3900936	6250344	6275220	2342728	6226528	6905772	3980688	2997256	5546736	6031008	4474944	325976	899292	318132	451432	530076	1630648	0	8606000	3566112	4123024	0	3721040	2264392	3164280	0	3355424	3176944	4347468	1251224	4740864	3611152	4863504	10204092	403316	350752	7811952	0	504116	8325168	7850600	4808580	10171792	714776	599832	0	1369536	3430208	378576	6234352	5320112	4573440	5712368	10707280	7564016	0	13392816	4256256	16114104	13172088	14766204	21659952	9490504	4609776	988384	14687292	315080	17345840	27019860	29438928	14314464	19684752	24398416	569408	3386208	0	346940	8817128	438196	3605904	5138060	10046388	7622448	6100576	7491856	5600400	0	595004	6105152	5827376	0	5596128	443888	0	4745088	365192	335156	358220	1419528	1025552	809320	1039088	777104	703756	468264	3975600	5349976	3518576	3752532	839388	1200136	943432	871252	2519328	4477824	7942832	989260	1470120	2906972	1363552	2526508	1010792	3071836	2030488	4940112	955872	4350252	3159544	1036000	3464772	0	919464	1038952	2130672	444272	68579376	80763072	65424960	77740420	70320312	74386332	43648008	41827344	63222192	43495548	71364280	74873324	67920416	70759608	65494688	74071496	109674344	109570752	91637712	104996488	95141856	36309904	119127224	80422560	53007148	35368728	62057544	35678800	34365672	71304168	70555672	81369004	66081328	78215068	73664744	69000800
2024-09-23	11904512	13170696	9102184	14584136	20147204	8199548	11502480	13811544	7961376	8991768	11093472	11012592	8949888	0	0	0	0	0	0	0	16251336	9509632	12369072	0	11163120	6793176	9492840	0	8808000	8188896	8694936	0	9336896	6203160	8671512	14970240	0	0	11717928	0	0	12487752	10993584	9617160	13841808	0	0	0	0	6128352	0	9351528	7980168	6860160	8568552	20386296	11346024	0	25987464	8512512	32228208	19109520	34454476	25198896	13433328	6914664	0	18745920	0	26018760	99072820	44158392	39364776	72177424	65787568	0	11114312	0	0	22412500	0	13221648	12745524	28806712	27948976	20741512	20602604	18645132	0	0	16789168	16025284	0	20519136	0	0	13048992	0	0	0	0	0	0	0	0	0	0	13456036	15230248	11478324	13759284	0	0	0	0	12121120	16418688	21842788	0	0	13061884	0	11186252	0	13185788	11167684	16468892	0	14500840	15797720	0	11549240	0	0	0	10653360	0	171448440	330493920	261699840	239393792	276649792	169872560	158598840	168594920	171162680	176515120	159658760	182897460	166721760	191175072	180796736	217086864	239802472	251615952	209489824	229506872	221997664	217859424	257623296	255217376	185191504	212212368	219822844	207306480	206194032	138560132	138813472	146033024	132162656	142493696	136445792	138001600
2024-09-30	0	0	0	0	0	0	0	0	0	0	0	0	0	0	0	0	0	0	0	0	0	0	0	0	0	0	0	0	0	0	0	0	0	0	0	0	0	0	0	0	0	0	0	0	0	0	0	0	881376	0	0	0	0	0	0	0	0	0	0	0	0	0	0	0	0	0	0	0	0	0	0	0	0	0	0	0	0	0	0	0	0	0	0	0	0	0	0	0	0	0	0	0	0	0	0	0	0	0	0	0	0	0	0	0	0	0	0	0	0	0	0	0	0	0	0	0	0	0	0	0	0	0	0	0	0	0	0	0	0	0	0	0	0	0	0	0	0	0	0	0	0	0	0	0	0	0	0	0	0	0	0	0	0	0	0	0	0	0	0	0	0	0	0	0	0	0	0	0	0	0	0	0	0
2024-10-07	0	0	0	0	0	0	0	0	0	0	0	0	0	0	0	0	0	0	0	0	0	0	0	0	0	0	0	0	0	0	0	0	0	0	0	0	0	0	0	0	0	0	0	0	0	0	0	0	0	0	0	0	0	0	0	0	0	0	0	1418752	0	0	0	0	0	0	0	0	0	0	0	0	0	0	0	0	0	0	0	0	0	0	0	0	0	0	0	0	0	0	0	0	0	0	0	0	0	0	0	0	0	0	0	0	0	0	0	0	0	0	0	0	0	0	0	0	0	0	0	0	0	0	0	0	0	0	0	0	0	0	0	0	0	0	0	0	0	0	0	0	0	0	0	0	0	0	0	0	0	0	0	0	0	0	0	0	0	0	0	0	0	0	0	0	0	0	0	0	0	0	0	0	0
2024-10-14	0	0	0	0	0	0	0	0	0	0	0	0	0	0	0	0	0	0	0	0	0	0	0	0	0	0	0	0	0	0	0	0	0	0	0	0	0	0	0	0	0	0	0	0	0	0	0	0	0	0	0	0	0	0	0	0	0	0	0	0	0	0	0	0	0	0	0	0	0	0	0	0	0	0	0	0	0	0	0	0	0	0	0	0	0	0	0	0	0	0	0	0	0	0	0	0	0	0	0	0	0	0	0	0	0	0	0	0	0	0	0	0	0	0	0	0	1492608	0	0	0	0	0	0	0	0	0	0	0	0	0	0	0	0	0	0	0	0	0	0	0	0	0	0	0	0	0	0	0	0	0	0	0	0	0	0	0	0	0	0	0	0	0	0	0	0	0	0	0	0	0	0	0	0
2024-10-21	1488064	1881528	1300312	2083448	2878172	1171364	1917080	2301924	1326896	1498628	1848912	1835432	1491648	0	0	0	0	0	0	0	2708556	1188704	2061512	0	1860520	1132196	1582140	0	1468000	1364816	1449156	0	1480128	1033860	1445252	2495040	0	0	1952988	0	0	2081292	1832264	1602860	2306968	0	0	0	0	1021392	0	1558588	0	0	0	0	0	0	0	0	0	0	0	0	0	0	0	0	0	0	0	0	0	0	0	0	0	0	0	0	438196	0	0	0	0	0	0	0	0	595004	0	0	0	0	0	0	0	0	0	0	0	0	0	0	0	0	0	0	0	0	0	0	0	0	0	0	0	0	0	0	0	0	0	0	0	0	0	0	0	0	0	0	0	0	0	0	0	0	0	0	0	0	0	0	0	0	0	0	0	0	0	0	0	0	0	0	0	0	9556416	0	0	0	0	0	0	0	0	0	0	0	0	0	0
2024-10-28	2976128	3763056	3900936	4166896	7946356	3514092	5751240	4603848	2653792	2997256	3697824	5506296	2983296	981336	0	0	0	0	587240	0	8125668	3566112	4123024	0	3721040	1132196	3164280	623372	1468000	2729632	1449156	822220	2960256	2067720	2890504	2495040	0	0	1952988	0	504116	4162584	3664528	1602860	4613936	714776	0	348280	0	1021392	771792	1558588	2660056	2286720	1428092	0	0	0	4331244	1418752	10742736	2190012	4446388	4199816	0	0	0	3124320	708296	4336460	0	6636400	3578616	0	0	0	0	492084	478012	2037500	438196	0	0	0	0	1885592	0	0	861964	595004	0	0	0	0	0	564544	1186272	0	728372	751436	971908	0	0	650616	0	703756	0	0	1384568	2086968	1250844	0	862212	0	0	0	1492608	1985708	0	0	0	943920	0	570932	0	1015244	0	0	0	1579772	714608	1154924	0	0	0	1065336	0	0	0	8494592	0	0	7698224	0	5640940	0	3185472	10153692	0	2787288	10352784	0	0	6570036	8428228	0	0	0	0	0	7167312	8295500	10286420	9423688	5840032	8959140	0	10352784	10220056	0	6769128	5043664	0
2024-11-04	0	0	0	0	0	0	0	0	0	0	0	0	0	0	0	0	0	0	0	0	0	0	0	0	0	0	0	0	0	0	0	0	0	0	0	0	0	0	0	0	0	0	0	0	0	0	0	0	0	0	0	0	0	0	0	0	0	0	0	0	0	0	0	0	0	0	0	0	0	0	0	0	0	0	0	0	0	0	0	0	0	0	0	0	0	0	0	0	0	0	0	0	0	0	0	0	0	0	0	0	0	0	0	0	0	0	0	0	1384568	0	0	0	0	0	0	0	0	0	0	0	0	0	0	0	1198708	0	0	0	0	0	0	0	0	0	0	0	0	0	0	0	0	0	0	0	0	0	0	0	0	0	0	0	0	0	0	0	0	0	0	0	0	0	0	0	0	0	0	0	0	0	0	0	0
2024-11-11	0	0	0	0	0	0	1917080	0	0	0	0	0	0	0	0	0	0	0	0	0	0	0	0	0	0	0	0	0	0	0	0	1644440	0	0	0	0	0	0	0	0	0	0	0	0	0	0	0	0	0	0	0	0	0	0	0	0	0	0	0	0	0	0	0	0	0	0	0	0	0	0	0	0	0	0	0	0	0	0	0	0	0	0	0	0	0	0	0	0	0	0	0	0	0	0	0	0	0	0	0	0	0	0	0	0	0	0	0	0	0	0	0	0	0	0	0	0	0	0	0	0	0	0	0	0	0	0	0	0	0	0	0	0	0	459732	0	0	0	0	0	0	0	0	0	0	0	0	0	0	0	178017968	0	0	0	0	0	0	0	0	0	0	0	0	0	0	0	0	0	0	0	0	0	0	0
2024-11-18	4371648	9407640	5201248	6250344	5756344	2342728	1917080	6793860	5275232	0	5518928	1835432	1491648	1962672	899292	0	0	0	0	0	0	0	0	0	0	0	0	0	0	0	0	0	0	0	0	0	0	0	0	0	0	0	0	0	2306968	0	0	0	0	0	0	0	1330028	0	0	0	0	788552	0	0	0	0	0	0	0	0	0	3124320	0	0	0	0	0	0	0	0	0	0	0	0	0	0	0	0	0	0	0	0	0	595004	0	0	0	0	0	0	0	0	0	0	0	0	0	0	0	0	0	0	0	0	0	0	0	0	0	0	0	0	0	0	0	0	0	0	0	0	0	0	0	0	0	0	0	0	0	0	0	0	0	0	0	0	0	0	0	0	0	0	0	0	0	0	10684604	0	0	0	0	0	0	0	0	0	0	0	0	0	0	0	0	0	0	0	0
2024-11-25	0	0	0	0	2878172	0	0	0	0	0	0	1835432	1491648	0	0	0	0	0	0	0	0	0	0	0	0	0	0	0	1468000	0	0	0	0	0	0	0	0	0	0	0	0	0	0	0	0	0	0	0	0	0	0	0	0	0	0	0	0	0	0	0	0	0	0	0	0	0	0	0	0	4336460	0	0	0	0	0	0	0	0	0	0	0	0	0	0	0	0	0	0	0	0	0	0	0	1865376	0	0	0	0	0	0	0	0	0	0	0	703756	0	0	0	0	0	0	0	0	0	0	0	0	0	0	0	0	0	0	0	0	0	0	0	0	0	0	0	0	0	0	0	0	0	0	0	0	0	0	2190012	8892776	0	0	0	0	0	0	0	6503672	0	0	6370944	0	0	0	0	0	0	0	0	0	0	0	0	0	0	0	0
2024-12-02	0	0	0	2083448	2878172	0	0	0	0	1498628	0	0	0	0	0	0	0	0	0	0	2708556	0	0	0	1860520	0	0	0	1468000	0	0	0	0	0	0	2495040	0	0	0	0	0	0	1832264	0	0	0	0	0	0	0	0	0	0	1143360	0	0	0	0	0	0	0	3184920	0	0	0	0	0	3124320	0	4336460	618012	0	0	0	0	0	0	0	0	0	0	0	1158684	0	0	0	0	0	0	0	0	1456844	0	0	0	0	0	0	0	0	0	0	0	0	0	0	0	0	0	0	0	0	0	0	0	1101920	0	0	0	0	1187444	0	0	0	0	0	0	0	0	0	0	2309848	0	0	0	0	0	0	0	0	0	0	0	0	0	0	0	0	0	92274688	0	167146720	0	0	0	0	0	0	0	0	0	0	0	0	0	0	0	0	0	0	0	0	0
2024-12-30	1488064	0	0	0	0	0	0	0	0	0	0	0	0	0	0	0	0	0	0	0	0	0	0	0	0	0	0	0	0	0	0	0	0	0	0	0	0	0	0	0	0	0	0	0	0	0	0	0	0	0	0	0	0	0	0	0	0	0	0	0	0	0	0	0	0	0	0	0	0	0	0	0	0	0	0	0	0	0	0	0	0	0	0	0	0	0	0	0	0	0	0	0	0	0	0	0	0	0	0	0	0	0	0	0	0	0	0	0	0	0	0	0	0	0	0	0	0	0	0	0	0	0	0	0	0	0	0	0	0	0	0	0	0	0	0	0	0	0	0	0	0	0	0	0	0	0	0	0	0	0	0	0	0	0	0	0	0	0	0	0	0	0	0	0	0	0	0	0	0	0	0	0	0
2025-02-10	0	0	0	0	0	0	0	0	0	0	0	0	0	0	0	0	0	0	0	0	0	0	0	0	0	0	0	0	0	0	0	0	0	0	0	0	0	0	0	0	0	0	0	0	0	0	0	0	0	0	0	0	0	0	0	0	0	0	0	0	0	0	0	0	0	0	0	0	0	0	0	0	0	0	0	0	0	0	0	0	0	0	0	0	0	0	0	0	0	0	0	0	0	0	0	0	0	0	0	0	0	0	0	0	0	0	0	0	0	0	0	0	0	0	0	0	0	0	0	0	0	0	0	0	0	0	0	609008	0	0	0	0	0	0	0	0	0	0	0	0	0	0	0	0	0	0	0	0	0	0	0	0	0	0	0	0	0	0	0	0	0	0	0	0	0	0	0	0	0	0	0	0	0
2025-02-17	0	0	0	0	0	0	0	0	0	1498628	0	0	0	0	0	0	0	0	0	0	0	0	0	0	0	0	0	0	0	0	0	0	0	0	0	0	0	0	0	0	0	0	0	0	0	0	0	0	0	0	0	0	0	0	0	0	0	0	0	0	0	0	0	0	0	0	0	0	0	0	0	0	0	0	0	0	0	0	0	0	0	0	0	0	0	0	0	0	0	0	0	0	0	0	0	0	0	0	0	0	0	0	0	0	0	0	0	0	0	0	0	0	0	0	0	0	0	0	0	0	0	0	0	0	0	0	0	0	0	0	0	0	0	0	0	0	0	0	0	0	0	0	0	0	0	0	0	0	0	0	0	0	0	0	0	0	0	0	0	0	0	0	0	0	0	0	0	0	0	0	0	0	0
2025-02-24	1488064	1881528	0	0	0	0	0	0	1326896	0	1848912	1835432	0	0	899292	0	0	530076	0	0	0	1188704	2061512	0	0	0	1582140	0	1468000	0	1449156	822220	0	0	1445252	0	1330920	612896	1952988	0	0	2081292	1832264	1602860	2306968	714776	599832	0	0	1021392	771792	0	0	1143360	0	0	1891004	0	4180932	0	5371368	0	4114568	0	2238888	1152444	0	0	708296	4336460	6835492	0	3578616	4114568	0	0	0	492084	478012	2037500	438196	1201968	1158684	0	2540816	0	1872964	0	861964	595004	0	1456844	0	0	0	564544	0	0	0	0	971908	0	809320	0	0	703756	0	0	0	1043484	1250844	0	0	943432	871252	0	1492608	0	989260	0	1187444	0	0	570932	0	1015244	0	609008	0	1579772	714608	0	586644	0	0	0	0	0	0	4114568	0	0	4114568	4114568	0	0	8295500	0	0	0	0	0	4114568	0	4048204	9490052	0	0	0	4114568	0	0	0	4114568	0	0	4114568	0	7830952	5773668	0	4114568	0
2025-03-03	0	0	0	0	0	0	0	0	0	0	0	0	0	0	0	0	0	0	0	0	0	0	0	0	0	0	0	0	0	0	0	0	0	0	0	0	0	0	0	0	0	0	0	0	0	0	0	0	0	0	0	0	0	0	0	0	0	0	0	0	0	3184920	0	0	0	0	0	0	0	0	0	0	0	0	0	0	0	0	0	0	0	0	0	0	0	0	0	0	0	0	0	0	0	0	0	0	0	0	0	0	0	0	0	0	0	0	0	0	0	0	0	0	0	0	0	0	0	0	0	0	0	0	0	0	0	0	0	0	0	0	0	0	0	0	0	0	0	0	0	0	0	0	0	0	0	0	0	0	0	0	0	0	0	0	0	0	0	0	0	0	0	0	0	0	0	0	0	0	0	0	0	0	0
2025-03-10	0	0	0	0	0	0	307200	307200	0	0	0	0	0	0	0	0	614400	0	0	0	0	0	0	0	0	0	0	0	0	307200	0	0	0	0	0	2495040	0	0	1952988	0	0	0	0	0	0	0	0	0	0	0	0	0	0	1143360	0	307200	0	0	0	0	0	0	0	0	0	0	0	0	0	307200	0	0	0	307200	0	0	1010392	492084	0	0	0	0	0	0	0	0	0	0	0	0	0	0	0	0	0	564544	0	0	307200	0	0	0	0	0	1220040	0	0	0	0	0	0	0	0	0	871252	0	0	0	0	0	0	0	1016932	0	1198708	0	0	0	307200	1579772	714608	0	0	0	0	0	0	0	0	0	0	379624	0	0	0	0	0	0	0	0	0	0	0	0	0	0	0	4114568	0	0	0	0	0	0	0	0	0	0	0	0	0	0	1061824
2025-04-14	1488064	1881528	1300312	4166896	2878172	1171364	1917080	2301924	1326896	1498628	1848912	1835432	1491648	1962672	899292	898408	713576	530076	587240	730472	5417112	0	2061512	0	3721040	0	3164280	623372	0	1364816	2898312	0	1480128	2067720	0	4990080	1330920	0	3905976	846408	0	2081292	3664528	0	2306968	714776	599832	696560	1762752	1021392	0	1558588	0	1143360	2856184	6795432	1891004	0	4331244	1418752	0	6369840	4922068	8399632	2238888	1152444	988384	6248640	708296	0	18013240	7359732	3578616	13123168	0	569408	2020784	492084	478012	2037500	0	1201968	1158684	2618792	0	3771184	3745928	1695012	1723928	595004	1526288	2913688	773432	1865376	706032	564544	2372544	0	1456744	751436	0	578312	1618640	1301232	912840	703756	992552	1223276	1384568	2086968	1250844	839388	862212	1886864	871252	1101920	1492608	3971416	989260	800596	1187444	943920	1016932	1141864	1198708	1015244	1497172	609008	0	0	1429216	1154924	0	459732	0	0	968560	0	0	0	0	29200160	0	393478488	416449224	243947736	0	0	0	0	0	0	287839384	0	0	216212456	226773256	0	597298064	356619008	218614184	0	187412248	0	0	500981992	535451272	0	0	0	0	0	0
2025-04-28	0	0	0	2083448	0	0	1917080	0	0	1498628	0	1835432	0	981336	0	449204	713576	530076	1174480	1460944	5417112	0	2061512	580892	0	1132196	0	623372	0	1364816	1449156	822220	0	0	1445252	0	0	612896	0	0	0	2081292	0	1602860	0	714776	599832	0	0	1021392	771792	0	1330028	1143360	1428092	0	0	0	0	1418752	0	3184920	4922068	0	2238888	0	988384	3124320	708296	4336460	9006620	7359732	0	0	5980688	0	0	0	478012	0	438196	1201968	0	0	2540816	0	0	1695012	0	595004	1526288	1456844	773432	0	706032	0	1186272	0	728372	751436	0	578312	809320	650616	912840	703756	992552	1223276	1384568	0	1250844	839388	862212	943432	871252	1101920	1492608	1985708	989260	800596	0	943920	1016932	570932	0	1015244	1497172	609008	1450084	0	0	1154924	586644	459732	0	0	968560	0	977596164	0	168205184	76267096	259418352	40614768	442530276	243947736	0	352409584	0	227330912	446473472	474272388	0	0	49839364	0	0	0	54816664	0	243567048	0	0	29598344	0	147025980	30660168	97901760	75404364	0	0	0	228486960
2025-07-14	4061120	0	0	0	0	0	0	0	0	0	0	0	0	0	0	0	0	0	0	0	0	0	0	0	0	0	0	0	0	0	0	0	0	0	0	0	0	0	0	0	0	0	0	0	0	0	0	0	0	0	0	0	0	0	0	0	0	0	0	0	0	0	0	0	0	0	0	0	0	0	0	0	0	0	0	0	0	0	0	0	0	0	0	0	0	0	0	0	0	0	0	0	0	0	0	0	0	0	0	0	0	0	0	0	0	0	0	0	0	0	0	0	0	0	0	0	0	0	0	0	0	0	0	0	0	0	0	0	0	0	0	0	0	0	0	0	0	0	0	0	0	0	0	0	0	0	0	0	0	0	0	0	0	0	0	0	0	0	0	0	0	0	0	0	0	0	0	0	0	0	0	0	0
2025-07-21	0	0	0	0	0	0	0	0	0	1498628	0	0	0	0	0	0	0	0	0	0	0	0	0	0	0	0	0	0	0	0	0	0	0	0	0	0	0	0	0	0	0	0	0	0	0	0	0	0	0	0	0	0	0	0	0	0	0	0	0	0	0	0	0	0	0	0	0	0	0	0	0	0	0	0	0	0	0	0	0	0	0	0	0	0	0	0	0	0	0	0	0	0	0	0	0	0	0	0	0	0	0	0	0	0	0	0	0	0	0	0	0	0	0	0	0	0	0	0	0	0	0	0	0	0	0	0	1497172	609008	0	0	0	0	0	0	0	0	0	0	0	0	0	0	0	0	0	0	0	0	0	0	0	209715200	0	0	0	0	0	0	0	0	0	0	0	0	0	0	0	0	0	0	0	0	0
2025-07-28	0	1881528	1300312	2083448	0	1171364	0	0	0	0	1848912	0	1491648	981336	0	449204	0	1060152	587240	0	0	0	2061512	580892	0	1132196	1582140	623372	0	0	1449156	0	1480128	0	1445252	2495040	1330920	0	1952988	846408	0	0	1832264	0	2306968	0	599832	348280	0	0	771792	0	1330028	0	1428092	6795432	3782008	0	4331244	0	5371368	3184920	4922068	4199816	0	1152444	0	3124320	0	8672920	9006620	0	0	6561584	0	0	0	0	478012	2037500	0	1201968	2317368	2618792	0	1885592	1872964	1695012	0	0	1526288	1456844	0	0	0	564544	0	1254672	728372	1502872	971908	0	809320	650616	912840	703756	0	0	1384568	1043484	0	0	1724424	0	1742504	0	1492608	3971416	0	0	1187444	943920	1016932	0	1198708	2030488	0	609008	1450084	1579772	0	1154924	0	459732	0	1065336	0	317405208	547356424	216213280	0	0	102131952	245989564	0	0	0	0	0	0	204877552	0	0	0	0	157286400	0	209715200	0	304190208	209715200	52428800	157286400	0	0	0	0	0	0	0	135238144	0	0
2025-08-04	19105920	0	0	0	0	0	0	0	0	0	0	0	0	0	0	0	0	0	587240	730472	0	0	0	0	0	0	0	623372	0	0	0	0	0	0	0	0	0	0	0	0	0	0	0	0	2306968	714776	0	0	0	0	771792	0	0	0	0	0	0	0	0	0	0	0	0	0	2238888	0	0	0	0	0	0	0	0	0	0	0	0	0	0	0	0	0	0	0	0	0	0	0	0	0	1526288	0	0	0	706032	0	0	0	0	0	0	0	0	0	912840	0	0	0	1384568	0	1250844	0	0	0	0	0	0	0	0	1601192	0	0	0	0	0	0	0	0	0	0	0	0	0	459732	0	0	0	0	0	0	104857600	0	0	0	0	0	0	0	0	0	0	0	0	0	0	0	0	0	0	0	0	0	0	0	0	291266792	0	0	0	0	0	0	0
2025-08-11	0	0	0	2083448	0	0	1917080	0	0	0	0	0	0	0	0	0	713576	0	0	730472	0	0	0	0	0	0	0	0	1468000	0	0	0	0	0	0	2495040	0	612896	0	0	504116	0	0	0	0	0	0	0	0	1021392	0	0	0	0	0	0	0	0	0	0	0	0	0	0	0	0	0	0	0	0	0	0	0	0	0	0	0	0	0	0	0	0	0	0	2540816	1885592	0	1695012	861964	0	0	0	0	0	0	0	0	0	0	0	0	0	0	0	0	0	0	0	0	0	0	0	0	0	0	0	0	0	0	0	0	0	0	0	0	0	0	0	0	1579772	0	1154924	0	0	0	0	968560	0	0	0	0	0	0	0	157286400	243947736	0	0	209715200	279759712	0	0	340268184	209715200	209715200	0	121915656	0	0	0	0	0	0	0	52428800	0	0	0	0	237512984	0	0	52428800
2025-08-18	5343168	0	0	0	0	0	0	0	0	0	0	0	0	0	0	0	0	0	0	0	2708556	0	0	0	0	0	0	0	0	0	0	0	1480128	0	0	0	0	0	1952988	0	0	0	0	0	0	0	0	0	0	0	0	0	1330028	0	0	0	0	0	0	0	0	0	0	0	0	0	0	0	708296	0	9006620	0	0	0	0	569408	0	0	478012	0	0	0	0	0	0	0	0	0	0	0	0	0	0	0	0	0	0	0	0	0	0	0	0	0	0	0	0	1223276	0	0	0	0	0	0	0	0	0	0	0	0	0	0	0	0	0	0	0	0	0	0	0	0	0	0	0	0	0	0	419430400	0	0	0	0	0	0	0	140160624	104857600	0	0	0	0	0	0	0	0	0	0	0	0	0	0	0	190936612	0	0	273307272	0	0	0	0	0	0
2025-08-25	0	0	0	0	0	0	0	0	0	0	0	0	0	981336	0	0	0	0	0	0	0	0	0	580892	0	0	0	0	0	0	0	0	0	0	0	0	0	0	0	0	0	2081292	0	1602860	0	0	0	0	0	0	0	0	0	0	0	0	0	0	0	0	0	0	0	0	0	0	0	0	0	0	0	0	3578616	0	5980688	0	0	0	0	0	0	0	0	0	0	0	0	0	0	0	0	0	0	0	706032	0	0	0	728372	0	0	0	0	0	0	0	0	0	0	0	0	0	0	0	0	0	0	0	0	0	0	0	0	0	0	0	0	0	0	0	0	0	0	0	0	0	0	0	0	0	0	0	0	0	209715200	0	0	0	0	0	0	0	0	0	367001600	0	0	0	0	0	0	0	0	0	0	0	0	0	0	0	0	0	52428800
2025-09-01	0	0	0	0	0	0	0	0	0	0	0	0	1491648	0	0	0	0	0	0	730472	0	0	0	0	0	0	0	0	0	1364816	0	0	0	0	0	0	0	0	0	0	0	0	0	0	0	0	0	0	0	0	0	0	174800	0	0	0	0	788552	0	0	0	0	0	0	0	0	0	0	0	0	0	0	0	0	0	0	0	0	0	0	0	0	0	0	0	0	0	1695012	0	0	0	0	0	0	0	0	0	0	0	0	0	0	809320	0	0	0	0	0	0	0	0	0	0	0	0	0	0	0	0	0	0	0	1016932	0	0	0	0	0	0	0	0	0	0	0	0	0	0	0	0	0	0	218082024	0	0	0	0	0	0	0	0	0	0	0	296401496	0	0	0	0	0	0	0	0	0	0	0	0	0	0	0	0	0	0	0
2025-09-08	0	0	0	0	0	0	0	2301924	0	0	0	0	0	0	0	0	0	0	0	0	0	1188704	0	0	0	0	0	0	0	0	0	0	0	0	0	0	0	0	0	0	0	0	0	0	0	0	0	0	0	0	0	1558588	0	0	0	0	0	0	4331244	0	0	0	0	0	2238888	0	0	0	708296	0	0	0	0	0	0	0	0	0	0	0	438196	0	0	0	0	0	0	0	0	0	0	0	773432	0	0	0	0	0	0	0	0	0	0	0	0	0	0	0	0	0	0	0	0	943432	0	0	0	0	0	0	0	0	0	0	0	0	0	0	0	0	0	0	0	0	0	0	0	262144000	0	157286400	0	0	52428800	288620888	0	0	0	79117672	0	0	209715200	0	0	0	0	0	0	0	0	0	0	0	0	0	0	0	0	0	41751136	0	0	157286400	0
2025-09-15	4464192	5644584	2600624	6250344	5756344	3718892	5751240	4603848	0	2997256	1848912	0	1491648	1962672	2697876	449204	2140728	1590228	1174480	0	5417112	1188704	4123024	1742676	0	2264392	4746420	1870116	3038400	2729632	4347468	1644440	2960256	1033860	2890504	7180092	1330920	1225792	3905976	1692816	504116	4162584	1832264	3205720	2306968	0	1199664	1393120	881376	2042784	1543584	3117176	2660056	1143360	1428092	3397716	1891004	788552	4180932	1418752	9588336	9554760	13151204	12514200	0	3457332	1976768	3124320	4249776	6370944	28233296	7359732	2190012	4313660	10264020	0	3031176	1476252	478012	4075000	0	1201968	3476052	2190012	5081632	3771184	7491856	1695012	2585892	0	1526288	2913688	2320296	3730752	2824128	1693632	1186272	1882008	728372	751436	971908	1734936	1618640	650616	1825680	703756	1985104	1223276	1384568	3130452	5003376	0	3551248	943432	871252	2203840	1492608	5957124	2967780	0	2374888	2831760	2033864	0	2397416	2030488	2994344	1827024	5800336	3159544	1429216	2309848	1759932	0	1755036	1065336	0	2797616	2733664	0	5510152	5518192	9045284	5093856	1114824	5410340	1408624	3176484	4527948	4972716	4114568	5002364	914584	5025700	8153252	5281316	6077080	9600792	4030940	10196752	10251796	937144	4114568	2190012	9602616	0	6666612	10703092	0	1378584	991744	5027936	0
2025-09-29	3337792	0	0	0	0	0	0	0	0	0	0	0	0	0	0	0	0	0	0	0	0	0	0	0	0	0	0	0	0	0	0	0	0	0	0	0	0	0	0	0	1008232	0	0	0	0	0	0	0	0	0	0	0	0	0	0	0	0	0	0	0	0	0	0	0	0	0	0	0	0	0	0	0	0	0	0	0	0	0	0	0	0	0	0	0	0	0	0	0	0	0	0	0	0	0	0	0	0	0	0	0	0	0	0	0	0	0	0	0	0	0	0	0	0	0	0	0	0	0	0	0	0	0	0	0	0	0	0	0	0	0	0	0	0	0	0	0	0	0	0	0	0	0	0	0	0	0	0	0	0	0	0	0	0	0	0	0	0	0	0	0	0	0	0	0	0	0	0	0	0	0	0	0	0
2025-10-06	12960832	0	0	0	0	0	0	0	0	0	0	0	0	0	0	0	0	0	0	0	0	0	0	0	0	0	0	0	0	0	0	0	0	0	0	0	0	0	0	0	0	0	0	0	0	0	0	0	0	0	0	0	0	0	0	0	0	0	0	0	0	0	0	0	0	0	0	0	0	0	0	0	0	0	0	0	0	0	0	0	0	0	0	0	0	0	0	0	0	0	0	0	0	0	0	0	0	0	0	0	0	0	0	0	0	0	0	0	0	0	0	0	0	0	0	0	0	0	0	0	0	0	0	0	0	0	0	0	0	0	0	0	0	0	0	0	0	0	0	0	0	0	0	0	0	0	0	0	0	0	0	0	0	0	0	0	0	0	0	0	0	0	0	0	0	0	0	0	0	0	0	0	0
2025-11-17	1488064	1881528	1300312	2083448	0	0	1917080	0	1326896	1498628	1848912	1835432	1491648	981336	0	0	0	0	0	0	0	0	0	0	0	0	0	0	0	0	0	0	0	0	0	0	0	0	0	0	0	0	0	0	0	0	0	0	0	0	0	0	0	0	0	0	0	0	0	0	0	0	0	0	0	0	0	0	0	0	0	0	0	0	0	0	0	0	0	0	0	0	0	0	0	0	0	0	0	0	0	0	0	0	0	0	0	0	0	0	971908	578312	809320	650616	912840	703756	992552	1223276	1384568	1043484	1250844	839388	862212	943432	871252	1101920	1492608	1985708	989260	800596	1187444	943920	1016932	570932	1198708	1015244	1497172	609008	1450084	1579772	714608	1154924	586644	459732	585012	1065336	968560	631978008	926960432	216213280	168205184	0	0	0	0	0	0	0	0	0	0	0	0	0	0	0	0	0	0	0	0	0	0	0	0	10551876	0	0	0	0	0	0	0
2025-11-24	1488064	0	0	0	0	0	0	0	1326896	0	0	0	0	0	0	0	0	0	0	0	0	0	0	0	0	0	0	0	0	0	0	0	0	0	0	0	0	0	0	0	0	0	0	0	0	0	0	0	0	0	0	0	0	0	0	0	0	0	0	0	0	0	0	0	0	0	0	0	0	0	0	0	0	0	0	0	0	0	0	0	0	0	0	0	0	0	0	0	0	0	0	0	773432	1865376	0	564544	1186272	627336	728372	751436	971908	0	809320	650616	0	0	992552	1223276	1384568	1043484	1250844	839388	862212	943432	871252	0	1492608	1985708	0	800596	1187444	0	1016932	570932	1198708	0	1497172	609008	1450084	1579772	714608	0	586644	459732	585012	2130672	968560	631978008	926960432	216213280	0	480226024	259418352	0	416449224	243947736	245018224	0	403581092	227330912	257306352	435582176	0	401259096	455375536	216212456	0	209971872	597298064	356619008	0	0	187412248	348223012	139408680	500981992	535451272	606177288	146608736	289941784	344953344	343441368	0
2025-12-08	0	0	0	0	0	0	0	0	1326896	0	0	0	0	0	0	0	0	0	0	0	0	0	0	0	0	0	0	0	0	0	0	0	0	0	0	0	0	0	0	0	0	0	0	0	0	0	599832	0	881376	0	0	0	0	0	0	0	0	0	0	0	0	0	0	0	0	0	0	0	0	0	0	0	0	0	0	0	0	0	0	0	0	0	0	0	0	0	0	0	0	0	0	0	0	0	0	0	0	0	0	0	0	0	0	0	0	0	0	0	0	0	0	0	0	0	0	0	0	0	0	0	0	0	0	0	0	0	1497172	0	0	0	0	0	0	0	0	0	0	0	0	0	0	0	0	0	0	0	0	0	0	0	0	0	0	0	0	0	0	0	0	0	0	0	0	0	0	0	0	0	0	0	0	0	0
2025-12-15	4464192	3763056	3900936	2083448	0	3514092	3834160	4603848	3980688	5994512	1848912	3670864	2983296	981336	1798584	1347612	1427152	530076	0	1460944	8125668	2377408	0	580892	7442080	2264392	1582140	0	4404000	4094448	1449156	822220	2960256	2067720	4335756	4990080	1330920	1225792	1952988	2539224	0	4162584	5496792	4808580	4613936	2144328	599832	1044840	881376	3064176	771792	3117176	2660056	2286720	2856184	6795432	3782008	1577104	12777056	4256256	10742736	6369840	14766204	4199816	8955552	1152444	1976768	3124320	2124888	13009380	18013240	7359732	7157232	13123168	16009580	1138816	3031176	1476252	956024	0	876392	2403936	1158684	5237584	10163264	0	3745928	3390024	3447856	595004	4578864	2913688	773432	3730752	2118096	0	2372544	627336	728372	751436	1943816	1156624	3237280	650616	912840	0	1985104	2446552	5538272	3130452	3752532	2518164	1724424	1886864	1742504	2203840	1492608	3971416	989260	0	2374888	943920	4067728	2854660	2397416	3045732	5988688	1218016	1450084	4739316	0	2309848	0	919464	585012	0	2905680	9888236	931075000	438200228	177960692	0	275677532	393478488	842653956	9954600	245018224	0	1210743276	4114568	257306352	587625696	581916984	812340064	1372364824	220260660	235997852	5707304	1204218908	366573608	0	482062340	193849556	8295500	139408680	1001963984	535451272	616065524	10020964	579883568	353846120	349281400	456973920
2025-12-22	0	0	0	0	0	0	0	0	0	0	0	0	0	0	0	0	0	0	0	0	0	0	0	0	0	0	0	0	0	0	0	0	0	0	0	2495040	0	0	0	0	0	0	1832264	0	0	714776	0	0	0	0	0	0	0	0	0	0	0	0	0	0	0	0	0	0	0	0	0	0	0	0	0	0	0	0	0	0	0	0	0	0	0	0	0	0	0	0	0	0	0	0	0	0	0	0	0	0	1186272	0	0	751436	0	0	0	0	0	0	0	0	0	0	0	0	0	0	0	0	0	0	0	0	0	0	0	0	0	1015244	0	0	0	0	0	0	0	0	0	0	0	0	424673280	0	94804864	0	0	0	0	0	0	0	0	70044512	0	0	0	0	0	0	0	0	0	0	0	0	0	0	0	0	0	298844160	0	0	0	0	0
2025-12-29	0	0	0	0	0	0	1917080	0	0	0	0	0	0	0	0	449204	713576	0	0	0	0	0	0	0	0	0	0	0	0	0	0	0	0	0	0	0	0	0	0	0	0	0	0	0	0	0	0	1044840	0	0	771792	0	0	0	0	0	0	0	0	0	0	0	0	0	0	0	0	0	0	0	0	0	0	0	0	0	0	0	0	0	0	0	0	0	0	0	0	0	0	0	0	0	0	0	0	0	0	0	0	0	0	0	0	0	0	0	0	0	0	0	0	0	0	0	0	0	0	0	0	0	0	0	0	0	0	0	0	0	1450084	0	0	0	0	0	0	0	0	0	0	0	0	0	0	0	0	0	0	0	0	0	0	0	0	0	0	0	0	0	0	0	0	0	89128960	148993572	0	262144000	0	0	0	162529280	0	0	0
2026-01-05	0	0	0	0	0	0	0	0	0	0	0	0	0	0	0	0	0	0	0	0	0	0	0	0	0	0	0	0	0	0	0	0	0	0	0	0	0	0	0	0	0	0	0	0	0	0	0	0	0	0	0	0	0	0	0	0	0	0	0	0	0	0	0	0	0	0	0	0	0	0	0	0	0	0	0	0	0	0	0	0	0	0	0	0	0	0	0	0	0	0	0	0	0	0	0	0	0	0	0	0	0	0	0	0	912840	0	0	0	0	1043484	0	0	0	0	0	0	0	0	0	0	0	0	0	0	0	0	0	0	0	0	0	0	0	459732	0	1065336	0	0	0	0	0	0	0	0	0	149575896	0	0	146679972	0	0	0	0	0	0	0	0	0	256901120	0	0	184064368	0	0	60765480	0	0	0	0	0	0	0	0
2026-01-12	2976128	0	0	4166896	8634516	1171364	0	0	2653792	0	0	1835432	0	981336	0	2246020	0	1590228	1761720	1460944	2708556	2377408	0	1161784	3721040	0	0	623372	0	0	0	822220	1480128	2067720	0	2495040	665460	1225792	0	1692816	1008232	0	1832264	3205720	4613936	0	2399328	1044840	3525504	2042784	771792	0	0	2286720	0	0	1891004	0	0	0	0	0	0	0	0	0	1976768	0	708296	8672920	18013240	0	0	0	0	1138816	1010392	0	1434036	0	0	2403936	0	0	0	3771184	3745928	0	861964	595004	0	2913688	2320296	1865376	2118096	1693632	0	1254672	1456744	2254308	971908	1156624	809320	650616	912840	1407512	0	0	1384568	1043484	1250844	1678776	1724424	1886864	871252	0	4477824	3971416	1978520	2401788	1187444	943920	2033864	1141864	0	2030488	4491516	0	0	3159544	1429216	3464772	586644	919464	0	0	968560	0	1026388812	0	10485760	960452048	0	0	0	721357448	0	0	0	248302432	246820592	435582176	0	0	0	421939152	0	0	0	0	0	469519544	0	706931784	0	602002612	0	0	0	0	0	0	0
2026-01-19	0	0	0	0	0	0	1917080	0	0	1498628	0	0	1491648	0	0	0	0	0	587240	0	0	0	0	0	0	1132196	1582140	0	0	0	0	0	1480128	0	0	0	0	0	0	0	0	0	0	0	0	0	0	0	0	0	0	0	0	0	1428092	0	0	0	12993732	0	0	0	0	4199816	0	0	0	0	708296	0	0	0	0	0	0	0	0	0	0	0	438196	0	0	0	0	0	1872964	0	0	0	0	0	0	0	0	0	1186272	0	0	0	0	578312	0	650616	0	0	0	0	0	0	0	0	0	0	0	0	0	0	0	0	0	0	0	570932	0	0	0	0	0	0	0	0	586644	0	0	0	0	0	0	0	0	0	259418352	0	0	0	129674864	0	0	0	0	0	0	0	550276440	111354856	0	115600032	0	0	0	0	0	0	0	0	0	1222840336	0	0	0	0	0
2026-01-26	0	1881528	0	0	0	0	0	0	0	149520	0	0	1491648	0	0	0	0	0	0	0	0	0	2061512	0	0	0	0	0	0	0	0	0	0	0	0	0	665460	612896	0	0	0	0	0	0	0	0	0	348280	0	0	0	0	1330028	0	0	0	0	788552	0	0	0	0	0	0	0	0	0	0	0	0	0	0	3578616	6561584	0	0	0	0	0	0	0	0	0	0	0	0	0	1695012	0	595004	0	0	0	0	0	0	0	0	0	0	0	0	809320	0	0	0	0	0	0	0	1250844	0	0	943432	0	0	0	0	0	0	0	0	1016932	0	0	0	0	0	0	0	0	0	0	0	0	0	0	193986560	0	136314880	0	251658240	133589232	0	0	0	0	0	0	0	0	0	115343360	251658240	208960176	0	104857600	0	0	183500800	82299304	0	0	0	0	0	214958080	0	0	0	150966784	149454808	0
2026-02-02	0	0	0	0	0	0	0	0	0	0	0	0	0	0	0	0	0	0	0	0	0	0	0	0	0	0	0	0	0	0	0	0	0	0	0	0	0	0	0	0	0	0	0	1602860	0	0	0	0	0	0	0	1558588	0	0	0	0	0	0	0	0	0	0	0	0	0	0	0	0	0	0	0	7359732	0	0	0	0	0	0	0	0	0	0	0	0	0	0	0	0	0	0	0	0	0	0	0	0	0	0	0	0	0	0	0	0	0	0	0	0	0	0	0	0	0	0	0	0	0	0	0	0	0	0	0	0	0	0	0	0	0	0	0	0	0	0	0	0	0	0	0	0	0	0	0	168034648	141557760	0	0	105332072	0	0	110100480	0	0	0	0	0	0	0	0	0	0	0	0	0	0	0	0	0	36700160	0	0	0	81686320
2026-02-16	204800	3967856	4105736	6659944	5756344	0	3834160	0	1326896	1498628	0	0	0	0	0	0	0	0	0	0	0	0	0	0	0	0	0	0	0	0	0	0	0	0	0	0	0	0	0	0	0	0	0	0	0	0	0	348280	0	0	0	0	0	0	0	0	0	0	0	0	0	0	0	0	0	0	0	0	0	0	0	0	0	0	0	0	0	0	478012	0	438196	0	0	0	0	0	0	0	0	0	0	0	0	0	0	0	0	0	0	0	0	0	0	0	0	0	0	0	0	0	0	0	0	0	0	0	0	0	0	0	0	0	0	0	0	0	0	0	0	0	0	0	0	0	0	0	0	0	0	0	0	0	0	0	0	0	0	0	0	0	0	0	0	0	0	0	0	0	0	0	0	0	0	0	0	0	0	0	0	0	0	0	0
2026-02-23	6518720	4377456	2805424	4166896	5477784	1728328	0	356324	405296	0	0	0	0	0	0	0	0	0	0	0	0	0	0	0	758740	0	0	0	0	0	1449156	822220	0	419460	0	2839680	0	0	0	846408	0	0	0	0	2306968	714776	0	0	0	0	0	0	0	1569920	0	0	0	0	0	0	0	0	0	4610832	0	435644	0	0	401096	0	0	0	0	0	4380024	0	1010392	0	478012	0	0	1201968	441884	2618792	0	0	0	0	0	0	0	0	0	0	0	0	1553344	422536	0	0	0	0	0	0	0	0	0	1223276	0	0	0	0	0	943432	0	0	1492608	0	0	0	0	0	2436396	1507996	1198708	0	0	0	0	0	0	0	0	817064	0	0	0	0	0	5083048	0	0	0	0	0	0	0	0	0	924512	0	0	0	0	0	0	0	0	0	0	5092716	0	1351448	0	0	0	0	0	0	0	4512752	913368	0
2026-03-02	192920	0	0	445048	420572	0	0	0	0	0	415312	0	0	366936	0	0	0	427676	587240	423272	0	1188704	0	0	0	0	1582140	0	0	443216	0	0	1480128	0	0	0	1023720	918592	0	0	401716	0	1791828	374060	2306968	0	0	696560	881376	0	0	0	0	0	404092	0	0	0	0	0	0	0	0	0	2238888	0	988384	0	0	445260	0	0	0	0	0	569408	0	389684	0	0	0	0	0	0	0	0	1872964	0	0	0	1526288	0	773432	431776	0	0	0	0	421172	0	1329416	373512	297320	343416	400840	0	0	0	0	0	431644	0	0	0	0	0	0	0	374860	1191592	1555688	943920	0	937064	0	400844	1497172	0	0	0	0	0	0	0	0	0	0	0	0	0	0	0	0	0	0	0	0	0	4992496	0	0	0	0	0	924336	0	0	4778208	0	0	0	937144	0	0	0	0	0	0	0	1378584	0	0	0
2026-03-09	0	0	0	0	0	0	0	0	0	372228	0	401832	0	0	0	0	0	0	0	0	0	0	0	376092	0	0	0	0	0	0	0	0	0	0	0	0	0	0	0	0	0	0	0	0	0	0	0	0	0	0	0	0	0	0	0	0	0	0	4114568	1418752	0	0	0	0	0	0	0	0	0	0	0	0	0	0	0	0	0	0	0	0	0	0	0	0	0	0	0	0	0	0	0	0	0	0	0	0	0	0	0	0	0	0	0	0	0	0	0	0	0	0	0	0	0	0	0	0	0	0	0	0	0	0	0	0	0	0	0	0	0	0	0	0	0	0	0	348536	968560	0	0	0	0	0	0	0	0	0	0	986472	0	0	1408752	0	0	4114568	0	0	0	0	0	0	0	0	0	0	0	0	1025672	0	1610336	0	0	0	0
2026-03-16	1488064	0	0	2083448	0	0	0	0	1326896	0	0	0	0	0	0	0	0	530076	0	0	0	0	0	0	1860520	1132196	0	1246744	0	0	0	0	0	0	0	2495040	0	0	0	0	0	0	1832264	0	0	0	0	0	0	1021392	0	0	0	1143360	1428092	0	0	0	0	0	5371368	0	4922068	0	0	0	0	3124320	0	0	4446388	0	0	0	0	0	0	0	0	2037500	0	0	1158684	0	0	0	0	0	1723928	0	0	0	0	0	0	0	0	0	0	0	0	0	0	0	0	0	1985104	0	0	0	0	0	0	0	0	0	0	0	0	0	0	0	0	0	0	1015244	1497172	609008	1450084	0	714608	0	0	0	0	0	968560	0	12011884	0	13339164	0	0	0	0	0	0	0	0	0	0	0	0	0	0	0	0	0	12741888	0	0	5043664	0	0	0	14201896	0	6570036	0	0	0	0	0
2026-03-23	307200	0	0	0	420572	614400	0	597276	0	0	1848912	0	0	0	0	0	713576	0	0	0	0	0	0	0	0	517796	1582140	0	0	0	1449156	0	530912	1033860	0	0	665460	305696	0	0	0	0	0	0	2306968	509976	0	0	369376	0	771792	0	0	0	0	0	409600	1065104	0	497152	0	0	0	0	0	409600	0	359520	597276	512000	13525080	4247296	0	0	0	0	0	0	478012	0	0	0	0	0	0	1885592	0	409600	0	595004	0	0	0	0	706032	0	0	0	0	0	0	578312	0	0	0	0	378152	1223276	0	1043484	0	0	0	0	0	487520	0	0	0	0	0	0	0	0	0	0	0	0	0	0	714608	0	0	409600	482612	0	0	0	4457400	0	1395584	0	0	0	1114824	730004	0	0	944292	0	0	0	0	0	924336	0	0	0	995460	0	4114568	0	1351448	0	0	0	0	0	0	0	991744	0	0
2026-03-30	0	0	1300312	2083448	0	0	0	0	1326896	1498628	0	0	0	0	0	0	0	0	0	730472	0	0	0	0	0	0	0	0	0	0	0	0	0	0	0	0	0	0	0	0	0	0	0	0	0	0	0	0	0	0	0	0	0	0	0	0	0	0	4331244	0	0	0	0	0	0	0	0	0	0	0	0	0	0	0	0	0	0	0	0	0	0	0	0	0	0	0	0	0	0	0	0	0	0	0	0	0	0	0	0	0	0	0	0	0	0	0	0	0	0	0	0	0	0	0	0	0	0	0	0	0	0	0	0	0	0	0	0	0	0	0	0	0	0	0	0	0	0	0	0	0	0	0	0	0	0	0	0	0	0	0	0	0	0	0	0	0	0	0	0	0	0	0	0	0	0	0	0	0	0	0	0	0	0
