week_start	sub-anm184389/sub-anm184389_ses-20130207_behavior+ecephys.nwb	sub-anm184389/sub-anm184389_ses-20130211_behavior+ecephys.nwb	sub-anm184389/sub-anm184389_ses-20130212_behavior+ecephys.nwb	sub-anm184389/sub-anm184389_ses-20130213_behavior+ecephys.nwb	sub-anm186997/sub-anm186997_ses-20130317_behavior+ecephys.nwb	sub-anm186997/sub-anm186997_ses-20130321_behavior+ecephys.nwb	sub-anm190963/sub-anm190963_ses-20130408_behavior+icephys+ogen.nwb	sub-anm190964/sub-anm190964_ses-20130504_behavior+icephys+ogen.nwb	sub-anm190964/sub-anm190964_ses-20130507_behavior+icephys+ogen.nwb	sub-anm196837/sub-anm196837_ses-20130830_behavior+icephys.nwb	sub-anm199549/sub-anm199549_ses-20130530_behavior+ecephys.nwb	sub-anm199549/sub-anm199549_ses-20130604_behavior+ecephys.nwb	sub-anm199549/sub-anm199549_ses-20130605_behavior+ecephys.nwb	sub-anm199551/sub-anm199551_ses-20130626_behavior+ecephys.nwb	sub-anm199552/sub-anm199552_ses-20130601_behavior+ecephys.nwb	sub-anm199552/sub-anm199552_ses-20130602_behavior+ecephys.nwb	sub-anm199552/sub-anm199552_ses-20130603_behavior+ecephys.nwb	sub-anm199552/sub-anm199552_ses-20130604_behavior+ecephys.nwb	sub-anm199552/sub-anm199552_ses-20130606_behavior+ecephys.nwb	sub-anm199552/sub-anm199552_ses-20130608_behavior+ecephys.nwb	sub-anm203464/sub-anm203464_ses-20130702_behavior+ecephys.nwb	sub-anm203464/sub-anm203464_ses-20130705_behavior+ecephys.nwb	sub-anm206177/sub-anm206177_ses-20131011_behavior+icephys.nwb	sub-anm214848/sub-anm214848_ses-20131010_behavior+icephys.nwb	sub-anm214848/sub-anm214848_ses-20131011_behavior+icephys.nwb	sub-anm220466/sub-anm220466_ses-20140402_behavior+icephys+ogen.nwb	sub-anm220466/sub-anm220466_ses-20140403_behavior+icephys+ogen.nwb	sub-anm220470/sub-anm220470_ses-20140409_obj-1huvip7_behavior+icephys+ogen.nwb	sub-anm220470/sub-anm220470_ses-20140409_obj-bb09nm_behavior+icephys+ogen.nwb	sub-anm223517/sub-anm223517_ses-20140401_behavior+icephys+ogen.nwb	sub-anm230103/sub-anm230103_ses-20140130_behavior+icephys+ogen.nwb	sub-anm230103/sub-anm230103_ses-20140131_behavior+icephys+ogen.nwb	sub-anm230107/sub-anm230107_ses-20130922_behavior+icephys+ogen.nwb	sub-anm231235/sub-anm231235_ses-20140129_obj-1swt3sc_behavior+icephys+ogen.nwb	sub-anm231235/sub-anm231235_ses-20140129_obj-z4ez73_behavior+icephys+ogen.nwb	sub-anm231235/sub-anm231235_ses-20140131_behavior+icephys+ogen.nwb	sub-anm234411/sub-anm234411_ses-20140216_behavior+icephys+ogen.nwb	sub-anm234412/sub-anm234412_ses-20140204_behavior+icephys+ogen.nwb	sub-anm234412/sub-anm234412_ses-20140205_behavior+icephys+ogen.nwb	sub-anm236459/sub-anm236459_ses-20140325_behavior+icephys.nwb	sub-anm236461/sub-anm236461_ses-20140210_behavior+icephys.nwb	sub-anm236461/sub-anm236461_ses-20140212_behavior+icephys.nwb	sub-anm236462/sub-anm236462_ses-20140210_behavior+icephys.nwb	sub-anm236462/sub-anm236462_ses-20140214_behavior+icephys.nwb	sub-anm244024/sub-anm244024_ses-20141111_behavior+icephys+ogen.nwb	sub-anm244024/sub-anm244024_ses-20141112_obj-b6yggg_behavior+icephys+ogen.nwb	sub-anm244024/sub-anm244024_ses-20141112_obj-ccdfim_behavior+icephys+ogen.nwb	sub-anm244024/sub-anm244024_ses-20141112_obj-oqgb91_behavior+icephys+ogen.nwb	sub-anm244024/sub-anm244024_ses-20141112_obj-vigb9a_behavior+icephys+ogen.nwb	sub-anm244024/sub-anm244024_ses-20141130_behavior+icephys+ogen.nwb	sub-anm244024/sub-anm244024_ses-20141201_obj-11kcus2_behavior+icephys+ogen.nwb	sub-anm244024/sub-anm244024_ses-20141201_obj-wv1yrj_behavior+icephys+ogen.nwb	sub-anm244024/sub-anm244024_ses-20141203_behavior+icephys+ogen.nwb	sub-anm244025/sub-anm244025_ses-20141024_obj-1x7qioo_behavior+icephys+ogen.nwb	sub-anm244025/sub-anm244025_ses-20141024_obj-j2jtgb_behavior+icephys+ogen.nwb	sub-anm244025/sub-anm244025_ses-20141024_obj-ypkbmi_behavior+icephys+ogen.nwb	sub-anm244025/sub-anm244025_ses-20141026_obj-13g3xip_behavior+icephys+ogen.nwb	sub-anm244025/sub-anm244025_ses-20141026_obj-1npw0ls_behavior+icephys+ogen.nwb	sub-anm244028/sub-anm244028_ses-20141021_obj-12pmbpu_behavior+icephys+ogen.nwb	sub-anm244028/sub-anm244028_ses-20141021_obj-mgzxl0_behavior+icephys+ogen.nwb	sub-anm244028/sub-anm244028_ses-20141021_obj-xh7qt7_behavior+icephys+ogen.nwb	sub-anm244028/sub-anm244028_ses-20141022_obj-1fh0v5i_behavior+icephys+ogen.nwb	sub-anm244028/sub-anm244028_ses-20141022_obj-pk7b0u_behavior+icephys+ogen.nwb	sub-anm250509/sub-anm250509_ses-20140817_behavior+icephys+ogen.nwb	sub-anm253096/sub-anm253096_ses-20140817_behavior+icephys+ogen.nwb	sub-anm253096/sub-anm253096_ses-20140818_behavior+icephys+ogen.nwb	sub-anm260070/sub-anm260070_ses-20150217_obj-1p0sabo_behavior+icephys+ogen.nwb	sub-anm260070/sub-anm260070_ses-20150217_obj-2vta88_behavior+icephys+ogen.nwb	sub-anm260070/sub-anm260070_ses-20150218_obj-h5oir2_behavior+icephys+ogen.nwb	sub-anm260070/sub-anm260070_ses-20150218_obj-vgzohl_behavior+icephys+ogen.nwb	sub-anm260070/sub-anm260070_ses-20150219_obj-1dodaf3_behavior+icephys+ogen.nwb	sub-anm260070/sub-anm260070_ses-20150219_obj-trbrrk_behavior+icephys+ogen.nwb	sub-anm260070/sub-anm260070_ses-20150222_behavior+icephys+ogen.nwb	sub-anm260070/sub-anm260070_ses-20150223_obj-t5wgzh_behavior+icephys+ogen.nwb	sub-anm260070/sub-anm260070_ses-20150223_obj-vy6mbx_behavior+icephys+ogen.nwb	sub-anm260073/sub-anm260073_ses-20141008_behavior+icephys+ogen.nwb	sub-anm260073/sub-anm260073_ses-20141009_behavior+icephys+ogen.nwb	sub-anm260074/sub-anm260074_ses-20141016_behavior+icephys+ogen.nwb	sub-anm260076/sub-anm260076_ses-20141015_behavior+icephys+ogen.nwb	sub-anm260077/sub-anm260077_ses-20150301_obj-1ox41vu_behavior+icephys+ogen.nwb	sub-anm260077/sub-anm260077_ses-20150301_obj-fmhxwt_behavior+icephys+ogen.nwb	sub-anm260077/sub-anm260077_ses-20150304_behavior+icephys+ogen.nwb	sub-anm266945/sub-anm266945_ses-20141219_obj-8usfup_behavior+icephys+ogen.nwb	sub-anm266945/sub-anm266945_ses-20141219_obj-phfefi_behavior+icephys+ogen.nwb	sub-anm266945/sub-anm266945_ses-20141220_obj-1g7fwne_behavior+icephys+ogen.nwb	sub-anm266945/sub-anm266945_ses-20141220_obj-1weu110_behavior+icephys+ogen.nwb	sub-anm266945/sub-anm266945_ses-20141220_obj-7o69ev_behavior+icephys+ogen.nwb	sub-anm266945/sub-anm266945_ses-20141221_obj-164pjl4_behavior+icephys+ogen.nwb	sub-anm266945/sub-anm266945_ses-20141221_obj-1dull7b_behavior+icephys+ogen.nwb	sub-anm266945/sub-anm266945_ses-20141221_obj-1vgsemf_behavior+icephys+ogen.nwb	sub-anm266945/sub-anm266945_ses-20141221_obj-kmkao6_behavior+icephys+ogen.nwb	sub-anm266945/sub-anm266945_ses-20141222_obj-3ih8bb_behavior+icephys+ogen.nwb	sub-anm266945/sub-anm266945_ses-20141222_obj-ianjb9_behavior+icephys+ogen.nwb	sub-anm266951/sub-anm266951_ses-20141201_behavior+icephys+ogen.nwb	sub-anm273341/sub-anm273341_ses-20150307_behavior+icephys+ogen.nwb	sub-anm273341/sub-anm273341_ses-20150308_behavior+icephys+ogen.nwb	sub-anm273347/sub-anm273347_ses-20150224_obj-1h07z6p_behavior+icephys+ogen.nwb	sub-anm273347/sub-anm273347_ses-20150224_obj-i6vwao_behavior+icephys+ogen.nwb	sub-anm273348/sub-anm273348_ses-20150226_obj-1cv3c91_behavior+icephys+ogen.nwb	sub-anm273348/sub-anm273348_ses-20150226_obj-1m5xcbf_behavior+icephys+ogen.nwb	sub-anm273348/sub-anm273348_ses-20150226_obj-efumcd_behavior+icephys+ogen.nwb	sub-anm273348/sub-anm273348_ses-20150227_behavior+icephys+ogen.nwb	sub-anm275231/sub-anm275231_ses-20150303_obj-10ju18q_behavior+icephys+ogen.nwb	sub-anm275231/sub-anm275231_ses-20150303_obj-g3yotd_behavior+icephys+ogen.nwb	sub-anm275231/sub-anm275231_ses-20150304_behavior+icephys+ogen.nwb	sub-anm281589/sub-anm281589_ses-20150319_behavior+icephys+ogen.nwb	sub-anm281589/sub-anm281589_ses-20150320_behavior+icephys+ogen.nwb	sub-anm281592/sub-anm281592_ses-20150308_obj-10s9lks_behavior+icephys+ogen.nwb	sub-anm281592/sub-anm281592_ses-20150308_obj-pqe4n1_behavior+icephys+ogen.nwb	sub-anm281592/sub-anm281592_ses-20150309_behavior+icephys+ogen.nwb	sub-anm300169/sub-anm300169_ses-20150925_behavior+icephys+ogen.nwb	sub-anm300169/sub-anm300169_ses-20150926_obj-qkkx4h_behavior+icephys+ogen.nwb	sub-anm300169/sub-anm300169_ses-20150926_obj-rp0tw4_behavior+icephys+ogen.nwb	sub-anm300170/sub-anm300170_ses-20150917_behavior+icephys+ogen.nwb	sub-anm300170/sub-anm300170_ses-20150918_obj-1c4fz8_behavior+icephys+ogen.nwb	sub-anm300170/sub-anm300170_ses-20150918_obj-1djmq21_behavior+icephys+ogen.nwb	sub-anm300171/sub-anm300171_ses-20150827_obj-dcd6om_behavior+icephys+ogen.nwb	sub-anm300171/sub-anm300171_ses-20150827_obj-qlj97q_behavior+icephys+ogen.nwb	sub-anm300171/sub-anm300171_ses-20150828_obj-1yyvsw5_behavior+icephys+ogen.nwb	sub-anm300171/sub-anm300171_ses-20150828_obj-m0rrs5_behavior+icephys+ogen.nwb	sub-anm300172/sub-anm300172_ses-20150904_obj-66q50a_behavior+icephys+ogen.nwb	sub-anm300172/sub-anm300172_ses-20150904_obj-i507gc_behavior+icephys+ogen.nwb	sub-anm300172/sub-anm300172_ses-20150905_obj-d9v8tb_behavior+icephys+ogen.nwb	sub-anm300172/sub-anm300172_ses-20150905_obj-wwa1h1_behavior+icephys+ogen.nwb	sub-anm300172/sub-anm300172_ses-20150908_obj-6szkf6_behavior+icephys+ogen.nwb	sub-anm300172/sub-anm300172_ses-20150908_obj-n5zk5z_behavior+icephys+ogen.nwb	sub-anm305599/sub-anm305599_ses-20150915_behavior+icephys+ogen.nwb	sub-anm307766/sub-anm307766_ses-20150909_behavior+icephys+ogen.nwb	sub-anm307766/sub-anm307766_ses-20150910_behavior+icephys+ogen.nwb	sub-anm308247/sub-anm308247_ses-20150930_behavior+icephys+ogen.nwb	sub-anm309008/sub-anm309008_ses-20150924_behavior+icephys+ogen.nwb	sub-anm309008/sub-anm309008_ses-20150925_behavior+icephys+ogen.nwb	sub-anm318530/sub-anm318530_ses-20151127_obj-1fcuw2c_behavior+icephys+ogen.nwb	sub-anm318530/sub-anm318530_ses-20151127_obj-1qoeopw_behavior+icephys+ogen.nwb	sub-anm318530/sub-anm318530_ses-20151127_obj-1sp1rkm_behavior+icephys+ogen.nwb	sub-anm318530/sub-anm318530_ses-20151127_obj-h9a8vz_behavior+icephys+ogen.nwb	sub-anm318530/sub-anm318530_ses-20151128_behavior+icephys+ogen.nwb	sub-anm318531/sub-anm318531_ses-20151230_obj-1jbfh1x_behavior+icephys+ogen.nwb	sub-anm318531/sub-anm318531_ses-20151230_obj-meuyll_behavior+icephys+ogen.nwb	sub-anm318532/sub-anm318532_ses-20151125_obj-1jha843_behavior+icephys+ogen.nwb	sub-anm318532/sub-anm318532_ses-20151125_obj-1kqnryo_behavior+icephys+ogen.nwb	sub-anm318532/sub-anm318532_ses-20151125_obj-1nndczg_behavior+icephys+ogen.nwb	sub-anm318532/sub-anm318532_ses-20151125_obj-1ny7mes_behavior+icephys+ogen.nwb	sub-anm318532/sub-anm318532_ses-20151125_obj-ombqp3_behavior+icephys+ogen.nwb	sub-anm324650/sub-anm324650_ses-20160422_behavior+icephys+ogen.nwb	sub-anm337495/sub-anm337495_ses-20160601_behavior+icephys+ogen.nwb	sub-anm337496/sub-anm337496_ses-20160524_behavior+icephys+ogen.nwb	sub-anm342684/sub-anm342684_ses-20160609_behavior+icephys+ogen.nwb
2021-04-19	405063232	313833792	258533816	167772160	201326592	99171528	293601280	184549376	206179560	131485840	167772160	167660424	92274688	38795408	58720256	76224408	33554432	41943040	75497472	71628548	126934384	58720256	160515160	27347800	92274688	119822384	192937984	192937984	280641056	142606336	83886080	83886080	175705516	184549376	170979176	234881024	142606336	197646384	267298704	142606336	68899308	23745656	19324720	159383552	112361144	251658240	58720256	41943040	41943040	52932856	114338568	76413632	200750620	67108864	176160768	71041656	92232192	262104908	41943040	105303592	45210768	67108864	218103808	153824664	91612984	67108864	159383552	192937984	124096136	244456488	276824064	264747296	184549376	96557592	170737980	41943040	301566688	83886080	192937984	100663296	71757408	76947608	109051904	33554432	176160768	329898160	101327784	171407364	231315600	12988752	98508332	100663296	167772160	16180056	116974776	192937984	113419760	75497472	150994944	106743376	134217728	164014768	92274688	259073224	301989888	243269632	234507296	187961120	107710328	36446872	92274688	67371712	285212672	334102376	199417416	123905584	101175808	100663296	125829120	329144504	218103808	124265448	427819008	133129160	83886080	136264968	117440512	360710144	111949216	75497472	273082772	262628680	55050288	100375472	176160768	75497472	411664368	268435456	96156888	411041792	138321177	75497472	83886080	109051904	285212672	254570464	444596224	135385536
2021-05-03	598001216	446631132	392751544	0	0	366115216	504897192	0	348785896	0	0	368987016	0	97515664	116858768	126556056	0	0	0	96794372	0	144966648	0	0	190880100	254040112	0	0	0	270526856	0	0	0	306590000	0	386646072	0	298309680	0	212076061	4213645	7598209	0	0	0	0	0	5209105	188930580	145207544	9224596	0	0	0	244546704	0	0	365383144	188159800	0	0	0	0	0	125167416	176159968	398404816	455289480	0	0	441065800	0	7499132	0	281210272	113990856	0	0	366398896	0	0	0	330260264	0	367906456	0	176825256	263682052	0	46543184	264693725	168619152	405668584	58123096	0	444624168	163751408	0	0	0	0	197569200	156641376	0	0	0	0	0	0	0	217967648	0	474945112	745144168	986037392	183587608	0	0	309640464	0	6138201	275260392	831100768	452908136	403172392	0	0	646073540	221001120	0	0	0	0	242981808	353960824	0	839483376	0	430578106	797877072	0	132000440	0	4711844	662632072	0	1130814448	1401107552
2021-05-10	299000608	0	0	0	0	0	0	0	348785896	0	0	368987016	278070840	0	0	0	0	118365388	0	0	0	0	0	0	0	0	0	0	0	0	0	0	0	0	0	0	0	0	0	0	0	0	0	0	0	0	0	0	0	0	0	0	0	0	0	0	0	0	0	0	0	0	0	0	0	0	0	0	0	0	0	0	0	0	0	0	0	0	0	0	0	0	0	0	0	0	0	0	0	0	0	0	0	0	0	0	0	0	0	0	0	0	0	0	0	0	0	0	0	0	0	0	0	0	0	0	0	0	0	0	0	0	0	0	0	0	0	0	0	0	0	0	0	0	0	0	0	0	0	0	0	0	0	0	0	0	0	0
2021-05-24	0	0	392751544	282620912	301667528	0	470626624	358948232	348785896	198594704	278599768	368987016	278070840	97515664	0	126556056	0	0	0	96794372	0	0	0	0	190880100	254040112	0	433398216	396173072	270526856	354684148	0	276368812	0	0	0	303829912	0	317630352	203150572	0	65688696	44490544	177512648	263356088	0	0	150579016	180104168	0	0	0	292892580	104930672	0	0	0	0	0	0	0	0	0	0	125167416	0	0	0	0	0	0	0	284555304	0	0	0	0	0	366398896	0	0	144056472	0	0	0	564779184	0	0	0	0	0	0	0	58123096	167306424	0	0	0	264480344	0	0	0	0	426845384	483730312	0	0	196499873	199985016	0	0	209978048	474945112	0	0	183587608	104570873	0	0	0	150344180	0	0	0	0	0	0	0	0	0	0	0	0	0	0	0	0	0	0	0	0	0	0	0	0	0	0	0
2021-06-07	598001216	0	0	0	0	0	0	0	0	0	0	0	0	0	0	0	0	0	0	0	0	0	0	0	0	0	0	332808	0	0	0	0	0	0	0	0	0	0	0	0	0	0	0	0	306960	36688	0	0	89976	0	44280	0	0	0	0	0	0	0	0	0	0	0	0	0	0	0	0	0	0	0	0	0	0	0	0	0	0	0	0	0	0	0	0	0	0	0	0	0	0	0	0	0	0	0	0	0	0	0	0	0	0	0	0	0	0	0	0	0	0	0	0	0	0	0	0	0	0	0	0	0	0	0	0	0	0	0	0	0	0	0	0	0	0	0	0	0	0	0	0	0	0	0	0	0	662632072	0	0	0
2021-06-14	0	0	0	0	0	0	470626624	0	0	0	0	0	0	0	0	0	0	0	0	0	0	0	0	0	0	0	0	0	0	0	0	0	0	0	0	0	0	0	0	0	0	0	0	0	0	0	0	0	0	0	0	0	0	0	0	0	0	0	0	0	0	0	0	0	0	0	0	0	0	0	0	0	0	0	0	0	0	0	0	0	0	0	0	0	0	0	0	0	0	0	0	0	0	0	0	0	0	0	0	0	0	0	0	0	0	0	0	0	0	0	0	0	0	0	0	0	0	0	0	0	0	0	0	0	0	0	0	0	0	0	0	0	0	0	0	0	0	0	0	0	0	0	0	0	45491056	0	0	0
2021-06-28	299000608	0	0	0	0	0	0	0	0	0	0	0	0	0	0	0	0	0	0	0	0	0	0	0	0	0	0	0	0	0	0	0	0	0	0	0	0	0	0	0	0	0	0	0	0	0	0	0	0	0	0	0	0	0	0	0	0	0	0	0	0	0	0	0	0	0	0	0	0	0	0	0	0	0	0	0	0	0	0	0	0	0	0	0	0	0	0	0	0	0	0	0	0	0	0	0	0	0	0	0	0	0	0	0	0	0	0	0	0	0	0	0	0	0	0	0	0	0	0	0	0	0	0	0	0	0	0	0	0	0	0	0	0	0	0	0	0	0	0	0	0	0	0	0	0	0	0	0
2021-07-12	598001216	0	0	0	0	0	0	0	0	0	0	0	0	0	0	0	0	0	0	0	0	0	0	0	0	0	0	0	0	0	0	0	0	0	0	0	0	0	0	0	0	0	0	0	0	0	0	0	0	0	0	0	0	0	0	0	0	0	0	0	0	0	0	0	0	0	0	0	0	0	0	0	0	0	0	0	0	0	0	0	0	0	0	0	0	0	0	0	0	0	0	0	0	0	0	0	0	0	0	0	0	0	0	0	0	0	0	0	0	0	0	0	0	0	0	0	0	0	0	0	0	0	0	0	0	0	0	0	0	0	0	0	0	0	0	0	0	0	0	0	0	0	0	0	0	0	0	0
2021-08-02	299000608	0	0	0	0	0	0	0	0	0	0	0	0	0	0	0	0	0	0	0	0	0	0	0	0	0	0	0	0	0	0	0	0	0	0	0	0	0	0	0	0	0	0	0	0	0	0	0	0	0	0	0	0	0	0	0	0	0	0	0	0	0	0	0	0	0	0	0	0	0	0	0	0	0	0	0	0	0	0	0	0	0	0	0	0	0	0	0	0	0	0	0	0	0	0	0	0	0	0	0	0	0	0	0	0	0	0	0	0	0	0	0	0	0	0	0	0	0	0	0	0	0	0	0	0	0	0	0	0	0	0	0	0	0	0	0	0	0	0	0	0	0	0	0	0	0	0	0
2021-08-23	61519428	0	0	0	301667528	0	0	0	0	0	0	0	0	0	0	0	0	0	0	0	0	0	0	0	0	0	0	0	0	0	0	0	0	0	0	0	0	0	0	0	0	0	0	0	0	0	0	0	0	0	0	0	0	0	0	0	0	0	0	0	0	0	0	0	0	0	0	0	0	0	0	0	0	0	0	0	0	0	0	0	0	0	0	0	0	0	0	0	0	0	0	0	0	0	0	0	0	0	0	0	0	0	0	0	0	0	0	0	0	0	0	0	0	0	0	0	0	0	0	0	0	0	0	0	0	0	0	0	0	0	0	0	0	0	0	0	0	0	0	0	0	0	0	0	0	0	0	0
2021-08-30	299000608	0	0	0	0	0	0	0	0	0	0	0	0	0	0	0	0	0	0	0	0	0	0	0	0	0	0	0	0	0	0	0	0	0	0	0	0	0	0	0	0	0	0	0	0	0	0	0	0	0	0	0	0	0	0	0	0	0	0	0	0	0	0	0	0	0	0	0	0	0	0	0	0	0	0	0	0	0	0	0	0	0	0	0	0	0	0	0	0	0	0	0	0	0	0	0	0	0	0	0	0	0	0	0	0	0	0	0	0	0	0	0	0	0	0	0	0	0	0	0	0	0	0	0	0	0	0	0	0	0	0	0	0	0	0	0	0	0	0	0	0	0	0	0	0	0	0	0
2021-09-06	0	439662912	392751544	306762657	623151148	0	470626624	358948232	0	198594704	0	368987016	278070840	0	0	126556056	127708408	0	143482440	96794372	428924272	144966648	395396184	0	190880100	254040112	507853464	433398216	396173072	270526856	354684148	178710000	276368812	306590000	414248808	386646072	303829912	0	0	203150572	194728428	0	44490544	0	263356088	0	0	150579016	180104168	0	0	118356672	292892580	104930672	0	112984696	0	0	188159800	231132712	0	217705876	456689128	262876568	0	176159968	398404816	0	0	554834984	441065800	348633376	0	314661400	0	113990856	377064160	0	0	181537784	0	144056472	0	0	0	0	0	263682052	298424464	0	0	0	0	58123096	0	0	0	181537784	0	0	324696652	0	156641376	0	0	0	284838944	0	0	0	0	209978048	474945112	745144168	0	183587608	0	378412248	0	538859704	0	0	0	0	0	0	0	0	221001120	0	533129620	447178056	138936368	242981808	707921648	353960824	0	0	423312600	0	464940008	132000440	409440600	222173760	662632072	0	1130814448	0
2021-09-20	0	0	0	0	0	0	0	0	0	0	0	0	0	97515664	0	0	0	0	0	0	0	0	0	0	0	0	0	0	0	0	0	0	0	0	0	0	0	0	0	0	0	0	0	0	0	0	0	0	0	0	0	0	0	0	0	0	0	0	0	0	0	0	0	0	0	0	0	0	0	0	0	0	0	0	0	0	0	0	0	0	0	0	0	0	0	0	0	0	0	0	0	0	0	0	0	0	0	0	0	0	0	0	0	0	0	0	0	0	0	0	0	0	0	0	0	0	0	0	0	0	0	0	0	0	0	0	0	0	0	0	0	0	0	0	0	0	0	0	0	0	0	0	0	0	0	0	0	0
2021-10-04	0	0	392751544	282620912	301667528	0	0	0	0	0	278599768	0	0	97515664	0	0	0	0	0	0	0	0	0	0	0	0	0	0	0	0	0	0	0	0	0	0	0	0	0	0	0	0	0	0	0	0	0	0	0	0	0	0	0	0	0	0	0	0	0	0	0	0	0	0	0	0	0	0	0	0	0	0	0	0	0	0	0	0	0	0	0	0	0	0	0	0	0	0	0	0	0	0	0	0	0	0	0	0	0	0	0	0	0	0	0	0	0	0	0	0	0	0	0	0	0	0	0	0	0	0	0	0	0	0	0	0	0	0	0	0	0	0	0	0	0	0	0	0	0	0	0	0	0	0	0	0	0	0
2021-10-11	11712777	0	0	0	0	0	0	0	0	0	0	0	0	0	0	0	0	0	0	0	0	0	0	0	0	0	0	0	0	0	0	0	0	0	0	0	0	0	0	0	0	0	0	0	0	0	0	0	0	0	0	0	0	0	0	0	0	0	0	0	0	0	0	0	0	0	0	0	0	0	0	0	0	0	0	0	0	0	0	0	0	0	0	0	0	0	0	0	0	0	0	0	0	0	0	0	0	0	0	0	0	0	0	0	0	0	0	0	0	0	0	0	0	0	0	0	0	0	0	0	0	0	0	0	0	0	0	0	0	0	0	0	0	0	0	0	0	0	0	0	0	0	0	0	0	0	0	0
2021-10-25	0	552827509	407649793	1007250273	828190210	67193081	12774601	358948232	0	0	0	368987016	278070840	0	0	0	0	0	286964880	96794372	428924272	0	790792368	119622488	0	0	1523560392	0	0	270526856	354684148	178710000	552737624	306590000	414248808	773292144	607659824	298309680	317630352	203150572	389456856	65688696	44490544	177512648	0	617801760	142522528	150579016	180104168	0	295786000	118356672	292892580	104930672	0	112984696	0	730766288	188159800	462265424	129096848	435411752	1370067384	525753136	250334832	352319936	398404816	455289480	174427784	1109669968	882131600	697266752	284555304	0	0	113990856	754128320	305971616	732797792	181537784	138866272	0	0	118921240	0	651929976	176825256	0	298424464	46543184	0	0	405668584	0	0	444624168	163751408	181537784	264480344	274515536	0	197569200	156641376	853690768	0	1209191984	0	355733280	399970032	0	217967648	0	0	0	493018696	183587608	361222656	378412248	309640464	538859704	0	0	0	452908136	403172392	287259912	463901872	646073540	221001120	458857280	533129620	894356112	277872736	242981808	707921648	353960824	839483376	1373796440	423312600	1595754144	464940008	132000440	409440600	444347520	2711814973	548171744	1130814448	700553776
2021-11-01	0	0	0	0	0	0	470626624	0	0	0	0	0	0	0	0	0	0	0	0	0	0	0	0	0	0	0	0	0	0	0	0	0	0	0	0	0	0	0	0	0	0	0	0	0	0	0	0	0	0	0	0	0	0	0	0	0	0	0	0	0	0	0	0	0	0	0	0	0	0	0	0	0	0	0	0	0	0	0	0	0	0	0	0	0	0	0	0	0	0	0	0	0	0	0	0	0	0	0	0	0	0	0	0	0	0	0	0	0	0	0	0	0	0	0	0	0	0	0	0	0	0	0	0	0	0	0	0	0	0	0	0	0	0	0	0	0	0	0	0	0	0	0	0	0	0	0	0	0
2021-11-08	332480179	11248229	40414738	11513685	33545595	23094672	52293894	38523833	35670181	24786485	40016554	45558417	37062887	73297631	55844837	47184804	50568485	31887433	65963940	23326477	61517552	37925674	40713845	21170116	11580049	101633183	34177460	48179326	83350370	61518490	44595670	49605683	73862194	50235672	27573773	38457469	12442781	55179376	69349442	33512882	54184799	22695550	50302974	84214978	78574038	50435702	27905593	39883826	62181192	78075839	9522765	75554007	65632120	45492053	61518490	35238346	37329281	34906526	45856586	53420316	56905723	45922950	67789419	62147541	35503802	29697421	40215646	28834689	44861126	37031112	64405793	34475629	42969283	40979301	61086655	22331017	73164903	46984774	33779276	55877550	57934834	46786620	54417542	21269193	22696488	0	35868335	75122172	22264653	62713980	56640267	53554810	67390297	47017487	18680997	56574841	44263850	33447456	56641205	37062887	64503932	53621174	40812922	48344767	28237413	48411186	61815776	12410068	18449192	49771124	35736545	95861391	59793026	24022830	83351308	33381092	36002001	64338491	62978498	37859255	11646413	30095605	26877420	23028308	49971154	63973020	47847561	83683128	0	62845770	52360258	70244887	90616814	35271997	35204695	27772865	12376417	17586460	44793824	50635732	28868340	72037653	39022032	39054745	24288286	52425684	37030174	53388431
2021-11-15	11281880	31821069	12277340	16623713	12641873	24222860	11348244	0	16026437	25981037	12144612	21932833	12410068	17519158	0	11879156	9522765	9224596	16524636	23658297	0	6934569	11680064	9456401	12011884	12110961	0	0	16690077	23990117	23923753	12840965	12277340	10650953	11580049	11547336	0	12509145	18017357	22861929	16856456	12475549	12110961	12609160	21136465	11911869	24852849	11646413	0	0	12575509	0	12410068	0	0	0	10518225	0	0	21368270	11812792	10020964	13737348	14400988	12641873	11879156	24156496	22032848	24720121	0	0	24321937	12243689	0	24353767	22131925	12243689	12774601	9887353	0	0	0	33912004	12243689	9854585	42804780	0	36732005	12575509	9589129	16623713	11746428	9257309	15230069	0	11380957	12509145	12907329	0	12011884	0	0	0	12609160	0	0	31754705	24189209	12376417	14433701	0	0	12011884	0	10020964	13936440	0	0	11879156	0	12110961	11513685	11812792	0	0	14135532	11911869	0	12310053	10120041	0	0	0	11613700	0	0	17420081	0	0	12509145	14035517	14898249	11547336	24156496	0	23360128	11646413	10916409
2021-11-22	0	0	0	0	0	0	0	0	0	0	0	0	0	0	350576304	0	0	0	0	0	0	0	0	0	0	0	0	0	0	0	0	0	0	0	0	0	0	0	0	0	0	0	0	0	0	0	0	0	0	0	0	0	0	0	0	0	0	0	0	0	0	0	0	0	0	0	0	0	0	0	0	0	0	0	0	0	0	0	0	0	0	0	0	0	0	0	0	0	0	0	0	0	0	0	0	0	0	0	0	0	0	0	0	0	0	0	0	0	0	0	0	0	0	0	0	0	0	0	0	0	0	0	0	0	0	0	0	0	0	0	0	0	0	0	0	0	0	0	0	0	0	0	0	0	0	0	0	0
2021-12-13	0	0	0	0	0	0	0	717896464	348785896	0	0	0	0	0	0	0	0	0	0	0	0	0	0	0	0	0	0	0	0	0	0	0	0	0	0	0	0	0	0	0	0	0	0	0	0	0	0	0	0	0	0	0	0	0	0	0	0	0	0	0	0	0	0	0	0	0	0	0	0	0	0	0	0	0	0	0	0	0	0	0	0	0	0	0	0	0	0	0	0	0	0	0	0	0	0	0	0	0	0	0	0	0	0	0	0	0	0	0	0	0	0	0	0	0	0	0	0	0	0	0	0	0	0	0	0	0	0	0	0	0	0	0	0	0	0	0	0	0	0	0	0	0	0	0	0	0	0	0
2022-01-17	0	0	0	0	301667528	183057608	0	0	0	0	0	0	0	0	0	0	0	0	0	0	0	0	0	0	0	0	0	0	0	0	0	0	0	0	0	0	0	0	0	0	0	0	0	0	0	0	0	0	0	0	0	0	0	0	0	0	0	0	0	0	0	0	0	0	0	0	0	0	0	0	0	0	0	0	0	0	0	0	0	0	0	0	0	0	0	0	0	0	0	0	0	0	0	0	0	0	0	0	0	0	0	0	0	0	0	0	0	0	0	0	0	0	0	0	0	0	0	0	0	0	0	0	0	0	0	0	0	0	0	0	0	0	0	0	0	0	0	0	0	0	0	0	0	0	0	0	0	0
2022-02-14	0	0	0	0	6428224752	0	0	0	0	0	0	0	0	0	0	0	0	0	0	0	0	0	0	0	0	0	0	0	0	0	0	0	0	0	0	0	0	0	0	0	0	0	0	0	0	0	0	0	0	0	0	0	0	0	0	0	0	0	0	0	0	0	0	0	0	0	0	0	0	0	0	0	0	0	0	0	0	0	0	0	0	0	0	0	0	0	0	0	0	0	0	0	0	0	0	0	0	0	0	0	0	0	0	0	0	0	0	0	0	0	0	0	0	0	0	0	0	0	0	0	0	0	0	0	0	0	0	0	0	0	0	0	0	0	0	0	0	0	0	0	0	0	0	0	0	0	0	0
2022-02-28	67680824	5301440	0	0	0	0	142579592	0	0	0	0	0	0	0	0	0	0	0	0	0	0	0	0	0	0	0	0	0	0	0	0	0	0	0	0	0	0	0	0	0	0	0	0	0	0	0	0	0	0	0	0	0	0	0	0	0	0	0	0	0	0	0	0	0	0	0	0	0	0	0	0	0	0	0	0	0	0	0	0	0	0	0	0	0	0	0	0	0	0	0	0	0	0	0	0	0	0	0	0	0	0	0	0	0	0	0	0	0	0	0	0	0	0	0	0	0	0	0	0	0	0	0	0	0	0	0	0	0	0	0	0	0	0	0	0	0	0	0	0	0	0	0	0	0	0	0	0	0
2022-03-07	163411732	0	0	0	0	0	0	0	0	0	0	0	0	0	0	0	0	0	0	0	0	0	0	0	0	0	0	0	0	0	0	0	0	0	0	0	0	0	0	0	0	0	0	0	0	0	0	0	0	0	0	0	0	0	0	0	0	0	0	0	0	0	0	0	0	0	0	0	0	0	0	0	0	0	0	0	0	0	0	0	0	0	0	0	0	0	0	0	0	0	0	0	0	0	0	0	0	0	0	0	0	0	0	0	0	0	0	0	0	0	0	0	0	0	0	0	0	0	0	0	0	0	0	0	0	0	0	0	0	0	0	0	0	0	0	0	0	0	0	0	0	0	0	0	0	0	0	0
2022-03-14	432416	0	0	0	0	0	0	0	0	0	0	0	0	0	0	0	0	0	0	0	0	0	0	0	0	0	0	0	0	0	0	0	0	0	0	0	0	0	0	0	0	0	0	0	0	0	0	0	0	0	0	0	0	0	0	0	0	0	0	0	0	0	0	0	0	0	0	0	0	0	0	0	0	0	0	0	0	0	0	0	0	0	0	0	0	0	0	0	0	0	0	0	0	0	0	0	0	0	0	0	0	0	0	0	0	0	0	0	0	0	0	0	0	0	0	0	0	0	0	0	0	0	0	0	0	0	0	0	0	0	0	0	0	0	0	0	0	0	0	0	0	0	0	0	0	0	0	0
2022-03-28	210416	3563096	3074728	3269700	294128	82744	0	0	0	0	2390328	1273704	2033576	201120	159128	366448	174624	225576	206984	0	0	0	0	0	0	0	0	0	0	0	0	0	0	306590000	0	0	0	0	0	0	0	0	0	0	0	0	0	0	0	0	0	0	0	0	0	0	0	0	0	0	0	0	0	0	0	0	0	0	0	0	0	0	0	0	0	0	0	0	0	0	0	0	0	0	0	0	0	0	0	0	0	0	0	0	0	0	0	0	0	0	0	0	0	0	0	0	0	0	0	0	0	0	0	0	0	0	0	0	0	0	0	0	0	0	0	0	0	0	0	0	0	0	0	0	0	0	0	0	0	0	0	0	0	0	0	0	0	0
2022-04-04	24739696	0	0	4885452	0	0	0	0	0	0	0	0	0	0	0	0	0	0	116472	0	0	0	0	0	0	0	0	0	0	0	0	0	0	0	0	0	0	0	0	0	0	0	0	0	0	0	0	0	0	0	0	0	0	0	0	0	0	0	0	0	0	0	0	0	0	0	0	0	0	0	0	0	0	0	0	0	0	0	0	0	0	0	0	0	0	0	0	0	0	0	0	0	0	0	0	0	0	0	0	0	0	0	0	0	0	0	0	0	0	0	0	0	0	0	0	0	0	0	0	0	0	0	0	0	0	0	0	0	0	0	0	0	0	0	0	0	0	0	0	0	0	0	0	0	0	0	0	0
2022-04-11	1601664984	1134829208	1013615200	945544584	778845320	473349804	805197524	168272	193400	201704	720431540	952508764	718771504	253479192	303494920	656817320	331638992	300824	574128	251335044	1525190752	521641328	686307572	154800	330684644	434926020	868685816	741577552	376560	928668408	608795252	613493248	943536516	166530364	485158264	261176	330046440	513327040	172647980	352757928	337346036	114053464	234512	308399260	124616	2119716376	244819868	258720096	309364988	498602936	507809448	357120	502945044	180457980	839341912	194188144	949864088	627171256	646085416	396823808	201320	373886748	319760	451287164	215075564	45640	681771448	232496	298926268	948774776	88624	220392	163984	1073953432	351544	195520248	645089456	523711976	373048	310855940	238188660	262276	568170304	62564692	632975812	577557496	95862388	453767716	157183012	55930736	616225008	248840	254896	30091968	286686404	760358796	280426808	310948332	451527188	395200	264820	674639676	268321192	236160	827425872	2067507056	977654792	1217227384	109765900	135186812	482309392	719965176	244728	1656071480	1346224400	767076312	182322124	914761056	755009248	1192268200	757523140	336677432	842274824	1094850352	690884188	492419608	795230592	1107028556	275968	674490616	612712	767388416	237103824	250920	208308	245008	1430663208	1170549712	217668	1359584320	792340008	90304	698097080	378852672	1135610208	314340	630080	277704
2022-04-18	6244072	0	0	16922840	0	0	0	0	0	0	0	0	0	0	0	0	0	0	0	0	0	0	0	0	0	0	0	0	0	0	0	0	0	0	0	0	0	0	0	0	0	0	0	0	0	0	0	0	0	0	0	0	0	0	0	0	0	0	0	0	0	0	0	0	0	0	0	0	0	0	0	0	0	0	0	0	0	0	0	0	0	0	0	0	0	0	0	0	0	0	0	0	0	0	0	0	0	0	0	0	0	0	0	0	0	0	0	0	0	0	0	0	0	0	0	0	0	0	0	0	0	0	0	0	0	0	0	0	0	0	0	0	0	0	0	0	0	0	0	0	0	0	0	0	0	0	0	0
2022-04-25	299376312	354912	569600	20111061	303105328	368304	58995512	269608	349070912	198862872	557504000	459816	278322952	195133264	350803896	174384	127952280	118747548	430968160	193857928	429397856	145067792	395731664	0	191186524	129272	1016141424	433638888	396688256	386880	355212708	179046064	276582108	306764840	414432320	278592	607890048	169320	317939888	203400276	194814596	131714816	44771760	355270488	276208	617890096	142721880	301412248	180389024	134808	314704	118752376	293172940	105259464	219448	249848	277182208	396424	337616	231293520	160888	217901700	301248	210992	250581040	228616	1195379024	455746688	261368	335648	222848	272480	854042832	213432	357576	114295656	754443536	612114848	366807520	228952	139118736	144289696	180816	119390888	736124608	565010168	292808	263983404	298814640	46822912	304824	322879216	354144	58422888	167680392	445044584	327833456	181853144	264873304	549271200	649696896	268784	156967344	427203800	967885768	146352	284919656	356060176	200239688	156905888	436142344	210198432	475335944	745481632	986385264	287816	124680	378619184	309802680	539124752	260368	169728	831368240	906029688	403375488	84824	256848	161592	40432	229513512	533293932	274536	278110120	150960	708262136	354238608	839707664	437680	108968	1596124152	465204928	276248	409933168	314512	662994536	334304	1131127056	410936
2022-05-02	0	392240	0	15479604	340920	170872	0	0	0	0	345264	243320	130464	158328	179640	117448	149328	224600	156752	261024	306784	84888	0	0	0	0	0	0	0	0	0	0	0	0	0	0	0	0	0	0	0	0	0	0	0	0	0	0	0	0	0	0	0	0	0	0	0	0	0	0	0	0	0	0	0	0	0	0	0	0	0	0	0	0	0	0	0	0	0	0	0	0	0	0	0	0	0	0	0	0	0	0	0	0	0	0	0	0	0	0	0	0	0	0	0	0	0	0	0	0	0	0	0	0	0	0	0	0	0	0	0	0	0	0	0	0	0	0	0	0	0	0	0	0	0	0	0	0	0	0	0	0	0	0	0	0	0	0
2022-05-09	299000608	0	392751544	282620912	0	0	0	0	0	0	0	0	0	0	0	0	0	0	0	0	0	0	0	0	0	0	0	0	0	0	0	0	0	0	0	0	0	0	0	0	0	0	0	0	0	0	0	0	0	0	0	0	0	0	0	0	0	0	0	0	0	0	0	0	0	0	0	0	0	0	0	0	0	0	0	0	0	0	0	0	0	0	0	0	0	0	0	0	0	0	0	0	0	0	0	0	0	0	0	0	0	0	0	0	0	0	0	0	0	0	0	0	0	0	0	0	0	0	0	0	0	0	0	0	0	0	0	0	0	0	0	0	0	0	0	0	0	0	0	0	0	0	0	0	0	0	0	0
2022-05-16	0	0	0	0	154888	0	0	0	0	0	0	0	0	0	0	0	0	0	0	0	0	0	0	0	0	0	0	0	0	0	0	0	0	0	0	0	0	0	0	0	0	0	0	0	0	0	0	0	0	0	0	0	0	0	0	0	0	0	0	0	0	0	0	0	0	0	0	0	0	0	0	0	0	0	0	0	0	0	0	0	0	0	0	0	0	0	0	0	0	0	0	0	0	0	0	0	0	0	0	0	0	0	0	0	0	0	0	0	0	0	0	0	0	0	0	0	0	0	0	0	0	0	0	0	0	0	0	0	0	0	0	0	0	0	0	0	0	0	0	0	0	0	0	0	0	0	0	0
2022-05-30	0	439662912	0	0	0	0	0	0	0	0	0	0	278070840	0	0	126556056	0	0	0	0	0	144966648	0	0	0	0	507853464	0	0	0	0	0	0	0	0	0	0	0	317630352	0	0	0	0	0	0	0	0	0	180104168	0	0	0	0	0	0	0	276781568	0	0	0	0	217705876	0	0	0	0	0	0	174427784	0	441065800	0	284555304	0	0	0	377064160	305971616	0	0	138866272	0	330260264	0	0	0	0	0	0	0	257891884	0	0	0	0	444624168	163751408	0	0	0	0	0	0	426845384	483730312	0	0	0	0	78389912	0	209978048	0	745144168	0	183587608	0	0	0	538859704	441447976	275260392	0	452908136	403172392	0	463901872	0	221001120	229428640	533129620	447178056	138936368	242981808	353960824	353960824	839483376	686898220	0	0	0	0	409440600	222173760	0	0	1130814448	0
2022-06-06	299000608	0	392751544	0	0	0	470626624	0	0	0	0	368987016	0	97515664	0	0	0	0	0	0	0	0	0	0	0	0	0	433398216	0	0	354684148	0	0	0	0	0	0	298309680	0	0	0	0	0	0	0	0	0	0	0	0	0	118356672	0	0	0	0	276781568	0	0	0	129096848	0	0	0	0	0	398404816	0	174427784	0	441065800	0	284555304	0	281210272	0	377064160	0	0	0	0	0	330260264	0	0	0	0	0	0	0	0	0	0	0	0	0	0	0	0	274515536	0	0	0	0	483730312	604595992	0	0	0	0	0	209978048	474945112	745144168	493018696	183587608	361222656	378412248	309640464	538859704	0	275260392	831100768	0	403172392	287259912	463901872	0	0	0	0	447178056	138936368	0	353960824	0	839483376	0	0	0	464940008	132000440	409440600	222173760	0	548171744	1130814448	0
2022-06-13	299000608	135179537	392751544	101883600	0	321788088	556615577	0	348785896	198594704	0	368987016	278070840	0	0	0	0	0	143482440	0	0	144966648	0	0	190880100	254040112	507853464	0	396173072	270526856	354684148	0	0	0	0	0	303829912	298309680	0	203150572	194728428	65688696	44490544	177512648	263356088	0	0	150579016	180104168	145207544	0	0	292892580	104930672	0	0	276781568	0	0	231132712	129096848	0	0	0	0	0	398404816	455289480	0	0	0	0	0	314661400	0	0	0	305971616	0	0	138866272	144056472	0	118921240	367906456	0	0	263682052	0	0	257891884	0	0	0	167306424	0	0	0	264480344	274515536	0	0	156641376	426845384	0	0	284838944	0	0	0	0	0	0	0	493018696	183587608	361222656	378412248	0	0	0	0	0	452908136	0	287259912	463901872	0	0	229428640	533129620	447178056	138936368	242981808	353960824	353960824	0	686898220	423312600	797877072	0	132000440	409440600	222173760	662632072	548171744	0	0
2022-06-27	0	0	0	0	0	0	0	0	0	0	0	0	0	0	0	0	0	0	0	0	0	0	0	0	0	0	0	0	0	0	0	0	0	0	0	0	0	0	0	0	0	0	0	0	0	0	0	0	0	0	0	0	0	0	0	0	0	0	0	0	0	0	0	13936440	0	0	0	0	0	0	0	0	0	0	0	0	0	0	0	0	0	0	0	0	0	0	0	0	0	0	0	0	0	0	0	0	0	0	0	0	0	0	0	0	0	0	0	0	0	0	0	0	0	0	0	0	0	0	0	0	0	0	0	0	0	0	0	0	0	0	0	0	0	0	0	0	0	0	0	0	0	0	0	0	0	0	0	0
2022-07-04	771826624	405328	1013610888	2427037464	1740465688	321584	1610074800	614337568	597071316	222832	462536	620859648	206592	311869712	116589632	0	0	0	0	0	0	0	0	0	0	0	0	0	0	0	0	0	0	0	0	0	0	0	0	0	0	0	0	0	0	0	0	0	0	0	0	0	0	0	0	0	0	0	0	0	0	0	0	0	0	0	0	0	0	0	0	0	0	0	0	0	0	0	0	0	0	0	0	0	0	0	0	0	0	0	0	0	0	0	0	0	0	0	0	0	0	0	0	0	0	0	0	0	0	0	0	0	0	0	0	0	0	0	0	0	0	0	0	0	0	0	0	0	0	0	0	0	0	0	0	0	0	0	0	0	0	0	0	0	0	0	0	0
2022-07-11	83886080	163083033	167772160	1140654412	1388377453	0	164253876	107289992	163092037	62914560	142385090	245352668	208850708	20971520	32972688	42669976	1879288	41943040	120153537	56608988	182438108	117689556	223142993	20971520	62914560	203409628	203409628	167772160	104857600	80035976	161466588	104857600	249091720	101272952	204533608	155959352	184097208	214423600	124505656	20971520	41943040	0	23519024	83886080	173694465	251658240	80135053	92247448	109655833	41943040	79803233	55442112	125120420	77653580	97746064	106679124	183333553	167772160	161466588	168218152	80848236	106542704	288456609	118461724	20971520	108830741	167772160	203631240	104857600	104857600	184992653	204835985	194363652	146800640	191018620	72047816	121348089	62914560	167772160	76680184	114310104	116779380	141516584	62914560	121413570	251658240	41943040	177925356	188743680	62071864	153034284	79405049	146800640	0	77580508	151022888	83886080	80500524	147011600	127714896	114981452	62914560	93726816	167772160	232072072	273789173	33180704	292818720	41943040	72084340	71167008	126091968	160372312	435025444	209715200	138026269	109564416	147725528	79770520	394707853	141456877	83886080	419430400	320773444	104857600	142220532	228502316	247614660	109837948	104857600	340270380	237462856	96993328	161466588	62914560	119523548	378109936	351353900	230686720	329238748	213281768	69085880	266324188	83886080	427896156	212627424	503316480	167772160
2022-07-18	0	0	0	268107856	778810144	0	0	0	0	0	0	0	0	0	0	0	0	0	0	0	0	0	0	0	0	0	0	0	0	0	0	0	0	0	0	0	0	0	0	0	0	0	0	0	0	0	0	0	0	0	0	0	0	0	0	0	0	0	0	0	0	0	0	0	0	0	0	0	0	0	0	0	0	0	0	0	0	0	0	0	0	0	0	0	0	0	0	0	0	0	0	0	0	0	0	0	0	0	0	0	0	0	0	0	0	0	0	0	0	0	0	0	0	0	0	0	0	0	0	0	0	0	0	0	0	0	0	0	0	0	0	0	0	0	0	0	0	0	0	0	0	0	0	0	0	0	0	0
2022-07-25	0	0	0	0	0	0	0	0	0	0	0	0	0	0	0	0	0	0	0	0	0	0	0	0	0	0	0	0	0	0	0	0	0	0	0	0	0	0	0	0	0	0	27713328	0	0	0	0	0	0	0	0	0	0	0	0	0	0	0	0	0	0	0	0	170601880	0	0	0	153299592	0	0	0	0	0	0	0	0	0	0	0	0	0	0	0	0	0	0	0	0	0	0	0	0	0	0	0	0	0	0	0	0	0	0	0	0	0	0	0	0	0	0	0	0	0	0	0	0	0	0	0	0	0	0	0	0	0	0	0	0	0	0	0	0	0	0	0	0	0	0	0	0	0	0	0	0	0	0	0	0
2022-08-01	0	246724928	0	4378222864	6199969880	0	0	0	0	0	0	0	0	0	0	0	0	0	16777216	33554432	0	0	0	0	48273764	159383552	0	0	0	0	0	0	0	0	0	0	0	150994944	0	0	0	0	667358160	0	171081400	0	92190880	0	0	58720256	0	0	192229284	37821808	8388608	0	0	0	0	0	0	167374228	456689128	0	0	0	0	0	0	293601280	290070856	25165824	0	0	50331648	58720256	0	0	0	0	29814368	0	0	0	0	0	0	0	0	698147760	0	0	0	149203464	0	0	0	0	0	0	0	0	0	0	134217728	168388376	0	0	0	0	0	142606336	125829120	293601280	0	0	0	0	0	0	0	0	0	243269632	0	0	0	0	0	0	0	78079304	0	0	117440512	0	0	268435456	0	311337808	0	0	0	0	0	0	593943536	0
2022-08-08	625077728	0	0	0	0	0	0	358948232	0	0	0	368987016	0	0	0	0	127708408	118365388	0	0	0	0	0	119622488	0	0	0	0	396173072	270526856	0	178710000	0	0	0	0	0	0	0	203150572	0	65688696	622867616	0	0	617801760	0	0	0	0	147893000	0	0	0	0	112984696	0	0	0	231132712	129096848	0	0	0	0	176159968	0	0	174427784	0	0	0	0	0	0	0	0	0	0	0	0	144056472	0	118921240	367906456	0	176825256	263682052	0	605061392	257891884	0	405668584	0	0	444624168	0	181537784	0	274515536	0	197569200	0	0	0	0	284838944	0	199985016	0	0	0	0	0	0	183587608	0	378412248	0	538859704	441447976	0	0	0	403172392	0	0	0	0	0	0	0	0	0	0	0	0	0	423312600	0	464940008	132000440	0	0	0	0	0	700553776
2022-08-15	0	0	0	1294967752	291776	0	0	0	0	0	0	0	0	0	0	0	0	0	0	0	0	0	0	0	0	0	0	0	0	0	0	0	0	0	0	0	0	0	0	0	0	0	578377072	0	0	0	0	0	0	0	0	0	0	0	0	0	0	0	0	0	0	0	0	0	0	0	0	0	0	0	0	0	0	0	0	0	0	0	0	0	0	0	0	0	0	0	0	0	0	651604576	0	0	0	0	0	0	0	0	0	0	0	0	0	0	0	0	0	0	0	0	0	0	0	0	0	0	0	0	0	0	0	0	0	0	0	0	0	0	0	0	0	0	0	0	0	0	0	0	0	0	0	0	0	0	0	0	0	0
2022-08-22	0	439662912	0	282620912	0	183057608	470626624	0	0	0	0	368987016	0	0	116858768	0	0	118365388	0	96794372	0	0	0	0	204152900	0	0	0	396173072	0	0	0	276368812	0	0	386646072	0	0	0	0	194728428	65688696	133471632	177512648	263356088	0	142522528	150579016	0	145207544	147893000	118356672	0	0	244546704	0	0	0	0	0	129096848	217705876	456689128	368476552	125167416	0	398404816	1586276896	0	0	0	0	0	0	0	0	377064160	0	366398896	181537784	138866272	0	0	118921240	0	564779184	0	263682052	298424464	186172736	0	0	0	58123096	167306424	0	0	181537784	0	0	0	0	0	426845384	0	604595992	0	0	0	0	0	0	0	0	0	0	0	378412248	0	0	0	275260392	831100768	0	0	287259912	0	646073540	0	0	0	0	138936368	0	353960824	0	0	0	423312600	0	0	132000440	0	0	0	548171744	1130814448	0
2022-08-29	0	0	0	0	0	0	0	0	0	198594704	0	0	0	0	0	0	0	0	0	0	0	0	0	0	0	0	507853464	0	0	0	354684148	0	0	0	0	0	0	0	0	0	0	0	0	0	0	0	0	0	0	0	0	0	0	0	0	0	0	0	0	0	0	0	0	0	0	0	0	0	0	0	0	0	0	0	0	0	0	0	0	0	0	0	0	0	0	0	176825256	0	0	325802288	0	0	0	174369288	0	0	0	0	0	274515536	0	0	0	0	0	0	0	0	0	0	0	0	0	0	0	367175216	0	0	0	0	0	0	0	0	0	0	0	0	0	0	0	0	0	242981808	0	0	1678966752	0	0	0	0	0	0	0	0	0	0	0
2022-09-05	0	0	0	0	0	0	0	0	0	0	0	0	0	0	0	0	0	0	0	0	0	0	0	0	0	0	0	0	0	0	0	0	0	0	0	0	0	0	0	0	0	0	0	0	0	0	0	0	0	0	0	0	0	0	0	0	0	0	0	0	0	0	0	0	0	0	0	0	0	0	0	0	0	0	0	0	0	0	0	0	0	0	0	0	0	0	0	0	0	232715920	0	0	0	290615480	0	0	0	0	0	0	0	0	0	0	0	0	0	0	0	0	0	0	0	0	0	0	0	0	0	0	0	0	0	0	0	0	0	0	0	0	0	0	0	0	0	0	0	0	0	0	0	0	0	0	0	0	0	0
2022-10-03	299000608	439662912	0	282620912	0	183057608	470626624	0	348785896	198594704	0	368987016	0	97515664	0	0	0	0	143482440	96794372	0	144966648	0	119622488	190880100	254040112	0	433398216	0	0	354684148	0	276368812	306590000	0	0	0	0	0	203150572	0	65688696	0	177512648	0	617801760	0	150579016	0	0	147893000	118356672	0	0	0	0	0	0	188159800	231132712	0	217705876	0	262876568	0	176159968	398404816	455289480	0	0	441065800	348633376	284555304	0	0	0	0	305971616	366398896	0	0	0	0	0	367906456	0	0	0	298424464	0	257891884	161319112	405668584	58123096	0	444624168	0	0	0	274515536	0	197569200	156641376	0	483730312	604595992	284838944	0	0	0	0	0	474945112	0	0	0	361222656	378412248	0	0	0	0	1662201536	0	0	0	463901872	0	221001120	0	533129620	447178056	0	0	0	0	839483376	686898220	423312600	0	0	0	0	0	792322188	548171744	0	700553776
2022-10-31	0	0	0	0	86709448	0	0	0	0	0	0	0	0	0	0	0	0	0	0	0	0	0	0	0	0	0	0	0	0	0	0	0	0	0	0	0	0	0	0	0	0	0	0	0	0	0	0	0	0	0	0	0	0	0	0	0	0	0	0	0	0	0	0	0	0	0	0	0	0	0	0	0	0	0	0	0	0	0	0	0	0	0	0	0	0	0	0	0	0	0	0	0	0	58123096	0	0	0	0	0	0	0	0	0	0	0	0	0	0	0	0	0	0	0	0	0	0	0	0	0	0	0	0	0	0	0	0	0	0	0	0	0	0	0	0	0	0	0	0	0	0	0	0	0	0	0	0	0	0
2022-11-14	15728640	20232512	5242880	32090736	327483496	10485760	26214400	33745997	15728392	21730304	0	0	15728640	5242880	5242880	0	0	0	11480972	0	0	0	0	6403657	0	0	0	0	0	0	0	0	0	23193749	0	5242880	14367461	0	0	0	0	0	9987313	28337552	0	0	0	12874616	15861120	0	5242880	5242880	10485760	0	15162946	5242880	15263844	0	11613824	0	24089373	5242880	0	6403657	0	0	0	32850428	5242880	0	13073832	15429285	5242880	5242880	5242880	10485760	50436764	35173292	0	0	10485760	5242880	5242880	7797301	0	3791024	0	0	0	0	0	0	0	0	0	0	0	0	0	0	0	0	0	0	0	5242880	0	22894642	10419148	0	0	0	11879156	0	0	0	0	15197480	0	0	15296557	22364668	10485760	0	0	5242880	7771312	5242880	0	5242880	0	22396498	0	0	0	6503672	0	0	0	0	0	0	0	0	0	0	0	0
2022-11-21	220753859	135311630	209407381	196861771	6370944	173302661	164411706	189695452	0	0	121774188	0	0	0	113646943	134781532	0	164478015	0	0	0	33578308	6403657	102592288	161956238	0	0	198319130	0	186145392	10087328	190459990	101004132	147587908	177318097	124097866	187806368	214615603	113512394	86204022	51263845	87730394	93471349	152198854	123829651	167996245	145464315	239136577	140222442	160891834	123730574	87730394	114473265	175659880	110393231	145995227	184816291	165340802	92142248	157045247	155385264	109162324	140123365	155883408	129005988	119054202	239234771	237674693	194043646	181632695	78771254	183987155	157278045	171444414	189164485	143939764	211761013	170119948	179907231	198290059	198652716	61450250	129671559	174363547	160429866	133386067	166568067	52226592	141615148	120347831	228152866	118722506	75022157	152962564	171479886	125658827	156946170	118954187	162354422	117194189	170485364	181000830	147854302	125192403	118920536	250779348	111521419	171877242	159367049	185380799	160162534	123399637	145133433	141847063	73726707	125688726	110261441	86934026	150840682	157973460	190392688	154488881	112415981	122803299	78241280	114241405	107736905	117230599	46088391	226328325	112052331	82387623	76513940	110990507	148054332	124229656	106245067	65398439	90981292	129206018	79401243	118588716	154257959	80829476	107739609	121874258	89522222	144303414
2022-11-28	94528288	88389952	93907384	104362992	406928984	433829464	87896384	445266704	435427792	255631648	331755696	0	0	97515664	116858768	126556056	127708408	0	143482440	0	428924272	144966648	0	0	0	254040112	0	433398216	0	270526856	354684148	178710000	0	306590000	0	386646072	303829912	0	0	0	0	0	44490544	177512648	263356088	617801760	142522528	0	180104168	0	0	118356672	0	0	0	0	0	0	188159800	0	129096848	217705876	0	0	125167416	0	0	0	174427784	0	441065800	348633376	0	0	0	113990856	0	305971616	366398896	181537784	0	0	330260264	118921240	367906456	0	176825256	263682052	0	0	257891884	0	405668584	0	167306424	444624168	163751408	181537784	0	274515536	324696652	0	156641376	426845384	0	604595992	0	355733280	199985016	78389912	217967648	0	474945112	745144168	493018696	183587608	0	378412248	309640464	0	441447976	0	831100768	452908136	403172392	287259912	0	646073540	221001120	0	0	447178056	138936368	242981808	353960824	353960824	0	0	0	249339594	151040533	132000440	193348052	132443753	0	0	82803481	131282852
2022-12-05	299000608	439662912	542795030	282620912	114575101	0	470626624	358948232	362489593	310615260	0	490694840	368753259	97515664	116858768	168660823	239560764	118365388	143482440	0	122306038	0	485647527	119622488	347330002	254040112	14035517	578898941	396173072	270526856	0	0	394593050	0	414248808	386646072	11746428	428016711	0	203150572	0	65688696	69409757	0	263356088	761407938	234601171	245676752	0	141882480	229885253	261068233	386198488	155497226	351953555	185087775	413787701	392823306	114209685	285681161	226781842	45193070	572324232	345530585	241833452	0	572340170	127913382	116265976	632114455	523387114	15860996	387118576	314661400	380953488	127879676	81029506	106811451	127316051	107937763	63641200	226014191	82322197	126718775	83515866	639104229	91083183	75786750	62313920	109829785	78638705	225524875	104123295	90418605	90119498	77212169	76781272	97718645	90584046	102627815	101766849	0	133386950	587305259	122370581	0	163218975	187706353	154758034	0	133187858	0	0	745144168	0	183587608	0	0	0	0	0	275260392	148618895	0	578998651	103492313	15197356	646073540	0	140588851	533129620	0	230140199	0	104487773	353960824	0	686898220	161527162	11480972	0	154988901	585035054	13305513	131199876	8527305	218561033	853617238
2022-12-12	286555062	0	16291010	302347928	212759356	75686735	174036307	249292145	13305513	207882885	213487360	286186942	173737200	228716546	152169838	108435962	157744414	161329008	209441970	128213496	252111263	167566286	191787325	79634924	241231264	320597035	187077302	259708534	322222539	270691362	245909457	154922537	168993581	157874438	271885859	244711208	347277239	0	224007516	254633040	233296655	191622767	193315518	238075691	273813174	204560988	97420476	196568292	110526897	84147676	155288008	98050465	114873270	215779318	57072102	110327805	254599444	189529956	257220353	206453769	207980086	208112869	120149677	132560683	213688328	143608882	150046190	184919065	272586847	225069285	255530361	151040712	183591785	179113622	164079886	239671241	273115000	187409122	263526754	219726569	251944829	247665758	241128435	287615948	301154314	191023670	225467469	151273510	157179851	134053404	150877147	153596195	147657086	144370716	171813582	191423675	223641107	237481229	221418327	201908249	167034436	248329398	284230501	302613329	275736847	164149009	214285604	229448371	220126574	271489496	303445224	298599659	187773710	235290279	304404219	232602068	256360435	218132840	133754297	314424355	304868767	224538373	167199877	184090922	286918712	237048456	184953709	225734801	194079173	238011203	218002926	184454572	289970518	279286797	292394156	290604204	313663349	220955655	112253354	240066611	271091367	165442638	279353161	239834861	272120423	162389894	175331812	348537217
2022-12-19	0	439662912	0	0	0	0	0	0	0	0	0	0	0	97515664	0	0	0	0	0	0	0	0	0	0	0	0	0	0	0	0	0	0	0	0	0	0	0	0	0	0	0	0	0	0	0	0	0	0	0	0	0	0	0	0	0	0	0	0	0	0	0	0	0	0	0	0	0	0	0	0	0	0	0	0	0	0	0	0	0	0	0	0	0	0	0	0	0	0	0	0	0	0	0	0	0	0	0	0	0	0	0	0	0	0	0	0	0	0	0	0	217967648	419956096	474945112	0	0	0	0	0	0	0	0	0	0	0	0	0	0	0	0	0	0	0	0	0	0	0	0	0	0	0	0	0	0	0	0	0	0	0
2022-12-26	508680029	879325824	392751544	282620912	270936464	183057608	470626624	358948232	348785896	198594704	278599768	368987016	278070840	682609648	116858768	126556056	127708408	118365388	143482440	96794372	428924272	144966648	395396184	119622488	190880100	254040112	507853464	433398216	396173072	270526856	354684148	178710000	276368812	306590000	414248808	386646072	303829912	298309680	317630352	203150572	194728428	65688696	44490544	177512648	0	0	142522528	0	0	0	0	0	0	0	0	0	0	0	0	0	0	0	0	0	0	0	0	0	0	0	0	0	0	0	0	0	0	0	0	0	0	0	0	0	0	0	0	0	0	0	0	322638224	811337168	116246192	334612848	889248336	327502816	363075568	528960688	549031072	649393304	395138400	313282752	853690768	967460624	1209191984	569677888	355733280	199985016	78389912	217967648	209978048	474945112	745144168	493018696	183587608	361222656	378412248	309640464	538859704	441447976	0	0	0	0	0	0	0	0	0	0	0	0	0	0	0	0	0	0	0	0	0	0	0	0	0	0	0
2023-01-02	464144194	120746015	88561351	0	122074233	94600475	79235802	226461991	136873405	92011341	199120023	157079836	162987170	159004447	242291267	157445362	168460793	138929751	189300965	177949962	0	142778863	250118522	232902113	148619833	160797158	184189061	192286407	176094529	210965583	233928465	198391012	209340134	186346415	357992680	245074803	240265758	326404299	224304747	298730511	196631842	188700985	123235134	144305290	266048641	159004392	211231977	132427955	176225436	244114815	260805830	219032037	168992698	149914400	119916934	274407691	94832280	128412464	274972199	225900242	323185176	179743611	141121639	288843268	199021884	238373860	184522812	329721671	230239386	292891472	476983332	349498971	195505530	356601795	250253071	130469748	268269490	106145990	94399562	155454442	113049667	152966206	136642538	124795157	79866784	78174971	49970271	117727860	175297223	136207061	94566824	171811816	148452571	102928688	181069953	217601100	191656666	196863702	150245282	96094134	122473355	121777002	137005250	171946310	217304697	334898891	254102183	209107446	229614805	241162086	241592983	186712769	161625356	159037215	124230594	146065288	100673305	143310713	84080374	67491250	71108557	134849772	93007739	48378418	54815726	99445047	128976089	113678718	204096440	182198141	182399109	0	156449971	241293931	147392568	220524813	116201488	82487638	120580629	63907594	167003599	170918137	128080644	189434631	256756743	363967316	301648761	412210192
2023-01-09	0	0	0	0	0	0	0	0	0	595784112	0	0	0	0	0	0	0	0	0	0	0	0	0	0	0	0	0	0	0	0	0	0	0	0	0	0	0	0	0	0	0	0	0	0	0	0	0	0	0	0	0	0	0	0	0	0	0	0	0	0	0	0	0	0	0	0	0	0	0	0	0	0	0	0	0	0	0	0	0	0	0	0	0	0	0	0	0	0	0	0	0	0	0	0	0	0	0	0	0	0	0	0	0	0	0	0	0	0	0	0	0	0	0	0	0	0	0	0	0	0	0	0	0	0	0	0	0	0	0	0	0	0	0	0	0	0	0	0	0	0	0	0	0	0	0	0	0	0
2023-01-30	218628280	183125361	218862030	176556387	200875620	243581144	142611546	172937135	157046185	63441225	183220803	281972497	122734176	114675116	119649602	153760698	81293086	82819706	72830379	107868640	238103824	138066136	105515063	127682584	107771439	138331537	167561899	136375206	216274648	106841350	105747806	169844961	176523674	108035957	103225036	183024408	164078010	117292328	88028618	94897706	74092178	130830529	154258897	123266964	148351563	181099852	151667997	150608932	187041775	130367857	260102966	181199867	111752341	152766176	115269578	150906108	134516076	98645920	206667621	123666031	121209680	48112962	101964065	116231387	272120771	161159870	133985288	223903749	172939011	175230045	175296409	102296823	89985832	168260763	112218958	196433688	151669818	229876454	187507261	115071424	195901893	172972607	185449039	237243796	117461521	170119134	262693093	106113222	161159111	134749757	122139659	82587653	107871454	250316621	160164410	291758649	176089894	134947028	167133513	113513277	133188796	198652661	157775251	173702611	97453189	0	0	0	0	0	0	0	0	0	0	0	0	0	0	0	0	0	0	0	0	0	0	0	0	0	0	0	0	0	0	0	0	0	0	0	0	0	0	0	0	0	0	0
2023-02-06	47342368	88389952	93907384	104362992	86709448	67714248	0	0	0	0	0	0	0	0	0	0	0	5242880	33381960	33879812	88137072	34866168	0	0	0	0	0	0	0	0	0	0	0	0	0	0	0	0	0	0	0	0	0	0	0	0	0	0	0	0	0	0	0	0	0	0	0	0	0	0	0	0	0	0	0	0	0	0	0	0	0	0	0	0	0	0	0	0	0	0	0	0	0	0	0	0	0	0	0	0	0	0	0	0	0	0	0	0	0	0	0	0	0	0	103724118	202701803	135146120	172506293	214413642	209902766	191687310	232764695	142546120	101335014	159235259	136405160	131264240	78440372	123931487	167231707	190460928	161059910	128177845	127914320	87632255	68852181	94699552	78040367	134116954	188533737	165174423	140056063	104552261	120048724	74757763	176623813	101999592	173569993	139659755	164975276	206850960	111954192	127846963	63839354	0	137371604	115835079	141650675
2023-02-13	0	0	0	0	0	0	0	0	0	0	0	0	0	0	0	0	0	0	0	0	0	0	0	0	0	0	0	0	0	0	0	0	0	0	0	0	0	0	0	0	0	0	0	0	0	0	0	0	0	0	0	0	0	0	0	0	0	0	0	0	0	0	0	341203760	0	0	0	293601280	0	0	0	0	0	0	0	0	0	0	0	0	0	0	0	0	0	0	0	0	0	0	0	0	0	0	0	0	0	0	0	0	0	0	0	0	0	0	0	0	0	0	0	0	0	0	0	0	0	0	0	0	0	0	0	0	0	0	0	0	0	0	0	0	0	0	0	0	0	0	0	0	0	0	0	0	0	0	0	0
2023-02-20	0	0	0	0	0	0	0	0	0	0	0	0	0	0	0	0	0	0	25165824	0	0	0	0	0	0	0	0	0	0	0	0	0	0	0	0	0	0	0	0	0	0	0	0	0	0	0	0	0	0	0	0	0	0	0	0	0	0	0	0	0	0	0	0	0	0	0	0	0	0	0	0	0	0	0	0	0	0	0	0	0	0	0	0	0	0	0	0	0	0	0	0	0	0	0	0	0	0	0	0	0	0	0	0	0	0	301989888	0	0	0	0	0	0	0	0	0	0	0	0	0	0	0	0	0	0	0	0	0	0	0	0	0	0	0	0	0	0	0	0	0	0	0	0	0	0	0	0	0	0
2023-02-27	771642048	1056105728	1067225240	595709888	561795872	453914600	646419392	804214936	608711584	426742480	416368904	551215768	703338720	132116768	231505472	381848976	227718112	277254140	210246360	232313620	605198416	249565152	637866336	258288992	654586300	557168880	374663776	1258212016	173686304	452961824	183248604	516062640	122821464	793466960	917687864	1052426520	748189072	156217440	404573984	309285808	191711152	102694248	159538160	202236504	235535072	336496800	238823904	40478536	162825144	257364712	244449560	221768448	355098440	157505616	356152752	265553768	739033600	61296104	285439000	463603400	219518384	495831228	647108512	116808496	228701608	276821664	356299584	498270000	292596632	928681160	694715680	172978752	541972680	834060920	403228896	216143448	354823040	305971616	631977664	486295504	138866272	198738528	896326600	271212640	159096112	652456288	133449552	638373912	465357232	216344544	297564336	204874528	337061237	153849184	594893904	280053624	176681424	121903088	248179792	158933560	203386596	168034320	337562080	86058184	341085728	272381256	118790208	217853280	127340272	260877560	60681248	447221888	182272776	1167850608	236493528	0	564086784	191518344	289911120	771318496	207610488	180906936	162737856	350889480	114284624	153990936	644502208	235483920	268987200	291085120	246725820	224800728	89129056	0	165349992	110233328	190611408	68238380	246215520	203066688	587416504	171485920	174502920	196634880	129887504	181751712	287010752	174273632
2023-03-06	0	0	0	109605872	102438088	0	0	0	0	0	0	0	0	0	0	10485760	0	0	0	0	0	0	0	0	0	0	0	0	0	0	0	0	0	0	0	0	0	0	0	0	0	0	0	0	0	0	0	0	0	0	0	0	0	0	0	0	0	0	0	0	0	0	0	0	0	0	0	0	0	0	0	0	0	0	0	0	0	0	0	0	0	0	0	0	0	0	0	0	0	0	0	0	0	0	0	0	0	0	0	0	0	0	0	0	0	0	0	0	0	0	0	0	0	0	0	0	0	0	0	0	0	0	0	0	0	0	0	0	0	0	82241940	0	0	0	0	0	0	0	0	0	0	0	0	0	0	0	0	0
2023-03-27	299000608	439662912	392751544	0	301667528	366115216	470626624	358948232	348785896	198594704	278599768	368987016	278070840	0	0	253112112	127708408	118365388	143482440	0	0	289933296	0	239244976	190880100	254040112	701964233	177420692	0	811580568	0	0	0	0	0	386646072	0	298309680	0	0	0	0	0	0	263356088	0	0	0	0	145207544	0	0	0	104930672	0	0	0	0	0	0	0	0	475051181	262876568	0	33553632	0	0	174427784	572705745	73147988	348633376	0	0	0	0	377064160	0	0	0	0	144056472	0	0	0	0	353650512	0	0	0	515783768	0	811337168	0	0	0	163751408	0	264480344	0	0	197569200	156641376	426845384	0	604595992	0	355733280	199985016	78389912	217967648	0	0	0	0	183587608	0	0	309640464	0	441447976	0	0	0	403172392	287259912	0	0	0	0	0	447178056	0	242981808	353960824	353960824	0	0	423312600	797877072	0	132000440	409440600	0	662632072	0	0	0
2023-04-03	299000608	125059730	0	248394824	0	0	0	0	0	0	100203239	0	86170371	0	0	0	0	0	0	0	0	0	0	0	0	0	0	0	0	0	0	0	0	0	0	0	0	0	0	0	0	0	0	0	0	0	0	0	0	0	0	0	0	0	0	0	0	179841750	0	0	0	0	0	0	0	0	0	0	0	0	0	0	0	0	0	0	0	0	0	0	0	0	0	0	0	0	0	170218032	0	0	131395092	0	0	0	0	0	0	264584936	0	0	0	0	0	0	0	0	0	0	0	0	0	0	0	0	0	0	0	0	0	0	0	0	0	0	0	0	0	0	0	0	10252769	0	0	6403657	0	0	0	0	0	0	0	0	0	0	0	0	0	0
2023-04-10	0	439662912	0	0	301667528	0	470626624	0	0	0	0	0	0	97515664	0	0	127708408	0	143482440	0	176690922	0	0	0	190880100	0	0	0	396173072	270526856	0	178710000	0	306590000	519266555	386646072	0	0	317630352	139625221	0	52425684	44490544	177512648	263356088	0	148926185	150579016	0	0	147893000	118356672	292892580	0	244546704	0	276781568	365383144	188159800	0	0	217705876	0	262876568	0	176159968	0	455289480	0	554834984	882131600	0	284555304	0	281210272	0	377064160	0	366398896	181537784	0	144056472	0	118921240	367906456	564779184	176825256	263682052	0	0	257891884	161319112	405668584	0	0	444624168	0	0	0	274515536	0	0	0	426845384	0	0	0	355733280	0	78389912	0	0	474945112	0	0	0	0	0	0	538859704	441447976	0	0	0	0	0	0	0	221001120	0	533129620	0	0	0	353960824	353960824	839483376	1373796440	0	797877072	659512690	0	0	222173760	0	0	1130814448	700553776
2023-04-17	0	0	0	0	0	54017482	0	0	0	0	0	0	0	0	0	0	0	0	0	0	0	0	0	0	119718780	0	0	0	0	0	0	0	0	0	0	0	0	0	0	0	0	0	0	0	0	0	0	0	0	0	0	0	0	0	0	0	0	0	0	0	0	0	0	0	0	200774598	0	0	0	0	0	0	0	0	0	0	0	0	0	0	0	0	0	0	0	0	0	0	0	0	0	0	0	0	0	0	0	0	0	0	0	0	81458582	0	174466266	0	204560933	0	0	0	0	0	0	0	0	0	0	0	0	0	0	0	0	0	0	0	0	0	0	0	0	0	0	0	0	0	0	0	0	0	0	229847493	0	150377072	161857106	0	0	0
2023-04-24	0	0	0	0	0	0	0	0	0	0	0	0	0	0	0	0	0	0	0	0	0	0	0	0	0	0	0	0	0	0	0	0	0	0	0	0	0	0	0	0	0	0	0	165041640	0	101733198	0	0	0	0	0	0	0	0	0	0	0	0	0	79800365	0	0	0	0	0	0	0	0	0	0	0	0	0	0	0	0	0	277460490	0	0	0	0	0	0	0	0	0	0	180802676	0	0	0	0	0	0	0	0	0	0	0	0	187471789	0	0	0	0	0	0	0	0	0	0	0	0	0	0	0	0	0	0	0	0	0	0	0	0	0	0	0	0	0	0	0	0	0	0	10087328	0	0	0	0	0	152666161	0	0	0	34905588	0
2023-05-01	0	0	0	0	0	0	0	208907471	0	0	176123545	195867304	0	6370944	0	0	0	0	0	0	0	160197068	0	0	0	0	0	0	217103784	0	0	0	0	0	0	0	0	0	0	0	0	0	0	0	0	0	0	157740662	0	0	0	0	0	0	0	0	0	0	0	0	0	0	83516749	0	0	0	0	0	0	0	150475266	0	0	0	0	0	0	0	0	0	0	0	0	0	0	0	0	0	0	0	0	0	0	0	0	0	185979013	0	0	0	119417852	0	0	0	0	0	0	0	223773780	0	0	0	0	0	190888183	0	0	0	0	0	0	0	0	0	148320781	0	146196140	174065378	0	0	0	0	0	0	0	0	0	156248879	0	0	208509177	0	0	0	0	0	0	0
2023-05-08	0	0	206950975	0	180503569	0	265050312	0	0	0	0	0	0	0	0	0	0	0	0	0	0	0	0	0	0	0	0	0	0	0	0	0	0	0	132525156	0	0	0	0	0	0	0	0	0	0	0	0	0	0	62778468	0	0	0	0	0	0	0	0	0	0	0	9954600	268928385	153824664	0	0	153793411	144910984	0	0	0	0	0	192083673	0	0	0	0	0	0	0	0	8726397	0	0	0	0	0	0	0	0	88394972	0	58123096	0	0	0	0	0	0	0	0	0	143771509	0	0	0	0	0	26677390	135611551	0	0	80362169	115005998	0	86004930	0	0	0	0	0	0	0	0	0	0	0	0	209601010	0	0	0	0	0	0	0	0	0	0	0	0	0	0	0	0	0	0
2023-05-15	15329146	0	0	284326709	201009162	0	0	96691410	0	0	0	0	0	0	0	0	0	0	0	0	0	0	0	65099387	0	0	0	0	0	133287928	0	0	0	0	127646105	0	203796340	0	0	0	0	0	0	0	0	0	0	0	0	0	0	0	0	110360518	0	0	68121239	0	0	0	0	179444504	0	0	0	141650675	0	0	0	0	0	0	0	0	0	0	0	0	0	0	0	0	0	0	0	0	0	0	0	140687983	0	0	0	0	0	0	0	0	0	0	0	0	0	0	0	0	0	122337923	0	0	0	0	0	0	0	0	0	0	0	0	0	0	0	0	0	0	0	0	0	0	0	0	0	0	0	151703469	0	0	0	0	0	0	0	0	0	0	0	0
2023-05-22	299000608	0	392751544	0	304363080	183057608	470626624	0	0	0	278599768	368987016	278070840	97515664	132623350	126556056	127708408	0	143482440	96794372	0	144966648	395396184	119622488	190880100	254040112	507853464	0	396173072	270526856	354684148	232430251	276368812	306590000	414248808	0	0	298309680	317630352	203150572	194728428	65688696	125723315	0	365021046	117261436	0	0	0	0	147893000	0	292892580	0	244546704	112984696	0	365383144	114273235	0	0	0	0	262876568	0	0	0	0	0	554834984	574849168	0	0	0	281210272	0	0	247034831	366398896	181537784	0	0	190954492	118921240	0	564779184	176825256	0	298424464	46543184	0	161319112	405668584	0	0	0	163751408	181537784	0	274515536	0	197569200	0	417899230	0	199021705	151737824	0	0	0	0	0	0	0	0	0	57568480	0	0	0	0	0	224070128	0	157111666	0	0	206583628	0	0	0	0	0	0	0	0	0	0	0	0	0	0	0	0	209473745	0	95363192	0
2023-05-29	0	0	0	0	1047528	0	0	0	146989694	75220366	109630514	0	0	0	0	0	0	0	0	0	0	0	0	0	0	0	72103079	0	0	0	0	0	0	0	0	0	0	0	0	0	0	155684316	0	0	0	0	0	0	57237543	0	0	0	0	0	147721629	0	0	0	0	0	0	0	0	0	0	0	0	0	0	0	0	0	29331950	0	0	99507714	0	0	0	0	0	0	0	0	0	0	0	0	0	0	0	0	250778410	205654642	0	0	0	0	0	0	0	0	0	0	0	210233758	0	232198366	0	0	0	0	0	0	0	0	0	0	0	0	70343081	0	0	0	0	0	0	0	0	0	0	0	0	0	0	0	0	0	0	0	0	0	0	0	0	0	0	0
2023-06-05	0	0	0	0	1358232	0	0	0	0	0	0	0	132728	86603144	0	0	0	0	0	0	0	0	0	0	0	0	0	0	0	0	0	0	0	0	0	0	0	0	0	0	0	0	0	0	0	0	0	0	0	0	0	0	132592458	0	0	0	0	0	78539449	0	0	0	0	0	0	0	8892776	0	0	0	0	0	0	0	0	0	58264778	0	0	0	0	0	92177720	0	0	0	0	0	0	0	0	0	0	0	0	0	0	0	0	0	0	172078100	0	0	0	0	0	0	12011884	0	0	0	0	0	0	0	0	0	0	0	0	0	77378548	0	0	0	0	0	0	0	0	0	0	153031632	0	0	11215516	0	0	0	0	0	0	0	0	0	0	0
2023-06-12	94528288	10485760	0	93877232	1529128	0	0	25581915	0	0	0	0	0	0	0	0	6403657	0	0	0	0	0	0	0	0	0	0	0	0	0	0	0	0	0	0	0	0	0	171909845	0	0	0	0	0	73662164	0	0	0	0	0	0	0	0	0	0	0	0	0	0	0	0	0	0	0	103025944	0	0	0	0	0	0	0	0	0	0	0	0	0	0	0	0	0	0	0	0	158505255	0	0	94696848	0	0	105284141	0	0	0	0	0	0	0	0	0	0	0	0	0	0	0	0	0	0	0	0	0	0	0	0	0	0	0	0	0	0	0	0	57142312	0	0	0	0	0	0	0	0	0	0	0	0	92541315	0	0	0	0	0	0	0	0	0	0
2023-06-19	0	0	0	0	222263352	0	0	0	0	0	0	0	0	0	0	0	0	0	0	0	0	0	0	0	0	0	0	0	0	0	0	0	0	0	0	0	0	0	0	0	0	0	0	0	0	0	0	0	0	0	0	0	0	0	0	0	0	0	0	0	0	0	0	0	0	0	0	0	0	0	0	0	0	0	0	0	0	0	0	0	0	0	0	0	0	0	0	0	0	0	0	0	0	0	0	0	0	0	0	0	0	0	0	0	0	0	0	0	0	0	0	0	0	0	0	0	0	0	0	0	0	0	0	0	0	0	0	0	0	0	0	0	0	0	0	0	0	0	0	0	0	0	0	0	0	0	0	0
2023-06-26	0	0	0	240893871	986956072	0	0	0	0	0	116466006	0	0	0	0	0	218525561	0	0	0	0	0	105049577	0	0	0	0	0	0	0	126387065	0	0	0	0	0	0	0	0	0	0	0	0	0	0	0	0	0	175461726	0	0	0	0	0	0	0	0	0	0	0	0	0	0	0	0	0	0	0	0	0	0	0	0	0	0	0	0	0	183162874	0	0	0	173772727	0	95294952	0	0	0	0	115934156	0	0	0	0	0	0	0	0	0	0	0	0	0	0	0	0	0	160432735	0	0	0	0	0	0	0	0	172008094	0	0	125058737	0	0	152965268	0	0	0	0	0	0	0	0	0	0	0	0	0	0	0	0	0	0	0	0	0	131230589	0	0	0
2023-07-03	547492688	0	0	0	87646120	175266496	0	0	0	0	0	0	0	0	0	0	0	0	0	0	0	0	0	148020681	0	0	0	0	0	0	0	0	0	0	0	0	0	0	0	130767917	0	0	0	0	0	0	0	0	0	0	0	67323933	0	0	166105340	0	0	0	0	0	0	0	0	0	0	0	0	0	162021609	0	194839131	0	0	0	0	0	10020964	0	0	349269980	0	0	0	0	0	0	0	0	0	0	0	0	0	0	0	0	0	0	0	0	0	0	0	0	0	0	0	0	0	0	0	0	0	0	0	0	0	0	5441848	0	0	0	0	0	0	0	0	0	0	0	0	0	0	0	0	0	0	0	0	0	0	0	109266919	0	0	193977282	0	0
2023-07-10	0	0	0	0	947752	156850017	0	0	0	0	0	0	0	0	125295232	0	0	0	98815996	160267404	0	0	0	0	0	0	0	0	0	0	0	0	0	115471704	0	0	0	0	238378660	0	0	0	0	0	0	0	0	0	0	138037120	0	0	0	0	0	0	0	0	0	0	0	0	0	0	0	0	0	0	0	0	8760048	0	0	0	0	0	0	0	0	175797408	0	0	0	0	0	0	0	0	0	0	0	0	0	151972732	0	0	0	0	0	0	0	0	0	0	0	0	0	0	0	0	6370944	0	0	0	0	0	0	0	0	0	0	0	0	0	0	0	0	0	0	0	0	0	0	0	0	0	0	0	36301108	0	0	0	0	0	0	0	0	0
2023-07-17	0	151006123	0	0	1378392	0	0	0	0	0	0	6370944	0	95659540	0	0	0	0	0	0	0	58665776	0	0	0	0	0	0	0	0	0	0	0	0	0	0	0	0	0	0	0	0	0	0	0	0	233468552	0	0	0	0	160564415	0	0	0	0	0	0	0	0	0	0	0	0	0	0	209371909	0	0	0	0	0	0	0	0	0	0	0	0	0	0	214050985	0	0	161329008	0	0	0	0	0	0	0	0	0	0	0	0	0	0	0	0	0	0	233296600	0	0	0	172480036	0	0	0	0	180173570	0	0	0	0	0	0	0	0	518551412	0	0	0	0	0	0	0	0	0	0	0	0	0	0	0	0	0	0	0	0	0	0	0	36599277	0	0
2023-07-24	0	0	0	0	2051496	0	0	0	0	0	0	0	0	0	0	0	173437155	0	0	0	0	0	0	0	0	0	0	0	0	0	0	0	172373510	0	0	0	0	0	185282715	0	0	0	0	0	0	0	0	0	0	0	0	0	0	0	0	0	0	0	0	0	0	0	0	0	118589654	0	0	0	0	0	0	107905988	0	0	0	203796340	0	0	0	0	0	0	0	0	0	0	0	0	0	46543184	0	0	0	149345257	0	162455320	0	0	0	0	0	0	0	0	0	0	0	0	0	0	124363322	0	0	0	191089041	0	0	0	0	0	0	220354682	165306213	0	0	0	0	0	0	0	0	133586097	0	0	0	0	0	0	0	0	0	0	0	0	0	111155948	0	0
2023-07-31	0	0	10684604	11712777	1264368	0	0	158438008	0	0	0	0	0	0	0	0	16524636	0	0	6403657	0	0	11945520	0	0	9954600	0	0	0	0	0	0	0	0	0	0	6570036	0	20705568	0	0	13007344	0	6304580	0	0	0	0	0	0	12177325	0	0	0	0	0	0	0	0	16557349	0	2787288	0	25483776	0	0	0	12609160	19909200	0	0	10286420	12078248	0	9954600	0	0	0	6304580	0	0	0	0	0	0	0	0	4446388	0	0	0	0	0	58123096	0	0	0	0	0	6304580	0	0	0	0	0	0	0	0	0	0	0	0	0	10120041	0	0	6370944	0	0	0	0	9423688	0	0	0	0	0	10020964	0	0	0	0	0	0	0	0	6437308	0	0	0	0	8428228	0	0	10120041	0	0	0
2023-08-07	0	244152328	0	0	1133424	0	0	0	0	0	0	0	0	0	0	0	0	0	0	0	0	270299744	0	0	0	0	211369340	0	0	0	0	0	0	0	0	0	0	0	0	0	0	0	0	0	0	0	0	0	0	157015568	0	0	0	0	0	0	0	0	0	0	82955000	12410068	0	0	211566776	0	0	0	0	0	0	0	0	0	0	0	0	0	0	0	0	0	0	0	0	0	0	0	171418212	46543184	0	89657764	0	58123096	0	0	0	0	0	312706340	0	0	6304580	0	0	0	9821872	0	0	0	0	0	0	0	0	0	0	0	0	0	0	0	0	10087328	0	0	0	12808252	102465188	0	0	0	0	0	0	0	0	2787288	0	0	0	0	0	0	0	0	0	0
2023-08-14	0	0	0	0	1658136	0	0	0	0	0	0	0	0	0	0	0	0	0	0	0	0	0	0	0	0	0	0	0	0	0	0	0	202542928	0	0	130007076	12675524	0	0	0	0	0	0	0	169360100	0	0	0	0	0	0	0	0	0	0	120782480	0	0	0	0	0	0	51697556	0	158676324	0	0	0	0	156883668	375288420	0	0	0	0	0	0	0	0	0	0	0	0	0	0	0	0	0	0	46543184	0	0	0	116246192	0	0	0	180111068	0	0	100806088	0	0	0	0	0	0	0	0	0	0	0	0	0	0	0	0	0	0	0	6370944	0	0	0	0	0	0	0	0	0	0	0	0	0	0	0	0	0	0	0	0	204600212	0	0	0	0	0	0
2023-08-21	0	0	0	0	1657112	0	0	0	0	0	0	191460140	0	0	0	0	0	0	0	0	257425956	0	6370944	0	0	0	0	0	0	0	0	0	0	0	0	0	0	0	0	0	0	110760688	0	0	0	0	0	0	0	0	0	0	0	0	0	0	0	0	0	110628788	0	0	0	0	0	0	0	0	0	0	0	0	0	0	0	165047268	125029776	0	0	0	0	0	166640004	0	0	0	0	0	0	0	0	0	0	0	0	0	0	0	0	0	0	0	0	0	99611536	0	0	0	0	0	0	0	0	0	0	0	0	0	0	10485512	0	0	0	0	0	0	0	157348216	0	103527012	0	0	0	0	0	0	0	0	0	0	0	0	0	0	0	0	0	0
2023-08-28	0	0	0	158277312	1911256	0	0	0	0	0	0	0	0	0	0	0	0	0	132927092	0	0	0	0	0	111159700	0	0	0	0	0	0	0	0	0	0	0	163121884	0	0	0	0	0	0	0	0	0	0	0	0	0	0	0	0	0	0	0	0	0	0	0	0	0	0	0	0	0	211701160	0	0	0	0	0	0	0	0	0	0	0	0	0	0	0	0	0	0	0	168297448	0	0	186172736	0	0	0	174369288	0	0	311578152	0	254771396	0	0	0	0	0	0	302288020	0	127485244	0	0	0	0	0	0	0	0	0	0	162459072	0	0	0	0	0	0	0	0	0	0	0	0	0	210638508	0	0	0	0	0	0	0	0	0	0	0	189932940	0	0	0
2023-09-04	0	0	0	0	2140480	0	27292096	0	0	0	0	0	217673092	0	0	87467752	0	0	0	157946320	0	0	0	0	0	0	0	0	0	0	0	0	0	0	0	106779676	0	168763652	108968032	0	0	0	0	0	0	0	0	0	0	121512484	0	0	0	0	0	0	0	0	0	0	0	0	0	0	0	124631592	0	0	0	0	0	189269300	0	0	0	0	0	0	0	0	0	0	0	0	0	0	0	0	190596580	0	0	0	0	0	0	0	0	298106260	0	0	0	0	0	0	0	0	201281184	0	0	0	0	0	0	0	0	0	0	0	0	0	0	0	0	0	0	0	0	0	0	0	0	0	0	0	0	0	0	0	0	0	224574948	0	0	0	0	0	0	0
2023-09-11	299000608	0	0	0	1504152	53091200	147858992	0	0	0	216413004	368987016	0	0	0	0	0	0	0	20902872	0	0	0	0	0	254040112	0	0	0	270526856	129077152	0	0	0	0	386646072	0	0	0	0	0	0	44490544	284026868	263356088	617801760	0	150579016	0	0	154462208	0	292892580	220005848	0	0	0	365383144	188159800	231132712	129096848	0	0	262876568	125167416	176159968	398404816	455289480	0	0	0	697266752	284555304	0	562420544	0	377064160	611943232	366398896	0	277732544	0	0	200284896	0	564779184	0	527364104	0	0	257891884	322638224	0	0	0	444624168	163751408	181537784	264480344	0	324696652	197569200	156641376	190595752	483730312	604595992	0	355733280	199985016	78389912	217967648	209978048	474945112	0	0	183587608	566021960	378412248	309640464	538859704	441447976	275260392	831100768	452908136	403172392	287259912	463901872	646073540	0	0	533129620	0	0	242981808	0	353960824	0	0	423312600	0	464940008	0	409440600	0	0	0	0	700553776
2023-09-18	299000608	439662912	0	282620912	1460760	0	0	358948232	348785896	198594704	0	368987016	278070840	97515664	399235932	0	127708408	118365388	365147724	0	428924272	289933296	395396184	0	0	0	227826784	433398216	0	143810788	0	178710000	276368812	306590000	414248808	386646072	303829912	0	317630352	203150572	0	0	165577352	177512648	0	0	223950328	0	180104168	145207544	0	0	0	104930672	0	0	276781568	365383144	188159800	0	0	0	456689128	0	0	176159968	0	455289480	174427784	0	0	348633376	250788728	0	447717548	113990856	377064160	305971616	0	363075568	0	144056472	0	118921240	367906456	564779184	176825256	263682052	0	46543184	0	161319112	0	0	167306424	0	0	181537784	0	0	0	0	0	0	0	0	0	0	0	0	0	0	0	0	0	0	0	26744692	0	0	0	0	0	0	0	0	0	0	223379568	0	0	208847508	0	0	0	0	0	0	0	0	0	0	0	0	0	0	0	0
2023-09-25	202012016	402165012	110428868	131002536	152036784	106116036	9290960	91847776	0	0	0	0	0	0	0	0	0	0	0	0	0	0	0	0	0	0	0	0	0	0	0	0	157347388	0	0	0	0	0	0	0	135913472	0	0	0	0	0	0	0	0	0	0	0	0	0	0	0	0	0	0	0	0	0	0	0	0	0	0	0	0	0	0	0	0	0	0	0	0	0	0	0	0	0	0	0	0	0	0	124366136	0	0	195174040	0	0	58123096	0	0	0	0	0	0	0	0	0	0	0	0	0	0	0	0	0	0	0	0	0	169558364	0	0	0	0	0	0	101603284	0	0	0	0	0	0	0	0	0	0	0	0	0	162459072	6370944	0	0	0	149716356	0	0	0	6370944	0	164118172
2023-10-02	298039068	0	239308584	0	968496	0	0	0	0	0	0	0	0	255235944	0	0	0	0	0	8826412	0	0	0	0	0	0	0	0	0	0	6304580	0	0	0	0	0	0	0	0	0	28470156	0	0	0	0	0	0	0	0	0	0	0	0	0	0	0	127286152	185287460	0	0	0	0	0	0	0	0	0	0	0	0	0	0	0	0	0	0	0	0	0	0	0	0	0	0	0	0	0	0	0	0	0	0	0	0	170953664	0	0	0	0	0	0	0	0	0	0	0	0	0	0	0	0	0	0	0	103063292	0	0	0	0	0	0	0	0	0	0	0	0	0	0	0	0	0	0	0	0	0	155291760	0	0	220659472	0	0	0	0	0	0	0	0
2023-10-09	0	0	0	0	645106716	183057608	0	8627320	0	125293576	0	0	0	0	0	0	0	0	0	0	0	169691920	0	0	0	0	0	0	0	0	0	0	0	132661636	0	0	0	0	0	122242488	0	0	0	0	125427960	0	0	118724368	0	0	0	0	0	0	0	0	0	0	0	0	0	0	0	0	0	0	0	0	0	0	0	0	0	0	0	0	0	0	0	0	0	0	0	0	0	0	0	0	0	0	0	0	0	0	0	0	0	0	0	0	0	0	0	0	0	0	0	0	0	0	0	214620348	0	0	0	0	0	0	0	0	0	89723300	0	0	0	0	0	0	0	0	0	0	0	0	0	0	0	128679796	0	0	0	0	0	0	0	0	0	0
2023-10-16	0	0	192653036	0	129024	0	170156468	0	0	0	0	0	0	0	0	0	188075576	0	0	0	0	0	0	0	0	0	0	0	0	0	0	0	71274936	0	0	0	0	0	0	0	0	8560128	33554432	0	0	0	0	0	0	0	0	0	0	0	300966996	0	0	0	0	0	0	0	0	33554432	0	0	0	226492416	0	0	0	0	0	0	0	0	182566536	0	0	0	0	0	0	0	0	0	0	0	0	0	0	0	0	0	0	0	0	0	0	0	0	132661636	0	0	0	385875968	0	0	0	0	0	0	0	0	0	0	0	0	111358792	0	0	0	0	0	0	0	0	0	8892776	0	0	0	0	150512724	0	0	0	0	0	0	6370944	0	0	0	0	0	0	0
2023-10-23	0	0	0	0	0	0	470626624	0	0	0	0	368987016	0	97515664	0	136975204	0	0	0	0	0	144966648	395396184	119622488	323039944	0	0	10087328	0	270526856	354684148	0	0	0	414248808	386646072	0	0	0	203150572	194728428	65688696	12940980	0	0	617801760	0	150579016	0	150914848	147893000	0	109051904	104930672	67108864	0	276781568	0	188159800	231132712	129096848	0	456689128	0	0	0	398404816	0	0	758417952	441065800	348633376	0	0	281210272	0	377064160	0	366398896	181537784	71757408	0	0	9091868	0	0	176825256	117729736	0	93086368	257891884	161319112	405668584	58123096	0	444624168	163751408	181537784	264480344	0	324696652	0	156641376	426845384	483730312	0	0	355733280	199985016	78389912	0	0	474945112	0	493018696	183587608	0	0	309640464	538859704	441447976	0	0	0	0	314070968	0	0	221001120	0	533129620	0	138936368	0	0	353960824	0	401685548	0	0	0	0	409440600	0	0	548171744	1130814448	0
2023-10-30	0	0	155621924	0	479800	99171528	0	0	186149364	0	0	150883208	0	0	0	0	0	0	0	0	0	0	0	0	0	54153024	0	0	167772160	0	0	0	0	0	0	0	75497472	0	0	0	0	0	0	0	0	0	0	0	0	0	0	0	0	0	0	0	0	134782800	0	0	0	0	0	0	0	0	0	0	0	0	0	176160768	83886080	0	0	0	0	234881024	0	0	0	0	0	0	62913072	0	0	0	0	46543184	0	0	0	25165824	0	0	0	0	0	0	0	0	0	221124020	0	0	0	0	0	0	0	0	0	301989888	0	0	0	0	0	25085592	0	0	0	0	0	0	129542528	72403124	0	0	0	0	0	0	0	0	0	0	41943040	0	0	0	0	0	0	0	535223280	33314728
2023-11-06	359029240	0	342419896	0	387176	0	173805660	0	0	130338896	0	0	0	0	0	0	0	0	0	0	0	0	0	0	17520096	0	0	16777216	0	0	0	0	0	0	0	0	0	0	0	0	0	0	0	0	0	0	0	0	0	0	0	134319908	0	0	0	0	113747896	0	0	0	0	0	0	0	0	0	0	0	0	0	0	0	141951768	0	0	0	0	0	0	0	0	0	0	0	0	0	0	0	0	0	0	0	0	0	0	0	0	0	0	0	0	0	0	0	0	0	0	0	0	0	0	0	0	0	0	0	0	75497472	0	0	0	0	0	0	0	0	0	0	132660808	0	0	0	0	25085592	0	0	0	0	0	0	184689356	0	0	144275336	0	124960928	0	0
2023-11-13	0	0	0	0	703999240	0	0	0	0	0	0	0	0	0	0	0	0	0	160998236	0	0	0	0	0	0	0	0	0	0	0	0	0	0	0	0	0	0	0	0	0	0	0	0	0	122906128	135116276	0	0	229286792	0	0	0	69748564	0	0	0	0	0	0	0	0	0	0	0	0	0	0	0	0	0	0	0	0	40150220	0	0	0	0	0	0	0	0	0	0	0	0	0	0	0	46543184	0	0	0	0	0	0	0	0	0	134718092	0	0	0	0	0	0	0	0	0	0	0	0	0	0	0	0	0	0	0	0	0	0	0	0	0	0	0	0	0	0	0	0	0	0	0	0	0	0	0	0	0	0	0	0	0	0	0	0
2023-11-20	299000608	0	0	0	69781536	0	0	0	0	0	0	0	0	0	0	0	0	0	0	0	0	0	0	0	0	0	0	0	0	0	0	0	0	0	0	0	0	0	0	0	0	0	0	0	0	0	0	0	0	0	0	0	0	0	0	0	0	0	0	0	0	0	0	0	0	0	0	0	0	0	0	0	0	0	0	0	0	0	0	0	0	0	0	0	0	0	0	0	0	0	0	0	0	0	0	0	0	0	0	0	0	0	0	0	0	0	0	0	0	0	0	0	0	0	0	0	0	0	0	0	0	0	0	0	0	0	0	0	0	0	0	0	0	0	0	0	0	0	0	0	0	0	0	0	0	0	0	0
2023-11-27	1126400	7352256	7376124	1331200	3788392	1126400	1228800	1024000	728296	614400	8081112	1126400	6882944	645264	1126400	8578080	9501468	614400	532040	614400	8951644	1024000	1463384	11324000	921600	804912	1690264	9076876	1728272	1126400	892148	7491636	1220012	1433600	1433600	1024000	1024000	819200	1214352	1115372	373228	8523132	1536000	1077448	1638400	8244200	5656916	921600	716800	721144	614400	6967616	540580	8316544	8369872	7849536	614400	614400	7569416	835112	584848	7256508	8749096	1039768	614400	921600	990416	512000	859784	1260584	1126400	2111776	1331200	9029424	10447688	1126400	13458688	1228800	8492804	7599744	1445472	1331200	737064	716800	9427608	2295984	1740800	307200	819200	1024000	8968212	11059456	9008120	1803096	921600	1536000	1037808	1928184	7436744	7997976	4033212	614400	1433600	12063696	1536000	947992	307200	1126400	716800	921600	9234016	1024000	1037912	1699536	9372660	9186772	1843200	1170648	10483724	10110160	8530416	8067776	921600	8142072	1047592	130312	1053872	1433600	8533636	3881052	716800	8251968	7190144	7683044	1192824	7768568	7004256	7291564	307200	1512272	8144336	10075256	10796632	1399360	513672	7154108	523248	1331200
2023-12-04	0	0	0	0	4049548	0	0	0	0	0	0	91114376	36700160	34601104	38215568	32184216	33336568	39722188	33381960	33879812	88137072	34866168	80823384	46222168	54565220	75782192	93665944	76882376	0	0	0	0	0	81146160	0	57671680	88871832	78108720	86943632	77321452	47927788	34231416	28761904	67412168	58883768	67299360	48150688	45721416	54275048	56078584	48278280	55442112	62205860	52501872	0	39584376	61823488	0	57087800	42389032	0	0	0	0	0	0	0	0	0	0	0	0	0	0	61009312	0	15728640	0	0	60951544	60223072	49684632	78602024	50763800	58576536	0	66724776	0	0	0	0	0	0	0	0	0	0	0	0	0	0	0	0	0	0	0	0	0	0	0	0	0	0	0	0	0	0	0	0	0	0	0	0	0	0	0	0	0	0	0	0	0	0	0	0	0	58294256	68238380	61553880	63873872	61238248	42871480	58167640	43915840	0	0	0	0
2023-12-11	0	0	0	0	303504	0	0	0	0	0	0	0	0	0	0	0	0	0	0	0	0	0	0	0	0	0	0	0	0	0	0	0	0	0	0	0	0	0	0	0	0	0	0	0	0	0	0	0	0	0	0	0	0	0	0	0	0	0	0	0	0	0	0	0	0	0	0	0	0	0	0	0	0	0	0	0	0	0	0	0	0	0	0	0	0	0	0	0	0	93086368	0	0	0	58123096	0	0	0	0	0	0	0	0	0	0	0	0	0	0	0	0	0	0	0	0	0	0	0	0	0	0	0	0	0	0	0	0	0	0	0	0	0	0	0	0	0	0	0	0	0	0	0	0	0	0	0	0	0	0
2024-01-01	10020964	0	8959140	80234076	9158232	37893844	134652556	0	0	6304580	0	11680064	41477500	8627320	36765656	53555748	54816664	47714888	26877420	33513820	145668980	85011456	185619280	188737560	163918252	299830896	225903056	6370944	177057496	102864200	52029376	177123032	133390812	179447428	168298276	77645880	37230204	121578848	103793296	54883028	40681132	72204032	86671384	123302656	172877392	189665828	155821844	172546400	182567364	211831404	106846040	116534356	135382560	128479876	196304712	106513392	112951528	98616076	126887968	190464680	207385016	126423420	153831752	50768460	149450900	169360928	174801948	205395752	102465188	83285164	150114540	222385764	86273200	139696220	138567204	240236024	241497768	265456000	132993456	17188276	60656696	11613700	35703832	240170488	100408732	175067404	6370944	200086632	269368164	323965068	240038588	179447428	112752436	227616752	210437760	179780076	224508584	207850392	133920068	107907864	116268900	174005580	240569500	228955800	182565708	227694056	164118172	197497608	143877152	91249672	157349044	100076912	176196420	255765200	118393376	164316436	98882360	124233408	170356388	87600480	203603096	243356788	202542100	151708104	103660568	157215488	170288368	171152756	76384964	152836292	136908932	179713712	130736252	124299772	104522472	144341700	168299104	208581224	170421096	133788168	174005580	131930804	166904632	113615168	111425156	121445292	90122312	49441180
2024-01-08	598001216	0	0	0	0	183057608	470626624	358948232	348785896	198594704	278599768	221766704	278070840	97515664	116858768	104670888	127708408	118365388	117147320	48512084	0	0	0	21701028	0	0	0	0	0	0	0	0	0	0	0	0	0	0	0	0	0	0	0	0	0	0	0	0	0	0	0	0	0	0	0	0	0	0	0	0	0	0	0	0	0	0	0	0	0	0	0	0	0	0	0	0	0	0	0	0	0	0	0	0	0	0	0	0	0	0	0	0	0	0	0	0	0	0	0	0	0	0	0	0	0	0	0	0	0	0	0	0	0	0	0	0	0	0	0	0	0	0	0	0	0	0	0	0	0	0	0	0	0	0	0	0	0	0	0	0	0	0	0	0	0	0	0	60523968
2024-01-15	53223928	0	0	0	0	0	0	0	0	0	0	0	0	0	0	0	0	0	0	0	0	0	0	0	0	0	0	0	0	0	0	0	0	0	0	0	0	0	0	0	0	0	0	0	0	0	0	0	0	0	0	0	0	0	0	0	0	0	0	0	0	0	0	0	0	0	0	0	0	0	0	0	0	0	0	0	0	0	0	0	0	0	0	0	0	0	0	0	0	0	0	0	0	0	0	0	0	0	0	0	0	0	0	0	0	0	0	0	0	0	0	0	0	0	0	0	0	0	0	0	0	0	0	0	0	0	0	0	0	0	0	0	0	0	0	0	0	0	0	0	0	0	0	0	0	0	0	0
2024-01-22	0	5906396	2709944	0	5972760	9664048	3915476	6439636	10899536	2396304	19067248	11570576	8363564	0	13035220	9477204	0	8948956	7034584	2612744	2837872	2394096	9888236	6695644	6304580	11052768	11007976	8210240	6732324	5706512	9003892	14135532	2858412	4972416	23575160	6171852	0	2066480	6515976	10551876	0	4810992	18250100	3432648	2645688	3249848	5288256	3384564	6966124	8323444	6710456	0	12315548	6747640	11307012	6863376	2724920	7926888	2611000	6304580	7300040	7100948	2647528	0	1570616	4711844	11973944	0	5110028	4048204	0	6304580	0	7366404	8131616	5972760	0	0	0	4078584	6370944	15588760	9669796	0	3669656	3831984	0	4446388	2078864	46543184	0	2394312	2754912	61769392	9205844	0	6370944	4078584	2643544	7233676	0	6370944	0	3830984	0	2279192	2624544	10352784	2148216	9804056	3644448	2618048	6636400	0	6370944	0	0	0	0	0	0	0	0	0	0	0	0	0	0	0	0	0	0	0	0	0	0	0	0	0	0	0	0	0	0	0	0	0
2024-01-29	0	0	0	0	0	0	0	0	0	0	0	0	0	0	0	0	0	0	0	0	0	0	0	0	0	0	0	0	0	0	0	0	0	0	0	0	0	0	0	0	0	0	0	0	0	0	0	0	0	0	0	0	0	0	0	0	0	0	0	0	0	0	0	0	0	7034584	0	0	8766728	0	8857544	0	4047456	9429144	1760672	0	8850196	9088708	5707304	0	2571872	7890536	2170664	6370944	3669656	132728	0	2152452	7122528	0	0	8765256	2622184	6835492	4579116	0	0	4078584	2643544	8195280	0	4048204	2123648	1990920	3883912	6769128	0	3849112	1924556	6304580	3644448	0	0	0	3649096	2851608	0	0	5441848	0	0	2057192	9954600	10618240	8201700	0	0	6370944	10485512	3636640	6370944	0	132728	1829808	3036024	3036024	8119920	0	8102744	3048272	8720912	6370944	0	6968220	6901856	1867744	0	9624252
2024-02-12	0	0	392751544	0	301667528	0	0	0	0	0	278599768	0	0	0	116858768	0	127708408	118365388	0	96794372	0	0	582131160	119622488	190880100	0	183990728	433398216	0	0	0	0	0	0	0	0	0	0	0	0	0	0	0	0	0	0	0	0	0	0	0	0	0	0	0	0	0	0	0	0	0	0	0	0	0	0	0	0	0	0	0	0	0	0	0	0	0	0	0	0	0	0	0	0	0	0	0	0	0	0	0	0	0	0	0	0	0	0	0	0	0	0	0	0	0	0	0	0	0	0	0	0	0	0	0	0	0	0	0	0	0	0	0	0	0	0	0	0	0	0	0	0	0	0	0	0	0	0	0	0	0	0	0	0	0	0	0	0
2024-02-19	404014656	0	0	0	306579856	0	0	0	0	0	0	0	0	0	0	0	0	0	0	0	0	0	0	0	0	0	0	0	0	0	0	0	0	0	0	0	0	0	0	0	0	0	0	0	0	0	0	0	0	0	0	0	0	0	0	0	0	0	0	0	0	0	0	0	0	0	0	0	0	0	0	0	0	0	0	0	0	0	0	0	0	0	0	0	0	0	0	0	0	0	0	0	0	0	0	0	0	0	0	0	0	0	0	0	0	0	0	0	0	0	0	0	0	0	0	0	0	0	0	0	0	0	0	0	0	0	0	0	0	0	0	0	0	0	0	0	0	0	0	0	0	0	0	0	0	0	0	0
2024-02-26	124501406	0	0	0	0	0	470626624	0	0	0	557199536	0	278070840	0	0	0	0	0	143482440	0	0	0	266363312	0	0	144371420	0	0	0	0	0	0	0	0	0	0	0	0	0	0	0	0	0	0	0	0	0	0	0	0	0	0	0	0	0	0	0	0	0	0	0	0	0	0	0	0	0	0	0	0	0	0	0	0	0	0	0	0	0	0	0	0	0	0	0	0	0	0	0	0	0	0	0	0	0	0	0	0	0	0	0	0	0	0	0	0	0	0	0	0	0	0	0	0	0	0	0	0	0	0	0	0	0	0	0	0	0	0	0	0	0	0	0	0	0	0	0	0	0	0	0	0	0	0	662632072	0	0	0
2024-03-04	0	0	0	0	197213784	0	0	0	0	0	0	0	0	0	0	0	0	0	0	0	0	0	0	0	0	0	0	0	0	0	0	0	0	0	0	0	0	0	0	0	0	0	0	0	0	0	0	0	0	0	0	0	0	0	0	0	0	0	0	0	0	0	0	0	0	0	0	0	0	0	172878220	0	0	0	0	0	0	0	0	0	0	0	0	0	0	0	0	0	0	0	105119748	0	0	0	0	0	0	0	0	0	0	0	0	0	0	0	0	0	0	0	0	0	0	0	0	57205768	0	0	0	0	0	0	0	0	0	0	0	0	0	0	0	0	0	0	0	0	0	0	0	0	0	0	0	215149604	0	0	0	0
2024-03-11	470346588	10736452	0	5388072	9540684	0	6077436	8140760	8733292	5840032	10897844	13450572	2452116	8643192	0	3909052	5720556	3583656	1351240	16089596	5906396	190462196	6370944	7233676	7509228	7698224	3840664	5441848	3878672	17851520	18626672	3517292	4247296	2235784	12185764	0	8295328	14376028	2373716	4809228	79297072	4313660	0	1707188	4835700	1659100	9141404	14799172	9023408	179909136	8117080	6212432	143678060	2190012	1707640	10134452	2361012	7167312	8624448	8241656	181584	225422076	9084836	4048204	0	10194564	2385756	15927360	10750968	2190012	196632	11787596	0	11950976	12835624	10750636	2280160	2253216	4111580	6887372	8959140	2190012	4247296	2082840	2190012	3831984	1260916	211568432	2078864	354912	12746628	183848	3352188	0	4427636	2563368	9035736	173872852	5473496	6424768	0	0	8560128	4048204	136975296	132728	9327308	0	4338228	12989528	5640940	15673048	132728	7249424	8218312	11412564	5168228	3169444	5552076	114451368	8456556	5813204	4260380	4834224	7315340	182248	4629252	8623168	5672488	3830532	0	2233936	7764588	3659616	184752	4380024	186336	0	11259316	0	9981828	8428228	4247296	0	1537672	2054152	12808252	189510388
2024-03-18	14799172	0	0	0	0	0	0	0	0	270978344	0	0	0	0	0	0	0	0	0	0	166374548	160015868	0	0	0	0	0	0	50569368	212608148	0	0	0	0	0	0	0	0	0	0	0	0	0	0	0	0	0	0	0	0	0	0	0	0	0	0	0	0	0	0	0	0	0	0	0	0	0	0	0	0	0	0	0	0	0	0	0	0	0	0	0	0	0	0	0	0	0	0	0	0	0	0	0	0	0	0	0	0	0	0	0	0	0	0	0	0	0	0	0	0	0	0	0	0	0	0	0	196702896	0	0	157945492	0	0	0	0	0	0	0	0	0	0	0	0	0	0	0	0	0	0	0	0	0	0	0	0	0	0	0
2024-03-25	62487040	0	68498288	38352692	28157128	6370944	6304580	25149608	31990692	0	41435728	8428228	31852992	13296856	26848148	28214616	30058348	10286420	29860968	20014040	0	38942024	5242756	21902248	5375484	44235388	6901856	50668432	21798672	3052744	286979820	19397744	26291988	12804400	6304580	38192872	32719172	48080352	27414304	21945072	16369772	12988044	9696688	24549192	7034584	54338848	15937856	12971984	18188380	18719680	7300040	16473692	23229160	6729072	19896608	0	6370944	38259432	12953400	0	12178192	0	6437308	18162712	6437308	5508212	0	5441848	0	0	24729544	1327280	23010024	140781420	0	5110028	0	19537428	0	18370364	13985036	15976216	0	0	18210456	0	2190012	10549252	12830864	0	0	0	27300584	4670296	0	25113512	0	12065784	0	18648264	2190012	2588196	19345120	16630984	20165512	5441848	267949872	0	0	0	0	17742232	6968220	47677136	0	17619352	0	21913628	5309120	3185472	15361576	305898112	36988768	17093736	0	20964276	2190012	265612452	7366404	13671840	5309120	18326856	0	132728	14944752	6370944	34824176	28906148	17911000	37000852	6370944	13758080	18401408	15968012	37707016	0	7100948	6304580
2024-04-01	35735228	0	33429944	0	6570036	0	6304580	6370944	6304580	7034584	6304580	0	23764080	8120464	9543568	10434456	10220056	13272800	12717640	0	48098672	19139192	32205528	0	7499132	6370944	67632092	0	181241260	12581256	6769128	0	17399212	12804400	26988444	6968220	0	6370944	0	0	9998828	6370944	4446388	25279196	3119108	0	7968928	132728	6238216	0	6370944	9505472	16924580	164065896	4048204	6370944	14432768	6570036	0	0	5807248	0	0	0	0	0	0	0	132728	0	0	20048212	0	6370944	132728	12088964	5176392	14029216	6370944	12065784	7282272	9605272	0	6690840	0	23697584	0	10549252	6503672	9422668	17019988	0	27300584	0	10554512	0	9025008	12065784	0	2787288	18988432	10996400	19345120	3318200	5840032	2787288	0	0	9725816	0	0	7034584	21722712	23838568	24026696	862732	0	15609048	4977300	5441848	0	11375592	0	0	0	8560956	28062164	6370944	10817332	4446388	32108564	0	16523804	17109552	6901856	21912972	0	0	325347560	7300040	0	14089900	26099632	9796160	6370944	0	0	22256176
2024-04-08	0	439662912	785503088	60	578797968	0	0	717896464	697571792	397189408	557199536	0	278070840	0	116858768	253112112	127708408	118365388	143482440	193588744	0	289933296	395396184	119622488	381760200	508080224	507853464	866796432	743132000	270526856	0	178710000	276368812	306590000	414248808	0	19245560	298309680	0	203150572	0	65688696	44490544	0	0	617801760	142522528	238022472	0	145207544	0	118356672	292892580	0	0	0	0	0	0	0	0	0	456689128	262876568	125167416	176159968	398404816	455289480	174427784	554834984	0	348633376	284555304	314661400	281210272	113990856	377064160	305971616	0	181537784	0	0	0	118921240	0	0	176825256	263682052	0	224020324	0	161319112	405668584	65821320	0	0	163751408	152259788	264480344	274515536	0	197569200	156641376	426845384	0	604595992	284838944	355733280	199985016	0	0	0	0	745144168	0	151656112	361222656	0	0	0	441447976	0	831100768	674045536	0	0	463901872	646073540	221001120	0	449243540	0	138936368	0	353960824	0	0	0	423312600	0	128134108	132000440	0	0	0	0	0	0
2024-04-15	0	0	0	0	0	0	0	0	0	0	0	0	0	222769984	0	0	0	0	0	234433260	0	0	163749972	0	0	0	0	0	0	0	0	0	0	0	376749772	0	0	0	0	0	0	0	0	0	0	0	0	0	0	0	0	0	0	0	0	0	0	0	0	0	0	0	0	0	0	0	0	0	0	0	0	0	0	0	0	397663348	0	0	0	0	0	0	0	0	0	0	0	0	308898472	0	0	0	0	0	0	0	0	0	0	0	0	0	0	0	0	0	0	0	0	0	0	0	0	0	0	0	0	0	0	0	0	0	215030428	0	0	0	0	0	0	0	0	0	0	0	0	152987748	0	0	0	0	0	0	0	0	0	0	0	0
2024-04-22	0	271129200	0	2720924	0	31676816	5441848	12938632	5441848	0	0	39709672	23764080	0	5574576	10434456	0	203714620	12717640	8320772	48098672	12768248	6238216	0	0	464965844	0	0	21798672	18487652	0	6370944	4579116	0	7499132	19030072	200843080	0	2190012	15109580	4977300	10068028	6370944	22956456	6370944	41596960	0	0	12680168	7172344	12515936	0	16924580	13763656	0	6901856	21533716	51035088	12953400	6702764	5807248	0	263503380	11791768	7167312	12217568	15428816	19372680	7413384	18668584	0	0	6901856	11864600	0	0	20129532	0	0	0	340843704	0	0	0	0	0	0	0	0	0	0	0	0	0	0	0	0	0	0	0	0	0	0	0	0	0	0	0	0	0	0	0	0	0	0	0	0	0	0	0	0	0	0	0	0	0	0	0	0	0	0	0	0	0	0	0	0	0	0	0	0	0	177607560	281532172	0	0	0	0
2024-04-29	317433152	6370944	0	282620912	19378316	0	3240080	0	418539700	0	0	0	295445608	0	0	0	0	0	0	0	0	0	0	0	0	0	0	0	0	0	0	0	0	0	0	0	0	0	0	0	0	0	0	0	0	0	0	0	0	0	0	0	0	0	0	135785208	0	0	0	0	0	0	0	0	0	0	0	0	0	0	0	0	0	0	0	0	0	0	6636400	12065784	7282272	0	430991836	0	18210456	23697584	15730456	10549252	6702764	4047184	6370944	0	279915044	6370944	6968220	296288484	15993228	12065784	18648272	250307796	0	7565496	20406944	6769128	7830952	20506392	15424544	6570036	16295852	6304580	6901856	0	21722712	7034584	24026696	0	0	15609048	20058284	27907636	0	14558184	52557680	0	0	0	4446388	36147252	6769128	0	18409876	6636400	4980784	400227752	15532920	0	0	0	17382616	9158232	0	0	0	7698224	0	291687480	32248432	7233676
2024-05-06	319747807	8163492	0	0	301667528	0	0	0	602033256	0	0	0	0	0	116858768	0	0	0	143482440	96794372	0	0	0	0	0	0	0	383167256	204967248	0	0	0	276368812	306590000	0	0	303829912	0	325880380	0	0	0	0	0	263356088	0	0	0	0	0	0	118356672	0	104930672	0	0	276781568	0	0	231132712	129096848	0	0	0	0	176159968	398404816	455289480	0	0	323573384	0	0	314661400	0	0	0	0	0	407532960	0	0	330260264	0	0	300084768	0	0	0	0	257891884	0	0	0	0	0	0	0	0	0	0	0	0	0	0	0	313721936	0	199985016	0	0	209978048	0	0	0	183587608	361222656	0	0	0	0	0	0	0	0	0	0	646073540	0	0	0	0	0	0	0	0	0	0	307551100	0	0	0	0	0	0	0	0	0
2024-05-13	9490064	0	0	0	7830952	0	0	0	0	0	0	0	0	0	0	0	0	0	0	0	0	0	0	0	0	0	0	0	0	0	0	0	0	0	0	0	0	0	0	0	0	235771816	0	0	0	0	0	0	0	0	250227484	0	0	0	0	0	0	0	0	0	0	0	0	0	0	0	0	0	0	0	0	0	0	0	0	0	0	0	0	0	0	0	0	0	0	0	0	0	0	0	0	253659984	0	0	0	0	0	0	0	0	0	0	360082068	0	0	0	0	0	0	0	0	0	0	0	0	0	0	0	0	0	0	0	0	0	0	0	0	0	0	0	0	0	0	0	0	0	217868716	0	0	0	0	340618532	0	0	0	0	0	0
2024-05-20	0	0	0	0	0	0	373403024	0	0	0	0	0	0	0	0	0	0	0	0	0	0	0	0	0	0	0	0	0	304827560	0	0	0	0	0	0	0	0	0	0	0	0	0	0	0	0	0	0	0	0	0	0	0	0	0	0	0	0	0	0	0	0	0	0	0	0	0	0	0	0	0	0	0	0	0	0	0	0	0	0	0	0	0	0	0	0	0	0	245650320	0	0	386430712	0	0	0	0	0	0	0	0	0	0	0	0	0	0	0	0	0	0	0	0	0	0	0	0	276876952	0	0	0	0	0	0	0	0	344573944	0	0	214474436	0	0	0	0	0	0	367453892	0	0	0	0	0	0	0	0	0	0	0	0	0
2024-05-27	0	0	0	0	0	0	470626624	0	481493616	397189408	0	0	0	0	0	0	27673788	0	0	20174656	0	0	126310576	21236480	21170116	0	0	0	0	0	0	25019228	0	0	0	20639204	0	32319268	0	0	0	23492856	22364668	24289224	0	0	186047044	0	0	30527440	20572840	0	23293764	0	0	0	0	24355588	25417412	0	0	27209240	314611680	25218320	24554680	0	0	27474696	322882820	374518888	0	20771932	0	0	0	0	29001068	0	0	0	0	0	0	0	0	0	0	316480768	0	28138336	0	0	39353852	0	0	32982908	26213780	45326612	0	42340232	43070236	65142704	42207504	25855216	0	49441180	0	0	353756028	23426492	27341968	27408332	23028308	0	25483776	0	31058352	0	0	0	0	0	28470156	241982744	0	0	0	0	0	0	0	0	192076600	0	0	0	0	0	0	0	0	0	0	0	0	0	0	0
2024-06-03	0	0	0	0	338673384	0	0	0	0	0	0	0	0	0	0	0	0	0	0	247172460	0	0	0	0	0	279950192	0	0	0	0	0	0	0	0	0	0	0	0	0	0	0	0	3568301148	0	0	0	0	0	0	0	0	0	0	0	0	0	0	0	0	0	0	0	0	0	0	327196968	0	0	0	0	0	0	0	0	0	0	0	0	0	0	0	0	0	0	0	0	0	0	0	0	0	0	0	0	0	0	0	0	0	0	0	0	0	250175896	0	0	0	0	0	268718840	0	0	0	0	0	0	0	0	0	0	0	0	0	0	0	0	0	0	0	0	0	0	0	0	0	0	0	0	0	0	256607596	0	0	0	0	0	0	0
2024-06-10	299000608	0	0	0	301667528	0	0	0	0	397189408	0	368987016	0	238237352	412864912	126556056	12542796	0	0	0	857848544	0	0	0	0	0	507853464	0	396173072	270526856	0	536130000	0	0	124786276	0	0	298309680	0	0	0	0	0	177512648	0	0	285045056	0	180104168	0	295786000	118356672	0	0	244546704	112984696	0	7897316	0	0	258193696	0	0	0	0	0	19776472	0	0	0	0	0	0	0	0	0	0	0	0	0	0	0	0	0	0	0	0	0	0	0	0	0	0	0	0	0	0	0	0	0	0	0	0	0	0	0	0	10883696	0	0	0	0	0	0	0	0	0	0	0	0	0	0	0	0	0	0	0	0	0	0	0	0	0	0	0	0	0	0	0	0	0	0	0	21900120	0	0	0	0
2024-06-17	0	0	0	0	0	0	0	0	0	0	0	0	0	0	0	0	0	0	0	0	0	0	0	0	0	0	0	0	0	0	0	0	0	0	0	0	0	0	0	0	0	0	0	0	0	0	0	0	0	0	0	0	0	0	0	0	0	0	0	0	0	0	0	0	0	0	398404816	455289480	0	554834984	441065800	348633376	0	0	0	0	0	0	366398896	0	0	144056472	0	0	367906456	0	176825256	0	298424464	46543184	0	161319112	0	0	501919272	0	0	181537784	264480344	549031072	324696652	197569200	0	0	0	0	0	0	0	0	0	0	0	0	0	0	0	0	0	0	0	0	0	0	0	0	0	0	0	0	0	0	0	0	0	0	0	0	0	0	0	0	0	0	662632072	0	0	0
2024-06-24	0	0	0	0	0	0	0	0	0	0	0	0	0	0	0	0	0	0	0	0	0	0	0	0	0	7830952	0	0	0	0	0	0	0	0	0	0	0	0	0	0	20639204	0	0	0	0	0	0	0	0	23492856	0	0	0	0	0	21833756	0	0	0	0	0	0	0	0	0	0	0	0	0	0	0	0	0	0	0	0	0	0	0	0	0	0	0	0	0	0	0	0	0	0	0	0	0	0	0	0	0	0	0	0	0	0	0	0	0	0	0	0	0	17785552	0	0	0	0	0	0	0	0	0	0	0	0	0	0	0	0	0	0	0	0	0	0	0	0	0	0	0	0	0	0	0	0	0	0	0	0	0	0
2024-07-01	7830964	0	0	0	0	0	0	0	0	0	0	0	0	0	0	101750872	0	0	0	0	0	0	0	0	0	0	0	0	0	0	0	18913740	0	0	0	0	0	0	0	0	0	0	0	0	0	0	0	0	0	0	0	0	0	0	0	0	0	0	0	0	0	0	0	0	0	0	0	0	0	0	0	0	0	0	0	0	0	0	0	0	0	0	0	0	0	0	0	0	0	0	0	0	0	0	0	0	0	0	0	0	0	0	0	0	0	0	0	0	0	0	0	0	0	0	0	0	0	0	0	0	0	0	0	0	0	0	0	0	0	0	0	0	0	0	0	0	0	0	101949964	0	0	0	0	0	0	0	0	0
2024-07-08	341668848	479031936	0	0	30217416	183057608	24064320	358948232	29799176	6370944	0	32394120	7830952	7698224	6702764	0	0	10493132	6835492	0	0	6702764	0	16221460	25198220	18390748	25901720	22042696	31484152	27278628	7034584	7661040	0	17969456	0	0	6370944	0	17213328	12571884	24845620	14294976	0	0	24753464	34823188	11581600	19604720	0	11514104	20802716	10352784	21704612	14265156	29133764	8127096	20011520	0	202439920	15912488	9952400	20784148	0	27242108	17127408	6702764	0	0	0	0	0	0	0	0	0	0	0	0	0	102215420	0	0	0	0	0	102016328	0	101286324	0	46543184	0	101153596	0	0	0	0	101817236	102215420	101750872	0	0	0	0	99826316	0	0	0	0	0	0	0	0	0	0	0	0	0	0	0	0	0	0	9954600	0	0	0	0	0	0	0	0	0	0	0	0	0	0	0	0	0	0	0	0	0	0	0	0	0
2024-07-15	29133796	18581920	13073708	29731072	22431032	49839364	30261984	34841100	6370944	13737348	6370944	0	6437308	51299372	9888236	41212044	0	6370944	12609160	6370944	25151956	19378288	23227400	27939244	31522900	0	0	20440112	42738416	15661904	25948324	19577380	10020964	9290960	25948324	20639204	0	20307384	32850180	16790092	0	13936440	32451996	14201068	0	21103752	25085592	18117372	27341968	0	31456536	0	28735612	0	0	10020964	19046468	24886500	21369208	36433836	27408332	11746428	70938272	38955668	24222860	48976632	51013468	35703832	12011884	40335488	16259180	10020964	0	33675904	28169732	0	61987608	64973804	56187036	15817816	22099212	35048908	51968700	10020964	44921120	47737860	4446388	35902924	0	29947880	0	23293764	46389800	27673788	21856000	16543016	42830948	20330568	51203804	32322384	37097476	32584724	23929900	10020964	25815596	12144612	32385632	56444756	37343916	39608416	0	42535308	44596608	42909824	57870504	31661416	26811056	42814192	42320860	17324216	23801000	18913740	72334152	30484360	25351048	40118896	23986028	22696488	26147416	12476432	46083664	22242632	15860996	10853296	23161036	17851916	19046468	47793840	5574576	0	13471892	26019952	30408280	25019228	37495660	9556416	33708440	24090132
2024-07-22	100755412	6370944	0	282620912	687034920	0	346228924	0	188636208	0	0	0	0	0	0	0	0	0	0	0	0	0	0	140971996	31390172	0	0	0	0	0	0	0	0	0	0	0	0	0	0	0	0	0	0	0	0	0	0	0	0	145207544	0	0	0	0	0	0	0	0	0	0	0	0	0	0	0	0	0	0	0	0	0	0	0	0	0	0	0	0	0	0	0	0	0	0	0	0	0	0	0	0	0	0	0	78430480	0	0	0	0	0	0	0	0	0	0	0	0	0	0	0	0	0	0	0	0	0	0	0	0	0	0	0	0	0	0	0	0	0	0	0	0	0	0	0	0	0	0	0	0	0	0	0	0	0	0	0	0	0	0
2024-07-29	0	0	0	0	0	0	0	0	0	0	0	0	0	0	0	0	0	0	0	0	0	0	0	0	0	0	0	0	0	0	0	0	0	0	0	0	0	0	0	0	0	0	0	0	0	0	0	0	0	0	0	0	0	0	0	0	0	0	0	0	0	0	0	17785552	0	0	0	0	0	0	0	0	0	0	0	0	0	0	0	0	0	0	0	0	0	0	0	0	0	0	0	0	0	0	0	0	0	0	0	0	0	0	0	0	0	0	0	0	0	0	0	0	0	0	0	0	0	0	0	0	0	0	0	0	0	0	102215420	0	0	0	0	0	0	0	0	0	0	0	0	0	0	0	0	222173760	0	0	0	0
2024-08-05	0	0	0	0	0	0	0	0	0	0	0	0	0	0	0	0	0	0	0	0	0	0	0	0	0	0	0	0	0	0	0	0	0	0	0	0	0	0	0	0	0	0	0	0	0	0	0	0	0	0	0	0	0	0	0	0	0	0	0	0	0	0	0	11414608	0	0	0	0	0	0	0	0	0	0	0	0	0	0	0	0	0	0	0	0	0	0	0	0	0	0	0	0	0	0	0	0	0	0	0	0	0	0	0	0	0	0	0	0	0	0	0	0	0	0	0	0	0	0	0	0	0	0	0	0	0	0	0	0	0	0	0	0	0	0	0	0	0	0	0	0	0	0	0	0	0	0	0	0
2024-08-12	0	0	0	0	0	0	0	0	0	0	0	0	0	0	0	0	0	0	0	0	0	0	0	0	0	0	0	0	0	0	0	0	0	0	0	0	0	0	0	0	0	0	0	0	0	0	0	9888236	0	0	0	0	0	0	0	0	0	0	0	0	0	0	0	0	0	0	0	0	0	0	0	0	0	0	0	0	0	0	0	0	0	0	0	0	0	0	0	0	0	0	0	0	0	0	0	0	0	0	0	0	0	0	0	0	0	0	0	9556416	0	0	0	0	0	0	0	0	0	0	0	0	0	0	0	0	0	0	0	0	0	0	0	0	0	0	0	0	0	0	0	0	0	0	0	0	0	0	0	0
2024-08-19	0	0	0	0	0	0	0	0	0	0	0	0	0	0	0	0	0	0	0	0	0	0	0	0	0	0	0	0	0	0	0	0	0	0	0	0	0	0	0	0	0	0	0	0	0	0	0	0	0	0	0	0	0	0	0	0	0	0	0	0	0	0	0	0	0	0	0	0	0	0	0	0	0	0	0	0	0	23028308	0	0	0	0	0	0	0	0	0	0	0	0	0	0	0	0	0	0	0	0	0	0	0	0	0	0	0	0	0	0	0	0	0	0	0	0	0	0	0	0	0	0	0	0	0	0	0	7830952	0	0	0	0	9490052	0	0	0	0	0	0	0	0	0	0	0	0	0	0	0	0	0
2024-08-26	0	0	0	0	62914560	0	0	0	0	0	0	9954600	0	11812792	0	0	0	0	0	0	0	9954600	0	0	190880100	0	0	0	14135532	0	0	0	0	0	0	9622780	0	0	0	9556416	0	0	0	0	6370944	0	0	0	0	0	0	0	10087328	6370944	0	0	0	0	0	0	0	0	0	0	11746428	0	0	455289480	0	554834984	0	0	0	0	0	0	0	0	0	7830952	0	0	0	0	0	0	0	0	0	0	10020964	9490052	0	0	0	0	0	0	0	0	0	0	0	0	6370944	0	0	0	10153692	0	0	0	0	10087328	0	0	0	0	0	0	0	0	0	0	0	13870076	0	0	0	0	0	0	0	0	7100948	0	0	0	0	0	0	0	12675524	0	0	0	0	0
2024-09-02	0	332423724	0	0	174974684	0	0	0	0	0	0	0	0	0	0	0	0	118298032	0	0	0	0	0	0	381760200	62914560	0	0	0	0	0	0	0	0	0	0	0	596619360	104857600	0	0	0	0	0	263356088	0	285045056	0	0	0	0	0	104148900	0	0	0	0	0	0	0	0	124925036	0	0	99016576	0	0	455289480	0	0	508838304	0	0	0	0	0	9490052	0	0	0	138866272	0	0	0	0	0	0	0	0	0	0	0	0	37151576	0	167772160	0	0	0	0	0	0	0	0	673859344	1209191984	0	0	0	0	0	83886080	340951732	0	0	0	0	207387260	0	0	0	0	0	452908136	0	0	0	0	0	0	0	261041812	0	0	0	0	0	377683476	0	340985176	143083264	0	0	0	0	0	0	0
2024-09-09	207282088	0	0	0	0	0	333353316	0	0	83886080	0	0	0	0	0	0	0	17785552	0	0	7830952	115474848	0	0	0	0	0	0	0	20971520	146296248	83886080	0	0	220323536	218873912	0	0	0	0	62914560	0	0	0	0	330167844	0	0	0	0	0	0	0	0	0	0	188743680	0	0	80898708	0	0	0	0	0	0	0	0	0	0	0	0	6682664	0	0	0	146800640	0	83886080	0	0	41943040	0	76978200	0	0	62914560	0	0	0	101153596	20971520	0	0	141290248	0	218487132	98380716	0	0	0	0	0	0	0	0	117066784	0	133751264	20971520	0	0	0	0	0	138458104	0	0	167772160	0	0	0	432641888	0	0	0	0	0	121650740	41943040	256981576	0	0	0	0	0	0	0	0	0	0	0	0	104857600	0	0	0	314572800
2024-09-16	501240512	441949760	469536920	521814960	433547240	398895480	451095744	449112704	472799832	285184720	282506492	222055640	284448152	111169716	76431136	74925768	84103376	97702096	77732568	75556108	359649236	110051944	358503864	109661256	218260880	314816752	374663776	291800864	205568640	149101032	129001228	113526348	127068760	87583468	203620732	135452488	112227412	84479664	100614616	77321452	63349720	34231416	28761904	67412168	58883768	94490688	64178676	0	63854544	18283232	48278280	15025320	28009192	6102384	55803024	0	20011520	80911312	6968220	39073896	62330480	81535444	70507712	84518168	68695412	57498160	107370912	107985112	59084424	116144208	90920904	102218016	128708688	163398856	81402740	107877976	185308836	175260896	200787552	69867504	66968768	49684632	78602024	65107676	94870832	94446232	66724776	89321480	99299616	36057424	88095832	63771024	64881384	31908696	67691704	22582140	77170076	13870076	16229976	6370944	62552652	69031264	81023168	187012688	92239652	90793752	85970624	79851436	73207536	59000112	60681248	58328448	67659448	95159528	104316048	64267824	67621376	87938992	65348628	84719112	78428092	85346008	121450176	70177896	87016432	51330312	0	58052616	58139772	61656480	18409876	7233676	11949004	6636400	0	9821872	7565496	7034584	17382616	0	0	0	0	9968192	0	0	0	0
2024-09-23	1055315000	795509568	845166456	939266928	818248220	618785556	757353552	690547776	693135168	461538432	582533824	553914552	588986360	242207728	267508976	193105296	200019408	238333128	200291760	203278872	616959504	195302360	565763688	245312736	381956540	530475344	655661608	761859648	607902064	412055856	435344664	380784400	429875124	413476640	713521984	629014976	533230992	390543600	521661792	469171592	287566728	205388496	143809520	337060840	294418840	336496800	240753440	182885664	271375240	269907160	241391400	235267520	191860460	210007488	0	168358468	259836748	47185920	228351200	127167096	45210768	60419476	63473128	58404248	51767096	50330848	125775056	83045000	112925968	93461544	116007240	204436032	257417376	409476240	163488800	250138600	443528800	402638880	442631280	121903088	120446144	99369264	157204048	101527600	137219736	263031312	133449552	278781968	240333088	72114848	223173252	204874528	140248528	127634784	114411888	93351208	75844576	60951544	60008024	64800336	255453488	224045760	270049664	344232736	345133932	363175008	143208576	0	63670136	20718232	0	0	0	110755688	62914560	0	135242752	138164656	115964448	154972528	138406992	144206776	244106784	140355792	114284624	102660624	60200112	58870980	95972160	118070080	82241940	74933576	44564528	48995248	77418712	55116664	15131116	10485760	61553880	63873872	61238248	55951280	58167640	49158720	95415568	52487124	9091868	0
2024-09-30	0	88389952	93907384	104362992	86709448	67714248	45953344	0	0	0	0	91114376	48645680	34601104	46710160	32184216	40172060	53260444	40549272	54718108	88137072	34866168	87260692	54783124	54565220	84674968	98444152	76882376	0	0	0	0	0	10352784	0	0	0	0	0	0	0	0	0	0	0	0	0	45721416	6370944	56078584	0	47185920	62205860	52501872	0	39584376	61823488	0	57087800	50153620	5707304	0	0	12940980	0	50330848	44398384	101295100	59084424	93461544	84549960	70760736	6370944	0	12808252	21634664	0	0	0	0	0	6370944	0	0	20971520	87677104	0	74938372	83466384	36057424	80762028	51218632	5242880	38213276	0	7100948	0	0	0	9888236	0	7233676	0	0	0	0	0	0	0	0	0	0	0	84541288	62914560	0	67621376	63839448	57982224	77486264	75574440	60302312	81368928	83716152	63712348	51330312	60200112	58870980	47986080	61656480	82241940	74933576	44564528	48995248	55116664	55116664	78601764	68238380	74163040	71638460	61238248	42871480	70644072	43915840	4114568	0	0	0
2024-10-07	336562632	13405528	9290960	9423688	28801976	9821872	109250004	9290960	12410068	0	13073708	6238216	0	110456644	6968220	16856456	0	0	8162772	11812792	4778208	26811056	7830952	6370944	14268260	7764588	0	27010148	0	98565400	0	2787288	14931900	113231844	0	116483680	0	19975564	12078248	9490052	15462812	6238216	31257444	6370944	116019132	17851916	12741888	0	9954600	0	7300040	0	115289128	0	0	6835492	19245560	9224596	8162772	12343704	10020964	12808252	0	7167312	0	12210976	0	0	0	9954600	0	0	0	0	0	16192816	11613700	6437308	4711844	0	11215516	0	0	0	8096408	0	12542796	0	18648284	0	0	13140072	6304580	0	11879156	113563664	10750968	0	13471892	6437308	16922820	18449192	0	0	0	7499132	16657364	0	0	9954600	0	13073708	100290864	6968220	6901856	16524636	6370944	6702764	0	0	0	6370944	0	10220056	10153692	0	107723632	0	0	5043664	4844572	96375388	0	6437308	9290960	0	0	0	119934608	110245464	101684508	96707208	7300040	20373748	16325544	108453636	6370944	0
2024-10-14	67108864	0	0	9821872	0	0	0	0	0	0	0	0	0	0	0	0	0	0	0	0	0	0	0	0	0	0	0	0	0	0	0	0	0	0	0	0	0	0	0	0	0	0	0	0	0	0	0	0	0	0	0	0	0	0	0	0	0	0	0	0	0	0	0	0	0	0	0	0	0	0	0	0	0	0	0	0	0	0	0	0	0	0	0	0	0	0	0	0	0	0	0	0	0	0	0	0	0	0	0	0	0	0	0	0	0	0	0	0	0	0	0	0	0	0	0	0	0	0	0	0	0	0	0	0	0	0	0	0	0	0	0	0	0	0	0	0	0	0	0	0	0	0	0	0	0	0	0	0
2024-10-21	94528288	88389952	93907384	104362992	86709448	67714248	87896384	86318472	86641896	57036944	68884568	0	36898360	0	0	0	0	0	0	0	0	0	0	0	0	0	0	20971520	86843152	60811656	61082868	52880880	61410732	0	89190248	35373112	0	0	0	0	0	0	0	0	0	0	9888236	0	0	0	0	0	0	0	0	0	0	0	0	0	0	0	0	0	0	0	0	0	0	0	0	0	0	0	0	0	0	0	0	0	0	0	0	0	0	0	0	0	0	0	0	0	0	0	0	0	0	0	0	0	0	0	0	0	0	0	0	0	0	0	0	0	0	0	0	0	0	0	0	0	0	0	0	0	0	0	0	0	0	0	0	0	0	0	0	0	0	0	0	0	0	0	0	0	0	0	0	0
2024-10-28	18149073280	88389952	5242880	111795760	96398592	0	8560956	0	0	6570036	0	95759856	0	0	38215568	32184216	33336568	39722188	33381960	0	8361864	0	0	0	0	7764588	0	0	0	0	10087328	0	8428228	81146160	9290960	8295500	0	84413300	0	0	0	26214400	36327400	75309484	58883768	20113440	48150688	0	54275048	0	7897316	5242756	0	8560956	0	9357324	11016424	6171852	0	0	0	0	6171852	68690668	8627320	50330848	95114020	83045000	59084424	93461544	42606920	7897316	0	10087452	68375716	4910936	99058544	4644652	8494592	67587944	70575856	49684632	78602024	50763800	10352784	0	20534192	0	11281880	0	10485760	61372324	74437800	37151452	67691704	93351208	58893808	70906144	67905340	69711272	67795532	65966040	74148816	86058184	85271432	6907672	0	6636400	8295500	0	0	7897316	0	0	0	6835492	0	0	7897316	0	7963680	0	0	0	20971520	10286420	17195124	58870980	0	68558336	88878340	74933576	53722760	48995248	59762144	0	0	0	71707572	7897316	0	5375484	8361864	49158720	72641976	60583904	81110012	87136816
2024-11-04	705987776	0	0	0	0	0	0	0	0	0	0	0	0	0	0	0	0	0	0	0	0	0	0	0	0	0	0	0	0	0	0	0	0	0	0	0	0	0	0	0	0	0	0	0	0	0	0	0	0	0	0	0	0	0	0	0	0	0	0	0	0	0	0	0	0	0	0	0	0	0	0	0	0	0	0	0	0	0	0	0	0	0	0	0	0	0	0	0	0	4048204	0	0	0	0	0	0	0	0	0	0	0	0	0	0	0	0	0	0	0	0	0	0	0	0	0	0	0	0	0	0	0	0	0	0	0	0	0	0	0	0	0	0	0	0	0	0	0	0	0	0	0	0	0	0	0	0	0	0
2024-11-11	274194240	0	0	0	0	7764588	0	0	0	4910936	0	0	0	0	0	0	0	6570036	0	0	0	0	4114568	0	0	6304580	0	0	0	0	0	0	0	0	0	0	0	0	0	5707304	0	0	0	0	0	4048204	0	0	0	0	0	0	0	0	0	0	0	0	0	4114568	0	0	0	0	0	0	0	0	0	0	0	0	0	0	0	0	0	0	0	9954600	0	0	0	0	0	0	0	0	0	0	0	0	0	0	0	0	0	0	9888236	0	0	0	0	0	0	0	0	0	0	0	4114568	0	0	0	0	0	0	0	0	0	0	0	0	0	0	0	0	0	0	0	0	8229136	0	0	0	0	0	0	0	0	0	0	0	0	0	0	0	0
2024-11-18	3695392	3324224	4446388	7552120	4844572	16829616	9821872	0	0	4048204	13024900	8892776	21273800	6471960	7233676	0	7499132	0	7366404	4048204	0	0	0	0	0	31655628	0	0	0	0	8162772	9689144	0	0	7366404	0	4114568	8229136	0	4114568	0	0	0	0	0	0	0	0	0	4048204	0	0	0	4114568	0	0	0	0	0	4114568	0	0	0	0	0	0	0	0	0	0	7698224	0	0	0	0	0	8096408	0	0	4114568	0	0	0	0	0	16192816	0	0	0	0	0	0	13936440	0	0	0	0	8892776	0	18714648	0	0	14732808	10020964	0	0	7830952	0	35637468	0	0	0	0	0	0	0	0	0	0	6636400	0	0	0	0	0	0	0	0	0	0	0	8361864	0	0	0	18847376	0	0	0	0	0	0	0	0	0	0	0	0
2024-11-25	0	0	0	0	0	0	0	0	0	0	0	0	0	0	0	6769128	0	0	0	0	0	0	0	0	0	0	0	0	0	0	0	0	0	0	0	0	0	0	0	0	0	0	0	0	0	0	0	0	0	0	0	0	0	0	0	0	0	0	0	0	0	0	0	0	0	0	0	0	0	0	0	0	0	0	0	0	0	0	0	0	0	0	0	0	0	0	0	0	0	8959140	0	0	0	0	0	0	0	0	0	0	0	0	0	0	0	0	0	0	0	0	0	0	0	0	0	0	0	0	0	0	0	0	0	0	0	0	0	0	0	0	0	0	0	0	0	0	0	0	0	0	0	0	0	0	0	0	0	0
2024-12-02	0	204781888	0	0	133895368	0	0	0	0	0	0	0	0	0	0	0	0	0	67108864	0	0	0	0	0	83886080	0	0	0	0	0	0	0	0	0	0	0	0	125829120	0	0	0	0	19324720	0	154304184	0	58636448	0	0	0	0	0	192937984	50331648	75497472	0	0	0	0	0	0	0	0	86715800	0	0	19709280	226492416	0	251658240	192937984	0	0	0	0	0	0	0	0	0	54980192	0	0	0	0	0	0	0	0	0	0	0	0	0	0	0	0	0	0	0	0	0	0	0	0	235497240	0	0	0	0	0	0	176160768	0	0	0	0	0	0	0	0	0	0	218027112	0	0	0	0	0	0	0	0	0	14998264	192937984	0	0	327155712	0	336503632	0	0	0	0	0	0	0	0
2024-12-09	54153024	0	0	0	0	0	0	0	0	0	0	0	0	0	0	0	0	0	0	0	0	0	0	0	0	0	0	0	0	0	0	0	0	0	0	0	0	0	0	0	0	0	0	0	0	0	0	0	0	0	0	0	0	0	0	0	0	0	0	0	0	0	0	0	0	0	0	0	0	0	0	0	0	0	0	0	0	0	0	0	0	0	0	0	0	0	0	0	0	0	0	0	0	0	0	0	0	0	0	0	0	0	0	0	0	0	0	0	0	0	0	0	0	0	0	0	0	0	0	0	0	0	0	0	0	0	0	0	0	0	0	0	0	0	0	0	0	0	0	0	0	0	0	0	0	0	0	0
2025-01-13	299000608	0	0	0	19643744	0	0	0	348785896	198594704	278599768	368987016	278070840	0	116858768	0	0	118365388	0	96794372	0	0	395396184	0	0	254040112	0	21966484	396173072	0	0	0	276368812	306590000	0	0	0	0	317630352	0	0	65688696	0	177512648	263356088	617801760	0	150579016	0	0	147893000	0	292892580	104930672	0	0	276781568	365383144	188159800	231132712	0	217705876	0	0	125167416	176159968	398404816	0	174427784	554834984	441065800	348633376	284555304	0	281210272	0	0	0	0	0	0	144056472	0	0	367906456	0	0	263682052	298424464	46543184	0	161319112	0	58123096	167306424	0	163751408	0	16126452	0	324696652	0	27541060	0	19909200	0	284838944	0	0	0	0	0	0	745144168	493018696	0	0	0	0	0	0	0	0	452908136	0	287259912	463901872	0	0	0	533129620	447178056	138936368	0	353960824	353960824	839483376	0	423312600	797877072	464940008	132000440	409440600	222173760	0	0	1130814448	0
2025-01-20	0	0	0	0	0	0	0	0	0	0	0	0	0	0	0	0	0	0	0	0	0	0	0	0	0	0	0	0	14467352	0	0	0	0	0	15396448	0	0	0	0	0	0	0	0	0	0	0	0	0	0	0	0	0	0	0	0	0	0	0	0	0	0	0	0	0	0	0	0	0	0	0	0	0	0	0	0	0	0	0	0	0	0	0	0	0	0	0	0	0	0	0	0	0	0	0	0	0	0	0	0	0	0	0	0	0	0	0	0	0	0	0	0	0	0	0	0	0	0	0	0	0	0	0	0	0	0	0	0	0	0	0	0	0	0	0	0	0	0	0	0	0	0	0	0	0	0	0	0	0
2025-02-10	0	0	0	0	0	0	0	0	0	0	0	0	0	0	0	0	0	0	0	0	0	0	0	0	0	0	0	0	0	0	0	0	0	0	0	0	0	0	0	0	0	0	44490544	177512648	0	0	0	0	0	145207544	147893000	118356672	292892580	104930672	40000000	112984696	0	365383144	0	0	0	217705876	0	525753136	0	0	398404816	0	0	0	441065800	0	284555304	0	281210272	113990856	0	0	366398896	0	138866272	0	0	0	367906456	564779184	0	263682052	0	0	0	0	0	0	0	0	163751408	0	264480344	274515536	324696652	0	0	0	0	0	284838944	247051388	199985016	78389912	217967648	209978048	282570988	122589168	129690116	172642484	0	0	22497396	19311924	17719188	19975564	0	22099212	19179196	0	0	16391908	0	17785552	0	0	0	0	0	0	0	0	0	0	0	0	0	0	0	0	0	0
2025-02-17	64704900	0	0	0	0	0	0	0	0	0	0	0	0	0	0	0	0	0	0	0	0	0	0	0	0	0	0	0	0	0	0	0	0	0	0	0	0	0	0	0	0	0	0	0	0	0	0	0	0	0	0	0	0	0	0	0	0	0	0	0	0	0	0	0	0	0	0	0	0	0	0	0	0	0	0	0	0	0	0	0	0	0	0	0	0	0	0	0	0	0	0	0	0	0	0	0	0	0	0	0	0	0	0	0	0	0	0	0	0	0	0	0	0	0	0	0	0	0	0	0	0	0	0	0	0	0	0	0	0	0	0	0	0	0	0	0	0	0	0	0	0	0	0	0	0	0	0	0
2025-02-24	0	0	0	0	242456584	0	8494592	0	0	0	0	0	0	4114568	0	0	0	0	0	0	0	0	0	0	0	0	0	0	0	4048204	4114568	7764588	0	0	0	0	0	0	0	0	0	0	0	0	0	0	0	0	0	9689144	8494592	0	4114568	0	0	0	0	0	0	0	0	0	0	0	0	0	0	0	6238216	0	0	0	0	0	0	0	0	0	0	0	0	0	0	0	0	0	0	0	0	0	0	0	0	0	0	0	0	0	4114568	0	0	0	0	0	0	0	0	0	0	0	0	0	0	4114568	0	0	0	0	0	0	0	0	0	0	0	0	0	0	0	0	0	0	0	0	0	0	0	0	0	0	0	0	0	0	0	0	0	0
2025-03-10	9821872	0	0	0	0	0	0	0	0	0	0	0	0	0	0	0	0	0	4114568	0	0	0	336984	0	0	0	0	0	397072	0	4114568	329200	0	0	4114568	0	0	0	5242756	4114568	0	0	4048204	0	0	0	0	0	0	0	0	4048204	0	0	0	0	0	0	0	0	0	0	394728	6105488	0	0	0	0	0	0	0	0	395304	0	0	0	0	0	0	0	0	0	4319368	0	0	0	4114568	0	0	0	0	0	0	0	5707304	0	4910936	0	0	0	0	0	0	349384	0	0	0	0	0	0	0	0	204800	388968	0	0	0	0	0	0	0	0	0	0	661584	0	0	0	0	0	0	0	0	0	373624	0	0	0	4114568	0	0	0	0	0	0	0	0	0
2025-03-31	0	0	0	0	0	0	0	0	0	198594704	0	0	0	0	0	0	0	0	0	0	0	0	0	0	0	0	0	0	0	0	0	0	0	0	0	0	0	0	0	0	0	0	0	0	0	0	0	0	0	0	0	0	0	0	0	0	0	0	0	0	0	0	0	0	0	0	0	0	0	0	0	0	0	0	0	0	0	0	0	0	0	0	0	0	0	0	0	0	0	0	0	0	0	0	0	0	0	0	0	0	0	0	0	0	0	0	0	0	0	0	0	0	0	0	0	0	0	0	0	0	0	0	0	0	0	0	0	0	0	0	0	0	0	0	0	0	0	0	0	0	0	0	0	0	0	0	0	0
2025-04-14	314397056	0	0	0	0	0	0	0	0	0	0	0	0	0	0	0	0	0	0	0	0	0	0	0	0	0	0	0	0	0	0	0	0	0	0	0	0	0	0	0	0	0	0	0	0	0	0	0	0	0	0	0	0	0	0	0	0	0	0	0	0	0	0	0	0	0	0	0	0	0	0	0	0	0	0	0	0	0	0	0	0	0	0	0	0	0	0	0	0	0	0	0	0	0	0	0	0	0	0	0	0	0	0	0	0	0	0	0	0	0	0	0	0	0	0	0	0	0	0	0	0	0	0	0	0	0	0	0	0	0	0	0	0	0	0	0	0	0	0	0	0	0	0	0	0	0	0	0
2025-04-21	66297636	0	0	0	0	0	68170688	0	0	36301108	0	183990728	0	0	21037388	37230204	32982908	70692520	0	0	30195620	0	0	44729336	43999332	0	0	43866604	0	96906300	0	0	37562024	52427560	32783816	44662972	0	298309680	141650496	37694752	61917612	53754840	38225664	0	0	0	0	0	0	0	0	0	0	0	0	0	0	55214848	29266524	0	0	0	0	0	33314728	0	49109360	0	0	0	0	32053812	0	0	0	0	0	0	0	0	0	0	0	52029376	0	95778112	33779276	0	0	0	0	0	80514392	0	0	56343036	49109360	0	0	0	66695820	0	0	83168952	0	0	66762184	169191556	57736680	78389912	33115636	0	0	22497396	119005512	0	438357016	92659004	33314728	280911888	0	27474696	0	0	0	0	53821204	0	0	0	0	0	0	0	0	119337332	0	0	0	38158472	0	114028212	34708372	25351048	0	0	0	0
2025-05-12	0	0	0	0	0	0	0	0	74342540	0	0	0	0	0	0	0	0	0	0	0	0	0	0	0	0	0	0	0	0	0	0	0	0	0	0	0	0	0	0	0	0	0	0	0	0	0	0	0	0	0	0	0	0	0	0	0	0	0	0	0	0	0	0	0	0	0	0	0	0	0	0	0	0	0	0	0	0	0	0	0	0	0	0	0	0	0	0	0	0	0	0	0	0	0	0	0	0	0	0	0	0	0	0	0	0	0	0	0	0	0	0	0	0	0	0	0	0	0	0	0	0	0	0	0	0	0	0	0	0	0	0	0	0	0	0	0	0	0	0	0	0	0	0	0	0	0	0	0
2025-06-09	0	0	0	0	0	0	0	0	0	0	0	0	0	0	0	4778208	0	0	0	0	0	0	0	0	0	0	0	0	0	0	0	0	0	0	0	0	0	0	0	0	0	0	0	0	0	0	0	0	0	0	0	0	0	0	0	0	0	0	0	0	0	0	0	0	0	0	0	0	0	0	0	0	0	0	0	0	0	0	0	0	0	0	0	0	0	0	0	0	0	0	0	0	0	0	0	0	0	0	0	0	0	0	0	0	0	0	0	0	0	0	0	0	0	0	0	0	0	0	0	0	0	0	0	0	0	0	0	0	0	0	0	0	0	0	0	0	0	0	0	0	0	0	0	0	0	0	0	0
2025-06-23	423906428	275120000	348480000	348000000	1011840000	236880000	187927200	114685600	122102400	33263200	180160000	345800000	180000000	103680000	139680000	168000000	135680000	78600000	133280000	77040000	371600000	115680000	163560000	89920000	114046400	101400000	124798400	191422400	162863200	173487200	153360000	106958400	139343200	171806400	118799200	112479200	88400000	154656000	178440000	168439200	100191200	47870400	42869600	185494400	99600000	153600000	66918400	98080000	97719200	73999200	77400000	163677600	134119200	95157600	98240000	139437600	81799200	92320000	99998400	105360000	112639200	49720000	131997600	98655200	100367200	51207200	123678400	174559200	120759200	215678400	147837600	108959200	203198400	147679200	147359200	125438400	115679200	189440000	129440000	127720000	49919200	156518400	149758400	109877600	101599200	182800000	48799200	143719200	130640000	55036800	151720000	76800000	149118400	43997600	116400000	154999200	100959200	139560000	173759200	153519200	0	0	0	0	0	0	0	0	0	0	0	0	0	0	0	0	0	0	0	0	0	0	0	0	0	0	0	0	0	0	0	0	0	0	0	0	0	0	0	0	0	0	0	0	0	0	0	0
2025-07-14	279680000	418480000	445280000	264480000	1259989176	131600000	221334400	130447200	168470400	138654400	300200000	527800000	200000000	51840000	170720000	117600000	152640000	141480000	114240000	89880000	368120000	154240000	179678400	98191200	90087200	148998400	118800000	145343200	181431200	80911200	174567200	145919200	195206400	125630400	148399200	227519200	95519200	88128000	81679200	58000000	88271200	68814400	72492800	106560000	53679200	159998400	91799200	116478400	125559200	129119200	99398400	121438400	153358400	110756800	121840000	100797600	96559200	161440000	134000000	95039200	111520000	88600000	155600000	100230400	54104000	111207200	134079200	181440000	144680000	144799200	124160000	121519200	111799200	142878400	94079200	101119200	93920000	173520000	104798400	113838400	134158400	216716800	146640000	88559200	146040000	116399200	129799200	111039200	108840000	27518400	138319200	104799200	90200000	43997600	69559200	224999200	82320000	100799200	60039200	221998400	0	0	0	0	0	0	0	0	0	0	0	0	0	0	0	0	0	0	0	0	0	0	0	0	0	0	0	0	0	0	0	0	0	0	0	0	0	0	0	0	0	0	0	0	0	0	0	0
2025-07-21	0	0	0	0	157286400	0	0	0	0	0	0	0	0	0	0	0	0	0	0	0	0	0	0	0	0	0	0	0	0	0	0	0	0	0	0	0	0	104857600	0	0	0	0	44490544	0	0	0	0	0	0	0	0	0	0	0	0	0	0	0	0	0	0	0	0	52428800	0	0	0	104857600	0	0	0	0	0	0	0	0	0	0	0	0	0	0	0	0	0	0	0	0	0	0	0	0	0	0	0	0	0	0	0	0	0	0	0	0	0	419430400	0	0	0	0	0	0	0	0	0	0	0	0	0	0	0	0	0	0	0	0	0	0	0	0	0	0	0	0	0	0	0	0	0	0	0	0	0	0	0	0	0	0
2025-07-28	0	0	287893944	52428800	0	0	0	0	243928296	0	0	0	0	0	0	0	52428800	52428800	0	0	0	0	0	0	52428800	0	157286400	0	0	0	262144000	0	0	157286400	0	104857600	94114712	0	0	98292972	0	0	0	0	0	0	52428800	0	0	0	0	0	0	0	0	0	0	0	0	0	0	0	0	0	0	0	0	0	104857600	0	0	104857600	52428800	104946200	209715200	0	314572800	201114016	0	0	0	39198872	0	0	0	0	0	0	0	46543184	0	4032712	0	0	0	209715200	157286400	129108984	0	0	0	0	0	52428800	0	0	179981344	52428800	0	0	0	52428800	0	0	230874696	0	0	52428800	0	0	0	0	0	0	298314792	129973512	0	0	0	0	0	0	104857600	0	0	0	0	367001600	0	0	0	0	209715200	0	0	286027744	501668848	262144000
2025-08-04	0	334805312	0	0	0	0	0	201661832	0	157286400	221524248	0	0	0	0	0	0	0	0	0	0	0	0	0	0	0	0	0	0	0	0	0	0	0	0	0	0	0	0	0	0	0	0	0	0	104857600	0	0	0	0	0	0	0	0	139689104	0	0	0	0	0	0	0	0	0	0	0	0	0	0	209715200	0	0	0	0	0	0	0	0	0	0	138866272	0	104857600	0	0	0	0	0	0	0	100605484	0	0	0	52428800	0	0	0	209715200	0	0	0	209070176	0	0	0	0	0	52428800	0	0	0	0	0	0	0	0	0	0	0	157286400	0	52428800	0	0	0	0	0	0	0	0	0	0	0	144245624	52428800	0	0	108739800	367001600	0	0	0	157286400	295630472	0	0	0
2025-08-11	0	0	0	0	0	0	260911424	0	0	0	0	209715200	68355640	97515664	12001168	104857600	0	0	0	0	104857600	40109048	238109784	104857600	0	157286400	0	104857600	157286400	0	0	0	0	0	0	0	0	0	157286400	0	0	0	0	0	52428800	0	0	98150216	0	52428800	0	0	209715200	73072	0	0	0	0	0	21417512	0	52428800	262144000	0	0	176159968	314572800	0	0	0	262144000	0	0	0	0	113990856	0	0	0	0	0	0	0	0	0	0	0	209715200	0	0	0	0	0	0	0	0	0	0	0	52428800	0	157286400	0	0	0	0	0	0	0	0	217967648	0	0	471859200	0	0	52428800	0	52428800	119429304	0	117973992	262144000	209715200	0	0	157286400	174214340	0	229428640	0	0	0	0	0	0	0	0	0	0	157286400	27142840	0	0	0	0	0	0
2025-08-18	262144000	0	0	0	0	0	0	0	0	0	0	0	0	0	0	0	0	0	0	0	0	0	0	0	0	0	0	0	0	0	0	0	0	0	204533608	0	0	0	0	0	0	0	0	0	0	0	0	0	0	0	52428800	0	0	0	0	0	104857600	104857600	83302200	0	0	0	0	0	0	0	0	0	0	0	0	0	0	0	0	0	0	0	156683696	0	0	0	0	0	367906456	0	0	0	141138064	0	0	0	195953384	0	0	0	0	0	0	0	0	0	0	0	378872712	0	0	0	0	0	0	0	317658712	0	0	0	0	0	0	0	0	0	0	0	0	0	0	0	0	0	314572800	52428800	0	0	0	0	0	0	0	0	0	0	0	0	0	0	0	0
2025-08-25	0	0	0	0	0	0	0	276521664	0	93737104	104857600	0	0	0	0	8627320	0	0	0	19909200	0	0	0	0	0	0	0	0	0	0	0	0	0	0	0	52428800	0	0	0	0	0	0	0	0	0	0	0	0	104857600	0	0	0	0	0	0	0	0	0	0	0	129096848	0	0	0	0	0	0	0	0	0	0	0	0	104857600	0	0	0	0	0	0	0	0	104857600	0	0	0	0	52428800	0	0	0	0	0	0	0	0	0	0	0	157286400	0	0	0	164701384	0	0	0	0	199985016	0	0	0	0	0	0	0	0	0	0	0	0	0	0	0	0	0	0	0	0	0	0	0	0	0	0	0	0	0	0	0	0	104857600	0	0	0	338456544	0	0
2025-09-01	4762920	0	0	230192112	0	0	0	0	104857600	0	0	0	0	0	0	0	0	0	0	0	0	104857600	0	0	0	0	209715200	0	0	0	0	0	0	0	0	0	0	0	0	0	0	0	0	125083848	0	209715200	0	0	0	0	0	0	0	0	0	0	0	0	0	104857600	0	0	0	0	0	0	0	0	0	0	0	0	0	0	0	0	157286400	0	0	0	0	0	0	0	0	355063984	0	0	0	0	0	0	0	0	0	0	52428800	0	212051544	0	0	0	0	0	0	0	0	0	0	0	0	0	0	0	0	0	0	0	0	0	0	157286400	0	0	0	0	0	0	0	0	0	0	0	0	0	0	0	0	0	0	0	0	0	0	0	0	0	524288000
2025-09-08	0	0	0	847862736	1508337640	0	0	0	0	0	0	0	0	0	0	0	0	0	0	0	0	0	0	0	0	0	0	0	0	104857600	157286400	0	0	0	0	0	0	0	0	0	0	0	0	0	0	0	0	0	0	0	0	0	0	0	0	0	52428800	0	0	0	0	0	0	0	0	0	0	0	0	0	0	0	0	0	0	0	0	0	0	129108984	0	0	0	14063640	0	0	52428800	0	0	0	0	0	157286400	0	0	0	0	0	0	0	177534104	0	0	0	0	0	0	0	0	0	0	0	0	0	262144000	104857600	0	0	0	0	336590376	0	0	0	0	0	0	0	0	0	0	0	0	85695408	0	0	262144000	0	0	0	0	0	0	104857600	0	0	0	0
2025-09-15	243927976	8295500	631021100	232156280	247721296	0	4180932	259517832	8428228	0	450089136	304199244	228323008	80619664	100595736	107118624	109253232	97270988	11016424	83910540	687659744	0	300213080	88288088	153643636	5773668	389890864	635800600	293586840	4114568	0	8229136	206243380	227483696	609380184	283938872	4180932	217823280	469048036	4114568	153684596	111000892	3915476	271876496	193826488	938662088	110761060	115510420	133819368	215048688	224266580	0	424402760	82933240	180956304	82264696	198855168	4180932	4313660	349643992	97762448	172717340	343689868	8295500	194985328	137435300	286072016	330036812	4247296	397855784	318083400	0	202635304	8162772	203706332	173945940	4048204	0	271336760	132488184	4247296	116066336	481525328	98758824	271735388	417375656	0	170600452	218757264	40345680	377543768	125220808	8361864	4247296	120919224	642892504	126852472	216866936	0	194745936	244759388	145297404	237405452	308163784	0	441269092	209593512	4380024	154658952	126030596	168201248	0	8162772	0	743367960	141514068	8295500	284273844	230672596	390686904	319284776	0	603485924	4180932	607502552	205851912	0	491708944	0	172820008	806661348	333104456	213379304	186234740	257383732	255260084	606308604	10286420	321750368	4180932	331000808	100172608	8560956	320938052	1001364760	802455488	828410536	1500470928
2025-09-22	0	0	0	0	0	0	0	0	0	0	0	0	0	0	0	0	0	0	0	0	0	0	0	0	0	0	0	0	0	0	0	0	0	0	0	0	0	0	0	6702764	0	0	186854952	0	0	0	0	0	0	0	0	0	0	0	0	0	0	0	0	0	0	0	0	0	0	0	0	0	0	0	0	0	0	0	0	0	0	0	0	0	0	0	0	0	0	0	0	0	0	0	0	9821872	0	0	0	0	0	0	0	0	0	0	0	0	0	0	0	0	0	0	0	0	0	0	0	0	0	0	0	0	0	0	0	0	0	0	0	0	0	0	0	0	0	0	0	0	0	0	0	0	0	0	0	0	0	0	0	0
2025-09-29	0	0	0	0	6171852	0	0	0	0	0	0	0	0	0	0	0	0	0	0	0	0	0	0	0	0	0	0	0	0	0	0	0	0	0	0	0	0	0	0	0	0	0	0	0	0	0	0	0	0	0	0	0	0	0	0	0	0	0	0	0	0	0	0	0	0	0	0	0	0	0	0	0	0	0	0	0	0	0	0	0	0	0	0	0	0	0	0	0	0	0	0	0	0	0	0	0	0	0	0	0	0	0	0	0	0	0	0	0	0	0	0	0	0	0	0	0	0	0	0	0	0	0	0	0	0	0	0	0	0	0	0	0	0	0	0	0	0	0	0	0	0	0	0	0	0	0	0	0
2025-10-06	106846040	0	0	0	1074721140	0	0	0	0	0	0	0	0	0	0	0	0	0	0	0	0	0	0	0	0	0	0	0	0	0	0	0	0	0	0	0	0	0	0	0	0	0	0	0	0	0	0	0	0	0	0	0	0	0	0	0	0	0	0	0	0	0	0	0	0	0	0	0	0	0	0	0	0	0	0	0	0	0	0	0	0	0	0	0	0	0	0	0	0	0	0	0	0	0	0	0	0	0	0	0	0	0	0	0	0	0	0	0	0	0	0	0	0	0	0	0	0	0	0	0	0	0	0	0	0	0	0	0	0	0	0	0	0	0	0	0	0	0	0	0	0	0	0	0	0	0	0	0
2025-10-13	0	0	9357324	0	0	0	0	0	0	0	0	0	0	0	0	0	0	0	0	0	0	0	0	0	0	0	0	0	0	0	0	0	0	0	0	0	0	0	0	0	0	0	0	0	0	0	0	0	0	0	0	0	0	0	0	0	0	0	0	0	0	0	0	0	0	0	0	0	0	0	0	0	0	0	0	0	0	0	0	0	0	0	0	0	0	0	0	0	0	0	0	0	0	0	0	0	0	0	0	0	0	0	0	0	0	0	0	0	0	0	0	0	0	0	0	0	0	0	0	0	0	0	0	0	0	0	0	0	0	0	0	0	0	0	0	0	0	0	0	0	0	0	0	0	0	0	0	0
2025-10-20	44000	0	4264336	0	0	0	0	0	0	0	0	0	0	0	0	0	0	0	0	0	0	0	0	0	0	0	0	0	0	0	0	0	0	0	0	0	0	0	0	0	0	0	0	0	0	0	0	0	0	0	0	0	0	0	0	0	0	0	0	0	0	0	0	0	0	0	0	0	0	0	0	0	0	0	0	0	0	0	0	0	0	0	0	0	0	0	0	0	0	0	0	0	0	0	0	0	0	0	0	0	0	0	0	0	0	0	0	0	0	0	0	0	0	0	0	0	0	0	0	0	0	0	0	0	0	0	0	0	0	0	0	0	0	0	0	0	0	0	0	0	0	0	0	0	0	0	0	0
2025-11-24	0	0	0	0	0	0	0	0	0	20572840	0	0	0	0	4114568	0	0	0	11281880	20506476	0	11680064	7764588	22563760	9821872	56276672	0	23625584	5773668	31655628	0	12675524	0	21767392	10220056	31987448	26545600	16524636	9622780	10817332	10750968	37761116	6769128	0	0	0	0	13206436	12410068	8892776	7499132	27341968	16657364	0	12874616	18980104	15728268	0	9888236	21435572	6437308	16922820	8229136	10352784	13140072	27673788	0	28470156	0	37761116	22563760	13140072	17121912	0	10750968	9821872	19643744	18847376	0	0	9888236	26479236	9689144	22829216	11215516	12940980	9224596	9954600	0	16192816	14799172	0	35637468	4180932	26280144	13405528	23824676	0	0	13936440	17254640	21767392	25682868	0	11414608	0	29598344	17453732	11746428	8892776	0	19776472	12874616	0	0	0	0	15595540	12144612	18781012	0	0	0	0	0	0	0	18117372	6105488	0	0	22298304	12410068	0	24820136	0	9821872	0	0	9689144	20108292	14865536	8627320	13007344	0	0	9423688	11414608
2025-12-08	0	0	0	0	0	0	0	0	0	0	0	0	0	0	0	0	0	0	0	0	0	0	0	0	0	0	0	0	0	0	0	0	0	0	0	0	0	0	0	0	0	0	18276144	0	0	0	0	0	0	0	0	0	0	0	0	0	0	0	0	0	0	0	0	116075928	0	0	0	272629760	0	0	0	0	0	0	0	0	0	0	0	0	0	0	0	0	0	0	0	0	0	0	0	0	0	0	0	0	0	0	0	0	0	0	0	0	0	0	0	0	0	0	0	0	0	0	0	0	0	0	0	0	0	0	0	0	0	0	0	0	0	0	0	0	0	0	0	0	0	0	0	0	0	0	0	0	0	0	0	0
2025-12-15	602115784	456784824	4114568	282620912	484274816	211262308	0	7366404	358010492	0	16790092	368987016	572732680	112779384	125353360	137638844	136402092	258697260	348751128	96794372	877757744	0	410726268	12277340	291954580	266516544	513627132	7233676	802765292	24753772	713549228	184616396	559241296	6370944	428251612	781654008	320553640	161994800	650458060	406301144	218818560	89115188	52520588	195829112	118395856	630477284	87204032	157879056	198486996	159343076	0	8959140	305369012	209861344	244546704	120085644	287665264	740057248	5906396	462265424	258193696	217705876	464719172	788629704	6503672	176159968	416920372	924581764	178542352	10950060	882131600	348633376	284555304	0	570649680	121489988	381178728	622229652	742885120	371503796	277732544	296541172	341807600	137171340	742051128	1135730220	190761696	263682052	305127228	8494592	257891884	161319112	8428228	66484960	184030152	889248336	175099652	371238340	12011884	274515536	0	205665608	8560128	426845384	8428228	879482004	4114568	355733280	6901856	82504480	0	4114568	1039019184	751780568	499522368	183587608	0	395998708	326563284	538859704	455450780	0	831100768	8428228	411069708	4180932	4114568	673548236	225115688	0	537310552	456402652	8428228	8428228	711969852	12609160	4114568	906368804	423312600	797877072	464940008	17719188	6503672	222173760	0	558126344	1130814448	0
2025-12-22	0	261404992	0	0	0	0	0	0	0	0	0	0	0	0	0	0	0	0	0	0	0	0	0	0	0	0	0	0	0	0	0	0	0	0	0	0	0	0	0	0	0	0	0	0	0	0	0	0	0	0	0	0	115343360	5315952	139689104	0	0	0	0	0	0	0	0	0	0	0	0	0	0	183500800	188743680	0	0	0	0	0	0	0	0	0	73400320	0	0	0	0	0	0	0	0	0	0	0	0	0	0	0	0	0	0	0	0	0	0	0	0	0	0	0	0	0	0	0	0	0	0	0	0	0	0	0	0	0	0	180278376	0	0	0	0	0	0	0	0	0	0	144245624	0	0	0	0	326017872	0	0	0	0	0	0	0	0
2025-12-29	106462716	0	0	0	0	0	0	0	0	0	0	0	0	0	0	0	0	0	0	54851332	0	0	0	0	0	136314880	0	0	0	0	0	0	0	0	0	0	157029272	0	0	0	0	0	0	0	0	0	0	0	0	73400320	0	0	0	0	0	0	0	0	0	0	0	89128960	189302248	0	0	0	0	0	0	0	0	154646816	0	0	144895392	36700160	0	0	0	0	0	0	0	0	0	0	0	0	0	0	0	0	0	32360112	0	0	0	0	0	0	0	0	0	0	214958080	0	0	0	0	0	0	94371840	0	193986560	0	0	0	0	0	0	0	0	0	0	0	0	0	0	0	0	0	167772160	0	0	0	0	0	0	167772160	0	0	0	0	0	0	0	522640368	0
2026-01-05	0	0	135850424	0	0	83442888	0	0	0	0	0	154028936	0	0	0	0	0	65936588	0	0	230686720	0	0	51465048	0	0	0	162529280	178257920	0	0	0	0	0	0	0	0	0	152043520	0	0	0	0	0	0	0	0	0	0	0	0	0	0	0	0	0	0	0	0	0	0	0	0	262876568	41281336	0	0	0	0	0	0	0	136314880	0	0	0	0	131072000	0	0	0	0	0	0	0	0	0	0	0	0	0	0	0	0	0	152043520	0	0	0	0	0	0	0	0	0	0	0	0	0	0	99614720	0	0	0	0	0	0	179182808	0	251658240	0	0	0	0	0	0	0	298844160	0	0	0	0	0	0	0	136314880	0	0	0	0	249981928	0	0	0	0	0	0	0
2026-01-12	32252904	648687728	0	0	592849296	355629456	951739008	1076844696	0	0	0	0	0	119614876	0	0	0	0	276479120	0	0	0	0	0	371274440	0	0	0	0	0	463735060	0	0	0	0	0	303829912	10485760	0	192664812	0	0	65462064	0	0	0	274559296	0	0	269443568	0	10485760	292892580	104930672	244546704	0	0	0	0	0	0	0	0	262876568	0	0	10485760	663318588	338369808	544349224	871645840	0	0	0	291696032	0	0	0	0	0	395627296	288112944	0	0	378392216	0	0	0	131072000	0	0	0	0	0	10485760	0	0	0	0	0	0	384652640	0	0	967460624	1114176440	0	0	0	0	0	0	485430872	0	0	0	722445312	0	629766688	0	0	0	0	442422376	0	585005584	0	0	0	0	522643860	873384592	0	0	353960824	0	0	10485760	0	1595754144	0	253515120	0	0	0	1106829248	1762799584	0
2026-01-19	0	0	0	0	301667528	0	0	0	0	0	0	0	110100480	0	0	0	0	0	0	0	0	0	188743680	0	0	741148816	0	0	0	0	0	0	0	0	157286400	0	0	0	0	94371840	0	26214400	0	0	0	0	0	0	0	0	64006920	0	0	0	0	0	0	178257920	110100480	0	0	0	0	0	0	0	0	0	74813064	0	0	0	0	0	0	0	0	0	162529280	0	0	0	0	0	0	0	0	0	0	20328784	120586240	0	0	0	0	0	0	94371840	0	0	0	83886080	0	0	0	0	0	0	0	0	0	0	0	0	0	0	0	0	0	0	0	0	0	0	235400232	0	204472320	0	0	93113760	246415360	0	0	0	0	0	0	0	0	0	0	0	0	0	0	0	0	0
2026-01-26	120742688	0	0	141557760	720737752	0	207250048	104857600	0	0	105584728	0	0	0	26214400	31457280	52428800	0	0	0	0	47185920	0	0	0	0	0	0	0	83886080	0	0	103353772	0	0	146800640	0	0	0	0	94371840	0	0	36700160	0	308471840	0	62914560	57671680	0	0	62914560	0	0	0	55313016	0	0	0	0	26214400	0	0	0	0	73400320	157286400	0	0	0	0	0	0	0	0	0	136314880	0	0	0	0	115343360	110100480	71735320	131072000	0	0	0	0	0	0	62914560	110100480	0	0	0	53650928	0	128165464	0	0	0	41943040	99614720	0	0	159009824	130289440	53184376	41943040	0	0	0	0	126017096	0	131072000	0	110100480	0	0	110100480	272629760	0	0	119487752	0	0	89929120	0	0	0	91750448	0	0	0	351272960	0	0	0	0	0	230686720	75373120	277872640	209715200	0	0
2026-02-02	0	819200	0	819200	0	0	0	0	152043520	83886080	0	0	0	39843984	0	0	0	0	0	0	0	0	0	0	0	0	199229440	0	0	0	97783028	36700160	0	83886080	0	0	0	0	0	0	0	0	0	0	0	0	0	0	0	0	0	0	0	0	0	0	72309248	0	0	62914560	0	0	0	0	0	0	0	0	0	0	0	0	0	125829120	0	0	0	0	0	52428800	0	0	0	0	0	173015040	78643200	78643200	0	0	0	0	0	0	41943040	0	0	0	0	78643200	125829120	0	0	0	0	0	0	0	0	0	0	0	0	0	0	57671680	0	0	0	0	116389416	0	0	0	0	0	0	0	0	0	0	0	0	62914560	0	0	0	0	0	0	0	48114360	0	0	0	0	0	277872640
2026-02-16	4590532	12861412	14677860	10563292	12490684	307200	21528632	4488132	14400988	8295500	0	0	0	0	0	0	0	0	0	0	0	0	0	0	0	0	0	0	0	0	0	0	0	0	0	0	0	0	0	0	0	0	0	0	0	0	0	0	0	0	0	0	52428800	0	0	0	0	0	0	0	0	0	0	0	0	0	0	0	0	0	0	0	0	0	0	0	0	0	0	0	0	0	0	0	0	0	0	0	0	56431420	0	0	0	58123096	0	0	0	0	0	0	0	0	0	0	0	0	0	0	0	78389912	0	0	0	0	0	0	0	0	0	0	0	0	0	0	0	0	0	0	0	0	0	0	0	0	0	0	0	0	0	0	0	0	0	0	0	0	0	0
2026-02-23	11252000	21198656	4554496	11414608	5877080	0	1831872	8735428	6644320	6249844	9831500	409600	0	7073288	4977300	0	4114568	0	0	0	5036168	4590532	9385864	13771596	0	17808384	0	9601424	601872	8826412	5037044	3094000	1416024	23172452	4872176	0	11183400	17023432	11371964	1024000	578028	9527144	16002464	975048	3652976	4114568	9030064	11238336	0	12940980	10020964	10591228	4114568	18708152	512000	10364200	4380024	0	22717132	4656896	5773668	409600	5317080	13873996	13386616	4180932	5857016	4421768	4421768	11721808	4554496	4756708	0	0	4524168	4861696	0	17097292	15081752	14894748	8801792	7027804	819200	4656896	8229136	4874552	0	0	4524168	0	4114568	0	5026280	20838296	4728968	614400	13223560	0	14385996	409600	4980676	6437308	14678808	0	0	13090832	986144	4952680	9103284	0	13519136	6998072	4247296	9160432	4446388	0	9778448	8361864	4180932	0	4656896	409600	409600	5773668	0	0	4692932	9729100	0	14015312	5807916	6503672	19462388	6279960	3036024	13392384	4789624	7209056	8735428	7019584	3774416	8030044	0	580160	12808252	4421768	17296384	9548920
2026-03-02	0	963871176	0	0	301770880	184867216	3887424	0	0	0	520093696	522693512	2000440	0	0	16777216	228371704	241538440	4380024	1255172	522880984	0	0	0	0	0	3840664	433398216	0	2853256	0	0	4180932	0	0	3716384	2057112	7870476	0	0	0	0	0	0	0	4114568	0	0	1723368	0	0	118356672	292892580	104930672	244546704	0	282426504	365383144	0	1449512	2632848	222085900	2647528	0	127762032	176159968	398404816	0	0	554834984	441065800	348633376	0	0	281210272	0	0	8211400	366398896	0	4579116	0	0	0	0	0	4313660	267796620	302539032	4579116	5110028	0	4446388	0	0	449866924	0	0	0	0	0	0	0	426845384	0	0	284838944	0	0	78389912	0	0	476392624	0	0	183587608	361222656	0	4114568	543306092	4114568	0	833171136	452908136	0	0	463901872	650188108	221001120	4910936	0	0	138936368	0	0	0	0	0	0	0	0	5043664	409440600	222173760	0	548171744	0	0
2026-03-09	0	0	0	0	0	0	0	0	0	0	0	0	0	0	0	0	0	0	0	0	0	0	0	0	0	0	0	0	0	0	0	0	0	0	0	0	0	0	0	0	0	0	0	3432648	0	0	0	0	0	0	1563400	0	0	0	5666072	0	0	0	0	0	0	0	0	0	0	0	7972184	0	0	0	4022600	4313660	0	0	0	0	0	0	0	0	0	0	0	0	0	0	0	0	0	0	0	0	0	0	0	0	0	0	0	4180932	0	0	0	0	0	0	0	0	0	0	0	0	0	0	0	0	0	0	0	0	0	0	0	0	0	0	0	0	0	0	0	0	0	0	0	0	0	0	0	0	0	0	0	0	4114568	0	6162400	0
2026-03-16	299000608	450546608	11547336	282620912	12609160	183057608	0	358948232	0	0	0	0	278070840	0	0	0	0	0	0	0	0	0	0	0	0	8892776	0	9490052	15728268	0	0	0	0	0	414248808	0	0	8428228	0	0	0	65688696	0	0	9423688	0	142522528	0	0	0	156719412	0	292892580	9091868	0	0	0	0	0	0	129096848	217705876	456689128	0	0	0	0	455289480	177878712	0	0	0	0	0	0	11082788	0	305971616	0	0	0	0	0	7167312	0	0	0	0	0	0	0	0	0	0	0	0	0	0	0	0	0	0	0	0	10286420	604595992	284838944	0	0	0	217967648	0	285311460	0	0	157511492	46985712	0	0	538859704	0	0	0	0	0	0	0	0	0	0	0	0	0	0	11215516	0	0	0	0	11879156	0	0	0	0	0	0	0	0
2026-03-23	0	439662912	0	0	406728	4247296	1020224	0	0	0	0	0	0	0	0	0	0	0	0	0	307200	0	0	0	0	0	0	0	0	0	530912	0	0	2052400	0	0	0	0	3716384	0	0	25815596	0	0	0	0	0	0	0	0	0	0	0	0	0	0	0	0	0	0	0	0	0	0	0	0	0	0	4114568	0	0	0	0	0	0	0	2280160	0	0	0	0	0	0	0	0	0	0	0	0	0	10419148	0	0	0	2237624	2563368	0	4114568	0	0	0	0	0	0	0	0	0	0	0	0	0	0	0	0	530912	0	0	0	0	0	0	0	0	0	0	0	0	0	0	0	0	0	4313660	4114568	0	4114568	0	0	0	0	0	0	0	0	0	0	5773668	0
2026-03-30	0	0	0	0	0	0	0	0	0	0	0	0	0	0	0	0	0	0	0	0	0	0	0	0	0	0	0	0	0	0	0	0	0	0	0	0	0	0	0	0	0	65688696	0	0	0	0	0	0	0	0	0	0	0	0	0	0	0	0	0	0	0	0	0	0	0	0	0	0	0	0	0	0	0	0	0	0	0	0	0	0	0	0	0	0	0	0	0	0	0	0	0	0	0	0	0	0	0	0	0	0	0	0	0	0	0	0	0	0	0	0	0	0	0	0	0	0	0	0	0	0	0	0	0	0	0	0	0	0	0	0	0	0	0	0	0	0	0	0	0	0	0	0	0	0	0	0	0	0
