asset_path	bytes_sent
sub-Olive/sub-Olive_ses-Olive-20220711_obj-19za7ab.nwb	4152288
sub-Totoro/sub-Totoro_ses-Totoro-20220614_obj-t73xli_behavior.nwb	25174758
sub-Bilbo/sub-Bilbo_ses-3_obj-13jynh3_behavior+ecephys.nwb	51535072
sub-Banner/sub-Banner_ses-Banner-20220224_obj-ne2oxd.nwb	234737072
sub-Yoshi/sub-Yoshi_ses-Yoshi-20220518_obj-8bsqy9.nwb	7265504
sub-Wallie/sub-Wallie_ses-Wallie-20220914_obj-y8js51.nwb	25080512
sub-Winnie/sub-Winnie_ses-Winnie-20220717_obj-dfs4tw_behavior.nwb	336327016
sub-Wallie/sub-Wallie_ses-Wallie-20220922_obj-1fimupv.nwb	3809344
sub-Yoshi/sub-Yoshi_ses-Yoshi-20220518_obj-cb32x7.nwb	2422168
sub-Yoshi/sub-Yoshi_ses-Yoshi-20220517_obj-jam61c.nwb	177513400
sub-Olive/sub-Olive_ses-Olive-20220707_behavior+ecephys+image.nwb	613754572069
sub-Yoshi/sub-Yoshi_ses-Yoshi-20220517_obj-unufvj_behavior.nwb	21750480
sub-Totoro/sub-Totoro_ses-Totoro-20220607_obj-7u4dy8_behavior.nwb	412814008
sub-Frodo/sub-Frodo_ses-5_obj-l5kshk_ecephys.nwb	6827432
sub-Yoshi/sub-Yoshi_ses-Yoshi-20220517_obj-1kkio8i.nwb	3114216
sub-Yoshi/sub-Yoshi_ses-Yoshi-20220517_obj-1a22ezh.nwb	3465024
sub-Wallie/sub-Wallie_ses-Wallie-20220922_obj-m9szcx.nwb	7165760
sub-Wallie/sub-Wallie_ses-Wallie-20220914_obj-1c23bpm.nwb	3939200
sub-Yoshi/sub-Yoshi_ses-Yoshi-20220517_obj-12753rs.nwb	97234560
sub-Yoshi/sub-Yoshi_ses-Yoshi-20220517_obj-lxurfm.nwb	6426496
sub-Wallie/sub-Wallie_ses-Wallie-20220922_obj-zkb2gs.nwb	4946344
sub-Wallie/sub-Wallie_ses-Wallie-20220922_obj-45opt6.nwb	4501952
sub-Frodo/sub-Frodo_ses-5_obj-6stbi8_ecephys.nwb	7336960
sub-Olive/sub-Olive_ses-Olive-20220707_obj-7tz1cp.nwb	3808992
sub-Banner/sub-Banner_ses-Banner-20220124_obj-m1epc7_ecephys.nwb	606394632
sub-Banner/sub-Banner_ses-Banner-20220225_obj-137mmhm_behavior.nwb	20492288
sub-Bilbo/sub-Bilbo_ses-3_obj-1hs2pmm_behavior+ecephys.nwb	42011752
sub-Olive/sub-Olive_ses-Olive-20220707_obj-k7rob8.nwb	3829472
sub-Frodo/sub-Frodo_ses-5_obj-vakruj_ecephys.nwb	8734656
sub-Wallie/sub-Wallie_ses-Wallie-20220922_obj-1lzmjht.nwb	4522432
sub-Yoshi/sub-Yoshi_ses-Yoshi-20220510_obj-4lzqno_ecephys.nwb	643018512
sub-Yoshi/sub-Yoshi_ses-Yoshi-20220518_obj-1xjuv88.nwb	3221440
sub-Yoshi/sub-Yoshi_ses-Yoshi-20220513_obj-husy56.nwb	5707520
sub-Winnie/sub-Winnie_ses-Winnie-20220719_obj-ta6ln3.nwb	4257040
sub-Frodo/sub-Frodo_ses-5_obj-1puec1m_ecephys.nwb	8079160
sub-Totoro/sub-Totoro_ses-Totoro-20220617_obj-vxslnl.nwb	38379111
sub-Winnie/sub-Winnie_ses-Winnie-20220719_obj-97mbm3.nwb	1156918164
sub-Frodo/sub-Frodo_ses-3_obj-1sl4jmk_ecephys.nwb	7288080
sub-Olive/sub-Olive_ses-Olive-20220627_obj-16ui4p2_behavior.nwb	352664220
sub-Frodo/sub-Frodo_ses-4_obj-f193jx_ecephys.nwb	12119824
sub-Frodo/sub-Frodo_ses-4_obj-1mm7qme_ecephys.nwb	15277480
sub-Totoro/sub-Totoro_ses-Totoro-20220614_obj-drpqay.nwb	43444896
sub-Bilbo/sub-Bilbo_ses-6_obj-1cvfjpo_ecephys.nwb	45303888
sub-Winnie/sub-Winnie_ses-Winnie-20220719_obj-1q2tbfy.nwb	4625304
sub-Yoshi/sub-Yoshi_ses-Yoshi-20220518_obj-1409joj.nwb	126448856
sub-Yoshi/sub-Yoshi_ses-Yoshi-20220518_obj-1dpee1e.nwb	144660904
sub-Frodo/sub-Frodo_ses-5_obj-r1rvpa_ecephys.nwb	11171862
sub-Totoro/sub-Totoro_ses-Totoro-20220607_obj-1jn4i3g_ecephys.nwb	570323776
sub-Olive/sub-Olive_ses-Olive-20220711_obj-174wl2i.nwb	4305520
sub-Winnie/sub-Winnie_ses-Winnie-20220713_obj-152gvc2_behavior.nwb	345112508
sub-Wallie/sub-Wallie_ses-Wallie-20220922_obj-1ghwgpf.nwb	3463040
sub-Yoshi/sub-Yoshi_ses-Yoshi-20220513_obj-12cm0lg.nwb	3808992
sub-Wallie/sub-Wallie_ses-Wallie-20220922_obj-m4i96p.nwb	2775360
sub-Frodo/sub-Frodo_ses-3_obj-3hw35b_ecephys.nwb	7757240
sub-Bilbo/sub-Bilbo_ses-5_obj-di2h7k_ecephys.nwb	20938000
sub-Olive/sub-Olive_ses-Olive-20220711_obj-e6k8ef_behavior.nwb	9545468
sub-Olive/sub-Olive_ses-Olive-20220628_obj-x6s92n.nwb	4609440
sub-Wallie/sub-Wallie_ses-Wallie-20220922_obj-klt5qy.nwb	4155648
sub-Olive/sub-Olive_ses-Olive-20220711_obj-b3tpr0.nwb	3114216
sub-Totoro/sub-Totoro_ses-Totoro-20220602_obj-2okftc_ecephys.nwb	408686108
sub-Yoshi/sub-Yoshi_ses-Yoshi-20220518_obj-u47yow_ecephys.nwb	468572032
sub-Wallie/sub-Wallie_ses-Wallie-20220914_obj-1g804tz.nwb	5635760
sub-Yoshi/sub-Yoshi_ses-Yoshi-20220513_obj-lowpm5_ecephys.nwb	587139388
sub-Frodo/sub-Frodo_ses-4_obj-uaf1jt_ecephys.nwb	151043300
sub-Totoro/sub-Totoro_ses-Totoro-20220607_obj-h98j7v.nwb	4834152
sub-Bilbo/sub-Bilbo_ses-5_obj-h8fn6h_ecephys.nwb	24276576
sub-Totoro/sub-Totoro_ses-Totoro-20220614_obj-1dtpg2i_behavior.nwb	16168640
sub-Winnie/sub-Winnie_ses-Winnie-20220719_obj-1ad0obo.nwb	3504420
sub-Yoshi/sub-Yoshi_ses-Yoshi-20220518_obj-slumpg_behavior.nwb	21233292
sub-Yoshi/sub-Yoshi_ses-Yoshi-20220518_obj-5bwa0v.nwb	9516560
sub-Totoro/sub-Totoro_ses-Totoro-20220613_obj-mhe9sk.nwb	11901520
sub-Bilbo/sub-Bilbo_ses-5_obj-kpazgu_ecephys.nwb	10051720
sub-Wallie/sub-Wallie_ses-Wallie-20220922_obj-1bi7tpc.nwb	2770432
sub-Wallie/sub-Wallie_ses-Wallie-20220922_obj-1oi9b0r.nwb	3116736
sub-Totoro/sub-Totoro_ses-Totoro-20220607_obj-166nor8_ecephys.nwb	859025568
sub-Yoshi/sub-Yoshi_ses-Yoshi-20220517_obj-1ouwhfe.nwb	3460240
sub-Yoshi/sub-Yoshi_ses-Yoshi-20220517_obj-n2wbv1.nwb	21258104
sub-Wallie/sub-Wallie_ses-Wallie-20220912_obj-zeewfn.nwb	3803280
sub-Yoshi/sub-Yoshi_ses-Yoshi-20220517_obj-12049vc_ecephys.nwb	658740964
sub-Banner/sub-Banner_ses-Banner-20220225_obj-1eclv2y_behavior.nwb	7959024
sub-Totoro/sub-Totoro_ses-Totoro-20220616_obj-1dvoqxv.nwb	7914008
sub-Banner/sub-Banner_ses-Banner-20220225_obj-1i6pdpg.nwb	49829970
sub-Yoshi/sub-Yoshi_ses-Yoshi-20220518_obj-159i2hy.nwb	40833877
sub-Banner/sub-Banner_ses-Banner-20220224_obj-1w4khs2.nwb	127229476
sub-Olive/sub-Olive_ses-Olive-20220711_obj-wuiuh1.nwb	125992688
sub-Olive/sub-Olive_ses-Olive-20220711_obj-navobz.nwb	6231872
sub-Totoro/sub-Totoro_ses-Totoro-20220614_obj-c529wh_behavior.nwb	31577312
sub-Yoshi/sub-Yoshi_ses-Yoshi-20220517_obj-we85ew_behavior.nwb	269693012
sub-Frodo/sub-Frodo_ses-4_obj-1v76frc_ecephys.nwb	8017296
sub-Frodo/sub-Frodo_ses-1_obj-1ei7zd3_ecephys.nwb	810960240
sub-Yoshi/sub-Yoshi_ses-Yoshi-20220517_obj-wbcfj1.nwb	4152288
sub-Winnie/sub-Winnie_ses-Winnie-20220719_obj-bmcv1z.nwb	7202800
sub-Frodo/sub-Frodo_ses-5_obj-176371y_ecephys.nwb	12086704
sub-Yoshi/sub-Yoshi_ses-Yoshi-20220518_obj-2olae3_behavior.nwb	269105132
sub-Winnie/sub-Winnie_ses-Winnie-20220719_obj-perhop.nwb	11226624
sub-Totoro/sub-Totoro_ses-Totoro-20220607_obj-2uxfu8.nwb	8064480
sub-Totoro/sub-Totoro_ses-Totoro-20220614_obj-1kn3lye.nwb	102310531
sub-Banner/sub-Banner_ses-Banner-20220225_obj-15ajs2w.nwb	8244744
sub-Yoshi/sub-Yoshi_ses-Yoshi-20220510_obj-z1ju8k.nwb	3640752
sub-Wallie/sub-Wallie_ses-Wallie-20220922_obj-t8w28j.nwb	3512560
sub-Wallie/sub-Wallie_ses-Wallie-20220922_obj-5j2shn.nwb	2770432
sub-Olive/sub-Olive_ses-Olive-20220707_obj-1xvhs8l.nwb	8687616
sub-Totoro/sub-Totoro_ses-Totoro-20220614_obj-1kvnyd3.nwb	8544480
sub-Wallie/sub-Wallie_ses-Wallie-20220922_obj-cs1kd0_behavior.nwb	18683456
sub-Wallie/sub-Wallie_ses-Wallie-20220922_obj-obghag.nwb	4458520
sub-Winnie/sub-Winnie_ses-Winnie-20220719_obj-1wmx2yj.nwb	2142672
sub-Frodo/sub-Frodo_ses-5_obj-jo4kgb_ecephys.nwb	11151440
sub-Wallie/sub-Wallie_ses-Wallie-20220922_obj-gccw3f.nwb	9966912
sub-Yoshi/sub-Yoshi_ses-Yoshi-20220517_obj-1i8t5mk.nwb	131126512
sub-Bilbo/sub-Bilbo_ses-5_obj-k45igq_ecephys.nwb	21289344
sub-Yoshi/sub-Yoshi_ses-Yoshi-20220517_obj-1h20yav.nwb	251731092
sub-Totoro/sub-Totoro_ses-Totoro-20220614_obj-1plheoq_behavior.nwb	30617070
sub-Bilbo/sub-Bilbo_ses-5_obj-sen27b_ecephys.nwb	16911504
sub-Winnie/sub-Winnie_ses-Winnie-20220719_obj-wkod3p.nwb	4481752
sub-Bilbo/sub-Bilbo_ses-5_obj-1ge8m5c_ecephys.nwb	9774528
sub-Totoro/sub-Totoro_ses-Totoro-20220614_obj-1frqz40.nwb	8771915
sub-Yoshi/sub-Yoshi_ses-Yoshi-20220518_obj-l3a2b5.nwb	130008308
sub-Winnie/sub-Winnie_ses-Winnie-20220719_obj-nbaloa.nwb	8751920
sub-Odins/sub-Odins_ses-Odins-20220126_obj-jbw6ha.nwb	182282564
sub-Yoshi/sub-Yoshi_ses-Yoshi-20220517_obj-95hsm1.nwb	4250592
sub-Winnie/sub-Winnie_ses-Winnie-20220719_obj-14b7q2m.nwb	279525196
sub-Yoshi/sub-Yoshi_ses-Yoshi-20220518_obj-jooc3o.nwb	9037619
sub-Winnie/sub-Winnie_ses-Winnie-20220719_obj-19u71mw.nwb	97379192
sub-Wallie/sub-Wallie_ses-Wallie-20220922_obj-1bylz31.nwb	3504000
sub-Totoro/sub-Totoro_ses-Totoro-20220607_obj-dpp4wq.nwb	4719152
sub-Yoshi/sub-Yoshi_ses-Yoshi-20220517_obj-dis5kk.nwb	253951592
sub-Winnie/sub-Winnie_ses-Winnie-20220719_obj-4xmub1_behavior.nwb	7047392
sub-Olive/sub-Olive_ses-Olive-20220711_obj-1n6cix2.nwb	4498312
sub-Totoro/sub-Totoro_ses-Totoro-20220614_obj-14blkvh.nwb	180240208
sub-Yoshi/sub-Yoshi_ses-Yoshi-20220518_obj-1new8mk.nwb	4498312
sub-Olive/sub-Olive_ses-Olive-20220711_obj-1t6epkw_behavior.nwb	28617920
sub-Wallie/sub-Wallie_ses-Wallie-20220922_obj-ijcgno.nwb	175444620
sub-Olive/sub-Olive_ses-Olive-20220707_obj-1n751kz.nwb	4710048
sub-Frodo/sub-Frodo_ses-4_obj-i1gexm_ecephys.nwb	23967832
sub-Yoshi/sub-Yoshi_ses-Yoshi-20220517_obj-1edv1c6.nwb	156189884
sub-Frodo/sub-Frodo_ses-1_obj-1gnvyef_ecephys.nwb	634054028
sub-Wallie/sub-Wallie_ses-Wallie-20220922_obj-n9m57l_behavior.nwb	11612042
sub-Totoro/sub-Totoro_ses-Totoro-20220607_obj-144injd.nwb	5820960
sub-Bilbo/sub-Bilbo_ses-5_obj-1gjl3sg_ecephys.nwb	11680000
sub-Frodo/sub-Frodo_ses-5_obj-a9x6hm_behavior+ecephys.nwb	24004784
sub-Olive/sub-Olive_ses-Olive-20220711_obj-x11v6o.nwb	10756580
sub-Frodo/sub-Frodo_ses-5_obj-h5ey0n_ecephys.nwb	8978320
sub-Olive/sub-Olive_ses-Olive-20220711_obj-1h8pde.nwb	3460240
sub-Olive/sub-Olive_ses-Olive-20220711_obj-1l7stfv.nwb	25387008
sub-Olive/sub-Olive_ses-Olive-20220707_obj-smndfh.nwb	219055256
sub-Bilbo/sub-Bilbo_ses-5_obj-hc6ytm_ecephys.nwb	13948021
sub-Winnie/sub-Winnie_ses-Winnie-20220719_obj-1ki912s.nwb	17255015256
sub-Winnie/sub-Winnie_ses-Winnie-20220719_obj-1hfw2ed.nwb	3214008
sub-Yoshi/sub-Yoshi_ses-Yoshi-20220518_obj-ak8s27.nwb	5499680
sub-Bilbo/sub-Bilbo_ses-5_obj-drw615_behavior+ecephys.nwb	42050896
sub-Totoro/sub-Totoro_ses-Totoro-20220603_obj-ra16dz.nwb	204561776
sub-Yoshi/sub-Yoshi_ses-Yoshi-20220517_obj-150xhht.nwb	3151080
sub-Olive/sub-Olive_ses-Olive-20220711_obj-1sciget.nwb	48567580
sub-Wallie/sub-Wallie_ses-Wallie-20220922_obj-yzrr1f.nwb	283265704
sub-Wallie/sub-Wallie_ses-Wallie-20220922_obj-bijexk.nwb	5182848
sub-Wallie/sub-Wallie_ses-Wallie-20220922_obj-1ay4we7_ecephys.nwb	406566056
sub-Bilbo/sub-Bilbo_ses-5_obj-hzseel_behavior+ecephys.nwb	338472964
sub-Winnie/sub-Winnie_ses-Winnie-20220719_obj-1p748s8.nwb	19850560
sub-Wallie/sub-Wallie_ses-Wallie-20220922_obj-4vfinp.nwb	149002828
sub-Totoro/sub-Totoro_ses-Totoro-20220614_obj-pczghv.nwb	19474416
sub-Winnie/sub-Winnie_ses-Winnie-20220720_obj-160chs4.nwb	38814871
sub-Olive/sub-Olive_ses-Olive-20220707_obj-4sh0zn.nwb	25481000
sub-Yoshi/sub-Yoshi_ses-Yoshi-20220517_obj-138s1rw.nwb	7104360
sub-Winnie/sub-Winnie_ses-Winnie-20220719_obj-1bntmff.nwb	17712208
sub-Winnie/sub-Winnie_ses-Winnie-20220719_obj-1ilr8fs.nwb	8263048
sub-Yoshi/sub-Yoshi_ses-Yoshi-20220518_obj-13s244e.nwb	3806264
sub-Frodo/sub-Frodo_ses-3_obj-1i843v4_ecephys.nwb	7414368
sub-Totoro/sub-Totoro_ses-Totoro-20220614_obj-1naqj4o_behavior.nwb	14271360
sub-Wallie/sub-Wallie_ses-Wallie-20220922_obj-5tb4gy_behavior.nwb	15928868
sub-Totoro/sub-Totoro_ses-Totoro-20220613_obj-1939q5.nwb	6074200
sub-Totoro/sub-Totoro_ses-Totoro-20220614_obj-1ahphqs.nwb	4936064
sub-Wallie/sub-Wallie_ses-Wallie-20220922_obj-1mm38oe_behavior.nwb	20185216
sub-Yoshi/sub-Yoshi_ses-Yoshi-20220518_obj-smj4hg.nwb	154575248
sub-Winnie/sub-Winnie_ses-Winnie-20220719_obj-9dkreu.nwb	674715884
sub-Totoro/sub-Totoro_ses-Totoro-20220614_obj-a8sw7b.nwb	4152288
sub-Bilbo/sub-Bilbo_ses-5_obj-aev81y_ecephys.nwb	6554392
sub-Yoshi/sub-Yoshi_ses-Yoshi-20220518_obj-1loe90l.nwb	5292960
sub-Winnie/sub-Winnie_ses-Winnie-20220719_obj-jff7bk.nwb	118772264
sub-Wallie/sub-Wallie_ses-Wallie-20220922_obj-1ox63vo_behavior.nwb	21118264
sub-Totoro/sub-Totoro_ses-Totoro-20220614_obj-qf67az.nwb	7832160
sub-Yoshi/sub-Yoshi_ses-Yoshi-20220518_obj-138tart.nwb	3114216
sub-Yoshi/sub-Yoshi_ses-Yoshi-20220509_obj-vptl3h_ecephys.nwb	548089592
sub-Wallie/sub-Wallie_ses-Wallie-20220922_obj-1rl7qdy.nwb	2770432
sub-Winnie/sub-Winnie_ses-Winnie-20220719_obj-1fitj9c.nwb	5753652
sub-Winnie/sub-Winnie_ses-Winnie-20220715_obj-11aobcd.nwb	4759480
sub-Yoshi/sub-Yoshi_ses-Yoshi-20220518_obj-1evtpxz_behavior.nwb	30463298
sub-Totoro/sub-Totoro_ses-Totoro-20220602_obj-18hez4n_ecephys.nwb	415699532
sub-Winnie/sub-Winnie_ses-Winnie-20220717_obj-wws3u1_behavior.nwb	30028928
sub-Olive/sub-Olive_ses-Olive-20220711_obj-f46ony.nwb	4855248
sub-Frodo/sub-Frodo_ses-5_obj-1imvd3q_ecephys.nwb	9903232
sub-Totoro/sub-Totoro_ses-Totoro-20220602_obj-k17ayy.nwb	96095512
sub-Winnie/sub-Winnie_ses-Winnie-20220719_obj-13kce9f.nwb	139652668
sub-Yoshi/sub-Yoshi_ses-Yoshi-20220518_obj-jvr06f.nwb	3542160
sub-Wallie/sub-Wallie_ses-Wallie-20220922_obj-14y3vwa.nwb	8674200
sub-Frodo/sub-Frodo_ses-5_obj-1oy0dn2_behavior+ecephys.nwb	19783544
sub-Winnie/sub-Winnie_ses-Winnie-20220719_obj-14sr2kg.nwb	3763600
sub-Banner/sub-Banner_ses-Banner-20220225_obj-15d2di2_behavior.nwb	23346660
sub-Yoshi/sub-Yoshi_ses-Yoshi-20220517_obj-97c89c.nwb	7669680
sub-Yoshi/sub-Yoshi_ses-Yoshi-20220517_obj-1sgwwgz.nwb	29742240
sub-Bilbo/sub-Bilbo_ses-3_obj-pyl5pu_ecephys.nwb	8263808
sub-Bilbo/sub-Bilbo_ses-5_obj-12g62dt_behavior+ecephys.nwb	13146296
sub-Totoro/sub-Totoro_ses-Totoro-20220616_obj-cx36v3.nwb	10155740
sub-Olive/sub-Olive_ses-Olive-20220711_obj-1y1qq67.nwb	6243072
sub-Yoshi/sub-Yoshi_ses-Yoshi-20220518_obj-91ffsn.nwb	2392944
sub-Yoshi/sub-Yoshi_ses-Yoshi-20220517_obj-1jtjhb0.nwb	5029552
sub-Winnie/sub-Winnie_ses-Winnie-20220714_obj-3pfhbg_ecephys.nwb	929366548
sub-Totoro/sub-Totoro_ses-Totoro-20220607_obj-39r6oq.nwb	185297524
sub-Yoshi/sub-Yoshi_ses-Yoshi-20220517_obj-16gzwu.nwb	4995224
sub-Bilbo/sub-Bilbo_ses-5_obj-376tfi_behavior+ecephys.nwb	28152128
sub-Frodo/sub-Frodo_ses-5_obj-1tpn2tp_ecephys.nwb	10613680
sub-Winnie/sub-Winnie_ses-Winnie-20220719_obj-1tg98qa.nwb	9685224
sub-Winnie/sub-Winnie_ses-Winnie-20220719_obj-1m1uvyl_behavior.nwb	20050640
sub-Winnie/sub-Winnie_ses-Winnie-20220719_obj-1w1082z.nwb	598276860
sub-Yoshi/sub-Yoshi_ses-Yoshi-20220518_obj-1g9d7jw_behavior.nwb	22626176
sub-Frodo/sub-Frodo_ses-4_obj-mw7kuk_ecephys.nwb	8232840
sub-Yoshi/sub-Yoshi_ses-Yoshi-20220517_obj-a98hdl.nwb	9498688
sub-Yoshi/sub-Yoshi_ses-Yoshi-20220517_obj-1v6z0ya.nwb	4634208
sub-Totoro/sub-Totoro_ses-Totoro-20220615_obj-10hiwif.nwb	6431416
sub-Winnie/sub-Winnie_ses-Winnie-20220719_obj-jovhbu.nwb	90824224
sub-Banner/sub-Banner_ses-Banner-20220225_obj-1gct319_ecephys.nwb	558327396
sub-Banner/sub-Banner_ses-Banner-20220123_obj-5nb18f_behavior.nwb	42543460
sub-Frodo/sub-Frodo_ses-5_obj-11scriu_ecephys.nwb	9982464
sub-Banner/sub-Banner_ses-Banner-20220225_obj-xe4aq0.nwb	9008228
sub-Wallie/sub-Wallie_ses-Wallie-20220922_obj-1ctpj7z.nwb	33378944
sub-Frodo/sub-Frodo_ses-5_obj-emtdkn_ecephys.nwb	67054528
sub-Yoshi/sub-Yoshi_ses-Yoshi-20220517_obj-1vwpanz.nwb	8476856
sub-Winnie/sub-Winnie_ses-Winnie-20220719_obj-1jdjzzr.nwb	4936480
sub-Olive/sub-Olive_ses-Olive-20220711_obj-mboi92.nwb	8933868
sub-Wallie/sub-Wallie_ses-Wallie-20220922_obj-cbsxaz.nwb	3400416
sub-Totoro/sub-Totoro_ses-Totoro-20220615_obj-1bz8e0i.nwb	2620095
sub-Yoshi/sub-Yoshi_ses-Yoshi-20220517_obj-1kcyefe.nwb	5792080
sub-Frodo/sub-Frodo_ses-5_obj-8gwdfw_ecephys.nwb	12520368
sub-Olive/sub-Olive_ses-Olive-20220628_obj-11xaned_ecephys.nwb	351722384
sub-Yoshi/sub-Yoshi_ses-Yoshi-20220517_obj-1ydneq3.nwb	123975600
sub-Olive/sub-Olive_ses-Olive-20220627_obj-1s1hkso_behavior.nwb	370590276
sub-Olive/sub-Olive_ses-Olive-20220711_obj-1nmrlhp.nwb	3583120
sub-Olive/sub-Olive_ses-Olive-20220707_obj-1eow6bt.nwb	6038768
sub-Olive/sub-Olive_ses-Olive-20220711_obj-fsd42h.nwb	5663120
sub-Bilbo/sub-Bilbo_ses-5_obj-1al7m3r_ecephys.nwb	10955256
sub-Totoro/sub-Totoro_ses-Totoro-20220614_obj-19a6pjv.nwb	7264928
sub-Yoshi/sub-Yoshi_ses-Yoshi-20220518_obj-1wmzro.nwb	3460240
sub-Wallie/sub-Wallie_ses-Wallie-20220911_obj-10cbn1r.nwb	3803280
sub-Bilbo/sub-Bilbo_ses-5_obj-1qklzsr_ecephys.nwb	18252184
sub-Yoshi/sub-Yoshi_ses-Yoshi-20220517_obj-1vbskqo.nwb	6681280
sub-Winnie/sub-Winnie_ses-Winnie-20220719_obj-72mj8v_ecephys.nwb	398126692
sub-Winnie/sub-Winnie_ses-Winnie-20220719_obj-obmxl.nwb	14263704
sub-Yoshi/sub-Yoshi_ses-Yoshi-20220518_obj-190ewc9.nwb	128828792
sub-Yoshi/sub-Yoshi_ses-Yoshi-20220517_obj-q0apyi.nwb	2800960
sub-Odins/sub-Odins_ses-Odins-20220216_obj-1pli7al_behavior.nwb	24222240
sub-Frodo/sub-Frodo_ses-5_obj-jdhi06_behavior+ecephys.nwb	227828308
sub-Wallie/sub-Wallie_ses-Wallie-20220922_obj-145uhl3.nwb	17073696
sub-Yoshi/sub-Yoshi_ses-Yoshi-20220518_obj-ubns66.nwb	32327304
sub-Totoro/sub-Totoro_ses-Totoro-20220607_obj-1vbvsyt.nwb	5279736
sub-Winnie/sub-Winnie_ses-Winnie-20220719_obj-1vuapen_behavior.nwb	34983680
sub-Frodo/sub-Frodo_ses-5_obj-1khrhnl_behavior+ecephys.nwb	22618456
sub-Totoro/sub-Totoro_ses-Totoro-20220613_obj-b0a2i7.nwb	7892320
sub-Wallie/sub-Wallie_ses-Wallie-20220911_obj-365iui_ecephys.nwb	482208864
sub-Olive/sub-Olive_ses-Olive-20220701_behavior+ecephys+image.nwb	308109835120
sub-Frodo/sub-Frodo_ses-1_obj-ejjc08_behavior+ecephys.nwb	495087724
sub-Yoshi/sub-Yoshi_ses-Yoshi-20220517_obj-pem5.nwb	6139904
sub-Yoshi/sub-Yoshi_ses-Yoshi-20220518_obj-1x3rwvs_behavior.nwb	11603174
sub-Wallie/sub-Wallie_ses-Wallie-20220911_obj-fhlyox_behavior.nwb	311313080
sub-Wallie/sub-Wallie_ses-Wallie-20220922_obj-135qjwb_behavior.nwb	19852896
sub-Bilbo/sub-Bilbo_ses-5_obj-v6co5_ecephys.nwb	82555788
sub-Totoro/sub-Totoro_ses-Totoro-20220614_obj-s54x6j.nwb	3857616
sub-Wallie/sub-Wallie_ses-Wallie-20220922_obj-etj70t.nwb	170258232
sub-Frodo/sub-Frodo_ses-5_obj-11lu0h6_ecephys.nwb	7388880
sub-Olive/sub-Olive_ses-Olive-20220707_obj-1xb57fy_behavior.nwb	47332272
sub-Yoshi/sub-Yoshi_ses-Yoshi-20220517_obj-xamxr5.nwb	4238480
sub-Frodo/sub-Frodo_ses-5_obj-100o3ni_ecephys.nwb	5892416
sub-Totoro/sub-Totoro_ses-Totoro-20220614_obj-oj4jcv.nwb	102434436
sub-Wallie/sub-Wallie_ses-Wallie-20220922_obj-6d4mma.nwb	4240104
sub-Wallie/sub-Wallie_ses-Wallie-20220912_obj-1w1ml4h_behavior.nwb	281666172
sub-Olive/sub-Olive_ses-Olive-20220711_obj-2ohuzw.nwb	87620864
sub-Totoro/sub-Totoro_ses-Totoro-20220602_obj-1fr35hn_ecephys.nwb	465274364
sub-Winnie/sub-Winnie_ses-Winnie-20220719_obj-t7b078.nwb	3353700
sub-Yoshi/sub-Yoshi_ses-Yoshi-20220517_obj-l3vkn8.nwb	3961040
sub-Totoro/sub-Totoro_ses-Totoro-20220603_obj-i4ckz5_behavior.nwb	325971572
sub-Wallie/sub-Wallie_ses-Wallie-20220922_obj-1k5wjgx.nwb	3116736
sub-Totoro/sub-Totoro_ses-Totoro-20220603_obj-1ebjyke_ecephys.nwb	529287500
sub-Yoshi/sub-Yoshi_ses-Yoshi-20220517_obj-7sv0g3.nwb	5006536
sub-Winnie/sub-Winnie_ses-Winnie-20220713_obj-1k11gzi_behavior.nwb	360041788
sub-Frodo/sub-Frodo_ses-2_obj-1px0cth_ecephys.nwb	8735680
sub-Wallie/sub-Wallie_ses-Wallie-20220922_obj-ullbvo.nwb	3996184
sub-Winnie/sub-Winnie_ses-Winnie-20220719_obj-1mik0r3.nwb	5814480
sub-Yoshi/sub-Yoshi_ses-Yoshi-20220518_obj-1hwqrm8.nwb	2866496
sub-Totoro/sub-Totoro_ses-Totoro-20220603_obj-1rur50h_ecephys.nwb	488464908
sub-Yoshi/sub-Yoshi_ses-Yoshi-20220509_obj-1wfyg7o_behavior.nwb	264374244
sub-Totoro/sub-Totoro_ses-Totoro-20220614_obj-s7n4ke.nwb	7498480
sub-Frodo/sub-Frodo_ses-5_obj-zfjl72_ecephys.nwb	11486072
sub-Wallie/sub-Wallie_ses-Wallie-20220922_obj-1pqnjkz.nwb	3235032
sub-Winnie/sub-Winnie_ses-Winnie-20220715_obj-1bc4cq5_behavior.nwb	398865952
sub-Wallie/sub-Wallie_ses-Wallie-20220922_obj-1fqoth8_behavior.nwb	20886928
sub-Winnie/sub-Winnie_ses-Winnie-20220719_obj-1r75dsm_behavior.nwb	355959288
sub-Frodo/sub-Frodo_ses-2_obj-xxf5o0_ecephys.nwb	141451424
sub-Yoshi/sub-Yoshi_ses-Yoshi-20220518_obj-y539mh.nwb	191996600
sub-Olive/sub-Olive_ses-Olive-20220711_obj-18u25a7.nwb	9643661
sub-Wallie/sub-Wallie_ses-Wallie-20220914_obj-xdrsbe_behavior.nwb	308565624
sub-Winnie/sub-Winnie_ses-Winnie-20220719_obj-1xwe3fy_behavior.nwb	18108384
sub-Wallie/sub-Wallie_ses-Wallie-20220912_obj-1jttor1_behavior.nwb	318299508
sub-Winnie/sub-Winnie_ses-Winnie-20220719_obj-2vfn5z.nwb	12239370
sub-Totoro/sub-Totoro_ses-Totoro-20220607_obj-scz3rf.nwb	5022560
sub-Frodo/sub-Frodo_ses-5_obj-1jnrd98_ecephys.nwb	5570568
sub-Frodo/sub-Frodo_ses-5_obj-ax19am_ecephys.nwb	194034464
sub-Wallie/sub-Wallie_ses-Wallie-20220922_obj-2fg4kq.nwb	3974480
sub-Winnie/sub-Winnie_ses-Winnie-20220719_obj-186uqlx.nwb	3890800
sub-Olive/sub-Olive_ses-Olive-20220711_obj-nav6b6.nwb	2076144
sub-Yoshi/sub-Yoshi_ses-Yoshi-20220518_obj-e51ttr_ecephys.nwb	546325064
sub-Winnie/sub-Winnie_ses-Winnie-20220719_obj-9a1m67.nwb	2512787552
sub-Yoshi/sub-Yoshi_ses-Yoshi-20220518_obj-1ni5dn9.nwb	3261672
sub-Olive/sub-Olive_ses-Olive-20220711_obj-4btxue.nwb	164721144
sub-Wallie/sub-Wallie_ses-Wallie-20220912_obj-u6kwbj_behavior.nwb	16822128
sub-Yoshi/sub-Yoshi_ses-Yoshi-20220518_obj-m2azw2.nwb	7386720
sub-Yoshi/sub-Yoshi_ses-Yoshi-20220517_obj-dgct15.nwb	3590000
sub-Yoshi/sub-Yoshi_ses-Yoshi-20220518_obj-bptgs5.nwb	6176088
sub-Banner/sub-Banner_ses-Banner-20220124_obj-1gmsi3w_behavior.nwb	231984288
sub-Wallie/sub-Wallie_ses-Wallie-20220922_obj-12gvo63.nwb	130137348
sub-Frodo/sub-Frodo_ses-5_obj-iwo9x0_ecephys.nwb	7748800
sub-Wallie/sub-Wallie_ses-Wallie-20220922_obj-1exnzez.nwb	5503840
sub-Totoro/sub-Totoro_ses-Totoro-20220607_obj-1dt1p4r.nwb	11802720
sub-Banner/sub-Banner_ses-Banner-20220225_obj-vl8ijw_behavior.nwb	7100820
sub-Totoro/sub-Totoro_ses-Totoro-20220614_obj-3kbi59.nwb	6580160
sub-Winnie/sub-Winnie_ses-Winnie-20220719_obj-18xgb1y_behavior.nwb	34746976
sub-Wallie/sub-Wallie_ses-Wallie-20220911_obj-qoh8yj_behavior.nwb	373515160
sub-Winnie/sub-Winnie_ses-Winnie-20220713_obj-14sdrpz_behavior.nwb	249726940
sub-Yoshi/sub-Yoshi_ses-Yoshi-20220513_obj-zfaumy.nwb	2077632
sub-Wallie/sub-Wallie_ses-Wallie-20220922_obj-1ouwj5p.nwb	154526944
sub-Yoshi/sub-Yoshi_ses-Yoshi-20220517_obj-1ydd26p.nwb	2898504
sub-Totoro/sub-Totoro_ses-Totoro-20220614_obj-18dxjse.nwb	3331008
sub-Totoro/sub-Totoro_ses-Totoro-20220607_obj-h1aqwp_behavior.nwb	278478132
sub-Totoro/sub-Totoro_ses-Totoro-20220614_obj-1s5276c.nwb	7951920
sub-Bilbo/sub-Bilbo_ses-5_obj-17usrzh_behavior+ecephys.nwb	20056336
sub-Olive/sub-Olive_ses-Olive-20220711_obj-wtwlkt.nwb	3607704
sub-Frodo/sub-Frodo_ses-5_obj-1iwdut2_ecephys.nwb	37387628
sub-Yoshi/sub-Yoshi_ses-Yoshi-20220518_obj-1qhqa9o.nwb	6694400
sub-Frodo/sub-Frodo_ses-5_obj-10gters_behavior+ecephys.nwb	19525068
sub-Yoshi/sub-Yoshi_ses-Yoshi-20220517_obj-5nihmg.nwb	20093696
sub-Yoshi/sub-Yoshi_ses-Yoshi-20220518_obj-wlrdax.nwb	168946380
sub-Yoshi/sub-Yoshi_ses-Yoshi-20220509_obj-hqn7fs.nwb	153122756
sub-Banner/sub-Banner_ses-Banner-20220126_ecephys.nwb	203717208
sub-Yoshi/sub-Yoshi_ses-Yoshi-20220517_obj-16eayyl.nwb	3736384
sub-Totoro/sub-Totoro_ses-Totoro-20220613_obj-2isz7v_ecephys.nwb	287433142
sub-Banner/sub-Banner_ses-Banner-20220225_obj-1vyvrfr_ecephys.nwb	364476452
sub-Winnie/sub-Winnie_ses-Winnie-20220719_obj-1bwcbyg_behavior.nwb	19347040
sub-Yoshi/sub-Yoshi_ses-Yoshi-20220518_obj-1ewvko6.nwb	155866080
sub-Olive/sub-Olive_ses-Olive-20220707_obj-k3l1qu.nwb	18263112
sub-Winnie/sub-Winnie_ses-Winnie-20220719_obj-s3q5l4.nwb	4660568
sub-Frodo/sub-Frodo_ses-2_obj-8tjkpa_ecephys.nwb	212239244
sub-Yoshi/sub-Yoshi_ses-Yoshi-20220518_obj-1g5irh1.nwb	3133952
sub-Yoshi/sub-Yoshi_ses-Yoshi-20220518_obj-svd3ua.nwb	65797928
sub-Yoshi/sub-Yoshi_ses-Yoshi-20220509_obj-1rpbumu_behavior.nwb	277632560
sub-Totoro/sub-Totoro_ses-Totoro-20220614_obj-dpjv96_behavior.nwb	21741912
sub-Winnie/sub-Winnie_ses-Winnie-20220720_obj-nby3cl.nwb	8588064
sub-Bilbo/sub-Bilbo_ses-2_obj-11p7cc5_ecephys.nwb	5208816
sub-Yoshi/sub-Yoshi_ses-Yoshi-20220518_obj-bic4lt.nwb	3388640
sub-Olive/sub-Olive_ses-Olive-20220707_obj-qsnkm9.nwb	3238656
sub-Winnie/sub-Winnie_ses-Winnie-20220717_obj-b5lywz_behavior.nwb	199139376
sub-Totoro/sub-Totoro_ses-Totoro-20220613_obj-1o3rr6z.nwb	3605832
sub-Winnie/sub-Winnie_ses-Winnie-20220719_obj-ykcx6b.nwb	5466864
sub-Totoro/sub-Totoro_ses-Totoro-20220613_obj-xltb65.nwb	2514384
sub-Olive/sub-Olive_ses-Olive-20220707_obj-1t04zvy_behavior.nwb	327838916
sub-Frodo/sub-Frodo_ses-5_obj-h94gxa_ecephys.nwb	7661020
sub-Banner/sub-Banner_ses-Banner-20220224_obj-s8yxvn_behavior.nwb	298969244
sub-Bilbo/sub-Bilbo_ses-4_obj-1paafww_ecephys.nwb	6717776
sub-Winnie/sub-Winnie_ses-Winnie-20220719_obj-415aca.nwb	12620959228
sub-Olive/sub-Olive_ses-Olive-20220711_obj-15h0cxk.nwb	9672724
sub-Wallie/sub-Wallie_ses-Wallie-20220914_obj-d9cfij.nwb	190108856
sub-Yoshi/sub-Yoshi_ses-Yoshi-20220518_obj-1yx6hkf.nwb	5674920
sub-Totoro/sub-Totoro_ses-Totoro-20220615_obj-13s16ca.nwb	44640980
sub-Yoshi/sub-Yoshi_ses-Yoshi-20220518_obj-1v0ughi.nwb	5303680
sub-Wallie/sub-Wallie_ses-Wallie-20220922_obj-rk8z0j.nwb	190944364
sub-Winnie/sub-Winnie_ses-Winnie-20220719_obj-4w4ntt.nwb	6443656
sub-Bilbo/sub-Bilbo_ses-5_obj-1fswsk_ecephys.nwb	6808472
sub-Wallie/sub-Wallie_ses-Wallie-20220922_obj-jgltps.nwb	3552408
sub-Winnie/sub-Winnie_ses-Winnie-20220714_obj-1ml2x2e.nwb	92411536
sub-Olive/sub-Olive_ses-Olive-20220711_obj-a0b9j1.nwb	4972304
sub-Wallie/sub-Wallie_ses-Wallie-20220922_obj-1v1tq2k.nwb	3860000
sub-Odins/sub-Odins_ses-Odins-20220216_obj-qpp75x_ecephys.nwb	311111480
sub-Winnie/sub-Winnie_ses-Winnie-20220719_obj-17sb8pt.nwb	9531952
sub-Winnie/sub-Winnie_ses-Winnie-20220717_obj-322lrz.nwb	3462720
sub-Yoshi/sub-Yoshi_ses-Yoshi-20220517_obj-eobt0p.nwb	4768984
sub-Yoshi/sub-Yoshi_ses-Yoshi-20220517_obj-1p96rgt_behavior.nwb	23421360
sub-Bilbo/sub-Bilbo_ses-5_obj-oz509e_ecephys.nwb	32043792
sub-Frodo/sub-Frodo_ses-5_obj-1vyf4i9_ecephys.nwb	34366720
sub-Winnie/sub-Winnie_ses-Winnie-20220714_obj-1dw7avf_behavior.nwb	39344448
sub-Olive/sub-Olive_ses-Olive-20220711_obj-1bi88kf.nwb	3797472
sub-Bilbo/sub-Bilbo_ses-5_obj-tkm63f_ecephys.nwb	228117336
sub-Frodo/sub-Frodo_ses-5_obj-znsvg5_ecephys.nwb	5093623
sub-Totoro/sub-Totoro_ses-Totoro-20220613_obj-10ywuf5.nwb	6199360
sub-Totoro/sub-Totoro_ses-Totoro-20220614_obj-1mkfpyf.nwb	4602240
sub-Yoshi/sub-Yoshi_ses-Yoshi-20220509_obj-15pxc9e_ecephys.nwb	90736244
sub-Totoro/sub-Totoro_ses-Totoro-20220614_obj-1j0wi1d.nwb	150151280
sub-Yoshi/sub-Yoshi_ses-Yoshi-20220513_obj-ehcf38.nwb	181202292
sub-Winnie/sub-Winnie_ses-Winnie-20220719_obj-1lt4nfk_behavior.nwb	14397952
sub-Yoshi/sub-Yoshi_ses-Yoshi-20220518_obj-n81zs6.nwb	5146960
sub-Bilbo/sub-Bilbo_ses-5_obj-cd0kve_ecephys.nwb	12256640
sub-Frodo/sub-Frodo_ses-2_obj-16snegv_ecephys.nwb	216685102
sub-Totoro/sub-Totoro_ses-Totoro-20220614_obj-1pv677j.nwb	169790036
sub-Yoshi/sub-Yoshi_ses-Yoshi-20220509_obj-66g44i.nwb	3420504
sub-Frodo/sub-Frodo_ses-4_obj-dk7hz5_ecephys.nwb	8818944
sub-Yoshi/sub-Yoshi_ses-Yoshi-20220518_obj-lj2zbm.nwb	401930412
sub-Yoshi/sub-Yoshi_ses-Yoshi-20220517_obj-1f9lb23.nwb	4537584
sub-Winnie/sub-Winnie_ses-Winnie-20220719_obj-h7sb6s.nwb	5298560
sub-Wallie/sub-Wallie_ses-Wallie-20220922_obj-ykfgbg_ecephys.nwb	502660384
sub-Wallie/sub-Wallie_ses-Wallie-20220922_obj-1e8tno7_behavior.nwb	23841528
sub-Yoshi/sub-Yoshi_ses-Yoshi-20220518_obj-1do30eo.nwb	8116656
sub-Winnie/sub-Winnie_ses-Winnie-20220719_obj-162wim0.nwb	390444436
sub-Bilbo/sub-Bilbo_ses-5_obj-1gdrlt5_ecephys.nwb	30208784
sub-Totoro/sub-Totoro_ses-Totoro-20220531_obj-1rsdlu_behavior.nwb	26340864
sub-Wallie/sub-Wallie_ses-Wallie-20220914_obj-1bruzxp_behavior.nwb	294773048
sub-Yoshi/sub-Yoshi_ses-Yoshi-20220518_obj-1h11w1p.nwb	5349616
sub-Olive/sub-Olive_ses-Olive-20220711_obj-1gqe88g.nwb	3122688
sub-Yoshi/sub-Yoshi_ses-Yoshi-20220518_obj-yt6azq.nwb	7969648
sub-Winnie/sub-Winnie_ses-Winnie-20220719_obj-1v8fuxz.nwb	1785560
sub-Totoro/sub-Totoro_ses-Totoro-20220614_obj-10ekdn3_behavior.nwb	34484872
sub-Olive/sub-Olive_ses-Olive-20220628_obj-x6ow9y.nwb	3800240
sub-Olive/sub-Olive_ses-Olive-20220711_obj-oc5mi8.nwb	5970470
sub-Totoro/sub-Totoro_ses-Totoro-20220614_obj-2wec4.nwb	20201544
sub-Winnie/sub-Winnie_ses-Winnie-20220720_obj-1wi8ln4.nwb	3081072
sub-Winnie/sub-Winnie_ses-Winnie-20220719_obj-rqm28d.nwb	2327430
sub-Totoro/sub-Totoro_ses-Totoro-20220613_obj-1sbw40z.nwb	3420864
sub-Yoshi/sub-Yoshi_ses-Yoshi-20220518_obj-ux7mkn_behavior.nwb	8797380
sub-Bilbo/sub-Bilbo_ses-3_obj-knt9vx_ecephys.nwb	9977696
sub-Totoro/sub-Totoro_ses-Totoro-20220607_obj-fwwsht.nwb	48799240
sub-Totoro/sub-Totoro_ses-Totoro-20220607_obj-riyo7q.nwb	7699448
sub-Olive/sub-Olive_ses-Olive-20220711_obj-ztk1ms.nwb	2768192
sub-Frodo/sub-Frodo_ses-5_obj-t9ciqx_ecephys.nwb	7391920
sub-Banner/sub-Banner_ses-Banner-20220216_obj-hfkqys_behavior.nwb	21089512
sub-Yoshi/sub-Yoshi_ses-Yoshi-20220518_obj-1wm77r1.nwb	3497088
sub-Winnie/sub-Winnie_ses-Winnie-20220720_obj-kvw3pt.nwb	5726664
sub-Bilbo/sub-Bilbo_ses-5_obj-yfgacj_ecephys.nwb	271123164
sub-Yoshi/sub-Yoshi_ses-Yoshi-20220518_obj-czhnic.nwb	52947068
sub-Banner/sub-Banner_ses-Banner-20220224_obj-134zp5e_behavior.nwb	18953372
sub-Yoshi/sub-Yoshi_ses-Yoshi-20220518_obj-walyzw.nwb	261042912
sub-Wallie/sub-Wallie_ses-Wallie-20220922_obj-dltuad.nwb	5192512
sub-Yoshi/sub-Yoshi_ses-Yoshi-20220517_obj-sjzof9.nwb	5585952
sub-Olive/sub-Olive_ses-Olive-20220711_obj-w32ebh.nwb	17611408
sub-Winnie/sub-Winnie_ses-Winnie-20220719_obj-1k8mpy2.nwb	20051208996
sub-Totoro/sub-Totoro_ses-Totoro-20220616_obj-115hir1.nwb	2629256
sub-Totoro/sub-Totoro_ses-Totoro-20220607_obj-412b02_behavior.nwb	179919044
sub-Olive/sub-Olive_ses-Olive-20220711_obj-13zlqpj.nwb	4173040
sub-Totoro/sub-Totoro_ses-Totoro-20220614_obj-awq99.nwb	3921360
sub-Bilbo/sub-Bilbo_ses-5_obj-b1o02q_ecephys.nwb	112519128
sub-Totoro/sub-Totoro_ses-Totoro-20220614_obj-6hwlq7.nwb	14168328
sub-Winnie/sub-Winnie_ses-Winnie-20220719_obj-ybnl4y.nwb	6272444
sub-Wallie/sub-Wallie_ses-Wallie-20220922_obj-pzcrb4.nwb	5315816
sub-Wallie/sub-Wallie_ses-Wallie-20220911_obj-1vark3.nwb	105063504
sub-Wallie/sub-Wallie_ses-Wallie-20220922_obj-1w34ney.nwb	11297344
sub-Yoshi/sub-Yoshi_ses-Yoshi-20220513_obj-1rdv2zm.nwb	2452576
sub-Bilbo/sub-Bilbo_ses-2_obj-1vjfp7j_behavior+ecephys.nwb	39804992
sub-Yoshi/sub-Yoshi_ses-Yoshi-20220513_obj-pn9pzp.nwb	4159800
sub-Banner/sub-Banner_ses-Banner-20220225_obj-hzmll9.nwb	8195424
sub-Yoshi/sub-Yoshi_ses-Yoshi-20220513_obj-1g0da3v.nwb	5738160
sub-Bilbo/sub-Bilbo_ses-5_obj-n00hn5_ecephys.nwb	9273024
sub-Frodo/sub-Frodo_ses-5_obj-q4p23u_ecephys.nwb	4396000
sub-Wallie/sub-Wallie_ses-Wallie-20220911_obj-1jx7t4t_behavior.nwb	394224208
sub-Frodo/sub-Frodo_ses-5_obj-bgayj_ecephys.nwb	7982272
sub-Totoro/sub-Totoro_ses-Totoro-20220615_obj-wwld5a.nwb	5385430
sub-Olive/sub-Olive_ses-Olive-20220711_obj-1fz32lj.nwb	13464072
sub-Winnie/sub-Winnie_ses-Winnie-20220717_obj-nfluwm.nwb	4894272
sub-Totoro/sub-Totoro_ses-Totoro-20220614_obj-1nc3sta.nwb	3941432
sub-Winnie/sub-Winnie_ses-Winnie-20220717_obj-1r4hm2e.nwb	3462720
sub-Totoro/sub-Totoro_ses-Totoro-20220614_obj-143m7pa_behavior.nwb	20163344
sub-Olive/sub-Olive_ses-Olive-20220711_obj-3qig50_behavior.nwb	321921160
sub-Olive/sub-Olive_ses-Olive-20220711_obj-1t3jt79.nwb	3081472
sub-Totoro/sub-Totoro_ses-Totoro-20220614_obj-1qo8tvb.nwb	9465002
sub-Yoshi/sub-Yoshi_ses-Yoshi-20220517_obj-1nhddaz.nwb	171451276
sub-Winnie/sub-Winnie_ses-Winnie-20220719_obj-sbhglw.nwb	8243942
sub-Frodo/sub-Frodo_ses-5_obj-dim0eq_ecephys.nwb	15275440
sub-Frodo/sub-Frodo_ses-2_obj-vf87ll_ecephys.nwb	8061296
sub-Yoshi/sub-Yoshi_ses-Yoshi-20220517_obj-uxknw.nwb	9069952
sub-Winnie/sub-Winnie_ses-Winnie-20220719_obj-1bpsabc.nwb	3965280
sub-Frodo/sub-Frodo_ses-7_obj-19el2yd_ecephys.nwb	7092080
sub-Frodo/sub-Frodo_ses-5_obj-wk92k9_ecephys.nwb	11635136
sub-Winnie/sub-Winnie_ses-Winnie-20220719_obj-z7tgcw.nwb	78889308
sub-Frodo/sub-Frodo_ses-1_obj-a7fp2y_ecephys.nwb	568015568
sub-Banner/sub-Banner_ses-Banner-20220225_obj-kwbknh_behavior.nwb	36299076
sub-Winnie/sub-Winnie_ses-Winnie-20220720_obj-1y461kh.nwb	13116564
sub-Olive/sub-Olive_ses-Olive-20220711_obj-r7pm4r.nwb	2076144
sub-Banner/sub-Banner_ses-Banner-20220224_obj-2185zz.nwb	8451408
sub-Winnie/sub-Winnie_ses-Winnie-20220720_obj-etgbk3.nwb	5412330
sub-Frodo/sub-Frodo_ses-5_obj-eebobj_ecephys.nwb	6647648
sub-Olive/sub-Olive_ses-Olive-20220711_obj-crqrvv.nwb	3460240
sub-Olive/sub-Olive_ses-Olive-20220628_obj-12tqbs3_behavior.nwb	315322316
sub-Banner/sub-Banner_ses-Banner-20220124_obj-l66bo9_ecephys.nwb	324802360
sub-Wallie/sub-Wallie_ses-Wallie-20220914_obj-1oa2192.nwb	4717584
sub-Bilbo/sub-Bilbo_ses-3_obj-e79s65_ecephys.nwb	9364624
sub-Yoshi/sub-Yoshi_ses-Yoshi-20220517_obj-158q4c5.nwb	164553184
sub-Yoshi/sub-Yoshi_ses-Yoshi-20220518_obj-5or1xa_ecephys.nwb	236730444
sub-Yoshi/sub-Yoshi_ses-Yoshi-20220518_obj-jzv5bv.nwb	4987584
sub-Bilbo/sub-Bilbo_ses-5_obj-rftkey_ecephys.nwb	5665072
sub-Frodo/sub-Frodo_ses-5_obj-1ahhmav_ecephys.nwb	11120351
sub-Winnie/sub-Winnie_ses-Winnie-20220717_obj-198s8vk.nwb	6440000
sub-Wallie/sub-Wallie_ses-Wallie-20220914_obj-w5wxz1.nwb	3631032
sub-Winnie/sub-Winnie_ses-Winnie-20220714_obj-9sbwkr.nwb	93797392
sub-Yoshi/sub-Yoshi_ses-Yoshi-20220517_obj-185xowz.nwb	2076144
sub-Frodo/sub-Frodo_ses-5_obj-z133cb_ecephys.nwb	17255160
sub-Olive/sub-Olive_ses-Olive-20220711_obj-p7av3.nwb	10336437
sub-Totoro/sub-Totoro_ses-Totoro-20220617_obj-16p6pg0.nwb	6151851
sub-Yoshi/sub-Yoshi_ses-Yoshi-20220517_obj-12bp5f0.nwb	2722272
sub-Yoshi/sub-Yoshi_ses-Yoshi-20220518_obj-h4eprj.nwb	178399516
sub-Yoshi/sub-Yoshi_ses-Yoshi-20220517_obj-13fiwip.nwb	5053464
sub-Yoshi/sub-Yoshi_ses-Yoshi-20220513_obj-4ic2td.nwb	5755984
sub-Totoro/sub-Totoro_ses-Totoro-20220614_obj-kmabt3.nwb	72409574
sub-Wallie/sub-Wallie_ses-Wallie-20220922_obj-1q9mhqu.nwb	3463040
sub-Bilbo/sub-Bilbo_ses-5_obj-zffqtk_ecephys.nwb	14448320
sub-Yoshi/sub-Yoshi_ses-Yoshi-20220518_obj-1fpm9fr.nwb	3836400
sub-Winnie/sub-Winnie_ses-Winnie-20220719_obj-cxkwf4.nwb	6048560
sub-Frodo/sub-Frodo_ses-6_obj-1wwu36c_ecephys.nwb	40491935
sub-Wallie/sub-Wallie_ses-Wallie-20220922_obj-1jx0kmz.nwb	3649096
sub-Winnie/sub-Winnie_ses-Winnie-20220719_obj-f1doks.nwb	8930064
sub-Bilbo/sub-Bilbo_ses-5_obj-acr174_ecephys.nwb	42528424
sub-Yoshi/sub-Yoshi_ses-Yoshi-20220510_obj-aa648a_ecephys.nwb	467406852
sub-Banner/sub-Banner_ses-Banner-20220224_obj-jtp6oq.nwb	23588416
sub-Totoro/sub-Totoro_ses-Totoro-20220614_obj-1b3qgt5.nwb	74444544
sub-Wallie/sub-Wallie_ses-Wallie-20220922_obj-1pqdepa.nwb	3627792
sub-Frodo/sub-Frodo_ses-4_obj-1qx0r1j_ecephys.nwb	6266640
sub-Bilbo/sub-Bilbo_ses-2_obj-umznyv_behavior+ecephys.nwb	299719988
sub-Olive/sub-Olive_ses-Olive-20220711_obj-997fx9_ecephys.nwb	424508940
sub-Yoshi/sub-Yoshi_ses-Yoshi-20220510_obj-dqvx53.nwb	173820972
sub-Banner/sub-Banner_ses-Banner-20220225_obj-14wxwlq.nwb	50001640
sub-Wallie/sub-Wallie_ses-Wallie-20220922_obj-18qninh.nwb	3116736
sub-Olive/sub-Olive_ses-Olive-20220711_obj-fsohql.nwb	213684196
sub-Winnie/sub-Winnie_ses-Winnie-20220719_obj-91bcd8.nwb	3571120
sub-Banner/sub-Banner_ses-Banner-20220224_obj-x2ia4t.nwb	47794568
sub-Yoshi/sub-Yoshi_ses-Yoshi-20220517_obj-1q5lskb.nwb	5487520
sub-Yoshi/sub-Yoshi_ses-Yoshi-20220518_obj-16hmm03.nwb	8764536
sub-Wallie/sub-Wallie_ses-Wallie-20220922_obj-e0l0uh.nwb	86925284
sub-Yoshi/sub-Yoshi_ses-Yoshi-20220517_obj-1d4m57a.nwb	4363816
sub-Wallie/sub-Wallie_ses-Wallie-20220922_obj-u9pigf.nwb	2770432
sub-Frodo/sub-Frodo_ses-5_obj-2qnc3y_ecephys.nwb	6875256
sub-Yoshi/sub-Yoshi_ses-Yoshi-20220517_obj-71d68h.nwb	3114216
sub-Olive/sub-Olive_ses-Olive-20220711_obj-k1uhq9.nwb	5401200
sub-Winnie/sub-Winnie_ses-Winnie-20220719_obj-dnrrq7_behavior.nwb	17121456
sub-Olive/sub-Olive_ses-Olive-20220711_obj-1lf6vaq.nwb	26173440
sub-Totoro/sub-Totoro_ses-Totoro-20220614_obj-1r5fv3p.nwb	2768192
sub-Wallie/sub-Wallie_ses-Wallie-20220922_obj-1bphsq4.nwb	2692088
sub-Yoshi/sub-Yoshi_ses-Yoshi-20220517_obj-19owvif_behavior.nwb	4400760
sub-Yoshi/sub-Yoshi_ses-Yoshi-20220518_obj-5mygvu_behavior.nwb	21622032
sub-Yoshi/sub-Yoshi_ses-Yoshi-20220518_obj-pf60pe.nwb	7424856
sub-Yoshi/sub-Yoshi_ses-Yoshi-20220510_obj-13afhvz_ecephys.nwb	516701824
sub-Frodo/sub-Frodo_ses-5_obj-otash4_ecephys.nwb	5915136
sub-Totoro/sub-Totoro_ses-Totoro-20220613_obj-1t0hudy_behavior.nwb	243717436
sub-Frodo/sub-Frodo_ses-5_obj-1y38y1g_ecephys.nwb	7524312
sub-Olive/sub-Olive_ses-Olive-20220711_obj-t5xg30_behavior.nwb	14387200
sub-Banner/sub-Banner_ses-Banner-20220224_obj-gzt4uw_behavior.nwb	22905360
sub-Frodo/sub-Frodo_ses-5_obj-1lo60yi_ecephys.nwb	17240904
sub-Odins/sub-Odins_ses-Odins-20220124_obj-1i0crgv.nwb	154540508
sub-Banner/sub-Banner_ses-Banner-20220215_obj-1fuxpjs_behavior.nwb	254703844
sub-Yoshi/sub-Yoshi_ses-Yoshi-20220518_obj-14u2cbj_ecephys.nwb	410620404
sub-Frodo/sub-Frodo_ses-5_obj-17ohc5e_ecephys.nwb	108471632
sub-Winnie/sub-Winnie_ses-Winnie-20220713_obj-1sb7isz.nwb	209772636
sub-Yoshi/sub-Yoshi_ses-Yoshi-20220509_obj-rqsyu5_ecephys.nwb	458462344
sub-Totoro/sub-Totoro_ses-Totoro-20220614_obj-1045s98.nwb	173239100
sub-Olive/sub-Olive_ses-Olive-20220707_obj-xmakpt.nwb	6058832
sub-Wallie/sub-Wallie_ses-Wallie-20220922_obj-roxvm.nwb	8627432
sub-Odins/sub-Odins_ses-Odins-20220124_obj-1cjqr50_ecephys.nwb	360784820
sub-Totoro/sub-Totoro_ses-Totoro-20220613_obj-13w9q92.nwb	2334480
sub-Yoshi/sub-Yoshi_ses-Yoshi-20220518_obj-1vh47ho.nwb	2768192
sub-Olive/sub-Olive_ses-Olive-20220711_obj-e33ftj.nwb	83198400
sub-Winnie/sub-Winnie_ses-Winnie-20220719_obj-1205a51.nwb	401312936
sub-Olive/sub-Olive_ses-Olive-20220711_obj-1myonmh.nwb	31219068
sub-Olive/sub-Olive_ses-Olive-20220627_obj-n0y5rk.nwb	4180264
sub-Winnie/sub-Winnie_ses-Winnie-20220719_obj-1uxxjgo_behavior.nwb	30215008
sub-Yoshi/sub-Yoshi_ses-Yoshi-20220518_obj-gr02ft.nwb	3573216
sub-Wallie/sub-Wallie_ses-Wallie-20220916_obj-1wuoi5c_behavior.nwb	360812968
sub-Winnie/sub-Winnie_ses-Winnie-20220717_obj-4l127r.nwb	4155264
sub-Bilbo/sub-Bilbo_ses-5_obj-d5b09o_ecephys.nwb	6189520
sub-Yoshi/sub-Yoshi_ses-Yoshi-20220517_obj-1reugni.nwb	4801728
sub-Totoro/sub-Totoro_ses-Totoro-20220616_obj-1fjo43c.nwb	47465633
sub-Banner/sub-Banner_ses-Banner-20220124_obj-hnywdy_behavior.nwb	27625100
sub-Yoshi/sub-Yoshi_ses-Yoshi-20220509_obj-1ducdva_ecephys.nwb	54062232
sub-Winnie/sub-Winnie_ses-Winnie-20220719_obj-6umvk8.nwb	2725296
sub-Totoro/sub-Totoro_ses-Totoro-20220614_obj-itx8w4.nwb	3541248
sub-Wallie/sub-Wallie_ses-Wallie-20220912_obj-swj1rq_ecephys.nwb	511208336
sub-Frodo/sub-Frodo_ses-2_obj-16dnzzw_ecephys.nwb	5894912
sub-Bilbo/sub-Bilbo_ses-5_obj-169vapr_ecephys.nwb	11113994
sub-Wallie/sub-Wallie_ses-Wallie-20220922_obj-1ieu370_behavior.nwb	22734640
sub-Frodo/sub-Frodo_ses-5_obj-72t75r_ecephys.nwb	5652000
sub-Olive/sub-Olive_ses-Olive-20220711_obj-1j7y8mh_behavior.nwb	31304160
sub-Yoshi/sub-Yoshi_ses-Yoshi-20220517_obj-19isa5o.nwb	136932844
sub-Winnie/sub-Winnie_ses-Winnie-20220715_obj-gy5bfj.nwb	3040448
sub-Wallie/sub-Wallie_ses-Wallie-20220922_obj-vkhdw8_behavior.nwb	12806752
sub-Totoro/sub-Totoro_ses-Totoro-20220607_obj-5u7upd.nwb	4942064
sub-Winnie/sub-Winnie_ses-Winnie-20220714_obj-3zee3s_behavior.nwb	36710064
sub-Totoro/sub-Totoro_ses-Totoro-20220607_obj-1jdjonj.nwb	6505696
sub-Banner/sub-Banner_ses-Banner-20220225_behavior+ecephys+image.nwb	152404187639
sub-Winnie/sub-Winnie_ses-Winnie-20220714_obj-1hsb7ro.nwb	4564224
sub-Wallie/sub-Wallie_ses-Wallie-20220922_obj-smaprr_behavior.nwb	26913454
sub-Yoshi/sub-Yoshi_ses-Yoshi-20220517_obj-1p1xm7b.nwb	100784896
sub-Bilbo/sub-Bilbo_ses-5_obj-3wed2z_ecephys.nwb	130303656
sub-Yoshi/sub-Yoshi_ses-Yoshi-20220518_obj-1tb4oml.nwb	3008448
sub-Totoro/sub-Totoro_ses-Totoro-20220613_obj-1nci3zv.nwb	3847752
sub-Wallie/sub-Wallie_ses-Wallie-20220914_behavior+ecephys+image.nwb	418388486272
sub-Olive/sub-Olive_ses-Olive-20220627_obj-9amqil_ecephys.nwb	390844474
sub-Totoro/sub-Totoro_ses-Totoro-20220614_obj-1ctn874.nwb	232152596
sub-Yoshi/sub-Yoshi_ses-Yoshi-20220517_obj-eoj7bc.nwb	2169632
sub-Bilbo/sub-Bilbo_ses-5_obj-9cs54l_ecephys.nwb	5261328
sub-Frodo/sub-Frodo_ses-3_obj-3uuvl3_ecephys.nwb	70155352
sub-Banner/sub-Banner_ses-Banner-20220225_obj-ac5dzt.nwb	12776974
sub-Yoshi/sub-Yoshi_ses-Yoshi-20220518_obj-1mnd5gp.nwb	21860000
sub-Yoshi/sub-Yoshi_ses-Yoshi-20220517_obj-9kwp6a.nwb	3264896
sub-Yoshi/sub-Yoshi_ses-Yoshi-20220518_obj-1dp21qb.nwb	5077848
sub-Yoshi/sub-Yoshi_ses-Yoshi-20220517_obj-1hz2ske.nwb	156687396
sub-Banner/sub-Banner_ses-Banner-20220224_obj-rsb34a_behavior.nwb	36477572
sub-Bilbo/sub-Bilbo_ses-6_obj-yynq58_ecephys.nwb	9807350
sub-Olive/sub-Olive_ses-Olive-20220707_obj-1fwxhd6.nwb	2987432
sub-Olive/sub-Olive_ses-Olive-20220707_obj-oi9p4i.nwb	189604492
sub-Yoshi/sub-Yoshi_ses-Yoshi-20220517_obj-1nygyhh.nwb	7434600
sub-Banner/sub-Banner_ses-Banner-20220224_obj-1k6vsop.nwb	62835936
sub-Bilbo/sub-Bilbo_ses-6_obj-7tqgzv_ecephys.nwb	9894479
sub-Wallie/sub-Wallie_ses-Wallie-20220922_behavior+ecephys+image.nwb	1232367155329
sub-Banner/sub-Banner_ses-Banner-20220216_obj-zvtjnu_behavior.nwb	38134192
sub-Banner/sub-Banner_ses-Banner-20220224_obj-1fcgi69_behavior.nwb	21382504
sub-Yoshi/sub-Yoshi_ses-Yoshi-20220513_obj-e7wiz2.nwb	3194944
sub-Wallie/sub-Wallie_ses-Wallie-20220911_obj-9v7mbq_ecephys.nwb	638604248
sub-Yoshi/sub-Yoshi_ses-Yoshi-20220518_obj-oxxgxi.nwb	4212320
sub-Winnie/sub-Winnie_ses-Winnie-20220719_obj-1rjhwhq.nwb	19757088
sub-Winnie/sub-Winnie_ses-Winnie-20220719_obj-1woee3y.nwb	14457660636
sub-Wallie/sub-Wallie_ses-Wallie-20220911_obj-1sub0e0.nwb	3287488
sub-Yoshi/sub-Yoshi_ses-Yoshi-20220517_obj-1mllfsj.nwb	2768192
sub-Olive/sub-Olive_ses-Olive-20220627_obj-38v83m.nwb	3420216
sub-Yoshi/sub-Yoshi_ses-Yoshi-20220517_obj-1o2yjwt.nwb	128482908
sub-Totoro/sub-Totoro_ses-Totoro-20220614_obj-6z2weh.nwb	4299744
sub-Wallie/sub-Wallie_ses-Wallie-20220922_obj-17g53yy.nwb	3153600
sub-Wallie/sub-Wallie_ses-Wallie-20220922_obj-1qgcbbk.nwb	148604024
sub-Totoro/sub-Totoro_ses-Totoro-20220615_obj-1l84vr.nwb	5864210
sub-Yoshi/sub-Yoshi_ses-Yoshi-20220517_obj-mqw6hk.nwb	2422168
sub-Winnie/sub-Winnie_ses-Winnie-20220719_obj-clin55.nwb	3538872
sub-Frodo/sub-Frodo_ses-5_obj-1ls90e1_ecephys.nwb	8004480
sub-Yoshi/sub-Yoshi_ses-Yoshi-20220517_obj-1ra3pjz_behavior.nwb	26985792
sub-Totoro/sub-Totoro_ses-Totoro-20220613_obj-bgrz2h.nwb	4548192
sub-Yoshi/sub-Yoshi_ses-Yoshi-20220517_obj-bkxx0g.nwb	4014800
sub-Totoro/sub-Totoro_ses-Totoro-20220602_obj-1vwrac5_behavior.nwb	391467280
sub-Yoshi/sub-Yoshi_ses-Yoshi-20220509_obj-a5bcey.nwb	83913068
sub-Olive/sub-Olive_ses-Olive-20220711_obj-1l097e6.nwb	5239728
sub-Yoshi/sub-Yoshi_ses-Yoshi-20220517_obj-gfehlc.nwb	2272344676
sub-Wallie/sub-Wallie_ses-Wallie-20220922_obj-1qhi5qg.nwb	22541376
sub-Wallie/sub-Wallie_ses-Wallie-20220922_obj-1ont1o1.nwb	4586736
sub-Winnie/sub-Winnie_ses-Winnie-20220719_obj-1gi9ety.nwb	7137664
sub-Olive/sub-Olive_ses-Olive-20220707_obj-bbo8fs.nwb	8751616
sub-Yoshi/sub-Yoshi_ses-Yoshi-20220518_obj-112slv5.nwb	5424288
sub-Yoshi/sub-Yoshi_ses-Yoshi-20220518_obj-x5dvvp.nwb	3586176
sub-Olive/sub-Olive_ses-Olive-20220711_obj-1ptf6qb.nwb	2866496
sub-Olive/sub-Olive_ses-Olive-20220707_obj-1nei1en.nwb	6715840
sub-Frodo/sub-Frodo_ses-5_obj-1v22izi_ecephys.nwb	4991232
sub-Bilbo/sub-Bilbo_ses-2_obj-1wpuwev_ecephys.nwb	2887936
sub-Wallie/sub-Wallie_ses-Wallie-20220922_obj-gszg20.nwb	3863816
sub-Totoro/sub-Totoro_ses-Totoro-20220615_obj-1sror0t.nwb	9539279
sub-Olive/sub-Olive_ses-Olive-20220711_obj-uk67nd.nwb	186420840
sub-Yoshi/sub-Yoshi_ses-Yoshi-20220517_obj-1hj0mlo_ecephys.nwb	487017056
sub-Frodo/sub-Frodo_ses-2_obj-gch7db_ecephys.nwb	61113084
sub-Olive/sub-Olive_ses-Olive-20220711_obj-1oz8dte.nwb	3760560
sub-Winnie/sub-Winnie_ses-Winnie-20220717_obj-nvrizy.nwb	3953432
sub-Bilbo/sub-Bilbo_ses-6_obj-rjk8we_ecephys.nwb	7463088
sub-Totoro/sub-Totoro_ses-Totoro-20220613_obj-1osona7_behavior.nwb	14579712
sub-Frodo/sub-Frodo_ses-4_obj-16y9kk3_ecephys.nwb	10546976
sub-Totoro/sub-Totoro_ses-Totoro-20220614_obj-19vb08l.nwb	118647164
sub-Totoro/sub-Totoro_ses-Totoro-20220607_obj-1u91gzz.nwb	3644864
sub-Yoshi/sub-Yoshi_ses-Yoshi-20220518_obj-sx7jwu.nwb	11415784
sub-Totoro/sub-Totoro_ses-Totoro-20220615_obj-1kk88e3.nwb	50631570
sub-Winnie/sub-Winnie_ses-Winnie-20220717_obj-17hfose.nwb	3554208
sub-Totoro/sub-Totoro_ses-Totoro-20220615_obj-1xs0owc.nwb	49852404
sub-Yoshi/sub-Yoshi_ses-Yoshi-20220518_obj-1gelz8t.nwb	3120192
sub-Totoro/sub-Totoro_ses-Totoro-20220616_obj-90h1oq.nwb	2253648
sub-Wallie/sub-Wallie_ses-Wallie-20220922_obj-e0lh8s.nwb	3234880
sub-Yoshi/sub-Yoshi_ses-Yoshi-20220518_obj-1h7muxd.nwb	9243872
sub-Bilbo/sub-Bilbo_ses-5_obj-n8olmd_ecephys.nwb	5570568
sub-Yoshi/sub-Yoshi_ses-Yoshi-20220517_obj-wiujdc.nwb	40175680
sub-Yoshi/sub-Yoshi_ses-Yoshi-20220518_obj-1796qml.nwb	301735296
sub-Bilbo/sub-Bilbo_ses-2_obj-mgllxq_ecephys.nwb	255103432
sub-Frodo/sub-Frodo_ses-5_obj-77u2qt_ecephys.nwb	73548684
sub-Yoshi/sub-Yoshi_ses-Yoshi-20220517_obj-1fp37cz_ecephys.nwb	546851584
sub-Wallie/sub-Wallie_ses-Wallie-20220922_obj-1kezhmg.nwb	3463040
sub-Yoshi/sub-Yoshi_ses-Yoshi-20220517_obj-c109g5.nwb	7705248
sub-Winnie/sub-Winnie_ses-Winnie-20220719_obj-utwyk1.nwb	5085696
sub-Totoro/sub-Totoro_ses-Totoro-20220607_obj-1xwdbor.nwb	4586112
sub-Totoro/sub-Totoro_ses-Totoro-20220614_obj-h9ud95.nwb	47232356
sub-Winnie/sub-Winnie_ses-Winnie-20220719_obj-10my8ye.nwb	5602896
sub-Banner/sub-Banner_ses-Banner-20220124_obj-g44lhk_behavior.nwb	34811676
sub-Banner/sub-Banner_ses-Banner-20220224_obj-1pdgyi7_ecephys.nwb	396857608
sub-Frodo/sub-Frodo_ses-1_obj-xb1nuk_behavior+ecephys.nwb	785505484
sub-Frodo/sub-Frodo_ses-5_obj-gnued3_ecephys.nwb	26526088
sub-Olive/sub-Olive_ses-Olive-20220629_obj-11is1vl_behavior.nwb	153128480
sub-Frodo/sub-Frodo_ses-5_obj-uzqax_ecephys.nwb	6239040
sub-Wallie/sub-Wallie_ses-Wallie-20220922_obj-6k5agl.nwb	3161304
sub-Bilbo/sub-Bilbo_ses-5_obj-2sujup_ecephys.nwb	17863612
sub-Totoro/sub-Totoro_ses-Totoro-20220614_obj-1u17qnk.nwb	156699284
sub-Totoro/sub-Totoro_ses-Totoro-20220614_obj-rk7fnd.nwb	2768192
sub-Totoro/sub-Totoro_ses-Totoro-20220614_obj-sa3yp5_behavior.nwb	31598190
sub-Banner/sub-Banner_ses-Banner-20220225_obj-je3pqo_behavior.nwb	11224792
sub-Yoshi/sub-Yoshi_ses-Yoshi-20220517_obj-19izu2j.nwb	4613600
sub-Frodo/sub-Frodo_ses-5_obj-6ve5h2_ecephys.nwb	6191024
sub-Winnie/sub-Winnie_ses-Winnie-20220719_obj-1pmqv2h.nwb	47913209
sub-Yoshi/sub-Yoshi_ses-Yoshi-20220518_obj-1pfzdsf_ecephys.nwb	281451500
sub-Yoshi/sub-Yoshi_ses-Yoshi-20220518_obj-1r3emu7.nwb	105915752
sub-Yoshi/sub-Yoshi_ses-Yoshi-20220513_obj-194c9t9.nwb	4456760
sub-Winnie/sub-Winnie_ses-Winnie-20220719_obj-1u0pxey.nwb	219323844
sub-Totoro/sub-Totoro_ses-Totoro-20220614_obj-1cfejkb.nwb	49212708
sub-Frodo/sub-Frodo_ses-5_obj-1ec2vx9_ecephys.nwb	11093126
sub-Winnie/sub-Winnie_ses-Winnie-20220717_obj-hwq7ci.nwb	229639124
sub-Wallie/sub-Wallie_ses-Wallie-20220912_obj-mfbb7y.nwb	140173212
sub-Olive/sub-Olive_ses-Olive-20220711_obj-5u2b8i.nwb	119536060
sub-Olive/sub-Olive_ses-Olive-20220629_obj-b1u0cf.nwb	85098696
sub-Olive/sub-Olive_ses-Olive-20220711_obj-1dcyuoe.nwb	8122476
sub-Yoshi/sub-Yoshi_ses-Yoshi-20220518_obj-1qo9pbe.nwb	216454048
sub-Winnie/sub-Winnie_ses-Winnie-20220720_obj-79o971.nwb	4274488
sub-Bilbo/sub-Bilbo_ses-5_obj-1woith3_ecephys.nwb	18432160
sub-Totoro/sub-Totoro_ses-Totoro-20220614_obj-q7cppe.nwb	170928956
sub-Olive/sub-Olive_ses-Olive-20220711_obj-rvdtrl.nwb	134462588
sub-Frodo/sub-Frodo_ses-5_obj-1i552fn_ecephys.nwb	9726120
sub-Wallie/sub-Wallie_ses-Wallie-20220916_obj-2x8jql_ecephys.nwb	444607768
sub-Totoro/sub-Totoro_ses-Totoro-20220614_obj-179k5e1.nwb	4299744
sub-Yoshi/sub-Yoshi_ses-Yoshi-20220513_obj-1dnf4dw.nwb	145945120
sub-Olive/sub-Olive_ses-Olive-20220711_obj-1uv9883.nwb	7405924
sub-Frodo/sub-Frodo_ses-5_obj-1a1sl42_ecephys.nwb	6731904
sub-Winnie/sub-Winnie_ses-Winnie-20220719_obj-fbv60.nwb	5552641
sub-Totoro/sub-Totoro_ses-Totoro-20220613_obj-8911se.nwb	3221904
sub-Banner/sub-Banner_ses-Banner-20220224_obj-1a53xew_behavior.nwb	35254688
sub-Yoshi/sub-Yoshi_ses-Yoshi-20220517_obj-1qsij0u.nwb	3460240
sub-Yoshi/sub-Yoshi_ses-Yoshi-20220518_obj-1un4je6.nwb	119617984
sub-Olive/sub-Olive_ses-Olive-20220707_obj-1nm4m6c_behavior.nwb	271758720
sub-Yoshi/sub-Yoshi_ses-Yoshi-20220518_obj-1894pir.nwb	4480296
sub-Bilbo/sub-Bilbo_ses-5_obj-171f8gy_behavior+ecephys.nwb	20158272
sub-Yoshi/sub-Yoshi_ses-Yoshi-20220513_obj-vxbh1f.nwb	206718744
sub-Frodo/sub-Frodo_ses-5_obj-1rs7bf_ecephys.nwb	77530268
sub-Winnie/sub-Winnie_ses-Winnie-20220719_obj-g2gooc.nwb	681865900
sub-Wallie/sub-Wallie_ses-Wallie-20220914_obj-33dxf0_behavior.nwb	34402800
sub-Totoro/sub-Totoro_ses-Totoro-20220613_obj-n3vxso.nwb	3756456
sub-Wallie/sub-Wallie_ses-Wallie-20220922_obj-xxqkhk.nwb	3875264
sub-Frodo/sub-Frodo_ses-5_obj-5lnlkc_ecephys.nwb	64830924
sub-Yoshi/sub-Yoshi_ses-Yoshi-20220517_obj-145n811.nwb	3191104
sub-Winnie/sub-Winnie_ses-Winnie-20220719_obj-d7cict.nwb	223866168
sub-Yoshi/sub-Yoshi_ses-Yoshi-20220517_obj-1q1uu65_behavior.nwb	25090856
sub-Winnie/sub-Winnie_ses-Winnie-20220717_obj-sn3n8f_ecephys.nwb	397558068
sub-Odins/sub-Odins_ses-Odins-20220124_obj-1535fnp_behavior.nwb	33633624
sub-Frodo/sub-Frodo_ses-4_obj-5cz4r5_ecephys.nwb	5013312
sub-Frodo/sub-Frodo_ses-5_obj-1n5mg8i_ecephys.nwb	7193976
sub-Bilbo/sub-Bilbo_ses-2_obj-dycmcx_ecephys.nwb	105770588
sub-Totoro/sub-Totoro_ses-Totoro-20220614_obj-1lqmdaw_behavior.nwb	34496960
sub-Bilbo/sub-Bilbo_ses-5_obj-lyfj1y_ecephys.nwb	4507104
sub-Yoshi/sub-Yoshi_ses-Yoshi-20220518_obj-5mi96k.nwb	3114216
sub-Totoro/sub-Totoro_ses-Totoro-20220614_obj-j47n70.nwb	163103620
sub-Yoshi/sub-Yoshi_ses-Yoshi-20220517_obj-1or0v7d.nwb	3114216
sub-Wallie/sub-Wallie_ses-Wallie-20220922_obj-3xwgfa.nwb	4862400
sub-Yoshi/sub-Yoshi_ses-Yoshi-20220518_obj-2b6jz0.nwb	3895056
sub-Yoshi/sub-Yoshi_ses-Yoshi-20220517_obj-12lxofd.nwb	47853128
sub-Frodo/sub-Frodo_ses-5_obj-torse8_behavior+ecephys.nwb	14910456
sub-Yoshi/sub-Yoshi_ses-Yoshi-20220518_obj-131ngvf.nwb	13058624
sub-Yoshi/sub-Yoshi_ses-Yoshi-20220517_obj-18rcp9l.nwb	4926144
sub-Frodo/sub-Frodo_ses-5_obj-1dy71fi_ecephys.nwb	12046592
sub-Totoro/sub-Totoro_ses-Totoro-20220603_obj-1jw7qys_behavior.nwb	330513068
sub-Olive/sub-Olive_ses-Olive-20220711_obj-1eneek6.nwb	17718272
sub-Totoro/sub-Totoro_ses-Totoro-20220617_obj-ave2il.nwb	4368304
sub-Wallie/sub-Wallie_ses-Wallie-20220922_obj-w5jyuu.nwb	4695152
sub-Wallie/sub-Wallie_ses-Wallie-20220914_obj-1qina66_behavior.nwb	27511104
sub-Olive/sub-Olive_ses-Olive-20220629_obj-cqpfr8.nwb	3072960
sub-Wallie/sub-Wallie_ses-Wallie-20220911_obj-1tygxtt_behavior.nwb	28109248
sub-Yoshi/sub-Yoshi_ses-Yoshi-20220517_obj-1njhbet.nwb	118335176
sub-Wallie/sub-Wallie_ses-Wallie-20220922_obj-1blyuj9.nwb	7476696
sub-Yoshi/sub-Yoshi_ses-Yoshi-20220518_obj-vgpm0l.nwb	7299456
sub-Wallie/sub-Wallie_ses-Wallie-20220922_obj-1d9mn1i_ecephys.nwb	496114494
sub-Totoro/sub-Totoro_ses-Totoro-20220613_obj-kn7qh9_ecephys.nwb	330069544
sub-Frodo/sub-Frodo_ses-5_obj-1b0qaod_ecephys.nwb	71627242
sub-Yoshi/sub-Yoshi_ses-Yoshi-20220518_obj-15300ys.nwb	3392384
sub-Bilbo/sub-Bilbo_ses-5_obj-ay8qkb_ecephys.nwb	5200384
sub-Totoro/sub-Totoro_ses-Totoro-20220614_obj-1wis7z0.nwb	2866496
sub-Winnie/sub-Winnie_ses-Winnie-20220719_obj-1i8p0rl_ecephys.nwb	375173972
sub-Totoro/sub-Totoro_ses-Totoro-20220614_obj-179pt1x.nwb	24590912
sub-Winnie/sub-Winnie_ses-Winnie-20220717_obj-12qexm8_ecephys.nwb	64076252
sub-Banner/sub-Banner_ses-Banner-20220225_obj-cgubu8.nwb	7020208
sub-Yoshi/sub-Yoshi_ses-Yoshi-20220518_obj-1ojtiji.nwb	11154400
sub-Frodo/sub-Frodo_ses-5_obj-2p3bw9_ecephys.nwb	8000080
sub-Winnie/sub-Winnie_ses-Winnie-20220717_obj-1s2rh0b.nwb	169032584
sub-Wallie/sub-Wallie_ses-Wallie-20220922_obj-1r26tbj_behavior.nwb	306471896
sub-Totoro/sub-Totoro_ses-Totoro-20220603_obj-z8ce01_behavior.nwb	353003248
sub-Totoro/sub-Totoro_ses-Totoro-20220603_obj-185i35e.nwb	3909840
sub-Wallie/sub-Wallie_ses-Wallie-20220922_obj-m6gwv7.nwb	3763920
sub-Totoro/sub-Totoro_ses-Totoro-20220613_obj-iornel.nwb	226827792
sub-Totoro/sub-Totoro_ses-Totoro-20220613_obj-teuzmf.nwb	125767428
sub-Totoro/sub-Totoro_ses-Totoro-20220614_obj-1jttubp.nwb	5178944
sub-Bilbo/sub-Bilbo_ses-2_obj-qlwu7f_behavior+ecephys.nwb	270333436
sub-Wallie/sub-Wallie_ses-Wallie-20220922_obj-v8g1rx.nwb	3414384
sub-Bilbo/sub-Bilbo_ses-5_obj-1wzi3ot_ecephys.nwb	7271280
sub-Winnie/sub-Winnie_ses-Winnie-20220719_obj-xc9oba.nwb	52780044
sub-Banner/sub-Banner_ses-Banner-20220224_obj-1anp9s8.nwb	6291776
sub-Winnie/sub-Winnie_ses-Winnie-20220719_obj-1iloz44_behavior.nwb	29277760
sub-Winnie/sub-Winnie_ses-Winnie-20220719_obj-1qmc42s.nwb	835233516
sub-Yoshi/sub-Yoshi_ses-Yoshi-20220517_obj-1v3upot.nwb	3095744
sub-Banner/sub-Banner_ses-Banner-20220224_obj-7l4vh_ecephys.nwb	432838720
sub-Wallie/sub-Wallie_ses-Wallie-20220922_obj-1lg7871_behavior.nwb	21056616
sub-Winnie/sub-Winnie_ses-Winnie-20220719_obj-6g7jbk.nwb	5711725
sub-Wallie/sub-Wallie_ses-Wallie-20220911_obj-13c6i3c.nwb	3926160
sub-Yoshi/sub-Yoshi_ses-Yoshi-20220518_obj-1t6wptr.nwb	275039544
sub-Wallie/sub-Wallie_ses-Wallie-20220922_obj-1lwd2uf.nwb	49580800
sub-Wallie/sub-Wallie_ses-Wallie-20220922_obj-niim2z.nwb	185194032
sub-Totoro/sub-Totoro_ses-Totoro-20220614_obj-r250jw.nwb	3806264
sub-Yoshi/sub-Yoshi_ses-Yoshi-20220518_obj-g40wvp.nwb	3115456
sub-Frodo/sub-Frodo_ses-5_obj-9jhmq3_ecephys.nwb	9815200
sub-Yoshi/sub-Yoshi_ses-Yoshi-20220518_obj-10lsiwb_ecephys.nwb	300491608
sub-Yoshi/sub-Yoshi_ses-Yoshi-20220517_obj-11dofkr.nwb	2422168
sub-Totoro/sub-Totoro_ses-Totoro-20220607_obj-1fb3oa2.nwb	2336112
sub-Wallie/sub-Wallie_ses-Wallie-20220922_obj-162cb53.nwb	2424128
sub-Olive/sub-Olive_ses-Olive-20220711_obj-1xo1qmh.nwb	4786112
sub-Winnie/sub-Winnie_ses-Winnie-20220719_obj-1dp3x7u.nwb	6619840
sub-Yoshi/sub-Yoshi_ses-Yoshi-20220513_obj-1l0pyxq_behavior.nwb	40890912
sub-Wallie/sub-Wallie_ses-Wallie-20220916_obj-2y2wj8.nwb	196927404
sub-Frodo/sub-Frodo_ses-5_obj-bd8ylb_ecephys.nwb	5615136
sub-Winnie/sub-Winnie_ses-Winnie-20220719_obj-jkpsw0.nwb	7811896
sub-Yoshi/sub-Yoshi_ses-Yoshi-20220518_obj-1q9wrpj.nwb	21228320
sub-Yoshi/sub-Yoshi_ses-Yoshi-20220517_obj-6hv3wb.nwb	3587256
sub-Olive/sub-Olive_ses-Olive-20220711_obj-18oa4l9_behavior.nwb	27419712
sub-Wallie/sub-Wallie_ses-Wallie-20220914_obj-aruxk9.nwb	3860648
sub-Totoro/sub-Totoro_ses-Totoro-20220614_obj-5fmzq4.nwb	3760560
sub-Yoshi/sub-Yoshi_ses-Yoshi-20220517_obj-116c74w.nwb	3556440
sub-Frodo/sub-Frodo_ses-5_obj-1yzahjo_ecephys.nwb	8279616
sub-Winnie/sub-Winnie_ses-Winnie-20220720_obj-1dy68y9.nwb	6161340
sub-Banner/sub-Banner_ses-Banner-20220224_behavior+ecephys+image.nwb	139825157398
sub-Frodo/sub-Frodo_ses-3_obj-1ktu3e4_ecephys.nwb	10723296
sub-Yoshi/sub-Yoshi_ses-Yoshi-20220517_obj-1cmv8b7.nwb	85122412
sub-Yoshi/sub-Yoshi_ses-Yoshi-20220518_obj-buzx3r.nwb	2879576
sub-Wallie/sub-Wallie_ses-Wallie-20220922_obj-1j6rjf3.nwb	4215072
sub-Yoshi/sub-Yoshi_ses-Yoshi-20220517_obj-rryc9d.nwb	5145920
sub-Olive/sub-Olive_ses-Olive-20220627_obj-mnfvp_behavior.nwb	25143104
sub-Bilbo/sub-Bilbo_ses-5_obj-79igwt_behavior+ecephys.nwb	31847552
sub-Yoshi/sub-Yoshi_ses-Yoshi-20220517_obj-yc1tgs.nwb	8875308
sub-Totoro/sub-Totoro_ses-Totoro-20220602_obj-1uofkly_ecephys.nwb	668976184
sub-Totoro/sub-Totoro_ses-Totoro-20220613_obj-1c1z49.nwb	3956472
sub-Totoro/sub-Totoro_ses-Totoro-20220614_obj-1611ryy.nwb	60719640
sub-Winnie/sub-Winnie_ses-Winnie-20220719_obj-mjlzff.nwb	1034650792
sub-Winnie/sub-Winnie_ses-Winnie-20220719_obj-u8qhxj_behavior.nwb	39762272
sub-Olive/sub-Olive_ses-Olive-20220711_obj-1thr1hp_ecephys.nwb	401476128
sub-Frodo/sub-Frodo_ses-3_obj-16j9zv2_ecephys.nwb	6931672
sub-Winnie/sub-Winnie_ses-Winnie-20220719_obj-17n0act.nwb	5495816
sub-Banner/sub-Banner_ses-Banner-20220216_obj-1gqjohx.nwb	219552860
sub-Bilbo/sub-Bilbo_ses-5_obj-rokrzi_ecephys.nwb	133686392
sub-Bilbo/sub-Bilbo_ses-2_obj-1n1dcsx_ecephys.nwb	8696576
sub-Olive/sub-Olive_ses-Olive-20220707_obj-1yizt9k_ecephys.nwb	421583816
sub-Wallie/sub-Wallie_ses-Wallie-20220922_obj-1wwtokc.nwb	118460148
sub-Banner/sub-Banner_ses-Banner-20220224_obj-1mde050_behavior.nwb	19616192
sub-Olive/sub-Olive_ses-Olive-20220711_obj-1xje6iq.nwb	5439951
sub-Yoshi/sub-Yoshi_ses-Yoshi-20220517_obj-1nz5xtx.nwb	175829268
sub-Yoshi/sub-Yoshi_ses-Yoshi-20220518_obj-aqzncq_behavior.nwb	14560608
sub-Bilbo/sub-Bilbo_ses-5_obj-ah5urb_behavior+ecephys.nwb	34495192
sub-Yoshi/sub-Yoshi_ses-Yoshi-20220518_obj-1eh9obl.nwb	23982480
sub-Totoro/sub-Totoro_ses-Totoro-20220617_obj-hcp2ap.nwb	7693381
sub-Olive/sub-Olive_ses-Olive-20220707_obj-1phsrwz_behavior.nwb	374033016
sub-Banner/sub-Banner_ses-Banner-20220225_obj-1crixj6.nwb	194397432
sub-Yoshi/sub-Yoshi_ses-Yoshi-20220518_obj-1tog26i.nwb	4398240
sub-Wallie/sub-Wallie_ses-Wallie-20220922_obj-6izhap.nwb	111962284
sub-Totoro/sub-Totoro_ses-Totoro-20220614_obj-1v8nmtk.nwb	3719760
sub-Yoshi/sub-Yoshi_ses-Yoshi-20220518_obj-f9x56k_behavior.nwb	10656080
sub-Banner/sub-Banner_ses-Banner-20220225_obj-4dhvcg_behavior.nwb	401011728
sub-Frodo/sub-Frodo_ses-1_obj-1irx9u9_ecephys.nwb	136695200
sub-Frodo/sub-Frodo_ses-5_obj-piasj2_behavior+ecephys.nwb	9449160
sub-Yoshi/sub-Yoshi_ses-Yoshi-20220510_obj-j24h.nwb	227685628
sub-Frodo/sub-Frodo_ses-5_obj-ymwmu6_ecephys.nwb	5801216
sub-Totoro/sub-Totoro_ses-Totoro-20220615_obj-1g0lyw2.nwb	5410038
sub-Winnie/sub-Winnie_ses-Winnie-20220719_obj-1re1c6h.nwb	7006560
sub-Wallie/sub-Wallie_ses-Wallie-20220922_obj-lvsml1_ecephys.nwb	362318160
sub-Banner/sub-Banner_ses-Banner-20220224_obj-1tn5uzm.nwb	6380686
sub-Olive/sub-Olive_ses-Olive-20220629_obj-mohqdk.nwb	2867704
sub-Yoshi/sub-Yoshi_ses-Yoshi-20220517_obj-1w45pfy.nwb	169867404
sub-Odins/sub-Odins_ses-Odins-20220123_behavior+ecephys+image.nwb	34585744570
sub-Winnie/sub-Winnie_ses-Winnie-20220719_obj-45xuhz.nwb	625700040
sub-Totoro/sub-Totoro_ses-Totoro-20220602_obj-b42t2v_ecephys.nwb	397596344
sub-Banner/sub-Banner_ses-Banner-20220225_obj-p97rnf.nwb	7121562
sub-Totoro/sub-Totoro_ses-Totoro-20220607_obj-z9pd7y_ecephys.nwb	67100018
sub-Winnie/sub-Winnie_ses-Winnie-20220717_obj-vb2qq4.nwb	3808992
sub-Wallie/sub-Wallie_ses-Wallie-20220912_obj-1tcyr1v.nwb	3339968
sub-Totoro/sub-Totoro_ses-Totoro-20220613_obj-1w52pyt.nwb	4719808
sub-Frodo/sub-Frodo_ses-5_obj-n3k0hq_ecephys.nwb	9888264
sub-Yoshi/sub-Yoshi_ses-Yoshi-20220518_obj-12fuyi4.nwb	7199440
sub-Wallie/sub-Wallie_ses-Wallie-20220914_obj-y9irp3.nwb	4720584
sub-Wallie/sub-Wallie_ses-Wallie-20220922_obj-14j1qot_behavior.nwb	33920008
sub-Olive/sub-Olive_ses-Olive-20220701_obj-vms2ml_behavior.nwb	46281444
sub-Bilbo/sub-Bilbo_ses-5_obj-ti4f2g_ecephys.nwb	8128472
sub-Wallie/sub-Wallie_ses-Wallie-20220914_obj-1hcwkwc.nwb	4426664
sub-Banner/sub-Banner_ses-Banner-20220224_obj-1a5tdrq.nwb	18185232
sub-Yoshi/sub-Yoshi_ses-Yoshi-20220518_obj-11sofvc.nwb	4520912
sub-Wallie/sub-Wallie_ses-Wallie-20220922_obj-17j6dby.nwb	3976512
sub-Winnie/sub-Winnie_ses-Winnie-20220719_obj-1fh5qrd.nwb	105854472
sub-Odins/sub-Odins_ses-Odins-20220126_obj-ceffnx_ecephys.nwb	469244732
sub-Totoro/sub-Totoro_ses-Totoro-20220616_obj-1ni13jl.nwb	4136880
sub-Yoshi/sub-Yoshi_ses-Yoshi-20220517_obj-10ee9d2.nwb	11297480
sub-Wallie/sub-Wallie_ses-Wallie-20220922_obj-18t7plu.nwb	3970160
sub-Wallie/sub-Wallie_ses-Wallie-20220922_obj-ob43u8.nwb	5139120
sub-Frodo/sub-Frodo_ses-5_obj-1rbmqo8_ecephys.nwb	8466560
sub-Wallie/sub-Wallie_ses-Wallie-20220922_obj-dtc5ok.nwb	3824784
sub-Yoshi/sub-Yoshi_ses-Yoshi-20220518_obj-1ltbrtz_behavior.nwb	28623840
sub-Frodo/sub-Frodo_ses-5_obj-uxs8j6_ecephys.nwb	9640744
sub-Totoro/sub-Totoro_ses-Totoro-20220613_obj-154xlne.nwb	5948955
sub-Winnie/sub-Winnie_ses-Winnie-20220717_obj-1fcbwna.nwb	2770176
sub-Winnie/sub-Winnie_ses-Winnie-20220717_obj-34lswx.nwb	56077848
sub-Banner/sub-Banner_ses-Banner-20220225_obj-jqeb4c.nwb	57525895
sub-Frodo/sub-Frodo_ses-4_obj-age55k_ecephys.nwb	10996920
sub-Olive/sub-Olive_ses-Olive-20220627_obj-12a15aa_behavior.nwb	32194224
sub-Winnie/sub-Winnie_ses-Winnie-20220719_obj-6jrg5l.nwb	2982616
sub-Yoshi/sub-Yoshi_ses-Yoshi-20220518_obj-1v09sff.nwb	3607994964
sub-Yoshi/sub-Yoshi_ses-Yoshi-20220517_obj-xvhrla_behavior.nwb	372157716
sub-Totoro/sub-Totoro_ses-Totoro-20220607_obj-156iqld_behavior.nwb	383170640
sub-Wallie/sub-Wallie_ses-Wallie-20220922_obj-1por483.nwb	4599144
sub-Frodo/sub-Frodo_ses-5_obj-1kb6vwi_ecephys.nwb	5615136
sub-Winnie/sub-Winnie_ses-Winnie-20220719_obj-lcxfuf.nwb	452924412
sub-Banner/sub-Banner_ses-Banner-20220225_obj-1l101dh.nwb	8175888
sub-Frodo/sub-Frodo_ses-5_obj-c5zz5c_ecephys.nwb	7383680
sub-Winnie/sub-Winnie_ses-Winnie-20220719_obj-1x3ay4p.nwb	4565472
sub-Frodo/sub-Frodo_ses-5_obj-17ij0mu_ecephys.nwb	4991232
sub-Olive/sub-Olive_ses-Olive-20220711_obj-1spz6i3.nwb	5913072
sub-Bilbo/sub-Bilbo_ses-6_obj-3qbkah_ecephys.nwb	4975584
sub-Frodo/sub-Frodo_ses-4_obj-gs1i06_behavior+ecephys.nwb	186039744
sub-Frodo/sub-Frodo_ses-1_obj-9ylar3_ecephys.nwb	137998400
sub-Olive/sub-Olive_ses-Olive-20220711_obj-1nj95r2.nwb	97993616
sub-Totoro/sub-Totoro_ses-Totoro-20220614_obj-xfe91v.nwb	127255452
sub-Yoshi/sub-Yoshi_ses-Yoshi-20220518_obj-1q171fm.nwb	3114216
sub-Totoro/sub-Totoro_ses-Totoro-20220613_obj-x4ydk7_ecephys.nwb	394784968
sub-Yoshi/sub-Yoshi_ses-Yoshi-20220517_obj-dpttrq.nwb	4231440
sub-Totoro/sub-Totoro_ses-Totoro-20220614_obj-wm6er4.nwb	4136616
sub-Odins/sub-Odins_ses-Odins-20220126_obj-1xtc5hk_behavior.nwb	25807440
sub-Winnie/sub-Winnie_ses-Winnie-20220713_obj-kanu6a.nwb	133527512
sub-Banner/sub-Banner_ses-Banner-20220225_obj-132hybc.nwb	12184404
sub-Totoro/sub-Totoro_ses-Totoro-20220614_obj-1qw1tbi.nwb	3210176
sub-Olive/sub-Olive_ses-Olive-20220711_obj-1vuhbeh.nwb	6753024
sub-Yoshi/sub-Yoshi_ses-Yoshi-20220510_obj-1wml37y.nwb	2255760
sub-Winnie/sub-Winnie_ses-Winnie-20220719_obj-iboumd.nwb	126582204
sub-Wallie/sub-Wallie_ses-Wallie-20220922_obj-1yqg2an.nwb	3481848
sub-Winnie/sub-Winnie_ses-Winnie-20220720_obj-1y7xg43.nwb	43365541
sub-Yoshi/sub-Yoshi_ses-Yoshi-20220518_obj-g1ccp4_behavior.nwb	8834980
sub-Totoro/sub-Totoro_ses-Totoro-20220614_obj-12zvphr_behavior.nwb	34733824
sub-Yoshi/sub-Yoshi_ses-Yoshi-20220513_obj-1vp0n3s.nwb	13036640
sub-Olive/sub-Olive_ses-Olive-20220707_obj-jqcl0g.nwb	3116448
sub-Wallie/sub-Wallie_ses-Wallie-20220922_obj-1yelq0u.nwb	115567728
sub-Olive/sub-Olive_ses-Olive-20220629_obj-99ixf2.nwb	169565460
sub-Yoshi/sub-Yoshi_ses-Yoshi-20220518_obj-1omhlch.nwb	4065432
sub-Yoshi/sub-Yoshi_ses-Yoshi-20220517_behavior+ecephys+image.nwb	594182234107
sub-Winnie/sub-Winnie_ses-Winnie-20220719_obj-xpsnu3.nwb	1560552324
sub-Wallie/sub-Wallie_ses-Wallie-20220914_obj-18mq9ek.nwb	4399920
sub-Frodo/sub-Frodo_ses-3_obj-1fbikv4_ecephys.nwb	7118976
sub-Yoshi/sub-Yoshi_ses-Yoshi-20220518_obj-1rglz6z.nwb	3223360
sub-Frodo/sub-Frodo_ses-5_obj-umchyj_behavior+ecephys.nwb	269579340
sub-Wallie/sub-Wallie_ses-Wallie-20220916_obj-19t9n5m.nwb	198566796
sub-Winnie/sub-Winnie_ses-Winnie-20220719_obj-14ikssj.nwb	3214008
sub-Olive/sub-Olive_ses-Olive-20220711_obj-140vs3y.nwb	11068595
sub-Winnie/sub-Winnie_ses-Winnie-20220714_obj-1hmu9br.nwb	55781604
sub-Wallie/sub-Wallie_ses-Wallie-20220922_obj-1r08dyq.nwb	150561416
sub-Yoshi/sub-Yoshi_ses-Yoshi-20220517_obj-jt7xrt.nwb	4890392
sub-Olive/sub-Olive_ses-Olive-20220711_obj-xtitp4.nwb	144596124
sub-Olive/sub-Olive_ses-Olive-20220711_obj-ai8y3t.nwb	3806264
sub-Yoshi/sub-Yoshi_ses-Yoshi-20220518_obj-1lqkw2f.nwb	3773952
sub-Totoro/sub-Totoro_ses-Totoro-20220614_obj-9o8q1w_behavior.nwb	11332544
sub-Yoshi/sub-Yoshi_ses-Yoshi-20220518_obj-q4xouy.nwb	2397216
sub-Bilbo/sub-Bilbo_ses-5_obj-15if5on_ecephys.nwb	22215984
sub-Bilbo/sub-Bilbo_ses-5_obj-19mcx98_ecephys.nwb	6808472
sub-Winnie/sub-Winnie_ses-Winnie-20220719_obj-evgyk1.nwb	11553712
sub-Odins/sub-Odins_ses-Odins-20220126_obj-94np98_ecephys.nwb	256033224
sub-Banner/sub-Banner_ses-Banner-20220224_obj-8sngkw.nwb	150910280
sub-Yoshi/sub-Yoshi_ses-Yoshi-20220509_obj-41qcx7_behavior.nwb	36000880
sub-Wallie/sub-Wallie_ses-Wallie-20220922_obj-3jbot.nwb	7355184
sub-Yoshi/sub-Yoshi_ses-Yoshi-20220517_obj-1v296gk.nwb	216142564
sub-Wallie/sub-Wallie_ses-Wallie-20220922_obj-1me25cn.nwb	4605920
sub-Wallie/sub-Wallie_ses-Wallie-20220922_obj-107en3q.nwb	171397872
sub-Totoro/sub-Totoro_ses-Totoro-20220602_obj-1b7n9nh.nwb	213428488
sub-Wallie/sub-Wallie_ses-Wallie-20220922_obj-ylt9xe.nwb	7736333
sub-Frodo/sub-Frodo_ses-4_obj-h6pghw_ecephys.nwb	113104768
sub-Wallie/sub-Wallie_ses-Wallie-20220922_obj-95gwhs.nwb	201800984
sub-Frodo/sub-Frodo_ses-3_obj-6off7d_ecephys.nwb	7245200
sub-Wallie/sub-Wallie_ses-Wallie-20220922_obj-1fph7ml.nwb	9703296
sub-Olive/sub-Olive_ses-Olive-20220711_obj-326izl.nwb	3148544
sub-Yoshi/sub-Yoshi_ses-Yoshi-20220518_obj-18wx7ix.nwb	15865856
sub-Totoro/sub-Totoro_ses-Totoro-20220614_obj-1z11c02.nwb	10377752
sub-Frodo/sub-Frodo_ses-6_obj-1tk68oh_ecephys.nwb	6405264
sub-Yoshi/sub-Yoshi_ses-Yoshi-20220517_obj-yc9nkc.nwb	173132564
sub-Wallie/sub-Wallie_ses-Wallie-20220922_obj-yv6aan_behavior.nwb	29017216
sub-Winnie/sub-Winnie_ses-Winnie-20220719_obj-18cehe1.nwb	5175848
sub-Yoshi/sub-Yoshi_ses-Yoshi-20220517_obj-1q5ej62.nwb	3114216
sub-Totoro/sub-Totoro_ses-Totoro-20220614_obj-5xylgr.nwb	241134424
sub-Yoshi/sub-Yoshi_ses-Yoshi-20220518_obj-1hq8wj0.nwb	3166144
sub-Wallie/sub-Wallie_ses-Wallie-20220922_obj-1kxczbo.nwb	4155648
sub-Winnie/sub-Winnie_ses-Winnie-20220717_obj-134tjv6.nwb	120412392
sub-Winnie/sub-Winnie_ses-Winnie-20220717_obj-66iv5m.nwb	4039600
sub-Olive/sub-Olive_ses-Olive-20220711_obj-1l1ej65_behavior.nwb	20980240
sub-Yoshi/sub-Yoshi_ses-Yoshi-20220510_obj-12m77io_behavior.nwb	337994848
sub-Wallie/sub-Wallie_ses-Wallie-20220922_obj-1rdwuib.nwb	3116736
sub-Wallie/sub-Wallie_ses-Wallie-20220922_obj-18d7t9i.nwb	8266016
sub-Wallie/sub-Wallie_ses-Wallie-20220922_obj-5zmykb.nwb	5604530
sub-Banner/sub-Banner_ses-Banner-20220224_obj-1wo29o8_behavior.nwb	21423032
sub-Totoro/sub-Totoro_ses-Totoro-20220613_obj-1okjdtc.nwb	4014880
sub-Frodo/sub-Frodo_ses-5_obj-x7cz4t_ecephys.nwb	7898080
sub-Totoro/sub-Totoro_ses-Totoro-20220614_obj-qfhvxt.nwb	2800960
sub-Yoshi/sub-Yoshi_ses-Yoshi-20220518_obj-4bkd6m.nwb	4652760
sub-Winnie/sub-Winnie_ses-Winnie-20220719_obj-tvw5de.nwb	3387240
sub-Winnie/sub-Winnie_ses-Winnie-20220719_obj-38q8aq.nwb	114574736
sub-Banner/sub-Banner_ses-Banner-20220224_obj-900onb_behavior.nwb	373966568
sub-Frodo/sub-Frodo_ses-6_obj-1ijk4bn_ecephys.nwb	7690830
sub-Totoro/sub-Totoro_ses-Totoro-20220614_obj-nppdnm_behavior.nwb	19846016
sub-Winnie/sub-Winnie_ses-Winnie-20220719_obj-11arsrb.nwb	102567928
sub-Bilbo/sub-Bilbo_ses-3_obj-qvqfc5_ecephys.nwb	7256984
sub-Yoshi/sub-Yoshi_ses-Yoshi-20220510_obj-1y0vxq0_ecephys.nwb	34004648
sub-Totoro/sub-Totoro_ses-Totoro-20220607_obj-ix0hah.nwb	3854672
sub-Yoshi/sub-Yoshi_ses-Yoshi-20220517_obj-8nyu3k.nwb	3460240
sub-Winnie/sub-Winnie_ses-Winnie-20220719_obj-m6niei.nwb	104477228
sub-Banner/sub-Banner_ses-Banner-20220225_obj-1qxsxm.nwb	155022880
sub-Bilbo/sub-Bilbo_ses-3_obj-x1hw03_ecephys.nwb	35605108
sub-Frodo/sub-Frodo_ses-5_obj-118ts8w_ecephys.nwb	6250136
sub-Yoshi/sub-Yoshi_ses-Yoshi-20220517_obj-tpqvt7.nwb	4155984
sub-Yoshi/sub-Yoshi_ses-Yoshi-20220517_obj-x1fyyw.nwb	119655512
sub-Yoshi/sub-Yoshi_ses-Yoshi-20220517_obj-1rav03u.nwb	2221760
sub-Wallie/sub-Wallie_ses-Wallie-20220912_obj-1px8pcy_ecephys.nwb	429533544
sub-Winnie/sub-Winnie_ses-Winnie-20220719_obj-1mcndti.nwb	535609412
sub-Yoshi/sub-Yoshi_ses-Yoshi-20220509_obj-1t0egb0_ecephys.nwb	427850372
sub-Bilbo/sub-Bilbo_ses-5_obj-x76c7d_ecephys.nwb	7616400
sub-Yoshi/sub-Yoshi_ses-Yoshi-20220518_obj-qnygnb.nwb	180045160
sub-Frodo/sub-Frodo_ses-6_obj-17ef3zb_ecephys.nwb	14653484
sub-Winnie/sub-Winnie_ses-Winnie-20220719_obj-opekz1.nwb	3900560
sub-Olive/sub-Olive_ses-Olive-20220711_obj-7le2ci.nwb	10203450
sub-Bilbo/sub-Bilbo_ses-4_obj-ol21wc_ecephys.nwb	141581340
sub-Yoshi/sub-Yoshi_ses-Yoshi-20220518_obj-wwi1g8.nwb	2768192
sub-Frodo/sub-Frodo_ses-5_obj-1294900_ecephys.nwb	6908000
sub-Bilbo/sub-Bilbo_ses-2_obj-18i38wx_behavior+ecephys.nwb	25579064
sub-Winnie/sub-Winnie_ses-Winnie-20220717_obj-iu8df1.nwb	4428432
sub-Totoro/sub-Totoro_ses-Totoro-20220614_obj-1x7q6n6.nwb	206414504
sub-Wallie/sub-Wallie_ses-Wallie-20220922_obj-1yf2i0y.nwb	3544960
sub-Banner/sub-Banner_ses-Banner-20220224_obj-p0nxne_behavior.nwb	62746748
sub-Yoshi/sub-Yoshi_ses-Yoshi-20220517_obj-omssh.nwb	3145344
sub-Yoshi/sub-Yoshi_ses-Yoshi-20220518_obj-1i7afcm.nwb	4512672
sub-Winnie/sub-Winnie_ses-Winnie-20220719_obj-1rv5m2i_ecephys.nwb	308822648
sub-Bilbo/sub-Bilbo_ses-5_obj-17pxhuy_ecephys.nwb	10049944
sub-Totoro/sub-Totoro_ses-Totoro-20220607_obj-c901bt.nwb	4682220
sub-Yoshi/sub-Yoshi_ses-Yoshi-20220517_obj-ldqii0.nwb	4018400
sub-Yoshi/sub-Yoshi_ses-Yoshi-20220510_behavior+ecephys+image.nwb	494287302368
sub-Wallie/sub-Wallie_ses-Wallie-20220914_obj-1h0y9ql.nwb	6307344
sub-Yoshi/sub-Yoshi_ses-Yoshi-20220518_obj-1xov3xu.nwb	3460240
sub-Totoro/sub-Totoro_ses-Totoro-20220617_obj-59xfpl.nwb	23248315
sub-Yoshi/sub-Yoshi_ses-Yoshi-20220513_obj-1grm1uz.nwb	8080800
sub-Totoro/sub-Totoro_ses-Totoro-20220603_obj-1c5zut_behavior.nwb	257693192
sub-Totoro/sub-Totoro_ses-Totoro-20220614_obj-200hn5.nwb	43295616
sub-Wallie/sub-Wallie_ses-Wallie-20220922_obj-imh8tc.nwb	6220680
sub-Olive/sub-Olive_ses-Olive-20220711_obj-egns08.nwb	2837440
sub-Odins/sub-Odins_ses-Odins-20220124_obj-ygpts3_behavior.nwb	222405188
sub-Yoshi/sub-Yoshi_ses-Yoshi-20220517_obj-hotjpm.nwb	276837840
sub-Frodo/sub-Frodo_ses-5_obj-c41hhl_ecephys.nwb	105175624
sub-Olive/sub-Olive_ses-Olive-20220711_obj-1myd7ql.nwb	4498312
sub-Winnie/sub-Winnie_ses-Winnie-20220717_obj-p2kbzt.nwb	3555432
sub-Winnie/sub-Winnie_ses-Winnie-20220717_obj-1vk22uk.nwb	3116448
sub-Totoro/sub-Totoro_ses-Totoro-20220607_obj-1rl5ca6.nwb	4082592
sub-Totoro/sub-Totoro_ses-Totoro-20220614_obj-101jvf9.nwb	3224808
sub-Winnie/sub-Winnie_ses-Winnie-20220719_obj-vqz71l.nwb	333587616
sub-Yoshi/sub-Yoshi_ses-Yoshi-20220517_obj-1ls7o2o.nwb	3806264
sub-Totoro/sub-Totoro_ses-Totoro-20220617_obj-7tffcg.nwb	10538970
sub-Banner/sub-Banner_ses-Banner-20220224_obj-18f84e1_behavior.nwb	10533482
sub-Wallie/sub-Wallie_ses-Wallie-20220922_obj-1dd4il0.nwb	3133312
sub-Olive/sub-Olive_ses-Olive-20220711_obj-3ltimi_behavior.nwb	337089692
sub-Yoshi/sub-Yoshi_ses-Yoshi-20220518_obj-4kehs.nwb	30118392
sub-Yoshi/sub-Yoshi_ses-Yoshi-20220518_obj-dgf3hx.nwb	2818648
sub-Frodo/sub-Frodo_ses-2_obj-8j5w7_behavior+ecephys.nwb	351791216
sub-Yoshi/sub-Yoshi_ses-Yoshi-20220510_obj-p9nzxe.nwb	3964400
sub-Bilbo/sub-Bilbo_ses-3_obj-1la3q0r_ecephys.nwb	9465168
sub-Wallie/sub-Wallie_ses-Wallie-20220922_obj-1i2k6fp_ecephys.nwb	335550268
sub-Winnie/sub-Winnie_ses-Winnie-20220719_obj-1p3ff9h.nwb	1760783248
sub-Yoshi/sub-Yoshi_ses-Yoshi-20220517_obj-1ai8ea0.nwb	179486936
sub-Wallie/sub-Wallie_ses-Wallie-20220912_obj-1170dqk_ecephys.nwb	549887766
sub-Totoro/sub-Totoro_ses-Totoro-20220614_obj-16djze4.nwb	3436672
sub-Banner/sub-Banner_ses-Banner-20220225_obj-583e19_ecephys.nwb	359532452
sub-Olive/sub-Olive_ses-Olive-20220711_obj-1p1ycmx.nwb	2422168
sub-Frodo/sub-Frodo_ses-5_obj-1nwqk7n_ecephys.nwb	25080384
sub-Wallie/sub-Wallie_ses-Wallie-20220922_obj-1ls8lah.nwb	3875840
sub-Bilbo/sub-Bilbo_ses-5_obj-1hix4qe_ecephys.nwb	135818536
sub-Yoshi/sub-Yoshi_ses-Yoshi-20220517_obj-172o2qa.nwb	108479664
sub-Winnie/sub-Winnie_ses-Winnie-20220719_obj-1ytuhty.nwb	4084080
sub-Totoro/sub-Totoro_ses-Totoro-20220614_obj-19gj53b.nwb	3460240
sub-Yoshi/sub-Yoshi_ses-Yoshi-20220518_obj-16p5fg0.nwb	3361408
sub-Winnie/sub-Winnie_ses-Winnie-20220719_obj-1fppd5j.nwb	11355816
sub-Frodo/sub-Frodo_ses-5_obj-1m6es5t_ecephys.nwb	7953408
sub-Yoshi/sub-Yoshi_ses-Yoshi-20220518_obj-kx4qhx.nwb	2939659612
sub-Yoshi/sub-Yoshi_ses-Yoshi-20220518_obj-9lwdbm.nwb	159138344
sub-Winnie/sub-Winnie_ses-Winnie-20220719_obj-1107uyq.nwb	4189824
sub-Totoro/sub-Totoro_ses-Totoro-20220614_obj-1xtgymy.nwb	90474408
sub-Frodo/sub-Frodo_ses-5_obj-lcqhh5_ecephys.nwb	6196608
sub-Frodo/sub-Frodo_ses-5_obj-1jdbmt8_ecephys.nwb	7712712
sub-Yoshi/sub-Yoshi_ses-Yoshi-20220513_obj-1oymomt_behavior.nwb	37084664
sub-Wallie/sub-Wallie_ses-Wallie-20220914_obj-blmysi.nwb	3212160
sub-Wallie/sub-Wallie_ses-Wallie-20220922_obj-451c3f.nwb	2334624
sub-Banner/sub-Banner_ses-Banner-20220224_obj-t753i4.nwb	5458618
sub-Wallie/sub-Wallie_ses-Wallie-20220922_obj-18j8asd.nwb	3611664
sub-Olive/sub-Olive_ses-Olive-20220711_obj-1wg871f.nwb	4268672
sub-Winnie/sub-Winnie_ses-Winnie-20220717_obj-3643fd.nwb	3462720
sub-Banner/sub-Banner_ses-Banner-20220225_obj-281kof.nwb	12665133
sub-Totoro/sub-Totoro_ses-Totoro-20220607_obj-1qlrsl4_ecephys.nwb	477771328
sub-Wallie/sub-Wallie_ses-Wallie-20220922_obj-1qffx0e.nwb	132215660
sub-Yoshi/sub-Yoshi_ses-Yoshi-20220517_obj-1milpyv.nwb	2046560
sub-Winnie/sub-Winnie_ses-Winnie-20220714_obj-tow6rl_ecephys.nwb	398136624
sub-Totoro/sub-Totoro_ses-Totoro-20220607_obj-t73npo.nwb	5041256
sub-Wallie/sub-Wallie_ses-Wallie-20220922_obj-1gknshy.nwb	3406984
sub-Yoshi/sub-Yoshi_ses-Yoshi-20220510_obj-hyokuy_ecephys.nwb	440640960
sub-Yoshi/sub-Yoshi_ses-Yoshi-20220517_obj-djno5d.nwb	2337792
sub-Winnie/sub-Winnie_ses-Winnie-20220715_obj-1f2wmop.nwb	3702600
sub-Banner/sub-Banner_ses-Banner-20220225_obj-39mn8m_behavior.nwb	16223688
sub-Winnie/sub-Winnie_ses-Winnie-20220719_obj-yiu444.nwb	4106448
sub-Wallie/sub-Wallie_ses-Wallie-20220922_obj-kt2gpn.nwb	206695896
sub-Wallie/sub-Wallie_ses-Wallie-20220922_obj-1wr9q5y.nwb	24762080
sub-Olive/sub-Olive_ses-Olive-20220628_obj-iqahvc.nwb	2834832
sub-Wallie/sub-Wallie_ses-Wallie-20220922_obj-1avi0j8.nwb	4955136
sub-Bilbo/sub-Bilbo_ses-5_obj-1bcbiqp_ecephys.nwb	8369280
sub-Winnie/sub-Winnie_ses-Winnie-20220715_obj-1o44khj_behavior.nwb	27362100
sub-Yoshi/sub-Yoshi_ses-Yoshi-20220510_obj-15m1asv_ecephys.nwb	312195220
sub-Totoro/sub-Totoro_ses-Totoro-20220603_obj-3we2kx.nwb	89713212
sub-Frodo/sub-Frodo_ses-5_obj-ehga7y_behavior+ecephys.nwb	7580464
sub-Winnie/sub-Winnie_ses-Winnie-20220719_obj-7nqiv0.nwb	4686400
sub-Yoshi/sub-Yoshi_ses-Yoshi-20220517_obj-ju3aut_behavior.nwb	8978380
sub-Yoshi/sub-Yoshi_ses-Yoshi-20220517_obj-1wjqs83.nwb	3802968
sub-Yoshi/sub-Yoshi_ses-Yoshi-20220518_obj-86rb69.nwb	4921920
sub-Yoshi/sub-Yoshi_ses-Yoshi-20220517_obj-11t7o87.nwb	2422168
sub-Winnie/sub-Winnie_ses-Winnie-20220719_obj-1i6oxv7.nwb	797166660
sub-Totoro/sub-Totoro_ses-Totoro-20220614_obj-by6lf3.nwb	14744576
sub-Banner/sub-Banner_ses-Banner-20220124_obj-tolikm_ecephys.nwb	329553492
sub-Totoro/sub-Totoro_ses-Totoro-20220614_obj-15hzdc4_behavior.nwb	28683008
sub-Yoshi/sub-Yoshi_ses-Yoshi-20220517_obj-1rksh9g.nwb	9247216
sub-Frodo/sub-Frodo_ses-5_obj-13h96b6_ecephys.nwb	8792000
sub-Wallie/sub-Wallie_ses-Wallie-20220922_obj-193egyl.nwb	4225896
sub-Wallie/sub-Wallie_ses-Wallie-20220914_obj-elhj53.nwb	3747528
sub-Yoshi/sub-Yoshi_ses-Yoshi-20220517_obj-t7249t.nwb	2768192
sub-Wallie/sub-Wallie_ses-Wallie-20220912_obj-1si1hem_ecephys.nwb	540379712
sub-Yoshi/sub-Yoshi_ses-Yoshi-20220517_obj-1fuveto.nwb	3185792
sub-Banner/sub-Banner_ses-Banner-20220225_obj-1eg14ex.nwb	58308040
sub-Olive/sub-Olive_ses-Olive-20220707_obj-vstfrg.nwb	4126960
sub-Yoshi/sub-Yoshi_ses-Yoshi-20220517_obj-bhhh4d.nwb	16873216
sub-Olive/sub-Olive_ses-Olive-20220629_obj-19bg6na.nwb	106082512
sub-Frodo/sub-Frodo_ses-7_obj-1yj0r3x_ecephys.nwb	5053776
sub-Winnie/sub-Winnie_ses-Winnie-20220719_obj-ou63y8.nwb	8463584
sub-Wallie/sub-Wallie_ses-Wallie-20220914_obj-1ee4x3v_behavior.nwb	283518476
sub-Olive/sub-Olive_ses-Olive-20220711_obj-ckyiuc.nwb	3501200
sub-Yoshi/sub-Yoshi_ses-Yoshi-20220513_obj-wryn2r.nwb	3116448
sub-Banner/sub-Banner_ses-Banner-20220225_obj-1gz9rx8_behavior.nwb	9710234
sub-Yoshi/sub-Yoshi_ses-Yoshi-20220518_obj-1j1rgkc_behavior.nwb	16285960
sub-Wallie/sub-Wallie_ses-Wallie-20220922_obj-13pv4ty.nwb	217208264
sub-Frodo/sub-Frodo_ses-3_obj-zkj9ts_ecephys.nwb	7834560
sub-Bilbo/sub-Bilbo_ses-5_obj-153glbb_ecephys.nwb	116806200
sub-Frodo/sub-Frodo_ses-5_obj-e41o0e_ecephys.nwb	45567545
sub-Olive/sub-Olive_ses-Olive-20220711_obj-107mu2v_ecephys.nwb	214958228
sub-Yoshi/sub-Yoshi_ses-Yoshi-20220518_obj-h1uevy.nwb	43704148
sub-Yoshi/sub-Yoshi_ses-Yoshi-20220518_obj-huunhq.nwb	196492660
sub-Totoro/sub-Totoro_ses-Totoro-20220614_obj-8s8vw8.nwb	2508184
sub-Wallie/sub-Wallie_ses-Wallie-20220914_obj-1qews2m.nwb	9073920
sub-Bilbo/sub-Bilbo_ses-6_obj-gbu6w_ecephys.nwb	9197570
sub-Bilbo/sub-Bilbo_ses-5_obj-ywdi1i_ecephys.nwb	13570192
sub-Totoro/sub-Totoro_ses-Totoro-20220614_obj-ujeahu.nwb	2768192
sub-Frodo/sub-Frodo_ses-5_obj-46uwi8_ecephys.nwb	35668296
sub-Yoshi/sub-Yoshi_ses-Yoshi-20220513_obj-18z5aa1.nwb	3462720
sub-Yoshi/sub-Yoshi_ses-Yoshi-20220517_obj-18foqc4.nwb	2800960
sub-Frodo/sub-Frodo_ses-6_obj-nwvw93_ecephys.nwb	32571270
sub-Frodo/sub-Frodo_ses-5_obj-wkfhh0_ecephys.nwb	10818240
sub-Yoshi/sub-Yoshi_ses-Yoshi-20220513_obj-34dqbz_behavior.nwb	29865520
sub-Yoshi/sub-Yoshi_ses-Yoshi-20220517_obj-1tgir02_behavior.nwb	27105344
sub-Winnie/sub-Winnie_ses-Winnie-20220719_obj-b36t9x.nwb	7063968
sub-Winnie/sub-Winnie_ses-Winnie-20220717_obj-1575hud.nwb	28179136
sub-Totoro/sub-Totoro_ses-Totoro-20220607_obj-14hponf.nwb	6160792
sub-Winnie/sub-Winnie_ses-Winnie-20220719_obj-15jckex.nwb	579154888
sub-Totoro/sub-Totoro_ses-Totoro-20220614_obj-vxusdd_behavior.nwb	18311680
sub-Frodo/sub-Frodo_ses-5_obj-2nrqe9_ecephys.nwb	6491808
sub-Banner/sub-Banner_ses-Banner-20220225_obj-1fldvrl_behavior.nwb	18221736
sub-Winnie/sub-Winnie_ses-Winnie-20220715_obj-wpptcc.nwb	2572368
sub-Totoro/sub-Totoro_ses-Totoro-20220617_obj-1s6nvds.nwb	3276030
sub-Frodo/sub-Frodo_ses-5_obj-1u7kzb4_behavior+ecephys.nwb	17331840
sub-Winnie/sub-Winnie_ses-Winnie-20220715_obj-dqjle2.nwb	166468260
sub-Winnie/sub-Winnie_ses-Winnie-20220714_obj-1tcuyic_behavior.nwb	23219340
sub-Olive/sub-Olive_ses-Olive-20220711_obj-l0umw7_behavior.nwb	12598320
sub-Winnie/sub-Winnie_ses-Winnie-20220715_obj-1j4wqjk.nwb	125522508
sub-Totoro/sub-Totoro_ses-Totoro-20220614_obj-wm7tmv.nwb	3114216
sub-Wallie/sub-Wallie_ses-Wallie-20220922_obj-5rzxgd_behavior.nwb	21538840
sub-Winnie/sub-Winnie_ses-Winnie-20220719_obj-1mjcy35.nwb	3831336
sub-Totoro/sub-Totoro_ses-Totoro-20220616_obj-1knuclk.nwb	3004864
sub-Yoshi/sub-Yoshi_ses-Yoshi-20220513_obj-1hhl0hs.nwb	3603432
sub-Wallie/sub-Wallie_ses-Wallie-20220922_obj-wvrz7j.nwb	25088016
sub-Wallie/sub-Wallie_ses-Wallie-20220922_obj-1ip15aj.nwb	90120096
sub-Yoshi/sub-Yoshi_ses-Yoshi-20220518_obj-oe7ppu.nwb	54694188
sub-Yoshi/sub-Yoshi_ses-Yoshi-20220517_obj-atcw6g.nwb	10844120
sub-Olive/sub-Olive_ses-Olive-20220711_obj-1kbus8o_behavior.nwb	35412960
sub-Yoshi/sub-Yoshi_ses-Yoshi-20220518_obj-1cdlqyy.nwb	6187392
sub-Frodo/sub-Frodo_ses-5_obj-8lgnji_ecephys.nwb	11232056
sub-Totoro/sub-Totoro_ses-Totoro-20220615_obj-mn4sak.nwb	4753332
sub-Totoro/sub-Totoro_ses-Totoro-20220614_obj-1t7gziz.nwb	24806776
sub-Wallie/sub-Wallie_ses-Wallie-20220922_obj-16kk26d.nwb	2424128
sub-Yoshi/sub-Yoshi_ses-Yoshi-20220517_obj-aibwj.nwb	3938314332
sub-Frodo/sub-Frodo_ses-1_obj-ikxi0c_ecephys.nwb	509392108
sub-Totoro/sub-Totoro_ses-Totoro-20220614_obj-1duogdo_behavior.nwb	205517252
sub-Winnie/sub-Winnie_ses-Winnie-20220719_obj-x7vukx_ecephys.nwb	384750632
sub-Banner/sub-Banner_ses-Banner-20220224_obj-mirtd.nwb	2957208
sub-Winnie/sub-Winnie_ses-Winnie-20220719_obj-11pv509.nwb	113140628
sub-Winnie/sub-Winnie_ses-Winnie-20220717_obj-1s83kh7.nwb	199680204
sub-Banner/sub-Banner_ses-Banner-20220215_obj-rr6xti_behavior.nwb	31207160
sub-Yoshi/sub-Yoshi_ses-Yoshi-20220518_obj-yp2mz9.nwb	253417260
sub-Wallie/sub-Wallie_ses-Wallie-20220922_obj-16jngxp.nwb	133512620
sub-Totoro/sub-Totoro_ses-Totoro-20220616_obj-jx4lkp.nwb	3070400
sub-Wallie/sub-Wallie_ses-Wallie-20220922_obj-1eap6ye.nwb	54311151
sub-Yoshi/sub-Yoshi_ses-Yoshi-20220517_obj-pjvn58.nwb	3238976
sub-Yoshi/sub-Yoshi_ses-Yoshi-20220510_obj-r14sa1_ecephys.nwb	186534912
sub-Winnie/sub-Winnie_ses-Winnie-20220717_obj-1o3clve.nwb	2770176
sub-Yoshi/sub-Yoshi_ses-Yoshi-20220518_obj-brlocb.nwb	5635712
sub-Frodo/sub-Frodo_ses-5_obj-16vlim9_ecephys.nwb	4329072
sub-Yoshi/sub-Yoshi_ses-Yoshi-20220518_obj-13136so.nwb	2718408
sub-Winnie/sub-Winnie_ses-Winnie-20220719_obj-niaqhu.nwb	1521951528
sub-Frodo/sub-Frodo_ses-1_obj-18ixha2_ecephys.nwb	669857976
sub-Bilbo/sub-Bilbo_ses-3_obj-7az7jn_ecephys.nwb	28234888
sub-Wallie/sub-Wallie_ses-Wallie-20220922_obj-vnpju8.nwb	33582296
sub-Winnie/sub-Winnie_ses-Winnie-20220719_obj-1pswu9.nwb	236685772
sub-Yoshi/sub-Yoshi_ses-Yoshi-20220518_obj-12nhbgi.nwb	5222960
sub-Totoro/sub-Totoro_ses-Totoro-20220613_obj-1534kj3.nwb	132905072
sub-Bilbo/sub-Bilbo_ses-5_obj-7ku87a_ecephys.nwb	238218216
sub-Olive/sub-Olive_ses-Olive-20220628_obj-gz0bf5.nwb	3235008
sub-Bilbo/sub-Bilbo_ses-5_obj-15dmqsh_ecephys.nwb	150151016
sub-Totoro/sub-Totoro_ses-Totoro-20220607_obj-1u60hxf.nwb	5806768
sub-Olive/sub-Olive_ses-Olive-20220711_obj-bum73g_behavior.nwb	7899322
sub-Totoro/sub-Totoro_ses-Totoro-20220614_obj-q1wink.nwb	4514440
sub-Yoshi/sub-Yoshi_ses-Yoshi-20220517_obj-zju67k.nwb	3460240
sub-Olive/sub-Olive_ses-Olive-20220707_obj-17ihdrm.nwb	3503680
sub-Yoshi/sub-Yoshi_ses-Yoshi-20220517_obj-grbbq9.nwb	105605324
sub-Yoshi/sub-Yoshi_ses-Yoshi-20220513_obj-47qig1.nwb	1792800
sub-Frodo/sub-Frodo_ses-3_obj-1vfxq60_ecephys.nwb	9870536
sub-Winnie/sub-Winnie_ses-Winnie-20220719_obj-m4tutq.nwb	428328400
sub-Winnie/sub-Winnie_ses-Winnie-20220719_obj-cpait9.nwb	167921868
sub-Wallie/sub-Wallie_ses-Wallie-20220914_obj-i8i3bb.nwb	5097600
sub-Frodo/sub-Frodo_ses-5_obj-14vz2sh_behavior+ecephys.nwb	222496840
sub-Bilbo/sub-Bilbo_ses-5_obj-84259y_ecephys.nwb	7314152
sub-Wallie/sub-Wallie_ses-Wallie-20220914_obj-16qzw5_ecephys.nwb	160927704
sub-Olive/sub-Olive_ses-Olive-20220711_obj-1ukmey5.nwb	74553888
sub-Wallie/sub-Wallie_ses-Wallie-20220922_obj-1hx28vn.nwb	3439872
sub-Olive/sub-Olive_ses-Olive-20220629_obj-4gsgrb_behavior.nwb	145123068
sub-Wallie/sub-Wallie_ses-Wallie-20220922_obj-100y6iy.nwb	2024480
sub-Olive/sub-Olive_ses-Olive-20220711_obj-1h3v4gu.nwb	7087992
sub-Frodo/sub-Frodo_ses-5_obj-1dfj57m_ecephys.nwb	6684496
sub-Winnie/sub-Winnie_ses-Winnie-20220717_obj-3ma6f_behavior.nwb	30124832
sub-Yoshi/sub-Yoshi_ses-Yoshi-20220518_obj-nr7xb2.nwb	4624832
sub-Yoshi/sub-Yoshi_ses-Yoshi-20220517_obj-yv8ci7.nwb	5589920
sub-Olive/sub-Olive_ses-Olive-20220629_obj-yc0zbb.nwb	3689208
sub-Totoro/sub-Totoro_ses-Totoro-20220614_obj-1q8ut1r_behavior.nwb	31212432
sub-Winnie/sub-Winnie_ses-Winnie-20220717_obj-17nz6kz_behavior.nwb	33498960
sub-Totoro/sub-Totoro_ses-Totoro-20220614_obj-mfansc.nwb	49275786
sub-Frodo/sub-Frodo_ses-5_obj-1tom2s4_ecephys.nwb	11814720
sub-Frodo/sub-Frodo_ses-4_obj-qo69qs_behavior+ecephys.nwb	224055120
sub-Bilbo/sub-Bilbo_ses-4_obj-1t9zjag_ecephys.nwb	52809596
sub-Wallie/sub-Wallie_ses-Wallie-20220922_obj-nzj2ov.nwb	3953928
sub-Totoro/sub-Totoro_ses-Totoro-20220614_obj-zexy1x.nwb	106371520
sub-Olive/sub-Olive_ses-Olive-20220629_obj-16zjlcp_ecephys.nwb	426883884
sub-Bilbo/sub-Bilbo_ses-5_obj-yuwphq_ecephys.nwb	5800576
sub-Winnie/sub-Winnie_ses-Winnie-20220717_obj-1qmfxon.nwb	30632840
sub-Yoshi/sub-Yoshi_ses-Yoshi-20220517_obj-q5b1as.nwb	189248164
sub-Frodo/sub-Frodo_ses-1_obj-13g73kw_ecephys.nwb	129621172
sub-Wallie/sub-Wallie_ses-Wallie-20220922_obj-w0zov2.nwb	6977088
sub-Yoshi/sub-Yoshi_ses-Yoshi-20220517_obj-1quw268_behavior.nwb	24089360
sub-Olive/sub-Olive_ses-Olive-20220711_obj-187d609_behavior.nwb	8446740
sub-Yoshi/sub-Yoshi_ses-Yoshi-20220518_obj-ss59id.nwb	4734656
sub-Banner/sub-Banner_ses-Banner-20220224_obj-10ouyxr.nwb	108226960
sub-Frodo/sub-Frodo_ses-5_obj-174dm8f_behavior+ecephys.nwb	26055264
sub-Winnie/sub-Winnie_ses-Winnie-20220719_obj-16j9zor.nwb	5355790
sub-Yoshi/sub-Yoshi_ses-Yoshi-20220509_obj-c22cvg_ecephys.nwb	366838004
sub-Wallie/sub-Wallie_ses-Wallie-20220911_obj-19ooa08.nwb	104640968
sub-Winnie/sub-Winnie_ses-Winnie-20220717_obj-5up98o.nwb	5366400
sub-Yoshi/sub-Yoshi_ses-Yoshi-20220518_obj-1wllu1e.nwb	295623712
sub-Frodo/sub-Frodo_ses-5_obj-1bsorwz_ecephys.nwb	37609766
sub-Winnie/sub-Winnie_ses-Winnie-20220717_obj-15b69xp.nwb	6434824
sub-Wallie/sub-Wallie_ses-Wallie-20220914_obj-iz0mlx.nwb	3528640
sub-Totoro/sub-Totoro_ses-Totoro-20220615_obj-1ryw85j.nwb	6744310
sub-Yoshi/sub-Yoshi_ses-Yoshi-20220517_obj-j06jqn.nwb	2656192
sub-Frodo/sub-Frodo_ses-5_obj-1k1mewu_ecephys.nwb	9682864
sub-Wallie/sub-Wallie_ses-Wallie-20220914_obj-1bnb6o5.nwb	3158712
sub-Yoshi/sub-Yoshi_ses-Yoshi-20220518_obj-1n8g2r5.nwb	3570048
sub-Totoro/sub-Totoro_ses-Totoro-20220614_obj-jpd2w0.nwb	3460240
sub-Yoshi/sub-Yoshi_ses-Yoshi-20220517_obj-1x9zgsg.nwb	40113399
sub-Winnie/sub-Winnie_ses-Winnie-20220717_obj-1fwpu91.nwb	5486208
sub-Wallie/sub-Wallie_ses-Wallie-20220922_obj-1poxirf.nwb	155387916
sub-Yoshi/sub-Yoshi_ses-Yoshi-20220518_obj-qt461t_behavior.nwb	22612352
sub-Banner/sub-Banner_ses-Banner-20220224_obj-7zjmsu_behavior.nwb	22210840
sub-Yoshi/sub-Yoshi_ses-Yoshi-20220518_obj-1opmlqo.nwb	7501320
sub-Totoro/sub-Totoro_ses-Totoro-20220602_obj-18mls6c_behavior.nwb	180882932
sub-Winnie/sub-Winnie_ses-Winnie-20220719_obj-1w509k8.nwb	15291152
sub-Bilbo/sub-Bilbo_ses-5_obj-1w5ww6j_ecephys.nwb	9876768
sub-Olive/sub-Olive_ses-Olive-20220711_obj-xsdatx.nwb	107628016
sub-Wallie/sub-Wallie_ses-Wallie-20220922_obj-1azo53n.nwb	30016256
sub-Yoshi/sub-Yoshi_ses-Yoshi-20220518_obj-a0pqe.nwb	4673510
sub-Totoro/sub-Totoro_ses-Totoro-20220614_obj-135ylk0.nwb	6888552
sub-Yoshi/sub-Yoshi_ses-Yoshi-20220518_obj-1six0jq.nwb	8544480
sub-Bilbo/sub-Bilbo_ses-3_obj-1sw30tu_ecephys.nwb	6705248
sub-Olive/sub-Olive_ses-Olive-20220711_obj-1jx5g7n.nwb	2076144
sub-Yoshi/sub-Yoshi_ses-Yoshi-20220518_obj-l2gkn0.nwb	3806264
sub-Yoshi/sub-Yoshi_ses-Yoshi-20220517_obj-1pds5cd.nwb	11330944
sub-Totoro/sub-Totoro_ses-Totoro-20220607_obj-18chon2.nwb	1597440
sub-Yoshi/sub-Yoshi_ses-Yoshi-20220513_obj-13euzfl.nwb	3116448
sub-Yoshi/sub-Yoshi_ses-Yoshi-20220513_obj-1rudgcm.nwb	2729440
sub-Olive/sub-Olive_ses-Olive-20220711_obj-154mihj.nwb	4599680
sub-Olive/sub-Olive_ses-Olive-20220711_obj-n7wuvz_behavior.nwb	30456100
sub-Yoshi/sub-Yoshi_ses-Yoshi-20220518_obj-1enu576.nwb	3806264
sub-Winnie/sub-Winnie_ses-Winnie-20220717_obj-1knm17a.nwb	7254400
sub-Totoro/sub-Totoro_ses-Totoro-20220614_obj-442pq6.nwb	2450840
sub-Olive/sub-Olive_ses-Olive-20220711_obj-tjizca.nwb	8122608
sub-Totoro/sub-Totoro_ses-Totoro-20220614_obj-ljv301.nwb	4152288
sub-Bilbo/sub-Bilbo_ses-5_obj-10vd2hq_ecephys.nwb	111720556
sub-Winnie/sub-Winnie_ses-Winnie-20220719_obj-1fshwbt.nwb	658053680
sub-Olive/sub-Olive_ses-Olive-20220711_obj-1v2fozf_behavior.nwb	3606416
sub-Winnie/sub-Winnie_ses-Winnie-20220714_obj-oj9uuw.nwb	4794336
sub-Olive/sub-Olive_ses-Olive-20220707_obj-bjcpse_behavior.nwb	152632516
sub-Yoshi/sub-Yoshi_ses-Yoshi-20220518_obj-z3c2uz_ecephys.nwb	249383340
sub-Olive/sub-Olive_ses-Olive-20220707_obj-57ur2p_ecephys.nwb	134562568
sub-Totoro/sub-Totoro_ses-Totoro-20220602_obj-14nkoec.nwb	77829776
sub-Yoshi/sub-Yoshi_ses-Yoshi-20220518_obj-kc2avt_ecephys.nwb	301227440
sub-Wallie/sub-Wallie_ses-Wallie-20220912_obj-v5n8d4_ecephys.nwb	141089828
sub-Frodo/sub-Frodo_ses-5_obj-tm70ry_behavior+ecephys.nwb	34667048
sub-Olive/sub-Olive_ses-Olive-20220711_obj-10haw0h.nwb	2450840
sub-Wallie/sub-Wallie_ses-Wallie-20220922_obj-1ld673z.nwb	3814272
sub-Banner/sub-Banner_ses-Banner-20220225_obj-1odv3u7.nwb	8819184
sub-Wallie/sub-Wallie_ses-Wallie-20220922_obj-rsascs.nwb	4297752
sub-Bilbo/sub-Bilbo_ses-2_obj-14j93pl_behavior+ecephys.nwb	219820376
sub-Wallie/sub-Wallie_ses-Wallie-20220922_obj-njsgi0_behavior.nwb	9933220
sub-Frodo/sub-Frodo_ses-5_obj-1od44k5_ecephys.nwb	7351600
sub-Yoshi/sub-Yoshi_ses-Yoshi-20220517_obj-12ex7fj.nwb	6971976
sub-Banner/sub-Banner_ses-Banner-20220123.nwb	102345088
sub-Olive/sub-Olive_ses-Olive-20220711_obj-3bfvgs.nwb	6579672
sub-Yoshi/sub-Yoshi_ses-Yoshi-20220518_obj-1kjtzu0_ecephys.nwb	413067328
sub-Bilbo/sub-Bilbo_ses-5_obj-1e2pvnp_ecephys.nwb	17898860
sub-Yoshi/sub-Yoshi_ses-Yoshi-20220517_obj-osp88j.nwb	3069952
sub-Totoro/sub-Totoro_ses-Totoro-20220614_obj-198wb7.nwb	87309520
sub-Wallie/sub-Wallie_ses-Wallie-20220922_obj-1x5zv4p.nwb	9210331
sub-Wallie/sub-Wallie_ses-Wallie-20220922_obj-veko57_behavior.nwb	14729408
sub-Yoshi/sub-Yoshi_ses-Yoshi-20220509_obj-18rs58a_ecephys.nwb	72798040
sub-Yoshi/sub-Yoshi_ses-Yoshi-20220517_obj-1bkikct.nwb	151059696
sub-Winnie/sub-Winnie_ses-Winnie-20220719_obj-1wr1xrr.nwb	5321840
sub-Odins/sub-Odins_ses-Odins-20220124_obj-1bo75l2.nwb	143269660
sub-Yoshi/sub-Yoshi_ses-Yoshi-20220517_obj-1cox8tv.nwb	7335632
sub-Frodo/sub-Frodo_ses-1_obj-fy79tn_ecephys.nwb	138893764
sub-Olive/sub-Olive_ses-Olive-20220627_obj-88znc5_ecephys.nwb	242779598
sub-Totoro/sub-Totoro_ses-Totoro-20220603_obj-1y3diyr.nwb	139281612
sub-Winnie/sub-Winnie_ses-Winnie-20220717_obj-19pl6ck.nwb	3116448
sub-Totoro/sub-Totoro_ses-Totoro-20220615_obj-10wi63r.nwb	5801598
sub-Wallie/sub-Wallie_ses-Wallie-20220922_obj-1s3jb37.nwb	3463040
sub-Frodo/sub-Frodo_ses-3_obj-7cyc3i_ecephys.nwb	5597640
sub-Totoro/sub-Totoro_ses-Totoro-20220607_obj-r494m6.nwb	4414432
sub-Wallie/sub-Wallie_ses-Wallie-20220922_obj-jprpqd.nwb	3673152
sub-Wallie/sub-Wallie_ses-Wallie-20220922_obj-1sbld3t.nwb	90892464
sub-Yoshi/sub-Yoshi_ses-Yoshi-20220517_obj-11g198a.nwb	69744024
sub-Frodo/sub-Frodo_ses-5_obj-10wgntg_ecephys.nwb	7752760
sub-Frodo/sub-Frodo_ses-5_obj-9ogvii_ecephys.nwb	28472031
sub-Olive/sub-Olive_ses-Olive-20220707_obj-17a1dy0_ecephys.nwb	79119572
sub-Olive/sub-Olive_ses-Olive-20220627_obj-mehmrk.nwb	68949408
sub-Yoshi/sub-Yoshi_ses-Yoshi-20220517_obj-xivrct.nwb	5529440
sub-Bilbo/sub-Bilbo_ses-3_obj-1gz1spb_ecephys.nwb	10034144
sub-Frodo/sub-Frodo_ses-2_obj-zdngae_ecephys.nwb	8112160
sub-Yoshi/sub-Yoshi_ses-Yoshi-20220517_obj-1o2fdfb_behavior.nwb	21495120
sub-Olive/sub-Olive_ses-Olive-20220711_obj-1yjiiwp.nwb	1400480
sub-Frodo/sub-Frodo_ses-5_obj-ubiz01_ecephys.nwb	8734656
sub-Frodo/sub-Frodo_ses-1_obj-dtp5id_ecephys.nwb	128126712
sub-Winnie/sub-Winnie_ses-Winnie-20220719_obj-1mhqdho.nwb	4695704
sub-Yoshi/sub-Yoshi_ses-Yoshi-20220517_obj-1a5inex.nwb	22571584
sub-Winnie/sub-Winnie_ses-Winnie-20220719_obj-1aek5re.nwb	7168070
sub-Yoshi/sub-Yoshi_ses-Yoshi-20220517_obj-m6uasq.nwb	3460240
sub-Olive/sub-Olive_ses-Olive-20220711_obj-jdo97v.nwb	120026012
sub-Wallie/sub-Wallie_ses-Wallie-20220922_obj-1cmzm1k_behavior.nwb	17153416
sub-Yoshi/sub-Yoshi_ses-Yoshi-20220513_obj-1el8i0.nwb	181793400
sub-Frodo/sub-Frodo_ses-5_obj-18jg41_ecephys.nwb	6904576
sub-Bilbo/sub-Bilbo_ses-5_obj-9sasop_ecephys.nwb	24106304
sub-Yoshi/sub-Yoshi_ses-Yoshi-20220518_obj-d6c0uo_behavior.nwb	9680440
sub-Olive/sub-Olive_ses-Olive-20220711_obj-6a47zi.nwb	13798688
sub-Bilbo/sub-Bilbo_ses-5_obj-1in27za_behavior+ecephys.nwb	13879940
sub-Yoshi/sub-Yoshi_ses-Yoshi-20220517_obj-10p7fns.nwb	13421184
sub-Wallie/sub-Wallie_ses-Wallie-20220922_obj-36gri.nwb	6044320
sub-Olive/sub-Olive_ses-Olive-20220707_obj-1260aub_behavior.nwb	26062272
sub-Frodo/sub-Frodo_ses-3_obj-jpoi6v_ecephys.nwb	7463520
sub-Olive/sub-Olive_ses-Olive-20220711_obj-1c1ggr5.nwb	3624080
sub-Totoro/sub-Totoro_ses-Totoro-20220614_obj-muyh1i.nwb	3460240
sub-Olive/sub-Olive_ses-Olive-20220629_obj-2p6ugc.nwb	64475544
sub-Winnie/sub-Winnie_ses-Winnie-20220719_obj-sx0ahc.nwb	1031477048
sub-Winnie/sub-Winnie_ses-Winnie-20220719_obj-1q09hhp.nwb	88031360
sub-Yoshi/sub-Yoshi_ses-Yoshi-20220517_obj-s5cw1e.nwb	4821632
sub-Totoro/sub-Totoro_ses-Totoro-20220602_obj-1ksyeku_behavior.nwb	40886816
sub-Yoshi/sub-Yoshi_ses-Yoshi-20220518_obj-kpwy7m.nwb	3621312
sub-Olive/sub-Olive_ses-Olive-20220711_obj-n7asmr.nwb	2422168
sub-Winnie/sub-Winnie_ses-Winnie-20220714_obj-ulriyl_behavior.nwb	169020840
sub-Yoshi/sub-Yoshi_ses-Yoshi-20220518_obj-b02nfi.nwb	106890648
sub-Yoshi/sub-Yoshi_ses-Yoshi-20220517_obj-5ph6mq.nwb	4826016
sub-Yoshi/sub-Yoshi_ses-Yoshi-20220517_obj-bifljz.nwb	19490584
sub-Banner/sub-Banner_ses-Banner-20220224_obj-njlzto.nwb	231211252
sub-Olive/sub-Olive_ses-Olive-20220711_obj-16nzh7b.nwb	140389800
sub-Winnie/sub-Winnie_ses-Winnie-20220717_obj-nd7cee.nwb	3892240
sub-Yoshi/sub-Yoshi_ses-Yoshi-20220517_obj-1w72ufs.nwb	5078400
sub-Wallie/sub-Wallie_ses-Wallie-20220914_obj-1bwpjlt.nwb	163064572
sub-Yoshi/sub-Yoshi_ses-Yoshi-20220517_obj-19anzrf_behavior.nwb	20118352
sub-Yoshi/sub-Yoshi_ses-Yoshi-20220518_obj-1imqlh3.nwb	48948689
sub-Yoshi/sub-Yoshi_ses-Yoshi-20220518_obj-d867qh.nwb	2675400
sub-Frodo/sub-Frodo_ses-5_obj-sd8nju_ecephys.nwb	5615136
sub-Banner/sub-Banner_ses-Banner-20220224_obj-ftqvno.nwb	14007040
sub-Totoro/sub-Totoro_ses-Totoro-20220614_obj-1djie6d_behavior.nwb	40902850
sub-Totoro/sub-Totoro_ses-Totoro-20220602_obj-lzpam5_behavior.nwb	324890968
sub-Banner/sub-Banner_ses-Banner-20220215_obj-1yws8g1_ecephys.nwb	211130052
sub-Yoshi/sub-Yoshi_ses-Yoshi-20220517_obj-7hgwsu_behavior.nwb	11023920
sub-Yoshi/sub-Yoshi_ses-Yoshi-20220517_obj-10hv6ez.nwb	208775300
sub-Wallie/sub-Wallie_ses-Wallie-20220922_obj-1irbmik_ecephys.nwb	326257900
sub-Yoshi/sub-Yoshi_ses-Yoshi-20220518_obj-1di0wfd.nwb	3790400
sub-Olive/sub-Olive_ses-Olive-20220707_obj-1bfy2dc.nwb	14859960
sub-Wallie/sub-Wallie_ses-Wallie-20220922_obj-4u7pta.nwb	3799360
sub-Wallie/sub-Wallie_ses-Wallie-20220922_obj-1r8b5gt.nwb	101483024
sub-Winnie/sub-Winnie_ses-Winnie-20220719_obj-16c2xh6.nwb	5736720
sub-Yoshi/sub-Yoshi_ses-Yoshi-20220517_obj-aj5c93.nwb	3768696
sub-Yoshi/sub-Yoshi_ses-Yoshi-20220517_obj-15xhvn5_ecephys.nwb	224610128
sub-Wallie/sub-Wallie_ses-Wallie-20220922_obj-1jasber.nwb	3863816
sub-Totoro/sub-Totoro_ses-Totoro-20220613_obj-rf3mwm.nwb	3551544
sub-Yoshi/sub-Yoshi_ses-Yoshi-20220509_obj-mo1xnt.nwb	122063704
sub-Frodo/sub-Frodo_ses-3_obj-mgwdhc_ecephys.nwb	35577000
sub-Olive/sub-Olive_ses-Olive-20220711_obj-1dh0c42.nwb	4443208
sub-Frodo/sub-Frodo_ses-5_obj-wl302e_ecephys.nwb	6184128
sub-Bilbo/sub-Bilbo_ses-5_obj-1rjxm11_ecephys.nwb	29568672
sub-Wallie/sub-Wallie_ses-Wallie-20220922_obj-rvn0gj.nwb	3829840
sub-Winnie/sub-Winnie_ses-Winnie-20220715_obj-700cd7_behavior.nwb	475901456
sub-Frodo/sub-Frodo_ses-1_obj-cknr7z_behavior+ecephys.nwb	461469800
sub-Wallie/sub-Wallie_ses-Wallie-20220922_obj-ou3myg.nwb	6553768
sub-Olive/sub-Olive_ses-Olive-20220628_obj-k5b7wl.nwb	162623184
sub-Winnie/sub-Winnie_ses-Winnie-20220719_obj-sxfcfm_behavior.nwb	7904250
sub-Wallie/sub-Wallie_ses-Wallie-20220922_obj-3dwkuq.nwb	4473864
sub-Winnie/sub-Winnie_ses-Winnie-20220715_obj-j9mw5i_ecephys.nwb	197119892
sub-Winnie/sub-Winnie_ses-Winnie-20220719_obj-1lfh21v_ecephys.nwb	268309616
sub-Winnie/sub-Winnie_ses-Winnie-20220719_obj-3ynd2y.nwb	2499784
sub-Wallie/sub-Wallie_ses-Wallie-20220914_obj-1shzbml_behavior.nwb	221035624
sub-Yoshi/sub-Yoshi_ses-Yoshi-20220517_obj-19fw7m0.nwb	3114216
sub-Olive/sub-Olive_ses-Olive-20220707_obj-1m094cl.nwb	2728824
sub-Winnie/sub-Winnie_ses-Winnie-20220719_obj-3effr8.nwb	7360648
sub-Wallie/sub-Wallie_ses-Wallie-20220922_obj-644soj_behavior.nwb	6231036
sub-Totoro/sub-Totoro_ses-Totoro-20220614_obj-170xo3v.nwb	5096772
sub-Banner/sub-Banner_ses-Banner-20220225_obj-50dw2t_behavior.nwb	23989636
sub-Olive/sub-Olive_ses-Olive-20220707_obj-1i21s40.nwb	2770176
sub-Wallie/sub-Wallie_ses-Wallie-20220922_obj-12l2f3b.nwb	7247072
sub-Winnie/sub-Winnie_ses-Winnie-20220719_obj-1al9ide.nwb	2349744
sub-Winnie/sub-Winnie_ses-Winnie-20220717_obj-ug9725_behavior.nwb	182961332
sub-Totoro/sub-Totoro_ses-Totoro-20220614_obj-jxhuy1.nwb	45358244
sub-Yoshi/sub-Yoshi_ses-Yoshi-20220509_obj-1y2htaj_ecephys.nwb	59176212
sub-Bilbo/sub-Bilbo_ses-5_obj-czfog3_ecephys.nwb	9402504
sub-Winnie/sub-Winnie_ses-Winnie-20220719_obj-1er3e0y.nwb	6939840
sub-Frodo/sub-Frodo_ses-1_obj-9ss2b5_behavior+ecephys.nwb	412610788
sub-Bilbo/sub-Bilbo_ses-5_obj-y64dym_behavior+ecephys.nwb	23107744
sub-Banner/sub-Banner_ses-Banner-20220225_obj-1sep46u_behavior.nwb	27444372
sub-Olive/sub-Olive_ses-Olive-20220707_obj-1pw7noc.nwb	5955752
sub-Frodo/sub-Frodo_ses-5_obj-lysbf1_ecephys.nwb	8481015
sub-Yoshi/sub-Yoshi_ses-Yoshi-20220518_obj-f5e95f.nwb	3982240
sub-Wallie/sub-Wallie_ses-Wallie-20220922_obj-g49mvw.nwb	4042960
sub-Winnie/sub-Winnie_ses-Winnie-20220719_obj-tjn7la.nwb	6132888
sub-Winnie/sub-Winnie_ses-Winnie-20220717_obj-1q861y2.nwb	5346304
sub-Totoro/sub-Totoro_ses-Totoro-20220614_obj-11pi12x.nwb	3651552
sub-Wallie/sub-Wallie_ses-Wallie-20220912_obj-cpeqef_ecephys.nwb	525914624
sub-Winnie/sub-Winnie_ses-Winnie-20220717_obj-wk44aj.nwb	132133620
sub-Winnie/sub-Winnie_ses-Winnie-20220713_obj-wtr0me_ecephys.nwb	235953724
sub-Winnie/sub-Winnie_ses-Winnie-20220719_obj-1ytkqas.nwb	5280720
sub-Wallie/sub-Wallie_ses-Wallie-20220922_obj-vrhuyk.nwb	4306800
sub-Olive/sub-Olive_ses-Olive-20220630_obj-xx9hv6.nwb	104556032
sub-Wallie/sub-Wallie_ses-Wallie-20220922_obj-1bjiyor.nwb	2842816
sub-Bilbo/sub-Bilbo_ses-5_obj-1f0g1y1_ecephys.nwb	13410048
sub-Winnie/sub-Winnie_ses-Winnie-20220719_obj-1nppuee.nwb	10233199056
sub-Winnie/sub-Winnie_ses-Winnie-20220717_obj-srnrnp.nwb	2802944
sub-Yoshi/sub-Yoshi_ses-Yoshi-20220518_obj-tqp64w_ecephys.nwb	163093516
sub-Yoshi/sub-Yoshi_ses-Yoshi-20220517_obj-14wjrz8.nwb	3483000
sub-Yoshi/sub-Yoshi_ses-Yoshi-20220518_obj-1l9lena.nwb	65758584
sub-Yoshi/sub-Yoshi_ses-Yoshi-20220518_obj-1xak1u0_ecephys.nwb	202662916
sub-Totoro/sub-Totoro_ses-Totoro-20220614_obj-w0zdzg.nwb	152300268
sub-Bilbo/sub-Bilbo_ses-5_obj-1wmdmwg_behavior+ecephys.nwb	37433216
sub-Totoro/sub-Totoro_ses-Totoro-20220607_obj-opr9la_behavior.nwb	255251916
sub-Yoshi/sub-Yoshi_ses-Yoshi-20220517_obj-1vrlmhr.nwb	4299744
sub-Banner/sub-Banner_ses-Banner-20220225_obj-1abp0ve.nwb	8165856
sub-Yoshi/sub-Yoshi_ses-Yoshi-20220517_obj-1bngbk3.nwb	4271384
sub-Totoro/sub-Totoro_ses-Totoro-20220617_obj-1cgxx39.nwb	34930172
sub-Totoro/sub-Totoro_ses-Totoro-20220602_obj-1c3w1w0.nwb	141417432
sub-Winnie/sub-Winnie_ses-Winnie-20220719_obj-1gqp9y5.nwb	11527150412
sub-Bilbo/sub-Bilbo_ses-3_obj-14nilxl_ecephys.nwb	154226872
sub-Wallie/sub-Wallie_ses-Wallie-20220922_obj-13crzpq.nwb	2696288
sub-Yoshi/sub-Yoshi_ses-Yoshi-20220517_obj-12ixdox.nwb	4805568
sub-Winnie/sub-Winnie_ses-Winnie-20220719_obj-1gwms0i.nwb	2499784
sub-Totoro/sub-Totoro_ses-Totoro-20220607_obj-1a5o8zf_ecephys.nwb	345919756
sub-Wallie/sub-Wallie_ses-Wallie-20220922_obj-ia0f6p.nwb	4514576
sub-Yoshi/sub-Yoshi_ses-Yoshi-20220518_obj-1oio698.nwb	3460240
sub-Wallie/sub-Wallie_ses-Wallie-20220922_obj-ur865c.nwb	9509545
sub-Totoro/sub-Totoro_ses-Totoro-20220603_obj-1ud7ub5_behavior.nwb	33684800
sub-Odins/sub-Odins_ses-Odins-20220216_obj-ilrg7l_ecephys.nwb	41451180
sub-Banner/sub-Banner_ses-Banner-20220224_obj-19t71gv.nwb	13934812
sub-Wallie/sub-Wallie_ses-Wallie-20220914_obj-10iypie.nwb	130839380
sub-Frodo/sub-Frodo_ses-5_obj-1mgs685_ecephys.nwb	111173264
sub-Yoshi/sub-Yoshi_ses-Yoshi-20220513_obj-10fzo0i.nwb	3859800
sub-Winnie/sub-Winnie_ses-Winnie-20220719_obj-qnki4c.nwb	523330144
sub-Olive/sub-Olive_ses-Olive-20220711_obj-11wi643.nwb	4152288
sub-Totoro/sub-Totoro_ses-Totoro-20220614_obj-18a8hrs.nwb	2768192
sub-Frodo/sub-Frodo_ses-5_obj-1yu6uff_ecephys.nwb	9691304
sub-Winnie/sub-Winnie_ses-Winnie-20220719_obj-1aiw1k4.nwb	3214008
sub-Frodo/sub-Frodo_ses-5_obj-q445q8_behavior+ecephys.nwb	17868992
sub-Wallie/sub-Wallie_ses-Wallie-20220914_obj-1wja1w0.nwb	11355816
sub-Wallie/sub-Wallie_ses-Wallie-20220922_obj-15qbp3w.nwb	3161304
sub-Yoshi/sub-Yoshi_ses-Yoshi-20220509_obj-rax0hc_ecephys.nwb	42693328
sub-Wallie/sub-Wallie_ses-Wallie-20220922_obj-1beips5.nwb	14815280
sub-Wallie/sub-Wallie_ses-Wallie-20220912_obj-on5cfa.nwb	100433084
sub-Yoshi/sub-Yoshi_ses-Yoshi-20220518_obj-13yt1lj.nwb	164762596
sub-Wallie/sub-Wallie_ses-Wallie-20220922_obj-u251oj.nwb	5161520
sub-Bilbo/sub-Bilbo_ses-3_obj-h7kkgp_ecephys.nwb	9396640
sub-Totoro/sub-Totoro_ses-Totoro-20220613_obj-1y4np70.nwb	5853344
sub-Yoshi/sub-Yoshi_ses-Yoshi-20220518_obj-1y2en83.nwb	60786640
sub-Yoshi/sub-Yoshi_ses-Yoshi-20220518_obj-1gfzcxk.nwb	44083256
sub-Olive/sub-Olive_ses-Olive-20220711_obj-fk3teh.nwb	4498312
sub-Wallie/sub-Wallie_ses-Wallie-20220922_obj-1ao20ox_behavior.nwb	11476452
sub-Frodo/sub-Frodo_ses-6_obj-1lxmrpo_ecephys.nwb	10287624
sub-Wallie/sub-Wallie_ses-Wallie-20220922_obj-c2736v.nwb	17682256
sub-Wallie/sub-Wallie_ses-Wallie-20220912_obj-r2rn2u_behavior.nwb	222797548
sub-Bilbo/sub-Bilbo_ses-2_obj-4qcp1i_ecephys.nwb	121695648
sub-Winnie/sub-Winnie_ses-Winnie-20220719_obj-1shmhz7.nwb	55855596
sub-Wallie/sub-Wallie_ses-Wallie-20220922_obj-xoqjgp.nwb	174180396
sub-Frodo/sub-Frodo_ses-3_obj-btiyaf_ecephys.nwb	5139208
sub-Totoro/sub-Totoro_ses-Totoro-20220614_obj-1pnn2dm.nwb	3114216
sub-Winnie/sub-Winnie_ses-Winnie-20220714_obj-1rbd855_behavior.nwb	287239272
sub-Totoro/sub-Totoro_ses-Totoro-20220607_obj-tl2epm.nwb	100881548
sub-Olive/sub-Olive_ses-Olive-20220711_obj-7topt5_behavior.nwb	314768656
sub-Frodo/sub-Frodo_ses-4_obj-1e6sw2a_ecephys.nwb	11364256
sub-Yoshi/sub-Yoshi_ses-Yoshi-20220510_obj-6kx06q.nwb	4103040
sub-Frodo/sub-Frodo_ses-5_obj-1mbz8nx_ecephys.nwb	7294720
sub-Yoshi/sub-Yoshi_ses-Yoshi-20220517_obj-socwya.nwb	94270536
sub-Frodo/sub-Frodo_ses-5_obj-155niqy_ecephys.nwb	10328528
sub-Winnie/sub-Winnie_ses-Winnie-20220714_obj-1fo8lnq.nwb	142919472
sub-Wallie/sub-Wallie_ses-Wallie-20220922_obj-133yqov.nwb	13885280
sub-Yoshi/sub-Yoshi_ses-Yoshi-20220517_obj-xxes30.nwb	3887600
sub-Yoshi/sub-Yoshi_ses-Yoshi-20220518_obj-xz3f5e.nwb	2050948400
sub-Winnie/sub-Winnie_ses-Winnie-20220719_obj-nifws8.nwb	3589128
sub-Frodo/sub-Frodo_ses-5_obj-l9om6s_ecephys.nwb	7925984
sub-Olive/sub-Olive_ses-Olive-20220711_obj-1ikkg18.nwb	34090124
sub-Bilbo/sub-Bilbo_ses-5_obj-18558bq_behavior+ecephys.nwb	17037160
sub-Banner/sub-Banner_ses-Banner-20220224_obj-1h489a4.nwb	9877104
sub-Yoshi/sub-Yoshi_ses-Yoshi-20220518_obj-w93v0d.nwb	4691936
sub-Frodo/sub-Frodo_ses-5_obj-orrpkh_ecephys.nwb	7762330
sub-Wallie/sub-Wallie_ses-Wallie-20220911_obj-djmn9g_behavior.nwb	24679824
sub-Yoshi/sub-Yoshi_ses-Yoshi-20220518_obj-19vfibc.nwb	3760560
sub-Yoshi/sub-Yoshi_ses-Yoshi-20220517_obj-8lq2l5.nwb	190444384
sub-Totoro/sub-Totoro_ses-Totoro-20220613_obj-6fkatd.nwb	5527584
sub-Yoshi/sub-Yoshi_ses-Yoshi-20220518_obj-1f0q4k.nwb	3114216
sub-Totoro/sub-Totoro_ses-Totoro-20220607_obj-vsb3ys_ecephys.nwb	102285532
sub-Frodo/sub-Frodo_ses-5_obj-1k09zrx_behavior+ecephys.nwb	109314912
sub-Winnie/sub-Winnie_ses-Winnie-20220719_obj-1jqppfe_behavior.nwb	12931128
sub-Odins/sub-Odins_ses-Odins-20220124_obj-12bsrii_ecephys.nwb	279707896
sub-Winnie/sub-Winnie_ses-Winnie-20220719_obj-15atrke.nwb	23848278184
sub-Wallie/sub-Wallie_ses-Wallie-20220922_obj-1o05767.nwb	5902560
sub-Frodo/sub-Frodo_ses-5_obj-sxw5jo_ecephys.nwb	8171768
sub-Banner/sub-Banner_ses-Banner-20220225_obj-1ef3jnb_behavior.nwb	19576744
sub-Wallie/sub-Wallie_ses-Wallie-20220922_obj-wsd6je.nwb	132927176
sub-Totoro/sub-Totoro_ses-Totoro-20220607_behavior+ecephys+image.nwb	912521249401
sub-Winnie/sub-Winnie_ses-Winnie-20220717_obj-pwbhdv.nwb	11242560
sub-Olive/sub-Olive_ses-Olive-20220707_obj-1xcvhjg.nwb	3116448
sub-Totoro/sub-Totoro_ses-Totoro-20220614_obj-1lv7dbd.nwb	3642880
sub-Totoro/sub-Totoro_ses-Totoro-20220614_obj-1784tx9_ecephys.nwb	429977916
sub-Wallie/sub-Wallie_ses-Wallie-20220922_obj-14a5liw.nwb	3854400
sub-Yoshi/sub-Yoshi_ses-Yoshi-20220517_obj-1cyzigc.nwb	2525390908
sub-Wallie/sub-Wallie_ses-Wallie-20220922_obj-194p4fi_ecephys.nwb	309890136
sub-Yoshi/sub-Yoshi_ses-Yoshi-20220518_obj-1n3maa0.nwb	144993500
sub-Wallie/sub-Wallie_ses-Wallie-20220922_obj-1cee80r.nwb	6463712
sub-Totoro/sub-Totoro_ses-Totoro-20220607_obj-13pdo2x_behavior.nwb	194785552
sub-Frodo/sub-Frodo_ses-5_obj-s9b80s_behavior+ecephys.nwb	25542208
sub-Olive/sub-Olive_ses-Olive-20220711_obj-150va3k.nwb	5246016
sub-Bilbo/sub-Bilbo_ses-5_obj-1rik4zc_behavior+ecephys.nwb	16729928
sub-Wallie/sub-Wallie_ses-Wallie-20220912_obj-tmj4sz.nwb	5141088
sub-Yoshi/sub-Yoshi_ses-Yoshi-20220518_obj-12f8ueh.nwb	11202048
sub-Winnie/sub-Winnie_ses-Winnie-20220720_obj-1ebtyea.nwb	7167336
sub-Olive/sub-Olive_ses-Olive-20220707_obj-1hpf936_behavior.nwb	43963904
sub-Frodo/sub-Frodo_ses-5_obj-mqc5qj_ecephys.nwb	8760544
sub-Wallie/sub-Wallie_ses-Wallie-20220922_obj-16l63lp.nwb	4614632
sub-Wallie/sub-Wallie_ses-Wallie-20220922_obj-8yclnp.nwb	3630600
sub-Olive/sub-Olive_ses-Olive-20220711_obj-1wustq4_ecephys.nwb	398998792
sub-Yoshi/sub-Yoshi_ses-Yoshi-20220517_obj-vmz13f.nwb	184546764
sub-Yoshi/sub-Yoshi_ses-Yoshi-20220517_obj-1yxsswx.nwb	1274755980
sub-Frodo/sub-Frodo_ses-4_obj-evv95r_ecephys.nwb	9206400
sub-Wallie/sub-Wallie_ses-Wallie-20220922_obj-1j99czm.nwb	6390560
sub-Winnie/sub-Winnie_ses-Winnie-20220719_obj-1se3ek2.nwb	5171728
sub-Frodo/sub-Frodo_ses-5_obj-1nezmqq_ecephys.nwb	45321320
sub-Yoshi/sub-Yoshi_ses-Yoshi-20220518_obj-177m6mx.nwb	117054128
sub-Olive/sub-Olive_ses-Olive-20220711_obj-1wq1wai.nwb	2800960
sub-Yoshi/sub-Yoshi_ses-Yoshi-20220517_obj-1dr1eqx.nwb	4139120
sub-Yoshi/sub-Yoshi_ses-Yoshi-20220517_obj-6wnwgk.nwb	7601566
sub-Yoshi/sub-Yoshi_ses-Yoshi-20220517_obj-33fbo1.nwb	7488120
sub-Totoro/sub-Totoro_ses-Totoro-20220607_obj-ruhql3.nwb	6115064
sub-Wallie/sub-Wallie_ses-Wallie-20220922_obj-tr0jqs.nwb	3104128
sub-Winnie/sub-Winnie_ses-Winnie-20220719_obj-14g4w78.nwb	4278848
sub-Totoro/sub-Totoro_ses-Totoro-20220530_obj-132wuyv_behavior.nwb	204002848
sub-Wallie/sub-Wallie_ses-Wallie-20220922_obj-rjfxzp_behavior.nwb	174391152
sub-Wallie/sub-Wallie_ses-Wallie-20220922_obj-1x0dc12.nwb	3553200
sub-Winnie/sub-Winnie_ses-Winnie-20220719_obj-hrm1xr.nwb	3381504
sub-Yoshi/sub-Yoshi_ses-Yoshi-20220517_obj-ss6ll0.nwb	4152288
sub-Winnie/sub-Winnie_ses-Winnie-20220717_obj-1ha5b4o.nwb	4501536
sub-Olive/sub-Olive_ses-Olive-20220711_obj-1g0zi4h.nwb	162196648
sub-Bilbo/sub-Bilbo_ses-5_obj-a2ca58_ecephys.nwb	7328880
sub-Olive/sub-Olive_ses-Olive-20220629_obj-uwvzp6_ecephys.nwb	190933984
sub-Yoshi/sub-Yoshi_ses-Yoshi-20220513_obj-1a590an.nwb	67336884
sub-Frodo/sub-Frodo_ses-1_obj-lb8v2y_behavior+ecephys.nwb	658989292
sub-Olive/sub-Olive_ses-Olive-20220711_obj-1ryjk9j.nwb	3738280
sub-Winnie/sub-Winnie_ses-Winnie-20220717_obj-h50hba.nwb	192492116
sub-Banner/sub-Banner_ses-Banner-20220224_obj-1rlnbyd_behavior.nwb	41902996
sub-Olive/sub-Olive_ses-Olive-20220711_obj-uhtrpi.nwb	6127008
sub-Winnie/sub-Winnie_ses-Winnie-20220719_obj-npwcwb.nwb	200855256
sub-Wallie/sub-Wallie_ses-Wallie-20220922_obj-1i2udke_behavior.nwb	23265728
sub-Frodo/sub-Frodo_ses-2_obj-19e5657_ecephys.nwb	6516576
sub-Olive/sub-Olive_ses-Olive-20220707_obj-1npl58q_behavior.nwb	22560320
sub-Wallie/sub-Wallie_ses-Wallie-20220912_obj-1leejat_behavior.nwb	190632048
sub-Totoro/sub-Totoro_ses-Totoro-20220613_obj-1olkjjg.nwb	140380040
sub-Totoro/sub-Totoro_ses-Totoro-20220617_obj-bld1o7.nwb	8339765
sub-Frodo/sub-Frodo_ses-5_obj-p1fti2_behavior+ecephys.nwb	19794690
sub-Totoro/sub-Totoro_ses-Totoro-20220614_obj-1n43twz_behavior.nwb	14907696
sub-Yoshi/sub-Yoshi_ses-Yoshi-20220517_obj-1ddomu6.nwb	16931264
sub-Totoro/sub-Totoro_ses-Totoro-20220614_obj-11ix23n.nwb	84214224
sub-Yoshi/sub-Yoshi_ses-Yoshi-20220509_obj-1ivb8nv_behavior.nwb	15897360
sub-Frodo/sub-Frodo_ses-5_obj-1poxee4_ecephys.nwb	122082532
sub-Yoshi/sub-Yoshi_ses-Yoshi-20220517_obj-1n5hn1p.nwb	3642800
sub-Olive/sub-Olive_ses-Olive-20220711_obj-zhapa1.nwb	37634240
sub-Banner/sub-Banner_ses-Banner-20220123_ecephys.nwb	268301164
sub-Winnie/sub-Winnie_ses-Winnie-20220717_obj-hj3faz.nwb	2754080
sub-Frodo/sub-Frodo_ses-5_obj-ly6n1q_ecephys.nwb	109536948
sub-Banner/sub-Banner_ses-Banner-20220224_obj-3esn2o_behavior.nwb	12360166
sub-Bilbo/sub-Bilbo_ses-5_obj-1yafxs0_behavior+ecephys.nwb	35928800
sub-Banner/sub-Banner_ses-Banner-20220215_obj-dj5xjv_behavior.nwb	24330696
sub-Wallie/sub-Wallie_ses-Wallie-20220912_obj-1x20b4v.nwb	143704200
sub-Frodo/sub-Frodo_ses-5_obj-n4wfjk_ecephys.nwb	13690608
sub-Wallie/sub-Wallie_ses-Wallie-20220914_obj-1ktdpde_ecephys.nwb	321581484
sub-Totoro/sub-Totoro_ses-Totoro-20220530_obj-2dbz7r_ecephys.nwb	236950492
sub-Winnie/sub-Winnie_ses-Winnie-20220719_obj-1beg23f.nwb	5032352
sub-Banner/sub-Banner_ses-Banner-20220224_obj-1ec0ca6_behavior.nwb	33150460
sub-Yoshi/sub-Yoshi_ses-Yoshi-20220518_obj-yslkcp.nwb	7124200
sub-Banner/sub-Banner_ses-Banner-20220216_obj-11yzryt.nwb	100195248
sub-Bilbo/sub-Bilbo_ses-5_obj-b0uvqi_ecephys.nwb	8064144
sub-Wallie/sub-Wallie_ses-Wallie-20220922_obj-cz70yk.nwb	3932640
sub-Yoshi/sub-Yoshi_ses-Yoshi-20220517_obj-erle5u.nwb	34200363
sub-Yoshi/sub-Yoshi_ses-Yoshi-20220518_obj-13wbb3c.nwb	111870036
sub-Frodo/sub-Frodo_ses-2_obj-6da0dd_ecephys.nwb	7547840
sub-Winnie/sub-Winnie_ses-Winnie-20220713_obj-gauwix.nwb	164566424
sub-Yoshi/sub-Yoshi_ses-Yoshi-20220510_obj-1g361q5_ecephys.nwb	215051944
sub-Yoshi/sub-Yoshi_ses-Yoshi-20220518_obj-9cepfh.nwb	3460240
sub-Wallie/sub-Wallie_ses-Wallie-20220922_obj-f6clc4.nwb	3623832
sub-Wallie/sub-Wallie_ses-Wallie-20220922_obj-1d94a88_ecephys.nwb	610016132
sub-Winnie/sub-Winnie_ses-Winnie-20220717_obj-o3s4ld.nwb	2770176
sub-Yoshi/sub-Yoshi_ses-Yoshi-20220517_obj-1w2zijp.nwb	3819528
sub-Frodo/sub-Frodo_ses-5_obj-17lwgko_ecephys.nwb	8797520
sub-Yoshi/sub-Yoshi_ses-Yoshi-20220517_obj-i9p94p.nwb	4608000
sub-Frodo/sub-Frodo_ses-4_obj-1yskdej_ecephys.nwb	5851608
sub-Yoshi/sub-Yoshi_ses-Yoshi-20220518_obj-1b2mo9p.nwb	3446720
sub-Wallie/sub-Wallie_ses-Wallie-20220922_obj-huipff.nwb	3916640
sub-Frodo/sub-Frodo_ses-5_obj-7sufvz_behavior+ecephys.nwb	17987824
sub-Olive/sub-Olive_ses-Olive-20220711_obj-y63ckj_behavior.nwb	21547104
sub-Yoshi/sub-Yoshi_ses-Yoshi-20220517_obj-d0vkr6.nwb	6388000
sub-Yoshi/sub-Yoshi_ses-Yoshi-20220518_obj-5llhx9.nwb	4348960
sub-Yoshi/sub-Yoshi_ses-Yoshi-20220517_obj-13bf8w6.nwb	4489624
sub-Bilbo/sub-Bilbo_ses-5_obj-9j0vf4_ecephys.nwb	13954472
sub-Frodo/sub-Frodo_ses-5_obj-zk5qw8_behavior+ecephys.nwb	16922304
sub-Wallie/sub-Wallie_ses-Wallie-20220922_obj-1uvq0ac_behavior.nwb	10594656
sub-Frodo/sub-Frodo_ses-5_obj-1ynfha8_ecephys.nwb	8735008
sub-Winnie/sub-Winnie_ses-Winnie-20220719_obj-1qshomb.nwb	3514120
sub-Frodo/sub-Frodo_ses-5_obj-1f8k3f2_ecephys.nwb	116844624
sub-Olive/sub-Olive_ses-Olive-20220630_obj-4fmv5y_behavior.nwb	40264660
sub-Frodo/sub-Frodo_ses-5_obj-1j0zrwg_behavior+ecephys.nwb	35017928
sub-Winnie/sub-Winnie_ses-Winnie-20220719_obj-55uj52.nwb	3168384
sub-Totoro/sub-Totoro_ses-Totoro-20220614_obj-1kihllp_behavior.nwb	9794774
sub-Wallie/sub-Wallie_ses-Wallie-20220914_obj-1scroii.nwb	3747072
sub-Olive/sub-Olive_ses-Olive-20220711_obj-1vcbp2b.nwb	4737304
sub-Olive/sub-Olive_ses-Olive-20220711_obj-1j929jy.nwb	5533440
sub-Totoro/sub-Totoro_ses-Totoro-20220607_obj-1cm75kp.nwb	5097440
sub-Yoshi/sub-Yoshi_ses-Yoshi-20220517_obj-10ljez8.nwb	3842480
sub-Wallie/sub-Wallie_ses-Wallie-20220922_obj-j0hysm.nwb	220688108
sub-Banner/sub-Banner_ses-Banner-20220225_obj-1j59ngm_behavior.nwb	36588552
sub-Totoro/sub-Totoro_ses-Totoro-20220602_obj-1xfref5.nwb	116352948
sub-Frodo/sub-Frodo_ses-5_obj-fannpi_ecephys.nwb	7901144
sub-Frodo/sub-Frodo_ses-5_obj-1t1g3wn_ecephys.nwb	44638084
sub-Totoro/sub-Totoro_ses-Totoro-20220614_obj-dnrudt.nwb	2422168
sub-Winnie/sub-Winnie_ses-Winnie-20220719_obj-176dyfh.nwb	37818648
sub-Winnie/sub-Winnie_ses-Winnie-20220719_obj-f9818d.nwb	4139960
sub-Yoshi/sub-Yoshi_ses-Yoshi-20220518_obj-1xy2gg.nwb	68066453
sub-Yoshi/sub-Yoshi_ses-Yoshi-20220518_obj-1l73w09.nwb	3536352
sub-Totoro/sub-Totoro_ses-Totoro-20220603_obj-jhkjbt_behavior.nwb	22854960
sub-Yoshi/sub-Yoshi_ses-Yoshi-20220517_obj-319mcn.nwb	45377884
sub-Yoshi/sub-Yoshi_ses-Yoshi-20220509_obj-hw1z6q_ecephys.nwb	320799632
sub-Yoshi/sub-Yoshi_ses-Yoshi-20220517_obj-tqwc7n.nwb	3123456
sub-Totoro/sub-Totoro_ses-Totoro-20220615_obj-1xtdk5k.nwb	7074522
sub-Olive/sub-Olive_ses-Olive-20220629_obj-1m0l9mz.nwb	136932800
sub-Totoro/sub-Totoro_ses-Totoro-20220615_obj-91oiiy.nwb	4372792
sub-Frodo/sub-Frodo_ses-4_obj-b6bree_ecephys.nwb	7519968
sub-Wallie/sub-Wallie_ses-Wallie-20220912_obj-1930dfy_behavior.nwb	248168884
sub-Yoshi/sub-Yoshi_ses-Yoshi-20220517_obj-1uo2q4j.nwb	14263800
sub-Wallie/sub-Wallie_ses-Wallie-20220922_obj-1hw3q46.nwb	2770432
sub-Yoshi/sub-Yoshi_ses-Yoshi-20220518_obj-1jx327w.nwb	6277680
sub-Totoro/sub-Totoro_ses-Totoro-20220616_obj-x2iq95.nwb	4181936
sub-Totoro/sub-Totoro_ses-Totoro-20220613_obj-xx2ov8.nwb	3022080
sub-Banner/sub-Banner_ses-Banner-20220224_obj-1hp30y7_behavior.nwb	19770952
sub-Banner/sub-Banner_ses-Banner-20220224_obj-ah5wyx_ecephys.nwb	270326508
sub-Frodo/sub-Frodo_ses-5_obj-rd6tlb_ecephys.nwb	8464768
sub-Totoro/sub-Totoro_ses-Totoro-20220614_obj-ezgeix.nwb	4855608
sub-Winnie/sub-Winnie_ses-Winnie-20220719_obj-agqmy5.nwb	14991193200
sub-Yoshi/sub-Yoshi_ses-Yoshi-20220517_obj-guua6l.nwb	3385656
sub-Bilbo/sub-Bilbo_ses-6_obj-km38j3_ecephys.nwb	45858549
sub-Wallie/sub-Wallie_ses-Wallie-20220922_obj-1rm5rxj.nwb	37716216
sub-Frodo/sub-Frodo_ses-5_obj-tjc1mk_ecephys.nwb	7240640
sub-Frodo/sub-Frodo_ses-5_obj-1eely83_ecephys.nwb	52642053
sub-Olive/sub-Olive_ses-Olive-20220711_obj-l9gvmp.nwb	3721088
sub-Winnie/sub-Winnie_ses-Winnie-20220719_obj-dwnkyr.nwb	5071835
sub-Frodo/sub-Frodo_ses-5_obj-1x2d96e_behavior+ecephys.nwb	222462748
sub-Winnie/sub-Winnie_ses-Winnie-20220719_obj-fdjwyl.nwb	2965816
sub-Olive/sub-Olive_ses-Olive-20220711_obj-h4vn54.nwb	10049200
sub-Totoro/sub-Totoro_ses-Totoro-20220614_obj-15qj8sr.nwb	3596040
sub-Winnie/sub-Winnie_ses-Winnie-20220719_obj-4k03fe_behavior.nwb	24515208
sub-Winnie/sub-Winnie_ses-Winnie-20220719_obj-1qg9yxt_ecephys.nwb	213178596
sub-Yoshi/sub-Yoshi_ses-Yoshi-20220518_obj-hftvip.nwb	4152288
sub-Yoshi/sub-Yoshi_ses-Yoshi-20220518_obj-qwzyj9_behavior.nwb	11031936
sub-Totoro/sub-Totoro_ses-Totoro-20220617_obj-18rdi35.nwb	42683444
sub-Wallie/sub-Wallie_ses-Wallie-20220912_obj-x28zn7.nwb	4228664
sub-Winnie/sub-Winnie_ses-Winnie-20220719_obj-k3oxed.nwb	3530816
sub-Frodo/sub-Frodo_ses-1_obj-uq2wg0_ecephys.nwb	533849072
sub-Yoshi/sub-Yoshi_ses-Yoshi-20220518_obj-k3nx3b.nwb	7332512
sub-Olive/sub-Olive_ses-Olive-20220711_obj-1smasi6.nwb	5842430
sub-Frodo/sub-Frodo_ses-5_obj-13gm56l_ecephys.nwb	7039872
sub-Winnie/sub-Winnie_ses-Winnie-20220713_obj-wnhszp_ecephys.nwb	326850760
sub-Yoshi/sub-Yoshi_ses-Yoshi-20220513_behavior+ecephys+image.nwb	499876295108
sub-Winnie/sub-Winnie_ses-Winnie-20220717_obj-1sp1p0d.nwb	4707200
sub-Totoro/sub-Totoro_ses-Totoro-20220614_obj-1izvbx_behavior.nwb	16311840
sub-Winnie/sub-Winnie_ses-Winnie-20220719_obj-eu467x_ecephys.nwb	323374380
sub-Winnie/sub-Winnie_ses-Winnie-20220719_obj-1b0jjbx.nwb	3462624
sub-Wallie/sub-Wallie_ses-Wallie-20220922_obj-qdszu3_behavior.nwb	15304032
sub-Bilbo/sub-Bilbo_ses-5_obj-j588yz_behavior+ecephys.nwb	21717120
sub-Yoshi/sub-Yoshi_ses-Yoshi-20220517_obj-8z677q.nwb	4994112
sub-Wallie/sub-Wallie_ses-Wallie-20220922_obj-1crlyfo.nwb	16661760
sub-Frodo/sub-Frodo_ses-5_obj-2026un_ecephys.nwb	8670880
sub-Olive/sub-Olive_ses-Olive-20220707_obj-153vqe8.nwb	7517640
sub-Frodo/sub-Frodo_ses-5_obj-b52tav_ecephys.nwb	4467904
sub-Winnie/sub-Winnie_ses-Winnie-20220717_obj-ofdbol.nwb	2770176
sub-Bilbo/sub-Bilbo_ses-5_obj-1wqeimp_ecephys.nwb	10424256
sub-Winnie/sub-Winnie_ses-Winnie-20220719_obj-1l8m48i.nwb	3390656
sub-Yoshi/sub-Yoshi_ses-Yoshi-20220518_obj-15evfqh.nwb	19229392
sub-Olive/sub-Olive_ses-Olive-20220711_obj-z9xbo0.nwb	3590928
sub-Wallie/sub-Wallie_ses-Wallie-20220914_obj-lvg8c0.nwb	4582072
sub-Totoro/sub-Totoro_ses-Totoro-20220614_obj-bo4mgt.nwb	6451720
sub-Winnie/sub-Winnie_ses-Winnie-20220719_obj-1vl3m7m.nwb	135364780
sub-Banner/sub-Banner_ses-Banner-20220224_obj-njd3mz.nwb	47125496
sub-Wallie/sub-Wallie_ses-Wallie-20220911_obj-hl3wnr_ecephys.nwb	241097944
sub-Yoshi/sub-Yoshi_ses-Yoshi-20220510_obj-1dw7a6t_behavior.nwb	25068512
sub-Bilbo/sub-Bilbo_ses-2_obj-6o8a8w_ecephys.nwb	97397552
sub-Banner/sub-Banner_ses-Banner-20220224_obj-1q8kngk.nwb	35588604
sub-Bilbo/sub-Bilbo_ses-5_obj-rtgq5q_behavior+ecephys.nwb	18332592
sub-Wallie/sub-Wallie_ses-Wallie-20220914_obj-1xpiwt5_ecephys.nwb	212289264
sub-Yoshi/sub-Yoshi_ses-Yoshi-20220518_obj-1c9armo.nwb	3806264
sub-Wallie/sub-Wallie_ses-Wallie-20220922_obj-72wh6m.nwb	8126000
sub-Totoro/sub-Totoro_ses-Totoro-20220616_obj-umt027.nwb	25771885
sub-Winnie/sub-Winnie_ses-Winnie-20220719_obj-745vms_behavior.nwb	18631680
sub-Yoshi/sub-Yoshi_ses-Yoshi-20220517_obj-lwyx19_behavior.nwb	10709760
sub-Totoro/sub-Totoro_ses-Totoro-20220614_obj-15rda4t.nwb	2768192
sub-Winnie/sub-Winnie_ses-Winnie-20220719_obj-jwuj57.nwb	5962700
sub-Olive/sub-Olive_ses-Olive-20220711_obj-1rlfaly.nwb	4218536
sub-Yoshi/sub-Yoshi_ses-Yoshi-20220517_obj-1m5crtw.nwb	18599284
sub-Olive/sub-Olive_ses-Olive-20220627_obj-n3o3ek_ecephys.nwb	186434660
sub-Frodo/sub-Frodo_ses-5_obj-1gzlgd9_ecephys.nwb	8630720
sub-Yoshi/sub-Yoshi_ses-Yoshi-20220518_obj-zby6it.nwb	93590140
sub-Winnie/sub-Winnie_ses-Winnie-20220714_obj-1ledb8b_behavior.nwb	26633600
sub-Wallie/sub-Wallie_ses-Wallie-20220922_obj-tarfjp.nwb	4090240
sub-Frodo/sub-Frodo_ses-5_obj-p6run8_ecephys.nwb	38106128
sub-Yoshi/sub-Yoshi_ses-Yoshi-20220513_obj-lubtsy.nwb	153918304
sub-Yoshi/sub-Yoshi_ses-Yoshi-20220513_obj-bkphei.nwb	5350480
sub-Frodo/sub-Frodo_ses-5_obj-lvsiw8_ecephys.nwb	52680924
sub-Yoshi/sub-Yoshi_ses-Yoshi-20220513_obj-1aohg3c.nwb	5672576
sub-Totoro/sub-Totoro_ses-Totoro-20220607_obj-1t1iq49.nwb	3911808
sub-Frodo/sub-Frodo_ses-5_obj-l04gzd_ecephys.nwb	13421216
sub-Yoshi/sub-Yoshi_ses-Yoshi-20220517_obj-1oyqweb_behavior.nwb	29263724
sub-Yoshi/sub-Yoshi_ses-Yoshi-20220509_obj-1p9ntkv_behavior.nwb	148375536
sub-Frodo/sub-Frodo_ses-2_obj-1ffiiq3_ecephys.nwb	166912112
sub-Totoro/sub-Totoro_ses-Totoro-20220602_obj-u7rjau.nwb	4806432
sub-Olive/sub-Olive_ses-Olive-20220711_obj-1s6xkoc_behavior.nwb	28970240
sub-Bilbo/sub-Bilbo_ses-2_obj-xqq9iz_ecephys.nwb	8106160
sub-Winnie/sub-Winnie_ses-Winnie-20220719_obj-vmsprs.nwb	5666528
sub-Yoshi/sub-Yoshi_ses-Yoshi-20220518_obj-16s6df2.nwb	24506392
sub-Winnie/sub-Winnie_ses-Winnie-20220720_obj-10pew8h.nwb	5548072
sub-Bilbo/sub-Bilbo_ses-5_obj-1kkcew9_behavior+ecephys.nwb	19310528
sub-Frodo/sub-Frodo_ses-5_obj-73d8l0_behavior+ecephys.nwb	12604368
sub-Bilbo/sub-Bilbo_ses-5_obj-ty9csb_ecephys.nwb	47505122
sub-Winnie/sub-Winnie_ses-Winnie-20220719_obj-2k6e4q.nwb	6086880
sub-Yoshi/sub-Yoshi_ses-Yoshi-20220517_obj-qh3div.nwb	2325792
sub-Olive/sub-Olive_ses-Olive-20220711_obj-rc1loz.nwb	2866496
sub-Bilbo/sub-Bilbo_ses-5_obj-1l79q11_behavior+ecephys.nwb	16617764
sub-Totoro/sub-Totoro_ses-Totoro-20220613_obj-11vp4nu_behavior.nwb	22875064
sub-Winnie/sub-Winnie_ses-Winnie-20220719_obj-1mrfqb0.nwb	6294960
sub-Frodo/sub-Frodo_ses-2_obj-wuom75_behavior+ecephys.nwb	29448480
sub-Banner/sub-Banner_ses-Banner-20220225_obj-1tngclk_ecephys.nwb	217325356
sub-Olive/sub-Olive_ses-Olive-20220711_obj-q5hopk.nwb	7590440
sub-Bilbo/sub-Bilbo_ses-2_obj-8gxiut_ecephys.nwb	118342860
sub-Wallie/sub-Wallie_ses-Wallie-20220922_obj-1y9f06a.nwb	2881144
sub-Yoshi/sub-Yoshi_ses-Yoshi-20220518_obj-zz1wre.nwb	3806264
sub-Yoshi/sub-Yoshi_ses-Yoshi-20220518_obj-w35oue.nwb	3114216
sub-Frodo/sub-Frodo_ses-7_obj-q8s1y5_ecephys.nwb	20393778
sub-Winnie/sub-Winnie_ses-Winnie-20220719_obj-lya7eu.nwb	27821275
sub-Totoro/sub-Totoro_ses-Totoro-20220614_obj-16noj73_behavior.nwb	254473400
sub-Olive/sub-Olive_ses-Olive-20220711_obj-ayg6ku.nwb	5300400
sub-Totoro/sub-Totoro_ses-Totoro-20220530_obj-3ncuct.nwb	80180720
sub-Totoro/sub-Totoro_ses-Totoro-20220615_obj-spk3g0.nwb	4920888
sub-Wallie/sub-Wallie_ses-Wallie-20220914_obj-ji3c2y.nwb	1754840
sub-Winnie/sub-Winnie_ses-Winnie-20220719_obj-1efi1nr.nwb	6543264
sub-Winnie/sub-Winnie_ses-Winnie-20220719_obj-1aaizb5_behavior.nwb	26387280
sub-Totoro/sub-Totoro_ses-Totoro-20220614_obj-eucbnm.nwb	183000956
sub-Winnie/sub-Winnie_ses-Winnie-20220719_obj-7r10dh.nwb	12551240
sub-Frodo/sub-Frodo_ses-5_obj-1d05q74_ecephys.nwb	6064576
sub-Winnie/sub-Winnie_ses-Winnie-20220717_obj-4v1ee7_behavior.nwb	22692768
sub-Yoshi/sub-Yoshi_ses-Yoshi-20220518_obj-ptv2p.nwb	2833728
sub-Bilbo/sub-Bilbo_ses-5_obj-1fs122x_ecephys.nwb	9680880
sub-Wallie/sub-Wallie_ses-Wallie-20220914_obj-lv23wz.nwb	4613312
sub-Wallie/sub-Wallie_ses-Wallie-20220922_obj-lftvc7.nwb	5870040
sub-Bilbo/sub-Bilbo_ses-5_obj-1atnkt8_ecephys.nwb	12867576
sub-Olive/sub-Olive_ses-Olive-20220711_obj-mxtkdr_behavior.nwb	9703452
sub-Frodo/sub-Frodo_ses-5_obj-mlvk9y_ecephys.nwb	11154360
sub-Bilbo/sub-Bilbo_ses-5_obj-10yatse_ecephys.nwb	7427424
sub-Olive/sub-Olive_ses-Olive-20220711_obj-1g2koch.nwb	18075384
sub-Yoshi/sub-Yoshi_ses-Yoshi-20220517_obj-1cjbsk.nwb	7016448
sub-Winnie/sub-Winnie_ses-Winnie-20220714_obj-1lb13pa_ecephys.nwb	220127096
sub-Yoshi/sub-Yoshi_ses-Yoshi-20220518_obj-1jdrqr0_behavior.nwb	16293390
sub-Totoro/sub-Totoro_ses-Totoro-20220607_obj-18cj0w3.nwb	5029064
sub-Frodo/sub-Frodo_ses-1_obj-1xswgqa_ecephys.nwb	509274110
sub-Bilbo/sub-Bilbo_ses-2_obj-it5w95_ecephys.nwb	88946856
sub-Olive/sub-Olive_ses-Olive-20220711_obj-1svk96w.nwb	3114216
sub-Frodo/sub-Frodo_ses-7_obj-lm3tuy_ecephys.nwb	131431112
sub-Totoro/sub-Totoro_ses-Totoro-20220613_obj-cdrnrb.nwb	3403960
sub-Wallie/sub-Wallie_ses-Wallie-20220922_obj-pkulya.nwb	6403284
sub-Olive/sub-Olive_ses-Olive-20220707_obj-1mpq5ix.nwb	5243264
sub-Totoro/sub-Totoro_ses-Totoro-20220613_obj-lsczdu.nwb	4837360
sub-Olive/sub-Olive_ses-Olive-20220711_obj-nodag9_behavior.nwb	39448544
sub-Olive/sub-Olive_ses-Olive-20220711_obj-13wjj5c.nwb	2801120
sub-Wallie/sub-Wallie_ses-Wallie-20220922_obj-b16i5v_behavior.nwb	7034656
sub-Yoshi/sub-Yoshi_ses-Yoshi-20220518_obj-1a80muz.nwb	4149440
sub-Banner/sub-Banner_ses-Banner-20220224_obj-xkw27o_behavior.nwb	28451044
sub-Yoshi/sub-Yoshi_ses-Yoshi-20220510_obj-t2y2jv_behavior.nwb	176508676
sub-Frodo/sub-Frodo_ses-3_obj-1w4bmps_ecephys.nwb	7571808
sub-Winnie/sub-Winnie_ses-Winnie-20220719_obj-1fs6j7t.nwb	6676008
sub-Yoshi/sub-Yoshi_ses-Yoshi-20220518_obj-78u3dy.nwb	4152288
sub-Bilbo/sub-Bilbo_ses-5_obj-y6duiy_ecephys.nwb	27235848
sub-Wallie/sub-Wallie_ses-Wallie-20220922_obj-bgety2.nwb	106014124
sub-Winnie/sub-Winnie_ses-Winnie-20220719_obj-1rzcmlo_behavior.nwb	28669008
sub-Wallie/sub-Wallie_ses-Wallie-20220922_obj-1z10d1y.nwb	89451450
sub-Frodo/sub-Frodo_ses-5_obj-14q7emz_ecephys.nwb	7486848
sub-Banner/sub-Banner_ses-Banner-20220225_obj-1s21gxf.nwb	6176609
sub-Wallie/sub-Wallie_ses-Wallie-20220922_obj-14ghatk.nwb	2829232
sub-Winnie/sub-Winnie_ses-Winnie-20220717_obj-13i3ljx.nwb	7983792
sub-Olive/sub-Olive_ses-Olive-20220628_obj-upaiq.nwb	110533580
sub-Yoshi/sub-Yoshi_ses-Yoshi-20220517_obj-11y5ak3.nwb	2768192
sub-Yoshi/sub-Yoshi_ses-Yoshi-20220517_obj-wcxj1z.nwb	5390055
sub-Frodo/sub-Frodo_ses-5_obj-826uvi_ecephys.nwb	7214200
sub-Banner/sub-Banner_ses-Banner-20220224_obj-1wd2cou_behavior.nwb	27763356
sub-Winnie/sub-Winnie_ses-Winnie-20220719_obj-ktxb71_behavior.nwb	17991360
sub-Totoro/sub-Totoro_ses-Totoro-20220614_obj-yduhnd.nwb	170483164
sub-Yoshi/sub-Yoshi_ses-Yoshi-20220517_obj-b764ct.nwb	3415104
sub-Winnie/sub-Winnie_ses-Winnie-20220713_obj-1e64auw_behavior.nwb	25309984
sub-Wallie/sub-Wallie_ses-Wallie-20220912_obj-i44oyg_behavior.nwb	36810360
sub-Bilbo/sub-Bilbo_ses-3_obj-13il2er_ecephys.nwb	8177216
sub-Banner/sub-Banner_ses-Banner-20220224_obj-oimcaa_behavior.nwb	13762304
sub-Winnie/sub-Winnie_ses-Winnie-20220717_obj-fqmpw0.nwb	8402720
sub-Bilbo/sub-Bilbo_ses-5_obj-t2fdkf_ecephys.nwb	15927608
sub-Bilbo/sub-Bilbo_ses-5_obj-1ijzyv0_ecephys.nwb	8993856
sub-Banner/sub-Banner_ses-Banner-20220225_obj-1jh8afr_behavior.nwb	29365492
sub-Winnie/sub-Winnie_ses-Winnie-20220715_obj-1ooyt22.nwb	3040448
sub-Yoshi/sub-Yoshi_ses-Yoshi-20220518_obj-1a297my.nwb	179492556
sub-Yoshi/sub-Yoshi_ses-Yoshi-20220517_obj-3iqzdw.nwb	3922080
sub-Yoshi/sub-Yoshi_ses-Yoshi-20220518_obj-1n6s83p.nwb	5887912
sub-Totoro/sub-Totoro_ses-Totoro-20220614_obj-1sz5nf1.nwb	4473176
sub-Wallie/sub-Wallie_ses-Wallie-20220922_obj-1ahlmh7.nwb	3687456
sub-Wallie/sub-Wallie_ses-Wallie-20220922_obj-1b3fu4x_ecephys.nwb	231786016
sub-Wallie/sub-Wallie_ses-Wallie-20220922_obj-kkagm8.nwb	4862400
sub-Bilbo/sub-Bilbo_ses-5_obj-1ab02ga_behavior+ecephys.nwb	17606152
sub-Yoshi/sub-Yoshi_ses-Yoshi-20220518_obj-i951xe.nwb	7485920
sub-Totoro/sub-Totoro_ses-Totoro-20220614_obj-1v9bkw_behavior.nwb	19828696
sub-Frodo/sub-Frodo_ses-5_obj-oyzgu8_ecephys.nwb	11224352
sub-Totoro/sub-Totoro_ses-Totoro-20220614_obj-1nb3et4.nwb	75013964
sub-Wallie/sub-Wallie_ses-Wallie-20220914_obj-10uggx3.nwb	3438400
sub-Yoshi/sub-Yoshi_ses-Yoshi-20220510_obj-m0w3l5.nwb	55022324
sub-Wallie/sub-Wallie_ses-Wallie-20220922_obj-4otdx2.nwb	3512560
sub-Yoshi/sub-Yoshi_ses-Yoshi-20220517_obj-1av8fd.nwb	108505852
sub-Yoshi/sub-Yoshi_ses-Yoshi-20220517_obj-rl0kap.nwb	2932032
sub-Winnie/sub-Winnie_ses-Winnie-20220717_obj-wwo0cb.nwb	3462720
sub-Olive/sub-Olive_ses-Olive-20220627_obj-2qablj.nwb	90435904
sub-Winnie/sub-Winnie_ses-Winnie-20220719_obj-1ywsjjl_behavior.nwb	31857120
sub-Totoro/sub-Totoro_ses-Totoro-20220614_obj-1hct6dd.nwb	5401600
sub-Totoro/sub-Totoro_ses-Totoro-20220602_obj-1nyls2g_behavior.nwb	33510640
sub-Totoro/sub-Totoro_ses-Totoro-20220614_obj-fe2mml_behavior.nwb	16141280
sub-Totoro/sub-Totoro_ses-Totoro-20220614_obj-oi7gg3.nwb	4279440
sub-Winnie/sub-Winnie_ses-Winnie-20220719_obj-ixt8nn.nwb	6479180
sub-Yoshi/sub-Yoshi_ses-Yoshi-20220518_obj-hgw5wh.nwb	8198488
sub-Olive/sub-Olive_ses-Olive-20220629_obj-1ssuqvi_behavior.nwb	33714240
sub-Banner/sub-Banner_ses-Banner-20220225_obj-14w1p7b_behavior.nwb	22964372
sub-Yoshi/sub-Yoshi_ses-Yoshi-20220517_obj-9ksfy9.nwb	1730120
sub-Bilbo/sub-Bilbo_ses-5_obj-1wd5up3_ecephys.nwb	14284000
sub-Yoshi/sub-Yoshi_ses-Yoshi-20220513_obj-1i1jj3h.nwb	5880016
sub-Yoshi/sub-Yoshi_ses-Yoshi-20220518_obj-1l0dv8a.nwb	126766132
sub-Yoshi/sub-Yoshi_ses-Yoshi-20220518_obj-1rh4juc.nwb	163925064
sub-Wallie/sub-Wallie_ses-Wallie-20220922_obj-db0wnv_behavior.nwb	34981216
sub-Yoshi/sub-Yoshi_ses-Yoshi-20220518_obj-1l3gxmk.nwb	8439272
sub-Bilbo/sub-Bilbo_ses-3_obj-104rhm7_ecephys.nwb	115372372
sub-Olive/sub-Olive_ses-Olive-20220711_obj-z9v4vc.nwb	46266972
sub-Yoshi/sub-Yoshi_ses-Yoshi-20220518_obj-mjrdoh.nwb	93976468
sub-Olive/sub-Olive_ses-Olive-20220711_obj-1cnp3mz.nwb	57562788
sub-Frodo/sub-Frodo_ses-4_obj-cah9uh_ecephys.nwb	46194808
sub-Yoshi/sub-Yoshi_ses-Yoshi-20220517_obj-gwa9ya.nwb	7021024
sub-Yoshi/sub-Yoshi_ses-Yoshi-20220518_obj-1fq8qvz.nwb	3526128
sub-Olive/sub-Olive_ses-Olive-20220711_obj-1kqim3y.nwb	101888212
sub-Totoro/sub-Totoro_ses-Totoro-20220616_obj-zdewfu.nwb	39734264
sub-Yoshi/sub-Yoshi_ses-Yoshi-20220517_obj-a7mv9k.nwb	3114216
sub-Yoshi/sub-Yoshi_ses-Yoshi-20220509_obj-kyo9se_ecephys.nwb	469942592
sub-Olive/sub-Olive_ses-Olive-20220627_obj-m2nvgk.nwb	118933324
sub-Frodo/sub-Frodo_ses-5_obj-iantwx_ecephys.nwb	107880640
sub-Banner/sub-Banner_ses-Banner-20220224_obj-9hgl0_behavior.nwb	8259410
sub-Yoshi/sub-Yoshi_ses-Yoshi-20220517_obj-9fp9iy.nwb	5015520
sub-Yoshi/sub-Yoshi_ses-Yoshi-20220517_obj-i1vtqy.nwb	138716028
sub-Olive/sub-Olive_ses-Olive-20220711_obj-lcd4r4.nwb	4734443
sub-Bilbo/sub-Bilbo_ses-5_obj-169tunb_ecephys.nwb	8255360
sub-Totoro/sub-Totoro_ses-Totoro-20220616_obj-17zavdl.nwb	2632560
sub-Totoro/sub-Totoro_ses-Totoro-20220614_obj-la4dpw.nwb	25014096
sub-Olive/sub-Olive_ses-Olive-20220711_obj-1apr7yp_behavior.nwb	217366176
sub-Wallie/sub-Wallie_ses-Wallie-20220912_obj-q7tlcx.nwb	70485300
sub-Olive/sub-Olive_ses-Olive-20220711_obj-1d2u40s.nwb	75461100
sub-Yoshi/sub-Yoshi_ses-Yoshi-20220517_obj-1nmvlaz.nwb	154308628
sub-Yoshi/sub-Yoshi_ses-Yoshi-20220517_obj-1kip6ka.nwb	3339840
sub-Yoshi/sub-Yoshi_ses-Yoshi-20220517_obj-1l6xnpt.nwb	2676800
sub-Yoshi/sub-Yoshi_ses-Yoshi-20220517_obj-1a1xm6x.nwb	3619368
sub-Wallie/sub-Wallie_ses-Wallie-20220922_obj-1w4a76g.nwb	3463040
sub-Winnie/sub-Winnie_ses-Winnie-20220719_obj-1osiw0f.nwb	4427968
sub-Winnie/sub-Winnie_ses-Winnie-20220717_obj-12ijgd2_ecephys.nwb	89914576
sub-Wallie/sub-Wallie_ses-Wallie-20220922_obj-s4nxg6.nwb	2868736
sub-Yoshi/sub-Yoshi_ses-Yoshi-20220518_obj-1e0hc1.nwb	4749312
sub-Yoshi/sub-Yoshi_ses-Yoshi-20220517_obj-1dkdzz6.nwb	4466800
sub-Totoro/sub-Totoro_ses-Totoro-20220614_obj-1ran0c1.nwb	3858336
sub-Yoshi/sub-Yoshi_ses-Yoshi-20220517_obj-1uy7xa1.nwb	8101024
sub-Banner/sub-Banner_ses-Banner-20220225_obj-8zy66j.nwb	118169696
sub-Wallie/sub-Wallie_ses-Wallie-20220912_obj-17h6mnv.nwb	47252260
sub-Frodo/sub-Frodo_ses-5_obj-16lgsrq_ecephys.nwb	8070048
sub-Banner/sub-Banner_ses-Banner-20220126_obj-gsywp8_behavior.nwb	103132476
sub-Yoshi/sub-Yoshi_ses-Yoshi-20220518_obj-nluc25_behavior.nwb	261888064
sub-Banner/sub-Banner_ses-Banner-20220123_obj-12zcsxn_behavior.nwb	213305836
sub-Totoro/sub-Totoro_ses-Totoro-20220613_obj-1rr0dpn.nwb	2438736
sub-Totoro/sub-Totoro_ses-Totoro-20220614_obj-1d9r5uz.nwb	5331664
sub-Yoshi/sub-Yoshi_ses-Yoshi-20220517_obj-o9uftt.nwb	4745752
sub-Yoshi/sub-Yoshi_ses-Yoshi-20220517_obj-1ikeg6a.nwb	107488068
sub-Bilbo/sub-Bilbo_ses-5_obj-3s8gbx_ecephys.nwb	8494010
sub-Olive/sub-Olive_ses-Olive-20220707_obj-1x9kggu.nwb	3927488
sub-Yoshi/sub-Yoshi_ses-Yoshi-20220517_obj-1v3q5oj.nwb	2768192
sub-Yoshi/sub-Yoshi_ses-Yoshi-20220517_obj-1bwd0gv.nwb	9293952
sub-Yoshi/sub-Yoshi_ses-Yoshi-20220517_obj-12hbz0g.nwb	3504248
sub-Olive/sub-Olive_ses-Olive-20220711_obj-uwuuvb.nwb	5874912
sub-Frodo/sub-Frodo_ses-6_obj-108oprj_ecephys.nwb	12731840
sub-Frodo/sub-Frodo_ses-5_obj-1rfp9l2_ecephys.nwb	16223168
sub-Wallie/sub-Wallie_ses-Wallie-20220922_obj-16hfd54.nwb	75848848
sub-Yoshi/sub-Yoshi_ses-Yoshi-20220517_obj-1n01gg3.nwb	18283728
sub-Wallie/sub-Wallie_ses-Wallie-20220914_obj-126e714.nwb	60830376
sub-Bilbo/sub-Bilbo_ses-5_obj-g8bqah_behavior+ecephys.nwb	33068664
sub-Wallie/sub-Wallie_ses-Wallie-20220922_obj-1p5nh1w_behavior.nwb	126416356
sub-Frodo/sub-Frodo_ses-5_obj-1ueipsl_ecephys.nwb	101821956
sub-Olive/sub-Olive_ses-Olive-20220711_obj-1uiwfe5.nwb	3187944
sub-Winnie/sub-Winnie_ses-Winnie-20220719_obj-l4grfb.nwb	8004456
sub-Banner/sub-Banner_ses-Banner-20220224_obj-1est4qk_behavior.nwb	36558472
sub-Bilbo/sub-Bilbo_ses-5_obj-34ha5p_ecephys.nwb	30415448
sub-Yoshi/sub-Yoshi_ses-Yoshi-20220518_obj-eacf2x.nwb	4498312
sub-Winnie/sub-Winnie_ses-Winnie-20220717_obj-1tssx40.nwb	4445408
sub-Winnie/sub-Winnie_ses-Winnie-20220717_obj-1pfhexx.nwb	6245760
sub-Olive/sub-Olive_ses-Olive-20220711_obj-2i77dr_ecephys.nwb	386344264
sub-Winnie/sub-Winnie_ses-Winnie-20220719_obj-i229g2.nwb	567830632
sub-Totoro/sub-Totoro_ses-Totoro-20220616_obj-17wrik.nwb	3004864
sub-Frodo/sub-Frodo_ses-5_obj-kw1lkb_ecephys.nwb	75155712
sub-Banner/sub-Banner_ses-Banner-20220225_obj-8q7x04.nwb	6507090
sub-Olive/sub-Olive_ses-Olive-20220711_obj-1ialjjd.nwb	4437504
sub-Frodo/sub-Frodo_ses-2_obj-1lw256z_ecephys.nwb	73412252
sub-Wallie/sub-Wallie_ses-Wallie-20220922_obj-vizav2.nwb	2941680
sub-Olive/sub-Olive_ses-Olive-20220711_obj-h7fio2_behavior.nwb	19708416
sub-Totoro/sub-Totoro_ses-Totoro-20220614_obj-1qlwv58.nwb	4319104
sub-Wallie/sub-Wallie_ses-Wallie-20220922_obj-1jq7lh4.nwb	4155648
sub-Olive/sub-Olive_ses-Olive-20220711_obj-pu7zad_behavior.nwb	23351360
sub-Wallie/sub-Wallie_ses-Wallie-20220922_obj-1p0c0b0.nwb	94920612
sub-Odins/sub-Odins_ses-Odins-20220216_obj-1hrk1v6_ecephys.nwb	252226304
sub-Bilbo/sub-Bilbo_ses-3_obj-1ogxf9u_ecephys.nwb	9009408
sub-Totoro/sub-Totoro_ses-Totoro-20220614_obj-phrmzm.nwb	91126556
sub-Wallie/sub-Wallie_ses-Wallie-20220922_obj-be5mu4.nwb	5606272
sub-Yoshi/sub-Yoshi_ses-Yoshi-20220509_obj-mqva28_behavior.nwb	349293332
sub-Olive/sub-Olive_ses-Olive-20220711_obj-qf134u.nwb	9371152
sub-Frodo/sub-Frodo_ses-5_obj-1g8xmt_behavior+ecephys.nwb	8624448
sub-Wallie/sub-Wallie_ses-Wallie-20220922_obj-19dkej4.nwb	5583512
sub-Wallie/sub-Wallie_ses-Wallie-20220922_obj-1s8hssg.nwb	3161304
sub-Yoshi/sub-Yoshi_ses-Yoshi-20220517_obj-1am4yeg.nwb	3460240
sub-Olive/sub-Olive_ses-Olive-20220707_obj-12svp1g.nwb	160785600
sub-Bilbo/sub-Bilbo_ses-5_obj-toniy_ecephys.nwb	20800376
sub-Yoshi/sub-Yoshi_ses-Yoshi-20220518_obj-xbu458.nwb	1996400
sub-Bilbo/sub-Bilbo_ses-5_obj-13i68fi_ecephys.nwb	6898584
sub-Yoshi/sub-Yoshi_ses-Yoshi-20220518_obj-1d6ntlb.nwb	27243584
sub-Yoshi/sub-Yoshi_ses-Yoshi-20220517_obj-1o9i889.nwb	9503477
sub-Totoro/sub-Totoro_ses-Totoro-20220614_obj-7lzrhd.nwb	84294912
sub-Totoro/sub-Totoro_ses-Totoro-20220614_obj-1nr7pkz_behavior.nwb	30636076
sub-Banner/sub-Banner_ses-Banner-20220225_obj-1rc1b0s.nwb	175683784
sub-Olive/sub-Olive_ses-Olive-20220711_obj-av856z.nwb	3496896
sub-Frodo/sub-Frodo_ses-5_obj-1vazgew_ecephys.nwb	57397628
sub-Winnie/sub-Winnie_ses-Winnie-20220719_obj-1oxhlkx_behavior.nwb	26788496
sub-Totoro/sub-Totoro_ses-Totoro-20220607_obj-pzfm8u.nwb	7099840
sub-Wallie/sub-Wallie_ses-Wallie-20220912_obj-181o9ry.nwb	97544648
sub-Yoshi/sub-Yoshi_ses-Yoshi-20220518_obj-1v5dl2d_behavior.nwb	23903680
sub-Totoro/sub-Totoro_ses-Totoro-20220614_obj-yd6z0m.nwb	9322136
sub-Wallie/sub-Wallie_ses-Wallie-20220922_obj-f9d5lx.nwb	4360928
sub-Yoshi/sub-Yoshi_ses-Yoshi-20220517_obj-tamqlo.nwb	4017600
sub-Totoro/sub-Totoro_ses-Totoro-20220607_obj-h013m8.nwb	5779400
sub-Winnie/sub-Winnie_ses-Winnie-20220717_obj-1m2o4iz.nwb	3153312
sub-Winnie/sub-Winnie_ses-Winnie-20220719_obj-lau4a2.nwb	4434672
sub-Bilbo/sub-Bilbo_ses-5_obj-tq1v3k_ecephys.nwb	27460400
sub-Yoshi/sub-Yoshi_ses-Yoshi-20220509_obj-6qijbe_ecephys.nwb	290768960
sub-Wallie/sub-Wallie_ses-Wallie-20220922_obj-1gdb70b.nwb	4791648
sub-Yoshi/sub-Yoshi_ses-Yoshi-20220518_obj-1bnepwo.nwb	3987040
sub-Yoshi/sub-Yoshi_ses-Yoshi-20220518_obj-1203lb2.nwb	5928048
sub-Totoro/sub-Totoro_ses-Totoro-20220614_obj-5gj4e8.nwb	4205960
sub-Yoshi/sub-Yoshi_ses-Yoshi-20220517_obj-jybmzf.nwb	3985840
sub-Totoro/sub-Totoro_ses-Totoro-20220614_obj-12yxjdk.nwb	2887080
sub-Totoro/sub-Totoro_ses-Totoro-20220614_obj-2p8mw1_behavior.nwb	19723440
sub-Bilbo/sub-Bilbo_ses-5_obj-1xucwzf_ecephys.nwb	8665328
sub-Yoshi/sub-Yoshi_ses-Yoshi-20220517_obj-izvoqg.nwb	7069248
sub-Olive/sub-Olive_ses-Olive-20220711_obj-841cgj.nwb	7572707
sub-Frodo/sub-Frodo_ses-5_obj-1u5v0rd_ecephys.nwb	5895296
sub-Yoshi/sub-Yoshi_ses-Yoshi-20220509_obj-1c3yo3o_ecephys.nwb	57623412
sub-Yoshi/sub-Yoshi_ses-Yoshi-20220517_obj-1rdackv.nwb	31829672
sub-Yoshi/sub-Yoshi_ses-Yoshi-20220518_obj-ds8rdq_behavior.nwb	22582336
sub-Bilbo/sub-Bilbo_ses-5_obj-2ffukr_ecephys.nwb	7935165
sub-Frodo/sub-Frodo_ses-5_obj-1sqycyp_ecephys.nwb	7754800
sub-Winnie/sub-Winnie_ses-Winnie-20220719_obj-1vn7h4r.nwb	8832032
sub-Wallie/sub-Wallie_ses-Wallie-20220922_obj-1j7d55i.nwb	2458792
sub-Wallie/sub-Wallie_ses-Wallie-20220912_obj-b40nfo.nwb	2662296
sub-Totoro/sub-Totoro_ses-Totoro-20220614_obj-stn87.nwb	56797264
sub-Frodo/sub-Frodo_ses-2_obj-1rfjadh_behavior+ecephys.nwb	89591308
sub-Winnie/sub-Winnie_ses-Winnie-20220719_obj-1uqerzk.nwb	932785588
sub-Yoshi/sub-Yoshi_ses-Yoshi-20220517_obj-1couov.nwb	2422168
sub-Yoshi/sub-Yoshi_ses-Yoshi-20220518_obj-1qdvqlx.nwb	102308996
sub-Banner/sub-Banner_ses-Banner-20220215_obj-1j138zq_behavior.nwb	216007716
sub-Frodo/sub-Frodo_ses-5_obj-vrc4ay_ecephys.nwb	9582856
sub-Bilbo/sub-Bilbo_ses-5_obj-bqkcrg_ecephys.nwb	17866912
sub-Frodo/sub-Frodo_ses-5_obj-1gipq8o_ecephys.nwb	73506316
sub-Frodo/sub-Frodo_ses-1_obj-v9utc_ecephys.nwb	477695036
sub-Wallie/sub-Wallie_ses-Wallie-20220922_obj-gstcze.nwb	3763920
sub-Winnie/sub-Winnie_ses-Winnie-20220720_obj-4y1ki0.nwb	7547449
sub-Frodo/sub-Frodo_ses-4_obj-148o5su_ecephys.nwb	7713520
sub-Yoshi/sub-Yoshi_ses-Yoshi-20220517_obj-1apg3p.nwb	6484320
sub-Totoro/sub-Totoro_ses-Totoro-20220607_obj-1widzfr.nwb	50331692
sub-Wallie/sub-Wallie_ses-Wallie-20220922_obj-14k5m7j.nwb	2424128
sub-Olive/sub-Olive_ses-Olive-20220707_obj-im8nsk.nwb	1946000
sub-Olive/sub-Olive_ses-Olive-20220711_obj-16e1hdg.nwb	5816960
sub-Totoro/sub-Totoro_ses-Totoro-20220614_obj-jo21rf.nwb	6258807
sub-Totoro/sub-Totoro_ses-Totoro-20220607_obj-izwl5p.nwb	6911048
sub-Yoshi/sub-Yoshi_ses-Yoshi-20220517_obj-fgn4qd.nwb	3535200
sub-Bilbo/sub-Bilbo_ses-2_obj-5rttju_ecephys.nwb	8158576
sub-Frodo/sub-Frodo_ses-5_obj-1jkinu7_ecephys.nwb	8046344
sub-Frodo/sub-Frodo_ses-5_obj-13f0ebu_behavior+ecephys.nwb	21742720
sub-Yoshi/sub-Yoshi_ses-Yoshi-20220513_obj-47azad.nwb	8007680
sub-Yoshi/sub-Yoshi_ses-Yoshi-20220517_obj-8anqqj.nwb	1934880
sub-Totoro/sub-Totoro_ses-Totoro-20220614_obj-wvhhrb.nwb	3114216
sub-Wallie/sub-Wallie_ses-Wallie-20220922_obj-wg5633.nwb	47877256
sub-Frodo/sub-Frodo_ses-5_obj-eeh2l_ecephys.nwb	6545272
sub-Totoro/sub-Totoro_ses-Totoro-20220602_behavior+ecephys+image.nwb	435063397909
sub-Wallie/sub-Wallie_ses-Wallie-20220922_obj-1d7m2xs_behavior.nwb	21615120
sub-Yoshi/sub-Yoshi_ses-Yoshi-20220517_obj-1a5ayj1.nwb	50837852
sub-Yoshi/sub-Yoshi_ses-Yoshi-20220518_obj-xn20oc.nwb	11074803
sub-Winnie/sub-Winnie_ses-Winnie-20220717_obj-1t5w5fu.nwb	3462720
sub-Winnie/sub-Winnie_ses-Winnie-20220719_obj-1a2crgt.nwb	4516320
sub-Yoshi/sub-Yoshi_ses-Yoshi-20220517_obj-1jjwtfq.nwb	2768192
sub-Winnie/sub-Winnie_ses-Winnie-20220719_obj-1bfj92j.nwb	9899512
sub-Wallie/sub-Wallie_ses-Wallie-20220922_obj-98zabo_behavior.nwb	9365994
sub-Yoshi/sub-Yoshi_ses-Yoshi-20220518_obj-jq40xi.nwb	4044000
sub-Winnie/sub-Winnie_ses-Winnie-20220715_obj-f7xkdu.nwb	3420504
sub-Wallie/sub-Wallie_ses-Wallie-20220922_obj-7ou80x.nwb	3852400
sub-Olive/sub-Olive_ses-Olive-20220711_obj-1ckjrjb.nwb	79750644
sub-Winnie/sub-Winnie_ses-Winnie-20220717_obj-1uy0m49.nwb	4756912
sub-Winnie/sub-Winnie_ses-Winnie-20220719_obj-ns15xr.nwb	38422772
sub-Winnie/sub-Winnie_ses-Winnie-20220719_obj-dzals8.nwb	8621824
sub-Olive/sub-Olive_ses-Olive-20220629_obj-wtcr5l_behavior.nwb	25052552
sub-Frodo/sub-Frodo_ses-5_obj-ij2fvv_ecephys.nwb	16563136
sub-Totoro/sub-Totoro_ses-Totoro-20220614_obj-1db37qp.nwb	177438112
sub-Olive/sub-Olive_ses-Olive-20220628_obj-1ua1zro.nwb	3040192
sub-Bilbo/sub-Bilbo_ses-5_obj-1ayc9vc_ecephys.nwb	6189520
sub-Winnie/sub-Winnie_ses-Winnie-20220717_obj-4skk5g_behavior.nwb	167028736
sub-Bilbo/sub-Bilbo_ses-2_obj-juxw53_ecephys.nwb	8565504
sub-Wallie/sub-Wallie_ses-Wallie-20220922_obj-1fkq2sa.nwb	5592320
sub-Bilbo/sub-Bilbo_ses-5_obj-hbuf3w_ecephys.nwb	7988168
sub-Yoshi/sub-Yoshi_ses-Yoshi-20220509_obj-1xsv50i_ecephys.nwb	515837248
sub-Totoro/sub-Totoro_ses-Totoro-20220614_obj-bbkay7.nwb	80868916
sub-Yoshi/sub-Yoshi_ses-Yoshi-20220518_obj-r5zjs9_ecephys.nwb	222258360
sub-Olive/sub-Olive_ses-Olive-20220711_obj-10rei1v.nwb	4155048
sub-Yoshi/sub-Yoshi_ses-Yoshi-20220518_obj-4gettf.nwb	3224808
sub-Frodo/sub-Frodo_ses-5_obj-1ahxl4u_ecephys.nwb	30101888
sub-Frodo/sub-Frodo_ses-5_obj-15jnihd_ecephys.nwb	9096129
sub-Banner/sub-Banner_ses-Banner-20220224_obj-3e75zy_behavior.nwb	8837388
sub-Totoro/sub-Totoro_ses-Totoro-20220614_obj-1jaaf3d.nwb	9251008
sub-Yoshi/sub-Yoshi_ses-Yoshi-20220518_obj-xl9wk0.nwb	2450840
sub-Yoshi/sub-Yoshi_ses-Yoshi-20220518_obj-1x3qbc2.nwb	85550912
sub-Yoshi/sub-Yoshi_ses-Yoshi-20220517_obj-ov7ais_behavior.nwb	16425680
sub-Totoro/sub-Totoro_ses-Totoro-20220530_obj-nng2jg_behavior.nwb	17655500
sub-Totoro/sub-Totoro_ses-Totoro-20220614_obj-v1m84s.nwb	12690048
sub-Frodo/sub-Frodo_ses-5_obj-11cc170_behavior+ecephys.nwb	28839200
sub-Winnie/sub-Winnie_ses-Winnie-20220719_obj-1vdl1lc_ecephys.nwb	310101056
sub-Yoshi/sub-Yoshi_ses-Yoshi-20220517_obj-1e7ojve.nwb	4406320
sub-Yoshi/sub-Yoshi_ses-Yoshi-20220518_obj-1y0455j.nwb	6236176
sub-Totoro/sub-Totoro_ses-Totoro-20220614_obj-amwhd2.nwb	2768192
sub-Wallie/sub-Wallie_ses-Wallie-20220916_obj-nlehgj_behavior.nwb	19291952
sub-Frodo/sub-Frodo_ses-4_obj-qtp2nv_ecephys.nwb	7519968
sub-Totoro/sub-Totoro_ses-Totoro-20220614_obj-1yd786l.nwb	2666664
sub-Yoshi/sub-Yoshi_ses-Yoshi-20220518_obj-sx2gfy.nwb	4167120
sub-Winnie/sub-Winnie_ses-Winnie-20220719_obj-knhj8.nwb	38088804
sub-Olive/sub-Olive_ses-Olive-20220711_obj-1whvkci.nwb	2768192
sub-Olive/sub-Olive_ses-Olive-20220711_obj-ewc5h0.nwb	3856640
sub-Yoshi/sub-Yoshi_ses-Yoshi-20220518_obj-1xh15yz.nwb	2422168
sub-Frodo/sub-Frodo_ses-2_obj-gvvab0_ecephys.nwb	132822380
sub-Yoshi/sub-Yoshi_ses-Yoshi-20220518_obj-6f2s9f.nwb	3815640
sub-Winnie/sub-Winnie_ses-Winnie-20220719_obj-87dhms.nwb	2934624
sub-Wallie/sub-Wallie_ses-Wallie-20220922_obj-cnbc0.nwb	143819172
sub-Yoshi/sub-Yoshi_ses-Yoshi-20220510_obj-12o1gny_behavior.nwb	230337716
sub-Wallie/sub-Wallie_ses-Wallie-20220922_obj-1bwmmun.nwb	5545496
sub-Banner/sub-Banner_ses-Banner-20220225_obj-1h9bl1j.nwb	211634700
sub-Totoro/sub-Totoro_ses-Totoro-20220617_obj-gyogkf.nwb	8131665
sub-Yoshi/sub-Yoshi_ses-Yoshi-20220517_obj-1cz4jby_behavior.nwb	8859400
sub-Winnie/sub-Winnie_ses-Winnie-20220719_obj-1m9jg2r.nwb	18931320
sub-Totoro/sub-Totoro_ses-Totoro-20220614_obj-6q8yv6.nwb	148234188
sub-Yoshi/sub-Yoshi_ses-Yoshi-20220517_obj-zzyumn.nwb	6715488
sub-Wallie/sub-Wallie_ses-Wallie-20220911_obj-1ywsy1t_behavior.nwb	19300920
sub-Totoro/sub-Totoro_ses-Totoro-20220615_obj-ze1yuo.nwb	4844808
sub-Frodo/sub-Frodo_ses-5_obj-o8cb5g_ecephys.nwb	28884956
sub-Yoshi/sub-Yoshi_ses-Yoshi-20220517_obj-ggw6h.nwb	17568640
sub-Yoshi/sub-Yoshi_ses-Yoshi-20220517_obj-1rw9za_behavior.nwb	6309478
sub-Olive/sub-Olive_ses-Olive-20220711_obj-1easng4_behavior.nwb	18469200
sub-Olive/sub-Olive_ses-Olive-20220707_obj-1pw4fxa.nwb	3808992
sub-Winnie/sub-Winnie_ses-Winnie-20220719_obj-dfgktq.nwb	9493504
sub-Yoshi/sub-Yoshi_ses-Yoshi-20220517_obj-1ehhnck_behavior.nwb	33008130
sub-Yoshi/sub-Yoshi_ses-Yoshi-20220509_obj-9lzenf_ecephys.nwb	113148912
sub-Olive/sub-Olive_ses-Olive-20220627_obj-puc1qb_ecephys.nwb	201423352
sub-Totoro/sub-Totoro_ses-Totoro-20220613_obj-17hrzl8.nwb	5014680
sub-Wallie/sub-Wallie_ses-Wallie-20220912_obj-zvdr9m.nwb	148949948
sub-Olive/sub-Olive_ses-Olive-20220711_obj-tqyai3.nwb	33698048
sub-Totoro/sub-Totoro_ses-Totoro-20220613_obj-1necbyh.nwb	10620910
sub-Yoshi/sub-Yoshi_ses-Yoshi-20220517_obj-1c9hnzg.nwb	2765280
sub-Totoro/sub-Totoro_ses-Totoro-20220602_obj-1ivo2db_ecephys.nwb	303633112
sub-Frodo/sub-Frodo_ses-2_obj-hiwz84_behavior+ecephys.nwb	155491452
sub-Frodo/sub-Frodo_ses-5_obj-1ae4dc_behavior+ecephys.nwb	15587690
sub-Wallie/sub-Wallie_ses-Wallie-20220922_obj-tmuecg_ecephys.nwb	316885468
sub-Frodo/sub-Frodo_ses-5_obj-i9q84y_ecephys.nwb	8065624
sub-Totoro/sub-Totoro_ses-Totoro-20220607_obj-p6e2oa.nwb	3324832
sub-Winnie/sub-Winnie_ses-Winnie-20220719_obj-n3ws82_behavior.nwb	233997836
sub-Olive/sub-Olive_ses-Olive-20220707_obj-1maeeeb.nwb	8212176
sub-Frodo/sub-Frodo_ses-5_obj-1u5bxut_ecephys.nwb	9483760
sub-Wallie/sub-Wallie_ses-Wallie-20220922_obj-vmwibi.nwb	6055808
sub-Wallie/sub-Wallie_ses-Wallie-20220914_obj-19y8e45.nwb	3158712
sub-Totoro/sub-Totoro_ses-Totoro-20220613_obj-1v73qkx_behavior.nwb	31765632
sub-Winnie/sub-Winnie_ses-Winnie-20220720_obj-cwbd2a.nwb	4317880
sub-Olive/sub-Olive_ses-Olive-20220711_obj-fs8ftc.nwb	4136616
sub-Frodo/sub-Frodo_ses-5_obj-1rj2sfe_behavior+ecephys.nwb	19071024
sub-Totoro/sub-Totoro_ses-Totoro-20220614_obj-1xpre7v.nwb	2768192
sub-Yoshi/sub-Yoshi_ses-Yoshi-20220518_obj-i7jagr_ecephys.nwb	178772124
sub-Yoshi/sub-Yoshi_ses-Yoshi-20220518_obj-rz7zo3.nwb	3584016
sub-Bilbo/sub-Bilbo_ses-5_obj-igljp1_ecephys.nwb	12847728
sub-Yoshi/sub-Yoshi_ses-Yoshi-20220517_obj-vp0aw8.nwb	2897160
sub-Frodo/sub-Frodo_ses-5_obj-12siruo_ecephys.nwb	15094992
sub-Wallie/sub-Wallie_ses-Wallie-20220914_obj-bzt5co.nwb	4050640
sub-Banner/sub-Banner_ses-Banner-20220215_obj-jqwsj7.nwb	106395968
sub-Winnie/sub-Winnie_ses-Winnie-20220717_obj-b1n4rz_behavior.nwb	149704804
sub-Winnie/sub-Winnie_ses-Winnie-20220719_obj-1p1silx.nwb	472616476
sub-Wallie/sub-Wallie_ses-Wallie-20220912_obj-v4ofdp.nwb	3422952
sub-Yoshi/sub-Yoshi_ses-Yoshi-20220517_obj-1004ned.nwb	3806264
sub-Winnie/sub-Winnie_ses-Winnie-20220714_obj-1ntfbcp.nwb	4042240
sub-Yoshi/sub-Yoshi_ses-Yoshi-20220517_obj-12sl83s.nwb	2768192
sub-Banner/sub-Banner_ses-Banner-20220225_obj-1vjbnfk.nwb	8246280
sub-Yoshi/sub-Yoshi_ses-Yoshi-20220518_obj-nl3bfs_ecephys.nwb	249558792
sub-Yoshi/sub-Yoshi_ses-Yoshi-20220517_obj-1rz7jvg.nwb	3873600
sub-Frodo/sub-Frodo_ses-5_obj-1w12mnv_ecephys.nwb	34146724
sub-Olive/sub-Olive_ses-Olive-20220707_obj-1ojie73.nwb	68684492
sub-Yoshi/sub-Yoshi_ses-Yoshi-20220518_obj-1nysfog.nwb	3170304
sub-Banner/sub-Banner_ses-Banner-20220124_obj-lnx5eq_behavior.nwb	122319232
sub-Totoro/sub-Totoro_ses-Totoro-20220613_obj-1vhmrod_ecephys.nwb	230398788
sub-Totoro/sub-Totoro_ses-Totoro-20220614_obj-y99h5y_ecephys.nwb	232962088
sub-Wallie/sub-Wallie_ses-Wallie-20220912_obj-1moxeln_ecephys.nwb	291408366
sub-Yoshi/sub-Yoshi_ses-Yoshi-20220517_obj-v7ycqo.nwb	4723376
sub-Frodo/sub-Frodo_ses-5_obj-1s24pan_behavior+ecephys.nwb	270473992
sub-Frodo/sub-Frodo_ses-5_obj-jbbwqw_behavior+ecephys.nwb	13430640
sub-Winnie/sub-Winnie_ses-Winnie-20220720_obj-hlk68w.nwb	6045420
sub-Totoro/sub-Totoro_ses-Totoro-20220607_obj-1e5kipx.nwb	4730240
sub-Yoshi/sub-Yoshi_ses-Yoshi-20220513_obj-unoc3g_behavior.nwb	152873832
sub-Yoshi/sub-Yoshi_ses-Yoshi-20220517_obj-s1x621.nwb	2866496
sub-Totoro/sub-Totoro_ses-Totoro-20220614_obj-cwqj4b.nwb	5464413
sub-Winnie/sub-Winnie_ses-Winnie-20220715_obj-2mm2xa_ecephys.nwb	318286856
sub-Frodo/sub-Frodo_ses-2_obj-17z2m7y_behavior+ecephys.nwb	14202360
sub-Olive/sub-Olive_ses-Olive-20220711_obj-1us15xo.nwb	3114216
sub-Totoro/sub-Totoro_ses-Totoro-20220614_obj-98pv3f.nwb	15144416
sub-Banner/sub-Banner_ses-Banner-20220224_obj-b4vtdi.nwb	5905704
sub-Yoshi/sub-Yoshi_ses-Yoshi-20220517_obj-bda199.nwb	4346496
sub-Banner/sub-Banner_ses-Banner-20220224_obj-1b3jg2q.nwb	5959548
sub-Frodo/sub-Frodo_ses-5_obj-1hxdyhc_behavior+ecephys.nwb	13419552
sub-Frodo/sub-Frodo_ses-2_obj-1197tgk_ecephys.nwb	112180518
sub-Wallie/sub-Wallie_ses-Wallie-20220922_obj-1cqtk81.nwb	86774436
sub-Bilbo/sub-Bilbo_ses-5_obj-1p1nk47_behavior+ecephys.nwb	27828224
sub-Totoro/sub-Totoro_ses-Totoro-20220614_obj-1dfzqf7.nwb	44954528
sub-Frodo/sub-Frodo_ses-5_obj-1q63dad_behavior+ecephys.nwb	7635908
sub-Wallie/sub-Wallie_ses-Wallie-20220914_obj-11w4fwm.nwb	33743624
sub-Totoro/sub-Totoro_ses-Totoro-20220613_obj-7comty.nwb	3755016
sub-Banner/sub-Banner_ses-Banner-20220225_obj-1bfrvwb.nwb	190262904
sub-Wallie/sub-Wallie_ses-Wallie-20220922_obj-1dpzaf9.nwb	2803200
sub-Yoshi/sub-Yoshi_ses-Yoshi-20220518_obj-xq0u4b.nwb	5929792
sub-Totoro/sub-Totoro_ses-Totoro-20220614_obj-1tqkko2.nwb	2661064
sub-Olive/sub-Olive_ses-Olive-20220711_obj-1fwzf6k.nwb	8579840
sub-Totoro/sub-Totoro_ses-Totoro-20220613_obj-131fdgo.nwb	4129664
sub-Winnie/sub-Winnie_ses-Winnie-20220719_obj-1tesc9.nwb	423993892
sub-Totoro/sub-Totoro_ses-Totoro-20220613_obj-4ip5f.nwb	3707064
sub-Yoshi/sub-Yoshi_ses-Yoshi-20220517_obj-pleiot.nwb	48695204
sub-Bilbo/sub-Bilbo_ses-4_obj-1ryxq8o_ecephys.nwb	44171464
sub-Yoshi/sub-Yoshi_ses-Yoshi-20220517_obj-407znf.nwb	132064684
sub-Wallie/sub-Wallie_ses-Wallie-20220922_obj-1otelzy.nwb	41040192
sub-Olive/sub-Olive_ses-Olive-20220711_obj-1ym5jmu_behavior.nwb	13693040
sub-Wallie/sub-Wallie_ses-Wallie-20220922_obj-1xt938x_behavior.nwb	23390608
sub-Bilbo/sub-Bilbo_ses-5_obj-fjjzca_ecephys.nwb	6699136
sub-Totoro/sub-Totoro_ses-Totoro-20220614_obj-1aui7bn.nwb	3114216
sub-Totoro/sub-Totoro_ses-Totoro-20220614_obj-1l92xxn.nwb	5944032
sub-Yoshi/sub-Yoshi_ses-Yoshi-20220517_obj-15k9izv_behavior.nwb	25477480
sub-Banner/sub-Banner_ses-Banner-20220224_obj-q7gfko.nwb	137673544
sub-Frodo/sub-Frodo_ses-5_obj-8hcrw0_ecephys.nwb	44168408
sub-Winnie/sub-Winnie_ses-Winnie-20220719_obj-lr7rcb.nwb	64873600
sub-Frodo/sub-Frodo_ses-4_obj-1f71phu_ecephys.nwb	8333996
sub-Banner/sub-Banner_ses-Banner-20220215_obj-16l9mbv_behavior.nwb	24524296
sub-Frodo/sub-Frodo_ses-5_obj-qfude8_ecephys.nwb	21091760
sub-Wallie/sub-Wallie_ses-Wallie-20220922_obj-sebkqf.nwb	92223284
sub-Wallie/sub-Wallie_ses-Wallie-20220922_obj-1rtg9bn.nwb	4269584
sub-Yoshi/sub-Yoshi_ses-Yoshi-20220518_obj-16txb2r_ecephys.nwb	169750084
sub-Wallie/sub-Wallie_ses-Wallie-20220922_obj-o845rv.nwb	11174464
sub-Totoro/sub-Totoro_ses-Totoro-20220617_obj-1mwxp21.nwb	4541024
sub-Yoshi/sub-Yoshi_ses-Yoshi-20220517_obj-1tquhtz.nwb	4732560
sub-Olive/sub-Olive_ses-Olive-20220711_obj-qea2gv.nwb	2422168
sub-Winnie/sub-Winnie_ses-Winnie-20220717_obj-1cj1qpq_ecephys.nwb	201312128
sub-Totoro/sub-Totoro_ses-Totoro-20220614_obj-3ervjv_behavior.nwb	16591448
sub-Yoshi/sub-Yoshi_ses-Yoshi-20220513_obj-2m9uae_ecephys.nwb	147772648
sub-Wallie/sub-Wallie_ses-Wallie-20220914_obj-rnnt0x.nwb	4720584
sub-Totoro/sub-Totoro_ses-Totoro-20220607_obj-vvgufo.nwb	3614592
sub-Totoro/sub-Totoro_ses-Totoro-20220614_obj-topvgf.nwb	2076144
sub-Yoshi/sub-Yoshi_ses-Yoshi-20220518_obj-c2u78g.nwb	89278048
sub-Yoshi/sub-Yoshi_ses-Yoshi-20220518_obj-12v66sb_behavior.nwb	16586640
sub-Winnie/sub-Winnie_ses-Winnie-20220713_obj-1hu4pg8_ecephys.nwb	298128404
sub-Frodo/sub-Frodo_ses-5_obj-1dwel5k_ecephys.nwb	5698816
sub-Totoro/sub-Totoro_ses-Totoro-20220607_obj-1y4lapc.nwb	4979200
sub-Olive/sub-Olive_ses-Olive-20220707_obj-11ct3vd.nwb	140755600
sub-Winnie/sub-Winnie_ses-Winnie-20220719_obj-gokghp.nwb	3817080
sub-Totoro/sub-Totoro_ses-Totoro-20220607_obj-1jkcaya.nwb	16230464
sub-Wallie/sub-Wallie_ses-Wallie-20220922_obj-uhl382.nwb	285818968
sub-Wallie/sub-Wallie_ses-Wallie-20220922_obj-1x3sph8.nwb	2424128
sub-Wallie/sub-Wallie_ses-Wallie-20220922_obj-1wx0dwf.nwb	64692336
sub-Totoro/sub-Totoro_ses-Totoro-20220614_obj-1ixutm7_behavior.nwb	12922336
sub-Wallie/sub-Wallie_ses-Wallie-20220922_obj-amkrol.nwb	20157216
sub-Totoro/sub-Totoro_ses-Totoro-20220614_obj-1dx86l6.nwb	2866496
sub-Bilbo/sub-Bilbo_ses-5_obj-1t85m56_ecephys.nwb	33222024
sub-Yoshi/sub-Yoshi_ses-Yoshi-20220513_obj-1fgxf4p.nwb	7748064
sub-Yoshi/sub-Yoshi_ses-Yoshi-20220517_obj-4cz22t.nwb	2768192
sub-Winnie/sub-Winnie_ses-Winnie-20220719_obj-mj4q4m.nwb	7919520
sub-Frodo/sub-Frodo_ses-5_obj-1dvf3c6_ecephys.nwb	45627392
sub-Bilbo/sub-Bilbo_ses-5_obj-s77ec9_ecephys.nwb	9120232
sub-Frodo/sub-Frodo_ses-5_obj-1xhf1dh_ecephys.nwb	10420352
sub-Totoro/sub-Totoro_ses-Totoro-20220614_obj-13hb67x.nwb	83221932
sub-Wallie/sub-Wallie_ses-Wallie-20220912_obj-824l03.nwb	2088920
sub-Winnie/sub-Winnie_ses-Winnie-20220713_obj-zl416.nwb	119328080
sub-Wallie/sub-Wallie_ses-Wallie-20220922_obj-1x571lj_behavior.nwb	154803552
sub-Olive/sub-Olive_ses-Olive-20220711_obj-v3q361.nwb	72218032
sub-Odins/sub-Odins_ses-Odins-20220123_obj-ujrj9a_behavior.nwb	21715216
sub-Totoro/sub-Totoro_ses-Totoro-20220607_obj-m8c6l8.nwb	4045464
sub-Wallie/sub-Wallie_ses-Wallie-20220922_obj-1ja3dnd.nwb	3153600
sub-Banner/sub-Banner_ses-Banner-20220225_obj-wohbtc.nwb	4024056
sub-Wallie/sub-Wallie_ses-Wallie-20220922_obj-h3spq4_behavior.nwb	19631464
sub-Wallie/sub-Wallie_ses-Wallie-20220922_obj-sa88zf.nwb	86260956
sub-Bilbo/sub-Bilbo_ses-5_obj-mbd5er_ecephys.nwb	5719200
sub-Yoshi/sub-Yoshi_ses-Yoshi-20220517_obj-1nowaw3.nwb	125795148
sub-Totoro/sub-Totoro_ses-Totoro-20220602_obj-wzna6h_behavior.nwb	330981480
sub-Totoro/sub-Totoro_ses-Totoro-20220615_obj-2y3fc3.nwb	4832863
sub-Banner/sub-Banner_ses-Banner-20220224_obj-xxskx7.nwb	26026272
sub-Frodo/sub-Frodo_ses-1_obj-emuw0j_ecephys.nwb	411790900
sub-Olive/sub-Olive_ses-Olive-20220701_obj-noqfex.nwb	53237148
sub-Yoshi/sub-Yoshi_ses-Yoshi-20220517_obj-1k3fwaa.nwb	3460240
sub-Frodo/sub-Frodo_ses-2_obj-t03wq3_ecephys.nwb	44141320
sub-Frodo/sub-Frodo_ses-1_obj-1hqgqjz_ecephys.nwb	612662256
sub-Frodo/sub-Frodo_ses-1_behavior+ecephys+image.nwb	299738482946
sub-Winnie/sub-Winnie_ses-Winnie-20220719_obj-l3vjb7.nwb	633516192
sub-Bilbo/sub-Bilbo_ses-5_obj-laqxxc_ecephys.nwb	9842349
sub-Bilbo/sub-Bilbo_ses-5_obj-1rgu61a_ecephys.nwb	8168816
sub-Totoro/sub-Totoro_ses-Totoro-20220615_obj-1rsgtm0.nwb	9832086
sub-Wallie/sub-Wallie_ses-Wallie-20220914_obj-77fpjb.nwb	245763156
sub-Frodo/sub-Frodo_ses-5_obj-1m6gz60_ecephys.nwb	11577320
sub-Yoshi/sub-Yoshi_ses-Yoshi-20220518_obj-gyqo2q.nwb	3851856
sub-Banner/sub-Banner_ses-Banner-20220126_behavior+ecephys+image.nwb	35706634660
sub-Yoshi/sub-Yoshi_ses-Yoshi-20220517_obj-1xcoawy.nwb	3460240
sub-Winnie/sub-Winnie_ses-Winnie-20220717_obj-ep600e.nwb	3842720
sub-Olive/sub-Olive_ses-Olive-20220628_obj-ahg7kg_ecephys.nwb	193789980
sub-Banner/sub-Banner_ses-Banner-20220225_obj-cx6hs1_behavior.nwb	7115632
sub-Yoshi/sub-Yoshi_ses-Yoshi-20220517_obj-rx5874.nwb	77821460
sub-Yoshi/sub-Yoshi_ses-Yoshi-20220510_obj-1csxboe.nwb	88122172
sub-Totoro/sub-Totoro_ses-Totoro-20220613_obj-1se3n6z.nwb	3055528
sub-Yoshi/sub-Yoshi_ses-Yoshi-20220517_obj-18ooph3.nwb	3644840
sub-Olive/sub-Olive_ses-Olive-20220707_obj-1pn0nd3.nwb	4318528
sub-Olive/sub-Olive_ses-Olive-20220711_obj-1qag785.nwb	3320896
sub-Totoro/sub-Totoro_ses-Totoro-20220607_obj-6lhxz9.nwb	3073856
sub-Olive/sub-Olive_ses-Olive-20220711_obj-klizqs.nwb	42985616
sub-Winnie/sub-Winnie_ses-Winnie-20220720_obj-yh3uva.nwb	7647926
sub-Frodo/sub-Frodo_ses-2_obj-r63i2r_ecephys.nwb	131762568
sub-Banner/sub-Banner_ses-Banner-20220224_obj-p0syk4_behavior.nwb	13555392
sub-Frodo/sub-Frodo_ses-5_obj-1hh6fma_ecephys.nwb	4582880
sub-Winnie/sub-Winnie_ses-Winnie-20220719_obj-1vchahm.nwb	5735232
sub-Yoshi/sub-Yoshi_ses-Yoshi-20220518_obj-1kf16c2.nwb	4214496
sub-Yoshi/sub-Yoshi_ses-Yoshi-20220509_obj-ilep5h_ecephys.nwb	370605848
sub-Yoshi/sub-Yoshi_ses-Yoshi-20220517_obj-1fgk84x.nwb	9174240
sub-Winnie/sub-Winnie_ses-Winnie-20220714_obj-1r5sdqh_behavior.nwb	129265308
sub-Yoshi/sub-Yoshi_ses-Yoshi-20220518_obj-hxqoaj.nwb	3089280
sub-Yoshi/sub-Yoshi_ses-Yoshi-20220510_obj-7t75fq_ecephys.nwb	242004784
sub-Yoshi/sub-Yoshi_ses-Yoshi-20220518_obj-vrdc3s.nwb	1750600
sub-Yoshi/sub-Yoshi_ses-Yoshi-20220517_obj-1cfps1d.nwb	26795772
sub-Frodo/sub-Frodo_ses-5_obj-1xteljw_ecephys.nwb	5533160
sub-Yoshi/sub-Yoshi_ses-Yoshi-20220518_obj-14ruuhy.nwb	2055560
sub-Totoro/sub-Totoro_ses-Totoro-20220614_obj-1q5sijw.nwb	5914120
sub-Wallie/sub-Wallie_ses-Wallie-20220922_obj-d5x66z.nwb	2900688
sub-Winnie/sub-Winnie_ses-Winnie-20220719_obj-1kecun8.nwb	8421760
sub-Bilbo/sub-Bilbo_ses-5_obj-1viv3ml_ecephys.nwb	5663336
sub-Bilbo/sub-Bilbo_ses-5_obj-7jqkgi_behavior+ecephys.nwb	18853348
sub-Winnie/sub-Winnie_ses-Winnie-20220719_obj-1wicf5_ecephys.nwb	244337640
sub-Totoro/sub-Totoro_ses-Totoro-20220614_obj-vbekut.nwb	3003520
sub-Yoshi/sub-Yoshi_ses-Yoshi-20220518_obj-j3nw1u.nwb	4512672
sub-Wallie/sub-Wallie_ses-Wallie-20220922_obj-ablm4c_behavior.nwb	13551360
sub-Banner/sub-Banner_ses-Banner-20220224_obj-1uvbpwi_behavior.nwb	18961424
sub-Totoro/sub-Totoro_ses-Totoro-20220607_obj-1gqqg9k_behavior.nwb	209967708
sub-Bilbo/sub-Bilbo_ses-6_obj-1pticqc_ecephys.nwb	5967990
sub-Yoshi/sub-Yoshi_ses-Yoshi-20220518_obj-1bw86zn.nwb	1338001804
sub-Olive/sub-Olive_ses-Olive-20220711_obj-187sn8f.nwb	8595360
sub-Yoshi/sub-Yoshi_ses-Yoshi-20220513_obj-trgg2l.nwb	3139584
sub-Wallie/sub-Wallie_ses-Wallie-20220922_obj-1nvb82s_ecephys.nwb	221493520
sub-Totoro/sub-Totoro_ses-Totoro-20220614_obj-xpq97m.nwb	3114216
sub-Totoro/sub-Totoro_ses-Totoro-20220614_obj-cjqj1i.nwb	3268314
sub-Wallie/sub-Wallie_ses-Wallie-20220922_obj-bj4lal.nwb	4015440
sub-Winnie/sub-Winnie_ses-Winnie-20220713_obj-j26azp_behavior.nwb	306436656
sub-Winnie/sub-Winnie_ses-Winnie-20220719_obj-1u7r89y_ecephys.nwb	173650624
sub-Yoshi/sub-Yoshi_ses-Yoshi-20220517_obj-zf1497.nwb	4078296
sub-Yoshi/sub-Yoshi_ses-Yoshi-20220517_obj-14qho5k.nwb	3344960
sub-Yoshi/sub-Yoshi_ses-Yoshi-20220509_obj-1amhpk_ecephys.nwb	200889640
sub-Wallie/sub-Wallie_ses-Wallie-20220922_obj-15tibcy.nwb	2444288
sub-Bilbo/sub-Bilbo_ses-5_obj-x6tj0j_ecephys.nwb	5996864
sub-Totoro/sub-Totoro_ses-Totoro-20220614_obj-1xhufas.nwb	70627704
sub-Wallie/sub-Wallie_ses-Wallie-20220922_obj-9aysec.nwb	4575816
sub-Frodo/sub-Frodo_ses-5_obj-6kfjvt_ecephys.nwb	7189720
sub-Wallie/sub-Wallie_ses-Wallie-20220922_obj-hd0tbk.nwb	186361780
sub-Totoro/sub-Totoro_ses-Totoro-20220614_obj-1s1iypw.nwb	64492696
sub-Totoro/sub-Totoro_ses-Totoro-20220615_obj-1jdkhvt.nwb	43299180
sub-Totoro/sub-Totoro_ses-Totoro-20220614_obj-ww0h8o.nwb	19445780
sub-Wallie/sub-Wallie_ses-Wallie-20220922_obj-rs4d4t.nwb	140817480
sub-Winnie/sub-Winnie_ses-Winnie-20220719_obj-h2rec4.nwb	6542800
sub-Totoro/sub-Totoro_ses-Totoro-20220613_obj-gif5er_ecephys.nwb	111600670
sub-Yoshi/sub-Yoshi_ses-Yoshi-20220518_obj-1f4wmic.nwb	35723442
sub-Yoshi/sub-Yoshi_ses-Yoshi-20220513_obj-1j4b4c3.nwb	1930000
sub-Winnie/sub-Winnie_ses-Winnie-20220719_obj-3uf3ve.nwb	2856896
sub-Wallie/sub-Wallie_ses-Wallie-20220922_obj-l1lv1f.nwb	178121148
sub-Totoro/sub-Totoro_ses-Totoro-20220614_obj-d2s57x.nwb	6620976
sub-Totoro/sub-Totoro_ses-Totoro-20220602_obj-3i66ff.nwb	44519672
sub-Wallie/sub-Wallie_ses-Wallie-20220922_obj-vera8x.nwb	3156832
sub-Totoro/sub-Totoro_ses-Totoro-20220614_obj-1hs2vn7.nwb	3151080
sub-Yoshi/sub-Yoshi_ses-Yoshi-20220517_obj-16hfjcm.nwb	2032760
sub-Totoro/sub-Totoro_ses-Totoro-20220616_obj-ncn1ft.nwb	21930285
sub-Totoro/sub-Totoro_ses-Totoro-20220607_obj-2n6drb.nwb	1447776
sub-Wallie/sub-Wallie_ses-Wallie-20220922_obj-1rzgqel.nwb	2505160
sub-Yoshi/sub-Yoshi_ses-Yoshi-20220510_obj-22iw2t.nwb	3800560
sub-Frodo/sub-Frodo_ses-5_obj-1w3viu3_ecephys.nwb	4991232
sub-Frodo/sub-Frodo_ses-5_obj-r5te5x_ecephys.nwb	8341128
sub-Frodo/sub-Frodo_ses-5_obj-9izr27_ecephys.nwb	39803428
sub-Yoshi/sub-Yoshi_ses-Yoshi-20220513_obj-ekfe1s.nwb	3726976
sub-Frodo/sub-Frodo_ses-5_obj-17vmzdf_ecephys.nwb	64581952
sub-Wallie/sub-Wallie_ses-Wallie-20220912_obj-1207883_ecephys.nwb	427366476
sub-Wallie/sub-Wallie_ses-Wallie-20220922_obj-kyx6k4.nwb	1756280
sub-Bilbo/sub-Bilbo_ses-2_obj-14lbt7e_behavior+ecephys.nwb	20092924
sub-Yoshi/sub-Yoshi_ses-Yoshi-20220517_obj-10v9ptg.nwb	176699336
sub-Banner/sub-Banner_ses-Banner-20220124_obj-wn3y79_behavior.nwb	107842296
sub-Banner/sub-Banner_ses-Banner-20220225_obj-rnmnva.nwb	59107692
sub-Banner/sub-Banner_ses-Banner-20220225_obj-l5grh4.nwb	21292400
sub-Frodo/sub-Frodo_ses-5_obj-iu3sli_ecephys.nwb	5771328
sub-Olive/sub-Olive_ses-Olive-20220628_obj-18ll4u9_behavior.nwb	26341068
sub-Winnie/sub-Winnie_ses-Winnie-20220719_behavior+ecephys+image.nwb	834961870021
sub-Winnie/sub-Winnie_ses-Winnie-20220719_obj-m5os0g.nwb	21175536200
sub-Winnie/sub-Winnie_ses-Winnie-20220717_obj-17v5zit.nwb	5300800
sub-Totoro/sub-Totoro_ses-Totoro-20220614_obj-o6ysiu.nwb	80330948
sub-Banner/sub-Banner_ses-Banner-20220216_behavior+ecephys+image.nwb	28041147098
sub-Totoro/sub-Totoro_ses-Totoro-20220614_obj-5bef7t.nwb	3035584
sub-Winnie/sub-Winnie_ses-Winnie-20220719_obj-33caxb.nwb	959511844
sub-Yoshi/sub-Yoshi_ses-Yoshi-20220517_obj-1l7m8q2.nwb	3924000
sub-Totoro/sub-Totoro_ses-Totoro-20220617_obj-1g5tyal.nwb	9428309
sub-Yoshi/sub-Yoshi_ses-Yoshi-20220517_obj-bgom8h.nwb	2822736
sub-Wallie/sub-Wallie_ses-Wallie-20220922_obj-1p7hkx1.nwb	3139328
sub-Bilbo/sub-Bilbo_ses-2_obj-iiu6l7_ecephys.nwb	154348948
sub-Yoshi/sub-Yoshi_ses-Yoshi-20220517_obj-esdyh1.nwb	196909364
sub-Yoshi/sub-Yoshi_ses-Yoshi-20220517_obj-3h8oog.nwb	3066560
sub-Olive/sub-Olive_ses-Olive-20220628_obj-12gecdo.nwb	4940312
sub-Wallie/sub-Wallie_ses-Wallie-20220922_obj-baohiz.nwb	3249984
sub-Frodo/sub-Frodo_ses-3_obj-1srmcm4_ecephys.nwb	5708232
sub-Winnie/sub-Winnie_ses-Winnie-20220719_obj-1ks97xb.nwb	63235444
sub-Totoro/sub-Totoro_ses-Totoro-20220613_obj-vuzg3i_behavior.nwb	19474448
sub-Olive/sub-Olive_ses-Olive-20220711_obj-1h60st8.nwb	15027488
sub-Frodo/sub-Frodo_ses-5_obj-fdmdvx_ecephys.nwb	5056768
sub-Yoshi/sub-Yoshi_ses-Yoshi-20220517_obj-1dt2r35.nwb	3155904
sub-Olive/sub-Olive_ses-Olive-20220711_obj-14rgpb5.nwb	1730120
sub-Yoshi/sub-Yoshi_ses-Yoshi-20220517_obj-12urs2g.nwb	64468428
sub-Yoshi/sub-Yoshi_ses-Yoshi-20220517_obj-1b9cav5.nwb	13786320
sub-Winnie/sub-Winnie_ses-Winnie-20220719_obj-1kx1rtw.nwb	11512960
sub-Wallie/sub-Wallie_ses-Wallie-20220922_obj-1ybkz8t.nwb	2770432
sub-Wallie/sub-Wallie_ses-Wallie-20220922_obj-18v04k5_ecephys.nwb	246241252
sub-Winnie/sub-Winnie_ses-Winnie-20220719_obj-190xwyb.nwb	6773120
sub-Totoro/sub-Totoro_ses-Totoro-20220614_obj-1r1wus0.nwb	2800960
sub-Totoro/sub-Totoro_ses-Totoro-20220607_obj-8smag7_behavior.nwb	25545536
sub-Frodo/sub-Frodo_ses-5_obj-llrbnt_ecephys.nwb	6215900
sub-Yoshi/sub-Yoshi_ses-Yoshi-20220517_obj-6cf6yz.nwb	3491392
sub-Winnie/sub-Winnie_ses-Winnie-20220719_obj-bp6x2r.nwb	97009240
sub-Banner/sub-Banner_ses-Banner-20220224_obj-h3yujy.nwb	5322656
sub-Bilbo/sub-Bilbo_ses-5_obj-1ioixw5_ecephys.nwb	47178616
sub-Olive/sub-Olive_ses-Olive-20220711_obj-pc6og6.nwb	2774016
sub-Yoshi/sub-Yoshi_ses-Yoshi-20220518_obj-1f8x3tb.nwb	10435430
sub-Yoshi/sub-Yoshi_ses-Yoshi-20220517_obj-1djrmnq.nwb	3676736
sub-Yoshi/sub-Yoshi_ses-Yoshi-20220518_obj-hf8r3t.nwb	156433540
sub-Winnie/sub-Winnie_ses-Winnie-20220714_obj-53wax9.nwb	2662464
sub-Totoro/sub-Totoro_ses-Totoro-20220617_obj-13hzvnk.nwb	5376544
sub-Yoshi/sub-Yoshi_ses-Yoshi-20220518_obj-tr92j2.nwb	1525952
sub-Olive/sub-Olive_ses-Olive-20220707_obj-1bsg1aq.nwb	4335480
sub-Totoro/sub-Totoro_ses-Totoro-20220614_obj-d24xmx.nwb	90106656
sub-Winnie/sub-Winnie_ses-Winnie-20220719_obj-l1fgvg.nwb	401169648
sub-Wallie/sub-Wallie_ses-Wallie-20220922_obj-uvbovo.nwb	9474832
sub-Winnie/sub-Winnie_ses-Winnie-20220719_obj-19pgqx1.nwb	82603184
sub-Frodo/sub-Frodo_ses-5_obj-fnbdb1_ecephys.nwb	146263892
sub-Winnie/sub-Winnie_ses-Winnie-20220719_obj-jyprtp_ecephys.nwb	266127724
sub-Bilbo/sub-Bilbo_ses-5_obj-13r1s5z_ecephys.nwb	8188928
sub-Winnie/sub-Winnie_ses-Winnie-20220719_obj-1dtxhbj.nwb	4406112
sub-Yoshi/sub-Yoshi_ses-Yoshi-20220518_obj-99dk6y.nwb	3806240
sub-Yoshi/sub-Yoshi_ses-Yoshi-20220518_obj-1waz9lw.nwb	32935771
sub-Bilbo/sub-Bilbo_ses-5_obj-8eoqb_ecephys.nwb	7476576
sub-Yoshi/sub-Yoshi_ses-Yoshi-20220518_obj-1vnsox9.nwb	1915680
sub-Wallie/sub-Wallie_ses-Wallie-20220922_obj-6vha74.nwb	8008128
sub-Yoshi/sub-Yoshi_ses-Yoshi-20220518_obj-1a0xxp9.nwb	4119600
sub-Bilbo/sub-Bilbo_ses-5_obj-q9nzzp_ecephys.nwb	9905511
sub-Winnie/sub-Winnie_ses-Winnie-20220719_obj-jst7n1.nwb	5823919
sub-Winnie/sub-Winnie_ses-Winnie-20220719_obj-vv1xii.nwb	59945160
sub-Wallie/sub-Wallie_ses-Wallie-20220922_obj-1b5lmb5.nwb	7619612
sub-Frodo/sub-Frodo_ses-3_obj-9l92i1_ecephys.nwb	7212880
sub-Yoshi/sub-Yoshi_ses-Yoshi-20220513_obj-1361ahe.nwb	1385088
sub-Olive/sub-Olive_ses-Olive-20220711_obj-v0l7tr.nwb	4778784
sub-Wallie/sub-Wallie_ses-Wallie-20220922_obj-1a4tyk2.nwb	6746496
sub-Yoshi/sub-Yoshi_ses-Yoshi-20220518_obj-1a49gh3.nwb	3796000
sub-Yoshi/sub-Yoshi_ses-Yoshi-20220517_obj-d36uq1.nwb	5574504
sub-Winnie/sub-Winnie_ses-Winnie-20220714_obj-u1m608_behavior.nwb	458522968
sub-Totoro/sub-Totoro_ses-Totoro-20220607_obj-sb2p6k.nwb	3246264
sub-Frodo/sub-Frodo_ses-5_obj-w95chy_ecephys.nwb	60055980
sub-Olive/sub-Olive_ses-Olive-20220707_obj-1b2clyg.nwb	3439584
sub-Totoro/sub-Totoro_ses-Totoro-20220607_obj-17begh1.nwb	3931704
sub-Yoshi/sub-Yoshi_ses-Yoshi-20220517_obj-1iz1bo8.nwb	2422168
sub-Winnie/sub-Winnie_ses-Winnie-20220717_obj-qetdcl.nwb	2675232
sub-Yoshi/sub-Yoshi_ses-Yoshi-20220517_obj-yg6cv2.nwb	3114216
sub-Totoro/sub-Totoro_ses-Totoro-20220607_obj-ndj1n4.nwb	6173360
sub-Bilbo/sub-Bilbo_ses-2_obj-oyydy2_behavior+ecephys.nwb	32550020
sub-Totoro/sub-Totoro_ses-Totoro-20220613_obj-1l8gy47_behavior.nwb	18858496
sub-Olive/sub-Olive_ses-Olive-20220707_obj-1edlz0h.nwb	178405920
sub-Wallie/sub-Wallie_ses-Wallie-20220912_obj-klgp4p.nwb	58102816
sub-Yoshi/sub-Yoshi_ses-Yoshi-20220509_obj-9qgpza_ecephys.nwb	201315008
sub-Totoro/sub-Totoro_ses-Totoro-20220602_obj-eunm7g.nwb	34259144
sub-Frodo/sub-Frodo_ses-2_obj-1wl2bwq_ecephys.nwb	7296800
sub-Wallie/sub-Wallie_ses-Wallie-20220922_obj-12bpgv2.nwb	58481592
sub-Yoshi/sub-Yoshi_ses-Yoshi-20220513_obj-1xn7p21.nwb	2868480
sub-Frodo/sub-Frodo_ses-1_obj-hz0tvo_ecephys.nwb	547932964
sub-Olive/sub-Olive_ses-Olive-20220707_obj-l7k9a2_behavior.nwb	144621112
sub-Bilbo/sub-Bilbo_ses-5_obj-135x1nj_behavior+ecephys.nwb	10741816
sub-Olive/sub-Olive_ses-Olive-20220711_obj-1cgz5n3.nwb	1880280
sub-Bilbo/sub-Bilbo_ses-5_obj-12pmmi4_behavior+ecephys.nwb	219939164
sub-Bilbo/sub-Bilbo_ses-2_obj-ek56wm_ecephys.nwb	62621780
sub-Totoro/sub-Totoro_ses-Totoro-20220607_obj-tpeqme.nwb	4407392
sub-Totoro/sub-Totoro_ses-Totoro-20220614_obj-1pi6g9k.nwb	52419064
sub-Wallie/sub-Wallie_ses-Wallie-20220922_obj-15ruhxa.nwb	2276256
sub-Banner/sub-Banner_ses-Banner-20220225_obj-1r1sbu7_behavior.nwb	18305736
sub-Totoro/sub-Totoro_ses-Totoro-20220614_obj-6he1vm.nwb	128915288
sub-Frodo/sub-Frodo_ses-5_obj-1ubqs8g_ecephys.nwb	5833984
sub-Winnie/sub-Winnie_ses-Winnie-20220719_obj-1uoi9to.nwb	6650272
sub-Yoshi/sub-Yoshi_ses-Yoshi-20220518_obj-1un6gjb_behavior.nwb	189767152
sub-Totoro/sub-Totoro_ses-Totoro-20220615_obj-wht75g.nwb	5498220
sub-Yoshi/sub-Yoshi_ses-Yoshi-20220509_obj-gt159p_behavior.nwb	21472512
sub-Olive/sub-Olive_ses-Olive-20220707_obj-1w5rwjg.nwb	4726424
sub-Winnie/sub-Winnie_ses-Winnie-20220719_obj-nnaa9b.nwb	3115584
sub-Winnie/sub-Winnie_ses-Winnie-20220719_obj-1y7az6u.nwb	3164376
sub-Yoshi/sub-Yoshi_ses-Yoshi-20220517_obj-1jr0ghh.nwb	2969288
sub-Yoshi/sub-Yoshi_ses-Yoshi-20220517_obj-1x3riik_behavior.nwb	8795080
sub-Wallie/sub-Wallie_ses-Wallie-20220911_obj-vgmv1t_ecephys.nwb	318140924
sub-Olive/sub-Olive_ses-Olive-20220627_obj-c8w93j.nwb	40215564
sub-Winnie/sub-Winnie_ses-Winnie-20220719_obj-p935lb.nwb	1345043920
sub-Totoro/sub-Totoro_ses-Totoro-20220613_obj-5h2x7d.nwb	5178432
sub-Yoshi/sub-Yoshi_ses-Yoshi-20220517_obj-11onqx1.nwb	4096240
sub-Yoshi/sub-Yoshi_ses-Yoshi-20220517_obj-13v7q6k.nwb	29285092
sub-Frodo/sub-Frodo_ses-5_obj-eh1p7w_ecephys.nwb	5901056
sub-Yoshi/sub-Yoshi_ses-Yoshi-20220518_obj-1rucmxs.nwb	2076144
sub-Yoshi/sub-Yoshi_ses-Yoshi-20220518_obj-1o64vl7_behavior.nwb	11305280
sub-Yoshi/sub-Yoshi_ses-Yoshi-20220510_obj-9zu6a6_behavior.nwb	210135556
sub-Wallie/sub-Wallie_ses-Wallie-20220914_obj-1av3zp4.nwb	2207080
sub-Olive/sub-Olive_ses-Olive-20220627_obj-1o5nkd5_behavior.nwb	155235288
sub-Winnie/sub-Winnie_ses-Winnie-20220719_obj-1qvrm3l.nwb	288861888
sub-Yoshi/sub-Yoshi_ses-Yoshi-20220517_obj-1ooj6tr.nwb	19788944
sub-Yoshi/sub-Yoshi_ses-Yoshi-20220518_obj-1od0wd9.nwb	24026325
sub-Winnie/sub-Winnie_ses-Winnie-20220717_obj-h2at1s.nwb	1971760
sub-Yoshi/sub-Yoshi_ses-Yoshi-20220518_obj-1nb5oby.nwb	1993074384
sub-Olive/sub-Olive_ses-Olive-20220711_obj-jen7pd.nwb	4061436
sub-Banner/sub-Banner_ses-Banner-20220215_obj-1uyrkd2_ecephys.nwb	199650268
sub-Bilbo/sub-Bilbo_ses-3_obj-172kmk_behavior+ecephys.nwb	57863092
sub-Totoro/sub-Totoro_ses-Totoro-20220614_obj-pnsz6o.nwb	1961640
sub-Winnie/sub-Winnie_ses-Winnie-20220719_obj-l2g8qz_behavior.nwb	143995704
sub-Banner/sub-Banner_ses-Banner-20220224_obj-1loy9wt.nwb	35567838
sub-Totoro/sub-Totoro_ses-Totoro-20220616_obj-16pij3p.nwb	3004864
sub-Yoshi/sub-Yoshi_ses-Yoshi-20220513_obj-i9g9yp_ecephys.nwb	227394196
sub-Banner/sub-Banner_ses-Banner-20220224_obj-wwdm3c_behavior.nwb	21640354
sub-Yoshi/sub-Yoshi_ses-Yoshi-20220517_obj-1avie1m_behavior.nwb	14982336
sub-Banner/sub-Banner_ses-Banner-20220224_obj-1mfgn0m.nwb	7424780
sub-Frodo/sub-Frodo_ses-5_obj-nij85d_ecephys.nwb	4359552
sub-Yoshi/sub-Yoshi_ses-Yoshi-20220517_obj-hmd29t_behavior.nwb	12605896
sub-Yoshi/sub-Yoshi_ses-Yoshi-20220518_obj-16ioy8a.nwb	3797360
sub-Banner/sub-Banner_ses-Banner-20220225_obj-iwu6p2_behavior.nwb	28123278
sub-Wallie/sub-Wallie_ses-Wallie-20220922_obj-h8psaf.nwb	3198168
sub-Totoro/sub-Totoro_ses-Totoro-20220613_obj-tf3hlb.nwb	5183280
sub-Yoshi/sub-Yoshi_ses-Yoshi-20220518_obj-1uwew9q.nwb	18596992
sub-Wallie/sub-Wallie_ses-Wallie-20220922_obj-1pvlomx.nwb	3778240
sub-Bilbo/sub-Bilbo_ses-5_obj-1nhcw1o_ecephys.nwb	14765344
sub-Yoshi/sub-Yoshi_ses-Yoshi-20220517_obj-1eryjfn.nwb	4122240
sub-Yoshi/sub-Yoshi_ses-Yoshi-20220517_obj-iuwxgy.nwb	89487512
sub-Frodo/sub-Frodo_ses-5_obj-1yfmrkt_ecephys.nwb	11605992
sub-Olive/sub-Olive_ses-Olive-20220630_behavior+ecephys+image.nwb	348909965836
sub-Banner/sub-Banner_ses-Banner-20220225_obj-qdq7qp_behavior.nwb	27279460
sub-Wallie/sub-Wallie_ses-Wallie-20220922_obj-xkeeu3.nwb	16938624
sub-Yoshi/sub-Yoshi_ses-Yoshi-20220509_obj-1bgr95x.nwb	4053520
sub-Olive/sub-Olive_ses-Olive-20220711_obj-1nw7c20.nwb	3785152
sub-Yoshi/sub-Yoshi_ses-Yoshi-20220518_obj-1j9au4z.nwb	147016084
sub-Frodo/sub-Frodo_ses-5_obj-hacyqp_ecephys.nwb	17323560
sub-Yoshi/sub-Yoshi_ses-Yoshi-20220518_obj-1fk5bqa.nwb	2797144
sub-Totoro/sub-Totoro_ses-Totoro-20220613_obj-j1wi8t_behavior.nwb	14025712
sub-Olive/sub-Olive_ses-Olive-20220711_obj-1tmhi15_behavior.nwb	11358480
sub-Winnie/sub-Winnie_ses-Winnie-20220719_obj-zf0v0l.nwb	4596560
sub-Yoshi/sub-Yoshi_ses-Yoshi-20220518_obj-1qnmcx2.nwb	101617904
sub-Yoshi/sub-Yoshi_ses-Yoshi-20220517_obj-1xdusys.nwb	3156224
sub-Bilbo/sub-Bilbo_ses-5_obj-l97xib_ecephys.nwb	5821120
sub-Winnie/sub-Winnie_ses-Winnie-20220719_obj-1ru94v0.nwb	4000176
sub-Totoro/sub-Totoro_ses-Totoro-20220614_obj-1eutp71.nwb	3929280
sub-Winnie/sub-Winnie_ses-Winnie-20220717_obj-14z9m6y.nwb	3116448
sub-Wallie/sub-Wallie_ses-Wallie-20220922_obj-1vfkgda.nwb	4953040
sub-Frodo/sub-Frodo_ses-5_obj-4errsh_ecephys.nwb	85156436
sub-Banner/sub-Banner_ses-Banner-20220225_obj-1koxn5n.nwb	12440640
sub-Wallie/sub-Wallie_ses-Wallie-20220922_obj-a0u25b.nwb	3268352
sub-Frodo/sub-Frodo_ses-5_obj-1am87na_behavior+ecephys.nwb	19970112
sub-Frodo/sub-Frodo_ses-2_obj-1m4lfcy_ecephys.nwb	25571580
sub-Olive/sub-Olive_ses-Olive-20220711_obj-1iw1rl9.nwb	3114216
sub-Winnie/sub-Winnie_ses-Winnie-20220719_obj-h7efks.nwb	5150576
sub-Yoshi/sub-Yoshi_ses-Yoshi-20220518_obj-d2dqpe.nwb	142812040
sub-Olive/sub-Olive_ses-Olive-20220711_obj-1msvoni.nwb	3167232
sub-Bilbo/sub-Bilbo_ses-5_obj-19887tg_ecephys.nwb	4447352
sub-Frodo/sub-Frodo_ses-6_obj-4a7ln_ecephys.nwb	11233497
sub-Yoshi/sub-Yoshi_ses-Yoshi-20220518_obj-1thxp1s.nwb	148141084
sub-Frodo/sub-Frodo_ses-2_obj-s7s48y_ecephys.nwb	147552648
sub-Yoshi/sub-Yoshi_ses-Yoshi-20220518_obj-1mx45no_ecephys.nwb	139615280
sub-Frodo/sub-Frodo_ses-6_obj-f6fek8_ecephys.nwb	5693568
sub-Wallie/sub-Wallie_ses-Wallie-20220922_obj-7qgo8c.nwb	47796702
sub-Olive/sub-Olive_ses-Olive-20220629_obj-52sk5l.nwb	3800240
sub-Frodo/sub-Frodo_ses-2_obj-1uc5nmq_ecephys.nwb	117127538
sub-Yoshi/sub-Yoshi_ses-Yoshi-20220518_obj-1otuwsd.nwb	3114216
sub-Yoshi/sub-Yoshi_ses-Yoshi-20220513_obj-1bguxiw_ecephys.nwb	298688224
sub-Banner/sub-Banner_ses-Banner-20220224_obj-1k9x53q.nwb	9448288
sub-Olive/sub-Olive_ses-Olive-20220711_obj-1g07rnm.nwb	4230842
sub-Yoshi/sub-Yoshi_ses-Yoshi-20220518_obj-1dhmi5h.nwb	2422168
sub-Wallie/sub-Wallie_ses-Wallie-20220922_obj-zg6hrp.nwb	3153600
sub-Winnie/sub-Winnie_ses-Winnie-20220719_obj-9pb10z.nwb	6559392
sub-Banner/sub-Banner_ses-Banner-20220225_obj-zrbnys_behavior.nwb	21863784
sub-Winnie/sub-Winnie_ses-Winnie-20220719_obj-13v0yd3.nwb	493246776
sub-Wallie/sub-Wallie_ses-Wallie-20220922_obj-1ji6iy4.nwb	3722816
sub-Wallie/sub-Wallie_ses-Wallie-20220922_obj-d3ue7e.nwb	1437792
sub-Yoshi/sub-Yoshi_ses-Yoshi-20220517_obj-1vinbio.nwb	4364080
sub-Olive/sub-Olive_ses-Olive-20220711_obj-1is1qnj.nwb	50456376
sub-Wallie/sub-Wallie_ses-Wallie-20220914_obj-1167nkm_ecephys.nwb	281047924
sub-Banner/sub-Banner_ses-Banner-20220224_obj-jv3bbo_behavior.nwb	28069856
sub-Wallie/sub-Wallie_ses-Wallie-20220922_obj-1pcwuvv.nwb	3418048
sub-Winnie/sub-Winnie_ses-Winnie-20220717_obj-sfbwed.nwb	1731360
sub-Yoshi/sub-Yoshi_ses-Yoshi-20220509_obj-11ywetq_behavior.nwb	96765844
sub-Olive/sub-Olive_ses-Olive-20220711_obj-uo1hb4.nwb	55718144
sub-Totoro/sub-Totoro_ses-Totoro-20220617_obj-10fxkkm.nwb	6220660
sub-Yoshi/sub-Yoshi_ses-Yoshi-20220517_obj-vcddci.nwb	5172999732
sub-Totoro/sub-Totoro_ses-Totoro-20220607_obj-tz0cce.nwb	3039264
sub-Totoro/sub-Totoro_ses-Totoro-20220607_obj-guoqdm_behavior.nwb	16985920
sub-Bilbo/sub-Bilbo_ses-5_obj-zv4hqn_ecephys.nwb	178514616
sub-Olive/sub-Olive_ses-Olive-20220628_obj-j3ehal_ecephys.nwb	160189904
sub-Wallie/sub-Wallie_ses-Wallie-20220922_obj-axqcxp.nwb	209040760
sub-Bilbo/sub-Bilbo_ses-5_behavior+ecephys+image.nwb	611940180440
sub-Winnie/sub-Winnie_ses-Winnie-20220717_obj-1vacyjc_ecephys.nwb	275273148
sub-Totoro/sub-Totoro_ses-Totoro-20220614_obj-1osb3lc.nwb	3022784
sub-Olive/sub-Olive_ses-Olive-20220711_obj-1liudfg.nwb	15531640
sub-Wallie/sub-Wallie_ses-Wallie-20220922_obj-6dnfoc.nwb	221091172
sub-Banner/sub-Banner_ses-Banner-20220224_obj-8h9u4y_behavior.nwb	17652772
sub-Yoshi/sub-Yoshi_ses-Yoshi-20220518_obj-1xhgxro.nwb	2800960
sub-Olive/sub-Olive_ses-Olive-20220711_obj-1eiptn7.nwb	6107800
sub-Frodo/sub-Frodo_ses-3_obj-inqx60_ecephys.nwb	6680104
sub-Yoshi/sub-Yoshi_ses-Yoshi-20220510_obj-1vfq9su.nwb	3040448
sub-Yoshi/sub-Yoshi_ses-Yoshi-20220518_obj-1m3fdi3.nwb	8952080
sub-Banner/sub-Banner_ses-Banner-20220224_obj-8ug0gs_behavior.nwb	38155736
sub-Olive/sub-Olive_ses-Olive-20220711_obj-1jan30o_behavior.nwb	28392496
sub-Olive/sub-Olive_ses-Olive-20220707_obj-1ovit57.nwb	198198740
sub-Bilbo/sub-Bilbo_ses-5_obj-ekq7jh_ecephys.nwb	6189520
sub-Wallie/sub-Wallie_ses-Wallie-20220922_obj-1o0b6z7.nwb	15819904
sub-Yoshi/sub-Yoshi_ses-Yoshi-20220518_obj-7pdtzn.nwb	6709960
sub-Totoro/sub-Totoro_ses-Totoro-20220615_obj-im0kzf.nwb	4301744
sub-Yoshi/sub-Yoshi_ses-Yoshi-20220518_obj-1dntoep_behavior.nwb	14341504
sub-Yoshi/sub-Yoshi_ses-Yoshi-20220518_obj-fihhyc.nwb	122364640
sub-Wallie/sub-Wallie_ses-Wallie-20220922_obj-1ndgo49_behavior.nwb	13675640
sub-Yoshi/sub-Yoshi_ses-Yoshi-20220518_obj-hrcope.nwb	4028720
sub-Wallie/sub-Wallie_ses-Wallie-20220911_obj-1a1hutw.nwb	2925496
sub-Olive/sub-Olive_ses-Olive-20220711_obj-1grf05g.nwb	82877384
sub-Totoro/sub-Totoro_ses-Totoro-20220614_obj-k3hpsp.nwb	96598644
sub-Bilbo/sub-Bilbo_ses-5_obj-1486sp9_ecephys.nwb	7760736
sub-Wallie/sub-Wallie_ses-Wallie-20220914_obj-1l14nwn.nwb	3801960
sub-Frodo/sub-Frodo_ses-5_obj-1vt2n4q_ecephys.nwb	6695040
sub-Winnie/sub-Winnie_ses-Winnie-20220717_obj-x18k0f.nwb	6422960
sub-Yoshi/sub-Yoshi_ses-Yoshi-20220517_obj-1d3zx21.nwb	3129000
sub-Winnie/sub-Winnie_ses-Winnie-20220719_obj-m3tn76.nwb	5902096
sub-Banner/sub-Banner_ses-Banner-20220225_obj-1hq060g_behavior.nwb	40014432
sub-Totoro/sub-Totoro_ses-Totoro-20220613_obj-123wl6q.nwb	4007520
sub-Wallie/sub-Wallie_ses-Wallie-20220922_obj-air1bj.nwb	3798000
sub-Totoro/sub-Totoro_ses-Totoro-20220613_obj-16inw1c.nwb	3969040
sub-Winnie/sub-Winnie_ses-Winnie-20220717_obj-1nt4ie_behavior.nwb	22905136
sub-Bilbo/sub-Bilbo_ses-5_obj-ydoz4x_ecephys.nwb	61928228
sub-Totoro/sub-Totoro_ses-Totoro-20220530_behavior+ecephys+image.nwb	199669592248
sub-Wallie/sub-Wallie_ses-Wallie-20220922_obj-1aknq9p.nwb	25230055
sub-Totoro/sub-Totoro_ses-Totoro-20220607_obj-5a3spj.nwb	7006160
sub-Frodo/sub-Frodo_ses-5_obj-14jnxi1_behavior+ecephys.nwb	17786912
sub-Winnie/sub-Winnie_ses-Winnie-20220713_obj-1dsqgkr_behavior.nwb	24754160
sub-Wallie/sub-Wallie_ses-Wallie-20220922_obj-1vusool.nwb	1678432
sub-Totoro/sub-Totoro_ses-Totoro-20220615_obj-1etqkhr.nwb	4839165
sub-Bilbo/sub-Bilbo_ses-5_obj-1s2zyp7_ecephys.nwb	14153472
sub-Winnie/sub-Winnie_ses-Winnie-20220719_obj-17ef3xn.nwb	69264724
sub-Yoshi/sub-Yoshi_ses-Yoshi-20220509_obj-13dncp6_behavior.nwb	181572172
sub-Wallie/sub-Wallie_ses-Wallie-20220922_obj-32kge1.nwb	22063232
sub-Olive/sub-Olive_ses-Olive-20220711_obj-18f3hd8.nwb	1062648
sub-Totoro/sub-Totoro_ses-Totoro-20220613_obj-1ovelt2.nwb	4997952
sub-Totoro/sub-Totoro_ses-Totoro-20220615_obj-1cyh77u.nwb	6291782
sub-Frodo/sub-Frodo_ses-4_obj-1uxxz2b_ecephys.nwb	35151100
sub-Winnie/sub-Winnie_ses-Winnie-20220719_obj-44c7qc.nwb	4200592
sub-Yoshi/sub-Yoshi_ses-Yoshi-20220518_obj-17f7gbc.nwb	5838850
sub-Frodo/sub-Frodo_ses-5_obj-1uqj0pm_ecephys.nwb	60534464
sub-Yoshi/sub-Yoshi_ses-Yoshi-20220517_obj-1vlrp86.nwb	2353248
sub-Yoshi/sub-Yoshi_ses-Yoshi-20220518_obj-asz94n_behavior.nwb	145668376
sub-Wallie/sub-Wallie_ses-Wallie-20220922_obj-1p10c4k.nwb	3035008
sub-Banner/sub-Banner_ses-Banner-20220225_obj-q1g881_behavior.nwb	29907706
sub-Bilbo/sub-Bilbo_ses-5_obj-y1wpdt_ecephys.nwb	6230480
sub-Totoro/sub-Totoro_ses-Totoro-20220614_obj-10e7i6y.nwb	9098680
sub-Olive/sub-Olive_ses-Olive-20220707_obj-1m3jghe.nwb	1385088
sub-Wallie/sub-Wallie_ses-Wallie-20220914_obj-152ofv8_ecephys.nwb	285536838
sub-Olive/sub-Olive_ses-Olive-20220711_obj-2prqmf.nwb	77043728
sub-Winnie/sub-Winnie_ses-Winnie-20220715_obj-124307f_behavior.nwb	203289120
sub-Bilbo/sub-Bilbo_ses-5_obj-1mtz6qv_ecephys.nwb	13595424
sub-Bilbo/sub-Bilbo_ses-5_obj-1qt4bii_ecephys.nwb	118364844
sub-Bilbo/sub-Bilbo_ses-5_obj-r7bfkf_ecephys.nwb	43837346
sub-Totoro/sub-Totoro_ses-Totoro-20220614_obj-44ou58.nwb	2768192
sub-Winnie/sub-Winnie_ses-Winnie-20220717_obj-hrv3r5.nwb	2432400
sub-Winnie/sub-Winnie_ses-Winnie-20220719_obj-4isfip.nwb	5070960
sub-Totoro/sub-Totoro_ses-Totoro-20220614_obj-14kgvee.nwb	116943964
sub-Totoro/sub-Totoro_ses-Totoro-20220614_obj-4mefm6.nwb	49565932
sub-Frodo/sub-Frodo_ses-5_obj-w0875z_ecephys.nwb	8643847
sub-Wallie/sub-Wallie_ses-Wallie-20220912_obj-1088mpl_behavior.nwb	25575728
sub-Totoro/sub-Totoro_ses-Totoro-20220614_obj-12zxw6m.nwb	1062648
sub-Yoshi/sub-Yoshi_ses-Yoshi-20220517_obj-1f69yel.nwb	116403808
sub-Frodo/sub-Frodo_ses-5_obj-112lgfh_ecephys.nwb	111120724
sub-Winnie/sub-Winnie_ses-Winnie-20220719_obj-1bcdq9q.nwb	1080666016
sub-Bilbo/sub-Bilbo_ses-3_obj-1ccjr9w_ecephys.nwb	10133816
sub-Totoro/sub-Totoro_ses-Totoro-20220617_obj-1jz7ho3.nwb	5654856
sub-Totoro/sub-Totoro_ses-Totoro-20220602_obj-1da3h71_behavior.nwb	203269340
sub-Totoro/sub-Totoro_ses-Totoro-20220613_obj-9bexjz.nwb	2528784
sub-Bilbo/sub-Bilbo_ses-5_obj-10mpiev_ecephys.nwb	93401060
sub-Bilbo/sub-Bilbo_ses-5_obj-1hufw4_ecephys.nwb	5248048
sub-Winnie/sub-Winnie_ses-Winnie-20220719_obj-xb6yly.nwb	6486696
sub-Yoshi/sub-Yoshi_ses-Yoshi-20220518_obj-z58ozx.nwb	2656192
sub-Totoro/sub-Totoro_ses-Totoro-20220614_obj-wxsswi.nwb	7302256
sub-Yoshi/sub-Yoshi_ses-Yoshi-20220518_obj-ih1gjw.nwb	3629880
sub-Frodo/sub-Frodo_ses-5_obj-mvelhy_ecephys.nwb	7491488
sub-Winnie/sub-Winnie_ses-Winnie-20220719_obj-1yfksd2_behavior.nwb	12304080
sub-Wallie/sub-Wallie_ses-Wallie-20220922_obj-uwr0fb.nwb	4041920
sub-Banner/sub-Banner_ses-Banner-20220224_obj-i87ann_behavior.nwb	15873212
sub-Yoshi/sub-Yoshi_ses-Yoshi-20220517_obj-141qplx.nwb	1750600
sub-Yoshi/sub-Yoshi_ses-Yoshi-20220517_obj-1uqa6ye.nwb	6544032
sub-Frodo/sub-Frodo_ses-4_obj-kmtqco_ecephys.nwb	158225136
sub-Winnie/sub-Winnie_ses-Winnie-20220719_obj-82h37r_ecephys.nwb	467072120
sub-Frodo/sub-Frodo_ses-1_obj-dbzcvy_ecephys.nwb	622655252
sub-Yoshi/sub-Yoshi_ses-Yoshi-20220517_obj-1fqs4sw.nwb	3360616
sub-Bilbo/sub-Bilbo_ses-5_obj-1jv1rom_ecephys.nwb	6362696
sub-Wallie/sub-Wallie_ses-Wallie-20220922_obj-5vbrwb.nwb	2494992
sub-Totoro/sub-Totoro_ses-Totoro-20220614_obj-1pnvfgh.nwb	204828108
sub-Frodo/sub-Frodo_ses-5_obj-1ug8hjq_ecephys.nwb	109393416
sub-Banner/sub-Banner_ses-Banner-20220225_obj-1gul084_behavior.nwb	281979156
sub-Olive/sub-Olive_ses-Olive-20220628_obj-1kc6brl_behavior.nwb	193927248
sub-Yoshi/sub-Yoshi_ses-Yoshi-20220518_obj-bf4oz1.nwb	2508184
sub-Frodo/sub-Frodo_ses-5_obj-k8na3y_ecephys.nwb	5049912
sub-Winnie/sub-Winnie_ses-Winnie-20220717_obj-1qwwbl9.nwb	95604724
sub-Olive/sub-Olive_ses-Olive-20220628_obj-18dyjs9.nwb	87840224
sub-Olive/sub-Olive_ses-Olive-20220707_obj-lf7qc7_behavior.nwb	19292528
sub-Totoro/sub-Totoro_ses-Totoro-20220602_obj-1ujh22x_ecephys.nwb	177038406
sub-Winnie/sub-Winnie_ses-Winnie-20220719_obj-70r6r.nwb	4597648
sub-Olive/sub-Olive_ses-Olive-20220707_obj-19c4sh0.nwb	1479528
sub-Olive/sub-Olive_ses-Olive-20220711_obj-1aawyoq.nwb	3077120
sub-Yoshi/sub-Yoshi_ses-Yoshi-20220509_obj-n6yi7w_ecephys.nwb	394479200
sub-Yoshi/sub-Yoshi_ses-Yoshi-20220518_obj-190crnh_ecephys.nwb	106434812
sub-Olive/sub-Olive_ses-Olive-20220711_obj-1v8pj95.nwb	14048520
sub-Yoshi/sub-Yoshi_ses-Yoshi-20220518_obj-xn18hl.nwb	5257855
sub-Wallie/sub-Wallie_ses-Wallie-20220922_obj-a8lew6.nwb	65721084
sub-Winnie/sub-Winnie_ses-Winnie-20220719_obj-1r09uez_behavior.nwb	5287476
sub-Bilbo/sub-Bilbo_ses-5_obj-p64mzx_ecephys.nwb	5134952
sub-Yoshi/sub-Yoshi_ses-Yoshi-20220517_obj-row6kl.nwb	3460240
sub-Frodo/sub-Frodo_ses-5_obj-28wg88_ecephys.nwb	7976288
sub-Yoshi/sub-Yoshi_ses-Yoshi-20220518_obj-12g6vz8_behavior.nwb	144834452
sub-Winnie/sub-Winnie_ses-Winnie-20220719_obj-18alqag.nwb	94458976
sub-Yoshi/sub-Yoshi_ses-Yoshi-20220517_obj-1gqzif8.nwb	2782680
sub-Bilbo/sub-Bilbo_ses-5_obj-11rdq44_behavior+ecephys.nwb	102017920
sub-Yoshi/sub-Yoshi_ses-Yoshi-20220510_obj-7j2ccb_ecephys.nwb	284779908
sub-Frodo/sub-Frodo_ses-5_obj-1hx7f6t_behavior+ecephys.nwb	7308858
sub-Totoro/sub-Totoro_ses-Totoro-20220614_obj-1c5mgw5.nwb	11734440
sub-Olive/sub-Olive_ses-Olive-20220711_obj-m0a6wp_behavior.nwb	10036480
sub-Wallie/sub-Wallie_ses-Wallie-20220922_obj-ralk39.nwb	3518712
sub-Frodo/sub-Frodo_ses-2_obj-pn3ebs_behavior+ecephys.nwb	118792392
sub-Winnie/sub-Winnie_ses-Winnie-20220717_obj-1fu188u.nwb	5070400
sub-Frodo/sub-Frodo_ses-5_obj-f815mq_ecephys.nwb	4984384
sub-Wallie/sub-Wallie_ses-Wallie-20220922_obj-k08fld.nwb	7401456
sub-Banner/sub-Banner_ses-Banner-20220225_obj-1fo209d.nwb	6131520
sub-Totoro/sub-Totoro_ses-Totoro-20220617_obj-1cu0dp5.nwb	4702999
sub-Wallie/sub-Wallie_ses-Wallie-20220922_obj-ppwu3i_behavior.nwb	6715616
sub-Totoro/sub-Totoro_ses-Totoro-20220614_obj-sx7hcj.nwb	3114216
sub-Yoshi/sub-Yoshi_ses-Yoshi-20220518_obj-qc6y04.nwb	4234688
sub-Winnie/sub-Winnie_ses-Winnie-20220719_obj-1ud0qjt.nwb	3128581
sub-Olive/sub-Olive_ses-Olive-20220711_obj-1klcg3t.nwb	3114216
sub-Winnie/sub-Winnie_ses-Winnie-20220719_obj-ubw0sz_behavior.nwb	13697056
sub-Totoro/sub-Totoro_ses-Totoro-20220614_obj-17djcr5.nwb	4006848
sub-Totoro/sub-Totoro_ses-Totoro-20220614_obj-1ob9tcw.nwb	1571712
sub-Yoshi/sub-Yoshi_ses-Yoshi-20220517_obj-1b7qse3.nwb	3365632
sub-Yoshi/sub-Yoshi_ses-Yoshi-20220517_obj-p3597d_behavior.nwb	12199800
sub-Totoro/sub-Totoro_ses-Totoro-20220614_obj-1kq6ja2.nwb	4601784
sub-Banner/sub-Banner_ses-Banner-20220225_obj-im4oz2_behavior.nwb	25606056
sub-Frodo/sub-Frodo_ses-5_obj-619wfz_ecephys.nwb	17449552
sub-Banner/sub-Banner_ses-Banner-20220224_obj-1jeraor.nwb	117183028
sub-Winnie/sub-Winnie_ses-Winnie-20220717_obj-1xj0x6r.nwb	3057408
sub-Winnie/sub-Winnie_ses-Winnie-20220717_obj-1id11l4.nwb	6174976
sub-Yoshi/sub-Yoshi_ses-Yoshi-20220517_obj-n0bg7r.nwb	2846945
sub-Winnie/sub-Winnie_ses-Winnie-20220720_obj-x56t32.nwb	7794850
sub-Bilbo/sub-Bilbo_ses-5_obj-lg9wz0_behavior+ecephys.nwb	22900728
sub-Totoro/sub-Totoro_ses-Totoro-20220616_obj-1myqn2t.nwb	3380472
sub-Yoshi/sub-Yoshi_ses-Yoshi-20220517_obj-13kbel.nwb	5388760
sub-Winnie/sub-Winnie_ses-Winnie-20220717_obj-sokne3.nwb	6135088
sub-Totoro/sub-Totoro_ses-Totoro-20220614_obj-1f85q0n.nwb	2234082
sub-Yoshi/sub-Yoshi_ses-Yoshi-20220510_obj-12prniv_ecephys.nwb	303803936
sub-Yoshi/sub-Yoshi_ses-Yoshi-20220517_obj-15019h8.nwb	7942560
sub-Totoro/sub-Totoro_ses-Totoro-20220614_obj-1c1tb47.nwb	2750496
sub-Banner/sub-Banner_ses-Banner-20220216_obj-1umtfus.nwb	77375564
sub-Frodo/sub-Frodo_ses-5_obj-1e27j3k_ecephys.nwb	143501632
sub-Bilbo/sub-Bilbo_ses-5_obj-e29d8x_behavior+ecephys.nwb	81216332
sub-Winnie/sub-Winnie_ses-Winnie-20220717_obj-w34omh.nwb	2730616
sub-Totoro/sub-Totoro_ses-Totoro-20220614_obj-1d9dihz.nwb	2100720
sub-Frodo/sub-Frodo_ses-1_obj-htsoxn_ecephys.nwb	696045036
sub-Bilbo/sub-Bilbo_ses-5_obj-157nwx0_behavior+ecephys.nwb	42243608
sub-Totoro/sub-Totoro_ses-Totoro-20220614_obj-1pu9z7j.nwb	2508184
sub-Wallie/sub-Wallie_ses-Wallie-20220922_obj-15zzys0.nwb	3652776
sub-Frodo/sub-Frodo_ses-7_obj-182m57n_ecephys.nwb	23734976
sub-Winnie/sub-Winnie_ses-Winnie-20220713_obj-1y9p6yv_behavior.nwb	28703104
sub-Wallie/sub-Wallie_ses-Wallie-20220914_obj-1x7q5kg_behavior.nwb	351432568
sub-Wallie/sub-Wallie_ses-Wallie-20220922_obj-ekc51y.nwb	6367272
sub-Winnie/sub-Winnie_ses-Winnie-20220715_obj-b5en4.nwb	4180616
sub-Wallie/sub-Wallie_ses-Wallie-20220922_obj-12adm45.nwb	3989824
sub-Winnie/sub-Winnie_ses-Winnie-20220720_obj-12uaeqq.nwb	6061256
sub-Olive/sub-Olive_ses-Olive-20220707_obj-sexubj_ecephys.nwb	235391480
sub-Winnie/sub-Winnie_ses-Winnie-20220719_obj-9alygf.nwb	1048165748
sub-Yoshi/sub-Yoshi_ses-Yoshi-20220518_obj-1sa3y6g.nwb	7019392
sub-Odins/sub-Odins_ses-Odins-20220124_obj-16tay34.nwb	107095028
sub-Frodo/sub-Frodo_ses-2_obj-1bb40tz_ecephys.nwb	14854070
sub-Yoshi/sub-Yoshi_ses-Yoshi-20220518_obj-12iazcl.nwb	3735432
sub-Totoro/sub-Totoro_ses-Totoro-20220617_obj-uwldw7.nwb	31568053
sub-Wallie/sub-Wallie_ses-Wallie-20220922_obj-6v7od3.nwb	5625536
sub-Frodo/sub-Frodo_ses-5_obj-1fi6bbs_behavior+ecephys.nwb	12021360
sub-Banner/sub-Banner_ses-Banner-20220224_obj-1pl4kd3.nwb	22809216
sub-Olive/sub-Olive_ses-Olive-20220711_obj-pxtxml.nwb	32719028
sub-Wallie/sub-Wallie_ses-Wallie-20220922_obj-1ork83v.nwb	3133312
sub-Winnie/sub-Winnie_ses-Winnie-20220714_obj-1xwab51.nwb	143621836
sub-Wallie/sub-Wallie_ses-Wallie-20220922_obj-kx3ru6.nwb	5775830
sub-Winnie/sub-Winnie_ses-Winnie-20220714_obj-1q1662t_ecephys.nwb	400245264
sub-Winnie/sub-Winnie_ses-Winnie-20220717_obj-18zzavt_ecephys.nwb	392274204
sub-Yoshi/sub-Yoshi_ses-Yoshi-20220518_obj-1dyf71y.nwb	3114216
sub-Winnie/sub-Winnie_ses-Winnie-20220719_obj-gvkjy4.nwb	1950360
sub-Banner/sub-Banner_ses-Banner-20220225_obj-ew6upu_behavior.nwb	22810476
sub-Yoshi/sub-Yoshi_ses-Yoshi-20220518_obj-1eh2v3d_ecephys.nwb	224773724
sub-Wallie/sub-Wallie_ses-Wallie-20220922_obj-1lsybra.nwb	4014000
sub-Olive/sub-Olive_ses-Olive-20220628_obj-coajn.nwb	4036560
sub-Yoshi/sub-Yoshi_ses-Yoshi-20220517_obj-1ls1f96.nwb	59276192
sub-Wallie/sub-Wallie_ses-Wallie-20220911_obj-1tq1fkr_behavior.nwb	8209528
sub-Yoshi/sub-Yoshi_ses-Yoshi-20220513_obj-9v3znv_ecephys.nwb	221772516
sub-Olive/sub-Olive_ses-Olive-20220711_obj-1rn3mih.nwb	2386560
sub-Yoshi/sub-Yoshi_ses-Yoshi-20220517_obj-3ew6nj.nwb	59044976
sub-Totoro/sub-Totoro_ses-Totoro-20220614_obj-1g1aj1e.nwb	2048360
sub-Yoshi/sub-Yoshi_ses-Yoshi-20220518_obj-uo7186.nwb	1159431540
sub-Yoshi/sub-Yoshi_ses-Yoshi-20220518_obj-rnp3fz.nwb	45996404
sub-Yoshi/sub-Yoshi_ses-Yoshi-20220517_obj-1n5ovjy.nwb	3384504
sub-Yoshi/sub-Yoshi_ses-Yoshi-20220518_obj-sat711.nwb	6844104
sub-Yoshi/sub-Yoshi_ses-Yoshi-20220510_obj-9leyrd_ecephys.nwb	190640416
sub-Olive/sub-Olive_ses-Olive-20220711_obj-1s3iejt.nwb	3135744
sub-Totoro/sub-Totoro_ses-Totoro-20220614_obj-tjv5lz.nwb	2100720
sub-Bilbo/sub-Bilbo_ses-5_obj-u9ge7w_behavior+ecephys.nwb	16009224
sub-Bilbo/sub-Bilbo_ses-5_obj-1huztw3_ecephys.nwb	5188512
sub-Wallie/sub-Wallie_ses-Wallie-20220922_obj-1rcfzw1.nwb	3163720
sub-Yoshi/sub-Yoshi_ses-Yoshi-20220509_obj-7ershu.nwb	38757000
sub-Olive/sub-Olive_ses-Olive-20220707_obj-1mbtxr4.nwb	3746816
sub-Wallie/sub-Wallie_ses-Wallie-20220911_obj-1qgl6v9.nwb	81687532
sub-Wallie/sub-Wallie_ses-Wallie-20220922_obj-1xxa9m9.nwb	3751200
sub-Yoshi/sub-Yoshi_ses-Yoshi-20220517_obj-1y1ln4b.nwb	2076144
sub-Yoshi/sub-Yoshi_ses-Yoshi-20220510_obj-1l9hia4_behavior.nwb	21475152
sub-Bilbo/sub-Bilbo_ses-2_obj-zn9e7m_ecephys.nwb	85928912
sub-Yoshi/sub-Yoshi_ses-Yoshi-20220518_obj-1c0n29h.nwb	5109272
sub-Winnie/sub-Winnie_ses-Winnie-20220719_obj-1ic9b4j_behavior.nwb	10615648
sub-Totoro/sub-Totoro_ses-Totoro-20220614_obj-1sqtn21.nwb	2768192
sub-Frodo/sub-Frodo_ses-5_obj-v3zpk9_ecephys.nwb	4991232
sub-Yoshi/sub-Yoshi_ses-Yoshi-20220518_obj-gjccnl.nwb	2905728
sub-Winnie/sub-Winnie_ses-Winnie-20220719_obj-1qtxzaf_behavior.nwb	10767504
sub-Olive/sub-Olive_ses-Olive-20220707_obj-l9m20c_ecephys.nwb	450281896
sub-Yoshi/sub-Yoshi_ses-Yoshi-20220513_obj-a4g0eb.nwb	2619240
sub-Olive/sub-Olive_ses-Olive-20220711_obj-1ozr814_behavior.nwb	10644096
sub-Bilbo/sub-Bilbo_ses-5_obj-kd04s5_ecephys.nwb	224101372
sub-Yoshi/sub-Yoshi_ses-Yoshi-20220517_obj-1fgnnr4.nwb	115712192
sub-Yoshi/sub-Yoshi_ses-Yoshi-20220517_obj-d19mha.nwb	7186656
sub-Totoro/sub-Totoro_ses-Totoro-20220614_obj-uvhyq1_behavior.nwb	6149346
sub-Banner/sub-Banner_ses-Banner-20220225_obj-15gzya4.nwb	17888160
sub-Bilbo/sub-Bilbo_ses-5_obj-1jla4pj_ecephys.nwb	6462080
sub-Wallie/sub-Wallie_ses-Wallie-20220922_obj-q2ncae.nwb	3231040
sub-Totoro/sub-Totoro_ses-Totoro-20220614_obj-1k2v1up.nwb	90650904
sub-Winnie/sub-Winnie_ses-Winnie-20220719_obj-xrzqn1.nwb	4630632
sub-Bilbo/sub-Bilbo_ses-5_obj-ex0096_behavior+ecephys.nwb	19086928
sub-Wallie/sub-Wallie_ses-Wallie-20220922_obj-cxpzre.nwb	121442592
sub-Yoshi/sub-Yoshi_ses-Yoshi-20220517_obj-esvuzw.nwb	3220672
sub-Olive/sub-Olive_ses-Olive-20220627_obj-1b0l8jq.nwb	4180264
sub-Yoshi/sub-Yoshi_ses-Yoshi-20220517_obj-1p3170.nwb	3364352
sub-Yoshi/sub-Yoshi_ses-Yoshi-20220518_obj-1rh393g_behavior.nwb	20963816
sub-Yoshi/sub-Yoshi_ses-Yoshi-20220517_obj-2kinqj.nwb	2422168
sub-Yoshi/sub-Yoshi_ses-Yoshi-20220518_obj-op7n0p_behavior.nwb	10992720
sub-Winnie/sub-Winnie_ses-Winnie-20220719_obj-hc72gd.nwb	3119744
sub-Winnie/sub-Winnie_ses-Winnie-20220719_obj-14ntuqv.nwb	143332768
sub-Yoshi/sub-Yoshi_ses-Yoshi-20220517_obj-jx8flj.nwb	16512840
sub-Yoshi/sub-Yoshi_ses-Yoshi-20220517_obj-hpx8vi.nwb	174877876
sub-Wallie/sub-Wallie_ses-Wallie-20220922_obj-18qg1b8.nwb	3863816
sub-Yoshi/sub-Yoshi_ses-Yoshi-20220518_obj-126ei50.nwb	4778048
sub-Olive/sub-Olive_ses-Olive-20220711_obj-1eos05t.nwb	3719464
sub-Bilbo/sub-Bilbo_ses-5_obj-7mw81h_ecephys.nwb	4786464
sub-Wallie/sub-Wallie_ses-Wallie-20220922_obj-1dmaw2e.nwb	20198464
sub-Yoshi/sub-Yoshi_ses-Yoshi-20220518_obj-27fs4s.nwb	56636968
sub-Olive/sub-Olive_ses-Olive-20220711_obj-18k6ucc.nwb	12608064
sub-Wallie/sub-Wallie_ses-Wallie-20220922_obj-59vww5.nwb	33790594
sub-Yoshi/sub-Yoshi_ses-Yoshi-20220517_obj-1xprept.nwb	48800800
sub-Olive/sub-Olive_ses-Olive-20220711_obj-1axyiw0.nwb	1750600
sub-Bilbo/sub-Bilbo_ses-5_obj-g5nu8c_ecephys.nwb	5134952
sub-Frodo/sub-Frodo_ses-5_obj-tmgzyk_ecephys.nwb	6893296
sub-Yoshi/sub-Yoshi_ses-Yoshi-20220510_obj-158m7ox_ecephys.nwb	301746512
sub-Frodo/sub-Frodo_ses-5_obj-wenp16_ecephys.nwb	18566608
sub-Banner/sub-Banner_ses-Banner-20220216_obj-1golgav.nwb	59159216
sub-Olive/sub-Olive_ses-Olive-20220707_obj-1ohbi4z_ecephys.nwb	120423840
sub-Wallie/sub-Wallie_ses-Wallie-20220922_obj-1tsm4yb.nwb	3418200
sub-Yoshi/sub-Yoshi_ses-Yoshi-20220518_obj-1ynw58f.nwb	79759364
sub-Yoshi/sub-Yoshi_ses-Yoshi-20220517_obj-1ms25ag.nwb	126648764
sub-Totoro/sub-Totoro_ses-Totoro-20220613_obj-ka38sn.nwb	4063615
sub-Totoro/sub-Totoro_ses-Totoro-20220602_obj-l2x2n3.nwb	3955600
sub-Yoshi/sub-Yoshi_ses-Yoshi-20220517_obj-187ejha.nwb	6082336
sub-Totoro/sub-Totoro_ses-Totoro-20220613_obj-bthigh.nwb	10568680
sub-Frodo/sub-Frodo_ses-5_obj-1oo8yx7_ecephys.nwb	4424672
sub-Frodo/sub-Frodo_ses-5_obj-8yahs6_behavior+ecephys.nwb	12488384
sub-Totoro/sub-Totoro_ses-Totoro-20220613_obj-1gj93jy.nwb	6383944
sub-Banner/sub-Banner_ses-Banner-20220224_obj-11i7dt4.nwb	6627216
sub-Totoro/sub-Totoro_ses-Totoro-20220616_obj-16zjrce.nwb	4243940
sub-Wallie/sub-Wallie_ses-Wallie-20220922_obj-kayrke.nwb	2906232
sub-Wallie/sub-Wallie_ses-Wallie-20220922_obj-1fdh58s.nwb	4362984
sub-Wallie/sub-Wallie_ses-Wallie-20220922_obj-1wh037n.nwb	4461920
sub-Wallie/sub-Wallie_ses-Wallie-20220922_obj-1xdtf5c.nwb	4304960
sub-Winnie/sub-Winnie_ses-Winnie-20220717_obj-1olaoje_ecephys.nwb	599556296
sub-Yoshi/sub-Yoshi_ses-Yoshi-20220517_obj-bb7sn9.nwb	175360032
sub-Wallie/sub-Wallie_ses-Wallie-20220922_obj-z989mm.nwb	6109056
sub-Frodo/sub-Frodo_ses-5_obj-1t6u260_ecephys.nwb	17598224
sub-Yoshi/sub-Yoshi_ses-Yoshi-20220517_obj-1j76f45_ecephys.nwb	265365992
sub-Wallie/sub-Wallie_ses-Wallie-20220922_obj-11khcf.nwb	43494252
sub-Totoro/sub-Totoro_ses-Totoro-20220614_obj-1hnygi2.nwb	9801144
sub-Frodo/sub-Frodo_ses-5_obj-1t9xjtj_ecephys.nwb	5615136
sub-Bilbo/sub-Bilbo_ses-5_obj-1ibleio_ecephys.nwb	17417088
sub-Yoshi/sub-Yoshi_ses-Yoshi-20220517_obj-1hwkt2y.nwb	3444544
sub-Wallie/sub-Wallie_ses-Wallie-20220922_obj-1txsee1.nwb	2703960
sub-Frodo/sub-Frodo_ses-5_obj-12v3ra8_ecephys.nwb	6620400
sub-Winnie/sub-Winnie_ses-Winnie-20220719_obj-17lth4a.nwb	2142672
sub-Totoro/sub-Totoro_ses-Totoro-20220607_obj-1qooews_ecephys.nwb	143728678
sub-Winnie/sub-Winnie_ses-Winnie-20220715_obj-n4jmly_behavior.nwb	33577216
sub-Frodo/sub-Frodo_ses-5_obj-12vus43_ecephys.nwb	8136704
sub-Olive/sub-Olive_ses-Olive-20220711_obj-hxbdqj.nwb	66906636
sub-Winnie/sub-Winnie_ses-Winnie-20220719_obj-79k7sd.nwb	4836888
sub-Wallie/sub-Wallie_ses-Wallie-20220922_obj-939y97.nwb	2458792
sub-Totoro/sub-Totoro_ses-Totoro-20220614_obj-19z594w.nwb	36382740
sub-Totoro/sub-Totoro_ses-Totoro-20220614_obj-1b1jhwh_behavior.nwb	7130864
sub-Winnie/sub-Winnie_ses-Winnie-20220719_obj-nblxch.nwb	3214008
sub-Bilbo/sub-Bilbo_ses-4_behavior+ecephys+image.nwb	240258501786
sub-Yoshi/sub-Yoshi_ses-Yoshi-20220517_obj-8gzhoj.nwb	3385656
sub-Bilbo/sub-Bilbo_ses-5_obj-1ly88xm_ecephys.nwb	10066645
sub-Yoshi/sub-Yoshi_ses-Yoshi-20220517_obj-1rlyc46_behavior.nwb	26830128
sub-Winnie/sub-Winnie_ses-Winnie-20220715_behavior+ecephys+image.nwb	368442084110
sub-Banner/sub-Banner_ses-Banner-20220224_obj-2rxmi3.nwb	90864896
sub-Yoshi/sub-Yoshi_ses-Yoshi-20220517_obj-1fhwtc4.nwb	44582196
sub-Olive/sub-Olive_ses-Olive-20220711_obj-u9do4e.nwb	22733360
sub-Winnie/sub-Winnie_ses-Winnie-20220719_obj-1f85drm.nwb	809602572
sub-Winnie/sub-Winnie_ses-Winnie-20220719_obj-nb8tkc.nwb	3027552
sub-Totoro/sub-Totoro_ses-Totoro-20220614_obj-1xp7zp6.nwb	5278383
sub-Winnie/sub-Winnie_ses-Winnie-20220719_obj-fwyx3d_behavior.nwb	109837688
sub-Bilbo/sub-Bilbo_ses-3_obj-tuados_ecephys.nwb	6708432
sub-Olive/sub-Olive_ses-Olive-20220711_obj-r4alzh.nwb	2422168
sub-Winnie/sub-Winnie_ses-Winnie-20220717_obj-n8jobb.nwb	4447072
sub-Olive/sub-Olive_ses-Olive-20220711_obj-oiuzfc.nwb	42932172
sub-Yoshi/sub-Yoshi_ses-Yoshi-20220518_obj-1gtvvch.nwb	42366501
sub-Wallie/sub-Wallie_ses-Wallie-20220914_obj-u1r4di.nwb	3693672
sub-Winnie/sub-Winnie_ses-Winnie-20220714_obj-1udlqyy_behavior.nwb	35152472
sub-Yoshi/sub-Yoshi_ses-Yoshi-20220517_obj-p44pq7.nwb	25253488
sub-Yoshi/sub-Yoshi_ses-Yoshi-20220509_obj-43h6bi_ecephys.nwb	392598108
sub-Yoshi/sub-Yoshi_ses-Yoshi-20220518_obj-lp2jbz.nwb	2422168
sub-Wallie/sub-Wallie_ses-Wallie-20220922_obj-kfkwu6.nwb	1756280
sub-Yoshi/sub-Yoshi_ses-Yoshi-20220517_obj-x89nvz.nwb	22717532
sub-Wallie/sub-Wallie_ses-Wallie-20220922_obj-124zca3.nwb	4566760
sub-Wallie/sub-Wallie_ses-Wallie-20220922_obj-3u1j4q.nwb	3161304
sub-Banner/sub-Banner_ses-Banner-20220224_obj-8siczu_ecephys.nwb	319430944
sub-Yoshi/sub-Yoshi_ses-Yoshi-20220518_obj-u0pn3c.nwb	2274240
sub-Wallie/sub-Wallie_ses-Wallie-20220922_obj-jboyp8.nwb	3242560
sub-Winnie/sub-Winnie_ses-Winnie-20220719_obj-edmxx0.nwb	10372432
sub-Frodo/sub-Frodo_ses-4_obj-1wzg8n5_behavior+ecephys.nwb	15914688
sub-Yoshi/sub-Yoshi_ses-Yoshi-20220518_obj-1hxcyp_ecephys.nwb	275190928
sub-Frodo/sub-Frodo_ses-5_obj-18otpn9_ecephys.nwb	6513568
sub-Winnie/sub-Winnie_ses-Winnie-20220719_obj-iuv5w6.nwb	2881872
sub-Wallie/sub-Wallie_ses-Wallie-20220922_obj-zxnzc8.nwb	4051920
sub-Totoro/sub-Totoro_ses-Totoro-20220614_obj-1eeqdj8.nwb	5099648
sub-Totoro/sub-Totoro_ses-Totoro-20220614_obj-1j85ead.nwb	3363904
sub-Banner/sub-Banner_ses-Banner-20220225_obj-1cop9nc_behavior.nwb	34290008
sub-Banner/sub-Banner_ses-Banner-20220225_obj-mvnabe_behavior.nwb	17536992
sub-Yoshi/sub-Yoshi_ses-Yoshi-20220518_obj-1vp8ymw.nwb	1547360
sub-Winnie/sub-Winnie_ses-Winnie-20220719_obj-hurlzz.nwb	3458799
sub-Yoshi/sub-Yoshi_ses-Yoshi-20220518_obj-6dsgtx.nwb	2957528
sub-Yoshi/sub-Yoshi_ses-Yoshi-20220517_obj-1nq2l2u.nwb	89848664
sub-Wallie/sub-Wallie_ses-Wallie-20220922_obj-n7ynxr.nwb	2835968
sub-Winnie/sub-Winnie_ses-Winnie-20220719_obj-1poidx2.nwb	2856896
sub-Yoshi/sub-Yoshi_ses-Yoshi-20220517_obj-84it15.nwb	5459390
sub-Totoro/sub-Totoro_ses-Totoro-20220614_obj-gee0sz.nwb	53192512
sub-Olive/sub-Olive_ses-Olive-20220711_obj-aud7rb.nwb	4236904
sub-Olive/sub-Olive_ses-Olive-20220711_obj-r3awa9.nwb	4969280
sub-Wallie/sub-Wallie_ses-Wallie-20220922_obj-2ppawg.nwb	2770432
sub-Winnie/sub-Winnie_ses-Winnie-20220719_obj-10nu192.nwb	159565462
sub-Olive/sub-Olive_ses-Olive-20220711_obj-17nj5dh.nwb	8291600
sub-Totoro/sub-Totoro_ses-Totoro-20220614_obj-4jo123.nwb	5942123
sub-Odins/sub-Odins_ses-Odins-20220124_obj-uspurk_behavior.nwb	12198040
sub-Frodo/sub-Frodo_ses-5_obj-1ow08jr_ecephys.nwb	32854644
sub-Banner/sub-Banner_ses-Banner-20220225_obj-17rpktt_behavior.nwb	21317056
sub-Olive/sub-Olive_ses-Olive-20220707_obj-1sia572.nwb	3739232
sub-Frodo/sub-Frodo_ses-5_obj-1sbm9i8_ecephys.nwb	6338048
sub-Wallie/sub-Wallie_ses-Wallie-20220922_obj-whenan.nwb	5638776
sub-Olive/sub-Olive_ses-Olive-20220711_obj-1vodeu3.nwb	4152288
sub-Banner/sub-Banner_ses-Banner-20220224_obj-j7zri4_behavior.nwb	22307000
sub-Yoshi/sub-Yoshi_ses-Yoshi-20220518_obj-mxqkpi.nwb	6948760
sub-Yoshi/sub-Yoshi_ses-Yoshi-20220518_obj-8uw49v.nwb	61253416
sub-Wallie/sub-Wallie_ses-Wallie-20220914_obj-1czrvyg.nwb	2101800
sub-Totoro/sub-Totoro_ses-Totoro-20220614_obj-40166o.nwb	36992476
sub-Yoshi/sub-Yoshi_ses-Yoshi-20220518_obj-u0a9by.nwb	2149872
sub-Winnie/sub-Winnie_ses-Winnie-20220719_obj-1lg2ygn.nwb	9071680
sub-Yoshi/sub-Yoshi_ses-Yoshi-20220517_obj-zjssxc.nwb	4223040
sub-Olive/sub-Olive_ses-Olive-20220711_obj-fs573w_ecephys.nwb	197469760
sub-Totoro/sub-Totoro_ses-Totoro-20220614_obj-oic4v0.nwb	3008448
sub-Wallie/sub-Wallie_ses-Wallie-20220914_obj-h829lq_behavior.nwb	21673140
sub-Totoro/sub-Totoro_ses-Totoro-20220616_obj-uuwae3.nwb	25801585
sub-Wallie/sub-Wallie_ses-Wallie-20220922_obj-961qs3.nwb	130417156
sub-Wallie/sub-Wallie_ses-Wallie-20220922_obj-1x8zdsu.nwb	3845520
sub-Yoshi/sub-Yoshi_ses-Yoshi-20220518_obj-13z7h5m.nwb	103788948
sub-Frodo/sub-Frodo_ses-5_obj-g8z28c_ecephys.nwb	4741920
sub-Bilbo/sub-Bilbo_ses-5_obj-b7sqyo_ecephys.nwb	7209472
sub-Totoro/sub-Totoro_ses-Totoro-20220614_obj-1dlh26q.nwb	3298536
sub-Bilbo/sub-Bilbo_ses-5_obj-18h69ac_behavior+ecephys.nwb	15832034
sub-Olive/sub-Olive_ses-Olive-20220711_obj-19zga09.nwb	13725216
sub-Bilbo/sub-Bilbo_ses-5_obj-m8b3zo_ecephys.nwb	149022084
sub-Wallie/sub-Wallie_ses-Wallie-20220911_obj-1t8o63m.nwb	3533544
sub-Totoro/sub-Totoro_ses-Totoro-20220602_obj-7os992_ecephys.nwb	233357728
sub-Wallie/sub-Wallie_ses-Wallie-20220914_obj-1g9culw.nwb	7076544
sub-Wallie/sub-Wallie_ses-Wallie-20220916_obj-o3bjns.nwb	3338880
sub-Totoro/sub-Totoro_ses-Totoro-20220614_obj-1t5erl2_behavior.nwb	6148096
sub-Totoro/sub-Totoro_ses-Totoro-20220607_obj-1nde83t.nwb	3710784
sub-Banner/sub-Banner_ses-Banner-20220224_obj-k7um5w.nwb	4000704
sub-Winnie/sub-Winnie_ses-Winnie-20220719_obj-1i7rd7y.nwb	2945824
sub-Wallie/sub-Wallie_ses-Wallie-20220922_obj-yq8tjv.nwb	14132736
sub-Yoshi/sub-Yoshi_ses-Yoshi-20220518_obj-j9xour.nwb	43861824
sub-Frodo/sub-Frodo_ses-5_obj-1e3r6i0_ecephys.nwb	28680320
sub-Banner/sub-Banner_ses-Banner-20220225_obj-14j5e84.nwb	91220936
sub-Bilbo/sub-Bilbo_ses-5_obj-1kdzhe5_ecephys.nwb	70624812
sub-Bilbo/sub-Bilbo_ses-5_obj-t77ck7_ecephys.nwb	3668400
sub-Totoro/sub-Totoro_ses-Totoro-20220614_obj-1h5huy8.nwb	3311296
sub-Olive/sub-Olive_ses-Olive-20220711_obj-bq985p.nwb	30884420
sub-Winnie/sub-Winnie_ses-Winnie-20220719_obj-uyoj0.nwb	471195452
sub-Winnie/sub-Winnie_ses-Winnie-20220717_obj-s8lila.nwb	3116448
sub-Wallie/sub-Wallie_ses-Wallie-20220922_obj-1x913yu.nwb	6664272
sub-Banner/sub-Banner_ses-Banner-20220225_obj-njfan1_behavior.nwb	13900552
sub-Wallie/sub-Wallie_ses-Wallie-20220922_obj-q2t1cx.nwb	6537348
sub-Wallie/sub-Wallie_ses-Wallie-20220922_obj-zq3y43.nwb	25661392
sub-Olive/sub-Olive_ses-Olive-20220707_obj-1nu12p4.nwb	1772320
sub-Wallie/sub-Wallie_ses-Wallie-20220912_obj-17t425c.nwb	3422952
sub-Totoro/sub-Totoro_ses-Totoro-20220614_obj-hwkulu.nwb	40765200
sub-Yoshi/sub-Yoshi_ses-Yoshi-20220517_obj-obirib.nwb	2348256
sub-Wallie/sub-Wallie_ses-Wallie-20220922_obj-rlzqy.nwb	123220200
sub-Winnie/sub-Winnie_ses-Winnie-20220719_obj-18jh7c2.nwb	51374932876
sub-Yoshi/sub-Yoshi_ses-Yoshi-20220518_obj-1fcjxh.nwb	240386076
sub-Winnie/sub-Winnie_ses-Winnie-20220719_obj-1meanni_behavior.nwb	6770560
sub-Odins/sub-Odins_ses-Odins-20220216_obj-azij7z.nwb	68979152
sub-Yoshi/sub-Yoshi_ses-Yoshi-20220517_obj-4luuz9.nwb	4232360
sub-Totoro/sub-Totoro_ses-Totoro-20220616_obj-1uk6ltc.nwb	27763474
sub-Odins/sub-Odins_ses-Odins-20220126_behavior+ecephys+image.nwb	48604976883
sub-Winnie/sub-Winnie_ses-Winnie-20220719_obj-pvl3ry.nwb	4154080
sub-Winnie/sub-Winnie_ses-Winnie-20220717_obj-1sy68hu.nwb	2770176
sub-Wallie/sub-Wallie_ses-Wallie-20220922_obj-1tvh29n_behavior.nwb	29601792
sub-Olive/sub-Olive_ses-Olive-20220711_obj-9iliy.nwb	3806264
sub-Wallie/sub-Wallie_ses-Wallie-20220912_obj-d984nl.nwb	176839588
sub-Totoro/sub-Totoro_ses-Totoro-20220614_obj-99s7is.nwb	52985136
sub-Yoshi/sub-Yoshi_ses-Yoshi-20220517_obj-1u00ggq.nwb	3245039496
sub-Olive/sub-Olive_ses-Olive-20220711_obj-tawir9.nwb	20427744
sub-Yoshi/sub-Yoshi_ses-Yoshi-20220517_obj-mjmtfg.nwb	3526496
sub-Olive/sub-Olive_ses-Olive-20220711_obj-1an30x9.nwb	3114216
sub-Wallie/sub-Wallie_ses-Wallie-20220922_obj-yomgyo.nwb	9039048
sub-Olive/sub-Olive_ses-Olive-20220711_obj-1tym9l7.nwb	7871920
sub-Frodo/sub-Frodo_ses-5_obj-1hrzlni_ecephys.nwb	7076587
sub-Totoro/sub-Totoro_ses-Totoro-20220614_obj-13l7gb8.nwb	37520224
sub-Winnie/sub-Winnie_ses-Winnie-20220719_obj-11wipl0_ecephys.nwb	198436140
sub-Yoshi/sub-Yoshi_ses-Yoshi-20220518_obj-1iej057.nwb	2422168
sub-Winnie/sub-Winnie_ses-Winnie-20220719_obj-1lyhh5z.nwb	4463504
sub-Yoshi/sub-Yoshi_ses-Yoshi-20220518_obj-11s312i.nwb	3114216
sub-Frodo/sub-Frodo_ses-5_obj-1lkp8z2_ecephys.nwb	8273320
sub-Totoro/sub-Totoro_ses-Totoro-20220603_obj-18fvq2t.nwb	90241392
sub-Bilbo/sub-Bilbo_ses-5_obj-94s916_ecephys.nwb	22177424
sub-Yoshi/sub-Yoshi_ses-Yoshi-20220518_obj-1mfh7dx.nwb	22700080
sub-Totoro/sub-Totoro_ses-Totoro-20220614_obj-af6zrf.nwb	33266628
sub-Totoro/sub-Totoro_ses-Totoro-20220614_obj-a0vzvi.nwb	19332608
sub-Yoshi/sub-Yoshi_ses-Yoshi-20220517_obj-5izfti.nwb	3330432
sub-Yoshi/sub-Yoshi_ses-Yoshi-20220518_obj-1k5k1gd.nwb	2653280
sub-Yoshi/sub-Yoshi_ses-Yoshi-20220517_obj-6edcyw.nwb	5923336
sub-Frodo/sub-Frodo_ses-5_obj-1hasi5v_ecephys.nwb	115635896
sub-Frodo/sub-Frodo_ses-5_obj-jxg8b2_ecephys.nwb	6630912
sub-Frodo/sub-Frodo_ses-5_obj-2ti31o_behavior+ecephys.nwb	5461150
sub-Yoshi/sub-Yoshi_ses-Yoshi-20220518_obj-29p86k.nwb	3806568
sub-Frodo/sub-Frodo_ses-3_obj-f3i9d3_ecephys.nwb	6219600
sub-Wallie/sub-Wallie_ses-Wallie-20220922_obj-ihmolv.nwb	3255296
sub-Yoshi/sub-Yoshi_ses-Yoshi-20220518_obj-cpvitm.nwb	3569152
sub-Banner/sub-Banner_ses-Banner-20220124_behavior+ecephys+image.nwb	21871205985
sub-Banner/sub-Banner_ses-Banner-20220225_obj-bjwm9v_behavior.nwb	174729868
sub-Olive/sub-Olive_ses-Olive-20220627_obj-9272de_behavior.nwb	196943092
sub-Totoro/sub-Totoro_ses-Totoro-20220607_obj-1290sst.nwb	100367456
sub-Winnie/sub-Winnie_ses-Winnie-20220719_obj-1kh5fch.nwb	25286012
sub-Yoshi/sub-Yoshi_ses-Yoshi-20220518_obj-1h850cc_ecephys.nwb	104734080
sub-Yoshi/sub-Yoshi_ses-Yoshi-20220517_obj-1obw6y2.nwb	7386951
sub-Wallie/sub-Wallie_ses-Wallie-20220914_obj-olmue2.nwb	2456776
sub-Yoshi/sub-Yoshi_ses-Yoshi-20220517_obj-19bvb8b.nwb	2805376
sub-Wallie/sub-Wallie_ses-Wallie-20220912_obj-1ior31e_behavior.nwb	347780220
sub-Frodo/sub-Frodo_ses-5_obj-9tifae_ecephys.nwb	128162300
sub-Winnie/sub-Winnie_ses-Winnie-20220719_obj-iyv5gb.nwb	5065112
sub-Totoro/sub-Totoro_ses-Totoro-20220616_obj-71w95d.nwb	7945688
sub-Frodo/sub-Frodo_ses-3_obj-1ezlub9_ecephys.nwb	5073984
sub-Olive/sub-Olive_ses-Olive-20220629_obj-27kkk2_ecephys.nwb	330613880
sub-Totoro/sub-Totoro_ses-Totoro-20220613_behavior+ecephys+image.nwb	117020062440
sub-Bilbo/sub-Bilbo_ses-5_obj-1y27k4f_ecephys.nwb	15701848
sub-Winnie/sub-Winnie_ses-Winnie-20220717_obj-1et4540_behavior.nwb	21846384
sub-Olive/sub-Olive_ses-Olive-20220711_obj-p3nd92.nwb	2422168
sub-Banner/sub-Banner_ses-Banner-20220224_obj-q0at3q_behavior.nwb	18522912
sub-Yoshi/sub-Yoshi_ses-Yoshi-20220517_obj-16psy04.nwb	2633288
sub-Winnie/sub-Winnie_ses-Winnie-20220720_obj-18468g4.nwb	34641216
sub-Bilbo/sub-Bilbo_ses-5_obj-2f9ohx_ecephys.nwb	8023664
sub-Yoshi/sub-Yoshi_ses-Yoshi-20220518_obj-y3o12p.nwb	70864768
sub-Frodo/sub-Frodo_ses-6_obj-9euvj0_ecephys.nwb	6858152
sub-Totoro/sub-Totoro_ses-Totoro-20220614_obj-d6odt.nwb	3422226
sub-Bilbo/sub-Bilbo_ses-5_obj-me8do5_ecephys.nwb	9831232
sub-Totoro/sub-Totoro_ses-Totoro-20220614_obj-1u9ub9o.nwb	3964320
sub-Olive/sub-Olive_ses-Olive-20220711_obj-1uws123.nwb	140175324
sub-Winnie/sub-Winnie_ses-Winnie-20220719_obj-1hk65ep.nwb	6885960
sub-Totoro/sub-Totoro_ses-Totoro-20220613_obj-c337ue_behavior.nwb	13688800
sub-Olive/sub-Olive_ses-Olive-20220711_obj-15ep3io_ecephys.nwb	174392556
sub-Winnie/sub-Winnie_ses-Winnie-20220717_obj-fymt3b_ecephys.nwb	297850020
sub-Winnie/sub-Winnie_ses-Winnie-20220719_obj-13d7gcf.nwb	4889520
sub-Yoshi/sub-Yoshi_ses-Yoshi-20220518_obj-1sfbasb.nwb	4297040
sub-Yoshi/sub-Yoshi_ses-Yoshi-20220513_obj-1lwls3j.nwb	4480048
sub-Bilbo/sub-Bilbo_ses-5_obj-1hn4ipg_ecephys.nwb	19701336
sub-Banner/sub-Banner_ses-Banner-20220124_obj-lnvoaf.nwb	95252080
sub-Frodo/sub-Frodo_ses-5_obj-g45w7h_ecephys.nwb	6662528
sub-Yoshi/sub-Yoshi_ses-Yoshi-20220518_obj-fdlbmv.nwb	5739456
sub-Wallie/sub-Wallie_ses-Wallie-20220922_obj-1ujhdhs.nwb	4030924
sub-Totoro/sub-Totoro_ses-Totoro-20220614_obj-igwt1f.nwb	3156224
sub-Wallie/sub-Wallie_ses-Wallie-20220922_obj-110snde.nwb	5564000
sub-Olive/sub-Olive_ses-Olive-20220711_behavior+ecephys+image.nwb	576292386573
sub-Totoro/sub-Totoro_ses-Totoro-20220614_obj-5kr3oe_behavior.nwb	19947776
sub-Frodo/sub-Frodo_ses-5_obj-fk6e2_ecephys.nwb	4984384
sub-Bilbo/sub-Bilbo_ses-5_obj-kol5lp_ecephys.nwb	5570568
sub-Totoro/sub-Totoro_ses-Totoro-20220614_obj-9s0mqg.nwb	72063800
sub-Winnie/sub-Winnie_ses-Winnie-20220714_obj-1lq4rbc_behavior.nwb	29952844
sub-Frodo/sub-Frodo_ses-5_obj-eomuxt_ecephys.nwb	8148000
sub-Winnie/sub-Winnie_ses-Winnie-20220719_obj-1m9edi9.nwb	334724644
sub-Totoro/sub-Totoro_ses-Totoro-20220617_obj-1vshwc0.nwb	5043035
sub-Wallie/sub-Wallie_ses-Wallie-20220922_obj-1y09vqy.nwb	2413680
sub-Totoro/sub-Totoro_ses-Totoro-20220615_obj-3any5t.nwb	6878756
sub-Frodo/sub-Frodo_ses-5_obj-4qvv1o_ecephys.nwb	11038576
sub-Winnie/sub-Winnie_ses-Winnie-20220719_obj-1ud3b2.nwb	514072996
sub-Yoshi/sub-Yoshi_ses-Yoshi-20220518_obj-ojk7tt.nwb	1961880
sub-Totoro/sub-Totoro_ses-Totoro-20220616_obj-1nqerjv.nwb	2327376
sub-Bilbo/sub-Bilbo_ses-5_obj-e775u1_ecephys.nwb	6230480
sub-Winnie/sub-Winnie_ses-Winnie-20220717_obj-4yvw2s.nwb	4229696
sub-Yoshi/sub-Yoshi_ses-Yoshi-20220518_obj-10stl1b.nwb	2124761148
sub-Wallie/sub-Wallie_ses-Wallie-20220922_obj-2p4p98_behavior.nwb	7360344
sub-Wallie/sub-Wallie_ses-Wallie-20220912_obj-1fqsg4q_behavior.nwb	12300672
sub-Frodo/sub-Frodo_ses-5_obj-d8p6j0_ecephys.nwb	64366048
sub-Olive/sub-Olive_ses-Olive-20220628_obj-1h67pi9_behavior.nwb	21744480
sub-Olive/sub-Olive_ses-Olive-20220711_obj-1g3qafq.nwb	40545404
sub-Totoro/sub-Totoro_ses-Totoro-20220616_obj-hd49tq.nwb	5269665
sub-Frodo/sub-Frodo_ses-5_obj-1oekqar_ecephys.nwb	3720120
sub-Wallie/sub-Wallie_ses-Wallie-20220912_obj-1vxhoz6_behavior.nwb	134769840
sub-Wallie/sub-Wallie_ses-Wallie-20220922_obj-1qnp26c.nwb	5317040
sub-Totoro/sub-Totoro_ses-Totoro-20220614_obj-4mdhjt.nwb	4901935
sub-Totoro/sub-Totoro_ses-Totoro-20220614_obj-19vysd7.nwb	2682815
sub-Winnie/sub-Winnie_ses-Winnie-20220717_obj-1a0azl5.nwb	2770176
sub-Yoshi/sub-Yoshi_ses-Yoshi-20220517_obj-58wm17.nwb	36735604
sub-Winnie/sub-Winnie_ses-Winnie-20220719_obj-1mf9q8f.nwb	3843040
sub-Totoro/sub-Totoro_ses-Totoro-20220614_obj-1c08je6.nwb	3128320
sub-Totoro/sub-Totoro_ses-Totoro-20220614_obj-pkrxna.nwb	3460240
sub-Olive/sub-Olive_ses-Olive-20220627_obj-yy7jg4.nwb	3240768
sub-Wallie/sub-Wallie_ses-Wallie-20220922_obj-n9eex.nwb	5613718
sub-Bilbo/sub-Bilbo_ses-5_obj-g5xs9l_ecephys.nwb	8091588
sub-Frodo/sub-Frodo_ses-5_obj-o6p7yb_ecephys.nwb	5615136
sub-Yoshi/sub-Yoshi_ses-Yoshi-20220513_obj-6ntsw6.nwb	6457272
sub-Yoshi/sub-Yoshi_ses-Yoshi-20220517_obj-1r9ro33.nwb	2302464
sub-Bilbo/sub-Bilbo_ses-5_obj-1ett7to_behavior+ecephys.nwb	5568360
sub-Winnie/sub-Winnie_ses-Winnie-20220719_obj-zd9qy5.nwb	29268692
sub-Yoshi/sub-Yoshi_ses-Yoshi-20220518_obj-13wpn8a.nwb	3115456
sub-Yoshi/sub-Yoshi_ses-Yoshi-20220509_obj-6dg4cr_ecephys.nwb	42590304
sub-Totoro/sub-Totoro_ses-Totoro-20220614_obj-hog9c3.nwb	11530336
sub-Yoshi/sub-Yoshi_ses-Yoshi-20220517_obj-8ukqme_behavior.nwb	219218644
sub-Winnie/sub-Winnie_ses-Winnie-20220719_obj-1efd297.nwb	3324600
sub-Wallie/sub-Wallie_ses-Wallie-20220914_obj-167np9t.nwb	2514120
sub-Frodo/sub-Frodo_ses-5_behavior+ecephys+image.nwb	582416390732
sub-Wallie/sub-Wallie_ses-Wallie-20220922_obj-p81vfd.nwb	8238312
sub-Wallie/sub-Wallie_ses-Wallie-20220922_obj-ssa7sf.nwb	2424128
sub-Yoshi/sub-Yoshi_ses-Yoshi-20220518_obj-hiiv20.nwb	3862640
sub-Yoshi/sub-Yoshi_ses-Yoshi-20220517_obj-g5d57i.nwb	8728080
sub-Yoshi/sub-Yoshi_ses-Yoshi-20220509_behavior+ecephys+image.nwb	412506493832
sub-Olive/sub-Olive_ses-Olive-20220711_obj-1ipgpus.nwb	2434080
sub-Banner/sub-Banner_ses-Banner-20220124_obj-12skah3_behavior.nwb	28249596
sub-Yoshi/sub-Yoshi_ses-Yoshi-20220509_obj-m5pvem.nwb	3242816
sub-Bilbo/sub-Bilbo_ses-5_obj-ha4043_ecephys.nwb	50409640
sub-Olive/sub-Olive_ses-Olive-20220711_obj-1e0crtm_behavior.nwb	5292372
sub-Banner/sub-Banner_ses-Banner-20220225_obj-sydja5_ecephys.nwb	461192240
sub-Wallie/sub-Wallie_ses-Wallie-20220922_obj-1v5qgi2.nwb	2426160
sub-Wallie/sub-Wallie_ses-Wallie-20220922_obj-j0wc63.nwb	2864456
sub-Wallie/sub-Wallie_ses-Wallie-20220914_obj-w3p3am.nwb	7505600
sub-Winnie/sub-Winnie_ses-Winnie-20220713_obj-dggsyd.nwb	164316188
sub-Winnie/sub-Winnie_ses-Winnie-20220719_obj-3fwdvm.nwb	165815444
sub-Bilbo/sub-Bilbo_ses-5_obj-yrfdl4_behavior+ecephys.nwb	20574464
sub-Wallie/sub-Wallie_ses-Wallie-20220922_obj-pyp58p.nwb	5384600
sub-Frodo/sub-Frodo_ses-5_obj-158iqch_ecephys.nwb	5600560
sub-Frodo/sub-Frodo_ses-5_obj-1kewdzx_ecephys.nwb	7109582
sub-Yoshi/sub-Yoshi_ses-Yoshi-20220518_obj-g34ov9.nwb	5358400
sub-Wallie/sub-Wallie_ses-Wallie-20220914_obj-1l89cxg.nwb	6274624
sub-Wallie/sub-Wallie_ses-Wallie-20220922_obj-h91442.nwb	3594816
sub-Wallie/sub-Wallie_ses-Wallie-20220922_obj-1vyjmpx.nwb	5183570
sub-Frodo/sub-Frodo_ses-5_obj-o0fb9v_ecephys.nwb	7699608
sub-Bilbo/sub-Bilbo_ses-5_obj-c5kxhe_ecephys.nwb	7402352
sub-Wallie/sub-Wallie_ses-Wallie-20220922_obj-1iuxqup.nwb	6608280
sub-Yoshi/sub-Yoshi_ses-Yoshi-20220517_obj-r3ol7m.nwb	23677008
sub-Yoshi/sub-Yoshi_ses-Yoshi-20220518_obj-t8c67m.nwb	69936688
sub-Olive/sub-Olive_ses-Olive-20220711_obj-1sg4onu.nwb	25948720
sub-Totoro/sub-Totoro_ses-Totoro-20220614_obj-10raanc_behavior.nwb	7122352
sub-Winnie/sub-Winnie_ses-Winnie-20220717_obj-1xvpbhl.nwb	133757988
sub-Frodo/sub-Frodo_ses-3_obj-4p1wbt_ecephys.nwb	6449080
sub-Winnie/sub-Winnie_ses-Winnie-20220719_obj-1p85fec.nwb	3435000
sub-Totoro/sub-Totoro_ses-Totoro-20220607_obj-kpnxww.nwb	5998400
sub-Winnie/sub-Winnie_ses-Winnie-20220717_obj-9zfvcw.nwb	2423904
sub-Yoshi/sub-Yoshi_ses-Yoshi-20220513_obj-qxzxga_behavior.nwb	203737956
sub-Winnie/sub-Winnie_ses-Winnie-20220717_obj-1loqk29.nwb	27724780
sub-Bilbo/sub-Bilbo_ses-5_obj-x9z5dj_behavior+ecephys.nwb	12895552
sub-Winnie/sub-Winnie_ses-Winnie-20220717_obj-a5ua8x.nwb	4529560
sub-Frodo/sub-Frodo_ses-1_obj-roxds8_ecephys.nwb	503246680
sub-Wallie/sub-Wallie_ses-Wallie-20220911_obj-1ohcna5.nwb	59901216
sub-Yoshi/sub-Yoshi_ses-Yoshi-20220518_obj-114xwe4.nwb	46842380
sub-Yoshi/sub-Yoshi_ses-Yoshi-20220517_obj-1loiv90.nwb	32863084
sub-Yoshi/sub-Yoshi_ses-Yoshi-20220510_obj-mhn2hw_ecephys.nwb	77221564
sub-Frodo/sub-Frodo_ses-5_obj-1gxusf2_behavior+ecephys.nwb	7382858
sub-Olive/sub-Olive_ses-Olive-20220711_obj-4013rr.nwb	10660960
sub-Yoshi/sub-Yoshi_ses-Yoshi-20220510_obj-1m9s1ck.nwb	58371024
sub-Winnie/sub-Winnie_ses-Winnie-20220719_obj-1lteyqt.nwb	1415081716
sub-Banner/sub-Banner_ses-Banner-20220224_obj-vr2omo.nwb	4908220
sub-Frodo/sub-Frodo_ses-5_obj-96v0nj_behavior+ecephys.nwb	12043728
sub-Wallie/sub-Wallie_ses-Wallie-20220922_obj-hgu2ll.nwb	3482304
sub-Bilbo/sub-Bilbo_ses-3_obj-y40htz_ecephys.nwb	101306668
sub-Yoshi/sub-Yoshi_ses-Yoshi-20220517_obj-kmjfxz.nwb	79846124
sub-Totoro/sub-Totoro_ses-Totoro-20220614_obj-13114hh.nwb	3558336
sub-Yoshi/sub-Yoshi_ses-Yoshi-20220513_obj-1ganspm.nwb	2692760
sub-Yoshi/sub-Yoshi_ses-Yoshi-20220518_obj-8z5ad7_ecephys.nwb	299533836
sub-Frodo/sub-Frodo_ses-6_obj-okc5lp_ecephys.nwb	80452629
sub-Yoshi/sub-Yoshi_ses-Yoshi-20220518_obj-e0bpic.nwb	3460240
sub-Frodo/sub-Frodo_ses-5_obj-1p7o49u_ecephys.nwb	8760544
sub-Olive/sub-Olive_ses-Olive-20220711_obj-1vxn3wu.nwb	4761576
sub-Yoshi/sub-Yoshi_ses-Yoshi-20220509_obj-1q5cv80.nwb	200451428
sub-Bilbo/sub-Bilbo_ses-5_obj-py8292_ecephys.nwb	9933832
sub-Wallie/sub-Wallie_ses-Wallie-20220911_obj-1o2mmg5_behavior.nwb	303636012
sub-Winnie/sub-Winnie_ses-Winnie-20220717_obj-cxj7qn.nwb	3924080
sub-Wallie/sub-Wallie_ses-Wallie-20220922_obj-sjcvec.nwb	14722336
sub-Yoshi/sub-Yoshi_ses-Yoshi-20220518_obj-1t8awsy_behavior.nwb	141734524
sub-Yoshi/sub-Yoshi_ses-Yoshi-20220517_obj-vvozp8.nwb	13971100
sub-Yoshi/sub-Yoshi_ses-Yoshi-20220518_obj-1i2454o.nwb	2450840
sub-Yoshi/sub-Yoshi_ses-Yoshi-20220513_obj-1wgzcfc.nwb	25494232
sub-Wallie/sub-Wallie_ses-Wallie-20220922_obj-juhg4q.nwb	3460320
sub-Totoro/sub-Totoro_ses-Totoro-20220607_obj-64oxdf.nwb	326745836
sub-Olive/sub-Olive_ses-Olive-20220711_obj-15qpsdd_behavior.nwb	17750470
sub-Frodo/sub-Frodo_ses-5_obj-1pvdlu_ecephys.nwb	218985214
sub-Banner/sub-Banner_ses-Banner-20220216_obj-1y96430_behavior.nwb	24793800
sub-Yoshi/sub-Yoshi_ses-Yoshi-20220518_obj-1kf6qgc.nwb	2946960
sub-Olive/sub-Olive_ses-Olive-20220711_obj-b1lusi.nwb	2076144
sub-Wallie/sub-Wallie_ses-Wallie-20220922_obj-1j5ux7p.nwb	98676444
sub-Olive/sub-Olive_ses-Olive-20220629_obj-kvwhp_ecephys.nwb	340370454
sub-Winnie/sub-Winnie_ses-Winnie-20220717_obj-zocmpb.nwb	3808992
sub-Totoro/sub-Totoro_ses-Totoro-20220614_obj-rfzzsq.nwb	56232412
sub-Olive/sub-Olive_ses-Olive-20220711_obj-jf4lzd.nwb	5499120
sub-Yoshi/sub-Yoshi_ses-Yoshi-20220517_obj-1wp8kf.nwb	4124304
sub-Winnie/sub-Winnie_ses-Winnie-20220719_obj-w1thl6.nwb	1991932424
sub-Wallie/sub-Wallie_ses-Wallie-20220922_obj-flrfrs.nwb	8189376
sub-Wallie/sub-Wallie_ses-Wallie-20220912_obj-nd162i_ecephys.nwb	304509420
sub-Yoshi/sub-Yoshi_ses-Yoshi-20220517_obj-olhblu.nwb	9914868
sub-Winnie/sub-Winnie_ses-Winnie-20220719_obj-mgfz7t.nwb	273662736
sub-Totoro/sub-Totoro_ses-Totoro-20220603_obj-16sn97s.nwb	71239940
sub-Wallie/sub-Wallie_ses-Wallie-20220922_obj-1tc9upc.nwb	4406912
sub-Frodo/sub-Frodo_ses-3_obj-1tcfhfp_ecephys.nwb	5008448
sub-Frodo/sub-Frodo_ses-4_obj-18x05i4_ecephys.nwb	31747016
sub-Yoshi/sub-Yoshi_ses-Yoshi-20220517_obj-pkaqbq.nwb	2742264
sub-Yoshi/sub-Yoshi_ses-Yoshi-20220513_obj-1ctv0fj.nwb	5799472
sub-Yoshi/sub-Yoshi_ses-Yoshi-20220517_obj-arj8ef.nwb	2934672
sub-Totoro/sub-Totoro_ses-Totoro-20220614_obj-djvitd.nwb	103128096
sub-Wallie/sub-Wallie_ses-Wallie-20220922_obj-zehgan.nwb	129958688
sub-Yoshi/sub-Yoshi_ses-Yoshi-20220518_obj-iq9nzb.nwb	2893056
sub-Yoshi/sub-Yoshi_ses-Yoshi-20220518_obj-dzx89x.nwb	2772824
sub-Frodo/sub-Frodo_ses-5_obj-1nax29l_ecephys.nwb	31701800
sub-Winnie/sub-Winnie_ses-Winnie-20220719_obj-4q5y9x_behavior.nwb	8106606
sub-Winnie/sub-Winnie_ses-Winnie-20220719_obj-1p1njhh.nwb	985083728
sub-Winnie/sub-Winnie_ses-Winnie-20220719_obj-1bcws5o.nwb	3050496
sub-Wallie/sub-Wallie_ses-Wallie-20220911_obj-1igynjr.nwb	137327928
sub-Wallie/sub-Wallie_ses-Wallie-20220914_obj-8qqpia.nwb	29167784
sub-Wallie/sub-Wallie_ses-Wallie-20220922_obj-1oe520c.nwb	3345624
sub-Wallie/sub-Wallie_ses-Wallie-20220911_obj-1bwp21q.nwb	2875712
sub-Wallie/sub-Wallie_ses-Wallie-20220922_obj-1n551yr.nwb	3993280
sub-Yoshi/sub-Yoshi_ses-Yoshi-20220517_obj-1sn7hqi.nwb	3299360
sub-Olive/sub-Olive_ses-Olive-20220628_obj-1p19h3b.nwb	45594112
sub-Yoshi/sub-Yoshi_ses-Yoshi-20220510_obj-1dr13y9.nwb	112253464
sub-Totoro/sub-Totoro_ses-Totoro-20220614_obj-t2v5p5.nwb	2768192
sub-Winnie/sub-Winnie_ses-Winnie-20220719_obj-1e5qbqp.nwb	18163937656
sub-Bilbo/sub-Bilbo_ses-5_obj-eevotm_ecephys.nwb	21564880
sub-Olive/sub-Olive_ses-Olive-20220628_obj-9iepqm.nwb	109667424
sub-Wallie/sub-Wallie_ses-Wallie-20220922_obj-1cwl5bf.nwb	7033392
sub-Wallie/sub-Wallie_ses-Wallie-20220922_obj-11r8mc9.nwb	2908352
sub-Winnie/sub-Winnie_ses-Winnie-20220717_obj-763mf8_behavior.nwb	221180912
sub-Yoshi/sub-Yoshi_ses-Yoshi-20220518_obj-1wkrxyc.nwb	3221824
sub-Frodo/sub-Frodo_ses-7_obj-1e52ghq_ecephys.nwb	1442992
sub-Winnie/sub-Winnie_ses-Winnie-20220715_obj-1xrhvpa.nwb	2280336
sub-Yoshi/sub-Yoshi_ses-Yoshi-20220518_obj-miuzl0.nwb	3016448
sub-Yoshi/sub-Yoshi_ses-Yoshi-20220517_obj-1l4pac6_ecephys.nwb	225050836
sub-Winnie/sub-Winnie_ses-Winnie-20220719_obj-1iymtyi_ecephys.nwb	453724220
sub-Olive/sub-Olive_ses-Olive-20220711_obj-13hwsj0.nwb	2422168
sub-Odins/sub-Odins_ses-Odins-20220124_obj-u3pv86_ecephys.nwb	391916776
sub-Winnie/sub-Winnie_ses-Winnie-20220719_obj-1mdytm4.nwb	6956304
sub-Yoshi/sub-Yoshi_ses-Yoshi-20220518_obj-vbh2js.nwb	4230400
sub-Frodo/sub-Frodo_ses-5_obj-2eplv8_ecephys.nwb	6862944
sub-Totoro/sub-Totoro_ses-Totoro-20220614_obj-3awg3.nwb	2733024
sub-Wallie/sub-Wallie_ses-Wallie-20220914_obj-16jp5ag.nwb	3855816
sub-Wallie/sub-Wallie_ses-Wallie-20220922_obj-h7s8jo.nwb	110778484
sub-Yoshi/sub-Yoshi_ses-Yoshi-20220518_obj-1whms8q.nwb	2691080
sub-Yoshi/sub-Yoshi_ses-Yoshi-20220518_obj-12e4iiw_behavior.nwb	19777824
sub-Bilbo/sub-Bilbo_ses-5_obj-1frwo2_ecephys.nwb	8322072
sub-Winnie/sub-Winnie_ses-Winnie-20220719_obj-etg7q3.nwb	475467964
sub-Yoshi/sub-Yoshi_ses-Yoshi-20220518_obj-1m32kjz_behavior.nwb	21115456
sub-Yoshi/sub-Yoshi_ses-Yoshi-20220517_obj-wghk4w.nwb	3114216
sub-Banner/sub-Banner_ses-Banner-20220225_obj-qni1e_behavior.nwb	20910628
sub-Frodo/sub-Frodo_ses-5_obj-1tdenmp_ecephys.nwb	8050680
sub-Winnie/sub-Winnie_ses-Winnie-20220719_obj-jx00yw_behavior.nwb	12558968
sub-Totoro/sub-Totoro_ses-Totoro-20220613_obj-gokas.nwb	2396256
sub-Frodo/sub-Frodo_ses-5_obj-1jf2qzi_ecephys.nwb	25879848
sub-Olive/sub-Olive_ses-Olive-20220711_obj-4v05gt_behavior.nwb	24264200
sub-Frodo/sub-Frodo_ses-5_obj-1lb8jwa_ecephys.nwb	5890185
sub-Winnie/sub-Winnie_ses-Winnie-20220719_obj-101673d_ecephys.nwb	198525588
sub-Totoro/sub-Totoro_ses-Totoro-20220614_obj-rzffrg.nwb	4754416
sub-Winnie/sub-Winnie_ses-Winnie-20220719_obj-1gphr67_ecephys.nwb	268058316
sub-Frodo/sub-Frodo_ses-5_obj-1qbq2hj_ecephys.nwb	10404032
sub-Bilbo/sub-Bilbo_ses-5_obj-4k621z_ecephys.nwb	7644906
sub-Winnie/sub-Winnie_ses-Winnie-20220714_obj-12kx6ax.nwb	1521408
sub-Yoshi/sub-Yoshi_ses-Yoshi-20220517_obj-g4ved6.nwb	3114216
sub-Yoshi/sub-Yoshi_ses-Yoshi-20220517_obj-1ngiq10.nwb	45060776
sub-Yoshi/sub-Yoshi_ses-Yoshi-20220510_obj-vcu50r_ecephys.nwb	315019648
sub-Winnie/sub-Winnie_ses-Winnie-20220713_obj-2unxh0.nwb	115727612
sub-Wallie/sub-Wallie_ses-Wallie-20220922_obj-u60105.nwb	1730176
sub-Totoro/sub-Totoro_ses-Totoro-20220613_obj-15kklf0.nwb	3519288
sub-Yoshi/sub-Yoshi_ses-Yoshi-20220517_obj-1wmomj7_behavior.nwb	21765096
sub-Totoro/sub-Totoro_ses-Totoro-20220615_obj-1hfktd1.nwb	4844808
sub-Totoro/sub-Totoro_ses-Totoro-20220607_obj-1f0ygq5.nwb	3124640
sub-Totoro/sub-Totoro_ses-Totoro-20220616_obj-1cf7flb.nwb	3384720
sub-Yoshi/sub-Yoshi_ses-Yoshi-20220517_obj-oba1dw.nwb	124204368
sub-Yoshi/sub-Yoshi_ses-Yoshi-20220517_obj-ljegsy.nwb	116443544
sub-Frodo/sub-Frodo_ses-5_obj-1hm7n1q_ecephys.nwb	87194820
sub-Bilbo/sub-Bilbo_ses-5_obj-f3fget_ecephys.nwb	21815984
sub-Wallie/sub-Wallie_ses-Wallie-20220922_obj-129iuz9.nwb	2810048
sub-Wallie/sub-Wallie_ses-Wallie-20220922_obj-1xpw469.nwb	2810048
sub-Yoshi/sub-Yoshi_ses-Yoshi-20220517_obj-107du0m.nwb	3784128
sub-Winnie/sub-Winnie_ses-Winnie-20220719_obj-1c9q59p_behavior.nwb	19853714
sub-Wallie/sub-Wallie_ses-Wallie-20220922_obj-1mzj46i_behavior.nwb	181040896
sub-Wallie/sub-Wallie_ses-Wallie-20220922_obj-wojsrk.nwb	2742656
sub-Olive/sub-Olive_ses-Olive-20220711_obj-fa18qj.nwb	4639296
sub-Frodo/sub-Frodo_ses-5_obj-g0i7iy_ecephys.nwb	8081856
sub-Frodo/sub-Frodo_ses-4_obj-17h2e4q_ecephys.nwb	40069152
sub-Frodo/sub-Frodo_ses-5_obj-ge8hq5_ecephys.nwb	21221100
sub-Olive/sub-Olive_ses-Olive-20220711_obj-1mud5vw.nwb	206311060
sub-Winnie/sub-Winnie_ses-Winnie-20220719_obj-1bqkgp5.nwb	794981772
sub-Wallie/sub-Wallie_ses-Wallie-20220922_obj-1yw3amt.nwb	2905152
sub-Bilbo/sub-Bilbo_ses-5_obj-16acqf3_ecephys.nwb	127598932
sub-Yoshi/sub-Yoshi_ses-Yoshi-20220513_obj-jclqa3.nwb	6252384
sub-Wallie/sub-Wallie_ses-Wallie-20220922_obj-1jnmtl8.nwb	3933528
sub-Bilbo/sub-Bilbo_ses-5_obj-tccu8b_behavior+ecephys.nwb	19501512
sub-Yoshi/sub-Yoshi_ses-Yoshi-20220517_obj-1cvcday.nwb	92983876
sub-Yoshi/sub-Yoshi_ses-Yoshi-20220518_obj-uufjh4_behavior.nwb	13693552
sub-Yoshi/sub-Yoshi_ses-Yoshi-20220518_obj-171ysso.nwb	10851200
sub-Frodo/sub-Frodo_ses-5_obj-1qwra3z_ecephys.nwb	8192720
sub-Winnie/sub-Winnie_ses-Winnie-20220719_obj-358c0w.nwb	51910748
sub-Olive/sub-Olive_ses-Olive-20220711_obj-1hlvssc_behavior.nwb	8083566
sub-Bilbo/sub-Bilbo_ses-5_obj-qg1ago_ecephys.nwb	7921600
sub-Bilbo/sub-Bilbo_ses-5_obj-404llo_ecephys.nwb	8010296
sub-Banner/sub-Banner_ses-Banner-20220124_obj-1938kg5.nwb	95634736
sub-Yoshi/sub-Yoshi_ses-Yoshi-20220513_obj-q851ys.nwb	4745264
sub-Bilbo/sub-Bilbo_ses-5_obj-1tkwzpg_ecephys.nwb	8059136
sub-Yoshi/sub-Yoshi_ses-Yoshi-20220517_obj-1ujg89h.nwb	2422168
sub-Totoro/sub-Totoro_ses-Totoro-20220614_obj-1qapa8m.nwb	9164720
sub-Winnie/sub-Winnie_ses-Winnie-20220717_obj-vcnjn0.nwb	3114176
sub-Totoro/sub-Totoro_ses-Totoro-20220617_obj-1hfv64p.nwb	4919985
sub-Winnie/sub-Winnie_ses-Winnie-20220719_obj-1l4cqvb.nwb	59356597
sub-Totoro/sub-Totoro_ses-Totoro-20220607_obj-w7x27n.nwb	5558224
sub-Yoshi/sub-Yoshi_ses-Yoshi-20220518_obj-aidpu8.nwb	96341332
sub-Yoshi/sub-Yoshi_ses-Yoshi-20220513_obj-1b92dzz.nwb	5561960
sub-Wallie/sub-Wallie_ses-Wallie-20220914_obj-cs16mk.nwb	15010360
sub-Yoshi/sub-Yoshi_ses-Yoshi-20220517_obj-n8psty.nwb	3444352
sub-Wallie/sub-Wallie_ses-Wallie-20220922_obj-kb0fue.nwb	145913608
sub-Bilbo/sub-Bilbo_ses-5_obj-4qjzmy_ecephys.nwb	17090157
sub-Wallie/sub-Wallie_ses-Wallie-20220922_obj-1it5asi.nwb	3863816
sub-Wallie/sub-Wallie_ses-Wallie-20220914_obj-16468tj_behavior.nwb	19340432
sub-Totoro/sub-Totoro_ses-Totoro-20220614_obj-1oonihs.nwb	2422168
sub-Winnie/sub-Winnie_ses-Winnie-20220719_obj-1g6wxyl.nwb	6281896
sub-Frodo/sub-Frodo_ses-3_obj-109ia9x_ecephys.nwb	6219600
sub-Yoshi/sub-Yoshi_ses-Yoshi-20220517_obj-rfz5bf.nwb	2359008
sub-Frodo/sub-Frodo_ses-5_obj-1bzptdo_ecephys.nwb	6411168
sub-Frodo/sub-Frodo_ses-5_obj-sx5qzz_ecephys.nwb	9047120
sub-Yoshi/sub-Yoshi_ses-Yoshi-20220518_obj-15t3910.nwb	4511984
sub-Winnie/sub-Winnie_ses-Winnie-20220720_obj-1qgib85.nwb	4069160
sub-Winnie/sub-Winnie_ses-Winnie-20220719_obj-1x5ol20.nwb	114314064
sub-Frodo/sub-Frodo_ses-5_obj-12a1q5_ecephys.nwb	5056688
sub-Odins/sub-Odins_ses-Odins-20220216_obj-1p2eh73.nwb	50618720
sub-Olive/sub-Olive_ses-Olive-20220711_obj-jxih9v.nwb	6177248
sub-Odins/sub-Odins_ses-Odins-20220216_obj-13ujesy_behavior.nwb	9321436
sub-Yoshi/sub-Yoshi_ses-Yoshi-20220510_obj-o8p1xf.nwb	4917888
sub-Yoshi/sub-Yoshi_ses-Yoshi-20220517_obj-4ge3q7.nwb	4497328
sub-Frodo/sub-Frodo_ses-5_obj-xt0zg9_ecephys.nwb	32271284
sub-Winnie/sub-Winnie_ses-Winnie-20220719_obj-uj3iud.nwb	586802560
sub-Bilbo/sub-Bilbo_ses-5_obj-x1mo3h_behavior+ecephys.nwb	135886804
sub-Yoshi/sub-Yoshi_ses-Yoshi-20220517_obj-1j3nj1l.nwb	4118640
sub-Wallie/sub-Wallie_ses-Wallie-20220922_obj-zah4ft.nwb	4438400
sub-Winnie/sub-Winnie_ses-Winnie-20220719_obj-qvfc0f.nwb	2990456
sub-Olive/sub-Olive_ses-Olive-20220711_obj-jm2qp3.nwb	8803790
sub-Wallie/sub-Wallie_ses-Wallie-20220922_obj-66i1d7_behavior.nwb	9491310
sub-Banner/sub-Banner_ses-Banner-20220224_obj-dhrxve_behavior.nwb	19377692
sub-Totoro/sub-Totoro_ses-Totoro-20220613_obj-1p9mum6.nwb	5983680
sub-Banner/sub-Banner_ses-Banner-20220224_obj-iutxtx_behavior.nwb	20173216
sub-Yoshi/sub-Yoshi_ses-Yoshi-20220518_obj-1c6p7cj.nwb	4157632
sub-Banner/sub-Banner_ses-Banner-20220225_obj-8tv1w3.nwb	161078136
sub-Winnie/sub-Winnie_ses-Winnie-20220719_obj-1iypw82_behavior.nwb	18290510
sub-Winnie/sub-Winnie_ses-Winnie-20220719_obj-a4z1qa.nwb	4886208
sub-Totoro/sub-Totoro_ses-Totoro-20220614_obj-ragvlg.nwb	2383776
sub-Frodo/sub-Frodo_ses-5_obj-xgi7ot_ecephys.nwb	5978432
sub-Olive/sub-Olive_ses-Olive-20220627_obj-ndoqtc_behavior.nwb	15849720
sub-Yoshi/sub-Yoshi_ses-Yoshi-20220517_obj-1t2y02s.nwb	5957774
sub-Olive/sub-Olive_ses-Olive-20220627_obj-1svcqe6.nwb	59018464
sub-Totoro/sub-Totoro_ses-Totoro-20220615_obj-ohm05x.nwb	4063010
sub-Frodo/sub-Frodo_ses-5_obj-1xfvipr_ecephys.nwb	9188752
sub-Wallie/sub-Wallie_ses-Wallie-20220922_obj-8dap2r.nwb	7858368
sub-Yoshi/sub-Yoshi_ses-Yoshi-20220509_obj-1cs11yl_behavior.nwb	28727912
sub-Yoshi/sub-Yoshi_ses-Yoshi-20220518_obj-14q0pd5.nwb	3460240
sub-Wallie/sub-Wallie_ses-Wallie-20220922_obj-15nas21.nwb	3818160
sub-Yoshi/sub-Yoshi_ses-Yoshi-20220517_obj-it63m3.nwb	47201856
sub-Banner/sub-Banner_ses-Banner-20220225_obj-1mb1hw_behavior.nwb	19884612
sub-Olive/sub-Olive_ses-Olive-20220711_obj-1523ca5.nwb	87647968
sub-Bilbo/sub-Bilbo_ses-3_obj-7wru5j_behavior+ecephys.nwb	92402728
sub-Yoshi/sub-Yoshi_ses-Yoshi-20220518_obj-fmrmyk.nwb	131787124
sub-Winnie/sub-Winnie_ses-Winnie-20220719_obj-y01ox4.nwb	128873872
sub-Frodo/sub-Frodo_ses-2_obj-4xe3dr_ecephys.nwb	104796568
sub-Olive/sub-Olive_ses-Olive-20220628_obj-1tj5tw5_behavior.nwb	169967452
sub-Banner/sub-Banner_ses-Banner-20220224_obj-1chbkv1_behavior.nwb	24416052
sub-Bilbo/sub-Bilbo_ses-5_obj-o2cmbc_behavior+ecephys.nwb	20024176
sub-Banner/sub-Banner_ses-Banner-20220224_obj-fbl6mg_behavior.nwb	78737516
sub-Totoro/sub-Totoro_ses-Totoro-20220614_obj-1aa7l4u.nwb	129634044
sub-Yoshi/sub-Yoshi_ses-Yoshi-20220517_obj-1xyudvz.nwb	5125925
sub-Frodo/sub-Frodo_ses-5_obj-1siwpi3_ecephys.nwb	9355504
sub-Yoshi/sub-Yoshi_ses-Yoshi-20220509_obj-1aqbqw9_ecephys.nwb	237520944
sub-Winnie/sub-Winnie_ses-Winnie-20220717_obj-aqu088.nwb	32936548
sub-Yoshi/sub-Yoshi_ses-Yoshi-20220518_obj-18xawxd_behavior.nwb	176946424
sub-Frodo/sub-Frodo_ses-5_obj-yviwwl_ecephys.nwb	4351296
sub-Frodo/sub-Frodo_ses-5_obj-xwlk90_ecephys.nwb	7886648
sub-Wallie/sub-Wallie_ses-Wallie-20220911_behavior+ecephys+image.nwb	439424190432
sub-Wallie/sub-Wallie_ses-Wallie-20220914_obj-dikxrc.nwb	2823320
sub-Frodo/sub-Frodo_ses-5_obj-1aw7bzw_ecephys.nwb	7225920
sub-Yoshi/sub-Yoshi_ses-Yoshi-20220509_obj-sed2o2_ecephys.nwb	47113916
sub-Totoro/sub-Totoro_ses-Totoro-20220607_obj-whwwp9.nwb	3560760
sub-Wallie/sub-Wallie_ses-Wallie-20220922_obj-vs9ozk.nwb	2151552
sub-Winnie/sub-Winnie_ses-Winnie-20220719_obj-zw3syn_ecephys.nwb	373017536
sub-Totoro/sub-Totoro_ses-Totoro-20220607_obj-1ad545n.nwb	7759808
sub-Yoshi/sub-Yoshi_ses-Yoshi-20220517_obj-99jie4.nwb	1918720
sub-Yoshi/sub-Yoshi_ses-Yoshi-20220509_obj-1bdacjq_behavior.nwb	10773648
sub-Frodo/sub-Frodo_ses-5_obj-1j22fe2_ecephys.nwb	8020224
sub-Yoshi/sub-Yoshi_ses-Yoshi-20220518_obj-1nq7hnh_behavior.nwb	21522816
sub-Yoshi/sub-Yoshi_ses-Yoshi-20220513_obj-9k8276.nwb	3087616
sub-Totoro/sub-Totoro_ses-Totoro-20220614_obj-y3sq0z.nwb	2422168
sub-Winnie/sub-Winnie_ses-Winnie-20220719_obj-byrzch.nwb	1707238852
sub-Totoro/sub-Totoro_ses-Totoro-20220531_obj-wsybg9_ecephys.nwb	237888218
sub-Winnie/sub-Winnie_ses-Winnie-20220717_obj-1yhv2n6.nwb	3063424
sub-Odins/sub-Odins_ses-Odins-20220126_obj-6vzvq2_ecephys.nwb	34137596
sub-Frodo/sub-Frodo_ses-5_obj-1175h3g_ecephys.nwb	5833984
sub-Wallie/sub-Wallie_ses-Wallie-20220922_obj-1jdwk74.nwb	3512560
sub-Yoshi/sub-Yoshi_ses-Yoshi-20220517_obj-1455ff3.nwb	2149872
sub-Banner/sub-Banner_ses-Banner-20220225_obj-sr6b7x.nwb	13119360
sub-Olive/sub-Olive_ses-Olive-20220711_obj-bhwsdt.nwb	4919472
sub-Wallie/sub-Wallie_ses-Wallie-20220922_obj-1gnxjc5.nwb	2424128
sub-Totoro/sub-Totoro_ses-Totoro-20220615_obj-mcym11.nwb	3517395
sub-Olive/sub-Olive_ses-Olive-20220629_obj-mxny3p_behavior.nwb	191370236
sub-Bilbo/sub-Bilbo_ses-5_obj-1oi6eat_ecephys.nwb	7724704
sub-Wallie/sub-Wallie_ses-Wallie-20220922_obj-1ldl7k9.nwb	2151552
sub-Totoro/sub-Totoro_ses-Totoro-20220613_obj-18rj168.nwb	3887360
sub-Bilbo/sub-Bilbo_ses-3_obj-h2yl9k_ecephys.nwb	6706400
sub-Bilbo/sub-Bilbo_ses-5_obj-1cduib5_ecephys.nwb	8021216
sub-Yoshi/sub-Yoshi_ses-Yoshi-20220518_obj-9vitei.nwb	59003920
sub-Winnie/sub-Winnie_ses-Winnie-20220717_obj-1vn8gxh_ecephys.nwb	341535788
sub-Yoshi/sub-Yoshi_ses-Yoshi-20220513_obj-1tzxbtp.nwb	3324544
sub-Totoro/sub-Totoro_ses-Totoro-20220607_obj-hpdd72.nwb	4213656
sub-Frodo/sub-Frodo_ses-1_obj-1svbro2_ecephys.nwb	469942736
sub-Winnie/sub-Winnie_ses-Winnie-20220717_obj-1h50vc1.nwb	3532536
sub-Totoro/sub-Totoro_ses-Totoro-20220614_obj-19nru9f.nwb	1730120
sub-Banner/sub-Banner_ses-Banner-20220224_obj-8dp7cp_behavior.nwb	30871778
sub-Bilbo/sub-Bilbo_ses-4_obj-s1c9fj_behavior+ecephys.nwb	119249008
sub-Totoro/sub-Totoro_ses-Totoro-20220530_obj-pudqeo_behavior.nwb	203596832
sub-Wallie/sub-Wallie_ses-Wallie-20220922_obj-1th0dvo.nwb	2107536
sub-Totoro/sub-Totoro_ses-Totoro-20220614_obj-1eq9mms.nwb	113816296
sub-Wallie/sub-Wallie_ses-Wallie-20220922_obj-mngj01.nwb	2077824
sub-Yoshi/sub-Yoshi_ses-Yoshi-20220517_obj-1v7o6hc.nwb	5216680
sub-Totoro/sub-Totoro_ses-Totoro-20220613_obj-4hi62m_ecephys.nwb	167420288
sub-Wallie/sub-Wallie_ses-Wallie-20220922_obj-7v00st_behavior.nwb	10760912
sub-Yoshi/sub-Yoshi_ses-Yoshi-20220518_obj-uhnvu0.nwb	2713536
sub-Yoshi/sub-Yoshi_ses-Yoshi-20220517_obj-12t0aji_behavior.nwb	13949824
sub-Yoshi/sub-Yoshi_ses-Yoshi-20220518_obj-1yzbclg_ecephys.nwb	243088928
sub-Yoshi/sub-Yoshi_ses-Yoshi-20220513_obj-1tvfbbu.nwb	2423904
sub-Totoro/sub-Totoro_ses-Totoro-20220613_obj-yshyr3_behavior.nwb	6119876
sub-Frodo/sub-Frodo_ses-5_obj-1dg1q3o_behavior+ecephys.nwb	10136144
sub-Frodo/sub-Frodo_ses-5_obj-mm5tot_ecephys.nwb	16159968
sub-Yoshi/sub-Yoshi_ses-Yoshi-20220518_obj-1t5uer9.nwb	1715912700
sub-Yoshi/sub-Yoshi_ses-Yoshi-20220513_obj-8wmwlm.nwb	7780896
sub-Winnie/sub-Winnie_ses-Winnie-20220717_obj-ktmvpn.nwb	3879424
sub-Banner/sub-Banner_ses-Banner-20220225_obj-1x6gxl5.nwb	9123140
sub-Yoshi/sub-Yoshi_ses-Yoshi-20220517_obj-1isrdqv.nwb	3035648
sub-Frodo/sub-Frodo_ses-5_obj-1wh2mo5_ecephys.nwb	42243389
sub-Winnie/sub-Winnie_ses-Winnie-20220717_obj-1j7x9aw.nwb	4554048
sub-Yoshi/sub-Yoshi_ses-Yoshi-20220517_obj-1u24bz9.nwb	4058768
sub-Totoro/sub-Totoro_ses-Totoro-20220614_obj-ejzo97_ecephys.nwb	195129848
sub-Totoro/sub-Totoro_ses-Totoro-20220614_obj-w6xg3x.nwb	92482840
sub-Olive/sub-Olive_ses-Olive-20220707_obj-1blwdhm_ecephys.nwb	135700874
sub-Wallie/sub-Wallie_ses-Wallie-20220914_obj-u0bdgp.nwb	3978816
sub-Winnie/sub-Winnie_ses-Winnie-20220717_obj-17ztt7l.nwb	2731344
sub-Olive/sub-Olive_ses-Olive-20220711_obj-1vxyam9.nwb	8628080
sub-Yoshi/sub-Yoshi_ses-Yoshi-20220518_obj-4pdhb8_ecephys.nwb	197027312
sub-Banner/sub-Banner_ses-Banner-20220224_obj-16f3pab.nwb	12539792
sub-Wallie/sub-Wallie_ses-Wallie-20220922_obj-8xhwuq.nwb	4119367
sub-Winnie/sub-Winnie_ses-Winnie-20220714_obj-180k0dy.nwb	4385568
sub-Yoshi/sub-Yoshi_ses-Yoshi-20220513_obj-1rn38oh.nwb	2187880
sub-Winnie/sub-Winnie_ses-Winnie-20220719_obj-12dk7sc.nwb	3839472
sub-Totoro/sub-Totoro_ses-Totoro-20220614_obj-wwda7n.nwb	26780752
sub-Yoshi/sub-Yoshi_ses-Yoshi-20220517_obj-1sn5607.nwb	715534988
sub-Banner/sub-Banner_ses-Banner-20220224_obj-9idzj9_behavior.nwb	26518808
sub-Yoshi/sub-Yoshi_ses-Yoshi-20220510_obj-vqbsv2_ecephys.nwb	306748484
sub-Totoro/sub-Totoro_ses-Totoro-20220613_obj-1jf2d12.nwb	6113715
sub-Totoro/sub-Totoro_ses-Totoro-20220614_obj-1gxtkjp_behavior.nwb	14687872
sub-Totoro/sub-Totoro_ses-Totoro-20220614_obj-d71wuk.nwb	3895385
sub-Bilbo/sub-Bilbo_ses-5_obj-1svss6u_ecephys.nwb	6966560
sub-Totoro/sub-Totoro_ses-Totoro-20220614_obj-12gig10.nwb	98494536
sub-Totoro/sub-Totoro_ses-Totoro-20220614_obj-mkfh8c.nwb	3114216
sub-Wallie/sub-Wallie_ses-Wallie-20220914_obj-1frav1j.nwb	108870740
sub-Yoshi/sub-Yoshi_ses-Yoshi-20220518_obj-1vcsizv.nwb	3708360
sub-Yoshi/sub-Yoshi_ses-Yoshi-20220518_obj-thgoc7.nwb	3578760
sub-Yoshi/sub-Yoshi_ses-Yoshi-20220518_obj-1ue1cnp.nwb	2570064
sub-Winnie/sub-Winnie_ses-Winnie-20220717_obj-bh84bq.nwb	5335520
sub-Yoshi/sub-Yoshi_ses-Yoshi-20220517_obj-1x2m57x.nwb	1730120
sub-Wallie/sub-Wallie_ses-Wallie-20220922_obj-zgs10y_ecephys.nwb	220358396
sub-Olive/sub-Olive_ses-Olive-20220711_obj-7v61fi.nwb	17619184
sub-Bilbo/sub-Bilbo_ses-5_obj-1ee2etw_behavior+ecephys.nwb	206851816
sub-Yoshi/sub-Yoshi_ses-Yoshi-20220518_obj-1hqa2q4.nwb	6632928
sub-Yoshi/sub-Yoshi_ses-Yoshi-20220518_obj-4oyn2u_ecephys.nwb	136785136
sub-Winnie/sub-Winnie_ses-Winnie-20220719_obj-kkqdm2.nwb	3885168
sub-Olive/sub-Olive_ses-Olive-20220711_obj-1whtxj0.nwb	5542860
sub-Olive/sub-Olive_ses-Olive-20220711_obj-7cz2rs_behavior.nwb	16685104
sub-Yoshi/sub-Yoshi_ses-Yoshi-20220510_obj-1dcxnbf_ecephys.nwb	505450920
sub-Wallie/sub-Wallie_ses-Wallie-20220912_obj-1mmvcw8_behavior.nwb	16364960
sub-Bilbo/sub-Bilbo_ses-3_obj-1ydq68_behavior+ecephys.nwb	183849180
sub-Winnie/sub-Winnie_ses-Winnie-20220713_obj-1auxhvl_behavior.nwb	16823840
sub-Totoro/sub-Totoro_ses-Totoro-20220614_obj-6881nc_behavior.nwb	8976000
sub-Totoro/sub-Totoro_ses-Totoro-20220614_obj-1a9i84j.nwb	17409280
sub-Winnie/sub-Winnie_ses-Winnie-20220719_obj-p7d9uj.nwb	103472860
sub-Bilbo/sub-Bilbo_ses-5_obj-14j1pid_ecephys.nwb	43678726
sub-Yoshi/sub-Yoshi_ses-Yoshi-20220518_obj-og9uui.nwb	4201440
sub-Yoshi/sub-Yoshi_ses-Yoshi-20220517_obj-agk07e.nwb	4355688
sub-Frodo/sub-Frodo_ses-5_obj-pgroau_behavior+ecephys.nwb	18787272
sub-Frodo/sub-Frodo_ses-5_obj-sdwgoa_ecephys.nwb	23402880
sub-Bilbo/sub-Bilbo_ses-5_obj-o4amx0_ecephys.nwb	7250800
sub-Frodo/sub-Frodo_ses-3_obj-1gb276t_behavior+ecephys.nwb	13419800
sub-Winnie/sub-Winnie_ses-Winnie-20220717_obj-gefevd.nwb	6196400
sub-Winnie/sub-Winnie_ses-Winnie-20220719_obj-8v5qhg_behavior.nwb	18632768
sub-Frodo/sub-Frodo_ses-2_obj-1i7eehp_ecephys.nwb	5894912
sub-Yoshi/sub-Yoshi_ses-Yoshi-20220518_obj-2g1b5t.nwb	4201019572
sub-Totoro/sub-Totoro_ses-Totoro-20220614_obj-n7ruty.nwb	2422168
sub-Banner/sub-Banner_ses-Banner-20220224_obj-125cawj.nwb	120395764
sub-Winnie/sub-Winnie_ses-Winnie-20220719_obj-1c37w9q.nwb	3736584
sub-Frodo/sub-Frodo_ses-5_obj-12145rv_ecephys.nwb	6808472
sub-Frodo/sub-Frodo_ses-5_obj-10lehl2_behavior+ecephys.nwb	15983104
sub-Bilbo/sub-Bilbo_ses-5_obj-21fisx_ecephys.nwb	9361696
sub-Wallie/sub-Wallie_ses-Wallie-20220922_obj-mg5lig.nwb	3513048
sub-Totoro/sub-Totoro_ses-Totoro-20220614_obj-66ifv5.nwb	15460984
sub-Frodo/sub-Frodo_ses-5_obj-v7axnl_ecephys.nwb	5615136
sub-Totoro/sub-Totoro_ses-Totoro-20220614_obj-qw50xd.nwb	2359008
sub-Frodo/sub-Frodo_ses-5_obj-at60do_ecephys.nwb	6862944
sub-Olive/sub-Olive_ses-Olive-20220707_obj-ygzo4.nwb	5035760
sub-Yoshi/sub-Yoshi_ses-Yoshi-20220518_obj-nm2l3z.nwb	247458424
sub-Totoro/sub-Totoro_ses-Totoro-20220614_obj-rp37r9.nwb	6313840
sub-Winnie/sub-Winnie_ses-Winnie-20220720_obj-wc2evh.nwb	7764614
sub-Yoshi/sub-Yoshi_ses-Yoshi-20220517_obj-uzjkio.nwb	9476296
sub-Olive/sub-Olive_ses-Olive-20220711_obj-19z0ijt.nwb	4673944
sub-Wallie/sub-Wallie_ses-Wallie-20220922_obj-rkh7ix_behavior.nwb	20079480
sub-Yoshi/sub-Yoshi_ses-Yoshi-20220517_obj-1gwhlgp.nwb	3417600
sub-Yoshi/sub-Yoshi_ses-Yoshi-20220518_obj-5k3e46.nwb	2076144
sub-Olive/sub-Olive_ses-Olive-20220711_obj-1wily62_behavior.nwb	37406012
sub-Bilbo/sub-Bilbo_ses-5_obj-p4ulx6_ecephys.nwb	6966464
sub-Olive/sub-Olive_ses-Olive-20220711_obj-xsj89i.nwb	3146832
sub-Bilbo/sub-Bilbo_ses-3_obj-923gu3_ecephys.nwb	7620896
sub-Odins/sub-Odins_ses-Odins-20220216_obj-ofmpuv_behavior.nwb	251717232
sub-Banner/sub-Banner_ses-Banner-20220224_obj-3no63g_behavior.nwb	20061880
sub-Winnie/sub-Winnie_ses-Winnie-20220717_obj-1xg0lzn.nwb	3467088
sub-Wallie/sub-Wallie_ses-Wallie-20220914_obj-1s2supc.nwb	6350112
sub-Totoro/sub-Totoro_ses-Totoro-20220613_obj-4pxyzj.nwb	39950133
sub-Yoshi/sub-Yoshi_ses-Yoshi-20220518_obj-1e1lwdx.nwb	83070996
sub-Winnie/sub-Winnie_ses-Winnie-20220719_obj-1yz9qc1_behavior.nwb	22922440
sub-Bilbo/sub-Bilbo_ses-3_obj-1b17996_ecephys.nwb	7566128
sub-Olive/sub-Olive_ses-Olive-20220711_obj-1yxbv0z.nwb	1571328
sub-Yoshi/sub-Yoshi_ses-Yoshi-20220509_obj-18nq67b_ecephys.nwb	380884136
sub-Totoro/sub-Totoro_ses-Totoro-20220614_obj-1kir13c_behavior.nwb	13232748
sub-Frodo/sub-Frodo_ses-5_obj-1pys5w4_ecephys.nwb	6516160
sub-Totoro/sub-Totoro_ses-Totoro-20220617_obj-v5hvpo.nwb	3238792
sub-Yoshi/sub-Yoshi_ses-Yoshi-20220517_obj-h8pv5t.nwb	4033224
sub-Bilbo/sub-Bilbo_ses-5_obj-dex3kb_ecephys.nwb	20706864
sub-Wallie/sub-Wallie_ses-Wallie-20220922_obj-1613cw0.nwb	3011136
sub-Wallie/sub-Wallie_ses-Wallie-20220922_obj-1lz9fah_behavior.nwb	195518112
sub-Wallie/sub-Wallie_ses-Wallie-20220922_obj-rosguu.nwb	3574080
sub-Yoshi/sub-Yoshi_ses-Yoshi-20220518_obj-1obu8eo_ecephys.nwb	258595420
sub-Yoshi/sub-Yoshi_ses-Yoshi-20220510_obj-194elff.nwb	41536412
sub-Frodo/sub-Frodo_ses-5_obj-6jx3ri_ecephys.nwb	49280328
sub-Olive/sub-Olive_ses-Olive-20220711_obj-zhctm2.nwb	4004800
sub-Winnie/sub-Winnie_ses-Winnie-20220719_obj-86me9k.nwb	74540908
sub-Yoshi/sub-Yoshi_ses-Yoshi-20220517_obj-k25o0e.nwb	3581504
sub-Yoshi/sub-Yoshi_ses-Yoshi-20220518_obj-1oambdr.nwb	11577184
sub-Olive/sub-Olive_ses-Olive-20220711_obj-1ty7h1i.nwb	3460240
sub-Winnie/sub-Winnie_ses-Winnie-20220715_obj-5wf5g0_behavior.nwb	301922988
sub-Winnie/sub-Winnie_ses-Winnie-20220714_obj-q069iz_behavior.nwb	328900716
sub-Winnie/sub-Winnie_ses-Winnie-20220719_obj-ygrtx8.nwb	3750192
sub-Totoro/sub-Totoro_ses-Totoro-20220617_obj-d84f9v.nwb	7081630
sub-Totoro/sub-Totoro_ses-Totoro-20220617_obj-xvd9v9.nwb	7182824
sub-Wallie/sub-Wallie_ses-Wallie-20220922_obj-1xkyog0.nwb	2770432
sub-Bilbo/sub-Bilbo_ses-4_obj-1washp9_behavior+ecephys.nwb	22768516
sub-Frodo/sub-Frodo_ses-4_obj-1x17rrj_ecephys.nwb	6704496
sub-Wallie/sub-Wallie_ses-Wallie-20220922_obj-hre0oq.nwb	2655632
sub-Winnie/sub-Winnie_ses-Winnie-20220719_obj-7ep9vc.nwb	83223568
sub-Banner/sub-Banner_ses-Banner-20220215_obj-1aytaf4.nwb	106233084
sub-Totoro/sub-Totoro_ses-Totoro-20220614_obj-jmaus7.nwb	2768192
sub-Banner/sub-Banner_ses-Banner-20220225_obj-1vfdi0i_behavior.nwb	211015588
sub-Yoshi/sub-Yoshi_ses-Yoshi-20220517_obj-1nm61of.nwb	3825648
sub-Banner/sub-Banner_ses-Banner-20220224_obj-2b64m6_behavior.nwb	149575964
sub-Odins/sub-Odins_ses-Odins-20220216_obj-mxv01w_behavior.nwb	97868828
sub-Wallie/sub-Wallie_ses-Wallie-20220922_obj-1w03l31.nwb	2458792
sub-Winnie/sub-Winnie_ses-Winnie-20220719_obj-14dvuyh.nwb	6331920
sub-Yoshi/sub-Yoshi_ses-Yoshi-20220517_obj-1chnw50.nwb	230392528
sub-Yoshi/sub-Yoshi_ses-Yoshi-20220518_obj-bwbz5y.nwb	2750160
sub-Winnie/sub-Winnie_ses-Winnie-20220719_obj-qwstqm.nwb	91092628
sub-Frodo/sub-Frodo_ses-4_obj-xp7a1x_ecephys.nwb	6931400
sub-Olive/sub-Olive_ses-Olive-20220711_obj-32ut4k_behavior.nwb	405525364
sub-Yoshi/sub-Yoshi_ses-Yoshi-20220510_obj-3xmz4a.nwb	3800560
sub-Wallie/sub-Wallie_ses-Wallie-20220922_obj-1e1x51l.nwb	2487464
sub-Wallie/sub-Wallie_ses-Wallie-20220922_obj-19h2709.nwb	3822080
sub-Banner/sub-Banner_ses-Banner-20220215_obj-hyaawu_behavior.nwb	182314408
sub-Winnie/sub-Winnie_ses-Winnie-20220719_obj-u8ia2g.nwb	7102272
sub-Frodo/sub-Frodo_ses-5_obj-rvlrj4_ecephys.nwb	7587320
sub-Bilbo/sub-Bilbo_ses-5_obj-16nxa0d_ecephys.nwb	18375552
sub-Yoshi/sub-Yoshi_ses-Yoshi-20220517_obj-1d4ez8s.nwb	1750600
sub-Olive/sub-Olive_ses-Olive-20220711_obj-19td1yx.nwb	3114216
sub-Winnie/sub-Winnie_ses-Winnie-20220719_obj-cu33rn.nwb	4506744
sub-Totoro/sub-Totoro_ses-Totoro-20220530_obj-l37lte.nwb	141451484
sub-Olive/sub-Olive_ses-Olive-20220629_obj-1xoau2o_behavior.nwb	22858744
sub-Frodo/sub-Frodo_ses-5_obj-dx720y_ecephys.nwb	9355504
sub-Bilbo/sub-Bilbo_ses-3_obj-xindjf_ecephys.nwb	7361040
sub-Wallie/sub-Wallie_ses-Wallie-20220914_obj-iin8pf.nwb	4712664
sub-Winnie/sub-Winnie_ses-Winnie-20220714_obj-rfoeeo.nwb	206391360
sub-Yoshi/sub-Yoshi_ses-Yoshi-20220517_obj-1c9gdsj.nwb	98124800
sub-Wallie/sub-Wallie_ses-Wallie-20220922_obj-7zmolg.nwb	46045092
sub-Bilbo/sub-Bilbo_ses-5_obj-1nfukl2_ecephys.nwb	15701848
sub-Winnie/sub-Winnie_ses-Winnie-20220719_obj-1w12vze.nwb	254535180
sub-Yoshi/sub-Yoshi_ses-Yoshi-20220513_obj-1wfdcbx.nwb	3963960
sub-Yoshi/sub-Yoshi_ses-Yoshi-20220517_obj-6y3nhq.nwb	2318304
sub-Yoshi/sub-Yoshi_ses-Yoshi-20220517_obj-n547jt.nwb	4022085180
sub-Frodo/sub-Frodo_ses-5_obj-euor59_ecephys.nwb	7685824
sub-Frodo/sub-Frodo_ses-5_obj-1uhz3vm_ecephys.nwb	2899904
sub-Totoro/sub-Totoro_ses-Totoro-20220614_obj-1go3rhr_ecephys.nwb	306399316
sub-Totoro/sub-Totoro_ses-Totoro-20220614_obj-1xx93gf_behavior.nwb	13520960
sub-Frodo/sub-Frodo_ses-5_obj-1ot8i1z_ecephys.nwb	114785064
sub-Totoro/sub-Totoro_ses-Totoro-20220613_obj-1kfjyiz.nwb	2325312
sub-Winnie/sub-Winnie_ses-Winnie-20220719_obj-j40g39.nwb	13327874
sub-Yoshi/sub-Yoshi_ses-Yoshi-20220518_obj-1v7gtqe.nwb	3493584
sub-Yoshi/sub-Yoshi_ses-Yoshi-20220518_obj-1wkyejf.nwb	3460240
sub-Yoshi/sub-Yoshi_ses-Yoshi-20220518_obj-144gar9.nwb	60248716
sub-Bilbo/sub-Bilbo_ses-5_obj-hts4il_ecephys.nwb	5570568
sub-Yoshi/sub-Yoshi_ses-Yoshi-20220518_obj-ri54om.nwb	4283360
sub-Totoro/sub-Totoro_ses-Totoro-20220614_obj-3bowh1.nwb	26789377
sub-Totoro/sub-Totoro_ses-Totoro-20220614_obj-7wde5q.nwb	54889080
sub-Olive/sub-Olive_ses-Olive-20220711_obj-1xdcig0.nwb	3501200
sub-Wallie/sub-Wallie_ses-Wallie-20220922_obj-1ug0coz.nwb	4355072
sub-Bilbo/sub-Bilbo_ses-2_obj-1azi1bx_ecephys.nwb	137883272
sub-Yoshi/sub-Yoshi_ses-Yoshi-20220518_obj-c0e8a4.nwb	87020088
sub-Olive/sub-Olive_ses-Olive-20220701_obj-v5iamx_behavior.nwb	169433572
sub-Totoro/sub-Totoro_ses-Totoro-20220607_obj-1tpyavm.nwb	2866176
sub-Wallie/sub-Wallie_ses-Wallie-20220922_obj-17qj9vf.nwb	4113072
sub-Frodo/sub-Frodo_ses-5_obj-1bqb12s_ecephys.nwb	7523730
sub-Totoro/sub-Totoro_ses-Totoro-20220614_obj-faijd.nwb	3397312
sub-Winnie/sub-Winnie_ses-Winnie-20220715_obj-1l6b8go.nwb	155161180
sub-Wallie/sub-Wallie_ses-Wallie-20220922_obj-5e4ktp.nwb	2725184
sub-Totoro/sub-Totoro_ses-Totoro-20220614_obj-g2916a.nwb	14354320
sub-Yoshi/sub-Yoshi_ses-Yoshi-20220517_obj-ouk1y3.nwb	151983484
sub-Winnie/sub-Winnie_ses-Winnie-20220719_obj-mvsi30.nwb	6694138
sub-Olive/sub-Olive_ses-Olive-20220628_obj-1u3ln6o_ecephys.nwb	226198184
sub-Bilbo/sub-Bilbo_ses-5_obj-bargn1_ecephys.nwb	8923488
sub-Totoro/sub-Totoro_ses-Totoro-20220614_obj-1ajiwjj.nwb	41933494
sub-Bilbo/sub-Bilbo_ses-5_obj-17l2ogo_ecephys.nwb	8919203
sub-Wallie/sub-Wallie_ses-Wallie-20220922_obj-rt2mbo.nwb	123758268
sub-Totoro/sub-Totoro_ses-Totoro-20220617_obj-rgvrfl.nwb	4340088
sub-Winnie/sub-Winnie_ses-Winnie-20220717_obj-1rsctxk.nwb	5567936
sub-Winnie/sub-Winnie_ses-Winnie-20220719_obj-1hqedao.nwb	110780976
sub-Totoro/sub-Totoro_ses-Totoro-20220614_obj-9q60q5.nwb	3529872
sub-Wallie/sub-Wallie_ses-Wallie-20220912_obj-2yfnji.nwb	4376240
sub-Olive/sub-Olive_ses-Olive-20220711_obj-mpnq2v.nwb	3915800
sub-Wallie/sub-Wallie_ses-Wallie-20220914_obj-1wqp6ek.nwb	2485448
sub-Winnie/sub-Winnie_ses-Winnie-20220719_obj-nqd9uo.nwb	12014944
sub-Winnie/sub-Winnie_ses-Winnie-20220719_obj-vujs5p.nwb	4037112
sub-Yoshi/sub-Yoshi_ses-Yoshi-20220517_obj-575hqq.nwb	2942968
sub-Wallie/sub-Wallie_ses-Wallie-20220912_obj-1d1s9c0.nwb	50370812
sub-Frodo/sub-Frodo_ses-3_behavior+ecephys+image.nwb	585717682015
sub-Odins/sub-Odins_ses-Odins-20220216_obj-123ml21_ecephys.nwb	270489060
sub-Odins/sub-Odins_ses-Odins-20220216_obj-18vzrkg_behavior.nwb	17809832
sub-Totoro/sub-Totoro_ses-Totoro-20220614_obj-1hvqw0v.nwb	7213694
sub-Totoro/sub-Totoro_ses-Totoro-20220607_obj-q9yk9k.nwb	5651768
sub-Winnie/sub-Winnie_ses-Winnie-20220719_obj-ja8q9r.nwb	3997728
sub-Winnie/sub-Winnie_ses-Winnie-20220717_obj-128fs7w.nwb	5317376
sub-Frodo/sub-Frodo_ses-4_obj-81dq0g_behavior+ecephys.nwb	110123804
sub-Totoro/sub-Totoro_ses-Totoro-20220614_obj-zinelv.nwb	109713380
sub-Banner/sub-Banner_ses-Banner-20220216_obj-lgoun2_ecephys.nwb	361250544
sub-Banner/sub-Banner_ses-Banner-20220225_obj-1nvmggb.nwb	109295668
sub-Olive/sub-Olive_ses-Olive-20220711_obj-jwqu23.nwb	4225280
sub-Yoshi/sub-Yoshi_ses-Yoshi-20220518_obj-185ojvt.nwb	5382464
sub-Yoshi/sub-Yoshi_ses-Yoshi-20220517_obj-anejnf.nwb	7025280
sub-Yoshi/sub-Yoshi_ses-Yoshi-20220517_obj-152iym0.nwb	5919440
sub-Yoshi/sub-Yoshi_ses-Yoshi-20220518_obj-rqwrbh.nwb	3094112
sub-Winnie/sub-Winnie_ses-Winnie-20220717_obj-vxkok2.nwb	4893352
sub-Wallie/sub-Wallie_ses-Wallie-20220922_obj-et2g3n.nwb	2424128
sub-Yoshi/sub-Yoshi_ses-Yoshi-20220517_obj-1wz8m3s_behavior.nwb	4416440
sub-Winnie/sub-Winnie_ses-Winnie-20220719_obj-1er40g2_behavior.nwb	18815152
sub-Banner/sub-Banner_ses-Banner-20220224_obj-1vnxpfv_ecephys.nwb	283971448
sub-Totoro/sub-Totoro_ses-Totoro-20220607_obj-1d39tpd.nwb	4267368
sub-Yoshi/sub-Yoshi_ses-Yoshi-20220518_obj-q8oe9q.nwb	3531824
sub-Totoro/sub-Totoro_ses-Totoro-20220607_obj-w7cvfl.nwb	4697856
sub-Yoshi/sub-Yoshi_ses-Yoshi-20220517_obj-y3qhz1.nwb	150673716
sub-Yoshi/sub-Yoshi_ses-Yoshi-20220517_obj-kht0xe.nwb	3052544
sub-Frodo/sub-Frodo_ses-5_obj-m5hwj6_ecephys.nwb	12802040
sub-Olive/sub-Olive_ses-Olive-20220711_obj-mydv5x.nwb	4108400
sub-Winnie/sub-Winnie_ses-Winnie-20220719_obj-v72gun_behavior.nwb	4504490
sub-Winnie/sub-Winnie_ses-Winnie-20220720_obj-nb7r2e.nwb	6227360
sub-Bilbo/sub-Bilbo_ses-5_obj-1vgtkwo_ecephys.nwb	10961240
sub-Yoshi/sub-Yoshi_ses-Yoshi-20220517_obj-16tty50.nwb	59246108
sub-Odins/sub-Odins_ses-Odins-20220216_obj-1bvwuvs_behavior.nwb	23380672
sub-Totoro/sub-Totoro_ses-Totoro-20220614_obj-iz363a_behavior.nwb	25549336
sub-Wallie/sub-Wallie_ses-Wallie-20220922_obj-43ibdv_behavior.nwb	23364508
sub-Yoshi/sub-Yoshi_ses-Yoshi-20220518_obj-8s3z0d_behavior.nwb	7914618
sub-Olive/sub-Olive_ses-Olive-20220711_obj-79uo45_behavior.nwb	25058124
sub-Olive/sub-Olive_ses-Olive-20220711_obj-1gtq9f7_ecephys.nwb	250414092
sub-Totoro/sub-Totoro_ses-Totoro-20220614_obj-5ce6rg.nwb	3522624
sub-Yoshi/sub-Yoshi_ses-Yoshi-20220517_obj-qm7pzw.nwb	6052144
sub-Yoshi/sub-Yoshi_ses-Yoshi-20220518_obj-ek40oa.nwb	70943108
sub-Banner/sub-Banner_ses-Banner-20220224_obj-1753b5n.nwb	10043208
sub-Yoshi/sub-Yoshi_ses-Yoshi-20220517_obj-1w3cmrz.nwb	3114216
sub-Wallie/sub-Wallie_ses-Wallie-20220922_obj-j4n30g.nwb	106722320
sub-Totoro/sub-Totoro_ses-Totoro-20220603_behavior+ecephys+image.nwb	768129464292
sub-Wallie/sub-Wallie_ses-Wallie-20220922_obj-mj1q8e.nwb	12804096
sub-Banner/sub-Banner_ses-Banner-20220225_obj-5gpe3f.nwb	15222784
sub-Winnie/sub-Winnie_ses-Winnie-20220719_obj-13r2kt9.nwb	5934953280
sub-Yoshi/sub-Yoshi_ses-Yoshi-20220509_obj-1oinbt7_ecephys.nwb	273294796
sub-Yoshi/sub-Yoshi_ses-Yoshi-20220517_obj-uqqr8v.nwb	218176116
sub-Olive/sub-Olive_ses-Olive-20220707_obj-14c95nk.nwb	1235616
sub-Winnie/sub-Winnie_ses-Winnie-20220719_obj-tdpz1h.nwb	78571836
sub-Olive/sub-Olive_ses-Olive-20220711_obj-u54g8v.nwb	3125424
sub-Wallie/sub-Wallie_ses-Wallie-20220922_obj-1b1atjp.nwb	4128008
sub-Frodo/sub-Frodo_ses-5_obj-1h2c6ur_ecephys.nwb	6189520
sub-Winnie/sub-Winnie_ses-Winnie-20220717_obj-1owyikt_behavior.nwb	75925660
sub-Totoro/sub-Totoro_ses-Totoro-20220615_obj-18p7t9q.nwb	32364369
sub-Frodo/sub-Frodo_ses-5_obj-ptmldt_behavior+ecephys.nwb	14642010
sub-Wallie/sub-Wallie_ses-Wallie-20220914_obj-yc6xhq_behavior.nwb	17993400
sub-Banner/sub-Banner_ses-Banner-20220215_obj-1ku187q_ecephys.nwb	241784784
sub-Winnie/sub-Winnie_ses-Winnie-20220719_obj-1qgkv20_ecephys.nwb	357396852
sub-Frodo/sub-Frodo_ses-3_obj-brn4sf_ecephys.nwb	6233944
sub-Olive/sub-Olive_ses-Olive-20220711_obj-1lmysov.nwb	29216292
sub-Winnie/sub-Winnie_ses-Winnie-20220719_obj-c8s1gp.nwb	8971025
sub-Winnie/sub-Winnie_ses-Winnie-20220717_obj-j6o05x_behavior.nwb	33718560
sub-Wallie/sub-Wallie_ses-Wallie-20220922_obj-erimy2_ecephys.nwb	308126114
sub-Wallie/sub-Wallie_ses-Wallie-20220922_obj-51pg0u.nwb	3493224
sub-Winnie/sub-Winnie_ses-Winnie-20220717_obj-16n875b.nwb	3178048
sub-Wallie/sub-Wallie_ses-Wallie-20220922_obj-q8dhm5.nwb	3011136
sub-Frodo/sub-Frodo_ses-2_obj-v0nlij_behavior+ecephys.nwb	114237824
sub-Totoro/sub-Totoro_ses-Totoro-20220616_obj-1oqj65t.nwb	32449437
sub-Totoro/sub-Totoro_ses-Totoro-20220616_obj-18k1n9f.nwb	2632560
sub-Totoro/sub-Totoro_ses-Totoro-20220603_obj-19rjt46_ecephys.nwb	295176824
sub-Frodo/sub-Frodo_ses-4_obj-agxlg4_ecephys.nwb	14710320
sub-Olive/sub-Olive_ses-Olive-20220629_obj-im5wur_behavior.nwb	196369520
sub-Yoshi/sub-Yoshi_ses-Yoshi-20220518_obj-19fgtrx_ecephys.nwb	179364560
sub-Yoshi/sub-Yoshi_ses-Yoshi-20220513_obj-1e116yu.nwb	2144880
sub-Bilbo/sub-Bilbo_ses-5_obj-17j25c7_ecephys.nwb	5924224
sub-Frodo/sub-Frodo_ses-5_obj-1ha9y5q_ecephys.nwb	6273568
sub-Winnie/sub-Winnie_ses-Winnie-20220719_obj-rem7h_behavior.nwb	268148828
sub-Olive/sub-Olive_ses-Olive-20220711_obj-1bab3ey.nwb	29566968
sub-Banner/sub-Banner_ses-Banner-20220215_behavior+ecephys+image.nwb	29870384081
sub-Wallie/sub-Wallie_ses-Wallie-20220922_obj-fq00rk.nwb	57935192
sub-Frodo/sub-Frodo_ses-3_obj-w8j203_ecephys.nwb	4382392
sub-Olive/sub-Olive_ses-Olive-20220711_obj-pptgph.nwb	2743608
sub-Totoro/sub-Totoro_ses-Totoro-20220614_obj-scc53o.nwb	17352664
sub-Totoro/sub-Totoro_ses-Totoro-20220613_obj-500ooa_behavior.nwb	19624112
sub-Banner/sub-Banner_ses-Banner-20220225_obj-1xn0agq_behavior.nwb	366387852
sub-Totoro/sub-Totoro_ses-Totoro-20220614_obj-jaq7fs.nwb	4249840
sub-Wallie/sub-Wallie_ses-Wallie-20220922_obj-s15udz.nwb	2770432
sub-Wallie/sub-Wallie_ses-Wallie-20220922_obj-1p7d887.nwb	129701208
sub-Banner/sub-Banner_ses-Banner-20220216_obj-kkp6e2_ecephys.nwb	61464924
sub-Yoshi/sub-Yoshi_ses-Yoshi-20220518_obj-16rh9cf_ecephys.nwb	259098492
sub-Totoro/sub-Totoro_ses-Totoro-20220602_obj-8vgn86.nwb	97508532
sub-Yoshi/sub-Yoshi_ses-Yoshi-20220518_obj-pc1kcl_ecephys.nwb	117234284
sub-Totoro/sub-Totoro_ses-Totoro-20220607_obj-dgpz3c.nwb	3424848
sub-Winnie/sub-Winnie_ses-Winnie-20220720_obj-14c5ue7.nwb	19748576
sub-Olive/sub-Olive_ses-Olive-20220707_obj-1t5ix9q.nwb	4902320
sub-Yoshi/sub-Yoshi_ses-Yoshi-20220509_obj-sn18z9.nwb	1993760
sub-Yoshi/sub-Yoshi_ses-Yoshi-20220518_obj-1euskme.nwb	7884400
sub-Odins/sub-Odins_ses-Odins-20220216_obj-dwbwx6.nwb	76117148
sub-Yoshi/sub-Yoshi_ses-Yoshi-20220518_behavior+ecephys+image.nwb	524399059306
sub-Wallie/sub-Wallie_ses-Wallie-20220922_obj-pl75yr.nwb	3463040
sub-Winnie/sub-Winnie_ses-Winnie-20220715_obj-nuemr0_behavior.nwb	22670964
sub-Yoshi/sub-Yoshi_ses-Yoshi-20220518_obj-1empujq.nwb	20056448
sub-Wallie/sub-Wallie_ses-Wallie-20220914_obj-1ruvyz7.nwb	2456776
sub-Yoshi/sub-Yoshi_ses-Yoshi-20220518_obj-txroaz.nwb	2508480
sub-Olive/sub-Olive_ses-Olive-20220711_obj-1pua56u.nwb	104917956
sub-Winnie/sub-Winnie_ses-Winnie-20220715_obj-wlvgh5.nwb	56152960
sub-Frodo/sub-Frodo_ses-5_obj-ww0sqt_ecephys.nwb	3156200
sub-Winnie/sub-Winnie_ses-Winnie-20220719_obj-o00gel.nwb	5669632
sub-Totoro/sub-Totoro_ses-Totoro-20220613_obj-1b03wuy.nwb	4136240
sub-Wallie/sub-Wallie_ses-Wallie-20220922_obj-18cv36b.nwb	11677768
sub-Yoshi/sub-Yoshi_ses-Yoshi-20220517_obj-15572vk.nwb	2837576
sub-Bilbo/sub-Bilbo_ses-5_obj-92q4ha_ecephys.nwb	90654008
sub-Yoshi/sub-Yoshi_ses-Yoshi-20220517_obj-2fku86.nwb	3114216
sub-Bilbo/sub-Bilbo_ses-5_obj-kzoe7y_behavior+ecephys.nwb	19061048
sub-Totoro/sub-Totoro_ses-Totoro-20220613_obj-trgfie.nwb	4269232
sub-Winnie/sub-Winnie_ses-Winnie-20220717_obj-16rw82s.nwb	9850056
sub-Wallie/sub-Wallie_ses-Wallie-20220922_obj-11x8qs9.nwb	91027656
sub-Totoro/sub-Totoro_ses-Totoro-20220617_obj-nb0nlf.nwb	5401044
sub-Winnie/sub-Winnie_ses-Winnie-20220719_obj-z5jadq.nwb	87962764
sub-Frodo/sub-Frodo_ses-5_obj-nyndpb_ecephys.nwb	7753090
sub-Banner/sub-Banner_ses-Banner-20220225_obj-cpgzhs.nwb	5633991
sub-Yoshi/sub-Yoshi_ses-Yoshi-20220518_obj-f7i2qy.nwb	5754048
sub-Winnie/sub-Winnie_ses-Winnie-20220719_obj-d87jiu.nwb	166637264
sub-Totoro/sub-Totoro_ses-Totoro-20220602_obj-g9a2a2_behavior.nwb	210710704
sub-Totoro/sub-Totoro_ses-Totoro-20220615_obj-1xtg6ds.nwb	4308608
sub-Wallie/sub-Wallie_ses-Wallie-20220914_obj-izator.nwb	3124184
sub-Wallie/sub-Wallie_ses-Wallie-20220922_obj-13i00kn.nwb	150841220
sub-Yoshi/sub-Yoshi_ses-Yoshi-20220518_obj-cfi4tc.nwb	283757440
sub-Frodo/sub-Frodo_ses-5_obj-1vodnh9_ecephys.nwb	8030080
sub-Totoro/sub-Totoro_ses-Totoro-20220607_obj-15wla3f.nwb	1169064
sub-Yoshi/sub-Yoshi_ses-Yoshi-20220517_obj-1mh5gcl.nwb	4417644
sub-Banner/sub-Banner_ses-Banner-20220124_obj-zdivk9_behavior.nwb	290088104
sub-Frodo/sub-Frodo_ses-5_obj-11keev2_ecephys.nwb	4991232
sub-Yoshi/sub-Yoshi_ses-Yoshi-20220518_obj-1evsqh7.nwb	4678872
sub-Winnie/sub-Winnie_ses-Winnie-20220719_obj-qm2ltl.nwb	3410624
sub-Yoshi/sub-Yoshi_ses-Yoshi-20220518_obj-z0jdxn.nwb	21929072
sub-Winnie/sub-Winnie_ses-Winnie-20220717_obj-1aynxqh.nwb	2770176
sub-Totoro/sub-Totoro_ses-Totoro-20220607_obj-1oz6l6a_behavior.nwb	11945312
sub-Wallie/sub-Wallie_ses-Wallie-20220922_obj-7dzszy.nwb	2077824
sub-Frodo/sub-Frodo_ses-5_obj-cm1fd0_ecephys.nwb	6807072
sub-Totoro/sub-Totoro_ses-Totoro-20220614_obj-e2psa5.nwb	3087520
sub-Frodo/sub-Frodo_ses-5_obj-u8dn2f_ecephys.nwb	2774064
sub-Banner/sub-Banner_ses-Banner-20220225_obj-534rpa.nwb	9224007
sub-Yoshi/sub-Yoshi_ses-Yoshi-20220517_obj-1m196km.nwb	77294976
sub-Frodo/sub-Frodo_ses-5_obj-1nyu7f0_ecephys.nwb	6239040
sub-Olive/sub-Olive_ses-Olive-20220707_obj-1vz2m5v.nwb	6468240
sub-Frodo/sub-Frodo_ses-5_obj-1sa7x4p_ecephys.nwb	21881520
sub-Winnie/sub-Winnie_ses-Winnie-20220719_obj-71ik6a.nwb	141392212
sub-Yoshi/sub-Yoshi_ses-Yoshi-20220517_obj-192pki3.nwb	3384504
sub-Frodo/sub-Frodo_ses-3_obj-28a98d_ecephys.nwb	106855064
sub-Wallie/sub-Wallie_ses-Wallie-20220922_obj-1se8tad.nwb	3863816
sub-Olive/sub-Olive_ses-Olive-20220711_obj-1leh4yf.nwb	1730120
sub-Totoro/sub-Totoro_ses-Totoro-20220614_obj-irado2_behavior.nwb	14442176
sub-Winnie/sub-Winnie_ses-Winnie-20220715_obj-1a487w4_behavior.nwb	25620448
sub-Frodo/sub-Frodo_ses-5_obj-16vqmvq_ecephys.nwb	5615136
sub-Bilbo/sub-Bilbo_ses-5_obj-181ewun_ecephys.nwb	7917536
sub-Wallie/sub-Wallie_ses-Wallie-20220922_obj-1c0rg2s.nwb	28074690
sub-Yoshi/sub-Yoshi_ses-Yoshi-20220517_obj-ltozqf_behavior.nwb	16061384
sub-Winnie/sub-Winnie_ses-Winnie-20220713_obj-9y07it_ecephys.nwb	198857312
sub-Yoshi/sub-Yoshi_ses-Yoshi-20220517_obj-1bwxrfc.nwb	3835496
sub-Yoshi/sub-Yoshi_ses-Yoshi-20220510_obj-br8zwq_behavior.nwb	15539000
sub-Totoro/sub-Totoro_ses-Totoro-20220602_obj-1o1k12n.nwb	43049832
sub-Winnie/sub-Winnie_ses-Winnie-20220719_obj-i0zy9a.nwb	17080512
sub-Wallie/sub-Wallie_ses-Wallie-20220922_obj-1w8zxon.nwb	3532470
sub-Yoshi/sub-Yoshi_ses-Yoshi-20220517_obj-10lnal2.nwb	23347072
sub-Yoshi/sub-Yoshi_ses-Yoshi-20220518_obj-ck9ign.nwb	17671888
sub-Bilbo/sub-Bilbo_ses-5_obj-1o1ayrd_ecephys.nwb	14124576
sub-Frodo/sub-Frodo_ses-5_obj-18jospi_ecephys.nwb	8817680
sub-Winnie/sub-Winnie_ses-Winnie-20220717_obj-hl7v2w.nwb	5696080
sub-Bilbo/sub-Bilbo_ses-5_obj-sirv5n_ecephys.nwb	6466280
sub-Olive/sub-Olive_ses-Olive-20220711_obj-1flry38.nwb	37966824
sub-Totoro/sub-Totoro_ses-Totoro-20220617_obj-d0teyq.nwb	5476215
sub-Winnie/sub-Winnie_ses-Winnie-20220719_obj-1unn0h2.nwb	12579776
sub-Banner/sub-Banner_ses-Banner-20220224_obj-mqh49f_behavior.nwb	23809180
sub-Olive/sub-Olive_ses-Olive-20220711_obj-m6pt0x_ecephys.nwb	187405440
sub-Frodo/sub-Frodo_ses-3_obj-mlcf6q_ecephys.nwb	5597640
sub-Frodo/sub-Frodo_ses-5_obj-1s3dj2i_ecephys.nwb	6782064
sub-Winnie/sub-Winnie_ses-Winnie-20220717_obj-3s4h2j.nwb	7121856
sub-Bilbo/sub-Bilbo_ses-5_obj-19t2c8z_ecephys.nwb	8119240
sub-Banner/sub-Banner_ses-Banner-20220224_obj-ta8ygd.nwb	18037440
sub-Totoro/sub-Totoro_ses-Totoro-20220613_obj-sv8ggl.nwb	3697056
sub-Bilbo/sub-Bilbo_ses-5_obj-1hyv4la_behavior+ecephys.nwb	5610536
sub-Winnie/sub-Winnie_ses-Winnie-20220719_obj-1lqg94s.nwb	4885728
sub-Yoshi/sub-Yoshi_ses-Yoshi-20220517_obj-1gyjhua_behavior.nwb	21559248
sub-Frodo/sub-Frodo_ses-2_obj-1lzebc0_ecephys.nwb	96766216
sub-Frodo/sub-Frodo_ses-1_obj-1vl431f_ecephys.nwb	632222540
sub-Winnie/sub-Winnie_ses-Winnie-20220719_obj-i860bh.nwb	61146660
sub-Yoshi/sub-Yoshi_ses-Yoshi-20220518_obj-4wg0cp.nwb	7048304
sub-Wallie/sub-Wallie_ses-Wallie-20220914_obj-11q1yl7_behavior.nwb	19392704
sub-Wallie/sub-Wallie_ses-Wallie-20220911_obj-1bz12o3.nwb	72922200
sub-Totoro/sub-Totoro_ses-Totoro-20220614_obj-nfw850.nwb	40613832
sub-Olive/sub-Olive_ses-Olive-20220711_obj-16v4rdf.nwb	4560640
sub-Winnie/sub-Winnie_ses-Winnie-20220717_obj-1drztlp.nwb	3462720
sub-Yoshi/sub-Yoshi_ses-Yoshi-20220518_obj-1ei0tp4.nwb	2768192
sub-Winnie/sub-Winnie_ses-Winnie-20220719_obj-1y3ownv.nwb	3209792
sub-Odins/sub-Odins_ses-Odins-20220126_obj-pqbfn4_behavior.nwb	13822856
sub-Totoro/sub-Totoro_ses-Totoro-20220614_obj-vhiksj.nwb	4666464
sub-Yoshi/sub-Yoshi_ses-Yoshi-20220518_obj-aagr5m_ecephys.nwb	164920116
sub-Frodo/sub-Frodo_ses-5_obj-15li86o_ecephys.nwb	100858432
sub-Wallie/sub-Wallie_ses-Wallie-20220914_obj-ayne5g.nwb	5834776
sub-Yoshi/sub-Yoshi_ses-Yoshi-20220517_obj-ie1vyr.nwb	2354496
sub-Totoro/sub-Totoro_ses-Totoro-20220613_obj-1dljkr1.nwb	8127560
sub-Yoshi/sub-Yoshi_ses-Yoshi-20220518_obj-29uso5.nwb	7054080
sub-Banner/sub-Banner_ses-Banner-20220225_obj-a6gqas_behavior.nwb	34829408
sub-Olive/sub-Olive_ses-Olive-20220711_obj-15hg2c6.nwb	24519696
sub-Olive/sub-Olive_ses-Olive-20220711_obj-8uu1qy_behavior.nwb	20082944
sub-Yoshi/sub-Yoshi_ses-Yoshi-20220517_obj-l39vtq.nwb	266278356
sub-Wallie/sub-Wallie_ses-Wallie-20220922_obj-1j0rx98.nwb	2722944
sub-Totoro/sub-Totoro_ses-Totoro-20220614_obj-1fcrzn0_behavior.nwb	6786720
sub-Yoshi/sub-Yoshi_ses-Yoshi-20220518_obj-7x1isw.nwb	6776712
sub-Winnie/sub-Winnie_ses-Winnie-20220719_obj-d7y1f5.nwb	1108340632
sub-Wallie/sub-Wallie_ses-Wallie-20220922_obj-u9wt3h.nwb	3871368
sub-Olive/sub-Olive_ses-Olive-20220707_obj-bsjo2h.nwb	2453440
sub-Frodo/sub-Frodo_ses-2_obj-1dxpulk_behavior+ecephys.nwb	17896144
sub-Wallie/sub-Wallie_ses-Wallie-20220922_obj-1ikzwn_behavior.nwb	10706552
sub-Frodo/sub-Frodo_ses-4_obj-13ra917_ecephys.nwb	111634052
sub-Yoshi/sub-Yoshi_ses-Yoshi-20220518_obj-m0h6yw_ecephys.nwb	160463360
sub-Winnie/sub-Winnie_ses-Winnie-20220717_obj-1ore62f.nwb	3801392
sub-Wallie/sub-Wallie_ses-Wallie-20220922_obj-9itnlq.nwb	3852080
sub-Banner/sub-Banner_ses-Banner-20220224_obj-1cbsqkk_behavior.nwb	27238684
sub-Wallie/sub-Wallie_ses-Wallie-20220914_obj-9dds7a.nwb	2852248
sub-Olive/sub-Olive_ses-Olive-20220711_obj-1xilrc7.nwb	47679668
sub-Yoshi/sub-Yoshi_ses-Yoshi-20220513_obj-vzh4r3.nwb	4120000
sub-Yoshi/sub-Yoshi_ses-Yoshi-20220517_obj-1qqvm1z.nwb	68434340
sub-Totoro/sub-Totoro_ses-Totoro-20220613_obj-qbl992.nwb	3338752
sub-Winnie/sub-Winnie_ses-Winnie-20220719_obj-1evz80w.nwb	5209040
sub-Yoshi/sub-Yoshi_ses-Yoshi-20220517_obj-1qxdxgy.nwb	7016064
sub-Olive/sub-Olive_ses-Olive-20220707_obj-giluj8.nwb	2770176
sub-Frodo/sub-Frodo_ses-5_obj-1iijoee_ecephys.nwb	11311672
sub-Totoro/sub-Totoro_ses-Totoro-20220614_obj-14r3lgy.nwb	2149872
sub-Totoro/sub-Totoro_ses-Totoro-20220614_obj-ffcpys.nwb	5648456
sub-Yoshi/sub-Yoshi_ses-Yoshi-20220517_obj-1tdnt2o.nwb	3460240
sub-Yoshi/sub-Yoshi_ses-Yoshi-20220517_obj-d3mbuw_behavior.nwb	8831776
sub-Wallie/sub-Wallie_ses-Wallie-20220922_obj-1kuhb7l.nwb	2424128
sub-Yoshi/sub-Yoshi_ses-Yoshi-20220513_obj-1yc7s0a_ecephys.nwb	349024940
sub-Frodo/sub-Frodo_ses-5_obj-x4am6s_ecephys.nwb	16188552
sub-Totoro/sub-Totoro_ses-Totoro-20220614_obj-1avzxvj.nwb	4669280
sub-Totoro/sub-Totoro_ses-Totoro-20220614_obj-1o0adnr_behavior.nwb	143614640
sub-Wallie/sub-Wallie_ses-Wallie-20220922_obj-p8ang1.nwb	2947560
sub-Winnie/sub-Winnie_ses-Winnie-20220717_obj-27ztwr.nwb	2423904
sub-Yoshi/sub-Yoshi_ses-Yoshi-20220518_obj-jzggab.nwb	7492320
sub-Winnie/sub-Winnie_ses-Winnie-20220719_obj-zaixi5.nwb	3355792
sub-Winnie/sub-Winnie_ses-Winnie-20220719_obj-kxmrcr.nwb	9052336
sub-Winnie/sub-Winnie_ses-Winnie-20220719_obj-h4s3ob_behavior.nwb	26593456
sub-Yoshi/sub-Yoshi_ses-Yoshi-20220510_obj-1bg0w0g.nwb	2505936
sub-Wallie/sub-Wallie_ses-Wallie-20220911_obj-kozge4_ecephys.nwb	308929006
sub-Yoshi/sub-Yoshi_ses-Yoshi-20220510_obj-qmmp0_behavior.nwb	17891560
sub-Bilbo/sub-Bilbo_ses-5_obj-ins6o_ecephys.nwb	17569552
sub-Wallie/sub-Wallie_ses-Wallie-20220922_obj-ogdaj2.nwb	4641824
sub-Totoro/sub-Totoro_ses-Totoro-20220614_obj-na8a7n_ecephys.nwb	224729362
sub-Yoshi/sub-Yoshi_ses-Yoshi-20220518_obj-fxpjh3_ecephys.nwb	166894344
sub-Frodo/sub-Frodo_ses-1_obj-olfuvm_behavior+ecephys.nwb	748260800
sub-Totoro/sub-Totoro_ses-Totoro-20220614_obj-8h84n8.nwb	9177792
sub-Yoshi/sub-Yoshi_ses-Yoshi-20220517_obj-t2dcel.nwb	6513174
sub-Frodo/sub-Frodo_ses-3_obj-ni91so_ecephys.nwb	8984160
sub-Totoro/sub-Totoro_ses-Totoro-20220607_obj-1dgb3av.nwb	3745808
sub-Yoshi/sub-Yoshi_ses-Yoshi-20220517_obj-1rqui8c.nwb	50797160
sub-Frodo/sub-Frodo_ses-5_obj-uio7sd_ecephys.nwb	6723280
sub-Winnie/sub-Winnie_ses-Winnie-20220719_obj-75yhbn.nwb	3912156
sub-Yoshi/sub-Yoshi_ses-Yoshi-20220517_obj-xo55sk_ecephys.nwb	246193780
sub-Frodo/sub-Frodo_ses-3_obj-di8qe1_ecephys.nwb	6829888
sub-Yoshi/sub-Yoshi_ses-Yoshi-20220518_obj-1ey6e1r.nwb	1790016
sub-Winnie/sub-Winnie_ses-Winnie-20220719_obj-1jlocjj.nwb	2315160
sub-Totoro/sub-Totoro_ses-Totoro-20220613_obj-alwtyx_behavior.nwb	22681448
sub-Olive/sub-Olive_ses-Olive-20220711_obj-1xel208.nwb	4016828
sub-Winnie/sub-Winnie_ses-Winnie-20220719_obj-1rf73zc.nwb	13393408
sub-Yoshi/sub-Yoshi_ses-Yoshi-20220518_obj-tvftna.nwb	143855556
sub-Yoshi/sub-Yoshi_ses-Yoshi-20220517_obj-15n0ro2_behavior.nwb	9682784
sub-Banner/sub-Banner_ses-Banner-20220224_obj-1qwj97d_ecephys.nwb	319130960
sub-Bilbo/sub-Bilbo_ses-5_obj-rvadit_ecephys.nwb	6075840
sub-Banner/sub-Banner_ses-Banner-20220225_obj-1dnii8m.nwb	86232636
sub-Banner/sub-Banner_ses-Banner-20220224_obj-kb44cx_behavior.nwb	13158080
sub-Totoro/sub-Totoro_ses-Totoro-20220614_obj-1fy09nr.nwb	16900512
sub-Yoshi/sub-Yoshi_ses-Yoshi-20220517_obj-y7yeen.nwb	3737230
sub-Frodo/sub-Frodo_ses-5_obj-1s9jyu2_ecephys.nwb	69956776
sub-Yoshi/sub-Yoshi_ses-Yoshi-20220513_obj-1j0v4ia.nwb	185843228
sub-Totoro/sub-Totoro_ses-Totoro-20220607_obj-1hct1nx.nwb	4634304
sub-Wallie/sub-Wallie_ses-Wallie-20220922_obj-afg83z.nwb	2796192
sub-Winnie/sub-Winnie_ses-Winnie-20220719_obj-1c73cbj.nwb	26034168
sub-Totoro/sub-Totoro_ses-Totoro-20220614_obj-2al70r.nwb	6556960
sub-Yoshi/sub-Yoshi_ses-Yoshi-20220517_obj-dt5lpm.nwb	48597688
sub-Frodo/sub-Frodo_ses-5_obj-1bvjety_ecephys.nwb	5916928
sub-Yoshi/sub-Yoshi_ses-Yoshi-20220518_obj-1z0dmn4.nwb	79292532
sub-Olive/sub-Olive_ses-Olive-20220711_obj-18h5aly_behavior.nwb	8925632
sub-Yoshi/sub-Yoshi_ses-Yoshi-20220518_obj-15qpl8t.nwb	3958275004
sub-Totoro/sub-Totoro_ses-Totoro-20220614_obj-kkija1.nwb	2673832
sub-Wallie/sub-Wallie_ses-Wallie-20220922_obj-1yokg4z.nwb	255556428
sub-Yoshi/sub-Yoshi_ses-Yoshi-20220517_obj-10ab62n.nwb	62160904
sub-Winnie/sub-Winnie_ses-Winnie-20220717_obj-1kcrdul.nwb	3134656
sub-Winnie/sub-Winnie_ses-Winnie-20220719_obj-xl8cpf_ecephys.nwb	301156488
sub-Winnie/sub-Winnie_ses-Winnie-20220719_obj-x29ou2.nwb	208922624
sub-Banner/sub-Banner_ses-Banner-20220225_obj-1itucc6.nwb	6201778
sub-Winnie/sub-Winnie_ses-Winnie-20220719_obj-lk1wf8_behavior.nwb	7527936
sub-Olive/sub-Olive_ses-Olive-20220711_obj-1fhqppd.nwb	25134652
sub-Yoshi/sub-Yoshi_ses-Yoshi-20220513_obj-6unnwd_behavior.nwb	185993540
sub-Winnie/sub-Winnie_ses-Winnie-20220719_obj-1x10yxi.nwb	106681048
sub-Wallie/sub-Wallie_ses-Wallie-20220911_obj-1b0xaah.nwb	64647740
sub-Bilbo/sub-Bilbo_ses-5_obj-1ot14wx_behavior+ecephys.nwb	24832640
sub-Yoshi/sub-Yoshi_ses-Yoshi-20220518_obj-1tjmh3r.nwb	20425480
sub-Yoshi/sub-Yoshi_ses-Yoshi-20220513_obj-fks0rg_ecephys.nwb	286055876
sub-Wallie/sub-Wallie_ses-Wallie-20220912_obj-f16xe7.nwb	225419360
sub-Odins/sub-Odins_ses-Odins-20220124_obj-11xiabm.nwb	76075428
sub-Yoshi/sub-Yoshi_ses-Yoshi-20220517_obj-16980s.nwb	6231792
sub-Yoshi/sub-Yoshi_ses-Yoshi-20220518_obj-1a10hu5.nwb	2708720
sub-Olive/sub-Olive_ses-Olive-20220630_obj-qv2lb8.nwb	64944348
sub-Yoshi/sub-Yoshi_ses-Yoshi-20220517_obj-1l0yez7.nwb	2422168
sub-Wallie/sub-Wallie_ses-Wallie-20220922_obj-mh2zng.nwb	2908352
sub-Frodo/sub-Frodo_ses-5_obj-14l311u_ecephys.nwb	7609200
sub-Yoshi/sub-Yoshi_ses-Yoshi-20220518_obj-ayqgxl.nwb	6401540
sub-Wallie/sub-Wallie_ses-Wallie-20220914_obj-182qyn0.nwb	1754840
sub-Wallie/sub-Wallie_ses-Wallie-20220912_obj-14t2fwl.nwb	147983588
sub-Totoro/sub-Totoro_ses-Totoro-20220613_obj-141bic.nwb	4017840
sub-Bilbo/sub-Bilbo_ses-3_obj-14fqrsp_ecephys.nwb	10922648
sub-Bilbo/sub-Bilbo_ses-2_obj-1mf8f4g_behavior+ecephys.nwb	24323472
sub-Totoro/sub-Totoro_ses-Totoro-20220602_obj-wdk5us.nwb	110717276
sub-Frodo/sub-Frodo_ses-5_obj-1bn7z0i_ecephys.nwb	7858953
sub-Winnie/sub-Winnie_ses-Winnie-20220719_obj-93tgzq.nwb	5229056
sub-Wallie/sub-Wallie_ses-Wallie-20220922_obj-8uhf5g_behavior.nwb	10782912
sub-Frodo/sub-Frodo_ses-5_obj-10sbfsh_ecephys.nwb	20324204
sub-Winnie/sub-Winnie_ses-Winnie-20220719_obj-15d0q4u.nwb	121509180
sub-Yoshi/sub-Yoshi_ses-Yoshi-20220517_obj-1d3vda2_behavior.nwb	201506280
sub-Winnie/sub-Winnie_ses-Winnie-20220719_obj-1bhk5vf.nwb	22183620440
sub-Frodo/sub-Frodo_ses-5_obj-125rmzx_ecephys.nwb	5896128
sub-Winnie/sub-Winnie_ses-Winnie-20220719_obj-uycmgl.nwb	90327708
sub-Frodo/sub-Frodo_ses-5_obj-f1ca28_ecephys.nwb	38402228
sub-Wallie/sub-Wallie_ses-Wallie-20220922_obj-fjkyh4.nwb	2797280
sub-Yoshi/sub-Yoshi_ses-Yoshi-20220513_obj-1fjtwvb.nwb	2942072
sub-Bilbo/sub-Bilbo_ses-2_obj-qe4uva_ecephys.nwb	9664816
sub-Olive/sub-Olive_ses-Olive-20220711_obj-dtsdtm.nwb	2765232
sub-Totoro/sub-Totoro_ses-Totoro-20220607_obj-1flm1zw_behavior.nwb	18942592
sub-Olive/sub-Olive_ses-Olive-20220711_obj-158peqf.nwb	2768192
sub-Yoshi/sub-Yoshi_ses-Yoshi-20220509_obj-ghmizi_ecephys.nwb	426094164
sub-Wallie/sub-Wallie_ses-Wallie-20220922_obj-1xei0gk.nwb	44698592
sub-Frodo/sub-Frodo_ses-5_obj-18wt0g0_ecephys.nwb	78711148
sub-Wallie/sub-Wallie_ses-Wallie-20220922_obj-o0t7nk.nwb	4724480
sub-Yoshi/sub-Yoshi_ses-Yoshi-20220517_obj-1avq863.nwb	33135222
sub-Wallie/sub-Wallie_ses-Wallie-20220911_obj-1bsabti.nwb	256715024
sub-Winnie/sub-Winnie_ses-Winnie-20220719_obj-1ud4h2v.nwb	126957756
sub-Olive/sub-Olive_ses-Olive-20220711_obj-1c3v7x.nwb	3114216
sub-Yoshi/sub-Yoshi_ses-Yoshi-20220517_obj-ztmbrk.nwb	4496976
sub-Yoshi/sub-Yoshi_ses-Yoshi-20220517_obj-1f9z8xq_behavior.nwb	200921068
sub-Winnie/sub-Winnie_ses-Winnie-20220719_obj-1uqtv7s.nwb	19746400
sub-Bilbo/sub-Bilbo_ses-5_obj-bs6k30_ecephys.nwb	9321334
sub-Yoshi/sub-Yoshi_ses-Yoshi-20220518_obj-1vptoe9.nwb	85476944
sub-Wallie/sub-Wallie_ses-Wallie-20220922_obj-14jn9oe.nwb	2770432
sub-Totoro/sub-Totoro_ses-Totoro-20220531_obj-otbe35_ecephys.nwb	169401056
sub-Totoro/sub-Totoro_ses-Totoro-20220603_obj-rpzn87_behavior.nwb	198298732
sub-Frodo/sub-Frodo_ses-5_obj-1q0xv4w_ecephys.nwb	5264832
sub-Yoshi/sub-Yoshi_ses-Yoshi-20220510_obj-1d8qe95_ecephys.nwb	273710008
sub-Winnie/sub-Winnie_ses-Winnie-20220719_obj-1bf6jmx.nwb	3905316
sub-Totoro/sub-Totoro_ses-Totoro-20220613_obj-1brin0o.nwb	2578704
sub-Winnie/sub-Winnie_ses-Winnie-20220719_obj-16wbuaa.nwb	93345152
sub-Frodo/sub-Frodo_ses-3_obj-st9uf8_ecephys.nwb	5597640
sub-Winnie/sub-Winnie_ses-Winnie-20220719_obj-ksrrm8.nwb	5781840
sub-Olive/sub-Olive_ses-Olive-20220711_obj-13gihjy.nwb	2703008
sub-Totoro/sub-Totoro_ses-Totoro-20220613_obj-1ld0rtu_ecephys.nwb	146962484
sub-Wallie/sub-Wallie_ses-Wallie-20220922_obj-3ew66e.nwb	100526604
sub-Olive/sub-Olive_ses-Olive-20220627_obj-18zs4oq.nwb	3749976
sub-Banner/sub-Banner_ses-Banner-20220224_obj-1ri26j1_behavior.nwb	32069216
sub-Yoshi/sub-Yoshi_ses-Yoshi-20220518_obj-1cqns3m.nwb	3190592
sub-Frodo/sub-Frodo_ses-2_obj-1d4ugqn_ecephys.nwb	109660756
sub-Olive/sub-Olive_ses-Olive-20220711_obj-eqs4k6_behavior.nwb	4431630
sub-Banner/sub-Banner_ses-Banner-20220224_obj-19dssjz.nwb	8293452
sub-Olive/sub-Olive_ses-Olive-20220711_obj-1h3abqh.nwb	61647976
sub-Frodo/sub-Frodo_ses-5_obj-1b5245t_ecephys.nwb	21558720
sub-Yoshi/sub-Yoshi_ses-Yoshi-20220518_obj-1iryvx5_ecephys.nwb	183835492
sub-Yoshi/sub-Yoshi_ses-Yoshi-20220518_obj-1925a6m.nwb	3806264
sub-Yoshi/sub-Yoshi_ses-Yoshi-20220518_obj-1oeqe73.nwb	3590280
sub-Frodo/sub-Frodo_ses-7_obj-1ej60rz_ecephys.nwb	4255248
sub-Olive/sub-Olive_ses-Olive-20220711_obj-re3dod_behavior.nwb	12546728
sub-Bilbo/sub-Bilbo_ses-3_obj-1pqaljj_behavior+ecephys.nwb	29021760
sub-Wallie/sub-Wallie_ses-Wallie-20220922_obj-1tutocf.nwb	4158016
sub-Banner/sub-Banner_ses-Banner-20220224_obj-17ko14a_behavior.nwb	10150138
sub-Winnie/sub-Winnie_ses-Winnie-20220717_obj-1w642gr.nwb	3402560
sub-Winnie/sub-Winnie_ses-Winnie-20220719_obj-1buh14g.nwb	338205684
sub-Winnie/sub-Winnie_ses-Winnie-20220719_obj-1uwg469.nwb	99850552
sub-Yoshi/sub-Yoshi_ses-Yoshi-20220518_obj-1164jcu.nwb	141546480
sub-Totoro/sub-Totoro_ses-Totoro-20220607_obj-i62wo1.nwb	4580184
sub-Totoro/sub-Totoro_ses-Totoro-20220614_obj-hfee0z.nwb	59338092
sub-Frodo/sub-Frodo_ses-5_obj-nmzthw_ecephys.nwb	25684109
sub-Yoshi/sub-Yoshi_ses-Yoshi-20220518_obj-1qlxlnl.nwb	5980896
sub-Totoro/sub-Totoro_ses-Totoro-20220614_obj-12gd27x_behavior.nwb	13708000
sub-Totoro/sub-Totoro_ses-Totoro-20220614_obj-100aewq.nwb	6334120
sub-Frodo/sub-Frodo_ses-5_obj-1u5anuy_ecephys.nwb	6411888
sub-Bilbo/sub-Bilbo_ses-5_obj-11kjr3i_ecephys.nwb	21060680
sub-Totoro/sub-Totoro_ses-Totoro-20220614_obj-1tkwy0t_behavior.nwb	198712492
sub-Yoshi/sub-Yoshi_ses-Yoshi-20220518_obj-1d1ibz3.nwb	121747096
sub-Olive/sub-Olive_ses-Olive-20220711_obj-1q8g66v_behavior.nwb	173275264
sub-Yoshi/sub-Yoshi_ses-Yoshi-20220518_obj-1cta2jg_behavior.nwb	14701120
sub-Bilbo/sub-Bilbo_ses-5_obj-1gaf3ad_ecephys.nwb	6702768
sub-Frodo/sub-Frodo_ses-5_obj-1tphxu8_ecephys.nwb	7068390
sub-Yoshi/sub-Yoshi_ses-Yoshi-20220518_obj-x4d5qg.nwb	2497584
sub-Bilbo/sub-Bilbo_ses-5_obj-1ebv0t4_ecephys.nwb	245520520
sub-Winnie/sub-Winnie_ses-Winnie-20220719_obj-1gw8ipr_ecephys.nwb	191978380
sub-Bilbo/sub-Bilbo_ses-5_obj-16lmyhw_behavior+ecephys.nwb	21085312
sub-Odins/sub-Odins_ses-Odins-20220123.nwb	185309780
sub-Wallie/sub-Wallie_ses-Wallie-20220922_obj-d0muuk.nwb	214041056
sub-Winnie/sub-Winnie_ses-Winnie-20220719_obj-avahsg_ecephys.nwb	294278488
sub-Yoshi/sub-Yoshi_ses-Yoshi-20220518_obj-1px1v4s.nwb	6186944
sub-Winnie/sub-Winnie_ses-Winnie-20220713_obj-q0gdmo_behavior.nwb	8928720
sub-Totoro/sub-Totoro_ses-Totoro-20220603_obj-7wi9o0_behavior.nwb	15460480
sub-Yoshi/sub-Yoshi_ses-Yoshi-20220517_obj-1i5jycl.nwb	2768192
sub-Yoshi/sub-Yoshi_ses-Yoshi-20220518_obj-60chdi.nwb	3757968
sub-Yoshi/sub-Yoshi_ses-Yoshi-20220518_obj-1x3fshg.nwb	51300328
sub-Frodo/sub-Frodo_ses-5_obj-3t6aht_ecephys.nwb	4367328
sub-Banner/sub-Banner_ses-Banner-20220224_obj-azog5x.nwb	102670676
sub-Yoshi/sub-Yoshi_ses-Yoshi-20220517_obj-1gvhbqj.nwb	1530723884
sub-Winnie/sub-Winnie_ses-Winnie-20220719_obj-1f35wcf.nwb	35703748
sub-Yoshi/sub-Yoshi_ses-Yoshi-20220517_obj-hkasd9.nwb	66491760
sub-Yoshi/sub-Yoshi_ses-Yoshi-20220513_obj-2o07js_behavior.nwb	19293744
sub-Yoshi/sub-Yoshi_ses-Yoshi-20220517_obj-17ly2s9.nwb	3114216
sub-Yoshi/sub-Yoshi_ses-Yoshi-20220518_obj-1mlb90w.nwb	3460240
sub-Yoshi/sub-Yoshi_ses-Yoshi-20220518_obj-su9cdk.nwb	84882520
sub-Olive/sub-Olive_ses-Olive-20220711_obj-pht22l.nwb	18219216
sub-Banner/sub-Banner_ses-Banner-20220225_obj-yg024h_behavior.nwb	4651312
sub-Wallie/sub-Wallie_ses-Wallie-20220922_obj-llraz9.nwb	84913624
sub-Totoro/sub-Totoro_ses-Totoro-20220614_obj-ovhb54.nwb	86407552
sub-Wallie/sub-Wallie_ses-Wallie-20220922_obj-1wk1jtg_ecephys.nwb	445331442
sub-Yoshi/sub-Yoshi_ses-Yoshi-20220518_obj-loely9.nwb	2768192
sub-Winnie/sub-Winnie_ses-Winnie-20220719_obj-19x4j6r_behavior.nwb	7079616
sub-Wallie/sub-Wallie_ses-Wallie-20220911_obj-1prhaq1.nwb	2874872
sub-Bilbo/sub-Bilbo_ses-5_obj-2cec0b_ecephys.nwb	115864628
sub-Frodo/sub-Frodo_ses-5_obj-4ach55_ecephys.nwb	6862944
sub-Banner/sub-Banner_ses-Banner-20220225_obj-xgrai9_behavior.nwb	19897856
sub-Frodo/sub-Frodo_ses-5_obj-1hwkcmn_ecephys.nwb	56409664
sub-Yoshi/sub-Yoshi_ses-Yoshi-20220517_obj-1fiiyao.nwb	77397312
sub-Totoro/sub-Totoro_ses-Totoro-20220613_obj-1jprghm.nwb	2847984
sub-Yoshi/sub-Yoshi_ses-Yoshi-20220518_obj-1yq518a.nwb	9460760
sub-Winnie/sub-Winnie_ses-Winnie-20220715_obj-1633qt5_behavior.nwb	187883904
sub-Winnie/sub-Winnie_ses-Winnie-20220719_obj-1z0xpcz.nwb	6550944
sub-Winnie/sub-Winnie_ses-Winnie-20220719_obj-1spiyzw.nwb	5713484
sub-Yoshi/sub-Yoshi_ses-Yoshi-20220510_obj-1cvn0a8.nwb	2838416
sub-Wallie/sub-Wallie_ses-Wallie-20220922_obj-5rc820.nwb	1776760
sub-Bilbo/sub-Bilbo_ses-2_obj-1rc78p6_ecephys.nwb	169493496
sub-Yoshi/sub-Yoshi_ses-Yoshi-20220518_obj-1c7mr06.nwb	177868368
sub-Banner/sub-Banner_ses-Banner-20220225_obj-a4tl2h.nwb	64866500
sub-Wallie/sub-Wallie_ses-Wallie-20220922_obj-lkkogy.nwb	3463040
sub-Bilbo/sub-Bilbo_ses-5_obj-lt3x68_ecephys.nwb	5644296
sub-Yoshi/sub-Yoshi_ses-Yoshi-20220518_obj-fddu0o.nwb	3114216
sub-Frodo/sub-Frodo_ses-5_obj-b1bqyf_ecephys.nwb	5104512
sub-Totoro/sub-Totoro_ses-Totoro-20220614_obj-1k8q1df.nwb	3135744
sub-Winnie/sub-Winnie_ses-Winnie-20220717_obj-7mfyt5.nwb	4365368
sub-Banner/sub-Banner_ses-Banner-20220224_obj-5abthh.nwb	5050530
sub-Totoro/sub-Totoro_ses-Totoro-20220613_obj-1kdsl1u.nwb	6049328
sub-Totoro/sub-Totoro_ses-Totoro-20220615_obj-1kr7nxk.nwb	3240390
sub-Frodo/sub-Frodo_ses-5_obj-1lqe5oc_behavior+ecephys.nwb	5405832
sub-Yoshi/sub-Yoshi_ses-Yoshi-20220517_obj-htgi7m.nwb	2422168
sub-Wallie/sub-Wallie_ses-Wallie-20220912_obj-qo8kdp.nwb	113858080
sub-Winnie/sub-Winnie_ses-Winnie-20220719_obj-17vv35q.nwb	3387240
sub-Banner/sub-Banner_ses-Banner-20220225_obj-1b67vs9_behavior.nwb	29345272
sub-Winnie/sub-Winnie_ses-Winnie-20220719_obj-1g2squ6_behavior.nwb	15599440
sub-Bilbo/sub-Bilbo_ses-3_obj-8fqv0h_ecephys.nwb	8227712
sub-Totoro/sub-Totoro_ses-Totoro-20220613_obj-12gxyzb.nwb	3941568
sub-Totoro/sub-Totoro_ses-Totoro-20220613_obj-lgapk4.nwb	9345280
sub-Winnie/sub-Winnie_ses-Winnie-20220719_obj-mnwa97.nwb	4845632
sub-Yoshi/sub-Yoshi_ses-Yoshi-20220510_obj-1e7ev4y.nwb	37122288
sub-Frodo/sub-Frodo_ses-6_obj-92jq6d_ecephys.nwb	9841190
sub-Winnie/sub-Winnie_ses-Winnie-20220719_obj-cz3dcn_behavior.nwb	13774000
sub-Totoro/sub-Totoro_ses-Totoro-20220614_obj-wg30wh.nwb	6195520
sub-Yoshi/sub-Yoshi_ses-Yoshi-20220518_obj-hr3nda_behavior.nwb	22915520
sub-Yoshi/sub-Yoshi_ses-Yoshi-20220513_obj-1fzc1kr.nwb	4895848
sub-Winnie/sub-Winnie_ses-Winnie-20220717_obj-zm8cjj.nwb	6067008
sub-Olive/sub-Olive_ses-Olive-20220629_behavior+ecephys+image.nwb	375972827076
sub-Yoshi/sub-Yoshi_ses-Yoshi-20220517_obj-11vqov5.nwb	5815616
sub-Banner/sub-Banner_ses-Banner-20220224_obj-1xkjurr_behavior.nwb	135876768
sub-Olive/sub-Olive_ses-Olive-20220701_obj-mhy0ai.nwb	129450476
sub-Winnie/sub-Winnie_ses-Winnie-20220719_obj-14v8kvf.nwb	239028668
sub-Frodo/sub-Frodo_ses-5_obj-18yxr2o_ecephys.nwb	5051928
sub-Yoshi/sub-Yoshi_ses-Yoshi-20220518_obj-1fxjmze.nwb	4580256
sub-Bilbo/sub-Bilbo_ses-5_obj-1js0l2x_behavior+ecephys.nwb	175994788
sub-Banner/sub-Banner_ses-Banner-20220225_obj-p0i8ya.nwb	38379373
sub-Wallie/sub-Wallie_ses-Wallie-20220914_obj-1jb5obn.nwb	701936
sub-Frodo/sub-Frodo_ses-5_obj-1amg1ue_ecephys.nwb	64142108
sub-Yoshi/sub-Yoshi_ses-Yoshi-20220517_obj-1n3pn1d.nwb	5257450
sub-Olive/sub-Olive_ses-Olive-20220711_obj-1dge72p.nwb	29040160
sub-Yoshi/sub-Yoshi_ses-Yoshi-20220517_obj-y1ecjk.nwb	2422168
sub-Totoro/sub-Totoro_ses-Totoro-20220603_obj-bkzkt3_ecephys.nwb	215701356
sub-Frodo/sub-Frodo_ses-5_obj-58yaxq_ecephys.nwb	3626120
sub-Bilbo/sub-Bilbo_ses-5_obj-gd46gw_ecephys.nwb	7085184
sub-Olive/sub-Olive_ses-Olive-20220711_obj-1qkqsek.nwb	4864408
sub-Yoshi/sub-Yoshi_ses-Yoshi-20220513_obj-1n8ijco.nwb	1998120
sub-Wallie/sub-Wallie_ses-Wallie-20220922_obj-1nw7haq.nwb	5639680
sub-Yoshi/sub-Yoshi_ses-Yoshi-20220517_obj-1srtgnk.nwb	39556163
sub-Bilbo/sub-Bilbo_ses-5_obj-1xvr8wp_ecephys.nwb	85934916
sub-Yoshi/sub-Yoshi_ses-Yoshi-20220518_obj-qkmrkb.nwb	171263824
sub-Winnie/sub-Winnie_ses-Winnie-20220719_obj-gy3bht_behavior.nwb	90115316
sub-Winnie/sub-Winnie_ses-Winnie-20220720_obj-11z47nu.nwb	28772618
sub-Winnie/sub-Winnie_ses-Winnie-20220719_obj-17xtulq.nwb	4371312
sub-Yoshi/sub-Yoshi_ses-Yoshi-20220517_obj-zejm81.nwb	74648676
sub-Winnie/sub-Winnie_ses-Winnie-20220719_obj-i8apox.nwb	607307160
sub-Wallie/sub-Wallie_ses-Wallie-20220922_obj-4t03an.nwb	2941176
sub-Olive/sub-Olive_ses-Olive-20220711_obj-10p5zwa.nwb	5366331
sub-Frodo/sub-Frodo_ses-5_obj-2qsv38_ecephys.nwb	5982928
sub-Wallie/sub-Wallie_ses-Wallie-20220922_obj-weyqua.nwb	5103380
sub-Yoshi/sub-Yoshi_ses-Yoshi-20220517_obj-if59jj.nwb	34286256
sub-Bilbo/sub-Bilbo_ses-5_obj-14lf41q_ecephys.nwb	8431904
sub-Bilbo/sub-Bilbo_ses-5_obj-f7ok4x_behavior+ecephys.nwb	14116520
sub-Totoro/sub-Totoro_ses-Totoro-20220602_obj-17xq5wx.nwb	208437056
sub-Bilbo/sub-Bilbo_ses-5_obj-3nn47r_ecephys.nwb	8118792
sub-Totoro/sub-Totoro_ses-Totoro-20220615_obj-2xr6ri.nwb	3469572
sub-Totoro/sub-Totoro_ses-Totoro-20220614_obj-qy18jd.nwb	75913196
sub-Yoshi/sub-Yoshi_ses-Yoshi-20220518_obj-1ooj6_ecephys.nwb	204021208
sub-Totoro/sub-Totoro_ses-Totoro-20220615_obj-17kaz96.nwb	7208276
sub-Yoshi/sub-Yoshi_ses-Yoshi-20220518_obj-1riea6r.nwb	8050348
sub-Wallie/sub-Wallie_ses-Wallie-20220922_obj-1miz87c.nwb	4331920
sub-Frodo/sub-Frodo_ses-5_obj-1a45w0_ecephys.nwb	6870535
sub-Yoshi/sub-Yoshi_ses-Yoshi-20220518_obj-emfz66_behavior.nwb	16537320
sub-Banner/sub-Banner_ses-Banner-20220225_obj-12t4nui_behavior.nwb	129754616
sub-Yoshi/sub-Yoshi_ses-Yoshi-20220518_obj-dlifx8.nwb	2836120
sub-Totoro/sub-Totoro_ses-Totoro-20220603_obj-5kw3hf.nwb	58525904
sub-Banner/sub-Banner_ses-Banner-20220225_obj-nne6re_ecephys.nwb	154785332
sub-Totoro/sub-Totoro_ses-Totoro-20220616_obj-1jx12u1.nwb	3008640
sub-Totoro/sub-Totoro_ses-Totoro-20220614_obj-qarrng_behavior.nwb	18393280
sub-Wallie/sub-Wallie_ses-Wallie-20220922_obj-4iziie.nwb	3793496
sub-Totoro/sub-Totoro_ses-Totoro-20220607_obj-n95pk4.nwb	3180520
sub-Olive/sub-Olive_ses-Olive-20220711_obj-kxgk5z_ecephys.nwb	181032976
sub-Frodo/sub-Frodo_ses-5_obj-lporj2_ecephys.nwb	3688040
sub-Totoro/sub-Totoro_ses-Totoro-20220614_obj-blhvdb.nwb	3008448
sub-Yoshi/sub-Yoshi_ses-Yoshi-20220518_obj-1iptu5.nwb	5331675
sub-Frodo/sub-Frodo_ses-1_obj-1gyvibi_ecephys.nwb	126436292
sub-Yoshi/sub-Yoshi_ses-Yoshi-20220518_obj-1tu53zi.nwb	7143936
sub-Winnie/sub-Winnie_ses-Winnie-20220719_obj-1bnywdy_behavior.nwb	6484674
sub-Winnie/sub-Winnie_ses-Winnie-20220719_obj-lrb3ch.nwb	79575632
sub-Frodo/sub-Frodo_ses-4_obj-1ut0pgw_ecephys.nwb	6893304
sub-Bilbo/sub-Bilbo_ses-5_obj-77r0li_ecephys.nwb	6556890
sub-Banner/sub-Banner_ses-Banner-20220215_obj-xe98qy_ecephys.nwb	68229564
sub-Olive/sub-Olive_ses-Olive-20220711_obj-jfw4qc.nwb	85598004
sub-Winnie/sub-Winnie_ses-Winnie-20220719_obj-3irbkh_ecephys.nwb	130091540
sub-Winnie/sub-Winnie_ses-Winnie-20220719_obj-1io6i3a.nwb	76536864
sub-Wallie/sub-Wallie_ses-Wallie-20220922_obj-ytcr7.nwb	2077824
sub-Olive/sub-Olive_ses-Olive-20220711_obj-1w8ri4o.nwb	3380928
sub-Odins/sub-Odins_ses-Odins-20220124_obj-1udnxyu_behavior.nwb	14999824
sub-Yoshi/sub-Yoshi_ses-Yoshi-20220517_obj-1u9zrtc.nwb	2768192
sub-Totoro/sub-Totoro_ses-Totoro-20220614_obj-x9ou99.nwb	130871600
sub-Frodo/sub-Frodo_ses-5_obj-sc1ndj_ecephys.nwb	7150528
sub-Yoshi/sub-Yoshi_ses-Yoshi-20220518_obj-sl9l5f.nwb	51587964
sub-Bilbo/sub-Bilbo_ses-5_obj-1ou82bu_ecephys.nwb	11581416
sub-Winnie/sub-Winnie_ses-Winnie-20220715_obj-17kojc4.nwb	85156220
sub-Yoshi/sub-Yoshi_ses-Yoshi-20220517_obj-ij7mb3.nwb	3184000
sub-Wallie/sub-Wallie_ses-Wallie-20220922_obj-93gn13.nwb	2322480
sub-Wallie/sub-Wallie_ses-Wallie-20220912_obj-1qfaudd_ecephys.nwb	223699760
sub-Totoro/sub-Totoro_ses-Totoro-20220614_obj-1qdet4e_ecephys.nwb	496679184
sub-Frodo/sub-Frodo_ses-5_obj-1x2hnf9_ecephys.nwb	3513696
sub-Wallie/sub-Wallie_ses-Wallie-20220922_obj-u30h7o_behavior.nwb	6077808
sub-Yoshi/sub-Yoshi_ses-Yoshi-20220518_obj-awt5dv_behavior.nwb	9188360
sub-Frodo/sub-Frodo_ses-5_obj-ny0x90_ecephys.nwb	74322912
sub-Olive/sub-Olive_ses-Olive-20220711_obj-1sk02wh.nwb	1384096
sub-Olive/sub-Olive_ses-Olive-20220711_obj-k4yzgc.nwb	72382428
sub-Bilbo/sub-Bilbo_ses-5_obj-7kce5o_ecephys.nwb	6635408
sub-Winnie/sub-Winnie_ses-Winnie-20220715_obj-wrdvaz.nwb	79176780
sub-Yoshi/sub-Yoshi_ses-Yoshi-20220517_obj-1hskejs.nwb	2318400
sub-Olive/sub-Olive_ses-Olive-20220711_obj-3br71x.nwb	3460240
sub-Wallie/sub-Wallie_ses-Wallie-20220922_obj-18j669y.nwb	2107536
sub-Winnie/sub-Winnie_ses-Winnie-20220719_obj-15nt34l.nwb	2910096
sub-Yoshi/sub-Yoshi_ses-Yoshi-20220517_obj-bcuigd.nwb	167276708
sub-Yoshi/sub-Yoshi_ses-Yoshi-20220509_obj-qzewso.nwb	2427168
sub-Totoro/sub-Totoro_ses-Totoro-20220614_obj-4yq9c6.nwb	3177204
sub-Totoro/sub-Totoro_ses-Totoro-20220614_obj-1phfqut.nwb	4391072
sub-Wallie/sub-Wallie_ses-Wallie-20220922_obj-1jqryhc.nwb	3712856
sub-Yoshi/sub-Yoshi_ses-Yoshi-20220513_obj-1pkibqd_behavior.nwb	10817328
sub-Totoro/sub-Totoro_ses-Totoro-20220603_obj-1xlqikr.nwb	29375452
sub-Totoro/sub-Totoro_ses-Totoro-20220615_obj-q6q5o5.nwb	29163068
sub-Wallie/sub-Wallie_ses-Wallie-20220922_obj-h3b17q.nwb	2837744
sub-Totoro/sub-Totoro_ses-Totoro-20220614_obj-e31k2t_ecephys.nwb	297087668
sub-Olive/sub-Olive_ses-Olive-20220711_obj-gkael9.nwb	123908856
sub-Yoshi/sub-Yoshi_ses-Yoshi-20220517_obj-srhcjp.nwb	4706720
sub-Olive/sub-Olive_ses-Olive-20220711_obj-16o2eaf.nwb	2932032
sub-Yoshi/sub-Yoshi_ses-Yoshi-20220517_obj-1ltptmn.nwb	10277104
sub-Wallie/sub-Wallie_ses-Wallie-20220922_obj-102p3ch.nwb	172748340
sub-Bilbo/sub-Bilbo_ses-5_obj-1y2tqo2_behavior+ecephys.nwb	33809020
sub-Odins/sub-Odins_ses-Odins-20220124_obj-1fiybjx_ecephys.nwb	173457992
sub-Bilbo/sub-Bilbo_ses-3_obj-ghzuvx_ecephys.nwb	104567688
sub-Frodo/sub-Frodo_ses-5_obj-10cuhuj_ecephys.nwb	4367328
sub-Bilbo/sub-Bilbo_ses-6_obj-18sizbl_ecephys.nwb	5115618
sub-Yoshi/sub-Yoshi_ses-Yoshi-20220518_obj-tp6rz0.nwb	5930234
sub-Yoshi/sub-Yoshi_ses-Yoshi-20220517_obj-1xn54gm.nwb	822324844
sub-Winnie/sub-Winnie_ses-Winnie-20220719_obj-xtivmb.nwb	2353104
sub-Frodo/sub-Frodo_ses-5_obj-15yuxfy_ecephys.nwb	11135552
sub-Olive/sub-Olive_ses-Olive-20220711_obj-1n4u98q.nwb	33187476
sub-Yoshi/sub-Yoshi_ses-Yoshi-20220517_obj-18sq17n.nwb	15116448
sub-Totoro/sub-Totoro_ses-Totoro-20220613_obj-phz6qr.nwb	7132320
sub-Yoshi/sub-Yoshi_ses-Yoshi-20220517_obj-89veql.nwb	4122528
sub-Yoshi/sub-Yoshi_ses-Yoshi-20220518_obj-18jeaz1.nwb	3571784
sub-Bilbo/sub-Bilbo_ses-5_obj-ck2d14_ecephys.nwb	15632464
sub-Yoshi/sub-Yoshi_ses-Yoshi-20220517_obj-pfo8sw_behavior.nwb	9207000
sub-Frodo/sub-Frodo_ses-5_obj-1l72760_ecephys.nwb	32170530
sub-Olive/sub-Olive_ses-Olive-20220711_obj-vo4eci.nwb	69874072
sub-Winnie/sub-Winnie_ses-Winnie-20220719_obj-19x39c4.nwb	385199208
sub-Yoshi/sub-Yoshi_ses-Yoshi-20220513_obj-ruw5e9.nwb	3758832
sub-Totoro/sub-Totoro_ses-Totoro-20220614_obj-12x3u7j.nwb	8731640
sub-Yoshi/sub-Yoshi_ses-Yoshi-20220518_obj-h1gs5w.nwb	162493896
sub-Winnie/sub-Winnie_ses-Winnie-20220719_obj-d7isna_behavior.nwb	17707104
sub-Bilbo/sub-Bilbo_ses-5_obj-utl2ir_ecephys.nwb	8774280
sub-Winnie/sub-Winnie_ses-Winnie-20220719_obj-119df3c.nwb	427058700
sub-Winnie/sub-Winnie_ses-Winnie-20220719_obj-1e6fc09.nwb	23787108
sub-Wallie/sub-Wallie_ses-Wallie-20220922_obj-151c1qp.nwb	1838200
sub-Olive/sub-Olive_ses-Olive-20220711_obj-zqmmcj_behavior.nwb	206680156
sub-Yoshi/sub-Yoshi_ses-Yoshi-20220517_obj-2kivla_ecephys.nwb	285924772
sub-Yoshi/sub-Yoshi_ses-Yoshi-20220513_obj-14yu2ug_behavior.nwb	191408780
sub-Winnie/sub-Winnie_ses-Winnie-20220719_obj-qi4w61.nwb	60385244
sub-Totoro/sub-Totoro_ses-Totoro-20220617_obj-1oikvzh.nwb	4369392
sub-Yoshi/sub-Yoshi_ses-Yoshi-20220517_obj-f61gbu.nwb	3114216
sub-Winnie/sub-Winnie_ses-Winnie-20220715_obj-1csxiev_behavior.nwb	16116920
sub-Frodo/sub-Frodo_ses-2_obj-4nefc3_ecephys.nwb	24551868
sub-Totoro/sub-Totoro_ses-Totoro-20220614_obj-1f7amox_ecephys.nwb	521567716
sub-Winnie/sub-Winnie_ses-Winnie-20220719_obj-1c64twn.nwb	96234220
sub-Olive/sub-Olive_ses-Olive-20220711_obj-176gjsa.nwb	3240912
sub-Frodo/sub-Frodo_ses-5_obj-j4kjch_ecephys.nwb	6789780
sub-Olive/sub-Olive_ses-Olive-20220711_obj-plqnr2.nwb	2768192
sub-Winnie/sub-Winnie_ses-Winnie-20220719_obj-zln46c.nwb	10297744
sub-Winnie/sub-Winnie_ses-Winnie-20220719_obj-1cs49do.nwb	9174568
sub-Totoro/sub-Totoro_ses-Totoro-20220614_obj-jrfd2g.nwb	5312601
sub-Frodo/sub-Frodo_ses-4_obj-1qx6mgh_ecephys.nwb	5639976
sub-Totoro/sub-Totoro_ses-Totoro-20220614_obj-v5zomi_behavior.nwb	336707548
sub-Winnie/sub-Winnie_ses-Winnie-20220720_obj-1m1t9le.nwb	4904938
sub-Wallie/sub-Wallie_ses-Wallie-20220922_obj-1da1olv.nwb	207910036
sub-Wallie/sub-Wallie_ses-Wallie-20220912_obj-1vr8pod.nwb	2506704
sub-Yoshi/sub-Yoshi_ses-Yoshi-20220517_obj-pnd0op.nwb	3336896
sub-Bilbo/sub-Bilbo_ses-4_obj-nywx1n_ecephys.nwb	5879808
sub-Totoro/sub-Totoro_ses-Totoro-20220616_obj-lftxhq.nwb	2632560
sub-Totoro/sub-Totoro_ses-Totoro-20220614_obj-16g3nzt_behavior.nwb	3523992
sub-Olive/sub-Olive_ses-Olive-20220711_obj-1dgryya.nwb	4854016
sub-Banner/sub-Banner_ses-Banner-20220225_obj-1tha96e_behavior.nwb	24282956
sub-Winnie/sub-Winnie_ses-Winnie-20220719_obj-1pn8fky.nwb	5424176
sub-Winnie/sub-Winnie_ses-Winnie-20220719_obj-1526v3u.nwb	28732043072
sub-Totoro/sub-Totoro_ses-Totoro-20220607_obj-8whv2a.nwb	6845120
sub-Totoro/sub-Totoro_ses-Totoro-20220613_obj-11ze96h.nwb	7116728
sub-Olive/sub-Olive_ses-Olive-20220711_obj-1siyhsz.nwb	2508184
sub-Olive/sub-Olive_ses-Olive-20220711_obj-abrz8k.nwb	2341440
sub-Frodo/sub-Frodo_ses-5_obj-1p5pxln_ecephys.nwb	4332664
sub-Totoro/sub-Totoro_ses-Totoro-20220607_obj-1y0ck2h_behavior.nwb	8272312
sub-Olive/sub-Olive_ses-Olive-20220711_obj-unyg7u_behavior.nwb	9250400
sub-Wallie/sub-Wallie_ses-Wallie-20220914_obj-1g4mzrz.nwb	4439232
sub-Totoro/sub-Totoro_ses-Totoro-20220613_obj-1it6tgl.nwb	11896288
sub-Totoro/sub-Totoro_ses-Totoro-20220607_obj-1e6742n.nwb	2810448
sub-Banner/sub-Banner_ses-Banner-20220124_obj-1o87dr0_ecephys.nwb	186193536
sub-Wallie/sub-Wallie_ses-Wallie-20220922_obj-1q0rc2l.nwb	4345440
sub-Yoshi/sub-Yoshi_ses-Yoshi-20220510_obj-jln4nn.nwb	117265764
sub-Yoshi/sub-Yoshi_ses-Yoshi-20220517_obj-atls34.nwb	2402360
sub-Totoro/sub-Totoro_ses-Totoro-20220614_obj-3ctezk_ecephys.nwb	305199956
sub-Frodo/sub-Frodo_ses-5_obj-vza4m_behavior+ecephys.nwb	21978082
sub-Winnie/sub-Winnie_ses-Winnie-20220719_obj-16ukz4t_ecephys.nwb	225616452
sub-Yoshi/sub-Yoshi_ses-Yoshi-20220517_obj-e899ie.nwb	2768192
sub-Winnie/sub-Winnie_ses-Winnie-20220713_obj-1y86u4z_behavior.nwb	20032464
sub-Frodo/sub-Frodo_ses-5_obj-yky1xt_ecephys.nwb	4332664
sub-Totoro/sub-Totoro_ses-Totoro-20220615_obj-17us6hv.nwb	3508815
sub-Wallie/sub-Wallie_ses-Wallie-20220922_obj-ffwtwc.nwb	1633824
sub-Totoro/sub-Totoro_ses-Totoro-20220607_obj-1ez0zmq.nwb	3331160
sub-Wallie/sub-Wallie_ses-Wallie-20220911_obj-1ica9hg.nwb	78386904
sub-Banner/sub-Banner_ses-Banner-20220225_obj-1n2751f_behavior.nwb	258139488
sub-Yoshi/sub-Yoshi_ses-Yoshi-20220517_obj-1aa9x7x.nwb	108027500
sub-Yoshi/sub-Yoshi_ses-Yoshi-20220518_obj-72h1zl.nwb	2422168
sub-Frodo/sub-Frodo_ses-5_obj-kzj02a_ecephys.nwb	5615136
sub-Totoro/sub-Totoro_ses-Totoro-20220614_obj-p4m8f7.nwb	11262032
sub-Totoro/sub-Totoro_ses-Totoro-20220603_obj-52dhcr_ecephys.nwb	231814188
sub-Totoro/sub-Totoro_ses-Totoro-20220614_obj-1looe6c.nwb	36242496
sub-Yoshi/sub-Yoshi_ses-Yoshi-20220517_obj-1fyps4l_ecephys.nwb	309001852
sub-Yoshi/sub-Yoshi_ses-Yoshi-20220517_obj-1ily52r.nwb	1552608
sub-Wallie/sub-Wallie_ses-Wallie-20220922_obj-7shecv.nwb	17158912
sub-Totoro/sub-Totoro_ses-Totoro-20220607_obj-a1er0k.nwb	3839296
sub-Winnie/sub-Winnie_ses-Winnie-20220715_obj-tv3184.nwb	173998016
sub-Wallie/sub-Wallie_ses-Wallie-20220922_obj-qosuj1_behavior.nwb	12669440
sub-Totoro/sub-Totoro_ses-Totoro-20220614_obj-1eqpxpz.nwb	2479512
sub-Yoshi/sub-Yoshi_ses-Yoshi-20220518_obj-1ucjmlb.nwb	8591752
sub-Wallie/sub-Wallie_ses-Wallie-20220922_obj-738m32_behavior.nwb	8199882
sub-Bilbo/sub-Bilbo_ses-5_obj-emz0sq_ecephys.nwb	125502912
sub-Bilbo/sub-Bilbo_ses-3_obj-1tvpuui_ecephys.nwb	50986116
sub-Olive/sub-Olive_ses-Olive-20220711_obj-kkuy2n.nwb	51526818
sub-Frodo/sub-Frodo_ses-4_obj-1nzrt1w_ecephys.nwb	71379152
sub-Yoshi/sub-Yoshi_ses-Yoshi-20220510_obj-1lmfqdz_ecephys.nwb	41531032
sub-Winnie/sub-Winnie_ses-Winnie-20220719_obj-15p5lgk.nwb	2965816
sub-Wallie/sub-Wallie_ses-Wallie-20220922_obj-1mfhts4.nwb	3568824
sub-Totoro/sub-Totoro_ses-Totoro-20220607_obj-1yvgbny.nwb	5257712
sub-Yoshi/sub-Yoshi_ses-Yoshi-20220518_obj-1bh6w7h_behavior.nwb	19808888
sub-Yoshi/sub-Yoshi_ses-Yoshi-20220517_obj-1dgayp8.nwb	2866496
sub-Winnie/sub-Winnie_ses-Winnie-20220719_obj-127cz20.nwb	66114888
sub-Yoshi/sub-Yoshi_ses-Yoshi-20220517_obj-ktgau8.nwb	3352450072
sub-Totoro/sub-Totoro_ses-Totoro-20220602_obj-1c5nx0g_ecephys.nwb	299888002
sub-Wallie/sub-Wallie_ses-Wallie-20220912_obj-3uhx0q.nwb	58327436
sub-Olive/sub-Olive_ses-Olive-20220630_obj-1og1pbb_behavior.nwb	219165060
sub-Wallie/sub-Wallie_ses-Wallie-20220922_obj-1ozokt.nwb	7386944
sub-Totoro/sub-Totoro_ses-Totoro-20220613_obj-khgwbu.nwb	29458515
sub-Yoshi/sub-Yoshi_ses-Yoshi-20220518_obj-1v0lc44.nwb	2076144
sub-Yoshi/sub-Yoshi_ses-Yoshi-20220518_obj-1h8jzr0.nwb	3115200
sub-Olive/sub-Olive_ses-Olive-20220711_obj-12es5d3.nwb	3086848
sub-Yoshi/sub-Yoshi_ses-Yoshi-20220517_obj-d00c6u_behavior.nwb	28112480
sub-Frodo/sub-Frodo_ses-5_obj-1enqbym_behavior+ecephys.nwb	13455168
sub-Wallie/sub-Wallie_ses-Wallie-20220922_obj-xnw0kf.nwb	3884360
sub-Yoshi/sub-Yoshi_ses-Yoshi-20220518_obj-168d6tm.nwb	9121280
sub-Banner/sub-Banner_ses-Banner-20220224_obj-w9f4as.nwb	7336378
sub-Wallie/sub-Wallie_ses-Wallie-20220922_obj-1y7v36v_ecephys.nwb	259611604
sub-Wallie/sub-Wallie_ses-Wallie-20220922_obj-1t7y7rd.nwb	2424128
sub-Totoro/sub-Totoro_ses-Totoro-20220614_obj-3gxdd3_ecephys.nwb	281138320
sub-Wallie/sub-Wallie_ses-Wallie-20220922_obj-vzxhro.nwb	2868736
sub-Olive/sub-Olive_ses-Olive-20220711_obj-1tzxfk7.nwb	3252624
sub-Wallie/sub-Wallie_ses-Wallie-20220922_obj-15skg7c.nwb	64269164
sub-Yoshi/sub-Yoshi_ses-Yoshi-20220509_obj-so9561.nwb	74880892
sub-Yoshi/sub-Yoshi_ses-Yoshi-20220518_obj-igehy0.nwb	77196900
sub-Yoshi/sub-Yoshi_ses-Yoshi-20220518_obj-vg5ckb_ecephys.nwb	144717144
sub-Wallie/sub-Wallie_ses-Wallie-20220922_obj-nfk69r.nwb	4251360
sub-Yoshi/sub-Yoshi_ses-Yoshi-20220517_obj-adkrjw.nwb	4723048
sub-Winnie/sub-Winnie_ses-Winnie-20220719_obj-f0toq.nwb	239020216
sub-Totoro/sub-Totoro_ses-Totoro-20220613_obj-17dfl91.nwb	3815136
sub-Yoshi/sub-Yoshi_ses-Yoshi-20220518_obj-1h0tzsq.nwb	4483392
sub-Totoro/sub-Totoro_ses-Totoro-20220603_obj-1l49x2a.nwb	49760572
sub-Olive/sub-Olive_ses-Olive-20220711_obj-8uogi1_behavior.nwb	16231512
sub-Winnie/sub-Winnie_ses-Winnie-20220713_behavior+ecephys+image.nwb	663038131786
sub-Wallie/sub-Wallie_ses-Wallie-20220922_obj-15yclkd_behavior.nwb	11975456
sub-Yoshi/sub-Yoshi_ses-Yoshi-20220518_obj-zkocih.nwb	3626496
sub-Wallie/sub-Wallie_ses-Wallie-20220914_obj-3uarp5.nwb	4931344
sub-Totoro/sub-Totoro_ses-Totoro-20220616_obj-vvjoao.nwb	3384720
sub-Yoshi/sub-Yoshi_ses-Yoshi-20220518_obj-64aqg0.nwb	2585232
sub-Totoro/sub-Totoro_ses-Totoro-20220614_obj-1rl226d.nwb	4152288
sub-Frodo/sub-Frodo_ses-5_obj-rpzm2j_ecephys.nwb	6910400
sub-Olive/sub-Olive_ses-Olive-20220711_obj-1k54wtz.nwb	3460240
sub-Olive/sub-Olive_ses-Olive-20220711_obj-97689p.nwb	2632392
sub-Frodo/sub-Frodo_ses-7_obj-1p5rpmb_ecephys.nwb	5771968
sub-Banner/sub-Banner_ses-Banner-20220225_obj-1lqg8l1_ecephys.nwb	280824752
sub-Totoro/sub-Totoro_ses-Totoro-20220614_obj-11v9n9.nwb	11244064
sub-Totoro/sub-Totoro_ses-Totoro-20220614_obj-1xb95j6.nwb	3624080
sub-Winnie/sub-Winnie_ses-Winnie-20220720_obj-1lcds1w.nwb	4159016
sub-Wallie/sub-Wallie_ses-Wallie-20220912_obj-14t4nhp_behavior.nwb	186204224
sub-Yoshi/sub-Yoshi_ses-Yoshi-20220517_obj-8b9rcb.nwb	2447600
sub-Bilbo/sub-Bilbo_ses-5_obj-hckhz4_ecephys.nwb	6429376
sub-Banner/sub-Banner_ses-Banner-20220224_obj-14emf22.nwb	9916620
sub-Wallie/sub-Wallie_ses-Wallie-20220922_obj-f7x2zy.nwb	3628576
sub-Wallie/sub-Wallie_ses-Wallie-20220922_obj-1om79gr.nwb	17069824
sub-Bilbo/sub-Bilbo_ses-2_obj-v8b6z3_ecephys.nwb	5874176
sub-Yoshi/sub-Yoshi_ses-Yoshi-20220517_obj-1knj0kx.nwb	3008448
sub-Olive/sub-Olive_ses-Olive-20220711_obj-huaegd.nwb	7091374
sub-Yoshi/sub-Yoshi_ses-Yoshi-20220517_obj-u9x1u6.nwb	1703906368
sub-Yoshi/sub-Yoshi_ses-Yoshi-20220518_obj-vvtnwi_ecephys.nwb	232509692
sub-Olive/sub-Olive_ses-Olive-20220707_obj-vc8xw6_behavior.nwb	21575156
sub-Banner/sub-Banner_ses-Banner-20220224_obj-14srepe.nwb	7759848
sub-Yoshi/sub-Yoshi_ses-Yoshi-20220517_obj-12zuqzy.nwb	57885772
sub-Bilbo/sub-Bilbo_ses-5_obj-1hth65z_ecephys.nwb	6643920
sub-Yoshi/sub-Yoshi_ses-Yoshi-20220517_obj-1q225aq.nwb	3229464
sub-Totoro/sub-Totoro_ses-Totoro-20220613_obj-9p28fl.nwb	3628928
sub-Banner/sub-Banner_ses-Banner-20220224_obj-su3255.nwb	5421548
sub-Olive/sub-Olive_ses-Olive-20220711_obj-69o07j_behavior.nwb	17973984
sub-Olive/sub-Olive_ses-Olive-20220711_obj-zbcfda.nwb	29869408
sub-Yoshi/sub-Yoshi_ses-Yoshi-20220517_obj-scgfej.nwb	161443888
sub-Winnie/sub-Winnie_ses-Winnie-20220717_obj-6lb8eq.nwb	3227840
sub-Totoro/sub-Totoro_ses-Totoro-20220613_obj-bx2o3f.nwb	2443776
sub-Olive/sub-Olive_ses-Olive-20220711_obj-1pcnpfs.nwb	58469340
sub-Olive/sub-Olive_ses-Olive-20220711_obj-9a3e4n.nwb	2768192
sub-Yoshi/sub-Yoshi_ses-Yoshi-20220517_obj-nxlwml.nwb	3460240
sub-Yoshi/sub-Yoshi_ses-Yoshi-20220518_obj-lihjdr.nwb	3137904
sub-Winnie/sub-Winnie_ses-Winnie-20220715_obj-19h8rum.nwb	55640856
sub-Totoro/sub-Totoro_ses-Totoro-20220614_obj-2p521k.nwb	2149872
sub-Frodo/sub-Frodo_ses-5_obj-1lz63xv_behavior+ecephys.nwb	18048704
sub-Wallie/sub-Wallie_ses-Wallie-20220922_obj-xllc9a.nwb	69056444
sub-Yoshi/sub-Yoshi_ses-Yoshi-20220517_obj-xp11a4.nwb	140006908
sub-Totoro/sub-Totoro_ses-Totoro-20220603_obj-d7w49t_ecephys.nwb	209887704
sub-Banner/sub-Banner_ses-Banner-20220225_obj-cu5fyx.nwb	77507720
sub-Frodo/sub-Frodo_ses-5_obj-bjny9q_ecephys.nwb	230017420
sub-Olive/sub-Olive_ses-Olive-20220628_obj-1m8nvmp_behavior.nwb	14568320
sub-Yoshi/sub-Yoshi_ses-Yoshi-20220517_obj-9bwnoj.nwb	3886645656
sub-Yoshi/sub-Yoshi_ses-Yoshi-20220517_obj-14ec5u.nwb	9496673
sub-Totoro/sub-Totoro_ses-Totoro-20220614_obj-1h5hpl1_behavior.nwb	263308208
sub-Olive/sub-Olive_ses-Olive-20220711_obj-bfkh2g.nwb	29170590
sub-Banner/sub-Banner_ses-Banner-20220216_obj-1mf1jov_behavior.nwb	204466260
sub-Olive/sub-Olive_ses-Olive-20220711_obj-2m9jeg.nwb	2422168
sub-Wallie/sub-Wallie_ses-Wallie-20220912_obj-1uh8efu_ecephys.nwb	308375420
sub-Olive/sub-Olive_ses-Olive-20220711_obj-1bw7ydi_behavior.nwb	13569960
sub-Yoshi/sub-Yoshi_ses-Yoshi-20220518_obj-1c25jrg.nwb	2768192
sub-Frodo/sub-Frodo_ses-1_obj-1kuuxh5_ecephys.nwb	504490808
sub-Wallie/sub-Wallie_ses-Wallie-20220922_obj-1stesgb.nwb	6137120
sub-Wallie/sub-Wallie_ses-Wallie-20220922_obj-1ocuf2b.nwb	3841704
sub-Yoshi/sub-Yoshi_ses-Yoshi-20220518_obj-1jslb9q_behavior.nwb	183687384
sub-Winnie/sub-Winnie_ses-Winnie-20220719_obj-hqkr23_behavior.nwb	9660288
sub-Wallie/sub-Wallie_ses-Wallie-20220914_obj-1odpi39.nwb	3695400
sub-Bilbo/sub-Bilbo_ses-5_obj-1wte799_ecephys.nwb	7755600
sub-Winnie/sub-Winnie_ses-Winnie-20220713_obj-m9bcyv_ecephys.nwb	291156512
sub-Yoshi/sub-Yoshi_ses-Yoshi-20220517_obj-t23o9l.nwb	2422168
sub-Winnie/sub-Winnie_ses-Winnie-20220717_obj-cgrtli.nwb	5839736
sub-Wallie/sub-Wallie_ses-Wallie-20220922_obj-atxxes.nwb	3989920
sub-Wallie/sub-Wallie_ses-Wallie-20220922_obj-h9euje.nwb	3161304
sub-Olive/sub-Olive_ses-Olive-20220711_obj-1ow1ajl.nwb	4152288
sub-Totoro/sub-Totoro_ses-Totoro-20220531_behavior+ecephys+image.nwb	270465672478
sub-Wallie/sub-Wallie_ses-Wallie-20220911_obj-1kz4qki.nwb	121997844
sub-Olive/sub-Olive_ses-Olive-20220707_obj-1p94fd3.nwb	5100752
sub-Frodo/sub-Frodo_ses-2_obj-ukyyoo_ecephys.nwb	274454656
sub-Totoro/sub-Totoro_ses-Totoro-20220613_obj-1igrb4p.nwb	7960752
sub-Yoshi/sub-Yoshi_ses-Yoshi-20220517_obj-16h7yhq.nwb	2632392
sub-Banner/sub-Banner_ses-Banner-20220225_obj-19632c6_behavior.nwb	13971204
sub-Totoro/sub-Totoro_ses-Totoro-20220607_obj-1qf72sw.nwb	4755520
sub-Totoro/sub-Totoro_ses-Totoro-20220614_obj-16avgk0.nwb	58771016
sub-Wallie/sub-Wallie_ses-Wallie-20220916_obj-m9ur44_behavior.nwb	19346896
sub-Banner/sub-Banner_ses-Banner-20220224_obj-b4g9v8_behavior.nwb	16096144
sub-Banner/sub-Banner_ses-Banner-20220225_obj-1cjyr9m_behavior.nwb	14899712
sub-Wallie/sub-Wallie_ses-Wallie-20220914_obj-1y79pyo.nwb	6819680
sub-Totoro/sub-Totoro_ses-Totoro-20220614_obj-1x5w2zt.nwb	2998272
sub-Wallie/sub-Wallie_ses-Wallie-20220922_obj-6iwcul.nwb	63282048
sub-Odins/sub-Odins_ses-Odins-20220126_obj-y4v3dh_behavior.nwb	114170352
sub-Totoro/sub-Totoro_ses-Totoro-20220614_obj-1kwnol3_ecephys.nwb	208779858
sub-Banner/sub-Banner_ses-Banner-20220225_obj-1e2lx77.nwb	14414624
sub-Banner/sub-Banner_ses-Banner-20220224_obj-a44vpz.nwb	6618508
sub-Yoshi/sub-Yoshi_ses-Yoshi-20220517_obj-wp9tuu.nwb	4498312
sub-Frodo/sub-Frodo_ses-2_obj-2rqsqq_ecephys.nwb	220178030
sub-Yoshi/sub-Yoshi_ses-Yoshi-20220517_obj-8kfqhy.nwb	2479584
sub-Frodo/sub-Frodo_ses-5_obj-1cv3ojn_ecephys.nwb	7683456
sub-Yoshi/sub-Yoshi_ses-Yoshi-20220517_obj-8l5n7t_ecephys.nwb	221731736
sub-Olive/sub-Olive_ses-Olive-20220711_obj-a9s5wj.nwb	62644736
sub-Wallie/sub-Wallie_ses-Wallie-20220922_obj-1l02x84_ecephys.nwb	244940320
sub-Bilbo/sub-Bilbo_ses-5_obj-fhfpzy_ecephys.nwb	5217328
sub-Bilbo/sub-Bilbo_ses-5_obj-l33zrl_ecephys.nwb	4491640
sub-Totoro/sub-Totoro_ses-Totoro-20220603_obj-1mbi2wq.nwb	2354064
sub-Frodo/sub-Frodo_ses-6_obj-12oak95_ecephys.nwb	5697344
sub-Yoshi/sub-Yoshi_ses-Yoshi-20220518_obj-taw1nz.nwb	3292864
sub-Winnie/sub-Winnie_ses-Winnie-20220719_obj-1igdtm2.nwb	835031384
sub-Bilbo/sub-Bilbo_ses-5_obj-12gxujy_ecephys.nwb	6816328
sub-Winnie/sub-Winnie_ses-Winnie-20220719_obj-1osn5la.nwb	3214008
sub-Wallie/sub-Wallie_ses-Wallie-20220922_obj-1ndlu2m.nwb	261865520
sub-Wallie/sub-Wallie_ses-Wallie-20220922_obj-xxq018.nwb	2077824
sub-Yoshi/sub-Yoshi_ses-Yoshi-20220518_obj-1yq02zi.nwb	4735840
sub-Olive/sub-Olive_ses-Olive-20220628_obj-kj9wvv_behavior.nwb	29762328
sub-Wallie/sub-Wallie_ses-Wallie-20220922_obj-1my8nar.nwb	2838696
sub-Banner/sub-Banner_ses-Banner-20220225_obj-13ddiu0.nwb	38425990
sub-Yoshi/sub-Yoshi_ses-Yoshi-20220517_obj-a7a9dg.nwb	2768192
sub-Yoshi/sub-Yoshi_ses-Yoshi-20220518_obj-n9dpce.nwb	2422168
sub-Yoshi/sub-Yoshi_ses-Yoshi-20220510_obj-9zo5cr_ecephys.nwb	279456460
sub-Winnie/sub-Winnie_ses-Winnie-20220719_obj-udmnau.nwb	658112340
sub-Winnie/sub-Winnie_ses-Winnie-20220719_obj-17i913s.nwb	97466696
sub-Wallie/sub-Wallie_ses-Wallie-20220911_obj-x8nu0i.nwb	54831728
sub-Yoshi/sub-Yoshi_ses-Yoshi-20220518_obj-yj8sjb.nwb	6512960
sub-Totoro/sub-Totoro_ses-Totoro-20220531_obj-1qhh3k0.nwb	56606288
sub-Totoro/sub-Totoro_ses-Totoro-20220602_obj-mjhmbj_ecephys.nwb	231676384
sub-Yoshi/sub-Yoshi_ses-Yoshi-20220517_obj-1gh2ps0_behavior.nwb	8783520
sub-Yoshi/sub-Yoshi_ses-Yoshi-20220518_obj-diuaw5.nwb	5160336
sub-Winnie/sub-Winnie_ses-Winnie-20220717_obj-1g9kc33.nwb	2770176
sub-Olive/sub-Olive_ses-Olive-20220629_obj-1e00g7u_behavior.nwb	14000932
sub-Totoro/sub-Totoro_ses-Totoro-20220607_obj-1n7zt4n.nwb	5729120
sub-Wallie/sub-Wallie_ses-Wallie-20220922_obj-m9jpct.nwb	8795680
sub-Winnie/sub-Winnie_ses-Winnie-20220719_obj-1kkl2kr.nwb	431988524
sub-Bilbo/sub-Bilbo_ses-5_obj-17w0bxo_ecephys.nwb	6591256
sub-Yoshi/sub-Yoshi_ses-Yoshi-20220518_obj-1vrv7mc.nwb	102810228
sub-Frodo/sub-Frodo_ses-5_obj-1bi7j0b_ecephys.nwb	4453344
sub-Olive/sub-Olive_ses-Olive-20220707_obj-9yl55w_behavior.nwb	27853912
sub-Olive/sub-Olive_ses-Olive-20220711_obj-1ou3yfv_behavior.nwb	23747912
sub-Banner/sub-Banner_ses-Banner-20220224_obj-59p5oi_behavior.nwb	23720628
sub-Wallie/sub-Wallie_ses-Wallie-20220922_obj-18b6n8p.nwb	3584220
sub-Wallie/sub-Wallie_ses-Wallie-20220922_obj-13dykzi.nwb	3621600
sub-Wallie/sub-Wallie_ses-Wallie-20220922_obj-1t4sfxm.nwb	1931520
sub-Totoro/sub-Totoro_ses-Totoro-20220614_obj-1xtqi0v_behavior.nwb	149944920
sub-Banner/sub-Banner_ses-Banner-20220225_obj-1j0olk6.nwb	42639765
sub-Frodo/sub-Frodo_ses-4_obj-1x29sv7_ecephys.nwb	11112768
sub-Yoshi/sub-Yoshi_ses-Yoshi-20220517_obj-19gqvf9.nwb	5682112
sub-Totoro/sub-Totoro_ses-Totoro-20220603_obj-18trl00.nwb	30302408
sub-Wallie/sub-Wallie_ses-Wallie-20220922_obj-pj1scl.nwb	3500496
sub-Wallie/sub-Wallie_ses-Wallie-20220922_obj-h3d7d5.nwb	5459920
sub-Yoshi/sub-Yoshi_ses-Yoshi-20220517_obj-1td9i1n.nwb	3240704
sub-Frodo/sub-Frodo_ses-2_obj-1l2is01_behavior+ecephys.nwb	22779712
sub-Frodo/sub-Frodo_ses-4_obj-i7jhsi_ecephys.nwb	4386648
sub-Winnie/sub-Winnie_ses-Winnie-20220719_obj-jgfkit.nwb	3618054
sub-Yoshi/sub-Yoshi_ses-Yoshi-20220518_obj-tvr7ce.nwb	2599008
sub-Yoshi/sub-Yoshi_ses-Yoshi-20220517_obj-18byrlv.nwb	6576960
sub-Wallie/sub-Wallie_ses-Wallie-20220922_obj-1inp0vn.nwb	2695672
sub-Wallie/sub-Wallie_ses-Wallie-20220912_obj-qkdq4k.nwb	4281360
sub-Olive/sub-Olive_ses-Olive-20220711_obj-w55r3q_ecephys.nwb	212012800
sub-Frodo/sub-Frodo_ses-5_obj-192tox4_ecephys.nwb	6630408
sub-Totoro/sub-Totoro_ses-Totoro-20220614_obj-1pzfwzt_behavior.nwb	7130080
sub-Bilbo/sub-Bilbo_ses-5_obj-1dv3d4a_ecephys.nwb	6163688
sub-Olive/sub-Olive_ses-Olive-20220711_obj-xh77yj.nwb	19046784
sub-Olive/sub-Olive_ses-Olive-20220711_obj-46ibrz.nwb	42672232
sub-Yoshi/sub-Yoshi_ses-Yoshi-20220513_obj-yuwh4l.nwb	1731360
sub-Totoro/sub-Totoro_ses-Totoro-20220616_obj-1sj2zny.nwb	8929025
sub-Wallie/sub-Wallie_ses-Wallie-20220922_obj-urqmqe.nwb	5588632
sub-Winnie/sub-Winnie_ses-Winnie-20220719_obj-1eoqwa2.nwb	11553712
sub-Totoro/sub-Totoro_ses-Totoro-20220614_obj-wmuy50.nwb	3650184
sub-Winnie/sub-Winnie_ses-Winnie-20220719_obj-1cgmm62.nwb	33214048
sub-Yoshi/sub-Yoshi_ses-Yoshi-20220518_obj-fk7x9a.nwb	86072776
sub-Yoshi/sub-Yoshi_ses-Yoshi-20220517_obj-6nfbqg.nwb	4344784
sub-Winnie/sub-Winnie_ses-Winnie-20220715_obj-oaqolj_behavior.nwb	19057184
sub-Frodo/sub-Frodo_ses-2_obj-c724jk_ecephys.nwb	95398892
sub-Wallie/sub-Wallie_ses-Wallie-20220922_obj-1hnrcru.nwb	3194432
sub-Frodo/sub-Frodo_ses-5_obj-12ifodp_ecephys.nwb	17478432
sub-Bilbo/sub-Bilbo_ses-5_obj-lbdl5z_ecephys.nwb	10779936
sub-Wallie/sub-Wallie_ses-Wallie-20220922_obj-j4md65.nwb	3185664
sub-Bilbo/sub-Bilbo_ses-2_obj-1909qij_behavior+ecephys.nwb	76416192
sub-Frodo/sub-Frodo_ses-2_obj-1258nex_ecephys.nwb	6474960
sub-Banner/sub-Banner_ses-Banner-20220216_obj-ymmcyb_behavior.nwb	140405912
sub-Bilbo/sub-Bilbo_ses-3_obj-13b53zl_ecephys.nwb	138289476
sub-Olive/sub-Olive_ses-Olive-20220628_obj-1bmkx9u_ecephys.nwb	360846624
sub-Frodo/sub-Frodo_ses-4_obj-1wn7pwx_ecephys.nwb	141513090
sub-Totoro/sub-Totoro_ses-Totoro-20220614_obj-gio0ow.nwb	27044384
sub-Wallie/sub-Wallie_ses-Wallie-20220922_obj-1nj0zzx_behavior.nwb	16964840
sub-Yoshi/sub-Yoshi_ses-Yoshi-20220517_obj-1l12gub.nwb	4100880
sub-Banner/sub-Banner_ses-Banner-20220225_obj-1618gro.nwb	11791580
sub-Yoshi/sub-Yoshi_ses-Yoshi-20220518_obj-11v64a.nwb	2532480
sub-Bilbo/sub-Bilbo_ses-5_obj-u0u22o_behavior+ecephys.nwb	19618510
sub-Winnie/sub-Winnie_ses-Winnie-20220719_obj-1b6wksz.nwb	6928640
sub-Olive/sub-Olive_ses-Olive-20220711_obj-fns4w6.nwb	41274335
sub-Wallie/sub-Wallie_ses-Wallie-20220922_obj-4wyzu9.nwb	6230976
sub-Frodo/sub-Frodo_ses-2_obj-34yiq4_ecephys.nwb	42521692
sub-Winnie/sub-Winnie_ses-Winnie-20220719_obj-1a9ci53.nwb	3843968
sub-Wallie/sub-Wallie_ses-Wallie-20220922_obj-1qi6e2o.nwb	6518400
sub-Totoro/sub-Totoro_ses-Totoro-20220614_obj-pdp8ai.nwb	2076144
sub-Yoshi/sub-Yoshi_ses-Yoshi-20220517_obj-5dg3b7.nwb	3859827052
sub-Yoshi/sub-Yoshi_ses-Yoshi-20220509_obj-yggm4z_ecephys.nwb	256900216
sub-Frodo/sub-Frodo_ses-1_obj-wc1ks4_ecephys.nwb	559310436
sub-Frodo/sub-Frodo_ses-5_obj-1luaiyk_ecephys.nwb	4428496
sub-Wallie/sub-Wallie_ses-Wallie-20220922_obj-1viiqmu.nwb	3105920
sub-Winnie/sub-Winnie_ses-Winnie-20220717_obj-v3dsu_behavior.nwb	130258736
sub-Frodo/sub-Frodo_ses-5_obj-1hhcexc_behavior+ecephys.nwb	162764136
sub-Frodo/sub-Frodo_ses-4_obj-1u0okk8_ecephys.nwb	5639976
sub-Wallie/sub-Wallie_ses-Wallie-20220922_obj-1szg0lp.nwb	127596872
sub-Totoro/sub-Totoro_ses-Totoro-20220614_obj-1r8t01x.nwb	45301092
sub-Winnie/sub-Winnie_ses-Winnie-20220719_obj-15dqyui.nwb	31875969
sub-Wallie/sub-Wallie_ses-Wallie-20220922_obj-1j6kmv8.nwb	3491584
sub-Yoshi/sub-Yoshi_ses-Yoshi-20220509_obj-1xl1mgb.nwb	84994436
sub-Yoshi/sub-Yoshi_ses-Yoshi-20220518_obj-1qd7vy0.nwb	3460240
sub-Yoshi/sub-Yoshi_ses-Yoshi-20220510_obj-1wku52b_ecephys.nwb	520248688
sub-Frodo/sub-Frodo_ses-5_obj-1ymi104_ecephys.nwb	6601192
sub-Totoro/sub-Totoro_ses-Totoro-20220614_obj-9qv58q_behavior.nwb	12249920
sub-Banner/sub-Banner_ses-Banner-20220225_obj-1705sxh.nwb	5595150
sub-Totoro/sub-Totoro_ses-Totoro-20220613_obj-9aqnyk.nwb	2637600
sub-Yoshi/sub-Yoshi_ses-Yoshi-20220517_obj-1xp9p4f.nwb	2422168
sub-Winnie/sub-Winnie_ses-Winnie-20220717_behavior+ecephys+image.nwb	587366297320
sub-Winnie/sub-Winnie_ses-Winnie-20220719_obj-ci36ih.nwb	4662152
sub-Wallie/sub-Wallie_ses-Wallie-20220922_obj-1h1wj4r.nwb	51803164
sub-Totoro/sub-Totoro_ses-Totoro-20220614_obj-1dftxsn.nwb	18002552
sub-Banner/sub-Banner_ses-Banner-20220225_obj-ps8cml_behavior.nwb	10508534
sub-Totoro/sub-Totoro_ses-Totoro-20220613_obj-8e9c00.nwb	2789584
sub-Winnie/sub-Winnie_ses-Winnie-20220719_obj-1hcvqqp.nwb	2755200
sub-Wallie/sub-Wallie_ses-Wallie-20220922_obj-1m05kuh.nwb	4842504
sub-Olive/sub-Olive_ses-Olive-20220707_obj-1fdd6vn_ecephys.nwb	798072534
sub-Winnie/sub-Winnie_ses-Winnie-20220717_obj-15dvz6a.nwb	10076816
sub-Yoshi/sub-Yoshi_ses-Yoshi-20220517_obj-uc1rtz.nwb	3071040
sub-Totoro/sub-Totoro_ses-Totoro-20220603_obj-i4q5b.nwb	114103908
sub-Winnie/sub-Winnie_ses-Winnie-20220719_obj-1mjzdeh.nwb	2575728
sub-Wallie/sub-Wallie_ses-Wallie-20220922_obj-1cydseb.nwb	3594816
sub-Winnie/sub-Winnie_ses-Winnie-20220719_obj-1f8ygmq.nwb	25182530
sub-Totoro/sub-Totoro_ses-Totoro-20220617_obj-luqn5h.nwb	4800928
sub-Wallie/sub-Wallie_ses-Wallie-20220922_obj-1apbtpf.nwb	70635740
sub-Yoshi/sub-Yoshi_ses-Yoshi-20220517_obj-160o4mt.nwb	4161339
sub-Totoro/sub-Totoro_ses-Totoro-20220607_obj-1eezu76.nwb	80303504
sub-Frodo/sub-Frodo_ses-5_obj-dljaq2_ecephys.nwb	28370924
sub-Banner/sub-Banner_ses-Banner-20220216_obj-1upv8fi_ecephys.nwb	254788968
sub-Wallie/sub-Wallie_ses-Wallie-20220922_obj-11hzelv.nwb	3116736
sub-Wallie/sub-Wallie_ses-Wallie-20220922_obj-1i60htd.nwb	3751720
sub-Frodo/sub-Frodo_ses-5_obj-12ib5ci_behavior+ecephys.nwb	7352694
sub-Totoro/sub-Totoro_ses-Totoro-20220614_obj-qhbm5q.nwb	8138096
sub-Yoshi/sub-Yoshi_ses-Yoshi-20220517_obj-8b9pm8.nwb	4669104
sub-Winnie/sub-Winnie_ses-Winnie-20220719_obj-5u94qx.nwb	6056720
sub-Yoshi/sub-Yoshi_ses-Yoshi-20220518_obj-ao16n9.nwb	1517824
sub-Wallie/sub-Wallie_ses-Wallie-20220912_obj-1adks28.nwb	1901640
sub-Yoshi/sub-Yoshi_ses-Yoshi-20220517_obj-f3hnxt.nwb	10794720
sub-Wallie/sub-Wallie_ses-Wallie-20220914_obj-1vywsxl.nwb	70435812
sub-Wallie/sub-Wallie_ses-Wallie-20220922_obj-1776ee9.nwb	3116736
sub-Winnie/sub-Winnie_ses-Winnie-20220719_obj-1j13cig.nwb	4289024
sub-Totoro/sub-Totoro_ses-Totoro-20220614_obj-1n7y0z7.nwb	6632532
sub-Totoro/sub-Totoro_ses-Totoro-20220616_obj-1rfxftz.nwb	2657928
sub-Bilbo/sub-Bilbo_ses-5_obj-1e9yexc_ecephys.nwb	5784256
sub-Frodo/sub-Frodo_ses-5_obj-1cfjbmm_ecephys.nwb	5023816
sub-Yoshi/sub-Yoshi_ses-Yoshi-20220509_obj-154idw1_ecephys.nwb	278884060
sub-Wallie/sub-Wallie_ses-Wallie-20220912_obj-1wkrpcq.nwb	3803280
sub-Olive/sub-Olive_ses-Olive-20220711_obj-nj18nj.nwb	46011048
sub-Frodo/sub-Frodo_ses-2_obj-16b7kbq_ecephys.nwb	5857920
sub-Olive/sub-Olive_ses-Olive-20220628_obj-4edbqt_behavior.nwb	204093992
sub-Olive/sub-Olive_ses-Olive-20220707_obj-57afbp.nwb	191928348
sub-Winnie/sub-Winnie_ses-Winnie-20220719_obj-l5pm5p.nwb	2499784
sub-Totoro/sub-Totoro_ses-Totoro-20220613_obj-12eg9gf.nwb	7992320
sub-Winnie/sub-Winnie_ses-Winnie-20220719_obj-4jasa4.nwb	4753264
sub-Winnie/sub-Winnie_ses-Winnie-20220720_obj-1oxnpbh.nwb	4031808
sub-Yoshi/sub-Yoshi_ses-Yoshi-20220518_obj-1jzieu_ecephys.nwb	143890472
sub-Totoro/sub-Totoro_ses-Totoro-20220607_obj-1jkzedx.nwb	3651872
sub-Frodo/sub-Frodo_ses-2_obj-m14fbl_ecephys.nwb	21983862
sub-Olive/sub-Olive_ses-Olive-20220711_obj-g3kvoc.nwb	3421368
sub-Winnie/sub-Winnie_ses-Winnie-20220719_obj-1umbzf2_behavior.nwb	166758084
sub-Winnie/sub-Winnie_ses-Winnie-20220719_obj-1urhvie.nwb	5283376
sub-Totoro/sub-Totoro_ses-Totoro-20220617_obj-1ufer26.nwb	8910050
sub-Banner/sub-Banner_ses-Banner-20220225_obj-1rimh5n_behavior.nwb	15656944
sub-Winnie/sub-Winnie_ses-Winnie-20220719_obj-qfxuow.nwb	86736148
sub-Wallie/sub-Wallie_ses-Wallie-20220914_obj-1xs0knl.nwb	4934016
sub-Banner/sub-Banner_ses-Banner-20220215_obj-x20usk_behavior.nwb	184216264
sub-Banner/sub-Banner_ses-Banner-20220224_obj-1derkaa.nwb	131833868
sub-Olive/sub-Olive_ses-Olive-20220711_obj-iq75jl.nwb	61852740
sub-Frodo/sub-Frodo_ses-5_obj-e50eej_ecephys.nwb	23606720
sub-Bilbo/sub-Bilbo_ses-5_obj-i54jux_behavior+ecephys.nwb	21349118
sub-Yoshi/sub-Yoshi_ses-Yoshi-20220517_obj-1bv79ku.nwb	4628800
sub-Yoshi/sub-Yoshi_ses-Yoshi-20220513_obj-1j96fvt.nwb	2770176
sub-Yoshi/sub-Yoshi_ses-Yoshi-20220513_obj-1l4o47p_behavior.nwb	102819908
sub-Yoshi/sub-Yoshi_ses-Yoshi-20220513_obj-1d76t0v.nwb	57983552
sub-Totoro/sub-Totoro_ses-Totoro-20220614_obj-8om1jv_behavior.nwb	13709920
sub-Winnie/sub-Winnie_ses-Winnie-20220719_obj-a5y7gw.nwb	3038080
sub-Winnie/sub-Winnie_ses-Winnie-20220720_obj-1wyk9aw.nwb	4274488
sub-Winnie/sub-Winnie_ses-Winnie-20220713_obj-7v93en.nwb	102335788
sub-Winnie/sub-Winnie_ses-Winnie-20220719_obj-1llpxei.nwb	5531742
sub-Olive/sub-Olive_ses-Olive-20220711_obj-buib8g.nwb	12870720
sub-Totoro/sub-Totoro_ses-Totoro-20220607_obj-z12gam.nwb	369637592
sub-Winnie/sub-Winnie_ses-Winnie-20220719_obj-r2azc6.nwb	4241200
sub-Wallie/sub-Wallie_ses-Wallie-20220911_obj-1drk4ei.nwb	3745800
sub-Yoshi/sub-Yoshi_ses-Yoshi-20220518_obj-aqaios.nwb	7638160
sub-Olive/sub-Olive_ses-Olive-20220711_obj-plfxvj.nwb	98893860
sub-Yoshi/sub-Yoshi_ses-Yoshi-20220517_obj-18cyedu.nwb	7168464
sub-Wallie/sub-Wallie_ses-Wallie-20220922_obj-c7lpjl.nwb	65415664
sub-Wallie/sub-Wallie_ses-Wallie-20220922_obj-1d88ece.nwb	4712928
sub-Banner/sub-Banner_ses-Banner-20220216_obj-pqj5lm_behavior.nwb	260439464
sub-Totoro/sub-Totoro_ses-Totoro-20220614_obj-1l8vlpf.nwb	6584888
sub-Frodo/sub-Frodo_ses-5_obj-4ehb2o_ecephys.nwb	5652000
sub-Yoshi/sub-Yoshi_ses-Yoshi-20220518_obj-1azvvac_ecephys.nwb	266772272
sub-Totoro/sub-Totoro_ses-Totoro-20220615_obj-5l8s5y.nwb	5130790
sub-Yoshi/sub-Yoshi_ses-Yoshi-20220518_obj-l1iy39.nwb	51150466
sub-Frodo/sub-Frodo_ses-7_obj-1anrdme_ecephys.nwb	80176712
sub-Olive/sub-Olive_ses-Olive-20220711_obj-10b57ld_behavior.nwb	6989600
sub-Winnie/sub-Winnie_ses-Winnie-20220719_obj-ujxayb.nwb	2474832
sub-Frodo/sub-Frodo_ses-1_obj-khbcj1_ecephys.nwb	654078172
sub-Frodo/sub-Frodo_ses-3_obj-1h52nco_ecephys.nwb	6085440
sub-Yoshi/sub-Yoshi_ses-Yoshi-20220517_obj-wftk8z.nwb	39397676
sub-Wallie/sub-Wallie_ses-Wallie-20220922_obj-1yd3gpq.nwb	3649464
sub-Bilbo/sub-Bilbo_ses-5_obj-623som_ecephys.nwb	6798456
sub-Wallie/sub-Wallie_ses-Wallie-20220922_obj-xznlwy.nwb	2126976
sub-Winnie/sub-Winnie_ses-Winnie-20220719_obj-surzk0.nwb	4139960
sub-Winnie/sub-Winnie_ses-Winnie-20220720_obj-2aonbm.nwb	32051112
sub-Winnie/sub-Winnie_ses-Winnie-20220719_obj-qwwwr2.nwb	6103912
sub-Wallie/sub-Wallie_ses-Wallie-20220922_obj-1qt63nz.nwb	2770432
sub-Frodo/sub-Frodo_ses-4_obj-1ujfup7_ecephys.nwb	5013312
sub-Yoshi/sub-Yoshi_ses-Yoshi-20220518_obj-15h8d7g.nwb	59717976
sub-Winnie/sub-Winnie_ses-Winnie-20220717_obj-imj7ba.nwb	3970944
sub-Olive/sub-Olive_ses-Olive-20220711_obj-12s9ap6.nwb	114019452
sub-Yoshi/sub-Yoshi_ses-Yoshi-20220517_obj-1t51q5a_behavior.nwb	7924140
sub-Winnie/sub-Winnie_ses-Winnie-20220719_obj-19ohx8f_behavior.nwb	10447616
sub-Winnie/sub-Winnie_ses-Winnie-20220713_obj-54jhsc_behavior.nwb	206610700
sub-Totoro/sub-Totoro_ses-Totoro-20220617_obj-1ybq1m.nwb	4771710
sub-Frodo/sub-Frodo_ses-5_obj-1cm8gu0_behavior+ecephys.nwb	19705040
sub-Winnie/sub-Winnie_ses-Winnie-20220719_obj-ditumj.nwb	3088704
sub-Yoshi/sub-Yoshi_ses-Yoshi-20220518_obj-1yi93rq.nwb	3862160
sub-Frodo/sub-Frodo_ses-4_obj-1u0fkpu_ecephys.nwb	7679808
sub-Totoro/sub-Totoro_ses-Totoro-20220613_obj-w7hrqn.nwb	5707264
sub-Totoro/sub-Totoro_ses-Totoro-20220615_obj-4d236m.nwb	22394500
sub-Wallie/sub-Wallie_ses-Wallie-20220922_obj-1hhg0se.nwb	4023520
sub-Totoro/sub-Totoro_ses-Totoro-20220531_obj-1jdiajf_behavior.nwb	96777052
sub-Winnie/sub-Winnie_ses-Winnie-20220717_obj-1a9ptzh.nwb	3439584
sub-Winnie/sub-Winnie_ses-Winnie-20220719_obj-h88a91.nwb	48817822
sub-Banner/sub-Banner_ses-Banner-20220225_obj-1ro5qai.nwb	4860441
sub-Yoshi/sub-Yoshi_ses-Yoshi-20220518_obj-110cs2.nwb	256089968
sub-Frodo/sub-Frodo_ses-5_obj-t0vphd_ecephys.nwb	24206512
sub-Yoshi/sub-Yoshi_ses-Yoshi-20220509_obj-1k45qnk.nwb	46562304
sub-Winnie/sub-Winnie_ses-Winnie-20220719_obj-1tmxnjf.nwb	3796200
sub-Winnie/sub-Winnie_ses-Winnie-20220717_obj-19gapu9.nwb	4039600
sub-Wallie/sub-Wallie_ses-Wallie-20220922_obj-1xlddl4.nwb	100998524
sub-Yoshi/sub-Yoshi_ses-Yoshi-20220517_obj-138ohob.nwb	171742136
sub-Olive/sub-Olive_ses-Olive-20220711_obj-19gsp48.nwb	108942084
sub-Odins/sub-Odins_ses-Odins-20220216_obj-rbs5v9_behavior.nwb	72710784
sub-Winnie/sub-Winnie_ses-Winnie-20220719_obj-vjit9o.nwb	313557684
sub-Olive/sub-Olive_ses-Olive-20220711_obj-1em3635.nwb	4593472
sub-Banner/sub-Banner_ses-Banner-20220225_obj-mfd6f4.nwb	18567648
sub-Winnie/sub-Winnie_ses-Winnie-20220717_obj-1fyv9o3.nwb	29492276
sub-Olive/sub-Olive_ses-Olive-20220711_obj-11vo44z.nwb	29040160
sub-Yoshi/sub-Yoshi_ses-Yoshi-20220518_obj-1hmmxon.nwb	2768192
sub-Totoro/sub-Totoro_ses-Totoro-20220613_obj-1uz05wr.nwb	113056416
sub-Winnie/sub-Winnie_ses-Winnie-20220719_obj-1pgl7ag.nwb	7924864
sub-Wallie/sub-Wallie_ses-Wallie-20220922_obj-uetgyx.nwb	2458792
sub-Yoshi/sub-Yoshi_ses-Yoshi-20220517_obj-nm19x5.nwb	124017192
sub-Winnie/sub-Winnie_ses-Winnie-20220717_obj-rerypc.nwb	2747528
sub-Yoshi/sub-Yoshi_ses-Yoshi-20220518_obj-17py9al.nwb	7501680
sub-Winnie/sub-Winnie_ses-Winnie-20220719_obj-hqktv5.nwb	51707864
sub-Winnie/sub-Winnie_ses-Winnie-20220719_obj-1dyzskb.nwb	108482420
sub-Yoshi/sub-Yoshi_ses-Yoshi-20220517_obj-ugt2kk_ecephys.nwb	311315900
sub-Winnie/sub-Winnie_ses-Winnie-20220719_obj-tgaii.nwb	3431808
sub-Winnie/sub-Winnie_ses-Winnie-20220717_obj-1ppjpyy.nwb	3513312
sub-Yoshi/sub-Yoshi_ses-Yoshi-20220518_obj-1tuj5h8.nwb	2076144
sub-Banner/sub-Banner_ses-Banner-20220225_obj-1wps120_behavior.nwb	15495968
sub-Bilbo/sub-Bilbo_ses-5_obj-3yf3pe_ecephys.nwb	7299952
sub-Winnie/sub-Winnie_ses-Winnie-20220719_obj-1ejajmv.nwb	139257712
sub-Olive/sub-Olive_ses-Olive-20220628_obj-xf8sef.nwb	116638824
sub-Yoshi/sub-Yoshi_ses-Yoshi-20220509_obj-6obqgp.nwb	3800560
sub-Olive/sub-Olive_ses-Olive-20220711_obj-mm1tcw.nwb	2882784
sub-Winnie/sub-Winnie_ses-Winnie-20220719_obj-70xgrl.nwb	6584880
sub-Wallie/sub-Wallie_ses-Wallie-20220922_obj-khwhzk.nwb	3086552
sub-Winnie/sub-Winnie_ses-Winnie-20220719_obj-1ifhfet.nwb	8488048
sub-Totoro/sub-Totoro_ses-Totoro-20220607_obj-1eh68e2.nwb	27633600
sub-Yoshi/sub-Yoshi_ses-Yoshi-20220518_obj-we28oa.nwb	83710691
sub-Wallie/sub-Wallie_ses-Wallie-20220912_obj-172txl2_ecephys.nwb	655132952
sub-Olive/sub-Olive_ses-Olive-20220711_obj-valow5.nwb	2206976
sub-Yoshi/sub-Yoshi_ses-Yoshi-20220517_obj-1bftyo4.nwb	4329952
sub-Totoro/sub-Totoro_ses-Totoro-20220614_obj-1op2n0k.nwb	4740883
sub-Bilbo/sub-Bilbo_ses-5_obj-1ccesgk_ecephys.nwb	35258472
sub-Olive/sub-Olive_ses-Olive-20220707_obj-spjc67.nwb	5184192
sub-Banner/sub-Banner_ses-Banner-20220124_obj-xbta2j_behavior.nwb	26790416
sub-Yoshi/sub-Yoshi_ses-Yoshi-20220513_obj-v3ci42.nwb	102633788
sub-Bilbo/sub-Bilbo_ses-3_obj-quj9xw_ecephys.nwb	6577360
sub-Yoshi/sub-Yoshi_ses-Yoshi-20220509_obj-1j888ng.nwb	92834080
sub-Yoshi/sub-Yoshi_ses-Yoshi-20220517_obj-u5j0sc.nwb	3122158020
sub-Olive/sub-Olive_ses-Olive-20220707_obj-1fbzuc5.nwb	3948936
sub-Banner/sub-Banner_ses-Banner-20220225_obj-ql6uu5.nwb	4024056
sub-Banner/sub-Banner_ses-Banner-20220225_obj-e1ji2x.nwb	9000205
sub-Totoro/sub-Totoro_ses-Totoro-20220607_obj-k1uud2.nwb	113356420
sub-Bilbo/sub-Bilbo_ses-5_obj-15h0zqe_ecephys.nwb	7427424
sub-Banner/sub-Banner_ses-Banner-20220126_obj-zbmlte_behavior.nwb	16180944
sub-Wallie/sub-Wallie_ses-Wallie-20220911_obj-1ufjwuz_behavior.nwb	11370936
sub-Winnie/sub-Winnie_ses-Winnie-20220719_obj-1h89uzg.nwb	5514944
sub-Bilbo/sub-Bilbo_ses-5_obj-hwxu6h_ecephys.nwb	7975272
sub-Olive/sub-Olive_ses-Olive-20220711_obj-zo9j6k.nwb	2422168
sub-Bilbo/sub-Bilbo_ses-5_obj-1hfsi6t_ecephys.nwb	117566340
sub-Frodo/sub-Frodo_ses-3_obj-1pokric_ecephys.nwb	5671368
sub-Frodo/sub-Frodo_ses-5_obj-7s5vsu_ecephys.nwb	7065240
sub-Winnie/sub-Winnie_ses-Winnie-20220719_obj-e9zr77.nwb	41515326
sub-Winnie/sub-Winnie_ses-Winnie-20220719_obj-12mo7ww.nwb	5494944
sub-Bilbo/sub-Bilbo_ses-5_obj-15qnuxa_ecephys.nwb	6643920
sub-Wallie/sub-Wallie_ses-Wallie-20220922_obj-1g89pba.nwb	28162525
sub-Bilbo/sub-Bilbo_ses-5_obj-15qyh7x_ecephys.nwb	29061710
sub-Odins/sub-Odins_ses-Odins-20220124_obj-1dtnctw_behavior.nwb	23105488
sub-Yoshi/sub-Yoshi_ses-Yoshi-20220518_obj-1alf9tu_behavior.nwb	19954608
sub-Wallie/sub-Wallie_ses-Wallie-20220922_obj-rx325i.nwb	138964480
sub-Wallie/sub-Wallie_ses-Wallie-20220922_obj-13wy9ak.nwb	10113488
sub-Wallie/sub-Wallie_ses-Wallie-20220914_obj-1u64g12.nwb	3696048
sub-Yoshi/sub-Yoshi_ses-Yoshi-20220517_obj-z8jv7q.nwb	71454416
sub-Olive/sub-Olive_ses-Olive-20220707_obj-l1z1g9.nwb	6165680
sub-Bilbo/sub-Bilbo_ses-5_obj-2cvr5i_ecephys.nwb	6859564
sub-Winnie/sub-Winnie_ses-Winnie-20220719_obj-13fknqp_ecephys.nwb	354996368
sub-Frodo/sub-Frodo_ses-5_obj-1n8wgjb_ecephys.nwb	6189520
sub-Olive/sub-Olive_ses-Olive-20220711_obj-ugxysb.nwb	68189880
sub-Totoro/sub-Totoro_ses-Totoro-20220614_obj-5r4zrz.nwb	5770088
sub-Totoro/sub-Totoro_ses-Totoro-20220614_obj-8joxb5.nwb	2768192
sub-Olive/sub-Olive_ses-Olive-20220711_obj-swdsld.nwb	62588844
sub-Yoshi/sub-Yoshi_ses-Yoshi-20220517_obj-aw7cjc.nwb	242227368
sub-Totoro/sub-Totoro_ses-Totoro-20220614_obj-179cpjf.nwb	4152288
sub-Wallie/sub-Wallie_ses-Wallie-20220911_obj-1kiwp4c_behavior.nwb	248174492
sub-Winnie/sub-Winnie_ses-Winnie-20220719_obj-6x961u.nwb	57619104
sub-Banner/sub-Banner_ses-Banner-20220225_obj-1qlxo51.nwb	6479220
sub-Wallie/sub-Wallie_ses-Wallie-20220922_obj-1x1o33c.nwb	14840472
sub-Olive/sub-Olive_ses-Olive-20220711_obj-1ww5zv.nwb	2768192
sub-Yoshi/sub-Yoshi_ses-Yoshi-20220518_obj-516py.nwb	3804984
sub-Yoshi/sub-Yoshi_ses-Yoshi-20220517_obj-1301eda_behavior.nwb	19486152
sub-Winnie/sub-Winnie_ses-Winnie-20220719_obj-14j5duf.nwb	3698880
sub-Winnie/sub-Winnie_ses-Winnie-20220719_obj-1po0w7a.nwb	2387760
sub-Wallie/sub-Wallie_ses-Wallie-20220922_obj-86hp49.nwb	3891024
sub-Frodo/sub-Frodo_ses-5_obj-1qpjw7q_behavior+ecephys.nwb	8541008
sub-Totoro/sub-Totoro_ses-Totoro-20220614_obj-ohnpit.nwb	3345664
sub-Odins/sub-Odins_ses-Odins-20220126_obj-ldm3vc.nwb	52302456
sub-Totoro/sub-Totoro_ses-Totoro-20220602_obj-1e14c2s_behavior.nwb	22663416
sub-Yoshi/sub-Yoshi_ses-Yoshi-20220518_obj-1pdgii4.nwb	3894160
sub-Frodo/sub-Frodo_ses-5_obj-n9ldcz_ecephys.nwb	7912944
sub-Totoro/sub-Totoro_ses-Totoro-20220613_obj-n3og1s.nwb	7051048
sub-Wallie/sub-Wallie_ses-Wallie-20220922_obj-lelsnh.nwb	26187188
sub-Olive/sub-Olive_ses-Olive-20220711_obj-1dscdnj.nwb	129321312
sub-Totoro/sub-Totoro_ses-Totoro-20220614_obj-19lqtts.nwb	3264928
sub-Yoshi/sub-Yoshi_ses-Yoshi-20220510_obj-qu9o6b.nwb	85711904
sub-Yoshi/sub-Yoshi_ses-Yoshi-20220517_obj-1ozlh0s.nwb	3298536
sub-Totoro/sub-Totoro_ses-Totoro-20220613_obj-1hv98f7.nwb	1230144
sub-Winnie/sub-Winnie_ses-Winnie-20220719_obj-1o4inx2.nwb	61681344
sub-Wallie/sub-Wallie_ses-Wallie-20220912_obj-1p9z8m1_behavior.nwb	17920840
sub-Yoshi/sub-Yoshi_ses-Yoshi-20220517_obj-13dq18.nwb	3637160
sub-Totoro/sub-Totoro_ses-Totoro-20220616_obj-14vzf8q.nwb	8025704
sub-Winnie/sub-Winnie_ses-Winnie-20220719_obj-1uk1ru.nwb	558198792
sub-Olive/sub-Olive_ses-Olive-20220707_obj-9byswu.nwb	2423904
sub-Banner/sub-Banner_ses-Banner-20220123_behavior+ecephys+image.nwb	28583470711
sub-Wallie/sub-Wallie_ses-Wallie-20220922_obj-14v1jb1.nwb	1631168
sub-Frodo/sub-Frodo_ses-5_obj-5ek7m8_ecephys.nwb	72735468
sub-Winnie/sub-Winnie_ses-Winnie-20220717_obj-1pzsym9.nwb	5011608
sub-Olive/sub-Olive_ses-Olive-20220707_obj-13k833j.nwb	2404176
sub-Frodo/sub-Frodo_ses-5_obj-2q5g3s_ecephys.nwb	7048440
sub-Winnie/sub-Winnie_ses-Winnie-20220720_obj-1sgufd3.nwb	21567632
sub-Wallie/sub-Wallie_ses-Wallie-20220922_obj-yfo2c2.nwb	2132112
sub-Olive/sub-Olive_ses-Olive-20220711_obj-1hcmhl7.nwb	3460240
sub-Frodo/sub-Frodo_ses-5_obj-1hl3l6p_ecephys.nwb	5533248
sub-Bilbo/sub-Bilbo_ses-5_obj-tsxqhv_ecephys.nwb	3713712
sub-Yoshi/sub-Yoshi_ses-Yoshi-20220518_obj-199rfw4.nwb	3733384
sub-Yoshi/sub-Yoshi_ses-Yoshi-20220517_obj-1unqyb1_behavior.nwb	14032848
sub-Bilbo/sub-Bilbo_ses-5_obj-bvvx2c_ecephys.nwb	6435200
sub-Totoro/sub-Totoro_ses-Totoro-20220614_obj-7duora.nwb	2759120
sub-Olive/sub-Olive_ses-Olive-20220711_obj-1qushv2.nwb	6516605
sub-Frodo/sub-Frodo_ses-5_obj-1nguaph_ecephys.nwb	10677200
sub-Winnie/sub-Winnie_ses-Winnie-20220719_obj-xjriq0.nwb	6898032
sub-Banner/sub-Banner_ses-Banner-20220225_obj-edl7yv_behavior.nwb	16037488
sub-Yoshi/sub-Yoshi_ses-Yoshi-20220510_obj-1lyqvm6.nwb	48244600
sub-Frodo/sub-Frodo_ses-5_obj-ne2h9s_ecephys.nwb	24509560
sub-Totoro/sub-Totoro_ses-Totoro-20220603_obj-1w0i4do_behavior.nwb	22866552
sub-Totoro/sub-Totoro_ses-Totoro-20220614_obj-1bklrgn.nwb	8170800
sub-Totoro/sub-Totoro_ses-Totoro-20220614_obj-tbyp0q.nwb	4509552
sub-Olive/sub-Olive_ses-Olive-20220711_obj-rty76b.nwb	1929280
sub-Totoro/sub-Totoro_ses-Totoro-20220607_obj-1jpdk2i.nwb	2785080
sub-Yoshi/sub-Yoshi_ses-Yoshi-20220518_obj-661rdr.nwb	2501184
sub-Yoshi/sub-Yoshi_ses-Yoshi-20220517_obj-rg0p3c.nwb	4498312
sub-Odins/sub-Odins_ses-Odins-20220126_obj-1ylq1ll_behavior.nwb	121827984
sub-Frodo/sub-Frodo_ses-3_obj-1aoc0y5_ecephys.nwb	4286848
sub-Wallie/sub-Wallie_ses-Wallie-20220922_obj-1tapo9d.nwb	104859368
sub-Totoro/sub-Totoro_ses-Totoro-20220607_obj-tcpa5s.nwb	4966104
sub-Totoro/sub-Totoro_ses-Totoro-20220614_obj-1iodauq_behavior.nwb	101325248
sub-Bilbo/sub-Bilbo_ses-5_obj-r6ix0b_ecephys.nwb	7335712
sub-Olive/sub-Olive_ses-Olive-20220711_obj-1882uoi.nwb	2422168
sub-Wallie/sub-Wallie_ses-Wallie-20220922_obj-1b6wccp.nwb	3079360
sub-Yoshi/sub-Yoshi_ses-Yoshi-20220517_obj-7q29ns_behavior.nwb	23541304
sub-Winnie/sub-Winnie_ses-Winnie-20220717_obj-2xlsgw.nwb	3116448
sub-Frodo/sub-Frodo_ses-7_obj-w6x15p_ecephys.nwb	5053776
sub-Winnie/sub-Winnie_ses-Winnie-20220719_obj-51ae1s.nwb	92272484
sub-Yoshi/sub-Yoshi_ses-Yoshi-20220518_obj-ftkak0_behavior.nwb	19865132
sub-Bilbo/sub-Bilbo_ses-5_obj-1u70a5k_behavior+ecephys.nwb	7875148
sub-Winnie/sub-Winnie_ses-Winnie-20220719_obj-13skyvr.nwb	317989844
sub-Olive/sub-Olive_ses-Olive-20220711_obj-xqy0f3.nwb	4046080
sub-Yoshi/sub-Yoshi_ses-Yoshi-20220513_obj-766ozc.nwb	4578200
sub-Totoro/sub-Totoro_ses-Totoro-20220603_obj-wasw5w.nwb	108303432
sub-Totoro/sub-Totoro_ses-Totoro-20220607_obj-17j1t6t.nwb	47351080
sub-Totoro/sub-Totoro_ses-Totoro-20220614_obj-1v3jsfy.nwb	7371994
sub-Olive/sub-Olive_ses-Olive-20220711_obj-vofs7q.nwb	76856300
sub-Olive/sub-Olive_ses-Olive-20220711_obj-1gvoen3.nwb	3239824
sub-Winnie/sub-Winnie_ses-Winnie-20220719_obj-1id059w.nwb	4230072
sub-Winnie/sub-Winnie_ses-Winnie-20220719_obj-137rrw.nwb	3353528
sub-Totoro/sub-Totoro_ses-Totoro-20220614_obj-16zi9qb.nwb	93014272
sub-Yoshi/sub-Yoshi_ses-Yoshi-20220518_obj-60uul7.nwb	992027784
sub-Yoshi/sub-Yoshi_ses-Yoshi-20220517_obj-aia45i.nwb	2422168
sub-Wallie/sub-Wallie_ses-Wallie-20220922_obj-1irvxso.nwb	3828544
sub-Totoro/sub-Totoro_ses-Totoro-20220607_obj-nyqfn9.nwb	4048912
sub-Olive/sub-Olive_ses-Olive-20220711_obj-1cwkt7z_ecephys.nwb	275862996
sub-Winnie/sub-Winnie_ses-Winnie-20220719_obj-7v7e8l_ecephys.nwb	173585560
sub-Wallie/sub-Wallie_ses-Wallie-20220922_obj-csynup.nwb	11580024
sub-Yoshi/sub-Yoshi_ses-Yoshi-20220518_obj-1adfv4j.nwb	139287300
sub-Yoshi/sub-Yoshi_ses-Yoshi-20220517_obj-fddxv2.nwb	1771080
sub-Olive/sub-Olive_ses-Olive-20220711_obj-bkk52u.nwb	22769580
sub-Wallie/sub-Wallie_ses-Wallie-20220922_obj-7i8uki.nwb	4509576
sub-Odins/sub-Odins_ses-Odins-20220216_behavior+ecephys+image.nwb	64002868924
sub-Banner/sub-Banner_ses-Banner-20220224_obj-1esjf9l.nwb	9928651
sub-Totoro/sub-Totoro_ses-Totoro-20220614_obj-tocmkj.nwb	5790488
sub-Yoshi/sub-Yoshi_ses-Yoshi-20220517_obj-5lctbm.nwb	4674008
sub-Yoshi/sub-Yoshi_ses-Yoshi-20220518_obj-1utcux8.nwb	2768192
sub-Yoshi/sub-Yoshi_ses-Yoshi-20220518_obj-1kng4p7.nwb	2902088
sub-Frodo/sub-Frodo_ses-5_obj-jdv58o_ecephys.nwb	5082688
sub-Totoro/sub-Totoro_ses-Totoro-20220614_obj-p8fshh.nwb	2383584
sub-Olive/sub-Olive_ses-Olive-20220711_obj-140qtey.nwb	107274076
sub-Bilbo/sub-Bilbo_ses-5_obj-gk26yk_ecephys.nwb	8773600
sub-Yoshi/sub-Yoshi_ses-Yoshi-20220513_obj-11ilxq9.nwb	2422320
sub-Frodo/sub-Frodo_ses-5_obj-ajklht_ecephys.nwb	8894176
sub-Winnie/sub-Winnie_ses-Winnie-20220719_obj-ylkyfc.nwb	3400000
sub-Totoro/sub-Totoro_ses-Totoro-20220602_obj-bs9uhn_behavior.nwb	22716392
sub-Winnie/sub-Winnie_ses-Winnie-20220719_obj-6nxqbq.nwb	2118440
sub-Bilbo/sub-Bilbo_ses-5_obj-1jiyb7p_ecephys.nwb	7450712
sub-Olive/sub-Olive_ses-Olive-20220707_obj-1nd5kae_behavior.nwb	185300732
sub-Yoshi/sub-Yoshi_ses-Yoshi-20220517_obj-k2l72c.nwb	6171840
sub-Totoro/sub-Totoro_ses-Totoro-20220607_obj-gddbkn.nwb	4083408
sub-Totoro/sub-Totoro_ses-Totoro-20220614_obj-1p6u594.nwb	25997060
sub-Totoro/sub-Totoro_ses-Totoro-20220614_obj-g7kna0_ecephys.nwb	315638292
sub-Frodo/sub-Frodo_ses-5_obj-1bhgamc_ecephys.nwb	6264235
sub-Olive/sub-Olive_ses-Olive-20220711_obj-xw0wny.nwb	2313984
sub-Bilbo/sub-Bilbo_ses-5_obj-1fd6yob_ecephys.nwb	17366820
sub-Yoshi/sub-Yoshi_ses-Yoshi-20220509_obj-1davvt7_ecephys.nwb	216692772
sub-Frodo/sub-Frodo_ses-4_obj-6qm59s_behavior+ecephys.nwb	19976640
sub-Yoshi/sub-Yoshi_ses-Yoshi-20220517_obj-1meq6vc.nwb	80019800
sub-Yoshi/sub-Yoshi_ses-Yoshi-20220517_obj-106b8o0.nwb	2848832
sub-Totoro/sub-Totoro_ses-Totoro-20220530_obj-15ndtvx_ecephys.nwb	231567446
sub-Wallie/sub-Wallie_ses-Wallie-20220922_obj-1lwuc52_behavior.nwb	30265248
sub-Wallie/sub-Wallie_ses-Wallie-20220922_obj-1ya1e1o.nwb	3463040
sub-Wallie/sub-Wallie_ses-Wallie-20220922_obj-1w1r67t.nwb	58461568
sub-Odins/sub-Odins_ses-Odins-20220126_obj-1ikf6u4_ecephys.nwb	24342576
sub-Yoshi/sub-Yoshi_ses-Yoshi-20220517_obj-6s218l.nwb	133416420
sub-Yoshi/sub-Yoshi_ses-Yoshi-20220517_obj-1wppdro.nwb	3974544
sub-Yoshi/sub-Yoshi_ses-Yoshi-20220517_obj-14yhcgt_behavior.nwb	155872284
sub-Wallie/sub-Wallie_ses-Wallie-20220914_obj-1e5zbl8.nwb	4265840
sub-Frodo/sub-Frodo_ses-5_obj-1qj62p_behavior+ecephys.nwb	171352564
sub-Frodo/sub-Frodo_ses-5_obj-1514cc2_ecephys.nwb	18559256
sub-Winnie/sub-Winnie_ses-Winnie-20220715_obj-1kyelq3_ecephys.nwb	159115132
sub-Frodo/sub-Frodo_ses-1_obj-1lscb05_ecephys.nwb	496215548
sub-Olive/sub-Olive_ses-Olive-20220711_obj-1tvud9b_behavior.nwb	194400444
sub-Winnie/sub-Winnie_ses-Winnie-20220719_obj-1jmwhyj.nwb	10836403824
sub-Wallie/sub-Wallie_ses-Wallie-20220914_obj-im9cak_ecephys.nwb	340920114
sub-Odins/sub-Odins_ses-Odins-20220124_obj-hgd2q6_behavior.nwb	240975528
sub-Totoro/sub-Totoro_ses-Totoro-20220617_obj-tk8d8o.nwb	3405570
sub-Yoshi/sub-Yoshi_ses-Yoshi-20220517_obj-pcbs2a.nwb	3945280
sub-Olive/sub-Olive_ses-Olive-20220711_obj-1an5o0n.nwb	4715936
sub-Wallie/sub-Wallie_ses-Wallie-20220922_obj-13syrzz_behavior.nwb	30231248
sub-Frodo/sub-Frodo_ses-4_obj-1r960cw_ecephys.nwb	157092180
sub-Winnie/sub-Winnie_ses-Winnie-20220719_obj-xo0qif.nwb	1671159256
sub-Yoshi/sub-Yoshi_ses-Yoshi-20220518_obj-2z5t36.nwb	3122784
sub-Frodo/sub-Frodo_ses-5_obj-vxoz44_ecephys.nwb	5839424
sub-Olive/sub-Olive_ses-Olive-20220711_obj-1yvfj6r.nwb	6796552
sub-Winnie/sub-Winnie_ses-Winnie-20220717_obj-2wfx58.nwb	1924320
sub-Wallie/sub-Wallie_ses-Wallie-20220922_obj-6mizxm_behavior.nwb	137106600
sub-Wallie/sub-Wallie_ses-Wallie-20220922_obj-wz8wml.nwb	6221120
sub-Yoshi/sub-Yoshi_ses-Yoshi-20220518_obj-rzh1x6_ecephys.nwb	236070140
sub-Winnie/sub-Winnie_ses-Winnie-20220717_obj-cxbjxy.nwb	3144640
sub-Banner/sub-Banner_ses-Banner-20220224_obj-2ukbpt.nwb	6601296
sub-Olive/sub-Olive_ses-Olive-20220711_obj-1uedguc.nwb	2899264
sub-Yoshi/sub-Yoshi_ses-Yoshi-20220517_obj-3hsuab.nwb	114933416
sub-Totoro/sub-Totoro_ses-Totoro-20220613_obj-d9npa8.nwb	3128128
sub-Frodo/sub-Frodo_ses-4_obj-1ut6xbm_ecephys.nwb	6266640
sub-Yoshi/sub-Yoshi_ses-Yoshi-20220518_obj-1vy2yfl_ecephys.nwb	326529032
sub-Totoro/sub-Totoro_ses-Totoro-20220617_obj-1s36074.nwb	4814099
sub-Wallie/sub-Wallie_ses-Wallie-20220922_obj-158xfzi_behavior.nwb	6855936
sub-Totoro/sub-Totoro_ses-Totoro-20220603_obj-1jxnig7.nwb	98262032
sub-Olive/sub-Olive_ses-Olive-20220711_obj-15crjt7.nwb	37317628
sub-Totoro/sub-Totoro_ses-Totoro-20220614_obj-q2ksvz.nwb	2422168
sub-Frodo/sub-Frodo_ses-5_obj-t3zozy_ecephys.nwb	21511552
sub-Wallie/sub-Wallie_ses-Wallie-20220922_obj-otksoc.nwb	2927120
sub-Yoshi/sub-Yoshi_ses-Yoshi-20220517_obj-1vl7h8h.nwb	140137136
sub-Yoshi/sub-Yoshi_ses-Yoshi-20220509_obj-1clcorj.nwb	2792944
sub-Frodo/sub-Frodo_ses-4_obj-umly35_ecephys.nwb	12144672
sub-Totoro/sub-Totoro_ses-Totoro-20220614_obj-cl4le4.nwb	3460240
sub-Yoshi/sub-Yoshi_ses-Yoshi-20220518_obj-16bq0ay.nwb	3587112
sub-Bilbo/sub-Bilbo_ses-5_obj-6fheh3_ecephys.nwb	4951616
sub-Wallie/sub-Wallie_ses-Wallie-20220922_obj-giq74g.nwb	4789160
sub-Totoro/sub-Totoro_ses-Totoro-20220607_obj-l3ed0f.nwb	3308536
sub-Yoshi/sub-Yoshi_ses-Yoshi-20220517_obj-j2osg6.nwb	34206238
sub-Winnie/sub-Winnie_ses-Winnie-20220719_obj-1aqvv45.nwb	4305792
sub-Olive/sub-Olive_ses-Olive-20220711_obj-3ef5sx_behavior.nwb	8878400
sub-Frodo/sub-Frodo_ses-4_obj-14sskcw_behavior+ecephys.nwb	10925760
sub-Winnie/sub-Winnie_ses-Winnie-20220714_behavior+ecephys+image.nwb	670256522908
sub-Bilbo/sub-Bilbo_ses-5_obj-lnr35h_ecephys.nwb	5018928
sub-Yoshi/sub-Yoshi_ses-Yoshi-20220513_obj-1slku7f_behavior.nwb	202782908
sub-Yoshi/sub-Yoshi_ses-Yoshi-20220517_obj-1s3xlmp.nwb	59522052
sub-Frodo/sub-Frodo_ses-5_obj-sb5dg0_ecephys.nwb	5737024
sub-Yoshi/sub-Yoshi_ses-Yoshi-20220518_obj-59pt89.nwb	2866496
sub-Totoro/sub-Totoro_ses-Totoro-20220617_obj-14chqba.nwb	3790427
sub-Banner/sub-Banner_ses-Banner-20220126.nwb	64122516
sub-Wallie/sub-Wallie_ses-Wallie-20220922_obj-ko190c.nwb	108917268
sub-Totoro/sub-Totoro_ses-Totoro-20220531_obj-bhd9uf.nwb	147353888
sub-Bilbo/sub-Bilbo_ses-5_obj-1ffcra5_ecephys.nwb	7356024
sub-Yoshi/sub-Yoshi_ses-Yoshi-20220517_obj-rmv42b.nwb	3459504
sub-Yoshi/sub-Yoshi_ses-Yoshi-20220517_obj-10t3sy2_behavior.nwb	21009912
sub-Frodo/sub-Frodo_ses-1_obj-v2hqd_ecephys.nwb	529320112
sub-Frodo/sub-Frodo_ses-1_obj-pt7qy6_behavior+ecephys.nwb	453779872
sub-Totoro/sub-Totoro_ses-Totoro-20220614_obj-1a0tmav_ecephys.nwb	314962478
sub-Winnie/sub-Winnie_ses-Winnie-20220719_obj-1j3pyg3.nwb	2142672
sub-Winnie/sub-Winnie_ses-Winnie-20220717_obj-ipqb68.nwb	84775092
sub-Yoshi/sub-Yoshi_ses-Yoshi-20220518_obj-1mjg591.nwb	2954640
sub-Wallie/sub-Wallie_ses-Wallie-20220922_obj-1rfih2o.nwb	2810048
sub-Totoro/sub-Totoro_ses-Totoro-20220617_obj-z9qsnj.nwb	18210555
sub-Wallie/sub-Wallie_ses-Wallie-20220922_obj-4e3gwh.nwb	32128236
sub-Olive/sub-Olive_ses-Olive-20220711_obj-upslif.nwb	3907960
sub-Yoshi/sub-Yoshi_ses-Yoshi-20220518_obj-1i88do8_behavior.nwb	16184880
sub-Winnie/sub-Winnie_ses-Winnie-20220719_obj-487n6b.nwb	4211760
sub-Olive/sub-Olive_ses-Olive-20220711_obj-mq6nox.nwb	2670160
sub-Banner/sub-Banner_ses-Banner-20220124_obj-118wwcr.nwb	125653588
sub-Yoshi/sub-Yoshi_ses-Yoshi-20220518_obj-np6ir.nwb	7022016
sub-Yoshi/sub-Yoshi_ses-Yoshi-20220518_obj-gjydzp.nwb	3519320
sub-Winnie/sub-Winnie_ses-Winnie-20220719_obj-42k6e2.nwb	159562344
sub-Wallie/sub-Wallie_ses-Wallie-20220922_obj-3rg5ey.nwb	182276828
sub-Yoshi/sub-Yoshi_ses-Yoshi-20220509_obj-1sgjxiw_ecephys.nwb	38632428
sub-Olive/sub-Olive_ses-Olive-20220711_obj-1utfibb.nwb	3373312
sub-Winnie/sub-Winnie_ses-Winnie-20220719_obj-mvejyc_behavior.nwb	287002992
sub-Frodo/sub-Frodo_ses-5_obj-j7ys2y_ecephys.nwb	4367328
sub-Yoshi/sub-Yoshi_ses-Yoshi-20220517_obj-7rdml3.nwb	3460240
sub-Yoshi/sub-Yoshi_ses-Yoshi-20220510_obj-1dknk5e.nwb	3284352
sub-Banner/sub-Banner_ses-Banner-20220225_obj-f3zt5t.nwb	125627976
sub-Banner/sub-Banner_ses-Banner-20220225_obj-6uum9j_behavior.nwb	26296644
sub-Olive/sub-Olive_ses-Olive-20220711_obj-1pqd7cd.nwb	2768192
sub-Yoshi/sub-Yoshi_ses-Yoshi-20220517_obj-1g08pur.nwb	2629856
sub-Winnie/sub-Winnie_ses-Winnie-20220719_obj-12cyneb.nwb	1072424132
sub-Yoshi/sub-Yoshi_ses-Yoshi-20220509_obj-6g22gl_behavior.nwb	19100416
sub-Banner/sub-Banner_ses-Banner-20220224_obj-1m386cc.nwb	120788928
sub-Frodo/sub-Frodo_ses-5_obj-gvh4qr_ecephys.nwb	3644880
sub-Yoshi/sub-Yoshi_ses-Yoshi-20220513_obj-1uvz2p8.nwb	3626560
sub-Wallie/sub-Wallie_ses-Wallie-20220922_obj-163q6xv.nwb	2965480
sub-Frodo/sub-Frodo_ses-5_obj-93rql4_ecephys.nwb	7463840
sub-Yoshi/sub-Yoshi_ses-Yoshi-20220517_obj-lir5sl.nwb	4632184
sub-Yoshi/sub-Yoshi_ses-Yoshi-20220518_obj-1xbnoni.nwb	3453696
sub-Winnie/sub-Winnie_ses-Winnie-20220715_obj-jw6jvy.nwb	152596116
sub-Totoro/sub-Totoro_ses-Totoro-20220607_obj-8axugg.nwb	105674984
sub-Totoro/sub-Totoro_ses-Totoro-20220616_obj-1xifqbs.nwb	1878040
sub-Bilbo/sub-Bilbo_ses-5_obj-14chh7b_behavior+ecephys.nwb	30681782
sub-Totoro/sub-Totoro_ses-Totoro-20220607_obj-1o8q8f7.nwb	86830036
sub-Yoshi/sub-Yoshi_ses-Yoshi-20220513_obj-19zws9c.nwb	2767248
sub-Wallie/sub-Wallie_ses-Wallie-20220922_obj-so955r.nwb	4044096
sub-Banner/sub-Banner_ses-Banner-20220224_obj-l2voai_behavior.nwb	195934376
sub-Wallie/sub-Wallie_ses-Wallie-20220922_obj-1xvlly1.nwb	2795128
sub-Wallie/sub-Wallie_ses-Wallie-20220912_obj-1rzjxj6.nwb	2564496
sub-Totoro/sub-Totoro_ses-Totoro-20220602_obj-tjxdo0_ecephys.nwb	233858214
sub-Olive/sub-Olive_ses-Olive-20220711_obj-8ey0ke.nwb	37565714
sub-Olive/sub-Olive_ses-Olive-20220711_obj-9jowqt.nwb	3122688
sub-Banner/sub-Banner_ses-Banner-20220225_obj-gd56lm.nwb	6396021
sub-Winnie/sub-Winnie_ses-Winnie-20220714_obj-kvumxz.nwb	99234940
sub-Yoshi/sub-Yoshi_ses-Yoshi-20220518_obj-1dilibx.nwb	4551800
sub-Yoshi/sub-Yoshi_ses-Yoshi-20220517_obj-1lrdciz.nwb	3009472
sub-Yoshi/sub-Yoshi_ses-Yoshi-20220510_obj-p59lri_ecephys.nwb	8952940
sub-Yoshi/sub-Yoshi_ses-Yoshi-20220517_obj-h22ibf.nwb	7552704
sub-Wallie/sub-Wallie_ses-Wallie-20220922_obj-jbv4z_behavior.nwb	11065848
sub-Winnie/sub-Winnie_ses-Winnie-20220719_obj-1eik3kk.nwb	96487644
sub-Wallie/sub-Wallie_ses-Wallie-20220922_obj-itskl5.nwb	95042412
sub-Totoro/sub-Totoro_ses-Totoro-20220615_obj-ql3bk6.nwb	23208550
sub-Totoro/sub-Totoro_ses-Totoro-20220614_obj-o1s5ti.nwb	2508184
sub-Yoshi/sub-Yoshi_ses-Yoshi-20220510_obj-1kh5k6k.nwb	3105984
sub-Yoshi/sub-Yoshi_ses-Yoshi-20220517_obj-18539si.nwb	2768192
sub-Totoro/sub-Totoro_ses-Totoro-20220614_obj-yyrfik.nwb	64501612
sub-Olive/sub-Olive_ses-Olive-20220711_obj-17wbn4j.nwb	3067680
sub-Winnie/sub-Winnie_ses-Winnie-20220719_obj-14n5o2w.nwb	34067576
sub-Olive/sub-Olive_ses-Olive-20220707_obj-1xuirdq_behavior.nwb	18788320
sub-Yoshi/sub-Yoshi_ses-Yoshi-20220513_obj-pen89l.nwb	4130640
sub-Olive/sub-Olive_ses-Olive-20220711_obj-oemntg.nwb	2100720
sub-Winnie/sub-Winnie_ses-Winnie-20220719_obj-kw959w_behavior.nwb	11079236
sub-Bilbo/sub-Bilbo_ses-3_obj-vr8n71_ecephys.nwb	8914824
sub-Yoshi/sub-Yoshi_ses-Yoshi-20220518_obj-1t8a6dx.nwb	10208084
sub-Olive/sub-Olive_ses-Olive-20220711_obj-zbokk4_behavior.nwb	33686300
sub-Winnie/sub-Winnie_ses-Winnie-20220714_obj-1pdrgff.nwb	2331264
sub-Yoshi/sub-Yoshi_ses-Yoshi-20220518_obj-qkiwk6.nwb	2979552
sub-Banner/sub-Banner_ses-Banner-20220225_obj-voqh60.nwb	27584109
sub-Winnie/sub-Winnie_ses-Winnie-20220719_obj-1qqav57.nwb	7951744
sub-Frodo/sub-Frodo_ses-4_obj-7a46yn_ecephys.nwb	10408880
sub-Totoro/sub-Totoro_ses-Totoro-20220614_behavior+ecephys+image.nwb	652923075130
sub-Winnie/sub-Winnie_ses-Winnie-20220719_obj-1bss2vd.nwb	67104004
sub-Yoshi/sub-Yoshi_ses-Yoshi-20220517_obj-17s25nj.nwb	7866420
sub-Olive/sub-Olive_ses-Olive-20220711_obj-15x0xt7.nwb	3750776
sub-Frodo/sub-Frodo_ses-5_obj-15enm07_ecephys.nwb	28887063
sub-Wallie/sub-Wallie_ses-Wallie-20220916_obj-w5i8zq.nwb	1900240
sub-Totoro/sub-Totoro_ses-Totoro-20220613_obj-obqc39_behavior.nwb	11057952
sub-Bilbo/sub-Bilbo_ses-3_obj-1fw3qe7_ecephys.nwb	83941636
sub-Yoshi/sub-Yoshi_ses-Yoshi-20220517_obj-1xcsxgt_behavior.nwb	22603712
sub-Winnie/sub-Winnie_ses-Winnie-20220719_obj-pbe2a0.nwb	5274432
sub-Winnie/sub-Winnie_ses-Winnie-20220719_obj-kxtg8v.nwb	9235356
sub-Banner/sub-Banner_ses-Banner-20220224_obj-dtrs5.nwb	6159600
sub-Olive/sub-Olive_ses-Olive-20220711_obj-zsw0ds.nwb	8060560
sub-Yoshi/sub-Yoshi_ses-Yoshi-20220513_obj-zfz906_behavior.nwb	18052640
sub-Frodo/sub-Frodo_ses-5_obj-ixplnx_ecephys.nwb	49452816
sub-Bilbo/sub-Bilbo_ses-5_obj-1fhirwy_behavior+ecephys.nwb	13375024
sub-Yoshi/sub-Yoshi_ses-Yoshi-20220517_obj-xndx8u.nwb	2866496
sub-Winnie/sub-Winnie_ses-Winnie-20220719_obj-a4na36.nwb	501223956
sub-Yoshi/sub-Yoshi_ses-Yoshi-20220517_obj-9f23bl.nwb	4912200
sub-Totoro/sub-Totoro_ses-Totoro-20220614_obj-e95nyz.nwb	76292144
sub-Winnie/sub-Winnie_ses-Winnie-20220719_obj-1r2i5x9.nwb	2887304
sub-Banner/sub-Banner_ses-Banner-20220225_obj-1dv1yc6_behavior.nwb	26376704
sub-Frodo/sub-Frodo_ses-5_obj-1p47kif_ecephys.nwb	6729040
sub-Bilbo/sub-Bilbo_ses-5_obj-jsvtmw_ecephys.nwb	14795160
sub-Yoshi/sub-Yoshi_ses-Yoshi-20220517_obj-mnzkng.nwb	5398000
sub-Wallie/sub-Wallie_ses-Wallie-20220922_obj-1a7xwt4.nwb	2570920
sub-Banner/sub-Banner_ses-Banner-20220225_obj-hxjaw3.nwb	9894469
sub-Olive/sub-Olive_ses-Olive-20220711_obj-n6fsin_behavior.nwb	12854800
sub-Totoro/sub-Totoro_ses-Totoro-20220607_obj-81mmyj.nwb	2317632
sub-Winnie/sub-Winnie_ses-Winnie-20220719_obj-b0rdnu.nwb	14903952
sub-Yoshi/sub-Yoshi_ses-Yoshi-20220517_obj-w16odq_behavior.nwb	27185152
sub-Winnie/sub-Winnie_ses-Winnie-20220719_obj-f5wo19.nwb	2856896
sub-Yoshi/sub-Yoshi_ses-Yoshi-20220517_obj-avg8f1.nwb	3200000
sub-Frodo/sub-Frodo_ses-3_obj-i4f6is_ecephys.nwb	9314808
sub-Totoro/sub-Totoro_ses-Totoro-20220614_obj-swd2pq.nwb	75470020
sub-Yoshi/sub-Yoshi_ses-Yoshi-20220517_obj-1tkfohv.nwb	3106752
sub-Olive/sub-Olive_ses-Olive-20220711_obj-s6xshq.nwb	5146090
sub-Olive/sub-Olive_ses-Olive-20220711_obj-1ub6dgs_ecephys.nwb	174264948
sub-Winnie/sub-Winnie_ses-Winnie-20220719_obj-l5reh5.nwb	4628232
sub-Olive/sub-Olive_ses-Olive-20220711_obj-1ljur8q_ecephys.nwb	179646140
sub-Bilbo/sub-Bilbo_ses-5_obj-bway4x_ecephys.nwb	129110032
sub-Winnie/sub-Winnie_ses-Winnie-20220715_obj-1idnn9e.nwb	2135000
sub-Bilbo/sub-Bilbo_ses-3_obj-79wtf9_ecephys.nwb	8279136
sub-Bilbo/sub-Bilbo_ses-5_obj-jmjuxz_behavior+ecephys.nwb	20797648
sub-Yoshi/sub-Yoshi_ses-Yoshi-20220518_obj-114s1yp.nwb	3054784
sub-Wallie/sub-Wallie_ses-Wallie-20220914_obj-6fjw4a.nwb	1403872
sub-Totoro/sub-Totoro_ses-Totoro-20220614_obj-16jynhf.nwb	95393020
sub-Wallie/sub-Wallie_ses-Wallie-20220922_obj-xmz2g5.nwb	3400640
sub-Wallie/sub-Wallie_ses-Wallie-20220922_obj-7wh5z8.nwb	3778240
sub-Yoshi/sub-Yoshi_ses-Yoshi-20220517_obj-brgn12.nwb	2795632
sub-Winnie/sub-Winnie_ses-Winnie-20220719_obj-gb5k7o.nwb	383570308
sub-Frodo/sub-Frodo_ses-5_obj-1g2j5um_ecephys.nwb	6947568
sub-Winnie/sub-Winnie_ses-Winnie-20220719_obj-7xwkyz_behavior.nwb	209159792
sub-Yoshi/sub-Yoshi_ses-Yoshi-20220517_obj-tf7evv.nwb	3762504
sub-Frodo/sub-Frodo_ses-5_obj-1n2e9iz_ecephys.nwb	6239040
sub-Winnie/sub-Winnie_ses-Winnie-20220719_obj-1a2324p_behavior.nwb	19753168
sub-Yoshi/sub-Yoshi_ses-Yoshi-20220513_obj-do8s2b.nwb	2654840
sub-Banner/sub-Banner_ses-Banner-20220225_obj-u923e3_behavior.nwb	5694020
sub-Winnie/sub-Winnie_ses-Winnie-20220717_obj-1wbxrqz_behavior.nwb	25460344
sub-Totoro/sub-Totoro_ses-Totoro-20220614_obj-841blz.nwb	9221744
sub-Winnie/sub-Winnie_ses-Winnie-20220720_obj-dz6bm0.nwb	4579648
sub-Totoro/sub-Totoro_ses-Totoro-20220602_obj-16aswrm.nwb	65952144
sub-Totoro/sub-Totoro_ses-Totoro-20220614_obj-1ls0fsv.nwb	47360820
sub-Yoshi/sub-Yoshi_ses-Yoshi-20220518_obj-1of7z4d.nwb	5021624
sub-Olive/sub-Olive_ses-Olive-20220628_obj-1gdeofy.nwb	35839620
sub-Wallie/sub-Wallie_ses-Wallie-20220916_obj-pd4z6x_ecephys.nwb	262832064
sub-Winnie/sub-Winnie_ses-Winnie-20220719_obj-xzghms_behavior.nwb	23526084
sub-Yoshi/sub-Yoshi_ses-Yoshi-20220510_obj-1ffq7lr_ecephys.nwb	143413232
sub-Olive/sub-Olive_ses-Olive-20220711_obj-1gluymt.nwb	115189972
sub-Yoshi/sub-Yoshi_ses-Yoshi-20220517_obj-jfgbz1.nwb	79831440
sub-Banner/sub-Banner_ses-Banner-20220216_obj-u19okm_ecephys.nwb	240211760
sub-Yoshi/sub-Yoshi_ses-Yoshi-20220513_obj-1yn11pm.nwb	116923336
sub-Olive/sub-Olive_ses-Olive-20220711_obj-1aldy57.nwb	3722400
sub-Totoro/sub-Totoro_ses-Totoro-20220614_obj-1dt8235.nwb	2746296
sub-Frodo/sub-Frodo_ses-1_obj-1isndcu_ecephys.nwb	131766280
sub-Totoro/sub-Totoro_ses-Totoro-20220614_obj-1wy4wa5_behavior.nwb	16893520
sub-Banner/sub-Banner_ses-Banner-20220224_obj-x4m9va.nwb	11970660
sub-Frodo/sub-Frodo_ses-5_obj-1aty4k0_ecephys.nwb	129326062
sub-Totoro/sub-Totoro_ses-Totoro-20220614_obj-1svl0ee.nwb	2768192
sub-Wallie/sub-Wallie_ses-Wallie-20220922_obj-lf1gm9.nwb	4466016
sub-Winnie/sub-Winnie_ses-Winnie-20220717_obj-12rpz5x.nwb	3116448
sub-Wallie/sub-Wallie_ses-Wallie-20220914_obj-1l5kzxo.nwb	3735360
sub-Bilbo/sub-Bilbo_ses-5_obj-1o8u4ob_ecephys.nwb	5570568
sub-Totoro/sub-Totoro_ses-Totoro-20220614_obj-1ytyhfs.nwb	13270272
sub-Totoro/sub-Totoro_ses-Totoro-20220614_obj-3w4xc0.nwb	84219172
sub-Yoshi/sub-Yoshi_ses-Yoshi-20220518_obj-jrz4sy_behavior.nwb	27430008
sub-Totoro/sub-Totoro_ses-Totoro-20220613_obj-vq6u2p_behavior.nwb	7108288
sub-Winnie/sub-Winnie_ses-Winnie-20220714_obj-urhew5_ecephys.nwb	225947592
sub-Frodo/sub-Frodo_ses-3_obj-16yeefr_ecephys.nwb	33375998
sub-Yoshi/sub-Yoshi_ses-Yoshi-20220518_obj-gleh2e.nwb	1384096
sub-Banner/sub-Banner_ses-Banner-20220224_obj-60xp8c_ecephys.nwb	267539332
sub-Yoshi/sub-Yoshi_ses-Yoshi-20220517_obj-3suasp.nwb	3949088
sub-Totoro/sub-Totoro_ses-Totoro-20220614_obj-15fxt68_behavior.nwb	4587390
sub-Wallie/sub-Wallie_ses-Wallie-20220922_obj-1uf41kv.nwb	3594816
sub-Frodo/sub-Frodo_ses-4_obj-uqz5lq_ecephys.nwb	7870160
sub-Wallie/sub-Wallie_ses-Wallie-20220911_obj-tryhil.nwb	2719640
sub-Bilbo/sub-Bilbo_ses-5_obj-1nzgu0t_ecephys.nwb	5129296
sub-Yoshi/sub-Yoshi_ses-Yoshi-20220518_obj-4ey42n.nwb	2768192
sub-Totoro/sub-Totoro_ses-Totoro-20220614_obj-1oqwd23.nwb	5595569
sub-Frodo/sub-Frodo_ses-5_obj-1xfiwjf_ecephys.nwb	30346384
sub-Totoro/sub-Totoro_ses-Totoro-20220607_obj-1b0e3sd_ecephys.nwb	284424778
sub-Totoro/sub-Totoro_ses-Totoro-20220616_obj-1ojrvce.nwb	9552744
sub-Winnie/sub-Winnie_ses-Winnie-20220717_obj-14gsf4q.nwb	4503808
sub-Frodo/sub-Frodo_ses-5_obj-kqzlz4_behavior+ecephys.nwb	18144448
sub-Totoro/sub-Totoro_ses-Totoro-20220602_obj-13p3n9q_behavior.nwb	37049792
sub-Yoshi/sub-Yoshi_ses-Yoshi-20220517_obj-yxemdf_behavior.nwb	9700460
sub-Frodo/sub-Frodo_ses-1_obj-jbmpyg_ecephys.nwb	644156716
sub-Banner/sub-Banner_ses-Banner-20220224_obj-zeax69.nwb	24297904
sub-Bilbo/sub-Bilbo_ses-5_obj-1jp0qsh_ecephys.nwb	18204836
sub-Olive/sub-Olive_ses-Olive-20220711_obj-3upynf.nwb	32742464
sub-Yoshi/sub-Yoshi_ses-Yoshi-20220510_obj-fgdt44_behavior.nwb	19194048
sub-Frodo/sub-Frodo_ses-5_obj-1sitpe5_behavior+ecephys.nwb	10713900
sub-Olive/sub-Olive_ses-Olive-20220707_obj-avib7l.nwb	6439552
sub-Wallie/sub-Wallie_ses-Wallie-20220914_obj-1vpy647.nwb	2947952
sub-Olive/sub-Olive_ses-Olive-20220711_obj-7cga52_behavior.nwb	9742752
sub-Yoshi/sub-Yoshi_ses-Yoshi-20220517_obj-1r5avo2.nwb	32960580
sub-Frodo/sub-Frodo_ses-3_obj-1qmw35q_ecephys.nwb	7386880
sub-Bilbo/sub-Bilbo_ses-5_obj-v3xkw0_ecephys.nwb	5935808
sub-Frodo/sub-Frodo_ses-5_obj-76h4u9_ecephys.nwb	36280716
sub-Wallie/sub-Wallie_ses-Wallie-20220912_obj-1c8a11u_behavior.nwb	22107408
sub-Bilbo/sub-Bilbo_ses-5_obj-rbrefa_behavior+ecephys.nwb	182386332
sub-Totoro/sub-Totoro_ses-Totoro-20220614_obj-1lr1vna.nwb	45063820
sub-Totoro/sub-Totoro_ses-Totoro-20220613_obj-1llizax.nwb	75478092
sub-Winnie/sub-Winnie_ses-Winnie-20220719_obj-jognbv.nwb	3146624
sub-Banner/sub-Banner_ses-Banner-20220225_obj-fqjow_ecephys.nwb	288546344
sub-Wallie/sub-Wallie_ses-Wallie-20220922_obj-ppe7k3.nwb	3512712
sub-Banner/sub-Banner_ses-Banner-20220224_obj-85srbr_behavior.nwb	26095624
sub-Olive/sub-Olive_ses-Olive-20220711_obj-1ld1v5v.nwb	5403528
sub-Yoshi/sub-Yoshi_ses-Yoshi-20220517_obj-12dkftp.nwb	2223600
sub-Totoro/sub-Totoro_ses-Totoro-20220607_obj-1u3bteg.nwb	133710204
sub-Winnie/sub-Winnie_ses-Winnie-20220717_obj-90mgfs_ecephys.nwb	339952972
sub-Banner/sub-Banner_ses-Banner-20220225_obj-x438pp.nwb	4921007
sub-Frodo/sub-Frodo_ses-5_obj-5h1ckr_ecephys.nwb	4367328
sub-Winnie/sub-Winnie_ses-Winnie-20220720_obj-xji9e3.nwb	3571520
sub-Bilbo/sub-Bilbo_ses-5_obj-15tbts1_ecephys.nwb	11000218
sub-Yoshi/sub-Yoshi_ses-Yoshi-20220517_obj-1xobyuz.nwb	129657776
sub-Olive/sub-Olive_ses-Olive-20220711_obj-lab379.nwb	2422168
sub-Olive/sub-Olive_ses-Olive-20220711_obj-17xjqf3_ecephys.nwb	184057584
sub-Winnie/sub-Winnie_ses-Winnie-20220719_obj-1evz7w9.nwb	39557820
sub-Wallie/sub-Wallie_ses-Wallie-20220912_obj-8zzh9a_ecephys.nwb	338411176
sub-Frodo/sub-Frodo_ses-5_obj-1r3pntx_ecephys.nwb	6009280
sub-Frodo/sub-Frodo_ses-5_obj-mxr85d_ecephys.nwb	4367328
sub-Yoshi/sub-Yoshi_ses-Yoshi-20220510_obj-12nlkzu_behavior.nwb	10751040
sub-Totoro/sub-Totoro_ses-Totoro-20220614_obj-1qy0twb.nwb	6917494
sub-Frodo/sub-Frodo_ses-1_obj-pzuldd_ecephys.nwb	528311080
sub-Odins/sub-Odins_ses-Odins-20220216_obj-11fokt6_behavior.nwb	81314436
sub-Totoro/sub-Totoro_ses-Totoro-20220614_obj-y57yna.nwb	3438368
sub-Totoro/sub-Totoro_ses-Totoro-20220607_obj-1hueys3_behavior.nwb	29847632
sub-Bilbo/sub-Bilbo_ses-5_obj-1l6wqw8_ecephys.nwb	4647712
sub-Yoshi/sub-Yoshi_ses-Yoshi-20220513_obj-q03pim_behavior.nwb	130993592
sub-Yoshi/sub-Yoshi_ses-Yoshi-20220518_obj-m9srwp_behavior.nwb	16270800
sub-Olive/sub-Olive_ses-Olive-20220711_obj-dp7jyw.nwb	1400480
sub-Winnie/sub-Winnie_ses-Winnie-20220719_obj-mmlaxg.nwb	2936136
sub-Wallie/sub-Wallie_ses-Wallie-20220911_obj-1c7x7pm.nwb	2662296
sub-Olive/sub-Olive_ses-Olive-20220627_obj-1ykq4xj.nwb	4117280
sub-Olive/sub-Olive_ses-Olive-20220711_obj-obcqjm.nwb	6387520
sub-Yoshi/sub-Yoshi_ses-Yoshi-20220518_obj-1nuc1ub.nwb	11215280
sub-Wallie/sub-Wallie_ses-Wallie-20220922_obj-cdpocb.nwb	113563760
sub-Yoshi/sub-Yoshi_ses-Yoshi-20220518_obj-uw2tfi.nwb	3698072
sub-Totoro/sub-Totoro_ses-Totoro-20220614_obj-i690t3.nwb	4152288
sub-Wallie/sub-Wallie_ses-Wallie-20220914_obj-15j0mha.nwb	3509680
sub-Frodo/sub-Frodo_ses-5_obj-mp6p14_ecephys.nwb	30286192
sub-Frodo/sub-Frodo_ses-5_obj-1lxg1rb_ecephys.nwb	34525252
sub-Yoshi/sub-Yoshi_ses-Yoshi-20220513_obj-axtzno.nwb	13933720
sub-Banner/sub-Banner_ses-Banner-20220124_obj-104yevn.nwb	79392112
sub-Winnie/sub-Winnie_ses-Winnie-20220717_obj-i9xab9.nwb	2675232
sub-Yoshi/sub-Yoshi_ses-Yoshi-20220513_obj-8jqzzi.nwb	3351936
sub-Olive/sub-Olive_ses-Olive-20220711_obj-1nqbjch_behavior.nwb	27241832
sub-Yoshi/sub-Yoshi_ses-Yoshi-20220517_obj-q1jlmm.nwb	3587688
sub-Winnie/sub-Winnie_ses-Winnie-20220717_obj-kb7dg9.nwb	3015456
sub-Totoro/sub-Totoro_ses-Totoro-20220614_obj-lg1714_ecephys.nwb	318627660
sub-Bilbo/sub-Bilbo_ses-5_obj-iemns7_ecephys.nwb	5889888
sub-Yoshi/sub-Yoshi_ses-Yoshi-20220517_obj-avlsws.nwb	5987520
sub-Wallie/sub-Wallie_ses-Wallie-20220911_obj-v2r5cm_behavior.nwb	16926840
sub-Yoshi/sub-Yoshi_ses-Yoshi-20220517_obj-1d0eww8.nwb	4663152
sub-Frodo/sub-Frodo_ses-5_obj-1obegbb_ecephys.nwb	6239040
sub-Totoro/sub-Totoro_ses-Totoro-20220607_obj-jmfd84.nwb	3084768
sub-Totoro/sub-Totoro_ses-Totoro-20220607_obj-tkvws8_behavior.nwb	197215760
sub-Yoshi/sub-Yoshi_ses-Yoshi-20220513_obj-1fddx1l.nwb	2994144
sub-Wallie/sub-Wallie_ses-Wallie-20220922_obj-9q5pm8.nwb	4826384
sub-Olive/sub-Olive_ses-Olive-20220711_obj-i0vs6w.nwb	3908000
sub-Winnie/sub-Winnie_ses-Winnie-20220717_obj-1p2jj2p.nwb	3116448
sub-Wallie/sub-Wallie_ses-Wallie-20220922_obj-1nlts0a_behavior.nwb	16307960
sub-Frodo/sub-Frodo_ses-1_obj-1hxh2jy_ecephys.nwb	499074712
sub-Bilbo/sub-Bilbo_ses-2_obj-1meh2q4_ecephys.nwb	140579216
sub-Bilbo/sub-Bilbo_ses-5_obj-1oku2oq_ecephys.nwb	10445592
sub-Bilbo/sub-Bilbo_ses-3_behavior+ecephys+image.nwb	263574874376
sub-Olive/sub-Olive_ses-Olive-20220711_obj-a04nf4.nwb	52523876
sub-Olive/sub-Olive_ses-Olive-20220711_obj-14xs2nh.nwb	29869408
sub-Yoshi/sub-Yoshi_ses-Yoshi-20220518_obj-1twm3lx.nwb	7614720
sub-Winnie/sub-Winnie_ses-Winnie-20220719_obj-hudowm.nwb	182128512
sub-Yoshi/sub-Yoshi_ses-Yoshi-20220517_obj-ur9di4.nwb	50593312
sub-Wallie/sub-Wallie_ses-Wallie-20220922_obj-14mi4p1.nwb	23012800
sub-Olive/sub-Olive_ses-Olive-20220711_obj-1dp1dwk.nwb	12800160
sub-Frodo/sub-Frodo_ses-5_obj-1oklmfg_ecephys.nwb	10393712
sub-Bilbo/sub-Bilbo_ses-5_obj-mee1s6_ecephys.nwb	6853528
sub-Bilbo/sub-Bilbo_ses-6_obj-1wo0e8l_ecephys.nwb	7998248
sub-Olive/sub-Olive_ses-Olive-20220627_obj-1tx9n1y.nwb	59795012
sub-Banner/sub-Banner_ses-Banner-20220224_obj-gs25n2.nwb	31314882
sub-Winnie/sub-Winnie_ses-Winnie-20220719_obj-v1in1b.nwb	5564480
sub-Yoshi/sub-Yoshi_ses-Yoshi-20220518_obj-1uv19ir.nwb	3314752
sub-Yoshi/sub-Yoshi_ses-Yoshi-20220517_obj-d2mwby.nwb	196354348
sub-Totoro/sub-Totoro_ses-Totoro-20220607_obj-nwu0tg.nwb	2726720
sub-Yoshi/sub-Yoshi_ses-Yoshi-20220517_obj-1ox7ny1.nwb	2768192
sub-Olive/sub-Olive_ses-Olive-20220711_obj-2au5ja.nwb	1591776
sub-Winnie/sub-Winnie_ses-Winnie-20220719_obj-1lswfzc_behavior.nwb	26790302
sub-Winnie/sub-Winnie_ses-Winnie-20220719_obj-t2tkwk.nwb	3928232
sub-Frodo/sub-Frodo_ses-6_obj-zmql1r_ecephys.nwb	31742445
sub-Wallie/sub-Wallie_ses-Wallie-20220914_obj-cgzftm.nwb	124394704
sub-Yoshi/sub-Yoshi_ses-Yoshi-20220517_obj-18kpiww.nwb	4189200
sub-Bilbo/sub-Bilbo_ses-5_obj-nflizj_ecephys.nwb	7368752
sub-Wallie/sub-Wallie_ses-Wallie-20220922_obj-l2rmju.nwb	157195716
sub-Yoshi/sub-Yoshi_ses-Yoshi-20220518_obj-3c28o4.nwb	4863890
sub-Winnie/sub-Winnie_ses-Winnie-20220719_obj-1tw7oor_behavior.nwb	15515400
sub-Yoshi/sub-Yoshi_ses-Yoshi-20220517_obj-1fv7w2o.nwb	7636408
sub-Yoshi/sub-Yoshi_ses-Yoshi-20220518_obj-1ur68tv.nwb	2768192
sub-Wallie/sub-Wallie_ses-Wallie-20220922_obj-ci9rpf.nwb	1756280
sub-Totoro/sub-Totoro_ses-Totoro-20220617_obj-1xn1d3u.nwb	4373056
sub-Wallie/sub-Wallie_ses-Wallie-20220922_obj-1lpj5tu.nwb	1997508
sub-Frodo/sub-Frodo_ses-4_obj-9l45ft_ecephys.nwb	6882408
sub-Totoro/sub-Totoro_ses-Totoro-20220613_obj-l2cx4u_ecephys.nwb	133050164
sub-Yoshi/sub-Yoshi_ses-Yoshi-20220517_obj-vwmv14_ecephys.nwb	155297672
sub-Yoshi/sub-Yoshi_ses-Yoshi-20220518_obj-hubwxh.nwb	4460640
sub-Totoro/sub-Totoro_ses-Totoro-20220602_obj-68i5ko_behavior.nwb	19570208
sub-Totoro/sub-Totoro_ses-Totoro-20220607_obj-1jdz07e_behavior.nwb	26483584
sub-Totoro/sub-Totoro_ses-Totoro-20220614_obj-1gzdlv8.nwb	4101440
sub-Yoshi/sub-Yoshi_ses-Yoshi-20220510_obj-guyvyt_ecephys.nwb	48138080
sub-Totoro/sub-Totoro_ses-Totoro-20220607_obj-dhb5sm.nwb	5094200
sub-Winnie/sub-Winnie_ses-Winnie-20220719_obj-1t3pmoh_behavior.nwb	7051648
sub-Wallie/sub-Wallie_ses-Wallie-20220922_obj-14kkoli.nwb	3928792
sub-Yoshi/sub-Yoshi_ses-Yoshi-20220517_obj-uy894d.nwb	3275360
sub-Frodo/sub-Frodo_ses-5_obj-phczkn_ecephys.nwb	7700752
sub-Winnie/sub-Winnie_ses-Winnie-20220719_obj-1dtblux.nwb	378169892
sub-Frodo/sub-Frodo_ses-5_obj-1go65n5_ecephys.nwb	54738100
sub-Bilbo/sub-Bilbo_ses-5_obj-xpuh8w_ecephys.nwb	5147166
sub-Wallie/sub-Wallie_ses-Wallie-20220922_obj-19515kn.nwb	5761728
sub-Yoshi/sub-Yoshi_ses-Yoshi-20220509_obj-2asv7o_ecephys.nwb	30154088
sub-Wallie/sub-Wallie_ses-Wallie-20220922_obj-p1eof4.nwb	4118832
sub-Frodo/sub-Frodo_ses-5_obj-1odobeq_ecephys.nwb	32557552
sub-Totoro/sub-Totoro_ses-Totoro-20220613_obj-c3233x.nwb	12807408
sub-Winnie/sub-Winnie_ses-Winnie-20220717_obj-14711jh.nwb	2308560
sub-Yoshi/sub-Yoshi_ses-Yoshi-20220518_obj-1im32cw.nwb	6891664
sub-Olive/sub-Olive_ses-Olive-20220707_obj-gtdx7l_behavior.nwb	280430244
sub-Winnie/sub-Winnie_ses-Winnie-20220717_obj-im5v1i.nwb	3153312
sub-Yoshi/sub-Yoshi_ses-Yoshi-20220518_obj-1r131t2.nwb	341119084
sub-Winnie/sub-Winnie_ses-Winnie-20220719_obj-fvg9fi.nwb	4674560
sub-Frodo/sub-Frodo_ses-5_obj-1ek68wd_ecephys.nwb	9599056
sub-Bilbo/sub-Bilbo_ses-5_obj-1453urn_ecephys.nwb	6768360
sub-Frodo/sub-Frodo_ses-5_obj-otn4xs_ecephys.nwb	8888640
sub-Winnie/sub-Winnie_ses-Winnie-20220719_obj-1fk1hva.nwb	8883840
sub-Wallie/sub-Wallie_ses-Wallie-20220922_obj-16wzr2.nwb	2527728
sub-Yoshi/sub-Yoshi_ses-Yoshi-20220518_obj-mlsjxa.nwb	2390784
sub-Totoro/sub-Totoro_ses-Totoro-20220603_obj-qwlhxj_behavior.nwb	15619640
sub-Banner/sub-Banner_ses-Banner-20220224_obj-1dbjxsc_behavior.nwb	27711828
sub-Winnie/sub-Winnie_ses-Winnie-20220715_obj-9jxu11.nwb	31286168
sub-Winnie/sub-Winnie_ses-Winnie-20220720_obj-4qs5ks.nwb	3594360
sub-Wallie/sub-Wallie_ses-Wallie-20220922_obj-1lm1h43.nwb	6119496
sub-Totoro/sub-Totoro_ses-Totoro-20220614_obj-snod6z.nwb	2422168
sub-Wallie/sub-Wallie_ses-Wallie-20220922_obj-qky29l.nwb	25733816
sub-Bilbo/sub-Bilbo_ses-5_obj-1tlbxjj_behavior+ecephys.nwb	26406032
sub-Bilbo/sub-Bilbo_ses-5_obj-1eyq80h_behavior+ecephys.nwb	8306488
sub-Winnie/sub-Winnie_ses-Winnie-20220719_obj-1sav0vh.nwb	186547204
sub-Yoshi/sub-Yoshi_ses-Yoshi-20220518_obj-12lvklr.nwb	2790088
sub-Bilbo/sub-Bilbo_ses-5_obj-1tjg3k5_ecephys.nwb	8780736
sub-Frodo/sub-Frodo_ses-3_obj-p6r5sy_ecephys.nwb	93747484
sub-Olive/sub-Olive_ses-Olive-20220711_obj-1y8ishj.nwb	3114216
sub-Yoshi/sub-Yoshi_ses-Yoshi-20220517_obj-mhxc15.nwb	127450356
sub-Totoro/sub-Totoro_ses-Totoro-20220614_obj-9zijfc.nwb	1726048
sub-Olive/sub-Olive_ses-Olive-20220711_obj-wlfdqz.nwb	1730120
sub-Yoshi/sub-Yoshi_ses-Yoshi-20220517_obj-1lpeno7.nwb	95485320
sub-Yoshi/sub-Yoshi_ses-Yoshi-20220518_obj-1yfc0q.nwb	4392944
sub-Olive/sub-Olive_ses-Olive-20220707_obj-1u62i12.nwb	2393952
sub-Totoro/sub-Totoro_ses-Totoro-20220614_obj-14erlo5.nwb	3837440
sub-Bilbo/sub-Bilbo_ses-5_obj-cd64in_ecephys.nwb	6714160
sub-Yoshi/sub-Yoshi_ses-Yoshi-20220509_obj-9re3ux.nwb	3040448
sub-Wallie/sub-Wallie_ses-Wallie-20220922_obj-l1iyh.nwb	10996200
sub-Yoshi/sub-Yoshi_ses-Yoshi-20220518_obj-ipgtl1_ecephys.nwb	307982212
sub-Frodo/sub-Frodo_ses-5_obj-13me0q5_ecephys.nwb	6917197
sub-Yoshi/sub-Yoshi_ses-Yoshi-20220517_obj-judtgk_behavior.nwb	27169600
sub-Winnie/sub-Winnie_ses-Winnie-20220719_obj-1e8f2ek.nwb	2502816
sub-Yoshi/sub-Yoshi_ses-Yoshi-20220517_obj-1aolbrs_behavior.nwb	20995296
sub-Olive/sub-Olive_ses-Olive-20220628_obj-rv5eb.nwb	116476796
sub-Banner/sub-Banner_ses-Banner-20220224_obj-1n45xl8_behavior.nwb	27500452
sub-Yoshi/sub-Yoshi_ses-Yoshi-20220518_obj-1ti3wp2.nwb	3553344
sub-Yoshi/sub-Yoshi_ses-Yoshi-20220517_obj-jm99n1.nwb	123163708
sub-Bilbo/sub-Bilbo_ses-5_obj-1i4emdq_ecephys.nwb	3990880
sub-Frodo/sub-Frodo_ses-5_obj-1utmvhk_ecephys.nwb	20543644
sub-Yoshi/sub-Yoshi_ses-Yoshi-20220517_obj-fayg3y.nwb	2414640
sub-Yoshi/sub-Yoshi_ses-Yoshi-20220517_obj-10d1wkz.nwb	2768192
sub-Yoshi/sub-Yoshi_ses-Yoshi-20220518_obj-1ddkvhk.nwb	2076144
sub-Yoshi/sub-Yoshi_ses-Yoshi-20220510_obj-mzww26_behavior.nwb	131126560
sub-Frodo/sub-Frodo_ses-5_obj-147pv1u_behavior+ecephys.nwb	11443000
sub-Frodo/sub-Frodo_ses-2_behavior+ecephys+image.nwb	345229336699
sub-Frodo/sub-Frodo_ses-1_obj-jnjt4z_ecephys.nwb	570976900
sub-Yoshi/sub-Yoshi_ses-Yoshi-20220518_obj-d1o8g7.nwb	2063080
sub-Banner/sub-Banner_ses-Banner-20220225_obj-pp5g41_behavior.nwb	42012250
sub-Yoshi/sub-Yoshi_ses-Yoshi-20220518_obj-115f9n5_ecephys.nwb	162398896
sub-Wallie/sub-Wallie_ses-Wallie-20220922_obj-1e9zyx.nwb	3420424
sub-Frodo/sub-Frodo_ses-5_obj-13avu9a_behavior+ecephys.nwb	19490640
sub-Yoshi/sub-Yoshi_ses-Yoshi-20220518_obj-1d6o2a9.nwb	4571200
sub-Frodo/sub-Frodo_ses-4_obj-h4105s_ecephys.nwb	4386648
sub-Olive/sub-Olive_ses-Olive-20220707_obj-azyh1x.nwb	2770176
sub-Banner/sub-Banner_ses-Banner-20220224_obj-124ir84_behavior.nwb	31938360
sub-Bilbo/sub-Bilbo_ses-3_obj-1gl6gzx_ecephys.nwb	66012340
sub-Wallie/sub-Wallie_ses-Wallie-20220922_obj-1vwj406.nwb	3234880
sub-Winnie/sub-Winnie_ses-Winnie-20220719_obj-11f6je4_behavior.nwb	21044350
sub-Banner/sub-Banner_ses-Banner-20220224_obj-1c538r5.nwb	46219120
sub-Wallie/sub-Wallie_ses-Wallie-20220922_obj-1ywqucu.nwb	269633564
sub-Winnie/sub-Winnie_ses-Winnie-20220720_obj-lya8ls.nwb	4996712
sub-Yoshi/sub-Yoshi_ses-Yoshi-20220518_obj-1kmx4yu.nwb	1880280
sub-Bilbo/sub-Bilbo_ses-5_obj-14t6bjh_ecephys.nwb	7384752
sub-Bilbo/sub-Bilbo_ses-5_obj-1jle3n5_ecephys.nwb	5426688
sub-Yoshi/sub-Yoshi_ses-Yoshi-20220517_obj-alchcb.nwb	3344064
sub-Winnie/sub-Winnie_ses-Winnie-20220719_obj-1ft66l6_behavior.nwb	6782496
sub-Totoro/sub-Totoro_ses-Totoro-20220614_obj-e8gboo.nwb	4518576
sub-Winnie/sub-Winnie_ses-Winnie-20220719_obj-1wnldfw_ecephys.nwb	206992792
sub-Yoshi/sub-Yoshi_ses-Yoshi-20220517_obj-xj0lb9.nwb	16216440
sub-Yoshi/sub-Yoshi_ses-Yoshi-20220518_obj-1kcz7ok.nwb	33732680
sub-Yoshi/sub-Yoshi_ses-Yoshi-20220517_obj-14uvk2l.nwb	3151080
sub-Totoro/sub-Totoro_ses-Totoro-20220615_obj-voevdb.nwb	5594645
sub-Wallie/sub-Wallie_ses-Wallie-20220922_obj-fhkbpl.nwb	2890848
sub-Olive/sub-Olive_ses-Olive-20220707_obj-1y8h3nu.nwb	3589056
sub-Yoshi/sub-Yoshi_ses-Yoshi-20220513_obj-cof9rt_behavior.nwb	137012344
sub-Wallie/sub-Wallie_ses-Wallie-20220922_obj-rqp8me.nwb	181887244
sub-Banner/sub-Banner_ses-Banner-20220215_obj-102jsf1.nwb	71274464
sub-Yoshi/sub-Yoshi_ses-Yoshi-20220518_obj-1k3n125.nwb	6512480
sub-Olive/sub-Olive_ses-Olive-20220711_obj-1kmpm3c.nwb	3806264
sub-Bilbo/sub-Bilbo_ses-5_obj-1oyyocw_ecephys.nwb	5287912
sub-Wallie/sub-Wallie_ses-Wallie-20220922_obj-d208da_ecephys.nwb	299015808
sub-Wallie/sub-Wallie_ses-Wallie-20220912_obj-1jev72d_ecephys.nwb	262176788
sub-Yoshi/sub-Yoshi_ses-Yoshi-20220518_obj-4pq4dv.nwb	2099080
sub-Wallie/sub-Wallie_ses-Wallie-20220922_obj-rtaklp.nwb	2810048
sub-Yoshi/sub-Yoshi_ses-Yoshi-20220518_obj-11u7ri8.nwb	3070912
sub-Totoro/sub-Totoro_ses-Totoro-20220614_obj-1mbom7w.nwb	3438912
sub-Winnie/sub-Winnie_ses-Winnie-20220719_obj-zbj6q_behavior.nwb	27270912
sub-Yoshi/sub-Yoshi_ses-Yoshi-20220517_obj-sncbhz.nwb	32031591
sub-Winnie/sub-Winnie_ses-Winnie-20220719_obj-1xaitlr.nwb	2922432
sub-Winnie/sub-Winnie_ses-Winnie-20220715_obj-13fzd4p_behavior.nwb	279771536
sub-Frodo/sub-Frodo_ses-5_obj-112m8lp_ecephys.nwb	5240344
sub-Winnie/sub-Winnie_ses-Winnie-20220719_obj-6syhct_ecephys.nwb	213052752
sub-Yoshi/sub-Yoshi_ses-Yoshi-20220518_obj-kg84j6.nwb	5720896
sub-Olive/sub-Olive_ses-Olive-20220711_obj-1om7y9e.nwb	3460240
sub-Yoshi/sub-Yoshi_ses-Yoshi-20220518_obj-f6emvx.nwb	3940096
sub-Yoshi/sub-Yoshi_ses-Yoshi-20220518_obj-1yasf5k.nwb	6420208
sub-Olive/sub-Olive_ses-Olive-20220711_obj-185tol1_behavior.nwb	16040840
sub-Yoshi/sub-Yoshi_ses-Yoshi-20220510_obj-1d49va0.nwb	122586520
sub-Banner/sub-Banner_ses-Banner-20220216_obj-fdpcm9_behavior.nwb	27845876
sub-Wallie/sub-Wallie_ses-Wallie-20220914_obj-1imvqi8.nwb	3275136
sub-Yoshi/sub-Yoshi_ses-Yoshi-20220518_obj-17ux0z7.nwb	3848664372
sub-Olive/sub-Olive_ses-Olive-20220627_obj-elgdw8.nwb	182952040
sub-Wallie/sub-Wallie_ses-Wallie-20220914_obj-o3v6u4.nwb	4440968
sub-Yoshi/sub-Yoshi_ses-Yoshi-20220518_obj-1bdu9tb.nwb	108570752
sub-Winnie/sub-Winnie_ses-Winnie-20220717_obj-13fmrqv.nwb	4501536
sub-Wallie/sub-Wallie_ses-Wallie-20220922_obj-1uu4616_behavior.nwb	12781198
sub-Frodo/sub-Frodo_ses-5_obj-1ejza1v_ecephys.nwb	6862944
sub-Yoshi/sub-Yoshi_ses-Yoshi-20220518_obj-10vxzxf.nwb	57058580
sub-Yoshi/sub-Yoshi_ses-Yoshi-20220513_obj-46c9hb.nwb	4811392
sub-Totoro/sub-Totoro_ses-Totoro-20220614_obj-u0hhfp.nwb	1900760
sub-Yoshi/sub-Yoshi_ses-Yoshi-20220517_obj-tyannf_behavior.nwb	13568120
sub-Yoshi/sub-Yoshi_ses-Yoshi-20220517_obj-1w8vxwn.nwb	1730120
sub-Wallie/sub-Wallie_ses-Wallie-20220912_obj-16jff8y.nwb	119569204
sub-Yoshi/sub-Yoshi_ses-Yoshi-20220517_obj-ebccku_behavior.nwb	159367432
sub-Yoshi/sub-Yoshi_ses-Yoshi-20220518_obj-1mnrj6f.nwb	14210456
sub-Yoshi/sub-Yoshi_ses-Yoshi-20220510_obj-hwhzc3_ecephys.nwb	78425364
sub-Totoro/sub-Totoro_ses-Totoro-20220607_obj-opeaoo.nwb	1907552
sub-Winnie/sub-Winnie_ses-Winnie-20220717_obj-16rmtqn.nwb	5257128
sub-Wallie/sub-Wallie_ses-Wallie-20220922_obj-118jb0n_ecephys.nwb	267108090
sub-Frodo/sub-Frodo_ses-5_obj-9bjbjf_ecephys.nwb	5431888
sub-Wallie/sub-Wallie_ses-Wallie-20220922_obj-qw6xk5.nwb	3011136
sub-Olive/sub-Olive_ses-Olive-20220711_obj-uhugdt.nwb	1384096
sub-Yoshi/sub-Yoshi_ses-Yoshi-20220517_obj-1nh7gbx_ecephys.nwb	355198884
sub-Totoro/sub-Totoro_ses-Totoro-20220614_obj-78axj4.nwb	75983764
sub-Wallie/sub-Wallie_ses-Wallie-20220912_obj-1isz96l_behavior.nwb	27575736
sub-Totoro/sub-Totoro_ses-Totoro-20220614_obj-1w8e6qt.nwb	5162760
sub-Banner/sub-Banner_ses-Banner-20220225_obj-vx3il8_behavior.nwb	113811272
sub-Yoshi/sub-Yoshi_ses-Yoshi-20220518_obj-czdzog.nwb	38053989
sub-Wallie/sub-Wallie_ses-Wallie-20220914_obj-3lqb21.nwb	3772872
sub-Winnie/sub-Winnie_ses-Winnie-20220719_obj-120q8s0_behavior.nwb	20058544
sub-Olive/sub-Olive_ses-Olive-20220707_obj-1t5arqv.nwb	2770176
sub-Frodo/sub-Frodo_ses-6_obj-ci9hpl_ecephys.nwb	9637144
sub-Winnie/sub-Winnie_ses-Winnie-20220719_obj-1wpx7za.nwb	445506616
sub-Bilbo/sub-Bilbo_ses-5_obj-vgzof_ecephys.nwb	5622684
sub-Totoro/sub-Totoro_ses-Totoro-20220614_obj-1iikunb_ecephys.nwb	246846888
sub-Frodo/sub-Frodo_ses-5_obj-1bp864c_ecephys.nwb	11559720
sub-Frodo/sub-Frodo_ses-5_obj-asy704_ecephys.nwb	6011208
sub-Wallie/sub-Wallie_ses-Wallie-20220914_obj-1jejn6f.nwb	95659096
sub-Winnie/sub-Winnie_ses-Winnie-20220719_obj-mhkc84.nwb	5505408
sub-Yoshi/sub-Yoshi_ses-Yoshi-20220518_obj-sp4fa8.nwb	3090880
sub-Yoshi/sub-Yoshi_ses-Yoshi-20220517_obj-139q4jc.nwb	3222080
sub-Frodo/sub-Frodo_ses-1_obj-212b30_ecephys.nwb	505564880
sub-Olive/sub-Olive_ses-Olive-20220711_obj-bvsd3z.nwb	3472704
sub-Frodo/sub-Frodo_ses-2_obj-1jxgzqv_ecephys.nwb	130718792
sub-Wallie/sub-Wallie_ses-Wallie-20220914_obj-18drh9l.nwb	3158712
sub-Yoshi/sub-Yoshi_ses-Yoshi-20220510_obj-1ij968y_ecephys.nwb	34603648
sub-Totoro/sub-Totoro_ses-Totoro-20220614_obj-180y7lc.nwb	2661064
sub-Totoro/sub-Totoro_ses-Totoro-20220614_obj-1oqwx3.nwb	5551050
sub-Totoro/sub-Totoro_ses-Totoro-20220614_obj-pj4e1q.nwb	2768192
sub-Frodo/sub-Frodo_ses-4_behavior+ecephys+image.nwb	516025620988
sub-Yoshi/sub-Yoshi_ses-Yoshi-20220517_obj-1msyfbh.nwb	2768192
sub-Bilbo/sub-Bilbo_ses-5_obj-xr8fay_ecephys.nwb	6662088
sub-Bilbo/sub-Bilbo_ses-5_obj-14sk52n_ecephys.nwb	7678467
sub-Frodo/sub-Frodo_ses-4_obj-1dfch9d_ecephys.nwb	3759984
sub-Yoshi/sub-Yoshi_ses-Yoshi-20220510_obj-1t8tdey_behavior.nwb	187575280
sub-Olive/sub-Olive_ses-Olive-20220711_obj-14xpohk.nwb	4392576
sub-Bilbo/sub-Bilbo_ses-5_obj-1g5snwn_ecephys.nwb	6916736
sub-Winnie/sub-Winnie_ses-Winnie-20220719_obj-13ftj4n.nwb	3087104
sub-Wallie/sub-Wallie_ses-Wallie-20220922_obj-1clo5w6.nwb	2458792
sub-Totoro/sub-Totoro_ses-Totoro-20220614_obj-1mgjam4.nwb	110029952
sub-Wallie/sub-Wallie_ses-Wallie-20220922_obj-h1gzgi_behavior.nwb	17877976
sub-Winnie/sub-Winnie_ses-Winnie-20220717_obj-eqibke.nwb	5672064
sub-Olive/sub-Olive_ses-Olive-20220711_obj-bxt62m.nwb	3083776
sub-Totoro/sub-Totoro_ses-Totoro-20220614_obj-1dbjlyn.nwb	2542704
sub-Totoro/sub-Totoro_ses-Totoro-20220616_obj-1buhzhk.nwb	3838000
sub-Bilbo/sub-Bilbo_ses-5_obj-l8wym2_ecephys.nwb	54998860
sub-Wallie/sub-Wallie_ses-Wallie-20220922_obj-1tj0bu8.nwb	2730896
sub-Yoshi/sub-Yoshi_ses-Yoshi-20220509_obj-uic4li.nwb	1520224
sub-Frodo/sub-Frodo_ses-3_obj-1iyw94f_ecephys.nwb	10537504
sub-Yoshi/sub-Yoshi_ses-Yoshi-20220517_obj-ethls2.nwb	9227440
sub-Winnie/sub-Winnie_ses-Winnie-20220720_obj-17cqma2.nwb	5015060
sub-Totoro/sub-Totoro_ses-Totoro-20220613_obj-9butuj_ecephys.nwb	349224472
sub-Wallie/sub-Wallie_ses-Wallie-20220922_obj-p4ez4j_behavior.nwb	5667202
sub-Olive/sub-Olive_ses-Olive-20220711_obj-5hv1jx.nwb	57440872
sub-Frodo/sub-Frodo_ses-5_obj-rd603z_ecephys.nwb	12752688
sub-Bilbo/sub-Bilbo_ses-2_behavior+ecephys+image.nwb	325592349124
sub-Banner/sub-Banner_ses-Banner-20220215_obj-14fwgas_behavior.nwb	26411128
sub-Yoshi/sub-Yoshi_ses-Yoshi-20220513_obj-1n0p3ju.nwb	1385088
sub-Yoshi/sub-Yoshi_ses-Yoshi-20220518_obj-1kbb9ou.nwb	2505744
sub-Wallie/sub-Wallie_ses-Wallie-20220911_obj-2pwugi_behavior.nwb	165368124
sub-Wallie/sub-Wallie_ses-Wallie-20220922_obj-18xs2uz_behavior.nwb	8297002
sub-Yoshi/sub-Yoshi_ses-Yoshi-20220518_obj-icuck3_ecephys.nwb	375679164
sub-Totoro/sub-Totoro_ses-Totoro-20220614_obj-1hoiexb.nwb	5591470
sub-Winnie/sub-Winnie_ses-Winnie-20220719_obj-ianipl.nwb	4442040
sub-Winnie/sub-Winnie_ses-Winnie-20220719_obj-12t57l3.nwb	3908376
sub-Olive/sub-Olive_ses-Olive-20220711_obj-mgi1u1.nwb	2100720
sub-Yoshi/sub-Yoshi_ses-Yoshi-20220517_obj-16qv85t.nwb	5448096
sub-Totoro/sub-Totoro_ses-Totoro-20220531_obj-1r3g22s_behavior.nwb	206107456
sub-Yoshi/sub-Yoshi_ses-Yoshi-20220517_obj-1mlufa1.nwb	4079280
sub-Olive/sub-Olive_ses-Olive-20220627_obj-x3fh7i.nwb	58319516
sub-Wallie/sub-Wallie_ses-Wallie-20220922_obj-1jtwmie.nwb	2784488
sub-Olive/sub-Olive_ses-Olive-20220711_obj-2hp3si.nwb	17060224
sub-Totoro/sub-Totoro_ses-Totoro-20220614_obj-1b20ube.nwb	3460240
sub-Yoshi/sub-Yoshi_ses-Yoshi-20220509_obj-1essfd4_ecephys.nwb	308118596
sub-Yoshi/sub-Yoshi_ses-Yoshi-20220513_obj-44igy1.nwb	107133544
sub-Wallie/sub-Wallie_ses-Wallie-20220922_obj-162ifbg_behavior.nwb	218607804
sub-Yoshi/sub-Yoshi_ses-Yoshi-20220518_obj-1ax5pju.nwb	15558272
sub-Banner/sub-Banner_ses-Banner-20220216_obj-14ce1k6_ecephys.nwb	230008964
sub-Totoro/sub-Totoro_ses-Totoro-20220607_obj-8iuuuk.nwb	4840080
sub-Winnie/sub-Winnie_ses-Winnie-20220717_obj-zeac1x.nwb	3116448
sub-Totoro/sub-Totoro_ses-Totoro-20220617_obj-hnpxi5.nwb	30164124
sub-Banner/sub-Banner_ses-Banner-20220224_obj-1j6ilrg.nwb	122208768
sub-Yoshi/sub-Yoshi_ses-Yoshi-20220513_obj-1mtjm9d.nwb	3116448
sub-Wallie/sub-Wallie_ses-Wallie-20220912_behavior+ecephys+image.nwb	714035511108
sub-Wallie/sub-Wallie_ses-Wallie-20220922_obj-jygdf0.nwb	2107536
sub-Yoshi/sub-Yoshi_ses-Yoshi-20220517_obj-1ds74i4.nwb	2257104
sub-Bilbo/sub-Bilbo_ses-5_obj-uqzhd2_ecephys.nwb	12309600
sub-Frodo/sub-Frodo_ses-5_obj-ss97hq_ecephys.nwb	5089536
sub-Yoshi/sub-Yoshi_ses-Yoshi-20220517_obj-1bt9qsa_behavior.nwb	1839000
sub-Yoshi/sub-Yoshi_ses-Yoshi-20220517_obj-123qowk.nwb	2422168
sub-Banner/sub-Banner_ses-Banner-20220224_obj-13dbfuu.nwb	9588736
sub-Frodo/sub-Frodo_ses-5_obj-1rvgp11_behavior+ecephys.nwb	9081932
sub-Yoshi/sub-Yoshi_ses-Yoshi-20220518_obj-u0o4ea.nwb	2704912
sub-Frodo/sub-Frodo_ses-4_obj-1q5xqri_ecephys.nwb	39958720
sub-Wallie/sub-Wallie_ses-Wallie-20220922_obj-wioydu.nwb	3116736
sub-Yoshi/sub-Yoshi_ses-Yoshi-20220518_obj-2dg3pw.nwb	47260328
sub-Odins/sub-Odins_ses-Odins-20220124_obj-1w6wtgc_behavior.nwb	145417388
sub-Totoro/sub-Totoro_ses-Totoro-20220607_obj-14kixvm.nwb	6895808
sub-Bilbo/sub-Bilbo_ses-5_obj-1nxulxc_ecephys.nwb	6697920
sub-Totoro/sub-Totoro_ses-Totoro-20220614_obj-1mjddul.nwb	3384504
sub-Yoshi/sub-Yoshi_ses-Yoshi-20220510_obj-15wfs38.nwb	85903344
sub-Winnie/sub-Winnie_ses-Winnie-20220719_obj-1ek792j.nwb	5454648
sub-Frodo/sub-Frodo_ses-5_obj-i3gdq9_ecephys.nwb	5515272
sub-Yoshi/sub-Yoshi_ses-Yoshi-20220518_obj-11nupz0.nwb	2076144
sub-Winnie/sub-Winnie_ses-Winnie-20220714_obj-9vjn5g.nwb	138376416
sub-Winnie/sub-Winnie_ses-Winnie-20220715_obj-mqhzvg_ecephys.nwb	190885144
sub-Banner/sub-Banner_ses-Banner-20220224_obj-3y4dcx.nwb	6302628
sub-Banner/sub-Banner_ses-Banner-20220225_obj-vx3o4.nwb	5719446
sub-Yoshi/sub-Yoshi_ses-Yoshi-20220517_obj-19rs5rn.nwb	3806264
sub-Totoro/sub-Totoro_ses-Totoro-20220617_obj-11ncd75.nwb	48986208
sub-Frodo/sub-Frodo_ses-5_obj-h40bjd_ecephys.nwb	117067204
sub-Wallie/sub-Wallie_ses-Wallie-20220922_obj-1q7x5gq.nwb	2532720
sub-Frodo/sub-Frodo_ses-5_obj-1g5bg1y_ecephys.nwb	176458026
sub-Yoshi/sub-Yoshi_ses-Yoshi-20220518_obj-k085t7.nwb	84320728
sub-Yoshi/sub-Yoshi_ses-Yoshi-20220517_obj-11606xy_behavior.nwb	16282100
sub-Wallie/sub-Wallie_ses-Wallie-20220922_obj-rhzq7z_behavior.nwb	16381764
sub-Olive/sub-Olive_ses-Olive-20220628_obj-bna5bf.nwb	2430576
sub-Yoshi/sub-Yoshi_ses-Yoshi-20220518_obj-1ky3t71.nwb	168755928
sub-Yoshi/sub-Yoshi_ses-Yoshi-20220518_obj-kiuuso.nwb	2797928
sub-Yoshi/sub-Yoshi_ses-Yoshi-20220518_obj-1l3kq9f.nwb	3748896
sub-Yoshi/sub-Yoshi_ses-Yoshi-20220518_obj-gtjwke.nwb	3114216
sub-Bilbo/sub-Bilbo_ses-5_obj-1xwkjan_ecephys.nwb	6189520
sub-Olive/sub-Olive_ses-Olive-20220711_obj-8ef6kk.nwb	5560688
sub-Winnie/sub-Winnie_ses-Winnie-20220719_obj-17jywqa.nwb	4393312
sub-Frodo/sub-Frodo_ses-4_obj-oi17x8_ecephys.nwb	5013312
sub-Winnie/sub-Winnie_ses-Winnie-20220719_obj-12uaoiv.nwb	7180247
sub-Bilbo/sub-Bilbo_ses-5_obj-1432sxo_ecephys.nwb	15310121
sub-Bilbo/sub-Bilbo_ses-5_obj-78v3g7_behavior+ecephys.nwb	5574520
sub-Olive/sub-Olive_ses-Olive-20220628_obj-b37gvi_ecephys.nwb	296358252
sub-Totoro/sub-Totoro_ses-Totoro-20220614_obj-1bge1px.nwb	1873880
sub-Wallie/sub-Wallie_ses-Wallie-20220922_obj-haqbvv.nwb	2315856
sub-Frodo/sub-Frodo_ses-5_obj-14h87cz_ecephys.nwb	26045676
sub-Olive/sub-Olive_ses-Olive-20220711_obj-1cyrkk2.nwb	77233616
sub-Wallie/sub-Wallie_ses-Wallie-20220922_obj-3ne3ly.nwb	7249792
sub-Winnie/sub-Winnie_ses-Winnie-20220717_obj-wke04b.nwb	3122944
sub-Totoro/sub-Totoro_ses-Totoro-20220614_obj-1uq4y0g.nwb	40273568
sub-Olive/sub-Olive_ses-Olive-20220628_obj-lytu4b_ecephys.nwb	182427256
sub-Frodo/sub-Frodo_ses-2_obj-2jif2g_ecephys.nwb	104712268
sub-Totoro/sub-Totoro_ses-Totoro-20220613_obj-1niuv1h.nwb	4654684
sub-Winnie/sub-Winnie_ses-Winnie-20220719_obj-1j6wftn.nwb	4240687
sub-Olive/sub-Olive_ses-Olive-20220711_obj-izjc56.nwb	6516886
sub-Yoshi/sub-Yoshi_ses-Yoshi-20220518_obj-1mbdruo.nwb	1589056
sub-Wallie/sub-Wallie_ses-Wallie-20220922_obj-1sieeca.nwb	1978520
sub-Banner/sub-Banner_ses-Banner-20220216_obj-19mnw2e_behavior.nwb	118365988
sub-Bilbo/sub-Bilbo_ses-5_obj-1dsh9hh_ecephys.nwb	40443350
sub-Yoshi/sub-Yoshi_ses-Yoshi-20220517_obj-1flqeun.nwb	2076144
sub-Totoro/sub-Totoro_ses-Totoro-20220613_obj-3nw51e_ecephys.nwb	95049476
sub-Winnie/sub-Winnie_ses-Winnie-20220714_obj-s95k4u.nwb	144590692
sub-Totoro/sub-Totoro_ses-Totoro-20220614_obj-h7df4v_behavior.nwb	16414960
sub-Winnie/sub-Winnie_ses-Winnie-20220715_obj-e2q7ov.nwb	3336640
sub-Wallie/sub-Wallie_ses-Wallie-20220922_obj-yw389k.nwb	149766252
sub-Yoshi/sub-Yoshi_ses-Yoshi-20220518_obj-1ezg7g7.nwb	1750600
sub-Odins/sub-Odins_ses-Odins-20220123_obj-15ek174_behavior.nwb	122507316
sub-Winnie/sub-Winnie_ses-Winnie-20220719_obj-80mz3n.nwb	3988560
sub-Frodo/sub-Frodo_ses-5_obj-1najpfh_ecephys.nwb	13437304
sub-Bilbo/sub-Bilbo_ses-5_obj-1awaml3_ecephys.nwb	6339440
sub-Frodo/sub-Frodo_ses-5_obj-ezn0u9_ecephys.nwb	6862944
sub-Bilbo/sub-Bilbo_ses-2_obj-326ogk_ecephys.nwb	75411100
sub-Yoshi/sub-Yoshi_ses-Yoshi-20220518_obj-11qcw0b.nwb	187740072
sub-Winnie/sub-Winnie_ses-Winnie-20220717_obj-1gn8jfz.nwb	3139136
sub-Bilbo/sub-Bilbo_ses-5_obj-11opdyz_ecephys.nwb	114356788
sub-Winnie/sub-Winnie_ses-Winnie-20220719_obj-1jzeayj.nwb	4030956
sub-Yoshi/sub-Yoshi_ses-Yoshi-20220517_obj-ksi1ko.nwb	4547968
sub-Olive/sub-Olive_ses-Olive-20220629_obj-aj55fw.nwb	59754312
sub-Olive/sub-Olive_ses-Olive-20220711_obj-1qa3xmp.nwb	1925920
sub-Frodo/sub-Frodo_ses-4_obj-mb8j4m_ecephys.nwb	5468960
sub-Yoshi/sub-Yoshi_ses-Yoshi-20220517_obj-f27eru.nwb	8189072
sub-Winnie/sub-Winnie_ses-Winnie-20220717_obj-12sakb2.nwb	3462720
sub-Yoshi/sub-Yoshi_ses-Yoshi-20220517_obj-1wucjhf.nwb	4101840
sub-Bilbo/sub-Bilbo_ses-5_obj-8t6slc_ecephys.nwb	6562112
sub-Yoshi/sub-Yoshi_ses-Yoshi-20220518_obj-c5fxwb.nwb	2704576
sub-Odins/sub-Odins_ses-Odins-20220216_obj-z5suva.nwb	81381528
sub-Olive/sub-Olive_ses-Olive-20220711_obj-1wlk9ef.nwb	64393212
sub-Yoshi/sub-Yoshi_ses-Yoshi-20220517_obj-1514bsz.nwb	5621776
sub-Yoshi/sub-Yoshi_ses-Yoshi-20220517_obj-1g9l7mo.nwb	3036264
sub-Bilbo/sub-Bilbo_ses-5_obj-ffrmvm_ecephys.nwb	72475276
sub-Wallie/sub-Wallie_ses-Wallie-20220914_obj-68vrcq.nwb	75357600
sub-Winnie/sub-Winnie_ses-Winnie-20220719_obj-qdxlrz.nwb	8825792
sub-Winnie/sub-Winnie_ses-Winnie-20220720_obj-jn4lwo.nwb	6085286
sub-Olive/sub-Olive_ses-Olive-20220711_obj-1ng7kiv.nwb	27964506
sub-Odins/sub-Odins_ses-Odins-20220124_behavior+ecephys+image.nwb	23175975900
sub-Wallie/sub-Wallie_ses-Wallie-20220922_obj-n8fur5.nwb	2474840
sub-Frodo/sub-Frodo_ses-5_obj-s0lfg1_ecephys.nwb	6862944
sub-Totoro/sub-Totoro_ses-Totoro-20220607_obj-1ej27rg_ecephys.nwb	142270596
sub-Frodo/sub-Frodo_ses-3_obj-qgchjo_ecephys.nwb	53548384
sub-Winnie/sub-Winnie_ses-Winnie-20220715_obj-nw4oma.nwb	80548968
sub-Yoshi/sub-Yoshi_ses-Yoshi-20220518_obj-1bsaqy5.nwb	2893968
sub-Yoshi/sub-Yoshi_ses-Yoshi-20220518_obj-1qhqswj.nwb	2617824
sub-Frodo/sub-Frodo_ses-5_obj-1rkq49x_ecephys.nwb	16124096
sub-Yoshi/sub-Yoshi_ses-Yoshi-20220517_obj-aa5rup.nwb	5959630
sub-Winnie/sub-Winnie_ses-Winnie-20220719_obj-26gzqi.nwb	17845786028
sub-Wallie/sub-Wallie_ses-Wallie-20220922_obj-1hj4x5w.nwb	3161304
sub-Yoshi/sub-Yoshi_ses-Yoshi-20220518_obj-1fj8qkp_ecephys.nwb	79800920
sub-Totoro/sub-Totoro_ses-Totoro-20220614_obj-1ft0xq5.nwb	3460240
sub-Totoro/sub-Totoro_ses-Totoro-20220614_obj-7rze8u.nwb	3193152
sub-Wallie/sub-Wallie_ses-Wallie-20220922_obj-13xv3vg.nwb	5051120
sub-Wallie/sub-Wallie_ses-Wallie-20220914_obj-mn53w4.nwb	2067400
sub-Yoshi/sub-Yoshi_ses-Yoshi-20220518_obj-1e1zsjx_ecephys.nwb	170693488
sub-Winnie/sub-Winnie_ses-Winnie-20220719_obj-1ddav00.nwb	3214008
sub-Totoro/sub-Totoro_ses-Totoro-20220614_obj-pfbaz3.nwb	3192704
sub-Bilbo/sub-Bilbo_ses-5_obj-d9tbap_ecephys.nwb	6651840
sub-Banner/sub-Banner_ses-Banner-20220225_obj-1joi2u2_behavior.nwb	18302156
sub-Banner/sub-Banner_ses-Banner-20220225_obj-xi95dp.nwb	4082928
sub-Wallie/sub-Wallie_ses-Wallie-20220914_obj-1x8czux_behavior.nwb	15662640
sub-Bilbo/sub-Bilbo_ses-2_obj-1mbj5y0_ecephys.nwb	4349472
sub-Totoro/sub-Totoro_ses-Totoro-20220607_obj-14sotro.nwb	3219664
sub-Olive/sub-Olive_ses-Olive-20220711_obj-u5viod.nwb	4136616
sub-Winnie/sub-Winnie_ses-Winnie-20220719_obj-1w5gf23.nwb	4130336
sub-Yoshi/sub-Yoshi_ses-Yoshi-20220517_obj-1b7yfz6.nwb	20250672
sub-Winnie/sub-Winnie_ses-Winnie-20220714_obj-lnmk33_ecephys.nwb	300567564
sub-Frodo/sub-Frodo_ses-5_obj-4u5i6t_ecephys.nwb	6532200
sub-Frodo/sub-Frodo_ses-2_obj-7kvs36_ecephys.nwb	79282716
sub-Yoshi/sub-Yoshi_ses-Yoshi-20220518_obj-1bmlicb.nwb	2076144
sub-Totoro/sub-Totoro_ses-Totoro-20220615_obj-6d71i2.nwb	3997832
sub-Frodo/sub-Frodo_ses-5_obj-13pnxs7_ecephys.nwb	8014808
sub-Totoro/sub-Totoro_ses-Totoro-20220613_obj-12wudlk_ecephys.nwb	31414056
sub-Yoshi/sub-Yoshi_ses-Yoshi-20220509_obj-bqdog.nwb	24912636
sub-Frodo/sub-Frodo_ses-5_obj-1aljlhd_ecephys.nwb	8710595
sub-Frodo/sub-Frodo_ses-5_obj-1rjww1g_ecephys.nwb	9733328
sub-Frodo/sub-Frodo_ses-5_obj-1wxs074_ecephys.nwb	7368816
sub-Yoshi/sub-Yoshi_ses-Yoshi-20220517_obj-13it2gc.nwb	5159808
sub-Wallie/sub-Wallie_ses-Wallie-20220922_obj-igl8j8.nwb	90793884
sub-Yoshi/sub-Yoshi_ses-Yoshi-20220518_obj-j8ai8f.nwb	3690760
sub-Yoshi/sub-Yoshi_ses-Yoshi-20220518_obj-bajrv3.nwb	2422168
sub-Olive/sub-Olive_ses-Olive-20220711_obj-awdwm.nwb	2765808
sub-Wallie/sub-Wallie_ses-Wallie-20220912_obj-1u3vbe6_ecephys.nwb	300107460
sub-Frodo/sub-Frodo_ses-5_obj-1df6f1s_behavior+ecephys.nwb	18019136
sub-Olive/sub-Olive_ses-Olive-20220711_obj-1vr9dig.nwb	105846824
sub-Yoshi/sub-Yoshi_ses-Yoshi-20220517_obj-14967rj.nwb	97698316
sub-Olive/sub-Olive_ses-Olive-20220707_obj-hrqdi6.nwb	108702928
sub-Yoshi/sub-Yoshi_ses-Yoshi-20220517_obj-14kr174_ecephys.nwb	202031740
sub-Yoshi/sub-Yoshi_ses-Yoshi-20220513_obj-1ye5spe_ecephys.nwb	448014916
sub-Yoshi/sub-Yoshi_ses-Yoshi-20220518_obj-1pd73gp.nwb	2879560
sub-Totoro/sub-Totoro_ses-Totoro-20220614_obj-y9jkgp_ecephys.nwb	299438992
sub-Bilbo/sub-Bilbo_ses-3_obj-1hdmxed_behavior+ecephys.nwb	118565104
sub-Totoro/sub-Totoro_ses-Totoro-20220617_obj-n63htw.nwb	3555390
sub-Wallie/sub-Wallie_ses-Wallie-20220922_obj-1uztafu_behavior.nwb	18569664
sub-Wallie/sub-Wallie_ses-Wallie-20220922_obj-11fvuw3.nwb	4680949
sub-Winnie/sub-Winnie_ses-Winnie-20220719_obj-1h4djqj.nwb	3955920
sub-Totoro/sub-Totoro_ses-Totoro-20220616_obj-2zjl1p.nwb	3878960
sub-Totoro/sub-Totoro_ses-Totoro-20220607_obj-l15ohg.nwb	110155496
sub-Frodo/sub-Frodo_ses-4_obj-lo3hyd_ecephys.nwb	7364480
sub-Wallie/sub-Wallie_ses-Wallie-20220922_obj-16in94j.nwb	139184428
sub-Olive/sub-Olive_ses-Olive-20220711_obj-1m7e9av.nwb	7623160
sub-Yoshi/sub-Yoshi_ses-Yoshi-20220517_obj-1tnravt.nwb	6491412
sub-Olive/sub-Olive_ses-Olive-20220711_obj-hj3yid.nwb	2768192
sub-Wallie/sub-Wallie_ses-Wallie-20220916_behavior+ecephys+image.nwb	205912668554
sub-Yoshi/sub-Yoshi_ses-Yoshi-20220518_obj-1w7puag.nwb	2743552
sub-Olive/sub-Olive_ses-Olive-20220711_obj-1e01k98.nwb	3233792
sub-Winnie/sub-Winnie_ses-Winnie-20220719_obj-1dmu66w.nwb	3405600
sub-Yoshi/sub-Yoshi_ses-Yoshi-20220517_obj-13av2ff.nwb	17864528
sub-Yoshi/sub-Yoshi_ses-Yoshi-20220518_obj-1kdn9pr_behavior.nwb	24037120
sub-Totoro/sub-Totoro_ses-Totoro-20220607_obj-1dhx7nx.nwb	4618080
sub-Bilbo/sub-Bilbo_ses-5_obj-11fzegx_ecephys.nwb	10441704
sub-Frodo/sub-Frodo_ses-5_obj-1yhqnr0_behavior+ecephys.nwb	21822960
sub-Frodo/sub-Frodo_ses-1_obj-1440dfn_ecephys.nwb	288895108
sub-Olive/sub-Olive_ses-Olive-20220628_behavior+ecephys+image.nwb	167451407476
sub-Winnie/sub-Winnie_ses-Winnie-20220715_obj-fle943.nwb	3340096
sub-Wallie/sub-Wallie_ses-Wallie-20220922_obj-1qx7hyz.nwb	9093960
sub-Totoro/sub-Totoro_ses-Totoro-20220614_obj-1cn15jr.nwb	4249868
sub-Wallie/sub-Wallie_ses-Wallie-20220914_obj-b8izp2.nwb	3417408
sub-Wallie/sub-Wallie_ses-Wallie-20220914_obj-pewp6k.nwb	4670904
sub-Yoshi/sub-Yoshi_ses-Yoshi-20220517_obj-cybfrg_behavior.nwb	16300160
sub-Frodo/sub-Frodo_ses-5_obj-15xunuc_ecephys.nwb	3607560
sub-Olive/sub-Olive_ses-Olive-20220711_obj-uiark.nwb	2422168
sub-Totoro/sub-Totoro_ses-Totoro-20220614_obj-299onr.nwb	4951312
sub-Yoshi/sub-Yoshi_ses-Yoshi-20220517_obj-1axodu2.nwb	5582730
sub-Frodo/sub-Frodo_ses-5_obj-1wtoh0o_ecephys.nwb	64128976
sub-Wallie/sub-Wallie_ses-Wallie-20220922_obj-109jfnz.nwb	48589948
sub-Wallie/sub-Wallie_ses-Wallie-20220922_obj-1ircsql.nwb	101200384
sub-Winnie/sub-Winnie_ses-Winnie-20220717_obj-601e1f.nwb	3798144
sub-Yoshi/sub-Yoshi_ses-Yoshi-20220517_obj-m7qiq0.nwb	3186752
sub-Yoshi/sub-Yoshi_ses-Yoshi-20220518_obj-a4ogm0.nwb	5182272
sub-Wallie/sub-Wallie_ses-Wallie-20220922_obj-17rlkug.nwb	3116736
sub-Frodo/sub-Frodo_ses-5_obj-xl4pj9_ecephys.nwb	5615136
sub-Winnie/sub-Winnie_ses-Winnie-20220719_obj-8ozvlx.nwb	696911176
sub-Frodo/sub-Frodo_ses-5_obj-19a0d5p_ecephys.nwb	6597552
sub-Frodo/sub-Frodo_ses-3_obj-owiscp_ecephys.nwb	8649520
sub-Frodo/sub-Frodo_ses-5_obj-1cuq7l0_ecephys.nwb	10064120
sub-Totoro/sub-Totoro_ses-Totoro-20220614_obj-b576is.nwb	3289024
sub-Banner/sub-Banner_ses-Banner-20220225_obj-8diss9.nwb	19895088
sub-Olive/sub-Olive_ses-Olive-20220707_obj-yle3aw.nwb	3902336
sub-Wallie/sub-Wallie_ses-Wallie-20220922_obj-b1gogh.nwb	391243732
sub-Winnie/sub-Winnie_ses-Winnie-20220717_obj-1fwyft0.nwb	2819328
sub-Totoro/sub-Totoro_ses-Totoro-20220616_obj-ceq6pj.nwb	3004864
sub-Totoro/sub-Totoro_ses-Totoro-20220607_obj-1425fjq_ecephys.nwb	295207508
sub-Banner/sub-Banner_ses-Banner-20220225_obj-1qzrmwz.nwb	7758960
sub-Totoro/sub-Totoro_ses-Totoro-20220617_obj-v9d1jo.nwb	4106504
sub-Olive/sub-Olive_ses-Olive-20220711_obj-pn9urw.nwb	3668032
sub-Yoshi/sub-Yoshi_ses-Yoshi-20220517_obj-1b89y6m.nwb	3778656
sub-Yoshi/sub-Yoshi_ses-Yoshi-20220513_obj-1shqc70.nwb	4430952
sub-Wallie/sub-Wallie_ses-Wallie-20220922_obj-8kap34.nwb	3587640
sub-Yoshi/sub-Yoshi_ses-Yoshi-20220517_obj-161os2m.nwb	64152120
sub-Yoshi/sub-Yoshi_ses-Yoshi-20220518_obj-1xoegn5_ecephys.nwb	395871016
sub-Wallie/sub-Wallie_ses-Wallie-20220912_obj-qojzaj_ecephys.nwb	314481332
sub-Bilbo/sub-Bilbo_ses-5_obj-gyd5mb_ecephys.nwb	12804160
sub-Frodo/sub-Frodo_ses-4_obj-1tpuw11_behavior+ecephys.nwb	20347416
sub-Yoshi/sub-Yoshi_ses-Yoshi-20220518_obj-kp564b.nwb	3529536
sub-Frodo/sub-Frodo_ses-4_obj-1hqhx5_behavior+ecephys.nwb	163828384
sub-Frodo/sub-Frodo_ses-5_obj-92xsug_behavior+ecephys.nwb	6468256
sub-Yoshi/sub-Yoshi_ses-Yoshi-20220518_obj-1dsan6q.nwb	3757320
sub-Wallie/sub-Wallie_ses-Wallie-20220922_obj-3ity6q_behavior.nwb	10704872
sub-Frodo/sub-Frodo_ses-5_obj-11lfme2_ecephys.nwb	7614880
sub-Yoshi/sub-Yoshi_ses-Yoshi-20220518_obj-1tvwph7.nwb	2346096
sub-Frodo/sub-Frodo_ses-4_obj-dzkyod_ecephys.nwb	7405440
sub-Olive/sub-Olive_ses-Olive-20220711_obj-151hw6l.nwb	3806264
sub-Yoshi/sub-Yoshi_ses-Yoshi-20220517_obj-28x018_ecephys.nwb	368044968
sub-Totoro/sub-Totoro_ses-Totoro-20220613_obj-kthnz9_ecephys.nwb	304773880
sub-Winnie/sub-Winnie_ses-Winnie-20220719_obj-6tabgn.nwb	7078160
sub-Winnie/sub-Winnie_ses-Winnie-20220717_obj-1r31yfk.nwb	62726312
sub-Winnie/sub-Winnie_ses-Winnie-20220714_obj-6xnz3w_behavior.nwb	245733504
sub-Banner/sub-Banner_ses-Banner-20220224_obj-1iz45u5.nwb	7133464
sub-Yoshi/sub-Yoshi_ses-Yoshi-20220518_obj-1d4qgjc.nwb	91405424
sub-Wallie/sub-Wallie_ses-Wallie-20220922_obj-1nd8dqj.nwb	24237644
sub-Yoshi/sub-Yoshi_ses-Yoshi-20220518_obj-1pmm75i_ecephys.nwb	173985380
sub-Olive/sub-Olive_ses-Olive-20220627_behavior+ecephys+image.nwb	359006342088
sub-Totoro/sub-Totoro_ses-Totoro-20220614_obj-e7fvqs.nwb	47067192
sub-Totoro/sub-Totoro_ses-Totoro-20220614_obj-1qh0k8m.nwb	75098916
sub-Winnie/sub-Winnie_ses-Winnie-20220719_obj-11a3v1a.nwb	4775744
sub-Yoshi/sub-Yoshi_ses-Yoshi-20220518_obj-pny25g.nwb	2161726936
sub-Wallie/sub-Wallie_ses-Wallie-20220922_obj-1sefpeu.nwb	5872936
sub-Yoshi/sub-Yoshi_ses-Yoshi-20220517_obj-1q5za61.nwb	4791160
sub-Bilbo/sub-Bilbo_ses-5_obj-7vgae4_ecephys.nwb	42779790
sub-Yoshi/sub-Yoshi_ses-Yoshi-20220517_obj-kwwwyp.nwb	3179072
sub-Wallie/sub-Wallie_ses-Wallie-20220922_obj-1c6ix4h.nwb	1731520
sub-Frodo/sub-Frodo_ses-3_obj-1xt89bf_ecephys.nwb	6219600
sub-Yoshi/sub-Yoshi_ses-Yoshi-20220518_obj-oogloq.nwb	3128346
sub-Totoro/sub-Totoro_ses-Totoro-20220617_obj-1f894b8.nwb	7185344
sub-Totoro/sub-Totoro_ses-Totoro-20220613_obj-16cjj1y.nwb	3950560
sub-Olive/sub-Olive_ses-Olive-20220711_obj-znpmon.nwb	175524048
sub-Yoshi/sub-Yoshi_ses-Yoshi-20220517_obj-1mqzs24.nwb	2632392
sub-Winnie/sub-Winnie_ses-Winnie-20220719_obj-1j7p880.nwb	81487056
sub-Frodo/sub-Frodo_ses-5_obj-1nn4w4q_ecephys.nwb	5652000
sub-Olive/sub-Olive_ses-Olive-20220711_obj-wrk3hs.nwb	3114216
sub-Yoshi/sub-Yoshi_ses-Yoshi-20220510_obj-1q77szu_ecephys.nwb	279786512
sub-Olive/sub-Olive_ses-Olive-20220628_obj-1cdyr5g_ecephys.nwb	117529528
sub-Frodo/sub-Frodo_ses-2_obj-e30dkj_behavior+ecephys.nwb	21669440
sub-Frodo/sub-Frodo_ses-5_obj-1fybz8s_ecephys.nwb	7476576
sub-Frodo/sub-Frodo_ses-5_obj-635jtj_ecephys.nwb	4300840
sub-Olive/sub-Olive_ses-Olive-20220707_obj-1thkwl6_behavior.nwb	181939800
sub-Yoshi/sub-Yoshi_ses-Yoshi-20220517_obj-204ce8.nwb	3899744
sub-Olive/sub-Olive_ses-Olive-20220711_obj-1hms7ou.nwb	4257088
sub-Frodo/sub-Frodo_ses-5_obj-j0ye3p_ecephys.nwb	7944120
sub-Yoshi/sub-Yoshi_ses-Yoshi-20220518_obj-hv87s2.nwb	17047560
sub-Yoshi/sub-Yoshi_ses-Yoshi-20220518_obj-7383oi.nwb	3143000
sub-Wallie/sub-Wallie_ses-Wallie-20220922_obj-zj9m9r.nwb	2588496
sub-Totoro/sub-Totoro_ses-Totoro-20220614_obj-1iswtp4.nwb	89038788
sub-Winnie/sub-Winnie_ses-Winnie-20220720_obj-6f0uws.nwb	32737740
sub-Banner/sub-Banner_ses-Banner-20220224_obj-1uwv203.nwb	115216000
sub-Yoshi/sub-Yoshi_ses-Yoshi-20220518_obj-lzs8l7.nwb	5658296
sub-Frodo/sub-Frodo_ses-1_obj-ecoooj_ecephys.nwb	143827720
sub-Yoshi/sub-Yoshi_ses-Yoshi-20220518_obj-1fhjp2k.nwb	117074236
sub-Frodo/sub-Frodo_ses-5_obj-112rzj9_ecephys.nwb	6556552
sub-Totoro/sub-Totoro_ses-Totoro-20220613_obj-1kgph6n.nwb	5634112
sub-Yoshi/sub-Yoshi_ses-Yoshi-20220518_obj-tiw8u0.nwb	3460240
sub-Yoshi/sub-Yoshi_ses-Yoshi-20220517_obj-1rudinu_behavior.nwb	31403864
sub-Winnie/sub-Winnie_ses-Winnie-20220715_obj-1ssurha.nwb	2660392
sub-Yoshi/sub-Yoshi_ses-Yoshi-20220518_obj-1eh97s1.nwb	105078088
sub-Frodo/sub-Frodo_ses-5_obj-sft32g_ecephys.nwb	7151904
sub-Bilbo/sub-Bilbo_ses-5_obj-1tdw5ne_ecephys.nwb	8230960
sub-Banner/sub-Banner_ses-Banner-20220225_obj-11ierqf_behavior.nwb	24913948
sub-Winnie/sub-Winnie_ses-Winnie-20220719_obj-rqawen.nwb	62244092
sub-Banner/sub-Banner_ses-Banner-20220224_obj-ulcl3x.nwb	3773413
sub-Winnie/sub-Winnie_ses-Winnie-20220713_obj-rkcwzk_behavior.nwb	222131520
sub-Yoshi/sub-Yoshi_ses-Yoshi-20220510_obj-16oyi8d_behavior.nwb	15900600
sub-Winnie/sub-Winnie_ses-Winnie-20220717_obj-1ji0q9g.nwb	3078400
sub-Wallie/sub-Wallie_ses-Wallie-20220916_obj-1zn178_behavior.nwb	159389216
sub-Olive/sub-Olive_ses-Olive-20220707_obj-ikwlqd_ecephys.nwb	252211758
sub-Yoshi/sub-Yoshi_ses-Yoshi-20220517_obj-y8lwqd.nwb	163822988
sub-Winnie/sub-Winnie_ses-Winnie-20220719_obj-16vxgek.nwb	2242840
sub-Totoro/sub-Totoro_ses-Totoro-20220616_obj-4ihisn.nwb	3037632
sub-Frodo/sub-Frodo_ses-4_obj-yqkm9p_ecephys.nwb	5787432
sub-Frodo/sub-Frodo_ses-1_obj-v6ypwz_behavior+ecephys.nwb	761847776
sub-Bilbo/sub-Bilbo_ses-5_obj-gd9jnh_behavior+ecephys.nwb	7026984
sub-Winnie/sub-Winnie_ses-Winnie-20220719_obj-8wf5sp_behavior.nwb	16556464
sub-Frodo/sub-Frodo_ses-3_obj-3eiua8_ecephys.nwb	7965504
sub-Olive/sub-Olive_ses-Olive-20220711_obj-bm81k0.nwb	7721104
sub-Wallie/sub-Wallie_ses-Wallie-20220922_obj-f2i06d.nwb	2424128
sub-Totoro/sub-Totoro_ses-Totoro-20220614_obj-1d4wv0i.nwb	148929136
sub-Totoro/sub-Totoro_ses-Totoro-20220614_obj-10tgz2s.nwb	84615320
sub-Bilbo/sub-Bilbo_ses-3_obj-1gjzzlr_ecephys.nwb	7527232
sub-Totoro/sub-Totoro_ses-Totoro-20220614_obj-11lhkql.nwb	3583120
sub-Frodo/sub-Frodo_ses-5_obj-awrcsq_ecephys.nwb	5052768
sub-Winnie/sub-Winnie_ses-Winnie-20220719_obj-1hu57sx.nwb	2691408
sub-Yoshi/sub-Yoshi_ses-Yoshi-20220518_obj-jp84wg.nwb	3147422
sub-Banner/sub-Banner_ses-Banner-20220225_obj-qx3tts.nwb	159773456
sub-Wallie/sub-Wallie_ses-Wallie-20220922_obj-16pkxan.nwb	5394176
sub-Bilbo/sub-Bilbo_ses-5_obj-1awp59d_ecephys.nwb	4332664
sub-Winnie/sub-Winnie_ses-Winnie-20220715_obj-ik2mnm.nwb	35646072
sub-Winnie/sub-Winnie_ses-Winnie-20220719_obj-10mtfms.nwb	2715984
sub-Wallie/sub-Wallie_ses-Wallie-20220922_obj-c1a2a3.nwb	2132112
sub-Yoshi/sub-Yoshi_ses-Yoshi-20220518_obj-smm9c8.nwb	2800960
sub-Winnie/sub-Winnie_ses-Winnie-20220715_obj-1fanvsr_ecephys.nwb	445535876
sub-Wallie/sub-Wallie_ses-Wallie-20220922_obj-3e39f5.nwb	3411840
sub-Bilbo/sub-Bilbo_ses-2_obj-mndhkp_ecephys.nwb	75793604
sub-Winnie/sub-Winnie_ses-Winnie-20220714_obj-1r6ke0m.nwb	2423904
sub-Bilbo/sub-Bilbo_ses-5_obj-um15gq_behavior+ecephys.nwb	9825120
sub-Yoshi/sub-Yoshi_ses-Yoshi-20220518_obj-8cuvcm.nwb	208604704
sub-Banner/sub-Banner_ses-Banner-20220225_obj-ufaugd.nwb	133497652
sub-Yoshi/sub-Yoshi_ses-Yoshi-20220517_obj-s13wxd.nwb	57325172
sub-Yoshi/sub-Yoshi_ses-Yoshi-20220517_obj-1n3ulpv.nwb	4949064
sub-Wallie/sub-Wallie_ses-Wallie-20220922_obj-hbz6wb.nwb	2770432
sub-Frodo/sub-Frodo_ses-5_obj-13csjwi_ecephys.nwb	7089344
sub-Bilbo/sub-Bilbo_ses-5_obj-193v8iv_ecephys.nwb	6746496
sub-Bilbo/sub-Bilbo_ses-5_obj-r0c1lu_ecephys.nwb	20742240
sub-Totoro/sub-Totoro_ses-Totoro-20220530_obj-1e5id4x_behavior.nwb	27247304
sub-Olive/sub-Olive_ses-Olive-20220711_obj-1pbt2us.nwb	44156432
sub-Totoro/sub-Totoro_ses-Totoro-20220613_obj-zbomzh.nwb	4598524
sub-Frodo/sub-Frodo_ses-5_obj-rpq5qp_behavior+ecephys.nwb	133914836
sub-Winnie/sub-Winnie_ses-Winnie-20220715_obj-atno8m_ecephys.nwb	208000420
sub-Winnie/sub-Winnie_ses-Winnie-20220720_obj-wj55pw.nwb	5989357
sub-Frodo/sub-Frodo_ses-2_obj-9l5no5_ecephys.nwb	50199088
sub-Frodo/sub-Frodo_ses-4_obj-z2ha1s_ecephys.nwb	7359440
sub-Frodo/sub-Frodo_ses-5_obj-1j5ygjs_ecephys.nwb	3762864
sub-Yoshi/sub-Yoshi_ses-Yoshi-20220509_obj-1f9fpnk_ecephys.nwb	291484020
sub-Yoshi/sub-Yoshi_ses-Yoshi-20220518_obj-1crjuox.nwb	5601824
sub-Winnie/sub-Winnie_ses-Winnie-20220714_obj-b9hrt0.nwb	84924792
sub-Banner/sub-Banner_ses-Banner-20220225_obj-1y9akbu_behavior.nwb	22470516
sub-Yoshi/sub-Yoshi_ses-Yoshi-20220517_obj-1854lrc_behavior.nwb	153122872
sub-Yoshi/sub-Yoshi_ses-Yoshi-20220518_obj-1lwdmov.nwb	3199040
sub-Yoshi/sub-Yoshi_ses-Yoshi-20220517_obj-4rmok5.nwb	11269696
sub-Totoro/sub-Totoro_ses-Totoro-20220614_obj-sl9nnw_behavior.nwb	12268928
sub-Yoshi/sub-Yoshi_ses-Yoshi-20220517_obj-115v9x3.nwb	2076144
sub-Yoshi/sub-Yoshi_ses-Yoshi-20220517_obj-nzt1q.nwb	3837168
sub-Olive/sub-Olive_ses-Olive-20220711_obj-yh7u1d_ecephys.nwb	173080176
sub-Olive/sub-Olive_ses-Olive-20220707_obj-1shcyf2.nwb	3462720
sub-Frodo/sub-Frodo_ses-5_obj-16e20xz_ecephys.nwb	3733320
sub-Bilbo/sub-Bilbo_ses-5_obj-oyc3fm_ecephys.nwb	6643136
sub-Wallie/sub-Wallie_ses-Wallie-20220922_obj-6z0i1y_behavior.nwb	14972112
sub-Yoshi/sub-Yoshi_ses-Yoshi-20220517_obj-11woo4b.nwb	50817456
sub-Wallie/sub-Wallie_ses-Wallie-20220914_obj-1gy0ouk.nwb	264225920
sub-Yoshi/sub-Yoshi_ses-Yoshi-20220509_obj-1j8i27g.nwb	19802868
sub-Olive/sub-Olive_ses-Olive-20220711_obj-myx3iz.nwb	3114216
sub-Wallie/sub-Wallie_ses-Wallie-20220916_obj-14dtq9j.nwb	62714976
sub-Winnie/sub-Winnie_ses-Winnie-20220719_obj-u5q5eb.nwb	10079200
sub-Frodo/sub-Frodo_ses-5_obj-jvfv30_ecephys.nwb	6908024
sub-Yoshi/sub-Yoshi_ses-Yoshi-20220517_obj-1if0k6z.nwb	3985696
sub-Wallie/sub-Wallie_ses-Wallie-20220922_obj-xtg89.nwb	5157696
sub-Totoro/sub-Totoro_ses-Totoro-20220531_obj-1qkc40k_behavior.nwb	15715104
sub-Wallie/sub-Wallie_ses-Wallie-20220922_obj-2z4ws3.nwb	3626816
sub-Banner/sub-Banner_ses-Banner-20220224_obj-6s27k2_behavior.nwb	7961152
sub-Yoshi/sub-Yoshi_ses-Yoshi-20220518_obj-qt2nfj.nwb	20364112
sub-Banner/sub-Banner_ses-Banner-20220224_obj-1qik48r_ecephys.nwb	319420856
sub-Wallie/sub-Wallie_ses-Wallie-20220911_obj-vdu6y_ecephys.nwb	228961750
sub-Winnie/sub-Winnie_ses-Winnie-20220717_obj-14ytxxh.nwb	2329968
sub-Totoro/sub-Totoro_ses-Totoro-20220603_obj-1f47yub_behavior.nwb	10659960
sub-Yoshi/sub-Yoshi_ses-Yoshi-20220517_obj-qdcylg.nwb	3800783
sub-Bilbo/sub-Bilbo_ses-5_obj-t3bjdu_ecephys.nwb	4390008
sub-Frodo/sub-Frodo_ses-5_obj-1r5o5l9_ecephys.nwb	101573304
sub-Totoro/sub-Totoro_ses-Totoro-20220614_obj-1pn9p6w.nwb	3527712
sub-Wallie/sub-Wallie_ses-Wallie-20220922_obj-15e4gtg.nwb	72183536
sub-Yoshi/sub-Yoshi_ses-Yoshi-20220518_obj-ify4w9.nwb	2609376
sub-Olive/sub-Olive_ses-Olive-20220711_obj-102jrk2.nwb	7250136
sub-Yoshi/sub-Yoshi_ses-Yoshi-20220517_obj-1cari4b.nwb	3960320
sub-Totoro/sub-Totoro_ses-Totoro-20220613_obj-utwyds_ecephys.nwb	234651420
sub-Totoro/sub-Totoro_ses-Totoro-20220614_obj-3y2mhp.nwb	25008078
sub-Olive/sub-Olive_ses-Olive-20220711_obj-1j9ioqm.nwb	1730120
sub-Totoro/sub-Totoro_ses-Totoro-20220614_obj-qb5pjp.nwb	39315868
sub-Yoshi/sub-Yoshi_ses-Yoshi-20220518_obj-1b5oj2k.nwb	2661064
sub-Yoshi/sub-Yoshi_ses-Yoshi-20220518_obj-1lu6m6z_ecephys.nwb	175657168
sub-Wallie/sub-Wallie_ses-Wallie-20220922_obj-npokww.nwb	46816956
sub-Wallie/sub-Wallie_ses-Wallie-20220922_obj-feqkvl.nwb	7042896
sub-Wallie/sub-Wallie_ses-Wallie-20220914_obj-13arcfd.nwb	5525876
sub-Frodo/sub-Frodo_ses-5_obj-cmahvg_ecephys.nwb	7573464
sub-Banner/sub-Banner_ses-Banner-20220224_obj-z9zc9u.nwb	7927176
sub-Frodo/sub-Frodo_ses-5_obj-1dwpkva_behavior+ecephys.nwb	20109696
sub-Wallie/sub-Wallie_ses-Wallie-20220922_obj-fmeucf.nwb	212304568
sub-Wallie/sub-Wallie_ses-Wallie-20220922_obj-itamdw.nwb	4365952
sub-Odins/sub-Odins_ses-Odins-20220123_ecephys.nwb	311295564
sub-Yoshi/sub-Yoshi_ses-Yoshi-20220517_obj-g91crt.nwb	4495736
sub-Wallie/sub-Wallie_ses-Wallie-20220914_obj-1snl33w_ecephys.nwb	273346400
sub-Yoshi/sub-Yoshi_ses-Yoshi-20220518_obj-1bf2q8.nwb	1689717884
sub-Wallie/sub-Wallie_ses-Wallie-20220914_obj-drduk9_behavior.nwb	135277876
sub-Winnie/sub-Winnie_ses-Winnie-20220717_obj-yzdlpg.nwb	2953080
sub-Yoshi/sub-Yoshi_ses-Yoshi-20220517_obj-bd9ipu.nwb	3181952
sub-Winnie/sub-Winnie_ses-Winnie-20220719_obj-hvg6sx.nwb	2608992
sub-Frodo/sub-Frodo_ses-3_obj-15ub6vq_ecephys.nwb	4385136
sub-Yoshi/sub-Yoshi_ses-Yoshi-20220513_obj-15ton8a.nwb	3462720
sub-Bilbo/sub-Bilbo_ses-5_obj-1uzzw3m_ecephys.nwb	11781757
sub-Wallie/sub-Wallie_ses-Wallie-20220922_obj-ce8im1.nwb	139899012
sub-Wallie/sub-Wallie_ses-Wallie-20220922_obj-1u4bzbk.nwb	342397772
sub-Banner/sub-Banner_ses-Banner-20220215_obj-1g8vx3u.nwb	88303576
sub-Banner/sub-Banner_ses-Banner-20220224_obj-1yuciwd.nwb	8012784
sub-Olive/sub-Olive_ses-Olive-20220711_obj-vg9w5s.nwb	74714312
sub-Yoshi/sub-Yoshi_ses-Yoshi-20220517_obj-1iu4av2.nwb	1579456516
sub-Totoro/sub-Totoro_ses-Totoro-20220614_obj-1y4dgah.nwb	2450840
sub-Yoshi/sub-Yoshi_ses-Yoshi-20220518_obj-1utgdmm_behavior.nwb	7060800
sub-Olive/sub-Olive_ses-Olive-20220627_obj-waopsl_behavior.nwb	19045584
sub-Frodo/sub-Frodo_ses-4_obj-8wiag4_ecephys.nwb	6893304
sub-Totoro/sub-Totoro_ses-Totoro-20220607_obj-q0qyl6_behavior.nwb	19127920
sub-Yoshi/sub-Yoshi_ses-Yoshi-20220518_obj-fazby6_behavior.nwb	11256600
sub-Yoshi/sub-Yoshi_ses-Yoshi-20220517_obj-vxl01w.nwb	3730824
sub-Olive/sub-Olive_ses-Olive-20220627_obj-11gxibi.nwb	3040192
sub-Wallie/sub-Wallie_ses-Wallie-20220922_obj-1y3ocl2.nwb	24217472
sub-Bilbo/sub-Bilbo_ses-5_obj-19lrrmr_ecephys.nwb	17435928
sub-Totoro/sub-Totoro_ses-Totoro-20220613_obj-1so3p20_ecephys.nwb	259162690
sub-Banner/sub-Banner_ses-Banner-20220224_obj-12e7mir_behavior.nwb	379959776
sub-Olive/sub-Olive_ses-Olive-20220711_obj-65udmo.nwb	8151240
sub-Yoshi/sub-Yoshi_ses-Yoshi-20220517_obj-1exa79t.nwb	2974520
sub-Bilbo/sub-Bilbo_ses-5_obj-1doqp5g_ecephys.nwb	5859704
sub-Odins/sub-Odins_ses-Odins-20220216_obj-1ocfzpz_ecephys.nwb	207634636
sub-Wallie/sub-Wallie_ses-Wallie-20220922_obj-b8pky.nwb	3793680
sub-Wallie/sub-Wallie_ses-Wallie-20220922_obj-12usuln_behavior.nwb	9301880
sub-Frodo/sub-Frodo_ses-5_obj-3j9ur4_ecephys.nwb	32649360
sub-Yoshi/sub-Yoshi_ses-Yoshi-20220517_obj-15akqzl.nwb	5936728
sub-Banner/sub-Banner_ses-Banner-20220224_obj-1s7l4ac_behavior.nwb	219084692
sub-Olive/sub-Olive_ses-Olive-20220711_obj-1d8ur8n.nwb	4932576
sub-Winnie/sub-Winnie_ses-Winnie-20220719_obj-1u8hx9j.nwb	477157500
sub-Bilbo/sub-Bilbo_ses-5_obj-1i8zpke_ecephys.nwb	22022998
sub-Yoshi/sub-Yoshi_ses-Yoshi-20220517_obj-1az6z62.nwb	94041112
sub-Totoro/sub-Totoro_ses-Totoro-20220614_obj-s104v2.nwb	2866496
sub-Frodo/sub-Frodo_ses-5_obj-3qu7qx_ecephys.nwb	6239040
sub-Wallie/sub-Wallie_ses-Wallie-20220914_obj-kx8tfw_behavior.nwb	199553096
sub-Olive/sub-Olive_ses-Olive-20220711_obj-1swh7s9.nwb	9940896
sub-Yoshi/sub-Yoshi_ses-Yoshi-20220513_obj-6y0n2z.nwb	2974216
sub-Winnie/sub-Winnie_ses-Winnie-20220719_obj-17a4xu.nwb	4880576
sub-Banner/sub-Banner_ses-Banner-20220224_obj-11g1o3g.nwb	101404696
sub-Totoro/sub-Totoro_ses-Totoro-20220614_obj-wphs8y.nwb	3529872
sub-Totoro/sub-Totoro_ses-Totoro-20220607_obj-1dli6ms.nwb	5085408
sub-Yoshi/sub-Yoshi_ses-Yoshi-20220509_obj-1o2hs7g_ecephys.nwb	22150688
sub-Totoro/sub-Totoro_ses-Totoro-20220602_obj-33qy4o_ecephys.nwb	88259216
sub-Olive/sub-Olive_ses-Olive-20220711_obj-1qr8m9m.nwb	15353496
sub-Wallie/sub-Wallie_ses-Wallie-20220922_obj-1x6uodf_ecephys.nwb	283458940
sub-Olive/sub-Olive_ses-Olive-20220711_obj-1byh5of.nwb	4901832
sub-Frodo/sub-Frodo_ses-5_obj-uv1a81_ecephys.nwb	67023549
sub-Winnie/sub-Winnie_ses-Winnie-20220719_obj-e1u6kf.nwb	2842224
sub-Wallie/sub-Wallie_ses-Wallie-20220922_obj-hphf0.nwb	3050152
sub-Totoro/sub-Totoro_ses-Totoro-20220613_obj-1mrz941_behavior.nwb	203459224
sub-Totoro/sub-Totoro_ses-Totoro-20220614_obj-1iuxd6s.nwb	157816552
sub-Winnie/sub-Winnie_ses-Winnie-20220719_obj-8bjet3.nwb	3294368
sub-Totoro/sub-Totoro_ses-Totoro-20220616_obj-17n7tti.nwb	3384720
sub-Winnie/sub-Winnie_ses-Winnie-20220719_obj-4ey77.nwb	19084688
sub-Wallie/sub-Wallie_ses-Wallie-20220922_obj-45gpgs.nwb	38355072
sub-Winnie/sub-Winnie_ses-Winnie-20220720_obj-1entrot.nwb	9374282
sub-Wallie/sub-Wallie_ses-Wallie-20220922_obj-1jev9po.nwb	3164992
sub-Totoro/sub-Totoro_ses-Totoro-20220616_obj-ybi88e.nwb	3008640
sub-Winnie/sub-Winnie_ses-Winnie-20220717_obj-era42k.nwb	3452096
sub-Yoshi/sub-Yoshi_ses-Yoshi-20220517_obj-6hig0g.nwb	3747360
sub-Yoshi/sub-Yoshi_ses-Yoshi-20220510_obj-n0js5x_behavior.nwb	203479400
sub-Yoshi/sub-Yoshi_ses-Yoshi-20220518_obj-1s40a1v.nwb	4872065
sub-Wallie/sub-Wallie_ses-Wallie-20220922_obj-httgwk.nwb	2770432
sub-Yoshi/sub-Yoshi_ses-Yoshi-20220509_obj-cdeobs.nwb	3800560
sub-Winnie/sub-Winnie_ses-Winnie-20220717_obj-ks1of5.nwb	3116448
sub-Totoro/sub-Totoro_ses-Totoro-20220614_obj-edpweg.nwb	66491244
sub-Frodo/sub-Frodo_ses-5_obj-1okcfiz_ecephys.nwb	22663735
sub-Bilbo/sub-Bilbo_ses-2_obj-vleqiw_behavior+ecephys.nwb	347931648
sub-Winnie/sub-Winnie_ses-Winnie-20220719_obj-uoz8k0.nwb	3285568
sub-Winnie/sub-Winnie_ses-Winnie-20220720_obj-15c6ubr.nwb	3527832
sub-Yoshi/sub-Yoshi_ses-Yoshi-20220517_obj-506nsb.nwb	2934480
sub-Bilbo/sub-Bilbo_ses-5_obj-gcantv_ecephys.nwb	14565360
sub-Yoshi/sub-Yoshi_ses-Yoshi-20220518_obj-1mxrmhw.nwb	3180992
sub-Bilbo/sub-Bilbo_ses-5_obj-inwrt1_ecephys.nwb	5179944
sub-Yoshi/sub-Yoshi_ses-Yoshi-20220518_obj-1ww5rb1_behavior.nwb	23381328
sub-Yoshi/sub-Yoshi_ses-Yoshi-20220509_obj-15kfqsu_ecephys.nwb	292467308
sub-Bilbo/sub-Bilbo_ses-2_obj-1wb6c3_ecephys.nwb	7576192
sub-Yoshi/sub-Yoshi_ses-Yoshi-20220517_obj-1kuthti.nwb	3088640
sub-Winnie/sub-Winnie_ses-Winnie-20220719_obj-182q3c7.nwb	4403280
sub-Wallie/sub-Wallie_ses-Wallie-20220922_obj-6q78a3.nwb	2424128
sub-Winnie/sub-Winnie_ses-Winnie-20220717_obj-3x4fwp.nwb	5861056
sub-Wallie/sub-Wallie_ses-Wallie-20220922_obj-16w3mv_behavior.nwb	84700880
sub-Banner/sub-Banner_ses-Banner-20220215_obj-hw0tiw_ecephys.nwb	184401176
sub-Frodo/sub-Frodo_ses-5_obj-4ybcxi_ecephys.nwb	3743424
sub-Frodo/sub-Frodo_ses-5_obj-hdjyi8_ecephys.nwb	6422904
sub-Olive/sub-Olive_ses-Olive-20220711_obj-nb43bz.nwb	5169216
sub-Totoro/sub-Totoro_ses-Totoro-20220614_obj-cpe540.nwb	2800960
sub-Yoshi/sub-Yoshi_ses-Yoshi-20220517_obj-19gssfc_ecephys.nwb	263342908
sub-Wallie/sub-Wallie_ses-Wallie-20220922_obj-1on31ov.nwb	2424128
sub-Yoshi/sub-Yoshi_ses-Yoshi-20220513_obj-1z6kt3_behavior.nwb	12482656
sub-Winnie/sub-Winnie_ses-Winnie-20220714_obj-1vbelw7.nwb	182978412
sub-Olive/sub-Olive_ses-Olive-20220711_obj-h0n1b3_behavior.nwb	9040598
sub-Winnie/sub-Winnie_ses-Winnie-20220719_obj-trifiw.nwb	6485408
sub-Yoshi/sub-Yoshi_ses-Yoshi-20220518_obj-zzlma.nwb	2916928
sub-Banner/sub-Banner_ses-Banner-20220224_obj-54i7ho.nwb	158867820
sub-Wallie/sub-Wallie_ses-Wallie-20220922_obj-193u8t_behavior.nwb	19838368
sub-Totoro/sub-Totoro_ses-Totoro-20220615_obj-1myecuy.nwb	7288867
sub-Totoro/sub-Totoro_ses-Totoro-20220614_obj-1yr6nsw.nwb	2800960
sub-Totoro/sub-Totoro_ses-Totoro-20220614_obj-1o5dqfw.nwb	3143424
sub-Wallie/sub-Wallie_ses-Wallie-20220922_obj-1a374s2.nwb	2780624
sub-Olive/sub-Olive_ses-Olive-20220707_obj-q1uf7e_ecephys.nwb	36133610
sub-Yoshi/sub-Yoshi_ses-Yoshi-20220510_obj-11dh822_ecephys.nwb	290994704
sub-Winnie/sub-Winnie_ses-Winnie-20220713_obj-1yercha_ecephys.nwb	249422064
sub-Yoshi/sub-Yoshi_ses-Yoshi-20220513_obj-ry3ihi.nwb	44709536
sub-Frodo/sub-Frodo_ses-5_obj-o0q80l_ecephys.nwb	4956896
sub-Yoshi/sub-Yoshi_ses-Yoshi-20220518_obj-bccb6g_behavior.nwb	18590720
sub-Frodo/sub-Frodo_ses-5_obj-1ag4ov_ecephys.nwb	63771804
sub-Yoshi/sub-Yoshi_ses-Yoshi-20220518_obj-1idrds6_ecephys.nwb	218263752
sub-Winnie/sub-Winnie_ses-Winnie-20220719_obj-eovvpt.nwb	6036192
sub-Wallie/sub-Wallie_ses-Wallie-20220914_obj-i58ttm.nwb	1816280
sub-Odins/sub-Odins_ses-Odins-20220124_obj-mkdbiv_behavior.nwb	138709616
sub-Totoro/sub-Totoro_ses-Totoro-20220603_obj-1ifzusf_behavior.nwb	168069716
sub-Olive/sub-Olive_ses-Olive-20220711_obj-1fwialj.nwb	50995673
sub-Yoshi/sub-Yoshi_ses-Yoshi-20220518_obj-1xb4mxo.nwb	38898940
sub-Winnie/sub-Winnie_ses-Winnie-20220719_obj-ck35at.nwb	56968252
sub-Yoshi/sub-Yoshi_ses-Yoshi-20220518_obj-1ap4rap.nwb	3114216
sub-Wallie/sub-Wallie_ses-Wallie-20220922_obj-hmye9h_behavior.nwb	192015744
sub-Frodo/sub-Frodo_ses-5_obj-kltfvc_ecephys.nwb	5934075
sub-Frodo/sub-Frodo_ses-5_obj-1icce8c_ecephys.nwb	10744528
sub-Yoshi/sub-Yoshi_ses-Yoshi-20220518_obj-27qd9m.nwb	5766592
sub-Olive/sub-Olive_ses-Olive-20220711_obj-13z4pw3.nwb	4525376
sub-Bilbo/sub-Bilbo_ses-5_obj-1jzknw4_ecephys.nwb	14268488
sub-Yoshi/sub-Yoshi_ses-Yoshi-20220518_obj-v0j17x.nwb	4205776
sub-Yoshi/sub-Yoshi_ses-Yoshi-20220518_obj-17jym1d.nwb	120980820
sub-Frodo/sub-Frodo_ses-3_obj-8lnpg_ecephys.nwb	5812608
sub-Olive/sub-Olive_ses-Olive-20220711_obj-688vir.nwb	1791560
sub-Frodo/sub-Frodo_ses-3_obj-1w0ou3j_behavior+ecephys.nwb	141061784
sub-Olive/sub-Olive_ses-Olive-20220627_obj-14as2op.nwb	3184000
sub-Winnie/sub-Winnie_ses-Winnie-20220719_obj-15o21u7.nwb	12163008
sub-Bilbo/sub-Bilbo_ses-5_obj-3n025c_ecephys.nwb	46337648
sub-Yoshi/sub-Yoshi_ses-Yoshi-20220509_obj-7vhs59_ecephys.nwb	401077528
sub-Wallie/sub-Wallie_ses-Wallie-20220914_obj-d5wi4j.nwb	3515968
sub-Winnie/sub-Winnie_ses-Winnie-20220720_obj-6upc5d.nwb	4925496
sub-Frodo/sub-Frodo_ses-5_obj-6xrm9f_behavior+ecephys.nwb	11536566
sub-Yoshi/sub-Yoshi_ses-Yoshi-20220518_obj-1pzvfpt.nwb	3634136
sub-Banner/sub-Banner_ses-Banner-20220224_obj-olpec9_behavior.nwb	9708488
sub-Olive/sub-Olive_ses-Olive-20220711_obj-i6oh27.nwb	4942336
sub-Yoshi/sub-Yoshi_ses-Yoshi-20220517_obj-1msldst.nwb	3152960
sub-Olive/sub-Olive_ses-Olive-20220711_obj-1umqh60.nwb	20556728
sub-Yoshi/sub-Yoshi_ses-Yoshi-20220518_obj-1f5cth6_behavior.nwb	8055432
sub-Frodo/sub-Frodo_ses-4_obj-do9fos_ecephys.nwb	3759984
sub-Winnie/sub-Winnie_ses-Winnie-20220719_obj-1hlb1pe.nwb	2856896
sub-Yoshi/sub-Yoshi_ses-Yoshi-20220513_obj-95iuj9_behavior.nwb	18639600
sub-Yoshi/sub-Yoshi_ses-Yoshi-20220518_obj-1r5vnrh.nwb	3460240
sub-Totoro/sub-Totoro_ses-Totoro-20220616_obj-1tqemqw.nwb	20633100
sub-Olive/sub-Olive_ses-Olive-20220707_obj-1vwpe53.nwb	4236480
sub-Bilbo/sub-Bilbo_ses-2_obj-190z2qx_ecephys.nwb	209796804
sub-Wallie/sub-Wallie_ses-Wallie-20220922_obj-p3yun.nwb	1731520
sub-Wallie/sub-Wallie_ses-Wallie-20220922_obj-vnnk6v.nwb	3763920
sub-Wallie/sub-Wallie_ses-Wallie-20220922_obj-x7aycv.nwb	3698136
sub-Olive/sub-Olive_ses-Olive-20220711_obj-10q3zql.nwb	1880280
