asset_path	bytes_sent	number_of_requests	number_of_downloads	number_of_views
sub-parkinson-simulated-lfp/sub-parkinson-simulated-lfp_ses-716_ecephys.nwb	22211280	27	25	2
sub-parkinson-simulated-lfp/sub-parkinson-simulated-lfp_ses-3299_ecephys.nwb	20368320	28	26	2
sub-parkinson-simulated-beta/sub-parkinson-simulated-beta_ses-6545_ecephys.nwb	5874336	26	24	2
sub-parkinson-simulated-beta/sub-parkinson-simulated-beta_ses-1456_ecephys.nwb	6100272	27	25	2
sub-parkinson-simulated-lfp/sub-parkinson-simulated-lfp_ses-7349_ecephys.nwb	24679200	30	28	2
sub-healthy-simulated-lfp/sub-healthy-simulated-lfp_ses-1983_ecephys.nwb	18920720	23	22	1
sub-parkinson-simulated-lfp/sub-parkinson-simulated-lfp_ses-3167_ecephys.nwb	17275440	21	20	1
sub-parkinson-simulated-beta/sub-parkinson-simulated-beta_ses-7733_ecephys.nwb	5196528	23	22	1
sub-parkinson-simulated-lfp/sub-parkinson-simulated-lfp_ses-935_ecephys.nwb	15630160	19	18	1
sub-healthy-simulated-beta/sub-healthy-simulated-beta_ses-4932_ecephys.nwb	5648400	25	24	1
sub-parkinson-simulated-beta/sub-parkinson-simulated-beta_ses-5899_ecephys.nwb	4970592	22	21	1
sub-parkinson-simulated-beta/sub-parkinson-simulated-beta_ses-486_ecephys.nwb	4991072	24	21	3
sub-parkinson-simulated-beta/sub-parkinson-simulated-beta_ses-8857_ecephys.nwb	4970592	22	21	1
sub-healthy-simulated-beta/sub-healthy-simulated-beta_ses-696_ecephys.nwb	4970592	22	21	1
sub-parkinson-simulated-beta/sub-parkinson-simulated-beta_ses-6556_ecephys.nwb	5442944	26	23	3
sub-parkinson-simulated-lfp/sub-parkinson-simulated-lfp_ses-4547_ecephys.nwb	19743360	24	23	1
sub-parkinson-simulated-lfp/sub-parkinson-simulated-lfp_ses-5606_ecephys.nwb	17275440	21	20	1
sub-parkinson-simulated-beta/sub-parkinson-simulated-beta_ses-4017_ecephys.nwb	5648400	25	24	1
sub-parkinson-simulated-lfp/sub-parkinson-simulated-lfp_ses-7079_ecephys.nwb	20566000	25	24	1
sub-parkinson-simulated-beta/sub-parkinson-simulated-beta_ses-51_ecephys.nwb	19024688	111	60	16
sub-parkinson-simulated-lfp/sub-parkinson-simulated-lfp_ses-8732_ecephys.nwb	19640880	27	26	1
sub-healthy-simulated-beta/sub-healthy-simulated-beta_ses-6057_ecephys.nwb	4970592	22	21	1
sub-parkinson-simulated-lfp/sub-parkinson-simulated-lfp_ses-2564_ecephys.nwb	13093920	18	17	1
sub-parkinson-simulated-beta/sub-parkinson-simulated-beta_ses-5922_ecephys.nwb	5648400	25	24	1
sub-parkinson-simulated-lfp/sub-parkinson-simulated-lfp_ses-1974_ecephys.nwb	18920720	23	22	1
sub-healthy-simulated-lfp/sub-healthy-simulated-lfp_ses-2358_ecephys.nwb	15630160	19	18	1
sub-parkinson-simulated-lfp/sub-parkinson-simulated-lfp_ses-6139_ecephys.nwb	17275440	21	20	1
sub-parkinson-simulated-lfp/sub-parkinson-simulated-lfp_ses-5952_ecephys.nwb	18098080	22	21	1
sub-parkinson-simulated-lfp/sub-parkinson-simulated-lfp_ses-9515_ecephys.nwb	13093920	18	17	1
sub-parkinson-simulated-lfp/sub-parkinson-simulated-lfp_ses-9999_ecephys.nwb	18098080	22	21	1
sub-parkinson-simulated-lfp/sub-parkinson-simulated-lfp_ses-2482_ecephys.nwb	16452800	20	19	1
sub-parkinson-simulated-lfp/sub-parkinson-simulated-lfp_ses-5956_ecephys.nwb	17275440	21	20	1
sub-parkinson-simulated-beta/sub-parkinson-simulated-beta_ses-2124_ecephys.nwb	5422464	24	23	1
sub-parkinson-simulated-lfp/sub-parkinson-simulated-lfp_ses-1527_ecephys.nwb	18920720	23	22	1
sub-parkinson-simulated-lfp/sub-parkinson-simulated-lfp_ses-111_ecephys.nwb	86885008	201	86	27
sub-parkinson-simulated-beta/sub-parkinson-simulated-beta_ses-6624_ecephys.nwb	4970592	22	20	2
sub-healthy-simulated-beta/sub-healthy-simulated-beta_ses-7345_ecephys.nwb	7865488	39	30	4
sub-parkinson-simulated-lfp/sub-parkinson-simulated-lfp_ses-928_ecephys.nwb	16003680	22	21	1
sub-parkinson-simulated-lfp/sub-parkinson-simulated-lfp_ses-5620_ecephys.nwb	18098080	22	21	1
sub-parkinson-simulated-lfp/sub-parkinson-simulated-lfp_ses-9821_ecephys.nwb	21388640	26	25	1
sub-parkinson-simulated-lfp/sub-parkinson-simulated-lfp_ses-8181_ecephys.nwb	18098080	22	21	1
sub-parkinson-simulated-lfp/sub-parkinson-simulated-lfp_ses-69_ecephys.nwb	42384784	89	50	12
sub-parkinson-simulated-beta/sub-parkinson-simulated-beta_ses-164_ecephys.nwb	23861808	138	78	25
sub-healthy-simulated-lfp/sub-healthy-simulated-lfp_ses-2357_ecephys.nwb	15630160	19	18	1
sub-parkinson-simulated-lfp/sub-parkinson-simulated-lfp_ses-5200_ecephys.nwb	15630160	19	18	1
sub-parkinson-simulated-lfp/sub-parkinson-simulated-lfp_ses-3417_ecephys.nwb	18920720	23	22	1
sub-healthy-simulated-beta/sub-healthy-simulated-beta_ses-4206_ecephys.nwb	6326208	28	27	1
sub-healthy-simulated-beta/sub-healthy-simulated-beta_ses-8038_ecephys.nwb	5648400	25	24	1
sub-parkinson-simulated-beta/sub-parkinson-simulated-beta_ses-4059_ecephys.nwb	5874336	26	25	1
sub-healthy-simulated-beta/sub-healthy-simulated-beta_ses-1251_ecephys.nwb	9754242	50	35	10
sub-parkinson-simulated-beta/sub-parkinson-simulated-beta_ses-3535_ecephys.nwb	4744656	21	20	1
sub-healthy-simulated-lfp/sub-healthy-simulated-lfp_ses-6358_ecephys.nwb	17275440	21	20	1
sub-parkinson-simulated-lfp/sub-parkinson-simulated-lfp_ses-5063_ecephys.nwb	16731120	23	21	2
sub-parkinson-simulated-lfp/sub-parkinson-simulated-lfp_ses-219_ecephys.nwb	41399584	87	50	10
sub-healthy-simulated-lfp/sub-healthy-simulated-lfp_ses-4627_ecephys.nwb	22211280	27	26	1
sub-parkinson-simulated-beta/sub-parkinson-simulated-beta_ses-9999_ecephys.nwb	5648400	25	24	1
sub-parkinson-simulated-lfp/sub-parkinson-simulated-lfp_ses-5695_ecephys.nwb	17292240	21	20	1
sub-parkinson-simulated-lfp/sub-parkinson-simulated-lfp_ses-2722_ecephys.nwb	18098080	22	21	1
sub-healthy-simulated-beta/sub-healthy-simulated-beta_ses-3981_ecephys.nwb	5648400	25	24	1
sub-parkinson-simulated-beta/sub-parkinson-simulated-beta_ses-7650_ecephys.nwb	4970592	22	21	1
sub-healthy-simulated-beta/sub-healthy-simulated-beta_ses-5784_ecephys.nwb	4970592	22	21	1
sub-parkinson-simulated-lfp/sub-parkinson-simulated-lfp_ses-1029_ecephys.nwb	14807520	18	17	1
sub-parkinson-simulated-lfp/sub-parkinson-simulated-lfp_ses-4030_ecephys.nwb	13093920	18	17	1
sub-healthy-simulated-lfp/sub-healthy-simulated-lfp_ses-8715_ecephys.nwb	14807520	18	17	1
sub-healthy-simulated-beta/sub-healthy-simulated-beta_ses-78_ecephys.nwb	15759184	89	53	14
sub-parkinson-simulated-lfp/sub-parkinson-simulated-lfp_ses-5218_ecephys.nwb	18098080	22	20	2
sub-parkinson-simulated-lfp/sub-parkinson-simulated-lfp_ses-1807_ecephys.nwb	18098080	22	20	2
sub-parkinson-simulated-beta/sub-parkinson-simulated-beta_ses-6787_ecephys.nwb	4744656	21	20	1
sub-healthy-simulated-beta/sub-healthy-simulated-beta_ses-162_ecephys.nwb	48738192	370	137	28
sub-parkinson-simulated-beta/sub-parkinson-simulated-beta_ses-5218_ecephys.nwb	4970592	22	21	1
sub-parkinson-simulated-lfp/sub-parkinson-simulated-lfp_ses-284_ecephys.nwb	49433360	84	55	9
sub-parkinson-simulated-lfp/sub-parkinson-simulated-lfp_ses-5770_ecephys.nwb	11808880	17	16	1
sub-healthy-simulated-lfp/sub-healthy-simulated-lfp_ses-3545_ecephys.nwb	14807520	18	17	1
sub-parkinson-simulated-beta/sub-parkinson-simulated-beta_ses-5178_ecephys.nwb	4744656	21	20	1
sub-parkinson-simulated-lfp/sub-parkinson-simulated-lfp_ses-4440_ecephys.nwb	16452800	20	19	1
sub-parkinson-simulated-beta/sub-parkinson-simulated-beta_ses-3907_ecephys.nwb	4518720	20	19	1
sub-parkinson-simulated-lfp/sub-parkinson-simulated-lfp_ses-3759_ecephys.nwb	18920720	23	22	1
sub-parkinson-simulated-beta/sub-parkinson-simulated-beta_ses-2722_ecephys.nwb	4518720	20	19	1
sub-parkinson-simulated-lfp/sub-parkinson-simulated-lfp_ses-4490_ecephys.nwb	14770976	18	17	1
sub-parkinson-simulated-lfp/sub-parkinson-simulated-lfp_ses-3716_ecephys.nwb	14807520	18	17	1
sub-healthy-simulated-beta/sub-healthy-simulated-beta_ses-8074_ecephys.nwb	4744656	21	20	1
sub-parkinson-simulated-lfp/sub-parkinson-simulated-lfp_ses-4306_ecephys.nwb	13821360	19	18	1
sub-parkinson-simulated-lfp/sub-parkinson-simulated-lfp_ses-9146_ecephys.nwb	15630160	19	18	1
sub-parkinson-simulated-beta/sub-parkinson-simulated-beta_ses-8181_ecephys.nwb	4970592	22	21	1
sub-parkinson-simulated-beta/sub-parkinson-simulated-beta_ses-9666_ecephys.nwb	4744656	21	20	1
sub-parkinson-simulated-beta/sub-parkinson-simulated-beta_ses-9000_ecephys.nwb	4970592	22	21	1
sub-parkinson-simulated-beta/sub-parkinson-simulated-beta_ses-5814_ecephys.nwb	4744656	21	20	1
sub-parkinson-simulated-lfp/sub-parkinson-simulated-lfp_ses-4021_ecephys.nwb	16452800	20	19	1
sub-parkinson-simulated-beta/sub-parkinson-simulated-beta_ses-2483_ecephys.nwb	4744656	21	20	1
sub-parkinson-simulated-beta/sub-parkinson-simulated-beta_ses-8066_ecephys.nwb	4744656	21	20	1
sub-parkinson-simulated-lfp/sub-parkinson-simulated-lfp_ses-4643_ecephys.nwb	14807520	18	17	1
sub-parkinson-simulated-lfp/sub-parkinson-simulated-lfp_ses-1621_ecephys.nwb	18098080	22	21	1
sub-parkinson-simulated-lfp/sub-parkinson-simulated-lfp_ses-1961_ecephys.nwb	13093920	18	17	1
sub-healthy-simulated-lfp/sub-healthy-simulated-lfp_ses-4096_ecephys.nwb	14807520	18	17	1
sub-parkinson-simulated-lfp/sub-parkinson-simulated-lfp_ses-1059_ecephys.nwb	18920720	23	22	1
sub-parkinson-simulated-beta/sub-parkinson-simulated-beta_ses-7863_ecephys.nwb	4970592	22	21	1
sub-parkinson-simulated-beta/sub-parkinson-simulated-beta_ses-716_ecephys.nwb	4970592	22	21	1
sub-parkinson-simulated-lfp/sub-parkinson-simulated-lfp_ses-4017_ecephys.nwb	18098080	22	21	1
sub-parkinson-simulated-lfp/sub-parkinson-simulated-lfp_ses-4837_ecephys.nwb	15630160	19	18	1
sub-parkinson-simulated-beta/sub-parkinson-simulated-beta_ses-5167_ecephys.nwb	4970592	22	21	1
sub-parkinson-simulated-lfp/sub-parkinson-simulated-lfp_ses-919_ecephys.nwb	16731120	23	22	1
sub-parkinson-simulated-lfp/sub-parkinson-simulated-lfp_ses-159_ecephys.nwb	45817184	98	54	12
sub-parkinson-simulated-beta/sub-parkinson-simulated-beta_ses-5241_ecephys.nwb	4970592	22	21	1
sub-parkinson-simulated-beta/sub-parkinson-simulated-beta_ses-4214_ecephys.nwb	4970592	22	21	1
sub-healthy-simulated-beta/sub-healthy-simulated-beta_ses-1046_ecephys.nwb	10926194	62	34	8
sub-parkinson-simulated-lfp/sub-parkinson-simulated-lfp_ses-5065_ecephys.nwb	14807520	18	17	1
sub-healthy-simulated-lfp/sub-healthy-simulated-lfp_ses-1392_ecephys.nwb	15630160	19	18	1
sub-healthy-simulated-beta/sub-healthy-simulated-beta_ses-7129_ecephys.nwb	4970592	22	21	1
sub-healthy-simulated-lfp/sub-healthy-simulated-lfp_ses-7276_ecephys.nwb	15630160	19	18	1
sub-parkinson-simulated-lfp/sub-parkinson-simulated-lfp_ses-6773_ecephys.nwb	13093920	18	17	1
sub-parkinson-simulated-beta/sub-parkinson-simulated-beta_ses-485_ecephys.nwb	4970592	22	21	1
sub-parkinson-simulated-lfp/sub-parkinson-simulated-lfp_ses-5814_ecephys.nwb	14807520	18	17	1
sub-healthy-simulated-beta/sub-healthy-simulated-beta_ses-9073_ecephys.nwb	5196528	23	22	1
sub-parkinson-simulated-lfp/sub-parkinson-simulated-lfp_ses-5034_ecephys.nwb	14807520	18	17	1
sub-parkinson-simulated-beta/sub-parkinson-simulated-beta_ses-6092_ecephys.nwb	5422464	24	23	1
sub-parkinson-simulated-beta/sub-parkinson-simulated-beta_ses-8623_ecephys.nwb	4970592	22	21	1
sub-parkinson-simulated-lfp/sub-parkinson-simulated-lfp_ses-2672_ecephys.nwb	16452800	20	19	1
sub-parkinson-simulated-beta/sub-parkinson-simulated-beta_ses-5338_ecephys.nwb	4970592	22	21	1
sub-parkinson-simulated-lfp/sub-parkinson-simulated-lfp_ses-9718_ecephys.nwb	14807520	18	17	1
sub-parkinson-simulated-lfp/sub-parkinson-simulated-lfp_ses-3951_ecephys.nwb	16452800	20	19	1
sub-healthy-simulated-beta/sub-healthy-simulated-beta_ses-1070_ecephys.nwb	7865490	41	28	7
sub-parkinson-simulated-beta/sub-parkinson-simulated-beta_ses-5200_ecephys.nwb	4518720	20	19	1
sub-parkinson-simulated-beta/sub-parkinson-simulated-beta_ses-8049_ecephys.nwb	4518720	20	19	1
sub-parkinson-simulated-lfp/sub-parkinson-simulated-lfp_ses-1973_ecephys.nwb	13093920	18	17	1
sub-parkinson-simulated-beta/sub-parkinson-simulated-beta_ses-93_ecephys.nwb	16211056	93	54	14
sub-healthy-simulated-beta/sub-healthy-simulated-beta_ses-345_ecephys.nwb	17927344	99	64	14
sub-parkinson-simulated-lfp/sub-parkinson-simulated-lfp_ses-1294_ecephys.nwb	17458560	24	23	1
sub-parkinson-simulated-beta/sub-parkinson-simulated-beta_ses-2631_ecephys.nwb	4518720	20	19	1
sub-healthy-simulated-lfp/sub-healthy-simulated-lfp_ses-2983_ecephys.nwb	20566000	25	24	1
sub-parkinson-simulated-beta/sub-parkinson-simulated-beta_ses-6510_ecephys.nwb	5196528	23	22	1
sub-parkinson-simulated-lfp/sub-parkinson-simulated-lfp_ses-8422_ecephys.nwb	14807520	18	17	1
sub-parkinson-simulated-beta/sub-parkinson-simulated-beta_ses-4772_ecephys.nwb	6838208	33	27	5
sub-parkinson-simulated-beta/sub-parkinson-simulated-beta_ses-7559_ecephys.nwb	4970592	22	21	1
sub-healthy-simulated-beta/sub-healthy-simulated-beta_ses-452_ecephys.nwb	15882720	90	53	15
sub-healthy-simulated-beta/sub-healthy-simulated-beta_ses-1044_ecephys.nwb	37187374	236	93	11
sub-healthy-simulated-beta/sub-healthy-simulated-beta_ses-1745_ecephys.nwb	4970592	22	21	1
sub-parkinson-simulated-lfp/sub-parkinson-simulated-lfp_ses-4058_ecephys.nwb	12503520	18	17	1
sub-healthy-simulated-lfp/sub-healthy-simulated-lfp_ses-5547_ecephys.nwb	14807520	18	17	1
sub-healthy-simulated-lfp/sub-healthy-simulated-lfp_ses-78_ecephys.nwb	52650780	120	55	19
sub-healthy-simulated-lfp/sub-healthy-simulated-lfp_ses-3196_ecephys.nwb	15630160	19	18	1
sub-parkinson-simulated-beta/sub-parkinson-simulated-beta_ses-7396_ecephys.nwb	4970592	22	21	1
sub-parkinson-simulated-beta/sub-parkinson-simulated-beta_ses-4820_ecephys.nwb	4970592	22	21	1
sub-parkinson-simulated-beta/sub-parkinson-simulated-beta_ses-5661_ecephys.nwb	4518720	20	19	1
sub-parkinson-simulated-lfp/sub-parkinson-simulated-lfp_ses-93_ecephys.nwb	56309912	125	57	15
sub-parkinson-simulated-lfp/sub-parkinson-simulated-lfp_ses-7131_ecephys.nwb	13821360	19	18	1
sub-parkinson-simulated-lfp/sub-parkinson-simulated-lfp_ses-9648_ecephys.nwb	16452800	20	19	1
sub-healthy-simulated-lfp/sub-healthy-simulated-lfp_ses-7736_ecephys.nwb	14807520	18	17	1
sub-parkinson-simulated-beta/sub-parkinson-simulated-beta_ses-284_ecephys.nwb	14629504	83	50	14
sub-parkinson-simulated-lfp/sub-parkinson-simulated-lfp_ses-2769_ecephys.nwb	14807520	18	17	1
sub-parkinson-simulated-lfp/sub-parkinson-simulated-lfp_ses-2631_ecephys.nwb	16452800	20	19	1
sub-parkinson-simulated-lfp/sub-parkinson-simulated-lfp_ses-1492_ecephys.nwb	13892800	20	19	1
sub-parkinson-simulated-lfp/sub-parkinson-simulated-lfp_ses-4432_ecephys.nwb	14807520	18	17	1
sub-healthy-simulated-lfp/sub-healthy-simulated-lfp_ses-3297_ecephys.nwb	18098080	22	21	1
sub-healthy-simulated-lfp/sub-healthy-simulated-lfp_ses-9607_ecephys.nwb	16452800	20	19	1
sub-parkinson-simulated-beta/sub-parkinson-simulated-beta_ses-5956_ecephys.nwb	4744656	21	20	1
sub-parkinson-simulated-lfp/sub-parkinson-simulated-lfp_ses-4338_ecephys.nwb	13093920	18	17	1
sub-parkinson-simulated-beta/sub-parkinson-simulated-beta_ses-9511_ecephys.nwb	4518720	20	19	1
sub-healthy-simulated-beta/sub-healthy-simulated-beta_ses-4664_ecephys.nwb	4970592	22	21	1
sub-parkinson-simulated-lfp/sub-parkinson-simulated-lfp_ses-66_ecephys.nwb	48967452	116	55	20
sub-healthy-simulated-lfp/sub-healthy-simulated-lfp_ses-6340_ecephys.nwb	15630160	19	18	1
sub-parkinson-simulated-lfp/sub-parkinson-simulated-lfp_ses-5658_ecephys.nwb	14807520	18	17	1
sub-healthy-simulated-beta/sub-healthy-simulated-beta_ses-218_ecephys.nwb	34579072	207	108	27
sub-parkinson-simulated-beta/sub-parkinson-simulated-beta_ses-9908_ecephys.nwb	4970592	22	21	1
sub-parkinson-simulated-beta/sub-parkinson-simulated-beta_ses-1263_ecephys.nwb	4518720	20	19	1
sub-parkinson-simulated-lfp/sub-parkinson-simulated-lfp_ses-6111_ecephys.nwb	15630160	19	18	1
sub-parkinson-simulated-lfp/sub-parkinson-simulated-lfp_ses-3828_ecephys.nwb	14807520	18	17	1
sub-parkinson-simulated-beta/sub-parkinson-simulated-beta_ses-6663_ecephys.nwb	4970592	22	21	1
sub-parkinson-simulated-lfp/sub-parkinson-simulated-lfp_ses-3830_ecephys.nwb	13093920	18	17	1
sub-healthy-simulated-beta/sub-healthy-simulated-beta_ses-9530_ecephys.nwb	5196528	23	22	1
sub-parkinson-simulated-beta/sub-parkinson-simulated-beta_ses-9146_ecephys.nwb	4744656	21	20	1
sub-parkinson-simulated-lfp/sub-parkinson-simulated-lfp_ses-3344_ecephys.nwb	14807520	18	17	1
sub-healthy-simulated-beta/sub-healthy-simulated-beta_ses-516_ecephys.nwb	16560528	90	60	12
sub-parkinson-simulated-lfp/sub-parkinson-simulated-lfp_ses-7559_ecephys.nwb	16452800	20	18	1
sub-healthy-simulated-lfp/sub-healthy-simulated-lfp_ses-1046_ecephys.nwb	17480240	23	20	2
sub-parkinson-simulated-lfp/sub-parkinson-simulated-lfp_ses-5651_ecephys.nwb	17275440	21	20	1
sub-parkinson-simulated-beta/sub-parkinson-simulated-beta_ses-838_ecephys.nwb	4518720	20	19	1
sub-healthy-simulated-lfp/sub-healthy-simulated-lfp_ses-9793_ecephys.nwb	15630160	19	18	1
sub-healthy-simulated-lfp/sub-healthy-simulated-lfp_ses-516_ecephys.nwb	59098140	123	64	18
sub-healthy-simulated-beta/sub-healthy-simulated-beta_ses-3061_ecephys.nwb	4518720	20	19	1
sub-parkinson-simulated-lfp/sub-parkinson-simulated-lfp_ses-6117_ecephys.nwb	13093920	18	17	1
sub-parkinson-simulated-lfp/sub-parkinson-simulated-lfp_ses-60_ecephys.nwb	64299456	134	69	15
sub-parkinson-simulated-lfp/sub-parkinson-simulated-lfp_ses-4063_ecephys.nwb	14807520	18	17	1
sub-parkinson-simulated-lfp/sub-parkinson-simulated-lfp_ses-339_ecephys.nwb	76749676	179	81	29
sub-parkinson-simulated-beta/sub-parkinson-simulated-beta_ses-4343_ecephys.nwb	4744656	21	20	1
sub-parkinson-simulated-lfp/sub-parkinson-simulated-lfp_ses-2124_ecephys.nwb	13892800	20	19	1
sub-parkinson-simulated-beta/sub-parkinson-simulated-beta_ses-3302_ecephys.nwb	4744656	21	20	1
sub-healthy-simulated-beta/sub-healthy-simulated-beta_ses-7976_ecephys.nwb	4970592	22	21	1
sub-parkinson-simulated-lfp/sub-parkinson-simulated-lfp_ses-6624_ecephys.nwb	15630160	19	18	1
sub-parkinson-simulated-lfp/sub-parkinson-simulated-lfp_ses-8361_ecephys.nwb	14807520	18	17	1
sub-parkinson-simulated-lfp/sub-parkinson-simulated-lfp_ses-4329_ecephys.nwb	13162240	16	15	1
sub-parkinson-simulated-lfp/sub-parkinson-simulated-lfp_ses-5809_ecephys.nwb	12503520	18	17	1
sub-parkinson-simulated-beta/sub-parkinson-simulated-beta_ses-2011_ecephys.nwb	4744656	21	20	1
sub-parkinson-simulated-lfp/sub-parkinson-simulated-lfp_ses-3283_ecephys.nwb	13821360	19	18	1
sub-parkinson-simulated-beta/sub-parkinson-simulated-beta_ses-5387_ecephys.nwb	4518720	20	19	1
sub-parkinson-simulated-lfp/sub-parkinson-simulated-lfp_ses-3548_ecephys.nwb	14807520	18	17	1
sub-parkinson-simulated-lfp/sub-parkinson-simulated-lfp_ses-6462_ecephys.nwb	13984880	17	16	1
sub-parkinson-simulated-lfp/sub-parkinson-simulated-lfp_ses-8686_ecephys.nwb	13093920	18	17	1
sub-healthy-simulated-beta/sub-healthy-simulated-beta_ses-6303_ecephys.nwb	5196528	23	22	1
sub-healthy-simulated-lfp/sub-healthy-simulated-lfp_ses-1289_ecephys.nwb	17275440	21	20	1
sub-parkinson-simulated-beta/sub-parkinson-simulated-beta_ses-9648_ecephys.nwb	4970592	22	21	1
sub-parkinson-simulated-beta/sub-parkinson-simulated-beta_ses-4296_ecephys.nwb	4970592	22	21	1
sub-healthy-simulated-lfp/sub-healthy-simulated-lfp_ses-4462_ecephys.nwb	14807520	18	17	1
sub-parkinson-simulated-lfp/sub-parkinson-simulated-lfp_ses-3195_ecephys.nwb	14807520	18	17	1
sub-parkinson-simulated-beta/sub-parkinson-simulated-beta_ses-5114_ecephys.nwb	4970592	22	21	1
sub-parkinson-simulated-beta/sub-parkinson-simulated-beta_ses-2252_ecephys.nwb	4970592	22	21	1
sub-parkinson-simulated-beta/sub-parkinson-simulated-beta_ses-2115_ecephys.nwb	4970592	22	21	1
sub-healthy-simulated-lfp/sub-healthy-simulated-lfp_ses-3402_ecephys.nwb	14807520	18	17	1
sub-parkinson-simulated-lfp/sub-parkinson-simulated-lfp_ses-3991_ecephys.nwb	14548800	20	19	1
sub-parkinson-simulated-lfp/sub-parkinson-simulated-lfp_ses-5318_ecephys.nwb	14807520	18	17	1
sub-parkinson-simulated-lfp/sub-parkinson-simulated-lfp_ses-2951_ecephys.nwb	14548800	20	19	1
sub-parkinson-simulated-lfp/sub-parkinson-simulated-lfp_ses-8853_ecephys.nwb	16003680	22	21	1
sub-parkinson-simulated-lfp/sub-parkinson-simulated-lfp_ses-5889_ecephys.nwb	18098080	22	21	1
sub-parkinson-simulated-lfp/sub-parkinson-simulated-lfp_ses-4229_ecephys.nwb	15630160	19	18	1
sub-parkinson-simulated-lfp/sub-parkinson-simulated-lfp_ses-7794_ecephys.nwb	16452800	20	19	1
sub-parkinson-simulated-lfp/sub-parkinson-simulated-lfp_ses-6863_ecephys.nwb	18920720	23	22	1
sub-healthy-simulated-beta/sub-healthy-simulated-beta_ses-423_ecephys.nwb	19950832	114	68	16
sub-parkinson-simulated-beta/sub-parkinson-simulated-beta_ses-3694_ecephys.nwb	4970592	22	21	1
sub-parkinson-simulated-lfp/sub-parkinson-simulated-lfp_ses-7002_ecephys.nwb	14807520	18	17	1
sub-parkinson-simulated-beta/sub-parkinson-simulated-beta_ses-1812_ecephys.nwb	4744656	21	20	1
sub-parkinson-simulated-beta/sub-parkinson-simulated-beta_ses-4063_ecephys.nwb	4970592	22	21	1
sub-parkinson-simulated-lfp/sub-parkinson-simulated-lfp_ses-449_ecephys.nwb	14807520	18	17	1
sub-parkinson-simulated-lfp/sub-parkinson-simulated-lfp_ses-5167_ecephys.nwb	16452800	20	19	1
sub-parkinson-simulated-lfp/sub-parkinson-simulated-lfp_ses-4393_ecephys.nwb	14807520	18	17	1
sub-parkinson-simulated-lfp/sub-parkinson-simulated-lfp_ses-8653_ecephys.nwb	13821360	19	18	1
sub-parkinson-simulated-beta/sub-parkinson-simulated-beta_ses-5651_ecephys.nwb	4744656	21	20	1
sub-healthy-simulated-lfp/sub-healthy-simulated-lfp_ses-8038_ecephys.nwb	15630160	19	18	1
sub-parkinson-simulated-lfp/sub-parkinson-simulated-lfp_ses-9518_ecephys.nwb	15630160	19	18	1
sub-parkinson-simulated-beta/sub-parkinson-simulated-beta_ses-1492_ecephys.nwb	4970592	22	21	1
sub-healthy-simulated-lfp/sub-healthy-simulated-lfp_ses-218_ecephys.nwb	60167260	144	62	20
sub-parkinson-simulated-lfp/sub-parkinson-simulated-lfp_ses-2252_ecephys.nwb	14807520	18	17	1
sub-healthy-simulated-lfp/sub-healthy-simulated-lfp_ses-279_ecephys.nwb	54138524	103	59	11
sub-parkinson-simulated-lfp/sub-parkinson-simulated-lfp_ses-3956_ecephys.nwb	16003680	22	21	1
sub-parkinson-simulated-beta/sub-parkinson-simulated-beta_ses-6418_ecephys.nwb	4744656	21	20	1
sub-parkinson-simulated-lfp/sub-parkinson-simulated-lfp_ses-3928_ecephys.nwb	14807520	18	17	1
sub-parkinson-simulated-beta/sub-parkinson-simulated-beta_ses-9458_ecephys.nwb	4744656	21	20	1
sub-parkinson-simulated-lfp/sub-parkinson-simulated-lfp_ses-3795_ecephys.nwb	15276240	21	20	1
sub-healthy-simulated-lfp/sub-healthy-simulated-lfp_ses-769_ecephys.nwb	13984880	17	16	1
sub-parkinson-simulated-lfp/sub-parkinson-simulated-lfp_ses-1191_ecephys.nwb	15630160	19	18	1
sub-parkinson-simulated-beta/sub-parkinson-simulated-beta_ses-5579_ecephys.nwb	4744656	21	20	1
sub-parkinson-simulated-lfp/sub-parkinson-simulated-lfp_ses-4526_ecephys.nwb	14807520	18	17	1
sub-parkinson-simulated-beta/sub-parkinson-simulated-beta_ses-8403_ecephys.nwb	4970592	22	21	1
sub-healthy-simulated-lfp/sub-healthy-simulated-lfp_ses-6799_ecephys.nwb	14807520	18	17	1
sub-parkinson-simulated-lfp/sub-parkinson-simulated-lfp_ses-8154_ecephys.nwb	21388640	26	25	1
sub-parkinson-simulated-lfp/sub-parkinson-simulated-lfp_ses-9398_ecephys.nwb	13821360	19	18	1
sub-parkinson-simulated-beta/sub-parkinson-simulated-beta_ses-3716_ecephys.nwb	4744656	21	20	1
sub-healthy-simulated-beta/sub-healthy-simulated-beta_ses-8484_ecephys.nwb	4518720	20	19	1
sub-healthy-simulated-lfp/sub-healthy-simulated-lfp_ses-5931_ecephys.nwb	11516960	14	13	1
sub-parkinson-simulated-lfp/sub-parkinson-simulated-lfp_ses-7733_ecephys.nwb	14807520	18	17	1
sub-healthy-simulated-lfp/sub-healthy-simulated-lfp_ses-1654_ecephys.nwb	15630160	19	18	1
sub-parkinson-simulated-lfp/sub-parkinson-simulated-lfp_ses-972_ecephys.nwb	12366480	17	16	1
sub-parkinson-simulated-lfp/sub-parkinson-simulated-lfp_ses-8693_ecephys.nwb	13821360	19	18	1
sub-parkinson-simulated-beta/sub-parkinson-simulated-beta_ses-3293_ecephys.nwb	4292784	19	18	1
sub-parkinson-simulated-lfp/sub-parkinson-simulated-lfp_ses-2251_ecephys.nwb	13984880	17	16	1
sub-parkinson-simulated-lfp/sub-parkinson-simulated-lfp_ses-7949_ecephys.nwb	13162240	16	15	1
sub-parkinson-simulated-lfp/sub-parkinson-simulated-lfp_ses-4659_ecephys.nwb	14807520	18	17	1
sub-parkinson-simulated-lfp/sub-parkinson-simulated-lfp_ses-1138_ecephys.nwb	13162240	16	15	1
sub-parkinson-simulated-beta/sub-parkinson-simulated-beta_ses-2284_ecephys.nwb	4292784	19	18	1
sub-healthy-simulated-lfp/sub-healthy-simulated-lfp_ses-6559_ecephys.nwb	12339600	15	14	1
sub-parkinson-simulated-lfp/sub-parkinson-simulated-lfp_ses-6243_ecephys.nwb	13162240	16	15	1
sub-parkinson-simulated-beta/sub-parkinson-simulated-beta_ses-9499_ecephys.nwb	4292784	19	18	1
sub-parkinson-simulated-lfp/sub-parkinson-simulated-lfp_ses-485_ecephys.nwb	13472880	19	15	2
sub-parkinson-simulated-lfp/sub-parkinson-simulated-lfp_ses-7004_ecephys.nwb	14587440	21	20	1
sub-parkinson-simulated-beta/sub-parkinson-simulated-beta_ses-3357_ecephys.nwb	4292784	19	18	1
sub-parkinson-simulated-lfp/sub-parkinson-simulated-lfp_ses-4833_ecephys.nwb	11639040	16	15	1
sub-parkinson-simulated-lfp/sub-parkinson-simulated-lfp_ses-466_ecephys.nwb	13162240	16	15	1
sub-parkinson-simulated-beta/sub-parkinson-simulated-beta_ses-6499_ecephys.nwb	4292784	19	18	1
sub-parkinson-simulated-lfp/sub-parkinson-simulated-lfp_ses-5460_ecephys.nwb	13198160	19	18	1
sub-parkinson-simulated-beta/sub-parkinson-simulated-beta_ses-2139_ecephys.nwb	5832064	28	23	3
sub-healthy-simulated-beta/sub-healthy-simulated-beta_ses-8866_ecephys.nwb	4518720	20	19	1
sub-parkinson-simulated-beta/sub-parkinson-simulated-beta_ses-3746_ecephys.nwb	5606128	27	22	3
sub-parkinson-simulated-lfp/sub-parkinson-simulated-lfp_ses-2354_ecephys.nwb	11114240	16	15	1
sub-parkinson-simulated-beta/sub-parkinson-simulated-beta_ses-5718_ecephys.nwb	4292784	19	18	1
sub-parkinson-simulated-lfp/sub-parkinson-simulated-lfp_ses-4774_ecephys.nwb	13984880	17	16	1
sub-healthy-simulated-lfp/sub-healthy-simulated-lfp_ses-5077_ecephys.nwb	13162240	16	15	1
sub-parkinson-simulated-beta/sub-parkinson-simulated-beta_ses-7921_ecephys.nwb	4292784	19	18	1
sub-parkinson-simulated-lfp/sub-parkinson-simulated-lfp_ses-7400_ecephys.nwb	10911600	15	14	1
sub-healthy-simulated-beta/sub-healthy-simulated-beta_ses-9494_ecephys.nwb	4518720	20	19	1
sub-parkinson-simulated-beta/sub-parkinson-simulated-beta_ses-298_ecephys.nwb	22763200	132	73	23
sub-parkinson-simulated-beta/sub-parkinson-simulated-beta_ses-3207_ecephys.nwb	4518720	20	19	1
sub-healthy-simulated-lfp/sub-healthy-simulated-lfp_ses-2689_ecephys.nwb	13984880	17	16	1
sub-healthy-simulated-lfp/sub-healthy-simulated-lfp_ses-9254_ecephys.nwb	12339600	15	14	1
sub-parkinson-simulated-lfp/sub-parkinson-simulated-lfp_ses-5135_ecephys.nwb	12339600	15	14	1
sub-parkinson-simulated-beta/sub-parkinson-simulated-beta_ses-1225_ecephys.nwb	4518720	20	19	1
sub-parkinson-simulated-beta/sub-parkinson-simulated-beta_ses-289_ecephys.nwb	18244480	102	63	14
sub-parkinson-simulated-lfp/sub-parkinson-simulated-lfp_ses-1254_ecephys.nwb	12366480	17	16	1
sub-parkinson-simulated-lfp/sub-parkinson-simulated-lfp_ses-2954_ecephys.nwb	11639040	16	15	1
sub-parkinson-simulated-lfp/sub-parkinson-simulated-lfp_ses-4287_ecephys.nwb	13162240	16	15	1
sub-parkinson-simulated-beta/sub-parkinson-simulated-beta_ses-5663_ecephys.nwb	3614976	16	15	1
sub-parkinson-simulated-beta/sub-parkinson-simulated-beta_ses-3150_ecephys.nwb	4292784	19	18	1
sub-parkinson-simulated-lfp/sub-parkinson-simulated-lfp_ses-6812_ecephys.nwb	10911600	15	14	1
sub-parkinson-simulated-beta/sub-parkinson-simulated-beta_ses-8995_ecephys.nwb	4066848	18	17	1
sub-parkinson-simulated-lfp/sub-parkinson-simulated-lfp_ses-4029_ecephys.nwb	15630160	19	18	1
sub-healthy-simulated-lfp/sub-healthy-simulated-lfp_ses-423_ecephys.nwb	55961380	105	62	11
sub-healthy-simulated-beta/sub-healthy-simulated-beta_ses-9649_ecephys.nwb	4518720	20	19	1
sub-parkinson-simulated-lfp/sub-parkinson-simulated-lfp_ses-1368_ecephys.nwb	16452800	20	19	1
sub-parkinson-simulated-lfp/sub-parkinson-simulated-lfp_ses-5298_ecephys.nwb	11639040	16	15	1
sub-parkinson-simulated-lfp/sub-parkinson-simulated-lfp_ses-3248_ecephys.nwb	14587440	21	20	1
sub-parkinson-simulated-beta/sub-parkinson-simulated-beta_ses-2573_ecephys.nwb	4518720	20	19	1
sub-parkinson-simulated-lfp/sub-parkinson-simulated-lfp_ses-5969_ecephys.nwb	13821360	19	18	1
sub-parkinson-simulated-beta/sub-parkinson-simulated-beta_ses-9924_ecephys.nwb	4292784	19	18	1
sub-healthy-simulated-beta/sub-healthy-simulated-beta_ses-6358_ecephys.nwb	4518720	20	19	1
sub-parkinson-simulated-beta/sub-parkinson-simulated-beta_ses-3218_ecephys.nwb	4518720	20	19	1
sub-parkinson-simulated-lfp/sub-parkinson-simulated-lfp_ses-2610_ecephys.nwb	11639040	16	15	1
sub-parkinson-simulated-lfp/sub-parkinson-simulated-lfp_ses-1434_ecephys.nwb	10911600	15	14	1
sub-parkinson-simulated-lfp/sub-parkinson-simulated-lfp_ses-120_ecephys.nwb	43305960	82	47	10
sub-healthy-simulated-lfp/sub-healthy-simulated-lfp_ses-5902_ecephys.nwb	12339600	15	14	1
sub-parkinson-simulated-lfp/sub-parkinson-simulated-lfp_ses-6090_ecephys.nwb	11639040	16	15	1
sub-parkinson-simulated-lfp/sub-parkinson-simulated-lfp_ses-7945_ecephys.nwb	12366480	17	16	1
sub-parkinson-simulated-beta/sub-parkinson-simulated-beta_ses-5915_ecephys.nwb	4518720	20	19	1
sub-parkinson-simulated-lfp/sub-parkinson-simulated-lfp_ses-3294_ecephys.nwb	13984880	17	16	1
sub-healthy-simulated-beta/sub-healthy-simulated-beta_ses-2649_ecephys.nwb	4744656	21	20	1
sub-parkinson-simulated-lfp/sub-parkinson-simulated-lfp_ses-3023_ecephys.nwb	13984880	17	16	1
sub-parkinson-simulated-beta/sub-parkinson-simulated-beta_ses-4669_ecephys.nwb	4292784	19	18	1
sub-healthy-simulated-beta/sub-healthy-simulated-beta_ses-9653_ecephys.nwb	4518720	20	19	1
sub-parkinson-simulated-lfp/sub-parkinson-simulated-lfp_ses-8066_ecephys.nwb	11114240	16	15	1
sub-healthy-simulated-lfp/sub-healthy-simulated-lfp_ses-9653_ecephys.nwb	12339600	15	14	1
sub-parkinson-simulated-beta/sub-parkinson-simulated-beta_ses-3472_ecephys.nwb	4066848	18	17	1
sub-parkinson-simulated-lfp/sub-parkinson-simulated-lfp_ses-1253_ecephys.nwb	13162240	16	15	1
sub-parkinson-simulated-lfp/sub-parkinson-simulated-lfp_ses-9000_ecephys.nwb	14807520	18	17	1
sub-parkinson-simulated-lfp/sub-parkinson-simulated-lfp_ses-124_ecephys.nwb	51165624	133	58	21
sub-parkinson-simulated-lfp/sub-parkinson-simulated-lfp_ses-680_ecephys.nwb	13162240	16	15	1
sub-parkinson-simulated-lfp/sub-parkinson-simulated-lfp_ses-7445_ecephys.nwb	13162240	16	15	1
sub-parkinson-simulated-lfp/sub-parkinson-simulated-lfp_ses-6986_ecephys.nwb	11639040	16	15	1
sub-parkinson-simulated-lfp/sub-parkinson-simulated-lfp_ses-7594_ecephys.nwb	15630160	19	18	1
sub-parkinson-simulated-lfp/sub-parkinson-simulated-lfp_ses-9923_ecephys.nwb	12339600	15	14	1
sub-parkinson-simulated-beta/sub-parkinson-simulated-beta_ses-4670_ecephys.nwb	4292784	19	18	1
sub-parkinson-simulated-lfp/sub-parkinson-simulated-lfp_ses-1268_ecephys.nwb	13984880	17	16	1
sub-parkinson-simulated-beta/sub-parkinson-simulated-beta_ses-5353_ecephys.nwb	4292784	19	18	1
sub-parkinson-simulated-lfp/sub-parkinson-simulated-lfp_ses-4167_ecephys.nwb	13984880	17	16	1
sub-parkinson-simulated-lfp/sub-parkinson-simulated-lfp_ses-7427_ecephys.nwb	13162240	16	15	1
sub-parkinson-simulated-beta/sub-parkinson-simulated-beta_ses-3438_ecephys.nwb	4518720	20	19	1
sub-parkinson-simulated-beta/sub-parkinson-simulated-beta_ses-412_ecephys.nwb	4066848	18	17	1
sub-parkinson-simulated-lfp/sub-parkinson-simulated-lfp_ses-112_ecephys.nwb	48004592	95	51	12
sub-parkinson-simulated-beta/sub-parkinson-simulated-beta_ses-1253_ecephys.nwb	4292784	19	18	1
sub-healthy-simulated-lfp/sub-healthy-simulated-lfp_ses-9639_ecephys.nwb	14807520	18	17	1
sub-healthy-simulated-beta/sub-healthy-simulated-beta_ses-7227_ecephys.nwb	4518720	20	19	1
sub-parkinson-simulated-lfp/sub-parkinson-simulated-lfp_ses-2225_ecephys.nwb	13984880	17	16	1
sub-parkinson-simulated-beta/sub-parkinson-simulated-beta_ses-7781_ecephys.nwb	4292784	19	18	1
sub-parkinson-simulated-beta/sub-parkinson-simulated-beta_ses-5065_ecephys.nwb	4292784	19	18	1
sub-healthy-simulated-lfp/sub-healthy-simulated-lfp_ses-9494_ecephys.nwb	12339600	15	14	1
sub-parkinson-simulated-lfp/sub-parkinson-simulated-lfp_ses-3490_ecephys.nwb	13093920	18	17	1
sub-parkinson-simulated-beta/sub-parkinson-simulated-beta_ses-5809_ecephys.nwb	4518720	20	19	1
sub-parkinson-simulated-lfp/sub-parkinson-simulated-lfp_ses-4786_ecephys.nwb	11114240	16	15	1
sub-parkinson-simulated-lfp/sub-parkinson-simulated-lfp_ses-7140_ecephys.nwb	11639040	16	15	1
sub-parkinson-simulated-lfp/sub-parkinson-simulated-lfp_ses-5353_ecephys.nwb	13984880	17	16	1
sub-parkinson-simulated-lfp/sub-parkinson-simulated-lfp_ses-7396_ecephys.nwb	13162240	16	15	1
sub-parkinson-simulated-beta/sub-parkinson-simulated-beta_ses-6665_ecephys.nwb	4518720	20	19	1
sub-parkinson-simulated-lfp/sub-parkinson-simulated-lfp_ses-441_ecephys.nwb	11639040	16	15	1
sub-parkinson-simulated-lfp/sub-parkinson-simulated-lfp_ses-8887_ecephys.nwb	18098080	22	21	1
sub-parkinson-simulated-lfp/sub-parkinson-simulated-lfp_ses-7958_ecephys.nwb	13162240	16	15	1
sub-parkinson-simulated-lfp/sub-parkinson-simulated-lfp_ses-9695_ecephys.nwb	13998480	17	16	1
sub-parkinson-simulated-beta/sub-parkinson-simulated-beta_ses-5481_ecephys.nwb	4518720	20	19	1
sub-healthy-simulated-lfp/sub-healthy-simulated-lfp_ses-4224_ecephys.nwb	13162240	16	15	1
sub-parkinson-simulated-lfp/sub-parkinson-simulated-lfp_ses-8997_ecephys.nwb	13162240	16	15	1
sub-parkinson-simulated-lfp/sub-parkinson-simulated-lfp_ses-4457_ecephys.nwb	12366480	17	16	1
sub-parkinson-simulated-lfp/sub-parkinson-simulated-lfp_ses-6280_ecephys.nwb	12366480	17	16	1
sub-parkinson-simulated-lfp/sub-parkinson-simulated-lfp_ses-922_ecephys.nwb	13162240	16	15	1
sub-parkinson-simulated-lfp/sub-parkinson-simulated-lfp_ses-163_ecephys.nwb	54391580	124	56	13
sub-parkinson-simulated-beta/sub-parkinson-simulated-beta_ses-8090_ecephys.nwb	4518720	20	19	1
sub-parkinson-simulated-beta/sub-parkinson-simulated-beta_ses-2990_ecephys.nwb	4292784	19	18	1
sub-parkinson-simulated-beta/sub-parkinson-simulated-beta_ses-7002_ecephys.nwb	4518720	20	19	1
sub-parkinson-simulated-lfp/sub-parkinson-simulated-lfp_ses-4975_ecephys.nwb	11639040	16	15	1
sub-healthy-simulated-beta/sub-healthy-simulated-beta_ses-5837_ecephys.nwb	4518720	20	19	1
sub-parkinson-simulated-lfp/sub-parkinson-simulated-lfp_ses-9939_ecephys.nwb	11114240	16	15	1
sub-parkinson-simulated-lfp/sub-parkinson-simulated-lfp_ses-7695_ecephys.nwb	13998480	17	16	1
sub-healthy-simulated-lfp/sub-healthy-simulated-lfp_ses-9423_ecephys.nwb	13984880	17	16	1
sub-parkinson-simulated-lfp/sub-parkinson-simulated-lfp_ses-5411_ecephys.nwb	12339600	15	14	1
sub-healthy-simulated-lfp/sub-healthy-simulated-lfp_ses-7471_ecephys.nwb	14807520	18	17	1
sub-parkinson-simulated-beta/sub-parkinson-simulated-beta_ses-4982_ecephys.nwb	4518720	20	19	1
sub-parkinson-simulated-beta/sub-parkinson-simulated-beta_ses-1796_ecephys.nwb	4292784	19	18	1
sub-parkinson-simulated-beta/sub-parkinson-simulated-beta_ses-339_ecephys.nwb	13623360	77	46	13
sub-healthy-simulated-beta/sub-healthy-simulated-beta_ses-1533_ecephys.nwb	5401328	25	22	3
sub-parkinson-simulated-lfp/sub-parkinson-simulated-lfp_ses-2600_ecephys.nwb	13162240	16	15	1
sub-parkinson-simulated-lfp/sub-parkinson-simulated-lfp_ses-3472_ecephys.nwb	14807520	18	17	1
sub-parkinson-simulated-lfp/sub-parkinson-simulated-lfp_ses-5663_ecephys.nwb	13162240	16	15	1
sub-healthy-simulated-lfp/sub-healthy-simulated-lfp_ses-7731_ecephys.nwb	17788484	29	20	3
sub-parkinson-simulated-lfp/sub-parkinson-simulated-lfp_ses-8857_ecephys.nwb	13984880	17	16	1
sub-healthy-simulated-lfp/sub-healthy-simulated-lfp_ses-345_ecephys.nwb	44443724	89	48	11
sub-parkinson-simulated-beta/sub-parkinson-simulated-beta_ses-3555_ecephys.nwb	4292784	19	18	1
sub-parkinson-simulated-lfp/sub-parkinson-simulated-lfp_ses-2556_ecephys.nwb	13162240	16	15	1
sub-healthy-simulated-beta/sub-healthy-simulated-beta_ses-2734_ecephys.nwb	4744656	21	20	1
sub-parkinson-simulated-beta/sub-parkinson-simulated-beta_ses-8422_ecephys.nwb	4292784	19	18	1
sub-parkinson-simulated-beta/sub-parkinson-simulated-beta_ses-6385_ecephys.nwb	4292784	19	18	1
sub-parkinson-simulated-beta/sub-parkinson-simulated-beta_ses-1004_ecephys.nwb	5196528	25	20	2
sub-parkinson-simulated-lfp/sub-parkinson-simulated-lfp_ses-8137_ecephys.nwb	17275440	21	20	1
sub-parkinson-simulated-beta/sub-parkinson-simulated-beta_ses-3522_ecephys.nwb	4518720	20	19	1
sub-parkinson-simulated-beta/sub-parkinson-simulated-beta_ses-9162_ecephys.nwb	4066848	18	17	1
sub-parkinson-simulated-lfp/sub-parkinson-simulated-lfp_ses-8974_ecephys.nwb	13984880	17	16	1
sub-healthy-simulated-lfp/sub-healthy-simulated-lfp_ses-7294_ecephys.nwb	13162240	16	15	1
sub-parkinson-simulated-lfp/sub-parkinson-simulated-lfp_ses-6603_ecephys.nwb	11808880	17	16	1
sub-parkinson-simulated-beta/sub-parkinson-simulated-beta_ses-60_ecephys.nwb	16662928	97	54	16
sub-parkinson-simulated-beta/sub-parkinson-simulated-beta_ses-4231_ecephys.nwb	4518720	20	19	1
sub-healthy-simulated-lfp/sub-healthy-simulated-lfp_ses-4687_ecephys.nwb	12339600	15	14	1
sub-parkinson-simulated-lfp/sub-parkinson-simulated-lfp_ses-9678_ecephys.nwb	13162240	16	15	1
sub-healthy-simulated-beta/sub-healthy-simulated-beta_ses-8715_ecephys.nwb	4744656	21	20	1
sub-healthy-simulated-beta/sub-healthy-simulated-beta_ses-1654_ecephys.nwb	4744656	21	20	1
sub-healthy-simulated-lfp/sub-healthy-simulated-lfp_ses-2598_ecephys.nwb	14807520	18	17	1
sub-healthy-simulated-beta/sub-healthy-simulated-beta_ses-5205_ecephys.nwb	4518720	20	19	1
sub-parkinson-simulated-lfp/sub-parkinson-simulated-lfp_ses-3442_ecephys.nwb	15276240	21	20	1
sub-parkinson-simulated-beta/sub-parkinson-simulated-beta_ses-6578_ecephys.nwb	4292784	19	18	1
sub-parkinson-simulated-beta/sub-parkinson-simulated-beta_ses-7065_ecephys.nwb	4518720	20	19	1
sub-parkinson-simulated-beta/sub-parkinson-simulated-beta_ses-6608_ecephys.nwb	4292784	19	18	1
sub-healthy-simulated-lfp/sub-healthy-simulated-lfp_ses-6333_ecephys.nwb	16452800	20	19	1
sub-parkinson-simulated-lfp/sub-parkinson-simulated-lfp_ses-6988_ecephys.nwb	11639040	16	15	1
sub-parkinson-simulated-lfp/sub-parkinson-simulated-lfp_ses-8049_ecephys.nwb	11114240	16	15	1
sub-parkinson-simulated-lfp/sub-parkinson-simulated-lfp_ses-5915_ecephys.nwb	17275440	21	20	1
sub-parkinson-simulated-lfp/sub-parkinson-simulated-lfp_ses-1514_ecephys.nwb	15630160	19	18	1
sub-parkinson-simulated-beta/sub-parkinson-simulated-beta_ses-1514_ecephys.nwb	4744656	21	20	1
sub-parkinson-simulated-beta/sub-parkinson-simulated-beta_ses-7369_ecephys.nwb	4518720	20	19	1
sub-healthy-simulated-lfp/sub-healthy-simulated-lfp_ses-3851_ecephys.nwb	13162240	16	15	1
sub-parkinson-simulated-beta/sub-parkinson-simulated-beta_ses-7645_ecephys.nwb	4292784	19	18	1
sub-parkinson-simulated-beta/sub-parkinson-simulated-beta_ses-111_ecephys.nwb	26060704	168	76	30
sub-parkinson-simulated-lfp/sub-parkinson-simulated-lfp_ses-6485_ecephys.nwb	12339600	15	14	1
sub-parkinson-simulated-lfp/sub-parkinson-simulated-lfp_ses-2023_ecephys.nwb	13984880	17	16	1
sub-healthy-simulated-beta/sub-healthy-simulated-beta_ses-4462_ecephys.nwb	4518720	20	19	1
sub-healthy-simulated-beta/sub-healthy-simulated-beta_ses-2598_ecephys.nwb	5832064	28	23	3
sub-parkinson-simulated-lfp/sub-parkinson-simulated-lfp_ses-3322_ecephys.nwb	12366480	17	16	1
sub-healthy-simulated-beta/sub-healthy-simulated-beta_ses-6559_ecephys.nwb	4066848	18	17	1
sub-parkinson-simulated-beta/sub-parkinson-simulated-beta_ses-8780_ecephys.nwb	4066848	18	17	1
sub-parkinson-simulated-lfp/sub-parkinson-simulated-lfp_ses-9458_ecephys.nwb	13162240	16	15	1
sub-healthy-simulated-beta/sub-healthy-simulated-beta_ses-6340_ecephys.nwb	4518720	20	19	1
sub-healthy-simulated-lfp/sub-healthy-simulated-lfp_ses-2649_ecephys.nwb	14807520	18	17	1
sub-healthy-simulated-beta/sub-healthy-simulated-beta_ses-3297_ecephys.nwb	4744656	21	20	1
sub-healthy-simulated-beta/sub-healthy-simulated-beta_ses-2636_ecephys.nwb	4518720	20	19	1
sub-parkinson-simulated-beta/sub-parkinson-simulated-beta_ses-9286_ecephys.nwb	4518720	20	19	1
sub-parkinson-simulated-lfp/sub-parkinson-simulated-lfp_ses-6409_ecephys.nwb	12366480	17	16	1
sub-healthy-simulated-beta/sub-healthy-simulated-beta_ses-646_ecephys.nwb	14978976	85	51	13
sub-parkinson-simulated-lfp/sub-parkinson-simulated-lfp_ses-1456_ecephys.nwb	17275440	21	20	1
sub-parkinson-simulated-lfp/sub-parkinson-simulated-lfp_ses-2011_ecephys.nwb	13984880	17	16	1
sub-parkinson-simulated-lfp/sub-parkinson-simulated-lfp_ses-3503_ecephys.nwb	11114240	16	15	1
sub-healthy-simulated-lfp/sub-healthy-simulated-lfp_ses-2734_ecephys.nwb	18098080	22	21	1
sub-healthy-simulated-beta/sub-healthy-simulated-beta_ses-4537_ecephys.nwb	4518720	20	19	1
sub-parkinson-simulated-beta/sub-parkinson-simulated-beta_ses-3341_ecephys.nwb	4292784	19	18	1
sub-healthy-simulated-lfp/sub-healthy-simulated-lfp_ses-9850_ecephys.nwb	13162240	16	15	1
sub-parkinson-simulated-beta/sub-parkinson-simulated-beta_ses-8206_ecephys.nwb	4292784	19	18	1
sub-parkinson-simulated-beta/sub-parkinson-simulated-beta_ses-7150_ecephys.nwb	4518720	20	19	1
sub-parkinson-simulated-lfp/sub-parkinson-simulated-lfp_ses-8593_ecephys.nwb	14587440	21	20	1
sub-parkinson-simulated-beta/sub-parkinson-simulated-beta_ses-7779_ecephys.nwb	4292784	19	18	1
sub-healthy-simulated-beta/sub-healthy-simulated-beta_ses-2689_ecephys.nwb	4744656	21	20	1
sub-parkinson-simulated-lfp/sub-parkinson-simulated-lfp_ses-6064_ecephys.nwb	17275440	21	20	1
sub-healthy-simulated-beta/sub-healthy-simulated-beta_ses-1433_ecephys.nwb	5175392	24	21	3
sub-parkinson-simulated-lfp/sub-parkinson-simulated-lfp_ses-2496_ecephys.nwb	12339600	15	14	1
sub-parkinson-simulated-lfp/sub-parkinson-simulated-lfp_ses-5279_ecephys.nwb	14548800	20	19	1
sub-parkinson-simulated-lfp/sub-parkinson-simulated-lfp_ses-3506_ecephys.nwb	14807520	18	17	1
sub-parkinson-simulated-lfp/sub-parkinson-simulated-lfp_ses-2350_ecephys.nwb	13162240	16	15	1
sub-parkinson-simulated-beta/sub-parkinson-simulated-beta_ses-2671_ecephys.nwb	3389040	15	14	1
sub-parkinson-simulated-lfp/sub-parkinson-simulated-lfp_ses-9460_ecephys.nwb	13162240	16	15	1
sub-parkinson-simulated-beta/sub-parkinson-simulated-beta_ses-3503_ecephys.nwb	3614976	16	15	1
sub-healthy-simulated-lfp/sub-healthy-simulated-lfp_ses-895_ecephys.nwb	10694320	13	12	1
sub-parkinson-simulated-lfp/sub-parkinson-simulated-lfp_ses-1836_ecephys.nwb	10911600	15	14	1
sub-parkinson-simulated-lfp/sub-parkinson-simulated-lfp_ses-1560_ecephys.nwb	14548800	20	19	1
sub-parkinson-simulated-lfp/sub-parkinson-simulated-lfp_ses-9286_ecephys.nwb	10694320	13	12	1
sub-healthy-simulated-beta/sub-healthy-simulated-beta_ses-4687_ecephys.nwb	3840912	17	16	1
sub-parkinson-simulated-beta/sub-parkinson-simulated-beta_ses-2251_ecephys.nwb	3389040	15	14	1
sub-parkinson-simulated-beta/sub-parkinson-simulated-beta_ses-4393_ecephys.nwb	3614976	16	15	1
sub-parkinson-simulated-beta/sub-parkinson-simulated-beta_ses-648_ecephys.nwb	3614976	16	15	1
sub-parkinson-simulated-beta/sub-parkinson-simulated-beta_ses-8154_ecephys.nwb	3389040	15	14	1
sub-healthy-simulated-lfp/sub-healthy-simulated-lfp_ses-9920_ecephys.nwb	10694320	13	12	1
sub-parkinson-simulated-beta/sub-parkinson-simulated-beta_ses-4547_ecephys.nwb	3389040	15	14	1
sub-healthy-simulated-beta/sub-healthy-simulated-beta_ses-9076_ecephys.nwb	3614976	16	15	1
sub-healthy-simulated-lfp/sub-healthy-simulated-lfp_ses-6357_ecephys.nwb	9871680	12	11	1
sub-parkinson-simulated-beta/sub-parkinson-simulated-beta_ses-7079_ecephys.nwb	3614976	16	15	1
sub-healthy-simulated-beta/sub-healthy-simulated-beta_ses-3347_ecephys.nwb	4066848	18	17	1
sub-parkinson-simulated-beta/sub-parkinson-simulated-beta_ses-6470_ecephys.nwb	3840912	17	16	1
sub-parkinson-simulated-beta/sub-parkinson-simulated-beta_ses-8406_ecephys.nwb	3163104	14	13	1
sub-healthy-simulated-beta/sub-healthy-simulated-beta_ses-6277_ecephys.nwb	3389040	15	14	1
sub-parkinson-simulated-lfp/sub-parkinson-simulated-lfp_ses-7977_ecephys.nwb	10694320	13	12	1
sub-parkinson-simulated-lfp/sub-parkinson-simulated-lfp_ses-8452_ecephys.nwb	9871680	12	11	1
sub-parkinson-simulated-beta/sub-parkinson-simulated-beta_ses-559_ecephys.nwb	3163104	14	13	1
sub-parkinson-simulated-beta/sub-parkinson-simulated-beta_ses-3616_ecephys.nwb	3163104	14	13	1
sub-parkinson-simulated-lfp/sub-parkinson-simulated-lfp_ses-5801_ecephys.nwb	9049040	11	10	1
sub-parkinson-simulated-lfp/sub-parkinson-simulated-lfp_ses-3285_ecephys.nwb	9049040	11	10	1
sub-parkinson-simulated-lfp/sub-parkinson-simulated-lfp_ses-6042_ecephys.nwb	8226400	10	9	1
sub-parkinson-simulated-lfp/sub-parkinson-simulated-lfp_ses-1796_ecephys.nwb	9049040	11	10	1
sub-healthy-simulated-lfp/sub-healthy-simulated-lfp_ses-1460_ecephys.nwb	9049040	11	10	1
sub-parkinson-simulated-beta/sub-parkinson-simulated-beta_ses-8577_ecephys.nwb	3163104	14	13	1
sub-parkinson-simulated-lfp/sub-parkinson-simulated-lfp_ses-1422_ecephys.nwb	9871680	12	11	1
sub-healthy-simulated-beta/sub-healthy-simulated-beta_ses-3753_ecephys.nwb	3163104	14	13	1
sub-parkinson-simulated-beta/sub-parkinson-simulated-beta_ses-5936_ecephys.nwb	3163104	14	13	1
sub-parkinson-simulated-beta/sub-parkinson-simulated-beta_ses-8974_ecephys.nwb	3163104	14	13	1
sub-parkinson-simulated-beta/sub-parkinson-simulated-beta_ses-4774_ecephys.nwb	3163104	14	13	1
sub-parkinson-simulated-beta/sub-parkinson-simulated-beta_ses-5801_ecephys.nwb	3163104	14	13	1
sub-healthy-simulated-beta/sub-healthy-simulated-beta_ses-8684_ecephys.nwb	4476448	22	17	3
sub-parkinson-simulated-lfp/sub-parkinson-simulated-lfp_ses-9915_ecephys.nwb	11516960	14	13	1
sub-parkinson-simulated-lfp/sub-parkinson-simulated-lfp_ses-8288_ecephys.nwb	10184160	14	13	1
sub-healthy-simulated-lfp/sub-healthy-simulated-lfp_ses-7883_ecephys.nwb	16114936	29	18	5
sub-parkinson-simulated-beta/sub-parkinson-simulated-beta_ses-5770_ecephys.nwb	3163104	14	13	1
sub-parkinson-simulated-lfp/sub-parkinson-simulated-lfp_ses-7369_ecephys.nwb	7403760	9	8	1
sub-parkinson-simulated-beta/sub-parkinson-simulated-beta_ses-1326_ecephys.nwb	2937168	13	12	1
sub-healthy-simulated-lfp/sub-healthy-simulated-lfp_ses-9649_ecephys.nwb	7403760	9	8	1
sub-parkinson-simulated-lfp/sub-parkinson-simulated-lfp_ses-4499_ecephys.nwb	6546960	9	8	1
sub-healthy-simulated-lfp/sub-healthy-simulated-lfp_ses-9846_ecephys.nwb	9871680	12	11	1
sub-parkinson-simulated-lfp/sub-parkinson-simulated-lfp_ses-9764_ecephys.nwb	7403760	9	8	1
sub-parkinson-simulated-beta/sub-parkinson-simulated-beta_ses-8350_ecephys.nwb	2937168	13	12	1
sub-parkinson-simulated-beta/sub-parkinson-simulated-beta_ses-2600_ecephys.nwb	2937168	13	12	1
sub-parkinson-simulated-lfp/sub-parkinson-simulated-lfp_ses-5799_ecephys.nwb	7403760	9	8	1
sub-parkinson-simulated-beta/sub-parkinson-simulated-beta_ses-4229_ecephys.nwb	2937168	13	12	1
sub-parkinson-simulated-lfp/sub-parkinson-simulated-lfp_ses-3218_ecephys.nwb	7403760	9	8	1
sub-healthy-simulated-lfp/sub-healthy-simulated-lfp_ses-8556_ecephys.nwb	9049040	11	10	1
sub-parkinson-simulated-beta/sub-parkinson-simulated-beta_ses-2717_ecephys.nwb	2711232	12	11	1
sub-healthy-simulated-beta/sub-healthy-simulated-beta_ses-9607_ecephys.nwb	2937168	13	12	1
sub-healthy-simulated-lfp/sub-healthy-simulated-lfp_ses-6531_ecephys.nwb	7403760	9	8	1
sub-parkinson-simulated-beta/sub-parkinson-simulated-beta_ses-5332_ecephys.nwb	2711232	12	11	1
sub-parkinson-simulated-lfp/sub-parkinson-simulated-lfp_ses-5757_ecephys.nwb	7403760	9	8	1
sub-parkinson-simulated-lfp/sub-parkinson-simulated-lfp_ses-2332_ecephys.nwb	8001840	11	10	1
sub-parkinson-simulated-lfp/sub-parkinson-simulated-lfp_ses-5285_ecephys.nwb	12339600	15	14	1
sub-parkinson-simulated-lfp/sub-parkinson-simulated-lfp_ses-1149_ecephys.nwb	10694320	13	12	1
sub-parkinson-simulated-lfp/sub-parkinson-simulated-lfp_ses-4059_ecephys.nwb	8226400	10	9	1
sub-parkinson-simulated-beta/sub-parkinson-simulated-beta_ses-680_ecephys.nwb	2485296	11	10	1
sub-parkinson-simulated-beta/sub-parkinson-simulated-beta_ses-8357_ecephys.nwb	2485296	11	10	1
sub-parkinson-simulated-lfp/sub-parkinson-simulated-lfp_ses-5710_ecephys.nwb	8226400	10	9	1
sub-parkinson-simulated-beta/sub-parkinson-simulated-beta_ses-9460_ecephys.nwb	2259360	10	9	1
sub-healthy-simulated-data/sub-healthy-simulated-data_ses-001_ecephys.nwb	155152942	441	121	25
sub-healthy-simulated-lfp/sub-healthy-simulated-lfp_ses-9463_ecephys.nwb	4935840	6	5	1
sub-parkinson-simulated-lfp/sub-parkinson-simulated-lfp_ses-9468_ecephys.nwb	6581120	8	7	1
sub-healthy-simulated-beta/sub-healthy-simulated-beta_ses-6333_ecephys.nwb	2259360	10	9	1
sub-parkinson-simulated-beta/sub-parkinson-simulated-beta_ses-5606_ecephys.nwb	2033424	9	8	1
sub-parkinson-simulated-beta/sub-parkinson-simulated-beta_ses-6462_ecephys.nwb	2259360	10	9	1
sub-healthy-simulated-beta/sub-healthy-simulated-beta_ses-4834_ecephys.nwb	2485296	11	10	1
sub-parkinson-simulated-lfp/sub-parkinson-simulated-lfp_ses-7230_ecephys.nwb	6546960	9	8	1
sub-parkinson-simulated-beta/sub-parkinson-simulated-beta_ses-5138_ecephys.nwb	2259360	10	9	1
sub-parkinson-simulated-lfp/sub-parkinson-simulated-lfp_ses-6665_ecephys.nwb	5758480	7	6	1
sub-parkinson-simulated-lfp/sub-parkinson-simulated-lfp_ses-4318_ecephys.nwb	4364640	6	5	1
sub-parkinson-simulated-beta/sub-parkinson-simulated-beta_ses-1052_ecephys.nwb	2259360	10	9	1
sub-parkinson-simulated-lfp/sub-parkinson-simulated-lfp_ses-9060_ecephys.nwb	4935840	6	5	1
sub-parkinson-simulated-beta/sub-parkinson-simulated-beta_ses-2851_ecephys.nwb	2033424	9	8	1
sub-healthy-simulated-beta/sub-healthy-simulated-beta_ses-5547_ecephys.nwb	2259360	10	9	1
sub-parkinson-simulated-beta/sub-parkinson-simulated-beta_ses-658_ecephys.nwb	2259360	10	9	1
sub-parkinson-simulated-lfp/sub-parkinson-simulated-lfp_ses-2282_ecephys.nwb	6546960	9	8	1
sub-parkinson-simulated-lfp/sub-parkinson-simulated-lfp_ses-7222_ecephys.nwb	4935840	6	5	1
sub-parkinson-simulated-beta/sub-parkinson-simulated-beta_ses-5757_ecephys.nwb	2033424	9	8	1
sub-parkinson-simulated-lfp/sub-parkinson-simulated-lfp_ses-6893_ecephys.nwb	4935840	6	5	1
sub-parkinson-simulated-lfp/sub-parkinson-simulated-lfp_ses-9234_ecephys.nwb	4364640	6	5	1
sub-parkinson-simulated-beta/sub-parkinson-simulated-beta_ses-6088_ecephys.nwb	2259360	10	9	1
sub-parkinson-simulated-lfp/sub-parkinson-simulated-lfp_ses-8743_ecephys.nwb	4935840	6	5	1
sub-parkinson-simulated-beta/sub-parkinson-simulated-beta_ses-2023_ecephys.nwb	2033424	9	8	1
sub-healthy-simulated-beta/sub-healthy-simulated-beta_ses-9199_ecephys.nwb	2485296	11	10	1
sub-parkinson-simulated-beta/sub-parkinson-simulated-beta_ses-7445_ecephys.nwb	2259360	10	9	1
sub-parkinson-simulated-beta/sub-parkinson-simulated-beta_ses-3663_ecephys.nwb	2259360	10	9	1
sub-parkinson-simulated-beta/sub-parkinson-simulated-beta_ses-7004_ecephys.nwb	2033424	9	8	1
sub-parkinson-simulated-beta/sub-parkinson-simulated-beta_ses-1621_ecephys.nwb	2033424	9	8	1
sub-parkinson-simulated-beta/sub-parkinson-simulated-beta_ses-6808_ecephys.nwb	2033424	9	8	1
sub-parkinson-simulated-beta/sub-parkinson-simulated-beta_ses-1169_ecephys.nwb	2033424	9	8	1
sub-parkinson-simulated-lfp/sub-parkinson-simulated-lfp_ses-7777_ecephys.nwb	5092080	7	6	1
sub-healthy-simulated-lfp/sub-healthy-simulated-lfp_ses-6002_ecephys.nwb	4935840	6	5	1
sub-parkinson-simulated-lfp/sub-parkinson-simulated-lfp_ses-4814_ecephys.nwb	5758480	7	6	1
sub-parkinson-simulated-beta/sub-parkinson-simulated-beta_ses-8367_ecephys.nwb	2259360	10	9	1
sub-parkinson-simulated-lfp/sub-parkinson-simulated-lfp_ses-9465_ecephys.nwb	6546960	9	8	1
sub-parkinson-simulated-lfp/sub-parkinson-simulated-lfp_ses-245_ecephys.nwb	29310264	66	34	10
sub-parkinson-simulated-beta/sub-parkinson-simulated-beta_ses-1149_ecephys.nwb	2259360	10	9	1
sub-parkinson-simulated-lfp/sub-parkinson-simulated-lfp_ses-6802_ecephys.nwb	8001840	11	10	1
sub-healthy-simulated-beta/sub-healthy-simulated-beta_ses-279_ecephys.nwb	16685328	103	50	18
sub-parkinson-simulated-beta/sub-parkinson-simulated-beta_ses-1663_ecephys.nwb	2259360	10	9	1
sub-parkinson-simulated-beta/sub-parkinson-simulated-beta_ses-5658_ecephys.nwb	2033424	9	8	1
sub-parkinson-simulated-beta/sub-parkinson-simulated-beta_ses-9800_ecephys.nwb	2259360	10	9	1
sub-parkinson-simulated-lfp/sub-parkinson-simulated-lfp_ses-4772_ecephys.nwb	4935840	6	5	1
sub-healthy-simulated-lfp/sub-healthy-simulated-lfp_ses-4487_ecephys.nwb	4935840	6	5	1
sub-healthy-simulated-beta/sub-healthy-simulated-beta_ses-6152_ecephys.nwb	2937168	14	11	2
sub-parkinson-simulated-beta/sub-parkinson-simulated-beta_ses-9982_ecephys.nwb	2259360	10	9	1
sub-healthy-simulated-lfp/sub-healthy-simulated-lfp_ses-9076_ecephys.nwb	7403760	9	8	1
sub-parkinson-simulated-beta/sub-parkinson-simulated-beta_ses-3309_ecephys.nwb	2259360	10	9	1
sub-parkinson-simulated-lfp/sub-parkinson-simulated-lfp_ses-8367_ecephys.nwb	5758480	7	6	1
sub-parkinson-simulated-beta/sub-parkinson-simulated-beta_ses-9468_ecephys.nwb	2259360	10	9	1
sub-parkinson-simulated-lfp/sub-parkinson-simulated-lfp_ses-6482_ecephys.nwb	4935840	6	5	1
sub-parkinson-simulated-lfp/sub-parkinson-simulated-lfp_ses-6254_ecephys.nwb	4364640	6	5	1
sub-parkinson-simulated-beta/sub-parkinson-simulated-beta_ses-9764_ecephys.nwb	2033424	9	8	1
sub-parkinson-simulated-lfp/sub-parkinson-simulated-lfp_ses-1769_ecephys.nwb	10184160	14	13	1
sub-parkinson-simulated-beta/sub-parkinson-simulated-beta_ses-1059_ecephys.nwb	2920558	15	10	2
sub-healthy-simulated-beta/sub-healthy-simulated-beta_ses-9247_ecephys.nwb	2485296	11	10	1
sub-parkinson-simulated-beta/sub-parkinson-simulated-beta_ses-9915_ecephys.nwb	2485296	11	10	1
sub-parkinson-simulated-beta/sub-parkinson-simulated-beta_ses-7334_ecephys.nwb	2259360	10	9	1
sub-parkinson-simulated-lfp/sub-parkinson-simulated-lfp_ses-5894_ecephys.nwb	4364640	6	5	1
sub-healthy-simulated-lfp/sub-healthy-simulated-lfp_ses-9247_ecephys.nwb	5758480	7	6	1
sub-healthy-simulated-lfp/sub-healthy-simulated-lfp_ses-2258_ecephys.nwb	2933120	8	7	1
sub-parkinson-simulated-lfp/sub-parkinson-simulated-lfp_ses-4906_ecephys.nwb	5758480	7	6	1
sub-parkinson-simulated-lfp/sub-parkinson-simulated-lfp_ses-2488_ecephys.nwb	4935840	6	5	1
sub-healthy-simulated-beta/sub-healthy-simulated-beta_ses-3196_ecephys.nwb	2259360	10	9	1
sub-healthy-simulated-lfp/sub-healthy-simulated-lfp_ses-7976_ecephys.nwb	6581120	8	7	1
sub-parkinson-simulated-beta/sub-parkinson-simulated-beta_ses-4038_ecephys.nwb	2033424	9	8	1
sub-parkinson-simulated-beta/sub-parkinson-simulated-beta_ses-2482_ecephys.nwb	2033424	9	8	1
sub-parkinson-simulated-lfp/sub-parkinson-simulated-lfp_ses-3300_ecephys.nwb	4364640	6	5	1
sub-parkinson-simulated-beta/sub-parkinson-simulated-beta_ses-6354_ecephys.nwb	2259360	10	9	1
sub-parkinson-simulated-beta/sub-parkinson-simulated-beta_ses-2084_ecephys.nwb	2033424	9	8	1
sub-healthy-simulated-beta/sub-healthy-simulated-beta_ses-3545_ecephys.nwb	2259360	10	9	1
sub-parkinson-simulated-lfp/sub-parkinson-simulated-lfp_ses-1113_ecephys.nwb	5092080	7	6	1
sub-parkinson-simulated-lfp/sub-parkinson-simulated-lfp_ses-2455_ecephys.nwb	4935840	6	5	1
sub-parkinson-simulated-lfp/sub-parkinson-simulated-lfp_ses-1105_ecephys.nwb	4364640	6	5	1
sub-healthy-simulated-beta/sub-healthy-simulated-beta_ses-4205_ecephys.nwb	2259360	10	9	1
sub-parkinson-simulated-beta/sub-parkinson-simulated-beta_ses-3294_ecephys.nwb	2259360	10	9	1
sub-parkinson-simulated-lfp/sub-parkinson-simulated-lfp_ses-4702_ecephys.nwb	4935840	6	5	1
sub-parkinson-simulated-lfp/sub-parkinson-simulated-lfp_ses-7294_ecephys.nwb	7403760	9	8	1
sub-parkinson-simulated-lfp/sub-parkinson-simulated-lfp_ses-1626_ecephys.nwb	4364640	6	5	1
sub-parkinson-simulated-beta/sub-parkinson-simulated-beta_ses-1974_ecephys.nwb	2259360	10	9	1
sub-parkinson-simulated-beta/sub-parkinson-simulated-beta_ses-8517_ecephys.nwb	2033424	9	8	1
sub-healthy-simulated-beta/sub-healthy-simulated-beta_ses-4186_ecephys.nwb	2711232	13	10	2
sub-parkinson-simulated-lfp/sub-parkinson-simulated-lfp_ses-2789_ecephys.nwb	5092080	7	6	1
sub-parkinson-simulated-lfp/sub-parkinson-simulated-lfp_ses-8350_ecephys.nwb	5758480	7	6	1
sub-healthy-simulated-lfp/sub-healthy-simulated-lfp_ses-162_ecephys.nwb	97773612	279	84	28
sub-parkinson-simulated-lfp/sub-parkinson-simulated-lfp_ses-9924_ecephys.nwb	4935840	6	5	1
sub-parkinson-simulated-lfp/sub-parkinson-simulated-lfp_ses-854_ecephys.nwb	5092080	7	6	1
sub-parkinson-simulated-lfp/sub-parkinson-simulated-lfp_ses-2119_ecephys.nwb	4364640	6	5	1
sub-parkinson-simulated-lfp/sub-parkinson-simulated-lfp_ses-5332_ecephys.nwb	4935840	6	5	1
sub-parkinson-simulated-beta/sub-parkinson-simulated-beta_ses-5799_ecephys.nwb	2033424	9	8	1
sub-parkinson-simulated-lfp/sub-parkinson-simulated-lfp_ses-6578_ecephys.nwb	5758480	7	6	1
sub-healthy-simulated-beta/sub-healthy-simulated-beta_ses-9793_ecephys.nwb	2259360	10	9	1
sub-parkinson-simulated-lfp/sub-parkinson-simulated-lfp_ses-486_ecephys.nwb	4935840	6	5	1
sub-parkinson-simulated-lfp/sub-parkinson-simulated-lfp_ses-1225_ecephys.nwb	4935840	6	5	1
sub-parkinson-simulated-beta/sub-parkinson-simulated-beta_ses-1330_ecephys.nwb	2259360	10	9	1
sub-parkinson-simulated-beta/sub-parkinson-simulated-beta_ses-4837_ecephys.nwb	2259360	10	9	1
sub-parkinson-simulated-beta/sub-parkinson-simulated-beta_ses-3484_ecephys.nwb	2033424	9	8	1
sub-parkinson-simulated-lfp/sub-parkinson-simulated-lfp_ses-606_ecephys.nwb	6546960	9	8	1
sub-healthy-simulated-beta/sub-healthy-simulated-beta_ses-1913_ecephys.nwb	2259360	10	9	1
sub-parkinson-simulated-beta/sub-parkinson-simulated-beta_ses-5034_ecephys.nwb	2259360	10	9	1
sub-parkinson-simulated-lfp/sub-parkinson-simulated-lfp_ses-9847_ecephys.nwb	9456720	13	12	1
sub-parkinson-simulated-lfp/sub-parkinson-simulated-lfp_ses-5644_ecephys.nwb	4935840	6	5	1
sub-parkinson-simulated-beta/sub-parkinson-simulated-beta_ses-6383_ecephys.nwb	2259360	10	9	1
sub-healthy-simulated-beta/sub-healthy-simulated-beta_ses-9639_ecephys.nwb	2259360	10	9	1
sub-parkinson-simulated-lfp/sub-parkinson-simulated-lfp_ses-7391_ecephys.nwb	6137360	11	7	2
sub-parkinson-simulated-lfp/sub-parkinson-simulated-lfp_ses-3746_ecephys.nwb	5758480	7	6	1
sub-healthy-simulated-lfp/sub-healthy-simulated-lfp_ses-6057_ecephys.nwb	6581120	8	7	1
sub-parkinson-simulated-lfp/sub-parkinson-simulated-lfp_ses-5745_ecephys.nwb	4364640	6	5	1
sub-healthy-simulated-beta/sub-healthy-simulated-beta_ses-769_ecephys.nwb	2259360	10	9	1
sub-parkinson-simulated-lfp/sub-parkinson-simulated-lfp_ses-6147_ecephys.nwb	6581120	8	7	1
sub-parkinson-simulated-beta/sub-parkinson-simulated-beta_ses-6276_ecephys.nwb	2259360	10	9	1
sub-parkinson-simulated-lfp/sub-parkinson-simulated-lfp_ses-6274_ecephys.nwb	6546960	9	8	1
sub-parkinson-simulated-lfp/sub-parkinson-simulated-lfp_ses-8695_ecephys.nwb	9881280	12	11	1
sub-parkinson-simulated-beta/sub-parkinson-simulated-beta_ses-9561_ecephys.nwb	2033424	9	8	1
sub-parkinson-simulated-beta/sub-parkinson-simulated-beta_ses-5227_ecephys.nwb	2259360	10	9	1
sub-parkinson-simulated-beta/sub-parkinson-simulated-beta_ses-9374_ecephys.nwb	2259360	10	9	1
sub-parkinson-simulated-lfp/sub-parkinson-simulated-lfp_ses-9499_ecephys.nwb	9049040	11	10	1
sub-parkinson-simulated-lfp/sub-parkinson-simulated-lfp_ses-1773_ecephys.nwb	5758480	7	6	1
sub-parkinson-simulated-beta/sub-parkinson-simulated-beta_ses-1268_ecephys.nwb	2259360	10	9	1
sub-healthy-simulated-lfp/sub-healthy-simulated-lfp_ses-3753_ecephys.nwb	9871680	12	11	1
sub-healthy-simulated-lfp/sub-healthy-simulated-lfp_ses-7488_ecephys.nwb	5758480	7	6	1
sub-parkinson-simulated-beta/sub-parkinson-simulated-beta_ses-8887_ecephys.nwb	2033424	9	8	1
sub-parkinson-simulated-lfp/sub-parkinson-simulated-lfp_ses-4022_ecephys.nwb	6546960	9	8	1
sub-healthy-simulated-beta/sub-healthy-simulated-beta_ses-2983_ecephys.nwb	2259360	10	9	1
sub-parkinson-simulated-lfp/sub-parkinson-simulated-lfp_ses-5579_ecephys.nwb	5758480	7	6	1
sub-parkinson-simulated-lfp/sub-parkinson-simulated-lfp_ses-3075_ecephys.nwb	5758480	7	6	1
sub-parkinson-simulated-lfp/sub-parkinson-simulated-lfp_ses-51_ecephys.nwb	53856796	136	52	22
sub-parkinson-simulated-beta/sub-parkinson-simulated-beta_ses-5620_ecephys.nwb	2259360	10	9	1
sub-parkinson-simulated-lfp/sub-parkinson-simulated-lfp_ses-8206_ecephys.nwb	6581120	8	7	1
sub-parkinson-simulated-lfp/sub-parkinson-simulated-lfp_ses-8294_ecephys.nwb	8226400	10	9	1
sub-healthy-simulated-lfp/sub-healthy-simulated-lfp_ses-7078_ecephys.nwb	4935840	6	5	1
sub-parkinson-simulated-beta/sub-parkinson-simulated-beta_ses-1074_ecephys.nwb	2259360	10	9	1
sub-healthy-simulated-beta/sub-healthy-simulated-beta_ses-5077_ecephys.nwb	2485296	11	10	1
sub-parkinson-simulated-beta/sub-parkinson-simulated-beta_ses-7427_ecephys.nwb	2259360	10	9	1
sub-parkinson-simulated-beta/sub-parkinson-simulated-beta_ses-3075_ecephys.nwb	2259360	10	9	1
sub-healthy-simulated-beta/sub-healthy-simulated-beta_ses-6574_ecephys.nwb	2259360	10	9	1
sub-parkinson-simulated-lfp/sub-parkinson-simulated-lfp_ses-1663_ecephys.nwb	7403760	9	8	1
sub-healthy-simulated-beta/sub-healthy-simulated-beta_ses-2486_ecephys.nwb	2259360	10	9	1
sub-parkinson-simulated-lfp/sub-parkinson-simulated-lfp_ses-3663_ecephys.nwb	5758480	7	6	1
sub-parkinson-simulated-beta/sub-parkinson-simulated-beta_ses-2943_ecephys.nwb	2259360	10	9	1
sub-parkinson-simulated-beta/sub-parkinson-simulated-beta_ses-4786_ecephys.nwb	2033424	9	8	1
sub-healthy-simulated-lfp/sub-healthy-simulated-lfp_ses-696_ecephys.nwb	6069120	10	6	2
sub-parkinson-simulated-lfp/sub-parkinson-simulated-lfp_ses-318_ecephys.nwb	43110824	117	47	16
sub-parkinson-simulated-beta/sub-parkinson-simulated-beta_ses-9526_ecephys.nwb	2033424	9	8	1
sub-parkinson-simulated-beta/sub-parkinson-simulated-beta_ses-112_ecephys.nwb	12742016	78	39	16
sub-healthy-simulated-beta/sub-healthy-simulated-beta_ses-4758_ecephys.nwb	2259360	10	9	1
sub-parkinson-simulated-beta/sub-parkinson-simulated-beta_ses-7594_ecephys.nwb	2259360	10	9	1
sub-parkinson-simulated-lfp/sub-parkinson-simulated-lfp_ses-1330_ecephys.nwb	10694320	13	12	1
sub-parkinson-simulated-lfp/sub-parkinson-simulated-lfp_ses-6556_ecephys.nwb	4167840	6	5	1
sub-healthy-simulated-lfp/sub-healthy-simulated-lfp_ses-2636_ecephys.nwb	9049040	11	10	1
sub-parkinson-simulated-lfp/sub-parkinson-simulated-lfp_ses-8403_ecephys.nwb	6581120	8	7	1
sub-healthy-simulated-lfp/sub-healthy-simulated-lfp_ses-7124_ecephys.nwb	4935840	6	5	1
sub-healthy-simulated-lfp/sub-healthy-simulated-lfp_ses-3347_ecephys.nwb	5758480	7	6	1
sub-parkinson-simulated-lfp/sub-parkinson-simulated-lfp_ses-5547_ecephys.nwb	4364640	6	5	1
sub-parkinson-simulated-lfp/sub-parkinson-simulated-lfp_ses-5402_ecephys.nwb	4364640	6	5	1
sub-parkinson-simulated-lfp/sub-parkinson-simulated-lfp_ses-559_ecephys.nwb	8226400	10	9	1
sub-parkinson-simulated-beta/sub-parkinson-simulated-beta_ses-7222_ecephys.nwb	2259360	10	9	1
sub-parkinson-simulated-beta/sub-parkinson-simulated-beta_ses-3248_ecephys.nwb	2033424	9	8	1
sub-parkinson-simulated-lfp/sub-parkinson-simulated-lfp_ses-4938_ecephys.nwb	4935840	6	5	1
sub-parkinson-simulated-beta/sub-parkinson-simulated-beta_ses-120_ecephys.nwb	14076496	86	42	17
sub-parkinson-simulated-lfp/sub-parkinson-simulated-lfp_ses-750_ecephys.nwb	4935840	6	5	1
sub-healthy-simulated-beta/sub-healthy-simulated-beta_ses-2357_ecephys.nwb	2259360	10	9	1
sub-parkinson-simulated-lfp/sub-parkinson-simulated-lfp_ses-838_ecephys.nwb	4935840	6	5	1
sub-parkinson-simulated-lfp/sub-parkinson-simulated-lfp_ses-6510_ecephys.nwb	6581120	8	7	1
sub-parkinson-simulated-lfp/sub-parkinson-simulated-lfp_ses-2636_ecephys.nwb	5092080	7	6	1
sub-parkinson-simulated-lfp/sub-parkinson-simulated-lfp_ses-8994_ecephys.nwb	7403760	9	8	1
sub-parkinson-simulated-lfp/sub-parkinson-simulated-lfp_ses-8914_ecephys.nwb	4935840	6	5	1
sub-parkinson-simulated-beta/sub-parkinson-simulated-beta_ses-3928_ecephys.nwb	2033424	9	8	1
sub-parkinson-simulated-lfp/sub-parkinson-simulated-lfp_ses-5138_ecephys.nwb	4935840	6	5	1
sub-parkinson-simulated-lfp/sub-parkinson-simulated-lfp_ses-5718_ecephys.nwb	7403760	9	8	1
sub-parkinson-simulated-lfp/sub-parkinson-simulated-lfp_ses-5661_ecephys.nwb	6581120	8	7	1
sub-parkinson-simulated-beta/sub-parkinson-simulated-beta_ses-3548_ecephys.nwb	2033424	9	8	1
sub-healthy-simulated-beta/sub-healthy-simulated-beta_ses-5931_ecephys.nwb	2259360	10	9	1
sub-parkinson-simulated-beta/sub-parkinson-simulated-beta_ses-9923_ecephys.nwb	2033424	9	8	1
sub-parkinson-simulated-beta/sub-parkinson-simulated-beta_ses-2672_ecephys.nwb	3572704	18	13	3
sub-parkinson-simulated-beta/sub-parkinson-simulated-beta_ses-5935_ecephys.nwb	2485296	11	10	1
sub-parkinson-simulated-beta/sub-parkinson-simulated-beta_ses-5239_ecephys.nwb	2259360	10	9	1
sub-parkinson-simulated-beta/sub-parkinson-simulated-beta_ses-5952_ecephys.nwb	2033424	9	8	1
sub-parkinson-simulated-beta/sub-parkinson-simulated-beta_ses-2455_ecephys.nwb	2033424	9	8	1
sub-parkinson-simulated-lfp/sub-parkinson-simulated-lfp_ses-298_ecephys.nwb	34294160	73	36	10
sub-parkinson-simulated-beta/sub-parkinson-simulated-beta_ses-8294_ecephys.nwb	2259360	10	9	1
sub-parkinson-simulated-lfp/sub-parkinson-simulated-lfp_ses-3522_ecephys.nwb	7403760	9	8	1
sub-parkinson-simulated-beta/sub-parkinson-simulated-beta_ses-4906_ecephys.nwb	2033424	9	8	1
sub-parkinson-simulated-lfp/sub-parkinson-simulated-lfp_ses-9350_ecephys.nwb	7274400	10	9	1
sub-parkinson-simulated-beta/sub-parkinson-simulated-beta_ses-2769_ecephys.nwb	2033424	9	8	1
sub-healthy-simulated-lfp/sub-healthy-simulated-lfp_ses-5315_ecephys.nwb	6581120	8	7	1
sub-parkinson-simulated-beta/sub-parkinson-simulated-beta_ses-4755_ecephys.nwb	2259360	10	9	1
sub-parkinson-simulated-lfp/sub-parkinson-simulated-lfp_ses-984_ecephys.nwb	5819520	8	7	1
sub-healthy-simulated-beta/sub-healthy-simulated-beta_ses-7736_ecephys.nwb	2485296	11	10	1
sub-parkinson-simulated-beta/sub-parkinson-simulated-beta_ses-8997_ecephys.nwb	2033424	9	8	1
sub-parkinson-simulated-lfp/sub-parkinson-simulated-lfp_ses-8090_ecephys.nwb	10694320	13	12	1
sub-parkinson-simulated-lfp/sub-parkinson-simulated-lfp_ses-648_ecephys.nwb	4935840	6	5	1
sub-parkinson-simulated-lfp/sub-parkinson-simulated-lfp_ses-9516_ecephys.nwb	6546960	9	8	1
sub-parkinson-simulated-lfp/sub-parkinson-simulated-lfp_ses-4695_ecephys.nwb	5764080	7	6	1
sub-parkinson-simulated-lfp/sub-parkinson-simulated-lfp_ses-4669_ecephys.nwb	4935840	6	5	1
sub-healthy-simulated-lfp/sub-healthy-simulated-lfp_ses-5310_ecephys.nwb	8226400	10	9	1
sub-parkinson-simulated-lfp/sub-parkinson-simulated-lfp_ses-2845_ecephys.nwb	4935840	6	5	1
sub-healthy-simulated-lfp/sub-healthy-simulated-lfp_ses-5727_ecephys.nwb	5758480	7	6	1
sub-parkinson-simulated-lfp/sub-parkinson-simulated-lfp_ses-658_ecephys.nwb	4935840	6	5	1
sub-healthy-simulated-beta/sub-healthy-simulated-beta_ses-2358_ecephys.nwb	2485296	11	10	1
sub-parkinson-simulated-beta/sub-parkinson-simulated-beta_ses-575_ecephys.nwb	2259360	10	9	1
sub-parkinson-simulated-lfp/sub-parkinson-simulated-lfp_ses-6196_ecephys.nwb	5819520	8	7	1
sub-parkinson-simulated-lfp/sub-parkinson-simulated-lfp_ses-1074_ecephys.nwb	4935840	6	5	1
sub-healthy-simulated-beta/sub-healthy-simulated-beta_ses-9700_ecephys.nwb	2259360	10	9	1
sub-parkinson-simulated-lfp/sub-parkinson-simulated-lfp_ses-7666_ecephys.nwb	4935840	6	5	1
sub-parkinson-simulated-lfp/sub-parkinson-simulated-lfp_ses-4539_ecephys.nwb	8226400	10	9	1
sub-healthy-simulated-beta/sub-healthy-simulated-beta_ses-7731_ecephys.nwb	2259360	10	9	1
sub-healthy-simulated-beta/sub-healthy-simulated-beta_ses-895_ecephys.nwb	2485296	11	10	1
sub-parkinson-simulated-lfp/sub-parkinson-simulated-lfp_ses-5481_ecephys.nwb	6581120	8	7	1
sub-parkinson-simulated-beta/sub-parkinson-simulated-beta_ses-6492_ecephys.nwb	2033424	9	8	1
sub-healthy-simulated-lfp/sub-healthy-simulated-lfp_ses-8866_ecephys.nwb	6581120	8	7	1
sub-healthy-simulated-lfp/sub-healthy-simulated-lfp_ses-54_ecephys.nwb	65459908	181	61	21
sub-parkinson-simulated-beta/sub-parkinson-simulated-beta_ses-2350_ecephys.nwb	2259360	10	9	1
sub-healthy-simulated-beta/sub-healthy-simulated-beta_ses-6531_ecephys.nwb	2259360	10	9	1
sub-healthy-simulated-beta/sub-healthy-simulated-beta_ses-5310_ecephys.nwb	2259360	10	9	1
sub-healthy-simulated-beta/sub-healthy-simulated-beta_ses-3449_ecephys.nwb	2259360	10	9	1
sub-parkinson-simulated-beta/sub-parkinson-simulated-beta_ses-5285_ecephys.nwb	2033424	9	8	1
sub-parkinson-simulated-lfp/sub-parkinson-simulated-lfp_ses-3317_ecephys.nwb	5092080	7	6	1
sub-healthy-simulated-beta/sub-healthy-simulated-beta_ses-9846_ecephys.nwb	2485296	11	10	1
sub-parkinson-simulated-lfp/sub-parkinson-simulated-lfp_ses-4008_ecephys.nwb	7403760	9	8	1
sub-parkinson-simulated-lfp/sub-parkinson-simulated-lfp_ses-9748_ecephys.nwb	4935840	6	5	1
sub-parkinson-simulated-beta/sub-parkinson-simulated-beta_ses-1422_ecephys.nwb	2259360	10	9	1
sub-parkinson-simulated-lfp/sub-parkinson-simulated-lfp_ses-2671_ecephys.nwb	4935840	6	5	1
sub-parkinson-simulated-beta/sub-parkinson-simulated-beta_ses-3417_ecephys.nwb	2033424	9	8	1
sub-parkinson-simulated-beta/sub-parkinson-simulated-beta_ses-6346_ecephys.nwb	2259360	10	9	1
sub-parkinson-simulated-lfp/sub-parkinson-simulated-lfp_ses-6609_ecephys.nwb	5758480	7	6	1
sub-parkinson-simulated-beta/sub-parkinson-simulated-beta_ses-1899_ecephys.nwb	2259360	10	9	1
sub-parkinson-simulated-lfp/sub-parkinson-simulated-lfp_ses-960_ecephys.nwb	4364640	6	5	1
sub-parkinson-simulated-lfp/sub-parkinson-simulated-lfp_ses-2139_ecephys.nwb	5758480	7	6	1
sub-parkinson-simulated-lfp/sub-parkinson-simulated-lfp_ses-3819_ecephys.nwb	4935840	6	5	1
sub-healthy-simulated-lfp/sub-healthy-simulated-lfp_ses-3061_ecephys.nwb	9049040	11	10	1
sub-parkinson-simulated-lfp/sub-parkinson-simulated-lfp_ses-7309_ecephys.nwb	5758480	7	6	1
sub-parkinson-simulated-lfp/sub-parkinson-simulated-lfp_ses-4343_ecephys.nwb	7403760	9	8	1
sub-healthy-simulated-beta/sub-healthy-simulated-beta_ses-7236_ecephys.nwb	2259360	10	9	1
sub-parkinson-simulated-lfp/sub-parkinson-simulated-lfp_ses-361_ecephys.nwb	7403760	9	8	1
sub-healthy-simulated-lfp/sub-healthy-simulated-lfp_ses-1259_ecephys.nwb	5758480	7	6	1
sub-parkinson-simulated-lfp/sub-parkinson-simulated-lfp_ses-4296_ecephys.nwb	4935840	6	5	1
sub-parkinson-simulated-lfp/sub-parkinson-simulated-lfp_ses-2115_ecephys.nwb	4935840	6	5	1
sub-parkinson-simulated-lfp/sub-parkinson-simulated-lfp_ses-9433_ecephys.nwb	5092080	7	6	1
sub-parkinson-simulated-lfp/sub-parkinson-simulated-lfp_ses-1718_ecephys.nwb	4935840	6	5	1
sub-parkinson-simulated-beta/sub-parkinson-simulated-beta_ses-6138_ecephys.nwb	2033424	9	8	1
sub-parkinson-simulated-lfp/sub-parkinson-simulated-lfp_ses-8517_ecephys.nwb	4935840	6	5	1
sub-parkinson-simulated-lfp/sub-parkinson-simulated-lfp_ses-5632_ecephys.nwb	6137360	11	6	3
sub-parkinson-simulated-beta/sub-parkinson-simulated-beta_ses-7373_ecephys.nwb	2485296	11	9	2
sub-healthy-simulated-lfp/sub-healthy-simulated-lfp_ses-6256_ecephys.nwb	6581120	8	6	2
sub-parkinson-simulated-lfp/sub-parkinson-simulated-lfp_ses-4278_ecephys.nwb	5819520	8	6	2
sub-parkinson-simulated-lfp/sub-parkinson-simulated-lfp_ses-4504_ecephys.nwb	6581120	8	6	2
sub-parkinson-simulated-lfp/sub-parkinson-simulated-lfp_ses-412_ecephys.nwb	9049040	11	9	2
sub-parkinson-simulated-lfp/sub-parkinson-simulated-lfp_ses-1277_ecephys.nwb	9456720	13	11	2
sub-parkinson-simulated-beta/sub-parkinson-simulated-beta_ses-3828_ecephys.nwb	2485296	11	9	2
sub-parkinson-simulated-beta/sub-parkinson-simulated-beta_ses-6139_ecephys.nwb	2485296	11	9	2
sub-parkinson-simulated-lfp/sub-parkinson-simulated-lfp_ses-9318_ecephys.nwb	8226400	10	8	2
sub-parkinson-simulated-lfp/sub-parkinson-simulated-lfp_ses-4382_ecephys.nwb	6581120	8	5	3
sub-healthy-simulated-lfp/sub-healthy-simulated-lfp_ses-7559_ecephys.nwb	5758480	7	5	2
sub-parkinson-simulated-beta/sub-parkinson-simulated-beta_ses-8314_ecephys.nwb	2259360	10	8	2
sub-parkinson-simulated-beta/sub-parkinson-simulated-beta_ses-1409_ecephys.nwb	2485296	11	9	2
sub-parkinson-simulated-beta/sub-parkinson-simulated-beta_ses-9576_ecephys.nwb	2259360	10	8	2
sub-parkinson-simulated-beta/sub-parkinson-simulated-beta_ses-1368_ecephys.nwb	2259360	10	8	2
sub-healthy-simulated-lfp/sub-healthy-simulated-lfp_ses-4537_ecephys.nwb	5758480	7	5	2
sub-healthy-simulated-lfp/sub-healthy-simulated-lfp_ses-715_ecephys.nwb	6581120	8	6	2
sub-parkinson-simulated-beta/sub-parkinson-simulated-beta_ses-1387_ecephys.nwb	2033424	9	8	1
sub-healthy-simulated-lfp/sub-healthy-simulated-lfp_ses-1656_ecephys.nwb	5758480	7	6	1
sub-healthy-simulated-beta/sub-healthy-simulated-beta_ses-2959_ecephys.nwb	2259360	10	9	1
sub-parkinson-simulated-lfp/sub-parkinson-simulated-lfp_ses-2388_ecephys.nwb	6581120	8	7	1
sub-healthy-simulated-lfp/sub-healthy-simulated-lfp_ses-1433_ecephys.nwb	6581120	8	7	1
sub-healthy-simulated-beta/sub-healthy-simulated-beta_ses-2724_ecephys.nwb	2485296	11	9	2
sub-parkinson-simulated-lfp/sub-parkinson-simulated-lfp_ses-500_ecephys.nwb	5092080	7	5	2
sub-healthy-simulated-beta/sub-healthy-simulated-beta_ses-8072_ecephys.nwb	2485296	11	9	2
sub-parkinson-simulated-lfp/sub-parkinson-simulated-lfp_ses-6693_ecephys.nwb	6581120	8	6	2
sub-parkinson-simulated-lfp/sub-parkinson-simulated-lfp_ses-5405_ecephys.nwb	7403760	9	7	2
sub-parkinson-simulated-beta/sub-parkinson-simulated-beta_ses-4699_ecephys.nwb	2259360	10	8	2
sub-parkinson-simulated-lfp/sub-parkinson-simulated-lfp_ses-6877_ecephys.nwb	6546960	9	8	1
sub-parkinson-simulated-beta/sub-parkinson-simulated-beta_ses-5837_ecephys.nwb	2259360	10	9	1
sub-parkinson-simulated-lfp/sub-parkinson-simulated-lfp_ses-8630_ecephys.nwb	4364640	6	5	1
sub-parkinson-simulated-beta/sub-parkinson-simulated-beta_ses-9366_ecephys.nwb	2259360	10	9	1
sub-healthy-simulated-lfp/sub-healthy-simulated-lfp_ses-6641_ecephys.nwb	8226400	10	8	2
sub-healthy-simulated-beta/sub-healthy-simulated-beta_ses-2368_ecephys.nwb	2485296	11	9	2
sub-parkinson-simulated-beta/sub-parkinson-simulated-beta_ses-466_ecephys.nwb	2259360	10	8	2
sub-healthy-simulated-lfp/sub-healthy-simulated-lfp_ses-6303_ecephys.nwb	8226400	10	9	1
sub-parkinson-simulated-beta/sub-parkinson-simulated-beta_ses-6697_ecephys.nwb	2259360	10	9	1
sub-healthy-simulated-lfp/sub-healthy-simulated-lfp_ses-5224_ecephys.nwb	4935840	6	5	1
sub-parkinson-simulated-beta/sub-parkinson-simulated-beta_ses-7958_ecephys.nwb	2485296	12	9	2
sub-parkinson-simulated-lfp/sub-parkinson-simulated-lfp_ses-6470_ecephys.nwb	8226400	10	9	1
sub-parkinson-simulated-lfp/sub-parkinson-simulated-lfp_ses-5338_ecephys.nwb	9049040	11	10	1
sub-parkinson-simulated-lfp/sub-parkinson-simulated-lfp_ses-3678_ecephys.nwb	4935840	6	5	1
sub-parkinson-simulated-lfp/sub-parkinson-simulated-lfp_ses-5884_ecephys.nwb	4935840	6	5	1
sub-parkinson-simulated-lfp/sub-parkinson-simulated-lfp_ses-4820_ecephys.nwb	5758480	7	6	1
sub-parkinson-simulated-lfp/sub-parkinson-simulated-lfp_ses-6088_ecephys.nwb	5758480	7	6	1
sub-parkinson-simulated-lfp/sub-parkinson-simulated-lfp_ses-8314_ecephys.nwb	4935840	6	5	1
sub-parkinson-simulated-lfp/sub-parkinson-simulated-lfp_ses-2854_ecephys.nwb	6581120	8	7	1
sub-healthy-simulated-beta/sub-healthy-simulated-beta_ses-7294_ecephys.nwb	2485296	11	10	1
sub-parkinson-simulated-beta/sub-parkinson-simulated-beta_ses-6863_ecephys.nwb	2033424	9	8	1
sub-healthy-simulated-lfp/sub-healthy-simulated-lfp_ses-6448_ecephys.nwb	5758480	7	6	1
sub-healthy-simulated-beta/sub-healthy-simulated-beta_ses-7883_ecephys.nwb	2259360	10	9	1
sub-parkinson-simulated-lfp/sub-parkinson-simulated-lfp_ses-9996_ecephys.nwb	4935840	6	5	1
sub-parkinson-simulated-lfp/sub-parkinson-simulated-lfp_ses-8761_ecephys.nwb	4935840	6	5	1
sub-parkinson-simulated-lfp/sub-parkinson-simulated-lfp_ses-2284_ecephys.nwb	5758480	7	6	1
sub-parkinson-simulated-beta/sub-parkinson-simulated-beta_ses-1468_ecephys.nwb	2033424	9	8	1
sub-parkinson-simulated-beta/sub-parkinson-simulated-beta_ses-9939_ecephys.nwb	2259360	10	9	1
sub-healthy-simulated-lfp/sub-healthy-simulated-lfp_ses-6574_ecephys.nwb	4935840	6	5	1
sub-parkinson-simulated-beta/sub-parkinson-simulated-beta_ses-7940_ecephys.nwb	2033424	9	8	1
sub-parkinson-simulated-beta/sub-parkinson-simulated-beta_ses-1527_ecephys.nwb	2033424	9	8	1
sub-parkinson-simulated-beta/sub-parkinson-simulated-beta_ses-6064_ecephys.nwb	2259360	10	9	1
sub-parkinson-simulated-lfp/sub-parkinson-simulated-lfp_ses-1581_ecephys.nwb	4935840	6	5	1
sub-parkinson-simulated-beta/sub-parkinson-simulated-beta_ses-8487_ecephys.nwb	2033424	9	8	1
sub-parkinson-simulated-lfp/sub-parkinson-simulated-lfp_ses-2851_ecephys.nwb	8226400	10	9	1
sub-parkinson-simulated-beta/sub-parkinson-simulated-beta_ses-5884_ecephys.nwb	2033424	9	8	1
sub-parkinson-simulated-lfp/sub-parkinson-simulated-lfp_ses-7136_ecephys.nwb	6581120	8	7	1
sub-healthy-simulated-beta/sub-healthy-simulated-beta_ses-5545_ecephys.nwb	2259360	10	9	1
sub-healthy-simulated-lfp/sub-healthy-simulated-lfp_ses-8492_ecephys.nwb	4935840	6	5	1
sub-parkinson-simulated-lfp/sub-parkinson-simulated-lfp_ses-536_ecephys.nwb	5092080	7	6	1
sub-parkinson-simulated-lfp/sub-parkinson-simulated-lfp_ses-5042_ecephys.nwb	4364640	6	5	1
sub-parkinson-simulated-beta/sub-parkinson-simulated-beta_ses-5556_ecephys.nwb	2033424	9	8	1
sub-parkinson-simulated-lfp/sub-parkinson-simulated-lfp_ses-4670_ecephys.nwb	8226400	10	9	1
sub-healthy-simulated-beta/sub-healthy-simulated-beta_ses-9151_ecephys.nwb	2259360	10	9	1
sub-healthy-simulated-beta/sub-healthy-simulated-beta_ses-9463_ecephys.nwb	2259360	10	9	1
sub-parkinson-simulated-lfp/sub-parkinson-simulated-lfp_ses-6092_ecephys.nwb	7403760	9	8	1
sub-healthy-simulated-lfp/sub-healthy-simulated-lfp_ses-6212_ecephys.nwb	7403760	9	8	1
sub-parkinson-simulated-beta/sub-parkinson-simulated-beta_ses-5460_ecephys.nwb	2485296	11	9	2
sub-parkinson-simulated-beta/sub-parkinson-simulated-beta_ses-4100_ecephys.nwb	2259360	10	9	1
sub-parkinson-simulated-lfp/sub-parkinson-simulated-lfp_ses-5387_ecephys.nwb	4935840	6	5	1
sub-parkinson-simulated-lfp/sub-parkinson-simulated-lfp_ses-2358_ecephys.nwb	6546960	9	8	1
sub-parkinson-simulated-beta/sub-parkinson-simulated-beta_ses-5889_ecephys.nwb	2259360	10	9	1
sub-parkinson-simulated-lfp/sub-parkinson-simulated-lfp_ses-6346_ecephys.nwb	6581120	8	7	1
sub-parkinson-simulated-lfp/sub-parkinson-simulated-lfp_ses-4038_ecephys.nwb	7403760	9	8	1
sub-parkinson-simulated-beta/sub-parkinson-simulated-beta_ses-4814_ecephys.nwb	2033424	9	8	1
sub-parkinson-simulated-beta/sub-parkinson-simulated-beta_ses-8452_ecephys.nwb	2033424	9	8	1
sub-healthy-simulated-lfp/sub-healthy-simulated-lfp_ses-646_ecephys.nwb	38680760	79	40	12
sub-parkinson-simulated-beta/sub-parkinson-simulated-beta_ses-2055_ecephys.nwb	2259360	10	9	1
sub-healthy-simulated-beta/sub-healthy-simulated-beta_ses-6448_ecephys.nwb	2259360	10	9	1
sub-healthy-simulated-lfp/sub-healthy-simulated-lfp_ses-4206_ecephys.nwb	6069120	10	6	2
sub-healthy-simulated-lfp/sub-healthy-simulated-lfp_ses-8956_ecephys.nwb	8226400	10	7	3
sub-parkinson-simulated-lfp/sub-parkinson-simulated-lfp_ses-2055_ecephys.nwb	10694320	13	10	3
sub-healthy-simulated-beta/sub-healthy-simulated-beta_ses-5224_ecephys.nwb	2711232	12	9	3
sub-parkinson-simulated-lfp/sub-parkinson-simulated-lfp_ses-3695_ecephys.nwb	7512908	11	6	4
sub-parkinson-simulated-lfp/sub-parkinson-simulated-lfp_ses-629_ecephys.nwb	5819520	8	5	3
sub-healthy-simulated-beta/sub-healthy-simulated-beta_ses-6799_ecephys.nwb	4804784	24	16	7
sub-parkinson-simulated-beta/sub-parkinson-simulated-beta_ses-4029_ecephys.nwb	2711232	12	9	3
sub-parkinson-simulated-lfp/sub-parkinson-simulated-lfp_ses-2717_ecephys.nwb	6581120	8	5	3
sub-parkinson-simulated-beta/sub-parkinson-simulated-beta_ses-8593_ecephys.nwb	2711232	12	9	3
sub-parkinson-simulated-beta/sub-parkinson-simulated-beta_ses-449_ecephys.nwb	2711232	12	9	3
sub-parkinson-simulated-lfp/sub-parkinson-simulated-lfp_ses-2586_ecephys.nwb	7403760	9	6	3
sub-parkinson-simulated-lfp/sub-parkinson-simulated-lfp_ses-2697_ecephys.nwb	6581120	8	5	3
sub-healthy-simulated-lfp/sub-healthy-simulated-lfp_ses-5784_ecephys.nwb	7403760	9	6	3
sub-healthy-simulated-lfp/sub-healthy-simulated-lfp_ses-4834_ecephys.nwb	7403760	9	7	2
sub-parkinson-simulated-beta/sub-parkinson-simulated-beta_ses-7710_ecephys.nwb	2485296	11	8	3
sub-healthy-simulated-beta/sub-healthy-simulated-beta_ses-6357_ecephys.nwb	2485296	11	9	2
sub-parkinson-simulated-lfp/sub-parkinson-simulated-lfp_ses-4738_ecephys.nwb	5092080	7	5	2
sub-parkinson-simulated-beta/sub-parkinson-simulated-beta_ses-1241_ecephys.nwb	2259360	10	8	2
sub-parkinson-simulated-beta/sub-parkinson-simulated-beta_ses-5604_ecephys.nwb	2259360	10	8	2
sub-parkinson-simulated-lfp/sub-parkinson-simulated-lfp_ses-6787_ecephys.nwb	8226400	10	8	2
sub-parkinson-simulated-beta/sub-parkinson-simulated-beta_ses-9794_ecephys.nwb	2259360	10	8	2
sub-healthy-simulated-lfp/sub-healthy-simulated-lfp_ses-8515_ecephys.nwb	8226400	10	8	2
sub-healthy-simulated-beta/sub-healthy-simulated-beta_ses-1289_ecephys.nwb	5503728	29	17	8
sub-parkinson-simulated-beta/sub-parkinson-simulated-beta_ses-3678_ecephys.nwb	2711232	12	9	3
sub-parkinson-simulated-lfp/sub-parkinson-simulated-lfp_ses-3150_ecephys.nwb	6581120	8	6	2
sub-healthy-simulated-lfp/sub-healthy-simulated-lfp_ses-4664_ecephys.nwb	9766188	19	9	4
sub-parkinson-simulated-beta/sub-parkinson-simulated-beta_ses-4643_ecephys.nwb	2711232	12	10	2
sub-parkinson-simulated-lfp/sub-parkinson-simulated-lfp_ses-8577_ecephys.nwb	4862480	7	5	2
sub-parkinson-simulated-beta/sub-parkinson-simulated-beta_ses-2488_ecephys.nwb	2259360	10	8	2
sub-parkinson-simulated-beta/sub-parkinson-simulated-beta_ses-3167_ecephys.nwb	2485296	11	8	3
sub-parkinson-simulated-lfp/sub-parkinson-simulated-lfp_ses-6354_ecephys.nwb	7641040	11	8	3
sub-parkinson-simulated-beta/sub-parkinson-simulated-beta_ses-4813_ecephys.nwb	4352912	22	15	6
sub-parkinson-simulated-lfp/sub-parkinson-simulated-lfp_ses-1812_ecephys.nwb	10694320	13	11	2
sub-parkinson-simulated-lfp/sub-parkinson-simulated-lfp_ses-6207_ecephys.nwb	6581120	8	6	2
sub-parkinson-simulated-beta/sub-parkinson-simulated-beta_ses-8994_ecephys.nwb	2259360	10	8	2
sub-healthy-simulated-beta/sub-healthy-simulated-beta_ses-7078_ecephys.nwb	2485296	11	9	2
sub-healthy-simulated-lfp/sub-healthy-simulated-lfp_ses-1533_ecephys.nwb	6581120	8	6	2
sub-parkinson-simulated-beta/sub-parkinson-simulated-beta_ses-8944_ecephys.nwb	2259360	10	8	2
sub-parkinson-simulated-beta/sub-parkinson-simulated-beta_ses-2496_ecephys.nwb	2711232	12	9	3
sub-healthy-simulated-lfp/sub-healthy-simulated-lfp_ses-7345_ecephys.nwb	5758480	7	5	2
sub-parkinson-simulated-beta/sub-parkinson-simulated-beta_ses-6454_ecephys.nwb	2485296	11	8	3
sub-parkinson-simulated-lfp/sub-parkinson-simulated-lfp_ses-4699_ecephys.nwb	6581120	8	6	2
sub-parkinson-simulated-lfp/sub-parkinson-simulated-lfp_ses-1409_ecephys.nwb	9871680	12	10	2
sub-parkinson-simulated-beta/sub-parkinson-simulated-beta_ses-922_ecephys.nwb	2259360	10	8	2
sub-parkinson-simulated-beta/sub-parkinson-simulated-beta_ses-5644_ecephys.nwb	2259360	10	8	2
sub-parkinson-simulated-lfp/sub-parkinson-simulated-lfp_ses-2573_ecephys.nwb	9049040	11	9	2
sub-parkinson-simulated-lfp/sub-parkinson-simulated-lfp_ses-6454_ecephys.nwb	9871680	12	10	2
sub-parkinson-simulated-lfp/sub-parkinson-simulated-lfp_ses-3052_ecephys.nwb	7274400	10	8	2
sub-parkinson-simulated-beta/sub-parkinson-simulated-beta_ses-8761_ecephys.nwb	2485296	11	9	2
sub-healthy-simulated-lfp/sub-healthy-simulated-lfp_ses-9151_ecephys.nwb	5758480	7	5	2
sub-healthy-simulated-lfp/sub-healthy-simulated-lfp_ses-2724_ecephys.nwb	6581120	8	6	2
sub-healthy-simulated-lfp/sub-healthy-simulated-lfp_ses-9401_ecephys.nwb	6581120	8	6	2
sub-parkinson-simulated-lfp/sub-parkinson-simulated-lfp_ses-8274_ecephys.nwb	5758480	7	5	2
sub-healthy-simulated-lfp/sub-healthy-simulated-lfp_ses-8484_ecephys.nwb	7403760	9	7	2
sub-parkinson-simulated-lfp/sub-parkinson-simulated-lfp_ses-1713_ecephys.nwb	7403760	9	7	2
sub-healthy-simulated-lfp/sub-healthy-simulated-lfp_ses-8530_ecephys.nwb	9871680	12	10	2
sub-parkinson-simulated-lfp/sub-parkinson-simulated-lfp_ses-7150_ecephys.nwb	5758480	7	5	2
sub-parkinson-simulated-beta/sub-parkinson-simulated-beta_ses-6603_ecephys.nwb	2259360	10	8	2
sub-healthy-simulated-beta/sub-healthy-simulated-beta_ses-7645_ecephys.nwb	2485296	11	9	2
sub-parkinson-simulated-beta/sub-parkinson-simulated-beta_ses-5829_ecephys.nwb	2485296	11	9	2
sub-parkinson-simulated-lfp/sub-parkinson-simulated-lfp_ses-4982_ecephys.nwb	9049040	11	9	2
sub-healthy-simulated-lfp/sub-healthy-simulated-lfp_ses-7035_ecephys.nwb	7403760	9	8	1
sub-parkinson-simulated-beta/sub-parkinson-simulated-beta_ses-1713_ecephys.nwb	2259360	10	9	1
sub-healthy-simulated-beta/sub-healthy-simulated-beta_ses-8530_ecephys.nwb	2485296	11	10	1
sub-healthy-simulated-lfp/sub-healthy-simulated-lfp_ses-8074_ecephys.nwb	6581120	8	7	1
sub-healthy-simulated-beta/sub-healthy-simulated-beta_ses-9093_ecephys.nwb	2711232	12	10	2
sub-parkinson-simulated-lfp/sub-parkinson-simulated-lfp_ses-7710_ecephys.nwb	9049040	11	10	1
sub-parkinson-simulated-beta/sub-parkinson-simulated-beta_ses-6042_ecephys.nwb	2259360	10	8	2
sub-parkinson-simulated-lfp/sub-parkinson-simulated-lfp_ses-5829_ecephys.nwb	7403760	9	8	1
sub-parkinson-simulated-beta/sub-parkinson-simulated-beta_ses-5405_ecephys.nwb	2259360	10	9	1
sub-parkinson-simulated-lfp/sub-parkinson-simulated-lfp_ses-5624_ecephys.nwb	9871680	12	10	2
sub-parkinson-simulated-lfp/sub-parkinson-simulated-lfp_ses-3408_ecephys.nwb	5758480	7	6	1
sub-healthy-simulated-beta/sub-healthy-simulated-beta_ses-6002_ecephys.nwb	2259360	10	9	1
sub-parkinson-simulated-beta/sub-parkinson-simulated-beta_ses-5906_ecephys.nwb	2259360	10	9	1
sub-parkinson-simulated-beta/sub-parkinson-simulated-beta_ses-9077_ecephys.nwb	2259360	10	9	1
sub-parkinson-simulated-lfp/sub-parkinson-simulated-lfp_ses-6328_ecephys.nwb	4935840	6	5	1
sub-parkinson-simulated-lfp/sub-parkinson-simulated-lfp_ses-4752_ecephys.nwb	4364640	6	5	1
sub-parkinson-simulated-lfp/sub-parkinson-simulated-lfp_ses-2514_ecephys.nwb	4364640	6	5	1
sub-parkinson-simulated-beta/sub-parkinson-simulated-beta_ses-9080_ecephys.nwb	2033424	9	8	1
sub-parkinson-simulated-beta/sub-parkinson-simulated-beta_ses-3344_ecephys.nwb	2711232	12	9	3
sub-parkinson-simulated-lfp/sub-parkinson-simulated-lfp_ses-9794_ecephys.nwb	6581120	8	5	3
sub-parkinson-simulated-beta/sub-parkinson-simulated-beta_ses-7353_ecephys.nwb	2485296	11	8	3
sub-parkinson-simulated-lfp/sub-parkinson-simulated-lfp_ses-406_ecephys.nwb	7403760	9	6	3
sub-parkinson-simulated-lfp/sub-parkinson-simulated-lfp_ses-6138_ecephys.nwb	6581120	8	5	3
sub-healthy-simulated-lfp/sub-healthy-simulated-lfp_ses-9700_ecephys.nwb	9049040	11	8	3
sub-parkinson-simulated-lfp/sub-parkinson-simulated-lfp_ses-7940_ecephys.nwb	10694320	13	10	3
sub-healthy-simulated-beta/sub-healthy-simulated-beta_ses-6641_ecephys.nwb	2485296	11	9	2
sub-parkinson-simulated-lfp/sub-parkinson-simulated-lfp_ses-2483_ecephys.nwb	6581120	8	5	3
sub-parkinson-simulated-beta/sub-parkinson-simulated-beta_ses-7949_ecephys.nwb	2259360	10	8	2
sub-parkinson-simulated-lfp/sub-parkinson-simulated-lfp_ses-5616_ecephys.nwb	5092080	7	5	2
sub-parkinson-simulated-lfp/sub-parkinson-simulated-lfp_ses-1063_ecephys.nwb	5758480	7	5	2
sub-parkinson-simulated-lfp/sub-parkinson-simulated-lfp_ses-6385_ecephys.nwb	5758480	7	5	2
sub-parkinson-simulated-beta/sub-parkinson-simulated-beta_ses-2651_ecephys.nwb	2485296	11	9	2
sub-parkinson-simulated-beta/sub-parkinson-simulated-beta_ses-2854_ecephys.nwb	2259360	10	8	2
sub-parkinson-simulated-beta/sub-parkinson-simulated-beta_ses-7294_ecephys.nwb	2259360	10	8	2
sub-parkinson-simulated-lfp/sub-parkinson-simulated-lfp_ses-4728_ecephys.nwb	5819520	8	6	2
sub-parkinson-simulated-lfp/sub-parkinson-simulated-lfp_ses-7946_ecephys.nwb	5819520	8	5	3
sub-healthy-simulated-beta/sub-healthy-simulated-beta_ses-7471_ecephys.nwb	2485296	11	9	2
sub-parkinson-simulated-beta/sub-parkinson-simulated-beta_ses-8743_ecephys.nwb	2485296	11	9	2
sub-parkinson-simulated-beta/sub-parkinson-simulated-beta_ses-6485_ecephys.nwb	2485296	11	9	2
sub-parkinson-simulated-lfp/sub-parkinson-simulated-lfp_ses-6608_ecephys.nwb	9049040	11	9	2
sub-healthy-simulated-beta/sub-healthy-simulated-beta_ses-9423_ecephys.nwb	2485296	11	9	2
sub-healthy-simulated-beta/sub-healthy-simulated-beta_ses-4627_ecephys.nwb	2485296	11	9	2
sub-healthy-simulated-lfp/sub-healthy-simulated-lfp_ses-6152_ecephys.nwb	5758480	7	5	2
sub-parkinson-simulated-lfp/sub-parkinson-simulated-lfp_ses-2651_ecephys.nwb	7403760	9	7	2
sub-parkinson-simulated-lfp/sub-parkinson-simulated-lfp_ses-8927_ecephys.nwb	5092080	7	5	2
sub-parkinson-simulated-beta/sub-parkinson-simulated-beta_ses-1211_ecephys.nwb	2259360	10	8	2
sub-healthy-simulated-beta/sub-healthy-simulated-beta_ses-54_ecephys.nwb	22763200	139	64	24
sub-healthy-simulated-lfp/sub-healthy-simulated-lfp_ses-6277_ecephys.nwb	9049040	11	9	2
sub-healthy-simulated-lfp/sub-healthy-simulated-lfp_ses-2368_ecephys.nwb	7403760	9	7	2
sub-parkinson-simulated-beta/sub-parkinson-simulated-beta_ses-1480_ecephys.nwb	2259360	10	8	2
sub-parkinson-simulated-lfp/sub-parkinson-simulated-lfp_ses-7373_ecephys.nwb	8226400	10	8	2
sub-healthy-simulated-lfp/sub-healthy-simulated-lfp_ses-7129_ecephys.nwb	5758480	7	5	2
sub-healthy-simulated-beta/sub-healthy-simulated-beta_ses-2717_ecephys.nwb	2711232	12	10	2
sub-parkinson-simulated-lfp/sub-parkinson-simulated-lfp_ses-8369_ecephys.nwb	10694320	13	10	3
sub-parkinson-simulated-beta/sub-parkinson-simulated-beta_ses-4439_ecephys.nwb	2259360	10	8	2
sub-parkinson-simulated-beta/sub-parkinson-simulated-beta_ses-7794_ecephys.nwb	2259360	10	8	2
sub-parkinson-simulated-beta/sub-parkinson-simulated-beta_ses-4490_ecephys.nwb	2485296	11	9	2
sub-parkinson-simulated-lfp/sub-parkinson-simulated-lfp_ses-5837_ecephys.nwb	10694320	13	11	2
sub-parkinson-simulated-lfp/sub-parkinson-simulated-lfp_ses-8406_ecephys.nwb	6581120	8	6	2
sub-parkinson-simulated-lfp/sub-parkinson-simulated-lfp_ses-6492_ecephys.nwb	8226400	10	8	2
sub-parkinson-simulated-lfp/sub-parkinson-simulated-lfp_ses-6843_ecephys.nwb	6946400	10	8	2
sub-parkinson-simulated-beta/sub-parkinson-simulated-beta_ses-4702_ecephys.nwb	2485296	11	9	2
sub-parkinson-simulated-lfp/sub-parkinson-simulated-lfp_ses-4159_ecephys.nwb	5758480	7	5	2
sub-parkinson-simulated-beta/sub-parkinson-simulated-beta_ses-6207_ecephys.nwb	2485296	11	9	2
sub-parkinson-simulated-lfp/sub-parkinson-simulated-lfp_ses-7483_ecephys.nwb	7274400	10	8	2
sub-parkinson-simulated-lfp/sub-parkinson-simulated-lfp_ses-7779_ecephys.nwb	10694320	13	11	2
sub-parkinson-simulated-lfp/sub-parkinson-simulated-lfp_ses-5101_ecephys.nwb	10694320	13	11	2
sub-healthy-simulated-lfp/sub-healthy-simulated-lfp_ses-3449_ecephys.nwb	8226400	10	8	2
sub-parkinson-simulated-beta/sub-parkinson-simulated-beta_ses-5135_ecephys.nwb	2259360	10	8	2
sub-parkinson-simulated-beta/sub-parkinson-simulated-beta_ses-4167_ecephys.nwb	2259360	10	8	2
sub-parkinson-simulated-lfp/sub-parkinson-simulated-lfp_ses-3341_ecephys.nwb	8226400	10	8	2
sub-parkinson-simulated-lfp/sub-parkinson-simulated-lfp_ses-9896_ecephys.nwb	5557120	8	6	2
sub-parkinson-simulated-lfp/sub-parkinson-simulated-lfp_ses-2127_ecephys.nwb	7274400	10	8	2
sub-parkinson-simulated-beta/sub-parkinson-simulated-beta_ses-1858_ecephys.nwb	2259360	10	8	2
sub-parkinson-simulated-lfp/sub-parkinson-simulated-lfp_ses-4406_ecephys.nwb	5092080	7	5	2
sub-healthy-simulated-lfp/sub-healthy-simulated-lfp_ses-9073_ecephys.nwb	5758480	7	5	2
sub-parkinson-simulated-lfp/sub-parkinson-simulated-lfp_ses-1700_ecephys.nwb	6581120	8	6	2
sub-parkinson-simulated-beta/sub-parkinson-simulated-beta_ses-4382_ecephys.nwb	2259360	10	8	2
sub-parkinson-simulated-lfp/sub-parkinson-simulated-lfp_ses-9800_ecephys.nwb	8226400	10	8	2
sub-parkinson-simulated-lfp/sub-parkinson-simulated-lfp_ses-6383_ecephys.nwb	5758480	7	5	2
sub-parkinson-simulated-beta/sub-parkinson-simulated-beta_ses-2845_ecephys.nwb	2259360	10	9	1
sub-healthy-simulated-lfp/sub-healthy-simulated-lfp_ses-2081_ecephys.nwb	5758480	7	6	1
sub-healthy-simulated-lfp/sub-healthy-simulated-lfp_ses-9093_ecephys.nwb	7403760	9	7	2
sub-parkinson-simulated-lfp/sub-parkinson-simulated-lfp_ses-2084_ecephys.nwb	5758480	7	5	2
sub-parkinson-simulated-lfp/sub-parkinson-simulated-lfp_ses-9526_ecephys.nwb	5758480	7	5	2
sub-parkinson-simulated-beta/sub-parkinson-simulated-beta_ses-7666_ecephys.nwb	2259360	10	8	2
sub-healthy-simulated-lfp/sub-healthy-simulated-lfp_ses-5787_ecephys.nwb	4935840	6	5	1
sub-parkinson-simulated-beta/sub-parkinson-simulated-beta_ses-5923_ecephys.nwb	2711232	12	9	3
sub-healthy-simulated-beta/sub-healthy-simulated-beta_ses-9248_ecephys.nwb	2711232	12	10	2
sub-parkinson-simulated-beta/sub-parkinson-simulated-beta_ses-4432_ecephys.nwb	2485296	11	8	3
sub-parkinson-simulated-lfp/sub-parkinson-simulated-lfp_ses-3690_ecephys.nwb	6581120	8	5	3
sub-parkinson-simulated-beta/sub-parkinson-simulated-beta_ses-3690_ecephys.nwb	2711232	12	9	3
sub-parkinson-simulated-lfp/sub-parkinson-simulated-lfp_ses-1463_ecephys.nwb	8001840	11	9	2
sub-parkinson-simulated-lfp/sub-parkinson-simulated-lfp_ses-7554_ecephys.nwb	5092080	7	5	2
sub-parkinson-simulated-beta/sub-parkinson-simulated-beta_ses-7136_ecephys.nwb	2259360	10	8	2
sub-healthy-simulated-beta/sub-healthy-simulated-beta_ses-5727_ecephys.nwb	2485296	11	9	2
sub-healthy-simulated-lfp/sub-healthy-simulated-lfp_ses-4758_ecephys.nwb	5758480	7	5	2
sub-parkinson-simulated-beta/sub-parkinson-simulated-beta_ses-3506_ecephys.nwb	2259360	10	9	1
sub-parkinson-simulated-beta/sub-parkinson-simulated-beta_ses-6147_ecephys.nwb	2033424	9	8	1
sub-healthy-simulated-beta/sub-healthy-simulated-beta_ses-1460_ecephys.nwb	3141968	15	12	3
sub-healthy-simulated-lfp/sub-healthy-simulated-lfp_ses-9530_ecephys.nwb	4935840	6	5	1
sub-parkinson-simulated-beta/sub-parkinson-simulated-beta_ses-6609_ecephys.nwb	2033424	9	8	1
sub-healthy-simulated-beta/sub-healthy-simulated-beta_ses-9254_ecephys.nwb	2711232	12	10	2
sub-parkinson-simulated-beta/sub-parkinson-simulated-beta_ses-4440_ecephys.nwb	2259360	10	8	2
sub-parkinson-simulated-lfp/sub-parkinson-simulated-lfp_ses-9345_ecephys.nwb	5092080	7	5	2
sub-parkinson-simulated-lfp/sub-parkinson-simulated-lfp_ses-7832_ecephys.nwb	6581120	8	5	3
sub-parkinson-simulated-lfp/sub-parkinson-simulated-lfp_ses-4100_ecephys.nwb	7403760	9	6	3
sub-parkinson-simulated-lfp/sub-parkinson-simulated-lfp_ses-3484_ecephys.nwb	6581120	8	6	2
sub-parkinson-simulated-beta/sub-parkinson-simulated-beta_ses-8914_ecephys.nwb	2485296	11	9	2
sub-parkinson-simulated-beta/sub-parkinson-simulated-beta_ses-1138_ecephys.nwb	2259360	10	8	2
sub-parkinson-simulated-lfp/sub-parkinson-simulated-lfp_ses-289_ecephys.nwb	32681984	64	34	10
sub-healthy-simulated-beta/sub-healthy-simulated-beta_ses-7488_ecephys.nwb	2711232	12	9	3
sub-parkinson-simulated-lfp/sub-parkinson-simulated-lfp_ses-1004_ecephys.nwb	8025040	15	7	3
sub-parkinson-simulated-lfp/sub-parkinson-simulated-lfp_ses-3694_ecephys.nwb	5758480	7	5	2
sub-parkinson-simulated-beta/sub-parkinson-simulated-beta_ses-5624_ecephys.nwb	2485296	11	9	2
sub-parkinson-simulated-lfp/sub-parkinson-simulated-lfp_ses-6455_ecephys.nwb	5819520	8	5	3
sub-parkinson-simulated-lfp/sub-parkinson-simulated-lfp_ses-8780_ecephys.nwb	7403760	9	6	3
sub-parkinson-simulated-beta/sub-parkinson-simulated-beta_ses-4938_ecephys.nwb	2485296	11	8	3
sub-healthy-simulated-beta/sub-healthy-simulated-beta_ses-5315_ecephys.nwb	2485296	11	9	2
sub-parkinson-simulated-beta/sub-parkinson-simulated-beta_ses-4021_ecephys.nwb	2485296	11	9	2
sub-parkinson-simulated-beta/sub-parkinson-simulated-beta_ses-6846_ecephys.nwb	2485296	11	9	2
sub-parkinson-simulated-beta/sub-parkinson-simulated-beta_ses-1807_ecephys.nwb	2259360	10	8	2
sub-healthy-simulated-beta/sub-healthy-simulated-beta_ses-2969_ecephys.nwb	2485296	11	9	2
sub-parkinson-simulated-lfp/sub-parkinson-simulated-lfp_ses-6312_ecephys.nwb	7274400	10	8	2
sub-parkinson-simulated-beta/sub-parkinson-simulated-beta_ses-9678_ecephys.nwb	2259360	10	8	2
sub-parkinson-simulated-beta/sub-parkinson-simulated-beta_ses-9748_ecephys.nwb	2259360	10	8	2
sub-parkinson-simulated-lfp/sub-parkinson-simulated-lfp_ses-3357_ecephys.nwb	6581120	8	6	2
sub-parkinson-simulated-beta/sub-parkinson-simulated-beta_ses-750_ecephys.nwb	2259360	10	8	2
sub-parkinson-simulated-lfp/sub-parkinson-simulated-lfp_ses-7292_ecephys.nwb	9049040	11	9	2
sub-parkinson-simulated-beta/sub-parkinson-simulated-beta_ses-4539_ecephys.nwb	2259360	10	8	2
sub-parkinson-simulated-beta/sub-parkinson-simulated-beta_ses-406_ecephys.nwb	2485296	11	9	2
sub-healthy-simulated-beta/sub-healthy-simulated-beta_ses-5902_ecephys.nwb	2711232	12	10	2
sub-parkinson-simulated-lfp/sub-parkinson-simulated-lfp_ses-3302_ecephys.nwb	9049040	11	9	2
sub-parkinson-simulated-beta/sub-parkinson-simulated-beta_ses-6328_ecephys.nwb	2259360	10	8	2
sub-parkinson-simulated-beta/sub-parkinson-simulated-beta_ses-8694_ecephys.nwb	2259360	10	8	2
sub-parkinson-simulated-lfp/sub-parkinson-simulated-lfp_ses-4231_ecephys.nwb	6581120	8	6	2
sub-parkinson-simulated-lfp/sub-parkinson-simulated-lfp_ses-1899_ecephys.nwb	6581120	8	5	3
sub-parkinson-simulated-beta/sub-parkinson-simulated-beta_ses-4058_ecephys.nwb	2485296	11	9	2
sub-parkinson-simulated-lfp/sub-parkinson-simulated-lfp_ses-5556_ecephys.nwb	6581120	8	6	2
sub-parkinson-simulated-beta/sub-parkinson-simulated-beta_ses-3362_ecephys.nwb	2259360	10	8	2
sub-parkinson-simulated-lfp/sub-parkinson-simulated-lfp_ses-6846_ecephys.nwb	4935840	6	5	1
sub-parkinson-simulated-beta/sub-parkinson-simulated-beta_ses-163_ecephys.nwb	10245520	61	34	12
sub-parkinson-simulated-lfp/sub-parkinson-simulated-lfp_ses-7846_ecephys.nwb	5092080	7	5	2
sub-parkinson-simulated-beta/sub-parkinson-simulated-beta_ses-5710_ecephys.nwb	2259360	10	9	1
sub-parkinson-simulated-lfp/sub-parkinson-simulated-lfp_ses-7921_ecephys.nwb	5758480	7	6	1
sub-parkinson-simulated-lfp/sub-parkinson-simulated-lfp_ses-3535_ecephys.nwb	4935840	6	5	1
sub-parkinson-simulated-lfp/sub-parkinson-simulated-lfp_ses-2551_ecephys.nwb	6581120	8	6	2
sub-parkinson-simulated-lfp/sub-parkinson-simulated-lfp_ses-4151_ecephys.nwb	5819520	8	6	2
sub-healthy-simulated-lfp/sub-healthy-simulated-lfp_ses-8072_ecephys.nwb	5758480	7	5	2
sub-healthy-simulated-beta/sub-healthy-simulated-beta_ses-7559_ecephys.nwb	2259360	10	9	1
sub-parkinson-simulated-beta/sub-parkinson-simulated-beta_ses-3303_ecephys.nwb	2259360	10	9	1
sub-parkinson-simulated-beta/sub-parkinson-simulated-beta_ses-7309_ecephys.nwb	2033424	9	8	1
sub-parkinson-simulated-lfp/sub-parkinson-simulated-lfp_ses-5923_ecephys.nwb	7403760	9	7	2
sub-parkinson-simulated-lfp/sub-parkinson-simulated-lfp_ses-5239_ecephys.nwb	7403760	9	7	2
sub-parkinson-simulated-lfp/sub-parkinson-simulated-lfp_ses-2361_ecephys.nwb	5092080	7	5	2
sub-parkinson-simulated-beta/sub-parkinson-simulated-beta_ses-9694_ecephys.nwb	2259360	10	8	2
sub-parkinson-simulated-lfp/sub-parkinson-simulated-lfp_ses-5423_ecephys.nwb	6546960	9	8	1
sub-parkinson-simulated-lfp/sub-parkinson-simulated-lfp_ses-1263_ecephys.nwb	7403760	9	8	1
sub-parkinson-simulated-beta/sub-parkinson-simulated-beta_ses-1773_ecephys.nwb	2033424	9	8	1
sub-parkinson-simulated-lfp/sub-parkinson-simulated-lfp_ses-5186_ecephys.nwb	8226400	10	9	1
sub-parkinson-simulated-lfp/sub-parkinson-simulated-lfp_ses-9908_ecephys.nwb	5758480	7	6	1
sub-parkinson-simulated-beta/sub-parkinson-simulated-beta_ses-2501_ecephys.nwb	2485296	11	9	2
sub-parkinson-simulated-beta/sub-parkinson-simulated-beta_ses-3819_ecephys.nwb	2033424	9	8	1
sub-parkinson-simulated-beta/sub-parkinson-simulated-beta_ses-1191_ecephys.nwb	2259360	10	9	1
sub-parkinson-simulated-lfp/sub-parkinson-simulated-lfp_ses-4813_ecephys.nwb	5758480	7	6	1
sub-parkinson-simulated-lfp/sub-parkinson-simulated-lfp_ses-1491_ecephys.nwb	4364640	6	5	1
sub-parkinson-simulated-lfp/sub-parkinson-simulated-lfp_ses-3303_ecephys.nwb	5758480	7	5	2
sub-parkinson-simulated-lfp/sub-parkinson-simulated-lfp_ses-6697_ecephys.nwb	6946400	10	8	2
sub-healthy-simulated-beta/sub-healthy-simulated-beta_ses-3402_ecephys.nwb	2485296	11	9	2
sub-parkinson-simulated-lfp/sub-parkinson-simulated-lfp_ses-1387_ecephys.nwb	8226400	10	8	2
sub-parkinson-simulated-lfp/sub-parkinson-simulated-lfp_ses-8357_ecephys.nwb	6581120	8	6	2
sub-healthy-simulated-beta/sub-healthy-simulated-beta_ses-8556_ecephys.nwb	2485296	11	9	2
sub-parkinson-simulated-lfp/sub-parkinson-simulated-lfp_ses-3907_ecephys.nwb	5758480	7	5	2
sub-parkinson-simulated-beta/sub-parkinson-simulated-beta_ses-2556_ecephys.nwb	2485296	11	8	3
sub-parkinson-simulated-beta/sub-parkinson-simulated-beta_ses-6893_ecephys.nwb	2485296	11	8	3
sub-healthy-simulated-lfp/sub-healthy-simulated-lfp_ses-4932_ecephys.nwb	10486776	20	9	5
sub-parkinson-simulated-lfp/sub-parkinson-simulated-lfp_ses-3444_ecephys.nwb	5819520	8	5	3
sub-parkinson-simulated-lfp/sub-parkinson-simulated-lfp_ses-7334_ecephys.nwb	7403760	9	6	3
sub-parkinson-simulated-lfp/sub-parkinson-simulated-lfp_ses-1095_ecephys.nwb	5819520	8	5	3
sub-parkinson-simulated-lfp/sub-parkinson-simulated-lfp_ses-5277_ecephys.nwb	5819520	8	5	3
sub-healthy-simulated-lfp/sub-healthy-simulated-lfp_ses-8400_ecephys.nwb	5758480	7	5	2
sub-parkinson-simulated-lfp/sub-parkinson-simulated-lfp_ses-7341_ecephys.nwb	5092080	7	5	2
sub-healthy-simulated-beta/sub-healthy-simulated-beta_ses-9537_ecephys.nwb	2937168	13	10	3
sub-parkinson-simulated-lfp/sub-parkinson-simulated-lfp_ses-3616_ecephys.nwb	6581120	8	6	2
sub-parkinson-simulated-beta/sub-parkinson-simulated-beta_ses-7832_ecephys.nwb	2259360	10	8	2
sub-parkinson-simulated-lfp/sub-parkinson-simulated-lfp_ses-807_ecephys.nwb	8001840	11	9	2
sub-healthy-simulated-beta/sub-healthy-simulated-beta_ses-1983_ecephys.nwb	2485296	11	9	2
sub-healthy-simulated-beta/sub-healthy-simulated-beta_ses-1392_ecephys.nwb	3367904	16	12	4
sub-parkinson-simulated-beta/sub-parkinson-simulated-beta_ses-8840_ecephys.nwb	2485296	11	9	2
sub-parkinson-simulated-beta/sub-parkinson-simulated-beta_ses-3613_ecephys.nwb	2259360	10	8	2
sub-healthy-simulated-beta/sub-healthy-simulated-beta_ses-9110_ecephys.nwb	2485296	11	9	2
sub-parkinson-simulated-lfp/sub-parkinson-simulated-lfp_ses-5828_ecephys.nwb	5758480	7	5	2
sub-parkinson-simulated-lfp/sub-parkinson-simulated-lfp_ses-7650_ecephys.nwb	7641040	11	9	2
sub-parkinson-simulated-lfp/sub-parkinson-simulated-lfp_ses-7781_ecephys.nwb	5758480	7	5	2
sub-healthy-simulated-lfp/sub-healthy-simulated-lfp_ses-1745_ecephys.nwb	9049040	11	9	2
sub-healthy-simulated-lfp/sub-healthy-simulated-lfp_ses-1913_ecephys.nwb	8226400	10	8	2
sub-parkinson-simulated-beta/sub-parkinson-simulated-beta_ses-5101_ecephys.nwb	2485296	11	9	2
sub-parkinson-simulated-lfp/sub-parkinson-simulated-lfp_ses-6499_ecephys.nwb	5758480	7	5	2
sub-parkinson-simulated-beta/sub-parkinson-simulated-beta_ses-4159_ecephys.nwb	2485296	11	9	2
sub-parkinson-simulated-lfp/sub-parkinson-simulated-lfp_ses-1468_ecephys.nwb	7403760	9	7	2
sub-parkinson-simulated-lfp/sub-parkinson-simulated-lfp_ses-9539_ecephys.nwb	9871680	12	10	2
sub-parkinson-simulated-lfp/sub-parkinson-simulated-lfp_ses-7729_ecephys.nwb	9456720	13	11	2
sub-parkinson-simulated-beta/sub-parkinson-simulated-beta_ses-4526_ecephys.nwb	2259360	10	8	2
sub-parkinson-simulated-beta/sub-parkinson-simulated-beta_ses-3771_ecephys.nwb	2259360	10	8	2
sub-parkinson-simulated-lfp/sub-parkinson-simulated-lfp_ses-1211_ecephys.nwb	5758480	7	5	2
sub-parkinson-simulated-lfp/sub-parkinson-simulated-lfp_ses-4755_ecephys.nwb	5758480	7	5	2
sub-healthy-simulated-beta/sub-healthy-simulated-beta_ses-4224_ecephys.nwb	2485296	11	9	2
sub-parkinson-simulated-lfp/sub-parkinson-simulated-lfp_ses-3362_ecephys.nwb	5758480	7	5	2
sub-parkinson-simulated-lfp/sub-parkinson-simulated-lfp_ses-6423_ecephys.nwb	5758480	7	5	2
sub-parkinson-simulated-lfp/sub-parkinson-simulated-lfp_ses-7645_ecephys.nwb	7403760	9	7	2
sub-parkinson-simulated-beta/sub-parkinson-simulated-beta_ses-6111_ecephys.nwb	2259360	10	9	1
sub-parkinson-simulated-beta/sub-parkinson-simulated-beta_ses-5318_ecephys.nwb	2033424	9	8	1
sub-parkinson-simulated-lfp/sub-parkinson-simulated-lfp_ses-9666_ecephys.nwb	4935840	6	5	1
sub-parkinson-simulated-lfp/sub-parkinson-simulated-lfp_ses-9374_ecephys.nwb	4935840	6	5	1
sub-parkinson-simulated-lfp/sub-parkinson-simulated-lfp_ses-8944_ecephys.nwb	9871680	12	10	2
sub-healthy-simulated-lfp/sub-healthy-simulated-lfp_ses-452_ecephys.nwb	35006472	72	35	12
sub-parkinson-simulated-lfp/sub-parkinson-simulated-lfp_ses-5960_ecephys.nwb	5819520	8	6	2
sub-parkinson-simulated-lfp/sub-parkinson-simulated-lfp_ses-9694_ecephys.nwb	4935840	6	5	1
sub-parkinson-simulated-beta/sub-parkinson-simulated-beta_ses-2840_ecephys.nwb	2485296	11	9	2
sub-healthy-simulated-lfp/sub-healthy-simulated-lfp_ses-5837_ecephys.nwb	8775988	18	9	3
sub-parkinson-simulated-lfp/sub-parkinson-simulated-lfp_ses-6473_ecephys.nwb	5819520	8	6	2
sub-parkinson-simulated-lfp/sub-parkinson-simulated-lfp_ses-1241_ecephys.nwb	7403760	9	7	2
sub-parkinson-simulated-beta/sub-parkinson-simulated-beta_ses-5186_ecephys.nwb	2033424	9	8	1
sub-parkinson-simulated-lfp/sub-parkinson-simulated-lfp_ses-2990_ecephys.nwb	5758480	7	6	1
sub-parkinson-simulated-beta/sub-parkinson-simulated-beta_ses-6423_ecephys.nwb	2259360	10	9	1
sub-parkinson-simulated-lfp/sub-parkinson-simulated-lfp_ses-3555_ecephys.nwb	6581120	8	7	1
sub-parkinson-simulated-lfp/sub-parkinson-simulated-lfp_ses-7863_ecephys.nwb	5758480	7	5	2
sub-parkinson-simulated-beta/sub-parkinson-simulated-beta_ses-2225_ecephys.nwb	2033424	9	8	1
sub-parkinson-simulated-lfp/sub-parkinson-simulated-lfp_ses-9770_ecephys.nwb	5758480	7	6	1
sub-healthy-simulated-lfp/sub-healthy-simulated-lfp_ses-2717_ecephys.nwb	5758480	7	6	1
sub-parkinson-simulated-beta/sub-parkinson-simulated-beta_ses-5828_ecephys.nwb	2259360	10	9	1
sub-healthy-simulated-beta/sub-healthy-simulated-beta_ses-8956_ecephys.nwb	3163104	14	12	2
sub-parkinson-simulated-beta/sub-parkinson-simulated-beta_ses-3285_ecephys.nwb	2485296	11	9	2
sub-healthy-simulated-lfp/sub-healthy-simulated-lfp_ses-1251_ecephys.nwb	9049040	11	10	1
sub-healthy-simulated-beta/sub-healthy-simulated-beta_ses-9401_ecephys.nwb	2259360	10	9	1
sub-parkinson-simulated-lfp/sub-parkinson-simulated-lfp_ses-8995_ecephys.nwb	9049040	11	9	2
sub-healthy-simulated-beta/sub-healthy-simulated-beta_ses-1259_ecephys.nwb	4250512	21	15	6
sub-parkinson-simulated-beta/sub-parkinson-simulated-beta_ses-9821_ecephys.nwb	2485296	11	9	2
sub-parkinson-simulated-lfp/sub-parkinson-simulated-lfp_ses-722_ecephys.nwb	5092080	7	5	2
sub-parkinson-simulated-lfp/sub-parkinson-simulated-lfp_ses-9080_ecephys.nwb	6581120	8	6	2
sub-parkinson-simulated-beta/sub-parkinson-simulated-beta_ses-9896_ecephys.nwb	2485296	11	9	2
sub-parkinson-simulated-lfp/sub-parkinson-simulated-lfp_ses-5906_ecephys.nwb	5758480	7	5	2
sub-healthy-simulated-lfp/sub-healthy-simulated-lfp_ses-7236_ecephys.nwb	10694320	13	11	2
sub-parkinson-simulated-beta/sub-parkinson-simulated-beta_ses-8361_ecephys.nwb	2937168	13	11	2
sub-parkinson-simulated-lfp/sub-parkinson-simulated-lfp_ses-3309_ecephys.nwb	8226400	10	8	2
sub-parkinson-simulated-lfp/sub-parkinson-simulated-lfp_ses-8840_ecephys.nwb	6581120	8	6	2
sub-healthy-simulated-lfp/sub-healthy-simulated-lfp_ses-9537_ecephys.nwb	5758480	7	5	2
sub-parkinson-simulated-lfp/sub-parkinson-simulated-lfp_ses-3681_ecephys.nwb	5819520	8	7	1
sub-healthy-simulated-beta/sub-healthy-simulated-beta_ses-6680_ecephys.nwb	2259360	10	9	1
sub-healthy-simulated-beta/sub-healthy-simulated-beta_ses-715_ecephys.nwb	2485296	11	10	1
sub-healthy-simulated-lfp/sub-healthy-simulated-lfp_ses-1044_ecephys.nwb	12032400	19	13	3
sub-parkinson-simulated-lfp/sub-parkinson-simulated-lfp_ses-5968_ecephys.nwb	8226400	10	8	2
sub-parkinson-simulated-lfp/sub-parkinson-simulated-lfp_ses-655_ecephys.nwb	7403760	9	6	3
sub-parkinson-simulated-lfp/sub-parkinson-simulated-lfp_ses-5604_ecephys.nwb	8226400	10	7	3
sub-parkinson-simulated-beta/sub-parkinson-simulated-beta_ses-6693_ecephys.nwb	2711232	12	9	3
sub-parkinson-simulated-beta/sub-parkinson-simulated-beta_ses-9518_ecephys.nwb	2937168	13	10	3
sub-parkinson-simulated-beta/sub-parkinson-simulated-beta_ses-2697_ecephys.nwb	2711232	12	9	3
sub-parkinson-simulated-lfp/sub-parkinson-simulated-lfp_ses-6297_ecephys.nwb	6581120	8	5	3
sub-healthy-simulated-lfp/sub-healthy-simulated-lfp_ses-2882_ecephys.nwb	11345960	21	10	5
sub-parkinson-simulated-lfp/sub-parkinson-simulated-lfp_ses-8509_ecephys.nwb	5819520	8	5	3
sub-parkinson-simulated-lfp/sub-parkinson-simulated-lfp_ses-2943_ecephys.nwb	6581120	8	5	3
sub-parkinson-simulated-beta/sub-parkinson-simulated-beta_ses-3759_ecephys.nwb	2259360	10	8	2
sub-parkinson-simulated-beta/sub-parkinson-simulated-beta_ses-6243_ecephys.nwb	2485296	11	9	2
sub-parkinson-simulated-lfp/sub-parkinson-simulated-lfp_ses-6808_ecephys.nwb	5758480	7	5	2
sub-healthy-simulated-beta/sub-healthy-simulated-beta_ses-7035_ecephys.nwb	2485296	11	9	2
sub-healthy-simulated-beta/sub-healthy-simulated-beta_ses-1746_ecephys.nwb	2485296	11	9	2
sub-parkinson-simulated-lfp/sub-parkinson-simulated-lfp_ses-2597_ecephys.nwb	4862480	7	5	2
sub-healthy-simulated-beta/sub-healthy-simulated-beta_ses-8492_ecephys.nwb	2711232	12	10	2
sub-parkinson-simulated-lfp/sub-parkinson-simulated-lfp_ses-3613_ecephys.nwb	7403760	9	7	2
sub-healthy-simulated-beta/sub-healthy-simulated-beta_ses-5787_ecephys.nwb	2485296	11	9	2
sub-parkinson-simulated-beta/sub-parkinson-simulated-beta_ses-6482_ecephys.nwb	2711232	12	9	3
sub-parkinson-simulated-lfp/sub-parkinson-simulated-lfp_ses-1169_ecephys.nwb	5758480	7	5	2
sub-parkinson-simulated-lfp/sub-parkinson-simulated-lfp_ses-9162_ecephys.nwb	8226400	10	8	2
sub-healthy-simulated-beta/sub-healthy-simulated-beta_ses-2081_ecephys.nwb	2485296	11	9	2
sub-healthy-simulated-lfp/sub-healthy-simulated-lfp_ses-8684_ecephys.nwb	5758480	7	5	2
sub-parkinson-simulated-beta/sub-parkinson-simulated-beta_ses-4329_ecephys.nwb	3798640	19	13	4
sub-parkinson-simulated-beta/sub-parkinson-simulated-beta_ses-1029_ecephys.nwb	2485296	11	9	2
sub-parkinson-simulated-beta/sub-parkinson-simulated-beta_ses-4008_ecephys.nwb	2485296	11	9	2
sub-parkinson-simulated-beta/sub-parkinson-simulated-beta_ses-655_ecephys.nwb	2485296	11	9	2
sub-parkinson-simulated-lfp/sub-parkinson-simulated-lfp_ses-4696_ecephys.nwb	5819520	8	6	2
sub-healthy-simulated-beta/sub-healthy-simulated-beta_ses-7276_ecephys.nwb	2485296	11	9	2
sub-healthy-simulated-beta/sub-healthy-simulated-beta_ses-9920_ecephys.nwb	2711232	12	10	2
sub-parkinson-simulated-beta/sub-parkinson-simulated-beta_ses-4287_ecephys.nwb	2259360	10	8	2
sub-parkinson-simulated-lfp/sub-parkinson-simulated-lfp_ses-9511_ecephys.nwb	5758480	7	5	2
sub-parkinson-simulated-beta/sub-parkinson-simulated-beta_ses-8137_ecephys.nwb	2937168	13	10	3
sub-healthy-simulated-beta/sub-healthy-simulated-beta_ses-4096_ecephys.nwb	2711232	12	10	2
sub-healthy-simulated-beta/sub-healthy-simulated-beta_ses-3851_ecephys.nwb	2485296	11	9	2
sub-healthy-simulated-lfp/sub-healthy-simulated-lfp_ses-4205_ecephys.nwb	9871680	12	10	2
sub-parkinson-simulated-beta/sub-parkinson-simulated-beta_ses-3408_ecephys.nwb	2259360	10	8	2
sub-parkinson-simulated-beta/sub-parkinson-simulated-beta_ses-2388_ecephys.nwb	2485296	11	8	3
sub-parkinson-simulated-beta/sub-parkinson-simulated-beta_ses-1700_ecephys.nwb	2259360	10	8	2
sub-parkinson-simulated-beta/sub-parkinson-simulated-beta_ses-9770_ecephys.nwb	2485296	11	9	2
sub-parkinson-simulated-lfp/sub-parkinson-simulated-lfp_ses-5114_ecephys.nwb	8226400	10	7	3
sub-parkinson-simulated-beta/sub-parkinson-simulated-beta_ses-1063_ecephys.nwb	2711232	13	9	3
sub-parkinson-simulated-lfp/sub-parkinson-simulated-lfp_ses-6276_ecephys.nwb	5758480	7	5	2
sub-parkinson-simulated-lfp/sub-parkinson-simulated-lfp_ses-9747_ecephys.nwb	9456720	13	11	2
sub-parkinson-simulated-lfp/sub-parkinson-simulated-lfp_ses-6183_ecephys.nwb	5819520	8	6	2
sub-parkinson-simulated-beta/sub-parkinson-simulated-beta_ses-9996_ecephys.nwb	2259360	10	8	2
sub-parkinson-simulated-beta/sub-parkinson-simulated-beta_ses-7977_ecephys.nwb	2937168	13	10	3
sub-parkinson-simulated-lfp/sub-parkinson-simulated-lfp_ses-7643_ecephys.nwb	5819520	8	6	2
sub-parkinson-simulated-lfp/sub-parkinson-simulated-lfp_ses-5623_ecephys.nwb	6546960	9	7	2
sub-parkinson-simulated-beta/sub-parkinson-simulated-beta_ses-3951_ecephys.nwb	2485296	11	8	3
sub-parkinson-simulated-lfp/sub-parkinson-simulated-lfp_ses-6663_ecephys.nwb	6581120	8	5	3
sub-parkinson-simulated-lfp/sub-parkinson-simulated-lfp_ses-6695_ecephys.nwb	5764080	7	5	2
sub-parkinson-simulated-lfp/sub-parkinson-simulated-lfp_ses-558_ecephys.nwb	5819520	8	6	2
sub-healthy-simulated-beta/sub-healthy-simulated-beta_ses-7717_ecephys.nwb	2259360	10	9	1
sub-parkinson-simulated-lfp/sub-parkinson-simulated-lfp_ses-1052_ecephys.nwb	4935840	6	5	1
sub-healthy-simulated-beta/sub-healthy-simulated-beta_ses-6212_ecephys.nwb	2711232	12	10	2
sub-parkinson-simulated-lfp/sub-parkinson-simulated-lfp_ses-5227_ecephys.nwb	4862480	7	5	2
sub-parkinson-simulated-beta/sub-parkinson-simulated-beta_ses-2354_ecephys.nwb	2259360	10	9	1
sub-parkinson-simulated-lfp/sub-parkinson-simulated-lfp_ses-5922_ecephys.nwb	6581120	8	7	1
sub-healthy-simulated-lfp/sub-healthy-simulated-lfp_ses-2959_ecephys.nwb	13982136	26	14	6
sub-healthy-simulated-lfp/sub-healthy-simulated-lfp_ses-1746_ecephys.nwb	7403760	9	7	2
sub-healthy-simulated-beta/sub-healthy-simulated-beta_ses-1656_ecephys.nwb	2485296	11	10	1
sub-healthy-simulated-lfp/sub-healthy-simulated-lfp_ses-7717_ecephys.nwb	5758480	7	5	2
sub-parkinson-simulated-lfp/sub-parkinson-simulated-lfp_ses-5178_ecephys.nwb	7403760	9	8	1
sub-healthy-simulated-lfp/sub-healthy-simulated-lfp_ses-7227_ecephys.nwb	9562084	19	10	3
sub-parkinson-simulated-beta/sub-parkinson-simulated-beta_ses-7403_ecephys.nwb	2485296	11	9	2
sub-healthy-simulated-lfp/sub-healthy-simulated-lfp_ses-8391_ecephys.nwb	6891760	11	6	3
sub-parkinson-simulated-beta/sub-parkinson-simulated-beta_ses-7292_ecephys.nwb	2259360	10	8	2
sub-parkinson-simulated-lfp/sub-parkinson-simulated-lfp_ses-3874_ecephys.nwb	10184160	14	12	2
sub-healthy-simulated-lfp/sub-healthy-simulated-lfp_ses-5205_ecephys.nwb	7403760	9	7	2
sub-parkinson-simulated-lfp/sub-parkinson-simulated-lfp_ses-9077_ecephys.nwb	6946400	10	8	2
sub-parkinson-simulated-lfp/sub-parkinson-simulated-lfp_ses-9366_ecephys.nwb	9049040	11	9	2
sub-parkinson-simulated-beta/sub-parkinson-simulated-beta_ses-9539_ecephys.nwb	2259360	10	8	2
sub-parkinson-simulated-beta/sub-parkinson-simulated-beta_ses-7349_ecephys.nwb	2259360	10	9	1
sub-healthy-simulated-beta/sub-healthy-simulated-beta_ses-9850_ecephys.nwb	2259360	10	9	1
sub-parkinson-simulated-lfp/sub-parkinson-simulated-lfp_ses-164_ecephys.nwb	41985776	99	42	17
sub-parkinson-simulated-beta/sub-parkinson-simulated-beta_ses-2586_ecephys.nwb	2711232	13	10	2
sub-parkinson-simulated-lfp/sub-parkinson-simulated-lfp_ses-6299_ecephys.nwb	5092080	7	5	2
sub-healthy-simulated-beta/sub-healthy-simulated-beta_ses-8400_ecephys.nwb	2937168	13	11	2
sub-healthy-simulated-lfp/sub-healthy-simulated-lfp_ses-1070_ecephys.nwb	7403760	9	6	3
sub-parkinson-simulated-lfp/sub-parkinson-simulated-lfp_ses-575_ecephys.nwb	10694320	13	10	3
sub-healthy-simulated-lfp/sub-healthy-simulated-lfp_ses-7645_ecephys.nwb	7403760	9	6	3
sub-healthy-simulated-beta/sub-healthy-simulated-beta_ses-7124_ecephys.nwb	4024576	20	13	5
sub-parkinson-simulated-lfp/sub-parkinson-simulated-lfp_ses-8535_ecephys.nwb	6546960	9	6	3
sub-parkinson-simulated-lfp/sub-parkinson-simulated-lfp_ses-5241_ecephys.nwb	6581120	8	5	3
sub-healthy-simulated-lfp/sub-healthy-simulated-lfp_ses-2969_ecephys.nwb	6581120	8	6	2
sub-parkinson-simulated-beta/sub-parkinson-simulated-beta_ses-5968_ecephys.nwb	2259360	10	8	2
sub-parkinson-simulated-beta/sub-parkinson-simulated-beta_ses-9060_ecephys.nwb	2711232	12	10	2
sub-parkinson-simulated-beta/sub-parkinson-simulated-beta_ses-361_ecephys.nwb	2485296	11	9	2
sub-parkinson-simulated-lfp/sub-parkinson-simulated-lfp_ses-2501_ecephys.nwb	5557120	8	6	2
sub-parkinson-simulated-lfp/sub-parkinson-simulated-lfp_ses-4214_ecephys.nwb	6581120	8	6	2
sub-parkinson-simulated-beta/sub-parkinson-simulated-beta_ses-4504_ecephys.nwb	2259360	10	8	2
sub-parkinson-simulated-lfp/sub-parkinson-simulated-lfp_ses-7065_ecephys.nwb	5758480	7	5	2
sub-parkinson-simulated-beta/sub-parkinson-simulated-beta_ses-2597_ecephys.nwb	2485296	11	9	2
sub-healthy-simulated-lfp/sub-healthy-simulated-lfp_ses-3981_ecephys.nwb	7403760	9	6	3
sub-parkinson-simulated-lfp/sub-parkinson-simulated-lfp_ses-3293_ecephys.nwb	6581120	8	6	2
sub-parkinson-simulated-beta/sub-parkinson-simulated-beta_ses-3023_ecephys.nwb	2259360	10	8	2
sub-parkinson-simulated-lfp/sub-parkinson-simulated-lfp_ses-1517_ecephys.nwb	5092080	7	5	2
sub-parkinson-simulated-beta/sub-parkinson-simulated-beta_ses-3195_ecephys.nwb	2259360	10	8	2
sub-parkinson-simulated-lfp/sub-parkinson-simulated-lfp_ses-3438_ecephys.nwb	5758480	7	5	2
sub-parkinson-simulated-beta/sub-parkinson-simulated-beta_ses-9718_ecephys.nwb	2259360	10	8	2
sub-parkinson-simulated-beta/sub-parkinson-simulated-beta_ses-1718_ecephys.nwb	2259360	10	8	2
sub-parkinson-simulated-lfp/sub-parkinson-simulated-lfp_ses-6545_ecephys.nwb	6946400	10	8	2
sub-healthy-simulated-lfp/sub-healthy-simulated-lfp_ses-2486_ecephys.nwb	6581120	8	6	2
sub-parkinson-simulated-beta/sub-parkinson-simulated-beta_ses-8274_ecephys.nwb	2485296	11	9	2
sub-parkinson-simulated-beta/sub-parkinson-simulated-beta_ses-2551_ecephys.nwb	2485296	11	9	2
sub-parkinson-simulated-lfp/sub-parkinson-simulated-lfp_ses-9982_ecephys.nwb	4862480	7	5	2
sub-parkinson-simulated-lfp/sub-parkinson-simulated-lfp_ses-4941_ecephys.nwb	5092080	7	5	2
sub-parkinson-simulated-lfp/sub-parkinson-simulated-lfp_ses-6316_ecephys.nwb	5092080	7	5	2
sub-parkinson-simulated-lfp/sub-parkinson-simulated-lfp_ses-5899_ecephys.nwb	6581120	8	6	2
sub-parkinson-simulated-lfp/sub-parkinson-simulated-lfp_ses-8694_ecephys.nwb	8226400	10	8	2
sub-parkinson-simulated-lfp/sub-parkinson-simulated-lfp_ses-5935_ecephys.nwb	8226400	10	8	2
sub-healthy-simulated-lfp/sub-healthy-simulated-lfp_ses-9110_ecephys.nwb	5758480	7	5	2
sub-healthy-simulated-beta/sub-healthy-simulated-beta_ses-4487_ecephys.nwb	2711232	12	9	3
sub-parkinson-simulated-beta/sub-parkinson-simulated-beta_ses-5411_ecephys.nwb	2485296	11	9	2
sub-parkinson-simulated-lfp/sub-parkinson-simulated-lfp_ses-2840_ecephys.nwb	5758480	7	5	2
sub-healthy-simulated-lfp/sub-healthy-simulated-lfp_ses-4186_ecephys.nwb	7403760	9	6	3
sub-parkinson-simulated-lfp/sub-parkinson-simulated-lfp_ses-4439_ecephys.nwb	5758480	7	5	2
sub-healthy-simulated-lfp/sub-healthy-simulated-lfp_ses-5545_ecephys.nwb	5758480	7	5	2
sub-parkinson-simulated-beta/sub-parkinson-simulated-beta_ses-935_ecephys.nwb	2485296	11	8	3
sub-healthy-simulated-lfp/sub-healthy-simulated-lfp_ses-6174_ecephys.nwb	3299760	9	8	1
sub-parkinson-simulated-lfp/sub-parkinson-simulated-lfp_ses-1480_ecephys.nwb	4935840	6	5	1
sub-parkinson-simulated-beta/sub-parkinson-simulated-beta_ses-1581_ecephys.nwb	2259360	10	8	2
sub-parkinson-simulated-lfp/sub-parkinson-simulated-lfp_ses-8487_ecephys.nwb	5758480	7	5	2
sub-healthy-simulated-lfp/sub-healthy-simulated-lfp_ses-9199_ecephys.nwb	5758480	7	5	2
sub-parkinson-simulated-lfp/sub-parkinson-simulated-lfp_ses-3207_ecephys.nwb	5758480	7	5	2
sub-parkinson-simulated-lfp/sub-parkinson-simulated-lfp_ses-6418_ecephys.nwb	5758480	7	6	1
sub-parkinson-simulated-lfp/sub-parkinson-simulated-lfp_ses-8623_ecephys.nwb	4935840	6	5	1
sub-parkinson-simulated-beta/sub-parkinson-simulated-beta_ses-6843_ecephys.nwb	2259360	10	9	1
sub-healthy-simulated-beta/sub-healthy-simulated-beta_ses-2882_ecephys.nwb	2485296	11	10	1
sub-parkinson-simulated-lfp/sub-parkinson-simulated-lfp_ses-9576_ecephys.nwb	5758480	7	5	2
sub-healthy-simulated-beta/sub-healthy-simulated-beta_ses-8515_ecephys.nwb	2485296	11	9	2
sub-parkinson-simulated-beta/sub-parkinson-simulated-beta_ses-4659_ecephys.nwb	2259360	10	9	1
sub-parkinson-simulated-beta/sub-parkinson-simulated-beta_ses-8369_ecephys.nwb	2259360	10	9	1
sub-parkinson-simulated-lfp/sub-parkinson-simulated-lfp_ses-1858_ecephys.nwb	9049040	11	10	1
sub-parkinson-simulated-lfp/sub-parkinson-simulated-lfp_ses-3771_ecephys.nwb	6581120	8	7	1
sub-parkinson-simulated-lfp/sub-parkinson-simulated-lfp_ses-5936_ecephys.nwb	6581120	8	6	2
sub-parkinson-simulated-beta/sub-parkinson-simulated-beta_ses-6297_ecephys.nwb	2259360	10	9	1
sub-healthy-simulated-beta/sub-healthy-simulated-beta_ses-6256_ecephys.nwb	2259360	10	9	1
sub-healthy-simulated-lfp/sub-healthy-simulated-lfp_ses-9248_ecephys.nwb	7403760	9	8	1
sub-parkinson-simulated-beta/sub-parkinson-simulated-beta_ses-9318_ecephys.nwb	2033424	9	8	1
sub-parkinson-simulated-lfp/sub-parkinson-simulated-lfp_ses-4884_ecephys.nwb	5819520	8	7	1
sub-parkinson-simulated-lfp/sub-parkinson-simulated-lfp_ses-9561_ecephys.nwb	4935840	6	5	1
sub-parkinson-simulated-lfp/sub-parkinson-simulated-lfp_ses-7353_ecephys.nwb	4862480	7	6	1
sub-parkinson-simulated-lfp/sub-parkinson-simulated-lfp_ses-1326_ecephys.nwb	6581120	8	6	2
sub-healthy-simulated-beta/sub-healthy-simulated-beta_ses-8391_ecephys.nwb	2485296	11	10	1
sub-parkinson-simulated-lfp/sub-parkinson-simulated-lfp_ses-7403_ecephys.nwb	6581120	8	7	1
sub-healthy-simulated-lfp/sub-healthy-simulated-lfp_ses-6680_ecephys.nwb	4935840	6	5	1
